time_s,vx_mps,vy_mps,dpsi_radps,ax_mps2,ay_mps2,deltawheel_rad,TwheelRL_Nm,TwheelRR_Nm,pBrakeF_bar,pBrakeR_bar,beta_true_rad,yaw_acc_rps2,fyf_true_n,fyr_true_n
0.0,16.666666666666668,-0.0,0.0,0.0010081682241324223,1.2940107239157769e-17,0.0,0.0,0.0,0.0,0.0,-0.0,2.869163304912862e-17,1.1550636707740009e-14,9.80054023687031e-15
0.025,16.663378609551323,0.0001585722687498,0.0001143911887251,-0.07040616931337298,0.0249510196503251,0.0011536834648169,0.0,0.0,0.0,0.0,9.516213516201784e-06,0.0168270375579595,22.271852786232817,18.8973296368036
0.05,16.659569210476345,0.00177418308643,0.001354063710379,-0.09724536086573746,0.1388760885223746,0.0040787118650064,0.0,0.0,0.0,0.0,0.00010649633637070926,0.0928808152675628,123.96398393513603,105.18156212678205
0.075,16.65502972073025,0.0062202419050865,0.0051651151096813,-0.13155675945859968,0.3244121052324772,0.0078721996323954,0.0,0.0,0.0,0.0,0.0003734752810044082,0.2171992063522339,289.5776906542358,245.70228297935154
0.1,16.64959059821235,0.0134153043230374,0.0123099388693489,-0.16995751583214963,0.5321368508040906,0.0118805777446077,0.0,0.0,0.0,0.0,0.0008057437955548162,0.3532389402389526,474.99756600463496,403.0282378221145
0.125,16.64317448933919,0.0219579972326755,0.022596526536348,-0.20895799116654828,0.7191765069961549,0.0155567171481568,0.0,0.0,0.0,0.0,0.0013193394833864612,0.463534265756607,641.9534558350924,544.6877807085632
0.15,16.635783513387043,0.0300029478967189,0.035114174285669,-0.24623328469016334,0.875565965473652,0.0188567461651987,0.0,0.0,0.0,0.0,0.0018035187746086691,0.5311256051063538,781.5502757383664,663.1335672931592
0.175,16.62750032212999,0.0362660570277108,0.0488291917446573,-0.2787398875843395,1.0173514097929002,0.0219351325602214,0.0,0.0,0.0,0.0,0.0021810889385125033,0.5603101849555969,908.1112174298921,770.5186087283932
0.1999999999999999,16.61845525105794,0.0402919989493158,0.0629277834632118,-0.304953788988518,1.1626916959881783,0.0249629417810732,0.0,0.0,0.0,0.0,0.0024245333480529597,0.5643602609634399,1037.845292566497,880.5960058139973
0.2249999999999999,16.60879347059462,0.0422661503156026,0.0769268645031599,-0.3235517652107008,1.3215360879898073,0.0281299271763142,0.0,0.0,0.0,0.0,0.002544805580876996,0.5545116066932678,1179.6334424761476,1000.9011027070342
0.2499999999999999,16.59868558247884,0.0426453351974487,0.09059345820339,-0.3332386409875118,1.490761485695839,0.0314471304614952,0.0,0.0,0.0,0.0,0.002569199530019658,0.5384188890457153,1330.6879163301385,1129.0685350679962
0.2749999999999999,16.588289472791885,0.0417396798729896,0.103813056959407,-0.33559976288766574,1.6623417854309084,0.0348052070276251,0.0,0.0,0.0,0.0,0.0025162136181341075,0.5176337361335754,1483.84442978218,1259.019516178819
0.3,16.57777468363444,0.0397257548239496,0.1164119810562459,-0.32982780225349195,1.826151755452156,0.038120483682205,0.0,0.0,0.0,0.0,0.002396326140393669,0.4905024170875549,1630.064968596228,1383.0854278998295
0.325,16.56728744506836,0.036578079064687,0.1282808328297532,-0.31788648663145125,1.9761671632528304,0.0413248323953019,0.0,0.0,0.0,0.0,0.0022078496063986214,0.457397997379303,1763.9721645756824,1496.703654791488
0.35,16.556963390774197,0.0323161068889829,0.1392569680387307,-0.30071056481563685,2.110394388437271,0.044412197596328,0.0,0.0,0.0,0.0,0.0019518136343159367,0.4209095239639282,1883.7864664001545,1598.3642745213428
0.375,16.546912723117405,0.0269095392690764,0.1492909351106871,-0.2790911217891809,2.2320144325494766,0.047400185276802,0.0,0.0,0.0,0.0,0.001626257400359739,0.380351722240448,1992.34730905441,1690.4765046522264
0.4000000000000001,16.537207497490776,0.020436274094714,0.1583257590430513,-0.2549759558475379,2.336472138762474,0.0503036633657473,0.0,0.0,0.0,0.0,0.0012357753930229659,0.3420739471912384,2085.5886550101104,1769.590373947972
0.4250000000000001,16.52789857652452,0.012947568255994,0.1663752965958703,-0.22920107754794034,2.4306249946355822,0.0531357208838026,0.0,0.0,0.0,0.0,0.0007833765554675014,0.3016810417175293,2169.6316550476636,1840.8995861010474
0.4500000000000001,16.519009272257488,0.004515321407881,0.1734666620779924,-0.20301076715642755,2.5088173508644105,0.0558927584023071,0.0,0.0,0.0,0.0,0.0002733409330706148,0.2649280130863189,2239.427946796183,1900.1206821300943
0.4750000000000001,16.510535346137154,-0.0047664877234233,0.1796218931474381,-0.17746350837476327,2.5769027292728426,0.0585666699246929,0.0,0.0,0.0,0.0,-0.0002886937112271456,0.2282504141330719,2300.2025181787917,1951.6869851213985
0.5000000000000001,16.50246090359158,-0.0148472200251287,0.1849123458766645,-0.15313561641808712,2.632612532377243,0.0611475518206563,0.0,0.0,0.0,0.0,-0.000899697330711286,0.1946069598197937,2349.9303670154245,1993.8803114070265
0.5250000000000001,16.494755215115017,-0.0256099779572751,0.1893714595821092,-0.13056629412101978,2.678762245178223,0.063628898070878,0.0,0.0,0.0,0.0,-0.0015526133988219067,0.1631376147270202,2391.1246598353155,2028.8330447087521
0.5500000000000002,16.48737695482042,-0.0369959448774655,0.193088949502994,-0.11017596909494111,2.71622805595398,0.0660060044509637,0.0,0.0,0.0,0.0,-0.0022438951313385833,0.134255975484848,2424.5675024048232,2057.208789919244
0.5750000000000002,16.4802794986301,-0.0488817112313376,0.1961103390492025,-0.09214982524062648,2.7459308385849,0.0682771378256103,0.0,0.0,0.0,0.0,-0.002966072950122043,0.1082938089966774,2451.0808878843904,2079.7049957806944
0.6000000000000002,16.473410924275715,-0.0611967138118214,0.1985242781955208,-0.07672010616822676,2.7695788681507114,0.0704381494891821,0.0,0.0,0.0,0.0,-0.0037148781204528855,0.0849175378680229,2472.189661816496,2097.615470632178
0.6250000000000002,16.466714011298286,-0.0738196157746844,0.2003787371310838,-0.0642821469451442,2.788273221254349,0.07248913931022,0.0,0.0,0.0,0.0,-0.0044829597285794024,0.063974529504776,2488.8766704475297,2111.7741446221457
0.6500000000000002,16.460117763943142,-0.0866724136802885,0.2017499821316088,-0.05581552649989273,2.8020749390125275,0.0744255986402222,0.0,0.0,0.0,0.0,-0.0052656010681861294,0.045817494392395,2501.1964004792153,2122.227248891455
0.6750000000000003,16.453514099121094,-0.0996492720312542,0.2026820385788661,-0.05301624182498816,2.81327320933342,0.0762434016600939,0.0,0.0,0.0,0.0,-0.006056412717121458,0.0292508564889431,2511.1922335771264,2130.708561823016
0.7000000000000003,16.446848975287544,-0.1126545833216773,0.2032350939134915,-0.0484000248078144,2.821528071165085,0.0779395148629057,0.0,0.0,0.0,0.0,-0.006849614992570802,0.0155728561803698,2518.5607127039166,2136.9606047184743
0.7250000000000003,16.44025378757053,-0.1255990399254692,0.2034720819609949,-0.034914774750218244,2.8288179576396946,0.0795101141157799,0.0,0.0,0.0,0.0,-0.007639726341720281,0.0037066400982439,2525.067832680023,2142.4817974254734
0.7500000000000003,16.433993445502388,-0.1383846915430492,0.2034379768542851,-0.007957287412701231,2.8349349200725555,0.0809529606989252,0.0,0.0,0.0,0.0,-0.00842063689522293,-0.0063310898840427,2530.527973736896,2147.1146443828206
0.7750000000000004,16.4283996158176,-0.1509408983919355,0.203171494297709,0.03366823629899458,2.8395261466503143,0.0822667105482289,0.0,0.0,0.0,0.0,-0.009187802946222864,-0.0148474927991628,2534.626207952617,2150.591934020402
0.8000000000000004,16.423800786336262,-0.1632051335440741,0.2026959036612913,0.08896998145363548,2.843617653846741,0.083449561868766,0.0,0.0,0.0,0.0,-0.009937111127154695,-0.0231387391686439,2538.2783811795907,2153.6907476675315
0.8250000000000004,16.420487297905815,-0.1751239597797393,0.2020188781779227,0.15533583669951467,2.8460449874401093,0.0844999126026933,0.0,0.0,0.0,0.0,-0.010664967281578404,-0.031064985319972,2540.4450748543272,2155.529154421853
0.8500000000000004,16.41868167453342,-0.1866605712307824,0.2011420323890141,0.22916440559156012,2.846625024080277,0.085415906859626,0.0,0.0,0.0,0.0,-0.011368791656415791,-0.0389196425676345,2540.962828871657,2155.9684608608
0.8750000000000004,16.418515311347115,-0.197797202401691,0.2000722239343725,0.30647720336914064,2.845124113559723,0.0861974239650774,0.0,0.0,0.0,0.0,-0.012047203943281643,-0.0466554462909698,2539.623081693884,2154.8317056796586
0.9000000000000005,16.420035892062717,-0.2085088193416595,0.1988103516308657,0.3834894816080729,2.8416766047477724,0.0868410767110359,0.0,0.0,0.0,0.0,-0.012698438706973264,-0.0541344694793224,2536.545756205184,2152.2206416286404
0.9250000000000004,16.423208448621963,-0.2187749909030066,0.19736698489907,0.4569326227361506,2.8367454171180726,0.0873473311506924,0.0,0.0,0.0,0.0,-0.0133210871424678,-0.0612532459199428,2532.144064952116,2148.4858732927037
0.9500000000000004,16.42793231540256,-0.2285593913661109,0.1957516112503688,0.5242157167376894,2.8308034002780915,0.0877130705533335,0.0,0.0,0.0,0.0,-0.013912852024099061,-0.0677453577518463,2526.8400843465915,2143.9855261122593
0.9750000000000004,16.43405384487576,-0.2378275493780771,0.1939857190658077,0.5834360203598485,2.8243607878685,0.0879382907577702,0.0,0.0,0.0,0.0,-0.014471630166420151,-0.0733989626169204,2521.089260646555,2139.1060393364705
1.0000000000000004,16.441384421454536,-0.2465288175476921,0.1920878672492332,0.6333358209783381,2.8182137429714205,0.0880222635558917,0.0,0.0,0.0,0.0,-0.014994407479822322,-0.0782286450266838,2515.6022672917024,2134.450408611141
1.0250000000000004,16.44971211751302,-0.2546082602606879,0.1900804263538019,0.6731957637902463,2.8128914833068848,0.0879633244720169,0.0,0.0,0.0,0.0,-0.01547797666255945,-0.0822376608848571,2510.851496164916,2130.4194512914437
1.0500000000000005,16.458812289767796,-0.2620013886027866,0.1879815724539536,0.7027627470999053,2.8089308202266694,0.0877623223887432,0.0,0.0,0.0,0.0,-0.01591860846275457,-0.0855447575449943,2507.3161173990516,2127.419735974953
1.0750000000000002,16.46845711602105,-0.2686407665411631,0.1858086160967739,0.7218413751775569,2.8065902292728424,0.0874195111386119,0.0,0.0,0.0,0.0,-0.016312442911231836,-0.0881744846701622,2505.226852195185,2125.647026105005
1.1,16.478417714436848,-0.2744592726230621,0.1835782353285893,0.7304618511777936,2.8060110688209536,0.0869347866918931,0.0,0.0,0.0,0.0,-0.01665568122979469,-0.0901410058140754,2504.7098802836217,2125.2083832709513
1.125,16.4884705013699,-0.2793951829274495,0.1813079404335673,0.7292854262843277,2.807050520181656,0.0863097802347543,0.0,0.0,0.0,0.0,-0.016944881752630526,-0.0913503915071487,2505.6377184244457,2125.9956398752865
1.15,16.49841202629937,-0.2833970718913608,0.1790167064344744,0.7194169108072916,2.8096043169498444,0.0855452282976846,0.0,0.0,0.0,0.0,-0.017177233265820397,-0.0918335616588592,2507.9172960314595,2127.9298269357837
1.1749999999999998,16.50806956821018,-0.2864237626393636,0.1767226428267233,0.7022182765151516,2.8134069740772247,0.084641522032469,0.0,0.0,0.0,0.0,-0.017350530384905444,-0.0915744826197624,2511.3116350574574,2130.8098721699635
1.1999999999999995,16.51730113559299,-0.2884488304456075,0.1744445748302695,0.6791736949573863,2.8181179463863373,0.0836017115907936,0.0,0.0,0.0,0.0,-0.017463435949837566,-0.0905561298131942,2515.516757061247,2134.3778544762094
1.2249999999999996,16.525999704996746,-0.2894631359312269,0.1722028256931817,0.6518052627101089,2.8232693493366243,0.0824268289475807,0.0,0.0,0.0,0.0,-0.01751562030124603,-0.0886643156409263,2520.1150175635935,2138.2794088418364
1.2499999999999996,16.534093221028645,-0.2894739641083611,0.1700182346509897,0.6216005452473958,2.828673678636551,0.0811193541715955,0.0,0.0,0.0,0.0,-0.01750770122308237,-0.0860043615102768,2524.939045930495,2142.372523819814
1.2749999999999997,16.541541417439777,-0.2885022759437561,0.1679095270551082,0.5899441343365294,2.833978706598282,0.0796806188433831,0.0,0.0,0.0,0.0,-0.01744107569319916,-0.0825525745749473,2529.6744356438767,2146.3904302432893
1.2999999999999994,16.54833369784885,-0.2865863177511427,0.1658975587858237,0.5580961377692945,2.8389954686164858,0.0781144720629563,0.0,0.0,0.0,0.0,-0.017318137462287008,-0.0783415213227272,2534.1525125601256,2150.1900106570756
1.3249999999999993,16.5544859568278,-0.2837711572647095,0.1639978261117293,0.5271340110085228,2.843782961368561,0.0764219915783189,0.0,0.0,0.0,0.0,-0.017141647164687086,-0.0735913291573524,2538.4259384675106,2153.8159477906147
1.3499999999999992,16.560036341349285,-0.2801080544789632,0.1622227793109211,0.4979306492660985,2.8483070135116577,0.0746068766866726,0.0,0.0,0.0,0.0,-0.01691470046956071,-0.0683893412351608,2542.464211241144,2157.2423610530914
1.3749999999999991,16.565039952596027,-0.2756538821591271,0.1605824385270004,0.4711155839399858,2.852553898096085,0.0726708459591582,0.0,0.0,0.0,0.0,-0.016640701317229688,-0.062832199037075,2546.255077890686,2160.4588539678543
1.399999999999999,16.569561428493923,-0.2704697681797875,0.1590845435718853,0.4471069150982481,2.856442713737488,0.0706175404363287,0.0,0.0,0.0,0.0,-0.01632329071273262,-0.0569607354700565,2549.726323983709,2163.404153683147
1.424999999999999,16.573673884073894,-0.2646347549226548,0.1577443410428166,0.4260895237778172,2.8591638624668123,0.0684496482464094,0.0,0.0,0.0,0.0,-0.01596717521858263,-0.050251942127943,2552.155283792097,2165.465089278143
1.4499999999999988,16.57745149400499,-0.2582337624496884,0.1565726500317226,0.4080798894708807,2.861534535884857,0.0661706023704928,0.0,0.0,0.0,0.0,-0.015577410227565746,-0.0435048565268516,2554.2714012939423,2167.260582916072
1.4749999999999988,16.580967373318142,-0.2513415780332353,0.1555688546826013,0.39299142548532195,2.863717997074128,0.0637840480103212,0.0,0.0,0.0,0.0,-0.0151584387312462,-0.0367576703429222,2556.2204088637095,2168.9142863086013
1.499999999999999,16.584288279215496,-0.2440293629964192,0.1547325222317755,0.380447998046875,2.8656859159469605,0.0612918660234142,0.0,0.0,0.0,0.0,-0.014714491142936329,-0.0301541201770305,2557.977018414951,2170.4047428975337
1.5249999999999986,16.587473551432293,-0.2363724675443437,0.15405736096117,0.37011138916015623,2.86717923283577,0.0586991101740593,0.0,0.0,0.0,0.0,-0.014250058443887222,-0.0238717980682849,2559.3099873427486,2171.5357468362713
1.5499999999999985,16.59057405259874,-0.2284676995542314,0.1535461838346861,0.36166497432824335,2.8667431831359864,0.0560090303510243,0.0,0.0,0.0,0.0,-0.013770933955021547,-0.0171336568892002,2558.920759373024,2171.2054928013536
1.5749999999999984,16.593633227878147,-0.2204152776135338,0.1531947464393365,0.35462678851503315,2.865507757663727,0.0532250532936179,0.0,0.0,0.0,0.0,-0.013283123387542695,-0.0111670326441526,2557.817990242458,2170.269809902691
1.5999999999999983,16.59668074713813,-0.212303168243832,0.1529788805882288,0.34850271051580256,2.862947535514832,0.0503512340807188,0.0,0.0,0.0,0.0,-0.01279190528988399,-0.0063689057715237,2555.5326771931577,2168.3307564063152
1.6249999999999982,16.599740982055664,-0.2042231294843885,0.152862267421997,0.34292151711203833,2.858290886878968,0.0473921978741264,0.0,0.0,0.0,0.0,-0.012302790128180549,-0.0033030696213245,2551.376045746882,2164.803917603415
1.649999999999998,16.602825588650173,-0.1962713731659783,0.1527924426671665,0.3375123272520123,2.85043118596077,0.044351739678394,0.0,0.0,0.0,0.0,-0.011821564475154821,-0.0027457808610051,2544.36029632072,2158.85116051455
1.674999999999998,16.605941984388565,-0.1885667443275451,0.1527078207235292,0.33192294958866003,2.8365646302700043,0.0412351608485665,0.0,0.0,0.0,0.0,-0.011355377762057632,-0.0046252217143774,2531.9826904623237,2148.3489494831833
1.699999999999998,16.609090169270832,-0.1812451912297142,0.1525224647116597,0.3258981045809659,2.816222751140595,0.0380458454717636,0.0,0.0,0.0,0.0,-0.01091240937237149,-0.0111869135871529,2513.8250622886135,2132.9424770933683
1.724999999999998,16.61226378546821,-0.1744296153386434,0.1520940120265363,0.31922913522431345,2.7868719041347507,0.0347867386296438,0.0,0.0,0.0,0.0,-0.010500050901625337,-0.024319689720869,2487.6258226252,2110.712819197139
1.7499999999999978,16.615453296237522,-0.1682423386308882,0.1512359748128264,0.311795742150509,2.7455698490142826,0.0314632207398469,0.0,0.0,0.0,0.0,-0.010125654451388681,-0.0459186360239982,2450.758660308651,2079.4315905649155
1.7749999999999977,16.618647045559353,-0.1628000537554423,0.1497086019933955,0.3033932402639678,2.688641268014908,0.0280748371924524,0.0,0.0,0.0,0.0,-0.009796227894432831,-0.0782903507351875,2399.942902351012,2036.3151898735857
1.7999999999999976,16.621830198499893,-0.1581989725430806,0.1472169484775174,0.29399588844992897,2.612369954586029,0.0246239068101439,0.0,0.0,0.0,0.0,-0.00951754233161147,-0.123419851064682,2331.861377495234,1978.5490475717136
1.8249999999999973,16.624984741210938,-0.1545050409105089,0.1434493079043551,0.2836244895241477,2.5138533890247348,0.0211220705197175,0.0,0.0,0.0,0.0,-0.009293544825187912,-0.1804016977548599,2243.923230039292,1903.93486185152
1.8499999999999972,16.628088421291775,-0.1516863372590806,0.1380813571874073,0.27261479233250474,2.393295285105705,0.0176017668716071,0.0,0.0,0.0,0.0,-0.009122295564946042,-0.2505622208118438,2136.310299573863,1812.62692085055
1.8749999999999971,16.6311158074273,-0.1495402720239427,0.1308227535112066,0.26053392814867427,2.2527987867593766,0.0141266480166087,0.0,0.0,0.0,0.0,-0.008991595858959712,-0.3306620121002197,2010.8999006401323,1706.218097512839
1.8999999999999968,16.634042527940537,-0.1476591659916771,0.1214989433110551,0.2478504943847656,2.098268818855286,0.0107575492405024,0.0,0.0,0.0,0.0,-0.008876926083581368,-0.4143260419368744,1872.9629046995135,1589.1806464117083
1.9249999999999967,16.636838912963867,-0.1455079019069671,0.1101209953502335,0.23532751834753787,1.9315694719553,0.0074910334010062,0.0,0.0,0.0,0.0,-0.008746126753297076,-0.4939959049224853,1724.163241769936,1462.926386956309
1.949999999999997,16.639490127563477,-0.1424897544913821,0.096807312106331,0.2220409462668679,1.7571487158536911,0.0043210834835508,0.0,0.0,0.0,0.0,-0.008563348600168129,-0.569445788860321,1568.4712717743196,1330.8241093842707
1.974999999999997,16.641968621148003,-0.1380266580316755,0.0817409026805064,0.20904920173413827,1.571781885623932,0.0012388094324964,0.0,0.0,0.0,0.0,-0.008293890054345871,-0.6340376138687134,1403.008584790543,1190.431526488945
1.999999999999997,16.644268035888672,-0.1317275481091605,0.0651911250110753,0.19638970577355588,1.377222087979317,-0.001773480763259,0.0,0.0,0.0,0.0,-0.00791428904083539,-0.6883028149604797,1229.340044106128,1043.076401059745
2.024999999999997,16.64637777540419,-0.1233795781930287,0.0474765680658168,0.18413651437470407,1.1667282953858376,-0.0047130375979495,0.0,0.0,0.0,0.0,-0.007411797320575522,-0.7273076176643372,1041.4484538321124,883.6532335545195
2.0499999999999967,16.648281945122612,-0.1129904720518324,0.0289579715785444,0.17205331513375946,0.9349018007516862,-0.007605168969179,0.0,0.0,0.0,0.0,-0.006786914855495633,-0.7515320181846619,834.5148041135952,708.0731671266868
2.0749999999999966,16.649963590833877,-0.1008472508854336,0.0100315192524075,0.16057410500266336,0.6810913041234017,-0.0104798684036318,0.0,0.0,0.0,0.0,-0.006056905189927979,-0.7592502236366272,607.9577296642495,515.8429221393632
2.0999999999999965,16.651416354709202,-0.0874499976634979,-0.0088872546393521,0.15011264916622274,0.4037165269255638,-0.0133493285107662,0.0,0.0,0.0,0.0,-0.00525180536001468,-0.7507651448249817,360.36663755896643,305.76563186821386
2.1249999999999964,16.652625401814777,-0.0734492060210969,-0.0273903995908156,0.1409384062795928,0.106458911113441,-0.0162714123169365,0.0,0.0,0.0,0.0,-0.004410668242924177,-0.7264977097511292,95.02766737912889,80.62953595804875
2.1499999999999964,16.653575897216797,-0.0595575736628638,-0.0451386372014851,0.13235177704782197,-0.2060583997517824,-0.0192516529034114,0.0,0.0,0.0,0.0,-0.0035762633821374823,-0.6906280517578125,-183.9324568276156,-156.06390276282534
2.1749999999999963,16.654255125257706,-0.046404211057557,-0.0619000862433071,0.1252642382997455,-0.5249236308038235,-0.0223069275334506,0.0,0.0,0.0,0.0,-0.002786327620692009,-0.6487086415290833,-468.55888028308516,-397.5651105432237
2.199999999999996,16.654652489556206,-0.034426332761844,-0.0775601974998944,0.11902928207859846,-0.8387973085045816,-0.0254354052838047,0.0,0.0,0.0,0.0,-0.0020670700144258224,-0.6042522192001343,-748.7297286569585,-635.2858303756011
2.224999999999996,16.654770109388565,-0.0238266131944126,-0.0920852694998899,0.11428540547688802,-1.137128172814846,-0.0286328703496622,0.0,0.0,0.0,0.0,-0.0014306179573731342,-0.5590170621871948,-1015.0267050781699,-861.2347800663258
2.249999999999996,16.65461540222168,-0.0145920345352755,-0.1054808865592044,0.11094712112889145,-1.4118153154850006,-0.0318751410202657,0.0,0.0,0.0,0.0,-0.0008761555990857023,-0.5137120485305786,-1260.2187529206276,-1069.2765176296234
2.274999999999996,16.654203202989365,-0.0065302181368072,-0.1177643425801666,0.10908634416984789,-1.6578727871179582,-0.0351098570518706,0.0,0.0,0.0,0.0,-0.0003921063083723544,-0.4687926769256592,-1479.855299320866,-1255.634799423765
2.299999999999996,16.65355576409234,0.0006413475299874,-0.1289380344077575,0.10818320187655363,-1.872186687588692,-0.0382929358463552,0.0,0.0,0.0,0.0,3.851114675283012e-05,-0.4251803755760193,-1671.156805560726,-1417.9512289606157
2.324999999999996,16.65270275539822,0.0072275303925077,-0.1390079125425379,0.10920183933142459,-2.0578096568584443,-0.0414065872795782,0.0,0.0,0.0,0.0,0.0004340154567500936,-0.3811260759830475,-1836.8481281302015,-1558.5378056862314
2.349999999999996,16.651682323879665,0.0135016037772099,-0.1480098880473317,0.11129299626205907,-2.216080802679062,-0.0444472244064463,0.0,0.0,0.0,0.0,0.0008108252076036585,-0.3389067649841308,-1978.1245853422122,-1678.4087390782404
2.374999999999996,16.650526258680557,0.0196748475233713,-0.1559856726827123,0.11500048781886245,-2.3486022353172302,-0.0474148409851758,0.0,0.0,0.0,0.0,0.001181635175831998,-0.2995404601097107,-2096.4162575905443,-1778.7774306828858
2.3999999999999955,16.649276945326065,0.0259110145270824,-0.1629800158773715,0.12013315374200995,-2.459839302301407,-0.0503075457552739,0.0,0.0,0.0,0.0,0.001556284673032385,-0.2613414525985718,-2195.709016562486,-1863.0258322348361
2.4249999999999954,16.64796935187446,0.0323655373520321,-0.1690721133842254,0.1264491248853279,-2.5509777784347536,-0.0531249371619824,0.0,0.0,0.0,0.0,0.001944113222937183,-0.2257559448480606,-2277.0613120618414,-1932.0520223555015
2.4499999999999957,16.646643744574654,0.0391286901301807,-0.1743103681560864,0.13409551215894294,-2.622010070085526,-0.0558631244933962,0.0,0.0,0.0,0.0,0.0023505452949296895,-0.1940228790044784,-2340.466365838637,-1985.8502498024798
2.474999999999995,16.645335091484917,0.0463072831432024,-0.1787743920647908,0.14287512345747513,-2.679290294647217,-0.0585204640797801,0.0,0.0,0.0,0.0,0.0027819976521164386,-0.1634175479412078,-2391.596008910508,-2029.2329772574
2.499999999999995,16.64407624138726,0.0539603870775964,-0.1825286502534755,0.15257811806418678,-2.7204176962375644,-0.0610902460035438,0.0,0.0,0.0,0.0,0.0032420175379525226,-0.1372294276952743,-2428.307271477629,-2060.3819273143517
2.524999999999995,16.642896864149307,0.0621310704284244,-0.1856375745757636,0.1631200801964962,-2.752100956439972,-0.0635682466576461,0.0,0.0,0.0,0.0,0.0037331884548453694,-0.1118461787700653,-2456.58847669109,-2084.3781014348638
2.549999999999995,16.641821331448025,0.0708252357112036,-0.1881645981998693,0.17423158356637666,-2.7720438778400425,-0.065949185492988,0.0,0.0,0.0,0.0,0.004255858436442005,-0.0906824097037315,-2474.3899860391857,-2099.4824123968847
2.574999999999995,16.64086765713162,0.0800279941823747,-0.1901734372548729,0.18568969032981178,-2.7870877385139465,-0.0682284706372837,0.0,0.0,0.0,0.0,0.0048091238889264205,-0.0701227039098739,-2487.818481345646,-2110.876287202366
2.5999999999999948,16.64004749721951,0.0896508081091774,-0.1917012095484673,0.19732258652195786,-2.7958761990070347,-0.0703984475829939,0.0,0.0,0.0,0.0,0.0053876533780422035,-0.0528957396745681,-2495.6632628841485,-2117.532465477459
2.6249999999999947,16.639366149902344,0.0996439324484931,-0.1928264783328099,0.20887902693314986,-2.8021853387355806,-0.0724576058184378,0.0,0.0,0.0,0.0,0.005988445205833631,-0.0372275747358799,-2501.2949458057765,-2122.3108631079313
2.6499999999999946,16.63882785373264,0.1098649452129999,-0.1935699163958623,0.22027645226680873,-2.8084021866321565,-0.0743994996615395,0.0,0.0,0.0,0.0,0.00660292576969919,-0.0224040392786264,-2506.8442469200154,-2127.0193610230426
2.6749999999999945,16.63842837015788,0.1201968557304806,-0.1939823235354179,0.23122257117069128,-2.8118911683559418,-0.0762204568628272,0.0,0.0,0.0,0.0,0.007224051037540397,-0.0108577441424131,-2509.958592081656,-2129.6618357056477
2.6999999999999944,16.63816240098741,0.1305503149827321,-0.194119293239232,0.2416684746019768,-2.8157224476337435,-0.0779189003315928,0.0,0.0,0.0,0.0,0.007846438316708847,-0.000215305655729,-2513.378479896022,-2132.5635586996545
2.7249999999999943,16.63802040947808,0.1408053437868754,-0.1939980528306061,0.2514770322857481,-2.8197727739810947,-0.0794924831571258,0.0,0.0,0.0,0.0,0.008462866394049117,0.0098065724596381,-2516.9938941519777,-2135.631182916829
2.7499999999999942,16.63799391852485,0.1508607301447126,-0.193638209833066,0.26061902132901277,-2.823161870241165,-0.0809374394631971,0.0,0.0,0.0,0.0,0.00906724277478809,0.0185227803885936,-2520.0190792562535,-2138.198006641669
2.774999999999994,16.63807445102268,0.1606587900055779,-0.1930835399570298,0.2690236085833925,-2.8253724932670594,-0.0822529411731554,0.0,0.0,0.0,0.0,0.009656092745498132,0.0257144756615161,-2521.992332104777,-2139.872281785871
2.799999999999994,16.63825141059028,0.1701348192161983,-0.1923555815178134,0.27667493877988875,-2.8275244116783145,-0.0834366496986683,0.0,0.0,0.0,0.0,0.010225522803911183,0.0323895439505577,-2523.9131838669546,-2141.502095402264
2.824999999999994,16.638516320122612,0.1792227394051022,-0.1914674505837856,0.2835692850748698,-2.8295267939567568,-0.08448598510243,0.0,0.0,0.0,0.0,0.010771557749313881,0.0385246723890304,-2525.7005562450067,-2143.0186537836416
2.849999999999994,16.638858583238388,0.1878637737698025,-0.1904329789478579,0.28973429824366714,-2.831280338764191,-0.0854005437490876,0.0,0.0,0.0,0.0,0.011290664730996167,0.0440642312169075,-2527.265810585413,-2144.3467483755016
2.874999999999994,16.639269722832573,0.1960134340657128,-0.1892720737391788,0.2951907256155303,-2.8324150025844577,-0.0861772838093337,0.0,0.0,0.0,0.0,0.011780170484089287,0.0486780032515525,-2528.278637552848,-2145.2061167115066
2.8999999999999937,16.63974444071452,0.2036396827962663,-0.1880077879459341,0.2999705875281132,-2.832913261651993,-0.0868166505304128,0.0,0.0,0.0,0.0,0.012238149661601527,0.0523545742034912,-2528.7233950319837,-2145.5834866938044
2.9249999999999936,16.64027425977919,0.2107119394673241,-0.1866580812607251,0.3041184951319839,-2.8333975017070774,-0.0873167713771837,0.0,0.0,0.0,0.0,0.012662768424233903,0.055516343563795,-2529.1556388188587,-2145.9502389978193
2.949999999999993,16.640854941474068,0.2171977857748667,-0.1852356036987297,0.3076736357717803,-2.833877068758011,-0.0876766310194807,0.0,0.0,0.0,0.0,0.013052080950092523,0.0581811890006065,-2529.583711374979,-2146.313452075739
2.974999999999993,16.64148012797038,0.2230697704686058,-0.1837526890247464,0.31067819768732247,-2.834361892938614,-0.0878963043587094,0.0,0.0,0.0,0.0,0.013404442919333747,0.0603563450276851,-2530.0164765656973,-2146.6806467830156
2.9999999999999933,16.642146640353733,0.2283051775561438,-0.1822216377140598,0.3131721219149503,-2.8348712503910067,-0.0879747386140014,0.0,0.0,0.0,0.0,0.013718493322402976,0.0620375797152519,-2530.471140717874,-2147.066422427287
3.024999999999993,16.642851299709744,0.2328860097461276,-0.1806546004391436,0.3151906655051491,-2.835405725240708,-0.0879126287039537,0.0,0.0,0.0,0.0,0.01399315571305917,0.0632402896881103,-2530.9482252353537,-2147.4712214118144
3.049999999999993,16.643593046400284,0.2367992864714728,-0.1790634116220917,0.3167660661177202,-2.8359664857387545,-0.0877092422592665,0.0,0.0,0.0,0.0,0.01422765419770272,0.0639742389321327,-2531.4487729258226,-2147.895928543122
3.074999999999993,16.64436870151096,0.240036795536677,-0.1774596893031596,0.3179259883996212,-2.836557620763779,-0.0873655072251322,0.0,0.0,0.0,0.0,0.014421501941067113,0.0642468035221099,-2531.9764336161934,-2148.3436406440424
3.099999999999993,16.645177205403645,0.2425949606630537,-0.1758548850750346,0.31868530735825046,-2.8371861398220064,-0.0868813278941989,0.0,0.0,0.0,0.0,0.014574489515455464,0.064065970480442,-2532.537464152594,-2148.819666553716
3.124999999999993,16.646016438802082,0.2444746759202745,-0.174260200859052,0.31902336351799243,-2.837864309549332,-0.0862577320802001,0.0,0.0,0.0,0.0,0.014686677549494714,0.0634404644370079,-2533.142814015757,-2149.3332967406413
3.149999999999993,16.646886401706272,0.2456810904873742,-0.1726866721289787,0.3189269510904948,-2.838605856895447,-0.085495281543678,0.0,0.0,0.0,0.0,0.014758380910330016,0.0623798631131649,-2533.804736196018,-2149.894927681469
3.1749999999999927,16.647781795925564,0.2462234927548302,-0.1711451013319863,0.31839816006747157,-2.839430350065232,-0.0845962399715593,0.0,0.0,0.0,0.0,0.014790168190160432,0.0608880817890167,-2534.540697722162,-2150.5193798854707
3.1999999999999926,16.64870262145996,0.2461153434382544,-0.1696461078229216,0.31745023322827887,-2.84034041762352,-0.0835608944858989,0.0,0.0,0.0,0.0,0.014782854197961041,0.0589812137186527,-2535.3530449114864,-2151.2086441673214
3.2249999999999925,16.649644639756943,0.2453741431236267,-0.1681999447719813,0.3161008707682292,-2.841355919837952,-0.0823905641836744,0.0,0.0,0.0,0.0,0.014737500315034277,0.0566659830510616,-2536.259505494697,-2151.9777622379243
3.2499999999999925,16.650606791178387,0.2440211342440711,-0.1668167488360646,0.3143694744688092,-2.8424987614154817,-0.0810876459098668,0.0,0.0,0.0,0.0,0.014655389878845453,0.0539520718157291,-2537.279632115951,-2152.843324219594
3.2749999999999924,16.651585896809895,0.2420813176367018,-0.1655061906188798,0.31227554321289064,-2.843772739171982,-0.0796542577097805,0.0,0.0,0.0,0.0,0.014538033742664694,0.0508643761277198,-2538.4168139002363,-2153.8082057335337
3.2999999999999923,16.652581956651474,0.2395832538604736,-0.1642774413814308,0.3098373505563447,-2.845201510190964,-0.0780914315583379,0.0,0.0,0.0,0.0,0.014387153564782656,0.0474136918783187,-2539.6921677032456,-2154.8903241118446
3.324999999999992,16.653591791788738,0.2365589804119534,-0.1631392396210446,0.3070724256110914,-2.8467865347862245,-0.0764034160297156,0.0,0.0,0.0,0.0,0.0142046822913356,0.043631624430418,-2541.106997034589,-2156.0907853626813
3.349999999999992,16.65461434258355,0.2330438792705536,-0.1620995415314777,0.30399392330285274,-2.848527228832245,-0.0745911765198087,0.0,0.0,0.0,0.0,0.013992751466762732,0.039544578641653,-2542.660780490422,-2157.409147082782
3.374999999999992,16.655648549397785,0.2290798723697662,-0.1611676348870317,0.30061109138257575,-2.850083047151566,-0.0726577215684112,0.0,0.0,0.0,0.0,0.013753884857161506,0.0349427983164787,-2544.0495396295537,-2158.5874881705304
3.399999999999992,16.656692292955185,0.2247222264607747,-0.1603575345729432,0.29693009810014204,-2.851339501142502,-0.07060630522548,0.0,0.0,0.0,0.0,0.013491407688177031,0.0298187620937824,-2545.1710792985123,-2159.5390975866158
3.424999999999992,16.657745573255752,0.2200297349029117,-0.1596789278376774,0.2929613749186198,-2.8525165140628816,-0.0684401003977825,0.0,0.0,0.0,0.0,0.013208854339579575,0.0244811940938234,-2546.2217080446544,-2160.4305401591
3.449999999999992,16.65880521138509,0.2150567041503058,-0.1591351602773537,0.288748515735973,-2.8538503646850586,-0.0661613999005698,0.0,0.0,0.0,0.0,0.012909491492422884,0.0189833082258701,-2547.412333722975,-2161.440768007372
3.474999999999992,16.65987120734321,0.2098563975758022,-0.1587293278167392,0.28423830436937736,-2.8552160501480106,-0.0637741776695311,0.0,0.0,0.0,0.0,0.012596519802824366,0.0134709533303976,-2548.6313759108066,-2162.4751068334112
3.499999999999992,16.66094144185384,0.2044879065619574,-0.158459566243071,0.27944962935014206,-2.856421393156052,-0.0612820997123542,0.0,0.0,0.0,0.0,0.012273490503259599,0.0081136701628565,-2549.7072927433937,-2163.3880059640915
3.5249999999999915,16.662013795640732,0.1990133192804124,-0.1583199500229236,0.2744347820859967,-2.857275676727295,-0.058689449973324,0.0,0.0,0.0,0.0,0.011944133627621896,0.0030958475545048,-2550.469845865594,-2164.0350207344427
3.5499999999999914,16.663089328342014,0.1934947239028083,-0.1582999097357207,0.26922170465642753,-2.8576045393943788,-0.0559982445486095,0.0,0.0,0.0,0.0,0.011612175875075929,-0.0013912192080169,-2550.7633962299005,-2164.2840937708243
3.5749999999999917,16.664166980319553,0.1880049705505371,-0.1583878606307206,0.2637055321895715,-2.8562528729438785,-0.0532128672510362,0.0,0.0,0.0,0.0,0.011281990319262386,-0.0055172122083604,-2549.5568677343313,-2163.2603726230686
3.599999999999991,16.66524675157335,0.1826338801119062,-0.1585680734127349,0.2579507723721591,-2.8530068874359134,-0.0503385674207841,0.0,0.0,0.0,0.0,0.010958966454826954,-0.0085731707513332,-2546.659426571893,-2160.8019376973634
3.624999999999991,16.66632652282715,0.1774633427460988,-0.1588012498109282,0.25195575136126896,-2.8475277900695803,-0.0473784888362963,0.0,0.0,0.0,0.0,0.010648017876226948,-0.0096979839727282,-2541.7686585129286,-2156.6521951018785
3.649999999999991,16.667408413357204,0.1725754307376014,-0.1590282510043438,0.24571752837209987,-2.83844376206398,-0.0443379453361852,0.0,0.0,0.0,0.0,0.010354065038647522,-0.0079444143921136,-2533.6600466292416,-2149.7721607763256
3.674999999999991,16.66849242316352,0.1680568522877163,-0.1591668019600552,0.23923950657700047,-2.824449867010117,-0.0412200765377047,0.0,0.0,0.0,0.0,0.01008230666704894,-0.0024368416052311,-2521.1687747328015,-2139.173505833892
3.699999999999991,16.669578552246094,0.1639973123868306,-0.1591056324787674,0.23251057017933238,-2.803345119953156,-0.0380304740388468,0.0,0.0,0.0,0.0,0.009838119894442878,0.0082969823852181,-2502.330193138514,-2123.1892547841935
3.724999999999991,16.670671039157444,0.1604872941970825,-0.1586978692263626,0.22551708337032433,-2.773117500543594,-0.0347711060821045,0.0,0.0,0.0,0.0,0.009626924664287162,0.0255365949124097,-2475.348326304897,-2100.2955495920337
3.749999999999991,16.67176882425944,0.1576154761844211,-0.157752580197439,0.21824262214429452,-2.7300750434398653,-0.0314452620875429,0.0,0.0,0.0,0.0,0.009454034412657611,0.0516989454627037,-2436.927641234437,-2067.6961804413404
3.774999999999991,16.672872967190212,0.1554546091291639,-0.1560334597795224,0.21077020818536932,-2.672282248735428,-0.0280552255077375,0.0,0.0,0.0,0.0,0.009323804567759615,0.0878582969307899,-2385.3404662892467,-2023.925244124209
3.7999999999999914,16.67398346794976,0.1540407041708628,-0.1532633228374061,0.20291233640728576,-2.596722692251205,-0.0246051793781347,0.0,0.0,0.0,0.0,0.009238386523949439,0.1356542855501175,-2317.894272017674,-1966.698170196814
3.8249999999999904,16.67509502834744,0.153362900018692,-0.1491440617765692,0.19470404191450638,-2.499783265590668,-0.0211074564232357,0.0,0.0,0.0,0.0,0.009197123000377335,0.1953655779361724,-2231.3639149411783,-1893.2784732834236
3.8499999999999903,16.67620340983073,0.1533206800619761,-0.1433904021099939,0.18625217322147253,-2.382878720760345,-0.0175958361366951,0.0,0.0,0.0,0.0,0.009193979966182984,0.2659866213798523,-2127.012235170505,-1804.7376540840644
3.8749999999999902,16.67729165818956,0.1536516017383999,-0.1357630754584933,0.17769892374674479,-2.2484797626733783,-0.0141343238502428,0.0,0.0,0.0,0.0,0.00921322267953188,0.3445399701595306,-2007.0446406158271,-1702.946967795247
3.89999999999999,16.6783512963189,0.1539121899339887,-0.1261308961712459,0.1687892636385831,-2.1020412474870684,-0.0107732538286298,0.0,0.0,0.0,0.0,0.009228261666844663,0.425484150648117,-1876.330261076572,-1592.037797277091
3.92499999999999,16.679365370008682,0.1535181535614861,-0.1144845598291931,0.16016390482584636,-1.9461404830217364,-0.0074985899905622,0.0,0.0,0.0,0.0,0.00920407642352679,0.5040135979652405,-1737.1696606644846,-1473.9621363213805
3.94999999999999,16.680321163601345,0.1519165105289883,-0.1009570996511629,0.1510901248816288,-1.7791283369064332,-0.0043139402496255,0.0,0.0,0.0,0.0,0.009107529108042002,0.5767011046409607,-1588.0907859763163,-1347.4709699192983
3.97499999999999,16.681201722886826,0.1485449075698852,-0.085697660980578,0.14226327607125946,-1.6044330418109896,-0.0012112379129843,0.0,0.0,0.0,0.0,0.008904928436065829,0.6424470543861389,-1432.153756173908,-1215.1607628142249
3.99999999999999,16.68199963039822,0.143032968044281,-0.0689528691791367,0.13360400806773792,-1.416747233271599,0.0018254053174902,0.0,0.0,0.0,0.0,0.008574090109895694,0.6965261697769165,-1264.621095928501,-1073.011838969637
4.02499999999999,16.682700051201714,0.1351504276196161,-0.0509902346171481,0.1250916475238222,-1.213076464831829,0.004779128465693,0.0,0.0,0.0,0.0,0.008101232246867662,0.7373604774475098,-1082.8198936080835,-918.7562733644344
4.04999999999999,16.68328921000163,0.1249146709839503,-0.0321626594285614,0.1166488924893466,-0.989089956879616,0.0076853960468319,0.0,0.0,0.0,0.0,0.007487412668544041,0.7651033401489258,-882.8843959359851,-749.1140329153811
4.07499999999999,16.683742735120987,0.1126054839955435,-0.01284892834417,0.10846816554214016,-0.7416078761219979,0.0105629343225814,0.0,0.0,0.0,0.0,0.006749413832574715,0.7768371105194092,-661.9762107351277,-561.6767848661688
4.099999999999991,16.684043672349716,0.0987217161390516,0.0065368480096404,0.10108389189749054,-0.4691725008189678,0.0134381834241204,0.0,0.0,0.0,0.0,0.005917133644445083,0.7714685201644897,-418.79414212447205,-355.34048422682474
4.124999999999991,16.68417082892524,0.0839369661278194,0.025571666545157,0.09423799225778291,-0.1736941952258348,0.0163452567805373,0.0,0.0,0.0,0.0,0.005030934230324375,0.7491995692253113,-155.04342508273285,-131.55199703989453
4.149999999999992,16.68410301208496,0.0690104274286164,0.0438777635833871,0.08796336780894887,0.1405787505209446,0.0193048162566721,0.0,0.0,0.0,0.0,0.004136298330130748,0.713596761226654,125.48381911254809,106.47111924701049
4.174999999999992,16.683813730875652,0.0546495864788691,0.0611760309995634,0.08264174143473307,0.4647572055459023,0.0223416963498383,0.0,0.0,0.0,0.0,0.003275605168003803,0.6700559854507446,414.8529482290882,351.9964409216505
4.199999999999992,16.6832881503635,0.0413849825660387,0.0773189650394036,0.07808527397386955,0.7858212128281594,0.0254569644050667,0.0,0.0,0.0,0.0,0.002480625053828912,0.6223887801170349,701.4420498113653,595.1629513550978
4.2249999999999925,16.68251567416721,0.0295038914514912,0.0922561945076025,0.07459588831121271,1.092409348487854,0.028641598444016,0.0,0.0,0.0,0.0,0.0017685516997402151,0.5736539959907532,975.1096561502239,827.3657688547354
4.249999999999993,16.681494183010525,0.0190480860571066,0.1059873865090238,0.07225138346354167,1.3764538168907166,0.0318812870967189,0.0,0.0,0.0,0.0,0.0011418692982854233,0.5251835584640503,1228.6542676999923,1042.49453016969
4.274999999999993,16.68023215399848,0.0098620551741785,0.1185292190899941,0.0710821804855809,1.6303614974021914,0.0351180774811417,0.0,0.0,0.0,0.0,0.0005912420812329298,0.4780780375003814,1455.2980907139236,1234.7983799996923
4.299999999999994,16.678746541341145,0.0016728038382199,0.1298906637744357,0.07082784768306848,1.8524417847394945,0.0383039525947708,0.0,0.0,0.0,0.0,0.00010029553684226616,0.4315790832042694,1653.5320521158276,1402.9968927043385
4.324999999999994,16.677062776353623,-0.0058339039484659,0.1400922934817693,0.07221015207695239,2.0443990111351016,0.0414189938651876,0.0,0.0,0.0,0.0,-0.000349816033356772,0.3850599825382232,1824.8774779722344,1548.3808904006833
4.349999999999994,16.675216886732315,-0.0129393270860115,0.1491771848426271,0.0747098327405525,2.2075150400400165,0.0444596122667044,0.0,0.0,0.0,0.0,-0.0007759615466415141,0.3410234451293945,1970.4785890193264,1671.9212270467008
4.374999999999995,16.673239601982964,-0.0198598413003815,0.1571942151853903,0.07879561626549923,2.3435791939496995,0.0474262613689442,0.0,0.0,0.0,0.0,-0.0011911207284527687,0.3005620539188385,2091.9325755829695,1774.9730944340345
4.399999999999995,16.671173307630752,-0.0267691786090532,0.1642000599070072,0.08434707872795336,2.458128106594086,0.0503179008746062,0.0,0.0,0.0,0.0,-0.0016057165332688597,0.2613270580768585,2194.1815640007867,1861.7298118794552
4.424999999999995,16.669057210286457,-0.0338268155852953,0.1702803063470103,0.0911958966110692,2.5519909441471103,0.0531326353620084,0.0,0.0,0.0,0.0,-0.0020293178647452725,0.2248473018407821,2277.9656870296744,1932.8193708130568
4.449999999999996,16.66693051656087,-0.0411251973774698,0.1754884008195261,0.0994824403705019,2.624977427721024,0.0558696284321208,0.0,0.0,0.0,0.0,-0.002467472780102269,0.1925622373819351,2343.115097367373,1988.0976583723161
4.474999999999996,16.664833492702908,-0.0487732059425777,0.1799075504638627,0.10900840990471117,2.684030765295029,0.0585246772838483,0.0,0.0,0.0,0.0,-0.002926714267138295,0.1614460796117782,2395.827461808432,2032.8233009283663
4.4999999999999964,16.662802166408962,-0.0568420481350686,0.1836113417498904,0.11964653477524266,2.726395928859711,0.0610931609165807,0.0,0.0,0.0,0.0,-0.0034113138695037845,0.1349868327379226,2433.6435791214967,2064.909703497027
4.524999999999997,16.660869386461044,-0.0653713113731808,0.1866592297489452,0.13123655145818536,2.758902221918106,0.0635697571693268,0.0,0.0,0.0,0.0,-0.00392364347002821,0.1094270870089531,2462.65944235149,2089.529223813385
4.549999999999997,16.65906270345052,-0.0743918865919113,0.1891286791592348,0.14352289835611978,2.77913516163826,0.06595003645618,0.0,0.0,0.0,0.0,-0.004465550548441289,0.0881877988576889,2480.71982870825,2104.8531879948787
4.5749999999999975,16.657403310139973,-0.0838780485921436,0.191069557672171,0.15627875356963186,2.7945046722888947,0.0682284914432297,0.0,0.0,0.0,0.0,-0.005035481643233309,0.0672852545976638,2494.4390066578744,2116.4937026188018
4.599999999999998,16.655907101101345,-0.0937722043858634,0.1925375586440499,0.16927837256229286,2.802333706617356,0.0703990988091042,0.0,0.0,0.0,0.0,-0.005629966822981551,0.0504649579524993,2501.4273823822136,2122.4232335364236
4.624999999999998,16.65458149380154,-0.1040143685208426,0.1935970639942243,0.1822842638420336,2.808514630794525,0.0724585795367113,0.0,0.0,0.0,0.0,-0.006245390708830144,0.034415166825056,2506.9446171600307,2127.104523650935
4.649999999999999,16.65342966715495,-0.1144604550467597,0.1942686299973582,0.19513466574928978,2.8135237991809845,0.0744006647945164,0.0,0.0,0.0,0.0,-0.006873086045002884,0.0200219377875328,2511.415915826305,2130.8983528223193
4.674999999999999,16.652449501885307,-0.1250196744998296,0.1946217485131459,0.20755293875029593,2.816560959815979,0.0762224126217527,0.0,0.0,0.0,0.0,-0.007507584664086535,0.0083593223243951,2514.1269551144273,2133.198628581938
4.699999999999999,16.651634640163845,-0.1355769485235214,0.1946932044541441,0.2194354063091856,2.820216709375382,0.0779210183768973,0.0,0.0,0.0,0.0,-0.008141960321211285,-0.002512363018468,2517.3901610735993,2135.967409395781
4.725,16.650975545247395,-0.1460089617305331,0.1945012904080902,0.23063146417791194,2.824001258611679,0.0794947260381063,0.0,0.0,0.0,0.0,-0.008768793235793786,-0.0126239145174622,2520.768336580425,2138.8337401288454
4.75,16.650463740030926,-0.1562293536133236,0.1940799450341261,0.24108631943211414,2.82640347480774,0.0809401941704497,0.0,0.0,0.0,0.0,-0.009382883026718235,-0.0207525491714477,2522.9126098898596,2140.653123542911
4.775,16.65008650885688,-0.1661762926313612,0.1934682169317349,0.2507226423783736,2.828603291511536,0.0822552756002984,0.0,0.0,0.0,0.0,-0.009980506260010423,-0.0280457511544227,2524.876216767265,2142.31921422677
4.800000000000001,16.649832195705837,-0.1757746603753831,0.1926809199344802,0.25950150460907906,2.830754041671753,0.0834390298988926,0.0,0.0,0.0,0.0,-0.010557143057616953,-0.0347981303930282,2526.7960257217533,2143.948143036639
4.825000000000001,16.649689144558376,-0.1849575671884748,0.19173185254576,0.26743588534268464,2.8327555477619173,0.0844883694638435,0.0,0.0,0.0,0.0,-0.011108769994599242,-0.0409908965229988,2528.5826159940393,2145.464037813124
4.850000000000001,16.649646759033203,-0.193671186765035,0.1906389078791483,0.27452827222419507,2.8341034173965456,0.0854028989821767,0.0,0.0,0.0,0.0,-0.011632149892907454,-0.0462646149098873,2529.7857553646213,2146.4848833396786
4.875000000000002,16.649694442749023,-0.2018783489863077,0.1894261376082399,0.28081229932380447,2.8347693204879763,0.0861801467075055,0.0,0.0,0.0,0.0,-0.012125048281244952,-0.0505662485957145,2530.3801557470542,2146.9892230581063
4.900000000000002,16.649822658962673,-0.209546900457806,0.1881143143895373,0.28632569284150095,2.835251808166504,0.0868189974411235,0.0,0.0,0.0,0.0,-0.012585533476838924,-0.0542652569711208,2530.810835322396,2147.3546481523354
4.9250000000000025,16.65002187093099,-0.2166401180956098,0.1867166208704364,0.2911162960168087,2.8357097625732424,0.0873190891595699,0.0,0.0,0.0,0.0,-0.013011401412861707,-0.0574428737163543,2531.2196159362793,2147.7014923095703
4.950000000000003,16.650284661187065,-0.2231259147326151,0.1852458735136833,0.29523182262073866,2.8361507773399355,0.0876789571242453,0.0,0.0,0.0,0.0,-0.013400726730680865,-0.0601146593689918,2531.6132758386802,2148.035506772213
4.975000000000003,16.650605731540256,-0.2289770378006829,0.1837146724001855,0.2987242727568655,2.836596465110779,0.087898588851582,0.0,0.0,0.0,0.0,-0.013751874345744987,-0.0622809305787086,2532.0111069718346,2148.3730604609505
5.000000000000004,16.650978724161785,-0.2341708872053358,0.1821357008346343,0.3016427751020952,2.837059384584427,0.0879774641929295,0.0,0.0,0.0,0.0,-0.014063490866488032,-0.063944935798645,2532.4243195183944,2148.72366504591
5.025000000000004,16.65140046013726,-0.2386900782585144,0.1805213258713419,0.304033466685902,2.8375328183174133,0.0879148091670962,0.0,0.0,0.0,0.0,-0.014334534733575608,-0.065115749835968,2532.8469173341505,2149.0822328895815
5.050000000000004,16.6518677605523,-0.2425222595532735,0.1788837481170522,0.3059365613532789,2.8380284488201144,0.0877113852717062,0.0,0.0,0.0,0.0,-0.01456426768700388,-0.0658080726861953,2533.2893284959873,2149.457612057201
5.075000000000005,16.652376386854385,-0.2456597983837127,0.177234818638616,0.3073897668087121,2.838549488782883,0.0873676003033014,0.0,0.0,0.0,0.0,-0.014752236718456588,-0.0660289749503135,2533.7544207250494,2149.852235766708
5.100000000000005,16.65292527940538,-0.2480998304155137,0.1755862054105593,0.3084231659860322,2.839103531837464,0.0868833710380977,0.0,0.0,0.0,0.0,-0.014898273201425937,-0.0657866299152374,2534.2489722713103,2150.271855260505
5.125000000000005,16.653513378567165,-0.2498440941174825,0.1739493600255693,0.3090435328628078,2.8396993398666384,0.0862597294510176,0.0,0.0,0.0,0.0,-0.015002485567941976,-0.0650916174054145,2534.7808041924336,2150.7231065875194
5.150000000000006,16.654138565063477,-0.2508987155225541,0.1723354677602245,0.3092318078243371,2.8403529763221744,0.0854972248190359,0.0,0.0,0.0,0.0,-0.015065247268260484,-0.0639554485678672,2535.364255094138,2151.21815583745
5.175000000000006,16.654798719618057,-0.2512739598751068,0.1707554642197509,0.308981670032848,2.841081380844116,0.0845981541185928,0.0,0.0,0.0,0.0,-0.015087180824294541,-0.0623855181038379,2536.014445687904,2151.769832704888
5.200000000000006,16.655489603678387,-0.2509841488467322,0.169220085272293,0.30830127600467566,2.8418991565704346,0.0835627503762836,0.0,0.0,0.0,0.0,-0.015069154664255683,-0.0603929422795772,2536.744411069839,2152.389197271378
5.225000000000007,16.65620909796821,-0.2500478261046939,0.167739717246102,0.30720693414861505,2.842817109823227,0.0823924034293023,0.0,0.0,0.0,0.0,-0.015012289088949762,-0.0579901151359081,2537.563797211061,2153.0844339972637
5.250000000000007,16.656956142849392,-0.2484872771633995,0.1663245134428339,0.305718124852036,2.8438580214977267,0.081089431060035,0.0,0.0,0.0,0.0,-0.014917928283678153,-0.0551858060061931,2538.4929388614955,2153.872796609753
5.275000000000008,16.65772755940755,-0.2463284797138638,0.1649842776242515,0.30385452732895357,2.8450350344181063,0.0796560303763811,0.0,0.0,0.0,0.0,-0.014787640080879358,-0.0520034916698932,2539.5435676076377,2154.7642391822374
5.300000000000008,16.658520168728298,-0.2436010705100165,0.1637282642751429,0.3016379847671046,2.8463607072830204,0.0780936744393185,0.0,0.0,0.0,0.0,-0.014623211908540906,-0.0484541952610015,2540.726893632139,2155.768273384845
5.325000000000008,16.65933397081163,-0.2403381466865539,0.1625653616956462,0.2990843709309896,2.8478426337242126,0.0764050888277753,0.0,0.0,0.0,0.0,-0.014426635969219651,-0.0445664338767528,2542.0496951849736,2156.890650459977
5.3500000000000085,16.660165786743164,-0.2365762988726298,0.1615036425928156,0.29620912956468987,2.8494875311851504,0.0745928326731116,0.0,0.0,0.0,0.0,-0.014200116727582531,-0.0403706282377243,2543.5179684103514,2158.1364580451464
5.375000000000009,16.661015616522896,-0.2323559588856167,0.1605507469100285,0.2930260490648674,2.8511233747005464,0.0726593361098221,0.0,0.0,0.0,0.0,-0.013946086135060516,-0.0357898771762847,2544.9781598761438,2159.3754083797576
5.400000000000009,16.661880281236435,-0.2277312510543399,0.1597198905841942,0.28953969782049005,2.852392387390137,0.0706074183435918,0.0,0.0,0.0,0.0,-0.013667800224851966,-0.0306237861514091,2546.1109097277536,2160.336529465972
5.42500000000001,16.66275978088379,-0.222764296664132,0.1590232076430295,0.2857613164728338,2.853437972068787,0.0684415984258957,0.0,0.0,0.0,0.0,-0.013368991667256493,-0.0251192823052406,2547.0442226089417,2161.128431304556
5.45000000000001,16.663651996188694,-0.2175131109025743,0.1584651588813602,0.2817346792510062,2.854617321491242,0.0661628313496558,0.0,0.0,0.0,0.0,-0.013053147710497306,-0.0194715578109025,2548.0969369704612,2162.021643490088
5.47500000000001,16.664554807874893,-0.2120322320196363,0.1580490233162785,0.27740826231060606,2.8558536231517797,0.0637755258948329,0.0,0.0,0.0,0.0,-0.012723546141145022,-0.0137989027425646,2549.2004882067936,2162.957989993643
5.500000000000011,16.665467156304253,-0.2063821090592278,0.1577730698930758,0.27280176798502603,2.8569424331188205,0.061283375116845,0.0,0.0,0.0,0.0,-0.012383817814621362,-0.0082759745419025,2550.1723849724553,2163.782629673598
5.525000000000011,16.66638692220052,-0.2006263368659549,0.1576314063678404,0.2679559511126894,2.8576971232891086,0.0586906858465174,0.0,0.0,0.0,0.0,-0.012037782262135645,-0.0030839459504932,2550.846038739213,2164.3542146878167
5.550000000000011,16.667315165201824,-0.1948285930686527,0.1576134466752392,0.26292266845703127,2.857928436994553,0.0559994554546676,0.0,0.0,0.0,0.0,-0.01168926075601052,0.0015660806093364,2551.0525146615314,2164.5294063794804
5.575000000000012,16.668249766031902,-0.1890632179048326,0.1577077558673416,0.25757894342595883,2.8564672470092773,0.0532140323840131,0.0,0.0,0.0,0.0,-0.011342715675530798,0.0058705727569758,2549.7482229451666,2163.422734620141
5.600000000000012,16.669190724690754,-0.1834225489033593,0.1578992038602047,0.25199209039861503,2.8530918776988985,0.0503395952345173,0.0,0.0,0.0,0.0,-0.011003686497609627,0.0091184005141258,2546.73529083123,2160.866307371952
5.625000000000012,16.670138041178387,-0.1779904961585998,0.1581485090277497,0.2461618689334754,2.8474869012832644,0.0473793855725696,0.0,0.0,0.0,0.0,-0.010677205894692034,0.0104247368872165,2541.732160243832,2156.621226873554
5.650000000000013,16.671090655856663,-0.1728508207533094,0.1583963827462089,0.24008619366270123,2.8383301496505737,0.0443382262164564,0.0,0.0,0.0,0.0,-0.01036829709114357,0.0088701443746685,2533.558633581537,2149.6861133419097
5.675000000000013,16.672049628363716,-0.1680920355849796,0.1585599507714102,0.23376492587002842,2.824241042137146,0.0412203241284623,0.0,0.0,0.0,0.0,-0.010082265788065379,0.0035209362395107,2520.9823728584856,2139.0153466678053
5.7000000000000135,16.673017077975803,-0.1638056337833404,0.1585274602061112,0.22718634865500711,2.8030080795288086,0.0380299861394127,0.0,0.0,0.0,0.0,-0.00982459461399576,-0.0070935213007032,2502.0293431203877,2122.9339881021465
5.725000000000014,16.673993004692925,-0.1600842343436347,0.158150889227974,0.22034322565252135,2.772656041383744,0.0347711040015099,0.0,0.0,0.0,0.0,-0.009600833723426579,-0.0242334604263305,2474.9364172679484,2099.946051015229
5.750000000000014,16.674978468153213,-0.1570182542006174,0.1572381739881334,0.21321280739524148,2.7293784737586977,0.0314448969431904,0.0,0.0,0.0,0.0,-0.009416399217576171,-0.0503949522972106,2436.3058671501817,2067.168614551669
5.775000000000015,16.67597558763292,-0.1546825965245565,0.1555509782137841,0.20587608568596116,2.671286606788636,0.0280542840386803,0.0,0.0,0.0,0.0,-0.009275774944122054,-0.0866207331418991,2384.4517334367415,2023.1711677645076
5.800000000000015,16.676981184217667,-0.1531161036756303,0.1528109516367425,0.19815039894797584,2.595081007480621,0.02460432945524,0.0,0.0,0.0,0.0,-0.009181284189523005,-0.1344044059514999,2316.4288665134395,1965.4547958295848
5.825000000000015,16.677992078993057,-0.1523176001177894,0.1487229494292004,0.19007279829545454,2.4974750936031342,0.0211061945426098,0.0,0.0,0.0,0.0,-0.009132850009542974,-0.1942280232906341,2229.3035876506665,1891.5303167945046
5.850000000000016,16.679002973768448,-0.1521798637178209,0.1429939240027083,0.1817407850785689,2.380015045404434,0.0175945768568125,0.0,0.0,0.0,0.0,-0.009124038406681658,-0.2651604413986206,2124.4560528241223,1802.5687720931942
5.875000000000016,16.679996914333767,-0.1524374220106336,0.1353829258576413,0.17331459507797703,2.2449577778577807,0.0141340034386741,0.0,0.0,0.0,0.0,-0.00913893586392922,-0.3440995514392853,2003.9008361369863,1700.279497328352
5.900000000000016,16.680965423583984,-0.1526419818401336,0.1257598096404786,0.16452847798665365,2.098107600212097,0.0107751890416837,0.0,0.0,0.0,0.0,-0.009150668319492131,-0.4252729415893554,1872.8189972385032,1589.058543111457
5.925000000000017,16.68188942803277,-0.1522095335854424,0.1141204724186657,0.15601393497351443,1.9412316381931307,0.0075023995592777,0.0,0.0,0.0,0.0,-0.009124238249035792,-0.5035965442657471,1732.7879131084587,1470.244289910207
5.950000000000017,16.682758331298828,-0.1505890819761488,0.100601725770827,0.14706198258833453,1.774095657467842,0.0043202017015512,0.0,0.0,0.0,0.0,-0.009026629708687074,-0.5763833522796631,1583.5985008053115,1343.6593340166276
5.975000000000017,16.683554119533962,-0.1472094655036926,0.0853509923080553,0.1383530703457919,1.598583608865738,0.0012204940882555,0.0,0.0,0.0,0.0,-0.0088236274146965,-0.641770601272583,1426.9324180776957,1210.7305365507718
6.000000000000018,16.68426725599501,-0.1417074104150136,0.0686219589301267,0.12980761672511246,1.4108402639627458,-0.001813371678463,0.0,0.0,0.0,0.0,-0.008493475214747304,-0.6959491968154907,1259.3483995536312,1068.5380359848991
6.025000000000018,16.684887144300674,-0.133852685491244,0.0506830181794614,0.1214096231171579,1.2066255286335943,-0.0047669270787261,0.0,0.0,0.0,0.0,-0.008022390821922113,-0.7363014221191406,1077.0616399032658,913.8704823421647
6.0500000000000185,16.685395770602756,-0.1236650678846571,0.0318861192776811,0.1130851699366714,0.982072126865387,-0.0076723546197945,0.0,0.0,0.0,0.0,-0.007411575343183468,-0.7636207938194275,876.6201198003332,743.7988895275553
6.075000000000019,16.68577088250054,-0.1114267028040356,0.0126115012912057,0.10503678061745383,0.7342129930853845,-0.0105503594688835,0.0,0.0,0.0,0.0,-0.006677947551161455,-0.7749646306037903,655.3753684180195,556.0760701728649
6.100000000000019,16.685996585422092,-0.097636944717831,-0.0067277930187585,0.0977734120686849,0.4615707643330097,-0.0134258663040788,0.0,0.0,0.0,0.0,-0.00585143022282125,-0.7693386077880859,412.00865767102266,349.5831034784434
6.12500000000002,16.68604956732856,-0.0829667432440651,-0.0257109332254113,0.09105844902269768,0.1662101052701473,-0.0163350467826785,0.0,0.0,0.0,0.0,-0.004972222029503901,-0.7469564080238342,148.36295462228722,125.88371907345581
6.15000000000002,16.685909695095486,-0.0681703372134102,-0.0439646367303833,0.08490880677194307,-0.1476139673963189,-0.0192971742327003,0.0,0.0,0.0,0.0,-0.004085503185567858,-0.7114301919937134,-131.7636151595011,-111.79943104442513
6.17500000000002,16.68555153740777,-0.0539473982320891,-0.0612147258979644,0.0797353929461855,-0.4709048345685006,-0.0223362212651441,0.0,0.0,0.0,0.0,-0.003233180402286555,-0.6682682037353516,-420.3404629877846,-356.6525140502414
6.200000000000021,16.684959199693466,-0.0408193386263317,-0.077316926056694,0.07531028227372603,-0.7912137866020204,-0.0254536812267854,0.0,0.0,0.0,0.0,-0.0024464751838938646,-0.6209705471992493,-706.2555849259019,-599.2471629674318
6.225000000000021,16.68412208557129,-0.029065909071101,-0.0922225138421914,0.07194470896865382,-1.096819131076336,-0.0286398403415776,0.0,0.0,0.0,0.0,-0.0017421299677636433,-0.5725868344306946,-979.0459292968279,-830.7056369791266
6.250000000000021,16.683040195041233,-0.0187243334949016,-0.1059309691058062,0.06972083814216383,-1.3798880368471147,-0.0318803185799318,0.0,0.0,0.0,0.0,-0.0011223573926571915,-0.524455189704895,-1231.719731251236,-1045.095529546503
6.275000000000022,16.681719885932075,-0.0096365933616956,-0.118457887984672,0.0686561090295965,-1.6329766273498536,-0.0351173607163014,0.0,0.0,0.0,0.0,-0.0005776738506334873,-0.4775776267051697,-1457.6324157245824,-1236.7790194026759
6.300000000000022,16.680179172092014,-0.0015302592267592,-0.1298103777899482,0.06850227327057809,-1.8543099641799927,-0.0383032389508224,0.0,0.0,0.0,0.0,-9.17411744185285e-05,-0.4313161671161651,-1655.1996319606658,-1404.4118089363221
6.325000000000022,16.678442425198025,0.0059071617821852,-0.1400074385115367,0.06997649828592936,-2.0456837952137,-0.0414184092181046,0.0,0.0,0.0,0.0,0.00035417946302111384,-0.384978175163269,-1826.024305727639,-1549.3539563749662
6.350000000000023,16.676545672946506,0.0129554306881295,-0.149091480989797,0.07256361238884203,-2.2083669871091844,-0.0444596726039478,0.0,0.0,0.0,0.0,0.0007768653618204891,-0.341053307056427,-1971.2390565261494,-1672.566472204005
6.375000000000023,16.67451964484321,0.0198290269407961,-0.1571102257425119,0.07672943462025035,-2.3440811038017277,-0.0474258098799156,0.0,0.0,0.0,0.0,0.0011891812995601621,-0.300680011510849,-2092.3805918361327,-1775.3532294367183
6.400000000000024,16.672407786051433,0.0267004097501436,-0.1641195159287891,0.0823564084370931,-2.45833021402359,-0.0503183294770941,0.0,0.0,0.0,0.0,0.0016014729301716008,-0.2615000009536743,-2194.361969730893,-1861.8828834080302
6.425000000000024,16.67024718390571,0.0337284265293015,-0.1702046392825384,0.08928029089262991,-2.551945382356644,-0.0531332262508752,0.0,0.0,0.0,0.0,0.002023270930371363,-0.2250606566667556,-2277.9250175298243,-1932.7848633586386
6.450000000000024,16.66807810465495,0.0410042206446329,-0.1754182931038298,0.09763624827067058,-2.624763345718384,-0.0558703233507178,0.0,0.0,0.0,0.0,0.002460044906627928,-0.1928000897169113,-2342.924002858459,-1987.9355175768742
6.4750000000000245,16.66594081454807,0.0486363346378008,-0.1798437344662417,0.10723140022971413,-2.683692848682404,-0.0585249082298491,0.0,0.0,0.0,0.0,0.002918307173834739,-0.1616942286491394,-2395.5258296845395,-2032.5673706414273
6.500000000000025,16.663870281643337,0.0566943527923689,-0.1835539006941288,0.11793442003654711,-2.725954329967499,-0.0610940389275026,0.0,0.0,0.0,0.0,0.003402232004579544,-0.1352544873952865,-2433.249397815251,-2064.575246631122
6.525000000000025,16.661900414360893,0.0652174651622772,-0.1866085298196928,0.12958747516978872,-2.758432585000992,-0.0635701774494364,0.0,0.0,0.0,0.0,0.003914167264261539,-0.1096850112080574,-2462.2402336607215,-2089.173531590915
6.550000000000026,16.660057703653973,0.0742344558238983,-0.1890842875928146,0.14193539243755918,-2.7786573469638824,-0.06595108091467,0.0,0.0,0.0,0.0,0.004455834256061239,-0.0884500816464424,-2480.2933203636626,-2104.4913021267434
6.575000000000026,16.658364401923286,0.0837198230955335,-0.19103190723226,0.15474877790971237,-2.7940832257270816,-0.0682295234181521,0.0,0.0,0.0,0.0,0.0050256928636924075,-0.0675284713506698,-2494.0628137842555,-2116.1745086654287
6.600000000000026,16.656835344102646,0.0936134656270345,-0.1925057671585371,0.16780329155199455,-2.8019753456115724,-0.0704000829303508,0.0,0.0,0.0,0.0,0.005620123132223815,-0.050702154636383,-2501.1075011237726,-2122.1518191353216
6.625000000000027,16.655476888020832,0.1038562009731928,-0.1935713145554346,0.1808617979107481,-2.8082088410854342,-0.0724594866759576,0.0,0.0,0.0,0.0,0.006235558529572312,-0.0346610359847545,-2506.671662247572,-2126.872925543394
6.650000000000027,16.65429433186849,0.1143034713135825,-0.1942487561577235,0.19376265554717093,-2.813334250450134,-0.0744014887099786,0.0,0.0,0.0,0.0,0.006863303183903709,-0.020223569124937,-2511.2467202788494,-2130.754792963872
6.675000000000027,16.653284496731228,0.1248636262284384,-0.1946069346795823,0.2062277383515329,-2.8164163887500764,-0.0762231491522417,0.0,0.0,0.0,0.0,0.007497837814092897,-0.0085607897490262,-2513.997907662978,-2133.089133774648
6.700000000000028,16.652441024780273,0.1354228456815084,-0.1946833674028676,0.21815684925426138,-2.820104265213013,-0.0779216841671698,0.0,0.0,0.0,0.0,0.00813231198236868,0.002315352205187,-2517.2897908335835,-2135.8822467678883
6.725000000000028,16.65175437927246,0.1458579798539479,-0.1944962470467759,0.22939626520330256,-2.823927074670792,-0.0794954001507572,0.0,0.0,0.0,0.0,0.00875931607756039,0.0124472826719284,-2520.702118292207,-2138.7775549146
6.750000000000028,16.651215023464626,0.1560818817880418,-0.1940788131906628,0.23989267060250946,-2.8263704717159275,-0.0809408017040733,0.0,0.0,0.0,0.0,0.00937360316157672,0.0206076875329017,-2522.8831505726603,-2140.6281277586204
6.775000000000029,16.65081236097548,0.1660332911544376,-0.1934705638424455,0.24956807454427082,-2.828576129674912,-0.0822558789727329,0.0,0.0,0.0,0.0,0.009971482925576048,0.0279113687574863,-2524.851971488508,-2142.298642475097
6.800000000000029,16.65053261650933,0.1756372385554843,-0.1926865125727694,0.2583837335759943,-2.8307318449020387,-0.083439591659435,0.0,0.0,0.0,0.0,0.010548445662413017,0.0346742868423461,-2526.7762123756725,-2143.931331712691
6.8250000000000295,16.650365193684895,0.1848268508911132,-0.1917404412402755,0.26635438398881395,-2.832737731933594,-0.0844888771289263,0.0,0.0,0.0,0.0,0.011100468292504108,0.0408776327967643,-2528.56671317679,-2145.4505445136397
6.85000000000003,16.650299496120876,0.1935479044914245,-0.1906501098004835,0.27348210190281724,-2.834094655513764,-0.0854033608741782,0.0,0.0,0.0,0.0,0.011624289673378942,0.0461649298667907,-2529.7779343069583,-2146.4782472907523
6.87500000000003,16.65032386779785,0.2017629808849758,-0.1894394534136902,0.27979908336292614,-2.834782463312149,-0.0861805628264258,0.0,0.0,0.0,0.0,0.012117661042929653,0.0504878275096416,-2530.3918873335497,-2146.9991771314963
6.900000000000031,16.650428771972656,0.209439992904663,-0.1881295443420212,0.285344756155303,-2.83526349067688,-0.0868194010764762,0.0,0.0,0.0,0.0,0.012578654626432761,0.0541914366185665,-2530.8212633992807,-2147.363496217571
6.925000000000031,16.650606791178387,0.2165423002507951,-0.1867336151671425,0.2901659416429924,-2.8357275784015656,-0.0873189726462722,0.0,0.0,0.0,0.0,0.013005069602960103,0.057376243174076,-2531.2355187535286,-2147.7149856090546
6.950000000000031,16.650849448310005,0.2230376170741187,-0.1852644657070435,0.29431243434096827,-2.836173266172409,-0.0876788114826232,0.0,0.0,0.0,0.0,0.013394969293699075,0.0600553713738918,-2531.6333498866834,-2148.0525392977916
6.975000000000032,16.651149325900608,0.2288987073633406,-0.1837347293321451,0.29783538818359373,-2.836618661880493,-0.087898405759257,0.0,0.0,0.0,0.0,0.01374672119523258,0.0622250214219093,-2532.030920317916,-2148.389871784898
7.000000000000032,16.65150324503581,0.2341029544671376,-0.182157089347139,0.30078307180693653,-2.8370850861072543,-0.0879767401460082,0.0,0.0,0.0,0.0,0.014058968191771456,0.0638925209641456,-2532.447261287541,-2148.743130789428
7.025000000000032,16.651905907524956,0.23863285779953,-0.180543929451094,0.30320216323390153,-2.8375655293464663,-0.087914559495744,0.0,0.0,0.0,0.0,0.01433066335618029,0.0650733113288879,-2532.876115949428,-2149.107007472241
7.050000000000033,16.652354134453667,0.2424759169419606,-0.1789073170926994,0.3051345455285275,-2.83806466460228,-0.0877111106332188,0.0,0.0,0.0,0.0,0.014561059354381536,0.0657712668180465,-2533.3216555343306,-2149.4850410594318
7.075000000000033,16.65284474690755,0.2456245985296037,-0.1772592531416175,0.30661621556137547,-2.838587164878845,-0.0873672923753004,0.0,0.0,0.0,0.0,0.014749708068659946,0.065996304154396,-2533.788051273002,-2149.8807707770925
7.100000000000033,16.65337668524848,0.2480759554439121,-0.1756113889276173,0.30767746896454784,-2.839143544435501,-0.0868835374856659,0.0,0.0,0.0,0.0,0.014896435727875966,0.0657595172524452,-2534.28468843464,-2150.302159883937
7.125000000000034,16.653948889838325,0.2498316599263085,-0.1739751593986294,0.3083286585952296,-2.8397425651550297,-0.0862598709314505,0.0,0.0,0.0,0.0,0.015001346622286521,0.0650699958205223,-2534.819388076908,-2150.755844428891
7.150000000000034,16.654557122124565,0.250897788339191,-0.1723617498312322,0.30854955499822445,-2.8403994143009186,-0.0854973579770904,0.0,0.0,0.0,0.0,0.015064812981780739,0.0639388784766197,-2535.405706699755,-2151.253326896761
7.1750000000000345,16.655201382107204,0.2512845562564002,-0.1707820791858949,0.30833232070460465,-2.841131031513214,-0.0845977504832401,0.0,0.0,0.0,0.0,0.015087452291411915,0.0623747408390045,-2536.0587650146645,-2151.807436982139
7.200000000000035,16.655877431233723,0.2510062356789906,-0.1692468999755187,0.30768353086529354,-2.841950559616089,-0.0835628169553108,0.0,0.0,0.0,0.0,0.015070129851477794,0.0603877790272235,-2536.790294608132,-2152.4281287584145
7.225000000000035,16.656584209865994,0.2500813206036885,-0.167766598528355,0.3066195447517164,-2.842871141433716,-0.0823924117516807,0.0,0.0,0.0,0.0,0.01501396189355323,0.0579904355108737,-2537.612027066653,-2153.125356298978
7.2500000000000355,16.657317479451496,0.2485320468743642,-0.1663513115013028,0.3051589688387784,-2.8439161419868477,-0.0810894477047918,0.0,0.0,0.0,0.0,0.014920292368861545,0.0551932752132415,-2538.5448185439977,-2153.9168157343006
7.275000000000036,16.658075120713974,0.2463842928409576,-0.1650108260113682,0.30332274465849907,-2.8450934469699862,-0.0796555143889199,0.0,0.0,0.0,0.0,0.01479068205993283,0.0520142503082752,-2539.5957079920613,-2154.8084795084155
7.300000000000036,16.6588560740153,0.2436677449279361,-0.1637544964118802,0.30112850767193416,-2.8464232087135315,-0.0780931376459112,0.0,0.0,0.0,0.0,0.01462691939022225,0.0484703667461872,-2540.782683843472,-2155.815610533855
7.325000000000037,16.65965822007921,0.2404153678152296,-0.1625911111344359,0.2985976063121449,-2.8479068875312805,-0.0764050388935049,0.0,0.0,0.0,0.0,0.014430990398438471,0.0445883274078369,-2542.10704960784,-2156.939314818773
7.350000000000037,16.660479439629448,0.2366637190183003,-0.1615288094651169,0.295743144642223,-2.8495520770549776,-0.0745922168171095,0.0,0.0,0.0,0.0,0.014205096550544648,0.0403951220214366,-2543.5755835351397,-2158.185343605573
7.375000000000037,16.661317613389755,0.2324531806839836,-0.1605751814130299,0.29257675633285984,-2.8512001872062687,-0.0726592404024704,0.0,0.0,0.0,0.0,0.01395166853413647,0.035826276987791,-2545.0467244816614,-2159.4335844086822
7.400000000000038,16.662171681722004,0.2278375128904978,-0.1597432764675165,0.2891077492453835,-2.852481758594513,-0.0706072539766183,0.0,0.0,0.0,0.0,0.013673938622324364,0.0306715760380029,-2546.190684515922,-2160.4042171650244
7.425000000000038,16.663040584988064,0.22287893626425,-0.1590453784591044,0.28534497810132575,-2.8535282194614413,-0.0684409326356232,0.0,0.0,0.0,0.0,0.013375646247002744,0.0251690819859504,-2547.1247795028767,-2161.196782608501
7.450000000000038,16.663923263549805,0.2176354659928215,-0.15848599811689,0.2813336875221946,-2.8547093212604526,-0.0661626961110067,0.0,0.0,0.0,0.0,0.013060277735968165,0.0195256639271974,-2548.179058075929,-2162.0913220038183
7.475000000000039,16.66481653849284,0.2121616568830278,-0.1580684976817497,0.27702010183623343,-2.8559494197368624,-0.0637753968979676,0.0,0.0,0.0,0.0,0.01273111266439514,0.0138561753556132,-2549.2859984372485,-2163.030544128574
7.500000000000039,16.665719350179035,0.2065178751945495,-0.1577910795199475,0.27242778431285514,-2.8570402741432197,-0.0612832627647365,0.0,0.0,0.0,0.0,0.012391776847744106,0.0083352653309702,-2550.2597201163658,-2163.8567322199465
7.525000000000039,16.66663063897027,0.2007677819993761,-0.1576479346113557,0.2675927919330019,-2.85779846906662,-0.0586905464466791,0.0,0.0,0.0,0.0,0.01204609295954136,0.0031447929795831,-2550.936502306188,-2164.430971653735
7.55000000000004,16.66754934522841,0.1949749555852678,-0.1576284436011277,0.26257329767400567,-2.858031243085861,-0.0559987771808275,0.0,0.0,0.0,0.0,0.011697877807158573,-0.0015067588537931,-2551.144281738117,-2164.607269353554
7.57500000000004,16.66847652859158,0.189213322268592,-0.1577209385147375,0.25724217732747395,-2.856604224443436,-0.0532138035186069,0.0,0.0,0.0,0.0,0.011351566650019441,-0.0057895127683877,-2549.870492146641,-2163.5264781850287
7.60000000000004,16.6694090101454,0.1835750540097554,-0.1579103558472694,0.25166754057913115,-2.853233236074448,-0.0503393705303003,0.0,0.0,0.0,0.0,0.011012691205670654,-0.0090393396094441,-2546.861470561536,-2160.9733689613026
7.625000000000041,16.670347849527996,0.1781445079379611,-0.1581577968020514,0.2458491886023319,-2.8476317644119264,-0.0473786074301886,0.0,0.0,0.0,0.0,0.010686310180564413,-0.0103518031537532,-2541.861468397203,-2156.730942882475
7.650000000000041,16.671293046739365,0.1730053126811981,-0.1584039228210451,0.2397872832327178,-2.83848757147789,-0.0443379890286718,0.0,0.0,0.0,0.0,0.010377438162484652,-0.0088039189577102,-2533.6991519175594,-2149.805341020959
7.675000000000042,16.672245661417644,0.1682461135917239,-0.1585660094628901,0.23347681218927557,-2.8244043052196504,-0.0412200578123533,0.0,0.0,0.0,0.0,0.010091388827185617,-0.0034660971723496,-2521.1281052329505,-2139.1389983794725
7.700000000000042,16.673204633924698,0.1639584037992689,-0.1585324036988847,0.22691087664979873,-2.803190326690674,-0.0380298207321419,0.0,0.0,0.0,0.0,0.009833646704345332,0.0071308519691228,-2502.1920211197903,-2123.0720179198215
7.725000000000042,16.67417420281304,0.160234702958001,-0.1581550670619341,0.22007912838097773,-2.772872167825699,-0.0347703705919128,0.0,0.0,0.0,0.0,0.009609753443200105,0.0242505483329296,-2475.1293366903164,-2100.1097402220867
7.750000000000043,16.675153308444553,0.1571654611163669,-0.1572420855059844,0.21296045939127603,-2.729617965221405,-0.0314449042252715,0.0,0.0,0.0,0.0,0.009425128405672643,0.0503924712538719,-2436.51964272632,-2067.3499998889984
7.775000000000043,16.676144070095486,0.1548257966836293,-0.1555552725610419,0.20563481186375474,-2.671550923585892,-0.0280538554361923,0.0,0.0,0.0,0.0,0.009284268355612905,0.086596556007862,-2384.68766867626,-2023.3713552404624
7.800000000000043,16.677143308851456,0.1532545354631212,-0.1528161780903818,0.19792030334472657,-2.5954107463359835,-0.024603890449779,0.0,0.0,0.0,0.0,0.00918949562433638,0.1343559771776199,-2316.723198983513,-1965.7045324708592
7.825000000000044,16.6781489054362,0.1524500548839569,-0.1487293743053303,0.18985281279592803,-2.497849225997925,-0.0211057534565543,0.0,0.0,0.0,0.0,0.00914070594694512,0.1941671371459961,-2229.6375468129017,-1891.813676083674
7.850000000000044,16.679153442382812,0.1523061924510532,-0.1430021798020876,0.1815322667902166,-2.3804118126630787,-0.0175940130156755,0.0,0.0,0.0,0.0,0.009131530144931293,0.2650794088840484,-2124.810216385322,-1802.8692745087576
7.875000000000044,16.680143144395615,0.1525579889615377,-0.1353934703110824,0.1731134287516276,-2.245380684733391,-0.0141332029299012,0.0,0.0,0.0,0.0,0.009146083917918647,0.3439933955669403,-2004.2783325202154,-1700.5997972898795
7.900000000000045,16.681106355455185,0.1527576479646894,-0.1257727342941439,0.16433668425588896,-2.098516196012497,-0.0107740917881056,0.0,0.0,0.0,0.0,0.009157524969243627,0.4251773953437805,-1873.1837192275486,-1589.3680041930713
7.925000000000045,16.682025061713325,0.1523209446006351,-0.1141353195417428,0.15583061680649266,-1.9416752815246583,-0.0075011413196924,0.0,0.0,0.0,0.0,0.009130842570799436,0.5035384893417358,-1733.1839193281583,-1470.5802951875278
7.950000000000045,16.682889726426865,0.1506965193483564,-0.1006178878296924,0.1468858175566702,-1.7745124310255052,-0.0043187881975937,0.0,0.0,0.0,0.0,0.009032998588346632,0.5763393640518188,-1583.9705224481763,-1343.974988743907
7.975000000000046,16.683681276109482,0.1473134590519799,-0.0853679699600046,0.13818360530968868,-1.5990316331386567,-0.0012189232393312,0.0,0.0,0.0,0.0,0.008829793413934863,0.6417672038078308,-1427.3323348262272,-1211.0698598525562
8.000000000000046,16.684391233656143,0.1418077283435397,-0.0686389199373192,0.12964395927660394,-1.4112723708152772,0.0018150605361123,0.0,0.0,0.0,0.0,0.008499424783175896,0.6959520578384399,-1259.7341080474073,-1068.8653037978
8.025000000000047,16.685006883409287,0.1339487151967154,-0.0506991094981104,0.1212502774325284,-1.20707997828722,0.0047685503326269,0.0,0.0,0.0,0.0,0.008028088698597249,0.7363473176956177,-1077.467292094084,-914.2146720798287
8.050000000000047,16.685511271158855,0.1237558739052878,-0.0319006168608653,0.11293106772682883,-0.9825538113713264,0.0076739633095331,0.0,0.0,0.0,0.0,0.007416966246590334,0.763704240322113,-877.0500824453889,-744.1637063172996
8.075000000000047,16.685883204142254,0.1115110599332385,-0.0126236613263549,0.10488606308445786,-0.7347092807292939,0.0105518733615305,0.0,0.0,0.0,0.0,0.0066829581969958885,0.7750815749168396,-655.8183661591812,-556.4519470441536
8.100000000000048,16.686105728149414,0.0977134870158301,0.0067186321607276,0.09762626879142992,-0.4620736964046955,0.0134273180389621,0.0,0.0,0.0,0.0,0.005855979136641075,0.7694774270057678,-412.4575863809127,-349.9640126868349
8.125000000000048,16.686155531141495,0.0830342041121588,0.0257052199126353,0.0909139228589607,-0.1666981603950262,0.0163363117841963,0.0,0.0,0.0,0.0,0.004976233378455058,0.747107207775116,-148.7986038280193,-126.25336082377393
8.150000000000048,16.686012479994034,0.0682277729113896,0.0439624895567545,0.08476837504993785,0.1471654593944549,0.0192982394971363,0.0,0.0,0.0,0.0,0.0040889201655094284,0.7115777134895325,131.363266623411,111.4597413774396
8.175000000000049,16.685651143391926,0.0539944031172328,0.0612158868697521,0.07959592067834102,0.4705227069556713,0.0223371429685527,0.0,0.0,0.0,0.0,0.00323597818588077,0.6683926582336426,419.99936711043125,356.3630993664264
8.200000000000049,16.685055626763237,0.0408560865455203,0.0773209207983291,0.07517362074418502,0.790889596939087,0.0254544770542205,0.0,0.0,0.0,0.0,0.002448663490218525,0.6210702657699585,705.9662057923491,599.0016291571445
8.22500000000005,16.68421533372667,0.0290930747157997,0.0922287473036179,0.07181008772416549,1.0965685412287711,0.0286405685496882,0.0,0.0,0.0,0.0,0.0017437484552832924,0.5726622939109802,978.8222470476491,830.5158459798232
8.25000000000005,16.683130264282227,0.0187428688837422,0.1059388254310219,0.06958791501594312,1.3797078341245652,0.0318810187000153,0.0,0.0,0.0,0.0,0.0011234623590915534,0.5245069861412048,1231.5588781652882,1044.9590481402442
8.27500000000005,16.68180783589681,0.0096475891768932,0.1184668178967022,0.06852442481301048,1.6328538149595262,0.0351180556348983,0.0,0.0,0.0,0.0,0.0005783299551103208,0.4776118695735931,1457.5227905663312,1236.6860041168868
8.30000000000005,16.68026394314236,0.0015347357839345,0.1298198985908452,0.0683721923828125,1.854237386584282,0.0383039276276356,0.0,0.0,0.0,0.0,9.200908265995785e-05,0.4313317537307739,1655.134847533019,1404.3568403310462
8.32500000000005,16.678525076972115,-0.0059083098959591,0.1400171590495155,0.06984741153139057,2.045648747682572,0.0414190687665933,0.0,0.0,0.0,0.0,-0.00035424654570425106,0.3849793374538421,1825.9930214969847,1549.3274121792595
8.350000000000051,16.676624086168076,-0.0129614190922843,0.1491011183039917,0.07243594111818256,2.20835939347744,0.0444602947017337,0.0,0.0,0.0,0.0,-0.0007772207987247707,0.3410440981388092,1971.2322782761742,1672.560720961602
8.375000000000052,16.67459593878852,-0.0198391742176479,0.1571195468063272,0.07660333662322073,2.3440942466259003,0.0474263862046203,0.0,0.0,0.0,0.0,-0.0011897844055997738,0.3006633818149566,2092.3923234226277,1775.363183510108
8.400000000000052,16.672480901082356,-0.0267140939831733,0.1641283542946569,0.08223216201319838,2.4583573758602144,0.0503188704316905,0.0,0.0,0.0,0.0,-0.001602286674770703,0.2614795565605163,2194.3862150096506,1861.9034551597033
8.425000000000052,16.670317120022244,-0.0337450909945699,0.1702128784371609,0.08915842692057292,2.551987439393997,0.0531337463995256,0.0,0.0,0.0,0.0,-0.0020242620912135877,0.2250336706638336,2277.962558606609,1932.816716393486
8.450000000000053,16.668145921495224,-0.0410233893328242,0.1754258831129365,0.09751723549582741,2.624811244010925,0.0558708330963952,0.0,0.0,0.0,0.0,-0.002461184916789124,0.1927734613418579,2342.966757973687,1987.97179464434
8.475000000000053,16.666005452473957,-0.0486575232611762,0.1798506420403191,0.10711563919529771,2.683745712041855,0.0585254138143373,0.0,0.0,0.0,0.0,-0.002919567223227646,0.1616670191287994,2395.5730167324427,2032.6074081366178
8.500000000000053,16.66393280029297,-0.0567172343532244,0.1835601424779336,0.11782274419611151,2.726010113954544,0.0610945361896123,0.0,0.0,0.0,0.0,-0.003403592359195499,0.1352268755435943,2433.299191882376,2064.617496142622
8.525000000000054,16.661959754096138,-0.0652416671315829,0.1866140725237116,0.12948023824980764,2.758487200737,0.0635706559861948,0.0,0.0,0.0,0.0,-0.0039156058527595496,0.1096586212515831,2462.2889849201583,2089.214896295892
8.550000000000054,16.660114924112957,-0.0742598374684651,0.1890892144408312,0.1418329111735026,2.778708750009537,0.0659515365648878,0.0,0.0,0.0,0.0,-0.0044573424497201634,0.088424377143383,2480.339203901956,2104.5302336137806
8.575000000000054,16.65841844346788,-0.0837461070881949,0.1910361682900041,0.15465177362615412,2.794128787517548,0.0682299499400455,0.0,0.0,0.0,0.0,-0.0050272543802640235,0.0675047859549522,2494.103483284106,2116.2090161198475
8.600000000000055,16.656887266370987,-0.0936406436893675,0.1925094789393064,0.16771179661606297,2.8020141899585727,0.0704004824045143,0.0,0.0,0.0,0.0,-0.005621737254500184,0.0506799668073654,2501.1421744794143,2122.18123895223
8.625000000000055,16.655526691012913,-0.1038841158151626,0.1935744604144722,0.18077614292953953,2.80824476480484,0.0724598653441751,0.0,0.0,0.0,0.0,-0.006237215894902741,0.0346375703811645,2506.703728583993,2126.9001333439933
8.650000000000055,16.65434201558431,-0.1143319987588458,0.1942513360950295,0.19368253303296637,2.813359367847443,0.0744018382498717,0.0,0.0,0.0,0.0,-0.006864996446683968,0.0202053766697645,2511.269140644152,2130.7738163041286
8.675000000000056,16.653331120808918,-0.1248927579985724,0.1946090485636976,0.20615343498461175,2.8164391696453097,0.0762234820473779,0.0,0.0,0.0,0.0,-0.00749956612839545,0.0085419062525033,2514.0182424129034,2133.106387501857
8.700000000000056,16.652485529581707,-0.1354524244864781,0.1946849985890353,0.21808797200520832,2.820125585794449,0.07792199625636,0.0,0.0,0.0,0.0,-0.008134066487904074,-0.002334551885724,2517.3088220738978,2135.898394486943
8.725000000000056,16.651796764797634,-0.1458878152900272,0.1944974121797528,0.2293324834650213,2.823944598436356,0.0794956872728123,0.0,0.0,0.0,0.0,-0.00876108550630633,-0.0124644841998815,2520.7177604075346,2138.790827012453
8.750000000000057,16.65125634935167,-0.1561119490199619,0.194079595494233,0.23983364683209044,2.826384198665619,0.0809410680201823,0.0,0.0,0.0,0.0,-0.00937538560122163,-0.0206222683191299,2522.8954035629995,2140.6385242352717
8.775000000000057,16.650851567586262,-0.1660634411705864,0.1934709799613658,0.24951336484966857,2.8285898566246037,0.0822561203217067,0.0,0.0,0.0,0.0,-0.009973270165584646,-0.0279259737581014,2524.8642244788475,2142.309038951749
8.800000000000058,16.650570763481987,-0.1756673389010959,0.1926865625070398,0.2583328663219105,2.830745279788971,0.0834397997188952,0.0,0.0,0.0,0.0,-0.01055022926219258,-0.0346885249018669,2526.78820466409,2143.9415069877123
8.825000000000058,16.650402281019424,-0.1848567359977298,0.1917401416346529,0.2663069522742069,2.8327511668205263,0.0844890685436296,0.0,0.0,0.0,0.0,-0.011102238425101397,-0.0408915840089321,2528.5787054652073,2145.4607197886608
8.850000000000058,16.650334464179146,-0.1935774750179714,0.1906494939444814,0.27343763409238875,2.834105753898621,0.08540356061126,0.0,0.0,0.0,0.0,-0.011626041232650678,-0.0461771413683891,2529.787840979999,2146.4866529527258
8.875000000000059,16.65035777621799,-0.2017921540472242,0.1894385712415792,0.27975651596531725,2.83479180932045,0.0861802299312896,0.0,0.0,0.0,0.0,-0.012119388469564757,-0.0504975020885467,2530.4002297950574,2147.006255583685
8.900000000000059,16.650462680392796,-0.2094687024752299,0.1881284291433147,0.2853048798532197,2.8352719604969026,0.0868195467180983,0.0,0.0,0.0,0.0,-0.012580353260807307,-0.0542012900114059,2530.8288237550223,2147.3699110648668
8.92500000000006,16.650639639960396,-0.2165704137749142,0.1867322502970838,0.29012779467033617,2.835735756158829,0.0873190849983807,0.0,0.0,0.0,0.0,-0.013006732381329066,-0.0573857799172401,2531.2428184073483,2147.721179254719
8.95000000000006,16.650880177815754,-0.2230650517675611,0.1852628511656326,0.29427569302645595,2.8361814439296724,0.087678890545218,0.0,0.0,0.0,0.0,-0.013396592215272464,-0.0600645579397678,2531.6406495405026,2148.0587329434566
8.97500000000006,16.651180055406357,-0.2289253638850318,0.1837328984088957,0.29779974272756865,2.836626547574997,0.0878984681770951,0.0,0.0,0.0,0.0,-0.013748296704695328,-0.0622338354587554,2532.037959269813,2148.3958442289318
9.00000000000006,16.651532914903427,-0.2341287500328487,0.182155042042051,0.3007483233827533,2.8370923876762397,0.0879767817579002,0.0,0.0,0.0,0.0,-0.014060492281962772,-0.063900887966156,2532.453778835594,2148.748660830201
9.02500000000006,16.651934517754448,-0.2386576930681864,0.1805416824089242,0.30316813613429217,2.837572538852692,0.0879145803016901,0.0,0.0,0.0,0.0,-0.01433213016864361,-0.06508120149374,2532.882372795559,2149.112316311383
9.05000000000006,16.65238168504503,-0.2424997587998708,0.1789048869582047,0.3051010594223485,2.838071382045746,0.0877111064720296,0.0,0.0,0.0,0.0,-0.01456246700240195,-0.0657786652445793,2533.327651678539,2149.4901286969416
9.07500000000006,16.652872297498917,-0.2456473310788472,0.1772566399147978,0.3065831687233665,2.8385935902595523,0.0873672632469759,0.0,0.0,0.0,0.0,-0.01475104874945452,-0.0660031512379646,2533.7937867152887,2149.885637212972
9.100000000000062,16.653403176201714,-0.2480975455707973,0.1756086092532295,0.30764480590820314,2.839149385690689,0.0868834750678278,0.0,0.0,0.0,0.0,-0.014897708471103206,-0.0657657757401466,2534.2899024730827,2150.3065839165542
9.125000000000062,16.653974321153427,-0.2498520248466068,0.1739722465661872,0.30829637007279825,2.8397478222846986,0.0862597585793421,0.0,0.0,0.0,0.0,-0.015002546541053057,-0.0650756359100341,2534.8240807115058,2150.7598260582467
9.150000000000064,16.65458255343967,-0.2509168783823649,0.1723587038407354,0.30851771499171404,2.8404043793678286,0.0854971790459547,0.0,0.0,0.0,0.0,-0.015065936211685059,-0.0639438331127166,2535.4101386324305,2151.2570873244863
9.175000000000065,16.65522575378418,-0.2513023383087582,0.1707789166821004,0.3083008829752604,2.841135704517365,0.0845975174566447,0.0,0.0,0.0,0.0,-0.015088497869904922,-0.0623790808022022,2536.0629362454188,2151.8109762082336
9.200000000000063,16.655900743272568,-0.2510226600699954,0.1692436376031834,0.3076525416518703,2.84195494055748,0.0835625506392018,0.0,0.0,0.0,0.0,-0.01507109485936299,-0.0603914856910705,2536.794205136964,2152.4314467828785
9.225000000000064,16.65660646226671,-0.2500963542196486,0.1677632529322356,0.30658902254971593,2.8428746461868286,0.0823921371131932,0.0,0.0,0.0,0.0,-0.0150148443973992,-0.0579935386776924,2537.6151554897187,2153.1280107185485
9.250000000000064,16.657338672214085,-0.2485456731584337,0.1663478993261561,0.3051289044004498,2.8439193546772006,0.0810891772274936,0.0,0.0,0.0,0.0,-0.014921091420986108,-0.0551958084106445,2538.5476862651403,2153.91924895224
9.275000000000064,16.658096313476562,-0.2463964952362908,0.1650073639019511,0.30329318884647255,2.84509636759758,0.0796552647175677,0.0,0.0,0.0,0.0,-0.01479139576332943,-0.0520161986351013,2539.5983150112825,2154.8106915247245
9.300000000000065,16.658876207139755,-0.2436785068776872,0.1637509843681926,0.3010996269457268,2.846425545215607,0.0780928879745591,0.0,0.0,0.0,0.0,-0.014627547731776174,-0.0484715513885021,2540.784769458849,2155.817380146902
9.325000000000063,16.659677293565537,-0.2404246893193986,0.1625875824459915,0.2985690862482244,2.8479086399078373,0.0764047892221527,0.0,0.0,0.0,0.0,-0.014431533401445762,-0.0445891134440898,2542.108613819373,2156.9406420285586
9.350000000000064,16.660498513115776,-0.2366716000768873,0.1615252641319157,0.29571520256273676,2.8495535373687746,0.0745918839219733,0.0,0.0,0.0,0.0,-0.014205553326664892,-0.0403951592743396,2543.5768870447505,2158.1864496137273
9.375000000000066,16.661335627237957,-0.2324596378538343,0.1605716360798288,0.2925493413751776,2.851201355457306,0.0726588742178205,0.0,0.0,0.0,0.0,-0.013952041004072279,-0.0358257293701171,2545.0477672893494,2159.4344692152054
9.400000000000066,16.662189695570206,-0.2278425461716122,0.1597397644238289,0.2890808799050071,2.852482342720032,0.0706068524218602,0.0,0.0,0.0,0.0,-0.013674225917148586,-0.0306702964007854,2546.1912059197666,2160.4046595682867
9.425000000000066,16.663058598836262,-0.2228825787703196,0.1590419163496872,0.2853186728737571,2.8535282194614413,0.0684404977913514,0.0,0.0,0.0,0.0,-0.013375850384747827,-0.0251670684665441,2547.1247795028767,2161.196782608501
9.450000000000069,16.663939158121746,-0.2176377342806922,0.1584825859417434,0.2813079649029356,2.8547087371349336,0.0661622279772213,0.0,0.0,0.0,0.0,-0.013060401398226357,-0.0195229612290859,2548.178536672084,2162.090879600556
9.475000000000067,16.664832433064777,-0.2121626171800825,0.1580651520856303,0.27699494795365764,2.855948543548584,0.0637749058776416,0.0,0.0,0.0,0.0,-0.012731158145888679,-0.0138528319075703,2549.285216331482,2163.0298805236816
9.500000000000068,16.665735244750977,-0.2065175606144799,0.157787833792369,0.2724031806714607,2.857038521766663,0.0612827592608429,0.0,0.0,0.0,0.0,-0.012391746153505257,-0.0083313435316085,2550.258155904833,2163.855405010161
9.525000000000068,16.66664547390408,-0.2007662422127193,0.1576447887523181,0.26756875240441524,2.8577964246273044,0.0586900367010017,0.0,0.0,0.0,0.0,-0.012045989850031339,-0.0031403745524585,2550.9346773927336,2164.429423242319
9.550000000000068,16.667564180162216,-0.1949722402625613,0.1576254142553877,0.26254978064334755,2.858028322458267,0.0559982674351501,0.0,0.0,0.0,0.0,-0.01169770448489515,0.0015115602873265,2551.141674718896,2164.605057337245
9.575000000000069,16.66849030388726,-0.1892095307509104,0.1577180589718089,0.25721915967536696,2.856598967313767,0.0532132958535241,0.0,0.0,0.0,0.0,-0.011351329802602748,0.005795863457024,2549.865799512043,2163.5224965556727
9.600000000000067,16.669422785441082,-0.1835703021950191,0.1579076427519089,0.2516450361772017,2.8532271027565006,0.0503388587040283,0.0,0.0,0.0,0.0,-0.011012397043246613,0.0090459082275629,2546.8559958211717,2160.9687237270546
9.62500000000007,16.670361624823677,-0.178138878610399,0.158155250154259,0.24582717895507813,2.8476247549057008,0.0473780852009435,0.0,0.0,0.0,0.0,-0.010685963665307302,0.0103584006428718,2541.8552115510724,2156.7256340433337
9.65000000000007,16.67130576239692,-0.1729988886250389,0.1584015259760641,0.2397657313491359,2.838478809595108,0.0443374439128862,0.0,0.0,0.0,0.0,-0.010377044911217917,0.0088099874556064,2533.691330859896,2149.7987049720323
9.67500000000007,16.672257317437065,-0.1682390107048882,0.1585637624207203,0.2334557550603693,2.824394083023072,0.0412194794070541,0.0,0.0,0.0,0.0,-0.0100909557417238,0.0034715074580162,2521.1189806656766,2139.131256322392
9.70000000000007,16.67321734958225,-0.1639507214228312,0.1585302565252558,0.2268902911561908,2.8031768918037416,0.0380292027955452,0.0,0.0,0.0,0.0,-0.009833178443327798,-0.0071270582266151,2502.1800288313725,2123.061842644801
9.72500000000007,16.674185858832466,-0.1602265735467275,0.1581529864673324,0.2200589266690341,2.772854351997376,0.034769714164316,0.0,0.0,0.0,0.0,-0.009609259180822555,-0.0242495741695165,2475.113433873068,2100.0962469226024
9.750000000000073,16.675164964463974,-0.1571570005681779,0.1572400215561396,0.2129406876997514,2.729595768451691,0.0314442082663772,0.0,0.0,0.0,0.0,-0.009424614443280846,-0.0503941811621189,2436.4998293802387,2067.333188565051
9.775000000000071,16.67615466647678,-0.1548171208964454,0.1555531087426562,0.20561546556877366,2.671523761749268,0.0280531324295683,0.0,0.0,0.0,0.0,-0.00928374220512996,-0.0866015255451202,2384.663423397503,2023.3507834887898
9.800000000000072,16.677153905232746,-0.1532457603348626,0.152813847824428,0.19790130152846827,2.59537336230278,0.0246031580804792,0.0,0.0,0.0,0.0,-0.009188963608879275,-0.1343653798103332,2316.689829137482,1965.6762186621054
9.825000000000072,16.67815950181749,-0.1524413294262356,0.1487267777232674,0.18983417626583216,2.4978042483329777,0.0211050325305248,0.0,0.0,0.0,0.0,-0.00914017697274231,-0.1941793709993362,2229.597398716896,1891.7796110325176
9.850000000000072,16.679164038764107,-0.1522975663344065,0.1429992336801317,0.18151377360026041,2.3803612858057024,0.017593335261984,0.0,0.0,0.0,0.0,-0.009131007164414905,-0.2650947272777557,2124.765114952795,1802.8310066266138
9.875000000000073,16.68015268113878,-0.1525493959585825,0.1353900997478277,0.173095571344549,2.2453235864639285,0.0141325881141964,0.0,0.0,0.0,0.0,-0.009145563525391406,-0.344011902809143,2004.2273652944414,1700.5565523710407
9.900000000000071,16.681114832560223,-0.1527489887343512,0.1257689476119689,0.16431924068566525,2.098459389805794,0.0107735414708335,0.0,0.0,0.0,0.0,-0.009157001211705419,-0.425194650888443,1873.1330127036967,1589.3249804758634
9.925000000000074,16.68203459845649,-0.1523121198018392,0.1141311500301612,0.1558134992194898,1.9416119039058688,0.007500620390819,0.0,0.0,0.0,0.0,-0.009130308350753086,-0.5035518407821655,1733.1273470110584,1470.532294433625
9.950000000000074,16.682898203531902,-0.1506874958674113,0.1006133937453529,0.14686919010046756,1.7744496375322345,0.0043182870668784,0.0,0.0,0.0,0.0,-0.009032453116300233,-0.5763512849807739,1583.914471534921,1343.927430393266
9.975000000000074,16.68368975321452,-0.1473041706615024,0.0853631929147993,0.13816744948878432,1.5989608079195023,0.0012184413216066,0.0,0.0,0.0,0.0,-0.008829232192664136,-0.6417749524116516,1427.269114610113,1211.0162184570656
10.000000000000076,16.684398651123047,-0.1417982247140672,0.0686339556385997,0.12962828665068654,1.4111990630626678,-0.001815527694619,0.0,0.0,0.0,0.0,-0.008498851392796382,-0.6959598064422607,1259.6686718649553,1068.8097821884467
10.025000000000077,16.685014300876194,-0.1339390791124767,0.0506940536532285,0.12123513655229048,1.2069996610283853,-0.0047690351761877,0.0,0.0,0.0,0.0,-0.00802750760036466,-0.7363494634628296,1077.3955990655013,914.1538416313343
10.050000000000075,16.68551868862576,-0.1237462543778949,0.0318955630965779,0.11291647477583451,0.9824649512767792,-0.0076744488682982,0.0,0.0,0.0,0.0,-0.007416386429883697,-0.7637012004852295,876.9707638855841,744.0964057211015
10.075000000000076,16.685890621609158,-0.1115016473664177,0.0126187261559598,0.10487218221028646,0.7346135571599007,-0.0105523711437889,0.0,0.0,0.0,0.0,-0.006682391122833854,-0.7750726938247681,655.7329211042065,556.3794482096296
10.100000000000076,16.68611208597819,-0.0977044800917307,-0.0067233239015542,0.0976130098285097,0.4619719490408898,-0.01342781218018,0.0,0.0,0.0,0.0,-0.005855437119701151,-0.769463837146759,412.3667643487943,349.8869515686739
10.125000000000076,16.68616188897027,-0.0830258429050445,-0.0257095496300012,0.09090138753255209,0.1665941677987575,-0.016336822570171,0.0,0.0,0.0,0.0,-0.004975730396090995,-0.7470893859863281,148.70577764987453,126.17459921807533
10.150000000000077,16.686017778184677,-0.0682202354073524,-0.0439663719462811,0.0847563564416134,-0.1472675627097487,-0.0192987684883138,0.0,0.0,0.0,0.0,-0.004088467141425658,-0.7115570902824402,-131.454406385997,-111.53707208508834
10.175000000000075,16.685656441582573,-0.0539878259102503,-0.0612192865613311,0.0795849644054066,-0.470617189258337,-0.0223376787216626,0.0,0.0,0.0,0.0,-0.003235582975069919,-0.6683727502822876,-420.08370418223694,-356.43465809401914
10.200000000000076,16.685060924953884,-0.0408505193061298,-0.0773238336307714,0.07516332799738104,-0.7909787490963937,-0.0254550294520872,0.0,0.0,0.0,0.0,-0.0024483290465565203,-0.6210521459579468,-706.045785054076,-599.0691509549735
10.225000000000078,16.684220631917317,-0.0290884946783383,-0.0922312190500046,0.07180048798069809,-1.0966478362679482,-0.0286411334311226,0.0,0.0,0.0,0.0,-0.0017434733884237486,-0.5726458430290222,-978.8930276195047,-830.5759022226098
10.250000000000078,16.683135562472874,-0.0187392036120096,-0.1059409060256235,0.06957905567053592,-1.379776468873024,-0.0318815960650172,0.0,0.0,0.0,0.0,-0.0011232423030932898,-0.5244929194450378,-1231.6201431169864,-1045.0110305235032
10.27500000000008,16.681813134087456,-0.0096447186337576,-0.1184685572737892,0.06851622581481934,-1.6329131036996842,-0.035118642362576,0.0,0.0,0.0,0.0,-0.0005781576952237689,-0.4775989949703216,-1457.5757130565214,-1236.7309080479574
10.30000000000008,16.680268181694878,-0.0015325306190384,-0.1298213633294448,0.06836458263975201,-1.854286453127861,-0.0383045185165024,0.0,0.0,0.0,0.0,-9.187685727500576e-05,-0.4313214719295501,-1655.178645455935,-1404.3940022050356
10.32500000000008,16.67852931552463,0.0059099681675434,-0.1400183907615196,0.0698404835209702,-2.045688614249229,-0.0414196679778386,0.0,0.0,0.0,0.0,0.0003543458812068226,-0.3849716484546661,-1826.0286073093528,-1549.357606201875
10.35000000000008,16.676628324720596,0.0129626515424913,-0.1491021502789141,0.07242961796847257,-2.2083921045064927,-0.0444608959935736,0.0,0.0,0.0,0.0,0.0007772945040260996,-0.3410375118255615,-1971.2614768914514,-1672.5854955442614
10.37500000000008,16.674600177341038,0.0198400889833768,-0.1571204123336815,0.07659761313236121,-2.3441211163997653,-0.0474269916576493,0.0,0.0,0.0,0.0,0.0011898389629957852,-0.3006574213504791,-2092.416307999463,-1775.38353406015
10.40000000000008,16.672485139634873,0.0267147769530614,-0.1641290700191998,0.08222698731855912,-2.458376944065094,-0.0503194696429358,0.0,0.0,0.0,0.0,0.0016023272313227836,-0.2614745497703552,-2194.4036820384326,-1861.9182756689727
10.42500000000008,16.67032135857476,0.0337456208136346,-0.1702134776484062,0.08915379437533293,-2.5520026266574862,-0.0531343310466087,0.0,0.0,0.0,0.0,0.0020242933587046163,-0.2250278890132904,-2277.9761151065595,-1932.8282188782925
10.45000000000008,16.668149100409615,0.0410238446460829,-0.1754263658108841,0.09751311042092063,-2.6248214662075045,-0.0558713948569376,0.0,0.0,0.0,0.0,0.0024612117637629453,-0.1927690953016281,-2342.975882540961,-1987.979536701421
10.47500000000008,16.666008631388348,0.0486579454607433,-0.179851008224969,0.10711194934266986,-2.683752429485321,-0.0585259485271499,0.0,0.0,0.0,0.0,0.002919591999316629,-0.1616632789373397,-2395.5790128766516,-2032.612495774128
10.500000000000082,16.663935979207356,0.0567176813880602,-0.1835604254387995,0.11781946008855647,-2.726014202833176,-0.0610950438546951,0.0,0.0,0.0,0.0,0.003403618536390828,-0.1352236270904541,-2433.302841709286,-2064.6205929654548
10.525000000000082,16.661962933010525,0.0652421596977445,-0.1866142722607933,0.12947732520825936,-2.758488953113556,-0.0635711386841423,0.0,0.0,0.0,0.0,0.003915634668019057,-0.1096558719873428,-2462.2905491316906,-2089.2162235056767
10.550000000000082,16.660118103027344,0.0742604004012213,-0.1890893808883993,0.14183026862866951,-2.778708750009537,-0.0659519942957002,0.0,0.0,0.0,0.0,0.004457375388457018,-0.0884219780564308,-2480.339203901956,-2104.5302336137806
10.575000000000085,16.65842162238227,0.0837467362483342,-0.191036268158545,0.15464938308253431,-2.7941279113292694,-0.0682303868649118,0.0,0.0,0.0,0.0,0.005027291189209187,-0.067502774298191,-2494.10270117834,-2116.2083525149546
10.600000000000083,16.656890445285374,0.0936413390768898,-0.1925095288735768,0.1677095517245206,-2.802013021707535,-0.0704008902010562,0.0,0.0,0.0,0.0,0.005621777929349015,-0.0506783202290535,-2501.141131671726,-2122.1803541457066
10.625000000000083,16.6555298699273,0.1038848608732223,-0.193574477059229,0.1807740390661991,-2.808243888616562,-0.0724602481735818,0.0,0.0,0.0,0.0,0.0062372594378275244,-0.0346361175179481,-2506.7029464782263,-2126.899469739101
10.650000000000084,16.6543451944987,0.1143327769305971,-0.1942513194502727,0.19368047540838068,-2.813358783721924,-0.0744021961121432,0.0,0.0,0.0,0.0,0.006865041861169286,-0.0202043149620294,-2511.2686192403075,-2130.7733739008668
10.675000000000084,16.65333324008518,0.1248935444487465,-0.1946089986294271,0.20615140047940342,-2.8164388775825504,-0.0762238149425142,0.0,0.0,0.0,0.0,0.007499612398803333,-0.0085409954190254,-2514.017981710982,-2133.1061663002265
10.700000000000085,16.652487648857964,0.1354532026582294,-0.194684932010008,0.21808592825224904,-2.820125585794449,-0.0779223000231719,0.0,0.0,0.0,0.0,0.008134112182783626,0.0023353355936706,-2517.3088220738978,-2135.898394486943
10.725000000000083,16.65179994371202,0.1458885769049326,-0.1944973123112119,0.22933038884943183,-2.823944598436356,-0.0794959660724889,0.0,0.0,0.0,0.0,0.008761129571462477,0.012465133331716,-2520.7177604075346,-2138.790827012453
10.750000000000083,16.65125846862793,0.1561126940780215,-0.1940794789809353,0.2398314921061198,-2.826384198665619,-0.0809413218527237,0.0,0.0,0.0,0.0,0.009375429152826385,0.0206228196620941,-2522.8954035629995,-2140.6385242352717
10.775000000000086,16.650853686862522,0.1660641531149546,-0.1934708634480682,0.24951113151781487,-2.828590148687363,-0.0822563491871128,0.0,0.0,0.0,0.0,0.009973311653442654,0.027926467359066,-2524.8644851807694,-2142.30926015338
10.800000000000086,16.650572882758247,0.1756680011749267,-0.1926864293489853,0.2583305682558002,-2.830745279788971,-0.0834400077783554,0.0,0.0,0.0,0.0,0.01055026769420239,0.0346889682114124,-2526.78820466409,-2143.9415069877123
10.825000000000086,16.65040440029568,0.1848573320441776,-0.1917399918318416,0.266304580226089,-2.8327511668205263,-0.0844892474747654,0.0,0.0,0.0,0.0,0.011102272809715952,0.0408919677138328,-2528.5787054652073,-2145.4607197886608
10.850000000000088,16.650336583455402,0.1935780379507276,-0.1906493441416701,0.27343518806226325,-2.8341060459613803,-0.0854037145752605,0.0,0.0,0.0,0.0,0.011626073561964885,0.0461774431169033,-2529.7881016819206,-2146.4868741543564
10.875000000000089,16.650359895494248,0.2017926673094431,-0.1894384214387678,0.27975402369643704,-2.83479180932045,-0.0861803547669657,0.0,0.0,0.0,0.0,0.012119417752888944,0.0504977367818355,-2530.4002297950574,-2147.006255583685
10.900000000000087,16.650464799669052,0.2094691495100657,-0.1881282626957466,0.2853023320978338,-2.8352719604969026,-0.0868196465866392,0.0,0.0,0.0,0.0,0.01258037850776569,0.0542014651000499,-2530.8288237550223,-2147.3699110648668
10.925000000000088,16.650640699598526,0.2165708111392127,-0.1867320838495157,0.29012520992394647,-2.835735756158829,-0.0873191598997864,0.0,0.0,0.0,0.0,0.013006755418392673,0.0573858916759491,-2531.2428184073483,-2147.721179254719
10.950000000000088,16.650882297092014,0.2230653829044765,-0.1852626847180645,0.29427307128906244,-2.8361814439296724,-0.0876789446406777,0.0,0.0,0.0,0.0,0.013396610397242052,0.0600646063685417,-2531.6406495405026,-2148.0587329434566
10.975000000000088,16.651182174682617,0.2289256287945641,-0.1837327319613276,0.29779713023792614,-2.836626547574997,-0.0878984931442303,0.0,0.0,0.0,0.0,0.013748310864236135,0.0622338205575943,-2532.037959269813,-2148.3958442289318
11.000000000000089,16.651535034179688,0.2341289652718438,-0.1821548922392397,0.30074571551698626,-2.8370926797389986,-0.0879767859190894,0.0,0.0,0.0,0.0,0.014060503418529293,0.06390081346035,-2532.454039537516,-2148.7488820318313
11.02500000000009,16.65193663703071,0.2386578420797983,-0.1805415326061129,0.303165546764027,-2.837572538852692,-0.0879145553345548,0.0,0.0,0.0,0.0,0.014332137293212435,0.0650810673832893,-2532.882372795559,-2149.112316311383
11.05000000000009,16.65238380432129,0.2424998415840996,-0.1789047371553934,0.3050984839237097,-2.838071382045746,-0.0877110565377592,0.0,0.0,0.0,0.0,0.014562470120414289,0.0657784789800643,-2533.327651678539,-2149.4901286969416
11.07500000000009,16.652873357137043,0.2456473641925388,-0.1772564901119865,0.3065806209679806,-2.8385935902595523,-0.0873671925067595,0.0,0.0,0.0,0.0,0.014751049799298446,0.0660029128193855,-2533.7937867152887,-2149.885637212972
11.10000000000009,16.653405295477974,0.2480975124571058,-0.175608476095175,0.30764229976769647,-2.839149677753449,-0.0868833710380977,0.0,0.0,0.0,0.0,0.01489770458684949,0.0657654926180839,-2534.290163175005,-2150.306805118186
11.12500000000009,16.653975380791557,0.2498519420623779,-0.1739721134081327,0.3082939101710464,-2.839748114347458,-0.086259633743666,0.0,0.0,0.0,0.0,0.015002540615651044,0.0650753006339073,-2534.8243414134276,-2150.760047259878
11.150000000000093,16.6545836130778,0.250916729370753,-0.1723585706826809,0.30851531520034325,-2.840404671430588,-0.0854970250819542,0.0,0.0,0.0,0.0,0.015065926305940414,0.0639434531331062,-2535.410399334353,-2151.257308526117
11.175000000000091,16.65522681342231,0.2513021396266089,-0.1707788001688027,0.3082985432942708,-2.841135996580124,-0.0845973426866981,0.0,0.0,0.0,0.0,0.015088484980828156,0.0623786523938179,-2536.06319694734,-2151.8111974098642
11.200000000000092,16.655902862548828,0.2510224117173089,-0.1692435377346425,0.30765024820963544,-2.8419552326202395,-0.0835623509021201,0.0,0.0,0.0,0.0,0.015071078030944717,0.0603910125792026,-2536.794465838886,-2152.4316679845087
11.225000000000092,16.65660752190484,0.2500960727532704,-0.1677631530636947,0.3065867892178622,-2.842875230312348,-0.0823919124089763,0.0,0.0,0.0,0.0,0.015014826544023028,0.0579930245876312,-2537.6156768935634,-2153.1284531218107
11.250000000000092,16.65734079149034,0.2485453420215183,-0.1663478161023721,0.30512670343572446,-2.84391964673996,-0.0810889275561414,0.0,0.0,0.0,0.0,0.01492106964327052,0.05519525334239,-2538.5479469670627,-2153.919470153871
11.275000000000093,16.658097373114693,0.2463961309856838,-0.1650072973229239,0.30329104336825286,-2.8450966596603395,-0.0796549817567018,0.0,0.0,0.0,0.0,0.01479137295615491,0.0520156100392341,-2539.598575713205,-2154.810912726355
11.300000000000091,16.658878326416016,0.2436781095133887,-0.1637509344339222,0.301097499963009,-2.846426129341125,-0.0780925842077472,0.0,0.0,0.0,0.0,0.014627522017913286,0.0484709218144416,-2540.785290862693,-2155.8178225501633
11.325000000000092,16.659679412841797,0.2404242753982544,-0.1625875491564779,0.29856698700875944,-2.847909224033356,-0.0764044646493948,0.0,0.0,0.0,0.0,0.01443150671992691,0.0445884577929973,-2542.109135223217,-2156.94108443182
11.350000000000094,16.660499572753906,0.2366711530420515,-0.1615252474871589,0.2957131218187737,-2.849554121494293,-0.074591530220891,0.0,0.0,0.0,0.0,0.014205525591147133,0.0403944738209247,-2543.5774084485947,-2158.186892016989
11.375000000000094,16.661336686876083,0.2324591742621528,-0.1605716360798288,0.29254726987896545,-2.851201939582825,-0.072658495549603,0.0,0.0,0.0,0.0,0.013952012292342537,0.0358249880373477,-2545.0482886931936,-2159.434911618467
11.400000000000096,16.662190755208332,0.2278420825799306,-0.1597397810685857,0.28907882690429687,-2.8524829268455507,-0.0706064467059129,0.0,0.0,0.0,0.0,0.013674197224558291,0.0306695196777582,-2546.1917273236104,-2160.405101971548
11.425000000000097,16.663059658474392,0.2228820986217922,-0.1590419496392009,0.28531661987304685,-2.85352880358696,-0.0684400587858905,0.0,0.0,0.0,0.0,0.013375820719002243,0.0251663010567426,-2547.125300906721,-2161.197225011763
11.450000000000095,16.663940217759873,0.2176372706890106,-0.1584826525207706,0.2813059165261009,-2.854709613323212,-0.0661617598434359,0.0,0.0,0.0,0.0,0.013060372747680649,0.0195221714675426,-2548.1793187778508,-2162.0915432054485
11.475000000000096,16.664833492702908,0.2121621701452467,-0.1580652353094143,0.27699288108132103,-2.855949127674103,-0.063774412776721,0.0,0.0,0.0,0.0,0.012731130511333757,0.013852072879672,-2549.285737735327,-2163.0303229269434
11.500000000000096,16.665736304389107,0.2065171301364898,-0.157787917016153,0.2724011137991241,-2.8570391058921816,-0.0612822474345709,0.0,0.0,0.0,0.0,0.012391719535493985,0.008330650627613,-2550.258677308677,-2163.8558474134225
11.525000000000096,16.66664653354221,0.2007658448484209,-0.1576449052656157,0.26756669940370503,-2.857797008752823,-0.0586895227941351,0.0,0.0,0.0,0.0,0.012045965242280299,0.0031397868879139,-2550.9351987965774,-2164.4298656455803
11.550000000000097,16.667565239800346,0.1949718760119544,-0.1576255474134422,0.2625476998993845,-2.8580289065837863,-0.0559977597700673,0.0,0.0,0.0,0.0,0.011697681887357045,-0.0015119636664167,-2551.14219612274,-2164.6054997405067
11.575000000000095,16.66849136352539,0.1892092161708408,-0.1577181921298634,0.2572170650597774,-2.856598967313767,-0.0532127923496305,0.0,0.0,0.0,0.0,0.011351310208245684,-0.0057961004786193,-2549.865799512043,-2163.5224965556727
11.600000000000096,16.66942384507921,0.1835700372854868,-0.1579077759099634,0.25164294156161215,-2.8532271027565006,-0.0503383489583509,0.0,0.0,0.0,0.0,0.011012380451270152,-0.0090458942577242,-2546.8559958211717,-2160.9687237270546
11.625000000000098,16.670361624823677,0.1781386799282497,-0.1581553833123135,0.24582507509173768,-2.847624170780182,-0.0473775546493201,0.0,0.0,0.0,0.0,0.010685951747020597,-0.0103580672293901,-2541.854690147228,-2156.725191640072
11.650000000000098,16.67130682203505,0.1729987727271186,-0.1584016424893618,0.2397636182380445,-2.8384776413440704,-0.0443368821523438,0.0,0.0,0.0,0.0,0.010377037299707069,-0.0088089685887098,-2533.6902880522075,-2149.7978201655087
11.675000000000098,16.672258377075195,0.1682389775911967,-0.1585638456445044,0.2334536604447798,-2.824392038583756,-0.0412188864375926,0.0,0.0,0.0,0.0,0.010090953114218155,-0.0034698427189141,-2521.1171557522216,-2139.129707910976
11.7000000000001,16.67321734958225,0.1639507876502143,-0.1585302898147694,0.22688819654060133,-2.8031730949878693,-0.038028590060435,0.0,0.0,0.0,0.0,0.009833182415409593,0.0071299066767096,-2502.1766397063852,-2123.058967023599
11.7250000000001,16.674185858832466,0.1602267556720309,-0.158152936533062,0.22005680893406723,-2.772847926616669,-0.0347690931068274,0.0,0.0,0.0,0.0,0.009609270103413016,0.024254135787487,-2475.1076984307806,-2100.0913804867228
11.7500000000001,16.675164964463974,0.1571573151482476,-0.1572398218190579,0.21293857458866003,-2.729587882757187,-0.0314435913700778,0.0,0.0,0.0,0.0,0.00942463330846571,0.0503999926149845,-2436.492790428342,-2067.3272161210166
11.7750000000001,16.67615572611491,0.1548175513744354,-0.1555527592027631,0.20561335708155776,-2.6715135395526888,-0.0280525196944581,0.0,0.0,0.0,0.0,0.009283767429203761,0.0866086706519126,-2384.654298830228,-2023.3430414317081
11.8000000000001,16.677154964870876,0.153246306710773,-0.1528132819026963,0.19789917916962596,-2.595359343290329,-0.0246025401438826,0.0,0.0,0.0,0.0,0.009188995786965724,0.134375050663948,-2316.6773154452203,-1965.6656009838227
11.8250000000001,16.67816056145562,0.1524419751432207,-0.1487259454854268,0.1898320515950521,-2.497787016630173,-0.0211043906670902,0.0,0.0,0.0,0.0,0.009140215108345019,0.1941908448934555,-2229.5820173034904,-1891.7665601362946
11.8500000000001,16.679164038764107,0.1522982782787746,-0.1429980851919116,0.18151151946096708,-2.380340403318405,-0.0175926689515628,0.0,0.0,0.0,0.0,0.00913104984907023,0.2651081383228302,-2124.746474765363,-1802.8151907100048
11.8750000000001,16.68015374077691,0.152550157573488,-0.1353886017197146,0.17309346748120857,-2.2452973008155825,-0.014131907239613,0.0,0.0,0.0,0.0,0.009145608604347474,0.3440279364585876,-2004.2039021214505,-1700.5366442242607
11.900000000000102,16.68111589219835,0.1527496841218736,-0.1257670417873138,0.16431715300588898,-2.098431789875031,-0.0107728681384055,0.0,0.0,0.0,0.0,0.00915704231713381,0.4252108037471771,-1873.1083763720562,-1589.3040769217446
11.925000000000102,16.68203459845649,0.1523126661777496,-0.1141288613760994,0.15581137917258522,-1.9415813833475115,-0.0074999638331851,0.0,0.0,0.0,0.0,0.009130341103107554,0.503567099571228,-1733.100103660197,-1470.5091788631971
11.950000000000102,16.68289926317003,0.1506877773337894,-0.1006107389066413,0.1468671093565045,-1.7744195550680162,-0.0043176609379404,0.0,0.0,0.0,0.0,0.00903246941414164,0.5763648152351379,-1583.8876192369423,-1343.9046466252842
11.975000000000104,16.68368975321452,0.147304054763582,-0.0853602218257082,0.13816539417613635,-1.5989285349845888,-0.0012178517331114,0.0,0.0,0.0,0.0,0.008829225245884248,0.6417860388755798,-1427.240307047719,-1210.9917756768523
12.000000000000105,16.684399710761177,0.1417976286676195,-0.068630726555778,0.12962626832904237,-1.411165913939476,0.001816087959734,0.0,0.0,0.0,0.0,0.008498815128251947,0.6959692239761353,-1259.6390821967948,-1068.7846758033406
12.025000000000103,16.685015360514324,0.1339379698038101,-0.0506906414780818,0.121233173717152,-1.20696337223053,0.0047695953112656,0.0,0.0,0.0,0.0,0.008027440605225873,0.736355721950531,-1077.3632068516781,-914.1263573286964
12.050000000000104,16.68551868862576,0.1237446649207009,-0.0318920260857552,0.11291455817945076,-0.9824234783649444,0.0076750082881718,0.0,0.0,0.0,0.0,0.007416291170202313,0.7637047171592712,-876.933744212643,-744.0649950895152
12.075000000000104,16.685890621609158,0.1114996688233481,-0.0126151236064071,0.10487038352272728,-0.7345664620399476,0.0105529427871557,0.0,0.0,0.0,0.0,0.006682272547019445,0.7750733494758606,-655.6908829192647,-556.3437794466487
12.100000000000104,16.68611208597819,0.0977022366391287,0.0067269285317015,0.09761129668264679,-0.4619185745716095,0.0134283916257765,0.0,0.0,0.0,0.0,0.005855302669411567,0.7694620490074158,-412.31912107252685,-349.8465269706288
12.125000000000105,16.68616188897027,0.0830234752760993,0.0257130949632024,0.09089981657085996,-0.1665360108017921,0.0163374280232,0.0,0.0,0.0,0.0,0.004975588504326972,0.7470852732658386,-148.65386537963244,-126.13055244332448
12.150000000000103,16.686018837822807,0.0682178801960415,0.0439698049273738,0.08475480397542318,0.14732835739851,0.0192994046301132,0.0,0.0,0.0,0.0,0.004088325733002863,0.7115509510040283,131.50867312047328,111.58311658706822
12.175000000000106,16.685656441582573,0.0539855990144941,0.0612225739008017,0.07958376450972124,0.4706771351397038,0.0223383361895567,0.0,0.0,0.0,0.0,0.003235449513388984,0.668366014957428,420.137213251752,356.4800597287592
12.200000000000106,16.685060924953884,0.0408484910925229,0.0773269545226739,0.07516223618478486,0.79103891402483,0.0254557004438463,0.0,0.0,0.0,0.0,0.0024482074878989873,0.6210453510284424,706.0994896500328,599.1147184909368
12.225000000000106,16.684220631917317,0.0290866672164864,0.0922341485272037,0.07179955973769679,1.0967040583491323,0.0286418054631789,0.0,0.0,0.0,0.0,0.0017433638560762558,0.572638213634491,978.9432127395124,830.6184835365558
12.250000000000108,16.683135562472874,0.0187375562058554,0.1059436274433625,0.06957835457541726,1.3798272877931597,0.0318822535329113,0.0,0.0,0.0,0.0,0.0011231435562990778,0.5244846343994141,1231.6655052514354,1045.0495196072782
12.275000000000109,16.681813134087456,0.0096431912647353,0.1184710623096895,0.06851574435378566,1.63295895755291,0.0351192748633349,0.0,0.0,0.0,0.0,0.0005780661362900952,0.4775891900062561,1457.6166432582943,1236.765636704007
12.300000000000107,16.680268181694878,0.0015310681838956,0.1298236270163713,0.06836426966118091,1.85432602763176,0.0383051198083423,0.0,0.0,0.0,0.0,9.178918271684697e-05,0.4313117563724518,1655.2139705663826,1404.4239750260213
12.325000000000108,16.67852931552463,-0.0059114034391111,0.140020404777094,0.06984048467693907,2.045721909403801,0.041420240141354,0.0,0.0,0.0,0.0,-0.0003544319362504387,0.3849628269672394,1826.058327328475,1549.3828231877967
12.350000000000108,16.676628324720596,-0.0129640930228763,0.1491039312678931,0.07242987632751464,2.208420872688293,0.0444614452705484,0.0,0.0,0.0,0.0,-0.0007773809411857539,0.3410289287567138,1971.2871560307797,1672.6072839049036
12.375000000000108,16.674600177341038,-0.0198415666818618,0.1571219769408219,0.07659815614873712,2.344146233797073,0.0474275180480835,0.0,0.0,0.0,0.0,-0.0011899275827209534,0.3006488680839538,2092.4387283647648,1775.402557400406
12.400000000000109,16.672485139634873,-0.0267163001828723,0.1641304182445017,0.08222780285459576,2.458396512269974,0.0503199689856402,0.0,0.0,0.0,0.0,-0.0016024185932162352,0.2614670097827911,2194.4211490672146,1861.9330961782425
12.425000000000107,16.67032029893663,-0.0337472040620115,0.1702146261366262,0.08915487867413145,2.552019566297531,0.0531347991803941,0.0,0.0,0.0,0.0,-0.002024388461460106,0.2250194996595382,2277.9912358180422,1932.8410485728841
12.45000000000011,16.668149100409615,-0.0410255127482944,0.175427347851536,0.09751445423473011,2.624834316968918,0.0558718338623986,0.0,0.0,0.0,0.0,-0.0024613118409941635,0.1927623003721237,2342.9873534255344,1987.9892695731803
12.47500000000011,16.666008631388348,-0.0486596922079722,0.1798518404628096,0.10711349256110914,2.683762359619141,0.0585263667266649,0.0,0.0,0.0,0.0,-0.002919696808288443,0.1616572588682174,2395.5878767420036,2032.6200166295785
12.50000000000011,16.663935979207356,-0.0567195233371522,0.1835611078738288,0.11782123565673829,2.72602208852768,0.0610954474900479,0.0,0.0,0.0,0.0,-0.0034037290714465495,0.1352181881666183,2433.3098806611833,2064.6265654094886
12.52500000000011,16.661962933010525,-0.0652440844310654,0.1866148215377681,0.12947926261208273,2.7584945023059846,0.0635715402389004,0.0,0.0,0.0,0.0,-0.003915750184619871,0.1096511259675026,2462.295502468211,2089.2204263366634
12.55000000000011,16.660118103027344,-0.0742624203364054,0.1890898136520765,0.14183229388612692,2.778712546825409,0.0659523979310529,0.0,0.0,0.0,0.0,-0.004457496632206408,0.0884176567196846,2480.342593026943,2104.5331092349816
12.575000000000111,16.65842162238227,-0.0837488389677471,0.1910366010536812,0.15465151006525213,2.794130539894104,0.0682307925808591,0.0,0.0,0.0,0.0,-0.0050274174148181045,0.0674990192055702,2494.105047495639,2116.2103433296325
12.600000000000112,16.656890445285374,-0.0936435080236858,0.192509778544929,0.1677116787072384,2.8020147740840917,0.0704013000781927,0.0,0.0,0.0,0.0,-0.005621908142536352,0.0506750047206878,2501.142695883259,2122.1816813554924
12.625000000000112,16.6555298699273,-0.1038870794905556,0.1935746435067972,0.18077617992054332,2.808245348930359,0.0724606393253669,0.0,0.0,0.0,0.0,-0.006237392643876845,0.0346329286694526,2506.704249987837,2126.900575747255
12.650000000000112,16.6543451944987,-0.1143350121047761,0.1942514026740567,0.19368254921653055,2.813359367847443,0.0744025664579823,0.0,0.0,0.0,0.0,-0.006865176070839669,0.0202018674463033,2511.269140644152,2130.7738163041286
12.675000000000113,16.65333324008518,-0.1248957879013485,0.1946090319189408,0.20615341186523437,2.816439461708069,0.0762241519988397,0.0,0.0,0.0,0.0,-0.007499747113732151,0.0085387052968144,2514.0185031148258,2133.106608703488
12.700000000000111,16.652487648857964,-0.1354554295539856,0.1946849153652512,0.21808783328894413,2.8201264619827278,0.0779226079511729,0.0,0.0,0.0,0.0,-0.008134245910296484,-0.0023374611046165,2517.3096041796643,2135.899058091836
12.725000000000112,16.65179994371202,-0.1458907624085744,0.1944972457321847,0.2293321736653646,2.823945474624634,0.0794962490333547,0.0,0.0,0.0,0.0,-0.008761260818754012,-0.0124669633805751,2520.7185425133002,2138.7914906173455
12.750000000000114,16.65125846862793,-0.1561148133542802,0.1940793624676376,0.23983314282966384,2.8263847827911377,0.0809415756852651,0.0,0.0,0.0,0.0,-0.009375556427065907,-0.0206243395805358,2522.8959249668437,2140.6389666385335
12.775000000000114,16.650853686862522,-0.1660662061638302,0.1934707136452568,0.24951265277284565,2.8285904407501223,0.082256578052519,0.0,0.0,0.0,0.0,-0.009973434953359537,-0.0279278773814439,2524.8647458826913,2142.30948135501
12.800000000000114,16.650572882758247,-0.1756699714395735,0.1926862462566604,0.2583319276751894,2.83074586391449,0.0834402116766263,0.0,0.0,0.0,0.0,-0.010550386024343982,-0.0346902683377265,2526.788726067934,2143.941949390974
12.825000000000117,16.65040440029568,-0.1848592195245954,0.191739775450003,0.26630581942471593,2.8327514588832856,0.0844894264059011,0.0,0.0,0.0,0.0,-0.0111023861691499,-0.040893156081438,2528.5789661671297,2145.4609409902914
12.850000000000117,16.650337643093533,-0.1935798095332251,0.1906490944703179,0.27343629316850143,2.83410633802414,0.085403868539261,0.0,0.0,0.0,0.0,-0.01162617922126768,-0.0461784340441226,2529.7883623838434,2146.4870953559875
12.875000000000115,16.650360955132378,-0.2017943229940202,0.1894381551226588,0.27975498083866,2.83479180932045,0.0861804879250202,0.0,0.0,0.0,0.0,-0.012119516419961951,-0.0504985265433788,2530.4002297950574,2147.006255583685
12.900000000000116,16.650464799669052,-0.2094707058535682,0.1881279797348807,0.28530316439541903,2.835272252559662,0.0868197506163693,0.0,0.0,0.0,0.0,-0.012580471979240584,-0.0542021542787551,2530.829084456944,2147.370132266498
12.925000000000116,16.650641759236652,-0.216572235027949,0.1867317842438931,0.2901259358723958,2.835735756158829,0.0873192389623812,0.0,0.0,0.0,0.0,-0.013006840106196469,-0.0573864765465259,2531.2428184073483,2147.721179254719
12.950000000000117,16.650882297092014,-0.2230666743384467,0.1852623851124419,0.29427368626450046,2.8361814439296724,0.0876789945749481,0.0,0.0,0.0,0.0,-0.013396687956733926,-0.0600650943815708,2531.6406495405026,2148.0587329434566
12.975000000000117,16.651182174682617,-0.2289267877737681,0.1837324157109481,0.29779763424035277,2.836626547574997,0.0878985222725547,0.0,0.0,0.0,0.0,-0.01374838046765479,-0.0622342079877853,2532.037959269813,2148.3958442289318
13.000000000000115,16.651535034179688,-0.2341299752394358,0.1821545593441034,0.3007461270419034,2.8370926797389986,0.0879767859190894,0.0,0.0,0.0,0.0,-0.01406056407165166,-0.0639011040329933,2532.454039537516,2148.7488820318313
13.025000000000118,16.65193663703071,-0.2386587195926242,0.1805411830662198,0.3031658565636837,2.8375728309154518,0.0879145303674196,0.0,0.0,0.0,0.0,-0.014332189990555995,-0.0650812685489654,2532.882633497481,2149.112537513014
13.050000000000118,16.65238380432129,-0.2425005700853136,0.1789043876155003,0.3050987151174835,2.838071382045746,0.0877110107646779,0.0,0.0,0.0,0.0,-0.014562513867977554,-0.0657785832881927,2533.327651678539,2149.4901286969416
13.075000000000118,16.652874416775173,-0.2456479436821407,0.1772561572168502,0.3065807920513731,2.838593882322312,0.0873671176053538,0.0,0.0,0.0,0.0,-0.014751083658848032,-0.0660029202699661,2533.7940474172115,2149.8858584146033
13.10000000000012,16.653405295477974,-0.2480979429350959,0.175608126555282,0.30764237837357955,2.839149677753449,0.0868832753307461,0.0,0.0,0.0,0.0,-0.014897730436096684,-0.0657654106616973,2534.290163175005,2150.306805118186
13.12500000000012,16.653975380791557,-0.2498522400856018,0.1739717638682396,0.30829390554717095,2.8397484064102176,0.0862595089079899,0.0,0.0,0.0,0.0,-0.015002558510671128,-0.0650751292705535,2534.8246021153504,2150.760268461509
13.15000000000012,16.6545836130778,-0.2509168949392106,0.1723582377875447,0.3085152180989583,2.8404049634933477,0.0854968752791428,0.0,0.0,0.0,0.0,-0.015065936247255158,-0.0639431998133659,2535.410660036275,2151.2575297277485
13.17500000000012,16.65522681342231,-0.2513021561834547,0.1707784672736665,0.30829836296312735,2.841135996580124,0.0845971637555624,0.0,0.0,0.0,0.0,-0.01508848597492124,-0.0623783096671104,2536.06319694734,2151.8111974098642
13.20000000000012,16.655902862548828,-0.2510222958193885,0.169243221484263,0.30764999852035985,2.8419552326202395,0.0835621470038491,0.0,0.0,0.0,0.0,-0.015071071072575585,-0.0603905878961086,2536.794465838886,2152.4316679845087
13.22500000000012,16.65660752190484,-0.2500958078437381,0.1677628534580721,0.30658645629882814,2.842875230312348,0.0823916877047593,0.0,0.0,0.0,0.0,-0.015014810639852147,-0.0579925179481506,2537.6156768935634,2153.1284531218107
13.25000000000012,16.65734079149034,-0.2485449612140655,0.1663475331415063,0.30512629653468276,2.843919938802719,0.0810886737236,0.0,0.0,0.0,0.0,-0.01492104678203129,-0.0551946721971035,2538.5482076689846,2153.919691355502
13.27500000000012,16.658097373114693,-0.2463956177234649,0.165007014362058,0.30329055786132814,2.845096951723099,0.0796547071182144,0.0,0.0,0.0,0.0,-0.01479134214457977,-0.0520149506628513,2539.5988364151267,2154.8111339279862
13.300000000000122,16.658878326416016,-0.2436774969100952,0.1637506681178132,0.30109694972182766,2.846426129341125,0.0780922804409354,0.0,0.0,0.0,0.0,-0.014627485244531458,-0.0484701879322528,2540.785290862693,2155.8178225501633
13.325000000000122,16.659679412841797,-0.2404235468970404,0.1625872994851257,0.29856638128107243,2.847909516096115,0.0764041275930694,0.0,0.0,0.0,0.0,-0.014431462991521583,-0.044587641954422,2542.109395925139,2156.941305633451
13.350000000000122,16.660499572753906,-0.2366703251997629,0.1615250144605635,0.29571244673295455,2.849554413557053,0.0745911640362411,0.0,0.0,0.0,0.0,-0.014205475902223642,-0.0403935946524143,2543.5776691505175,2158.18711321862
13.375000000000124,16.661337746514214,-0.2324582470787896,0.1605714529875038,0.2925465439305161,2.8512022316455843,0.0726581043978179,0.0,0.0,0.0,0.0,-0.013951955756219103,-0.0358239710330963,2545.048549395116,2159.435132820098
13.400000000000125,16.662190755208332,-0.2278410726123386,0.1597396146210176,0.28907804084546634,2.8524829268455507,0.070606038909371,0.0,0.0,0.0,0.0,-0.013674136610224508,-0.0306684095412492,2546.1917273236104,2160.405101971548
13.425000000000123,16.663059658474392,-0.2228810389836629,0.1590417998363896,0.2853157737038352,2.8535290956497192,0.0684396530699432,0.0,0.0,0.0,0.0,-0.013375757126951862,-0.0251652058213949,2547.1255616086432,2161.1974462133935
13.450000000000124,16.663941277398003,-0.2176361448234982,0.1584825360074729,0.28130501024650806,2.854709613323212,0.0661613645304616,0.0,0.0,0.0,0.0,-0.013060304354209839,-0.0195210669189691,2548.1793187778508,2162.0915432054485
13.475000000000124,16.664833492702908,-0.212160994609197,0.1580651520856303,0.276991923939098,2.855949127674103,0.0637740216249359,0.0,0.0,0.0,0.0,-0.012731059971412058,-0.0138510055840015,2549.285737735327,2163.0303229269434
13.500000000000124,16.665736304389107,-0.2065159214867485,0.1577878670818826,0.27240010117039537,2.8570391058921816,0.0612818417186236,0.0,0.0,0.0,0.0,-0.012391647012461144,-0.0083296271041035,2550.258677308677,2163.8558474134225
13.525000000000125,16.66664653354221,-0.2007646196418338,0.1576448719761021,0.2675656821511008,2.857797008752823,0.0586890754662957,0.0,0.0,0.0,0.0,-0.012045891729796272,-0.0031388176139444,2550.9351987965774,2164.4298656455803
13.550000000000123,16.667565239800346,-0.1949706508053673,0.1576255307686854,0.26254662253639915,2.858028614521027,0.0559972541855791,0.0,0.0,0.0,0.0,-0.011697608378924982,0.0015128013910725,2551.1419354208188,2164.605278538876
13.575000000000124,16.66849136352539,-0.1892080075210995,0.1577182087746202,0.25721596457741475,2.856598383188248,0.0532122264278989,0.0,0.0,0.0,0.0,-0.011351237697199848,0.0057969400659203,2549.8652781081987,2163.522054152411
13.600000000000126,16.66942384507921,-0.1835688617494371,0.157907809199477,0.25164179946437026,2.8532262265682222,0.0503377372635381,0.0,0.0,0.0,0.0,-0.011012309930773425,0.0090464437380433,2546.855213715405,2160.968060122161
13.625000000000126,16.670362684461807,-0.1781375375058916,0.1581554166018271,0.24582389137961647,2.8476230025291445,0.0473769200679666,0.0,0.0,0.0,0.0,-0.010685882537632543,0.0103582181036472,2541.8536473395397,2156.7243068335483
13.650000000000126,16.67130682203505,-0.1729976965321434,0.1584016757788754,0.2397623790394176,2.838475012779236,0.0443362475709903,0.0,0.0,0.0,0.0,-0.010376972745980914,0.0088082971051335,2533.6879417349087,2149.7958293508314
13.675000000000129,16.672258377075195,-0.1682379841804504,0.1585638456445044,0.2334523796312737,2.8243885338306427,0.0412182622592121,0.0,0.0,0.0,0.0,-0.010090893529564188,0.003468491602689,2521.1140273291558,2139.1270534914047
13.700000000000127,16.67321840922038,-0.1639498935805426,0.158530239880499,0.22688686948834044,2.80316812992096,0.0380279742044329,0.0,0.0,0.0,0.0,-0.009833128167377537,-0.0071324724704027,2502.1722077737095,2123.0552065958746
13.725000000000128,16.674186918470596,-0.1602259775002797,0.1581528033750075,0.22005539865204782,2.772840625047684,0.0347684814120145,0.0,0.0,0.0,0.0,-0.009609222823500414,-0.0242584757506847,2475.101180882728,2100.08585044595
13.750000000000128,16.675166024102104,-0.1571566694312625,0.1572395721477057,0.21293710882013495,2.729578244686127,0.0314429765543731,0.0,0.0,0.0,0.0,-0.009424593986297344,-0.0504056923091411,2436.4841872649117,2067.3199164671973
13.775000000000128,16.67615572611491,-0.1548170381122165,0.1555523430838428,0.2056118496981534,2.671501857042313,0.0280519007175641,0.0,0.0,0.0,0.0,-0.009283736650994003,-0.086615927517414,2384.643870753343,2023.3341933664726
13.800000000000129,16.677154964870876,-0.1532459259033203,0.1528126494019374,0.1978976093639027,2.595342987775803,0.0246019201266913,0.0,0.0,0.0,0.0,-0.009188972952888,-0.1343850493431091,2316.662716137582,1965.6532136924934
13.825000000000127,16.67816056145562,-0.1524417433473799,0.1487250466685589,0.18983041936700995,2.497767448425293,0.0211037716901962,0.0,0.0,0.0,0.0,-0.009140201210179213,-0.1942024379968643,2229.5645502747084,1891.751739627025
13.85000000000013,16.679164038764107,-0.1522981292671627,0.1429968867694211,0.18150971846147018,2.380317914485932,0.0175920598574932,0.0,0.0,0.0,0.0,-0.009131040915072606,-0.2651211321353912,2124.726400717361,1802.7981581844272
13.87500000000013,16.68015374077691,-0.1525500251187218,0.1353870537573309,0.1730917843905362,2.245271161198616,0.0141313158305975,0.0,0.0,0.0,0.0,-0.009145600663487439,-0.3440425992012024,2004.1805692994205,1700.516846678296
13.90000000000013,16.68111589219835,-0.1527494854397244,0.1257651526074155,0.16431545835552794,2.0984050661325457,0.0107722941543698,0.0,0.0,0.0,0.0,-0.009157030406530797,-0.4252248108386993,1873.0845221461823,1589.2838369725182
13.92500000000013,16.68203459845649,-0.1523122853702969,0.1141266309786865,0.15580964984315815,1.9415517389774324,0.0074993901092237,0.0,0.0,0.0,0.0,-0.009130318275708985,-0.5035801529884338,1733.0736424151016,1470.4867268976616
13.95000000000013,16.68289926317003,-0.1506871481736501,0.1006081839364705,0.14686541933001893,1.7743891805410386,0.0043170870839419,0.0,0.0,0.0,0.0,-0.009032431701263957,-0.5763770937919617,1583.8605062370418,1343.8816416556717
13.975000000000133,16.683690812852646,-0.147303111023373,0.0853573672499147,0.13816372726902817,1.598894217610359,0.0012172852912311,0.0,0.0,0.0,0.0,-0.008829168118477409,-0.641796886920929,1427.20967457187,1210.9657844852227
14.000000000000131,16.684399710761177,-0.1417963206768036,0.0686276098250647,0.12962464534875118,1.4111294060945512,-0.0018166384070433,0.0,0.0,0.0,0.0,-0.008498736732215016,-0.6959795355796814,1259.6064944565296,1068.7570255994797
14.025000000000132,16.685015360514324,-0.1339362727271186,0.0506873125267192,0.12123162471886838,1.2069243088364603,-0.0047701385415123,0.0,0.0,0.0,0.0,-0.008027338892602012,-0.7363631725311279,1077.3283379695945,914.0967716105649
14.050000000000132,16.68551974826389,-0.1237425953149795,0.0318885514927704,0.11291305541992187,0.9823800340294838,-0.0076755292170451,0.0,0.0,0.0,0.0,-0.007416166663184393,-0.7637084126472473,876.8949648017278,744.0320913469204
14.075000000000133,16.685890621609158,-0.1114972515238656,0.0126115949179627,0.10486901485558713,0.734519074857235,-0.0105534488917926,0.0,0.0,0.0,0.0,-0.006682127676149959,-0.7750728130340576,655.6485840324008,556.3078894820369
14.100000000000133,16.68611208597819,-0.0976995792653825,-0.0067304161284025,0.09761002280495383,0.4618668429553509,-0.0134288821259539,0.0,0.0,0.0,0.0,-0.005855143412795495,-0.7694579362869263,412.2729442445714,349.8073466317575
14.125000000000131,16.68616188897027,-0.0830206937260097,-0.025716455123484,0.09089868950121331,0.1664808839559555,-0.0163379278860531,0.0,0.0,0.0,0.0,-0.00497542180631049,-0.747078001499176,148.60465789183243,126.08880063549415
14.150000000000134,16.686018837822807,-0.0682151276204321,-0.0439729715923574,0.0847536954012784,-0.1473855378106236,-0.0192999247787636,0.0,0.0,0.0,0.0,-0.004088160770009823,-0.7115415930747986,-131.55971366866322,-111.62642371886574
14.175000000000134,16.685656441582573,-0.053983007868131,-0.0612255200227576,0.07958299694639263,-0.470733430236578,-0.0223388781844504,0.0,0.0,0.0,0.0,-0.003235294221544628,-0.6683566570281982,-420.18746354724055,-356.5226963431131
14.200000000000134,16.685060924953884,-0.0408461565772692,-0.0773296759404128,0.07516158479632754,-0.7910955742001534,-0.0254562746879563,0.0,0.0,0.0,0.0,-0.0024480675714033747,-0.6210368275642395,-706.1500658229238,-599.1576316073292
14.225000000000136,16.684220631917317,-0.0290846307244565,-0.0922366535631041,0.0717990644050367,-1.0967574328184129,-0.0286424025938295,0.0,0.0,0.0,0.0,-0.0017432417951136956,-0.5726301670074463,-978.9908560157801,-830.6589081346012
14.250000000000137,16.683135562472874,-0.0187358094586266,-0.1059459327421811,0.06957807078506008,-1.3798759162425995,-0.0318828673083188,0.0,0.0,0.0,0.0,-0.001123038854924312,-0.5244772434234619,-1231.708912121468,-1045.086349678821
14.275000000000135,16.681812074449326,-0.0096416814873615,-0.1184731761938048,0.0685156640139493,-1.63300276696682,-0.0351198875984451,0.0,0.0,0.0,0.0,-0.0005779756686103164,-0.4775812923908233,-1457.6557485466121,-1236.7988169486405
14.300000000000136,16.680268181694878,-0.0015297277261399,-0.1298255578081616,0.06836434826706395,-1.8543637037277223,-0.0383057231807768,0.0,0.0,0.0,0.0,-9.170882083410632e-05,-0.4313043355941772,-1655.2476011143358,-1404.4525100364058
14.325000000000136,16.6785282558865,0.0059126374415225,-0.1400221524765594,0.06984085458697695,-2.0457534521818164,-0.0414208185466533,0.0,0.0,0.0,0.0,0.00035450594625672084,-0.3849560618400574,-1826.086483136064,-1549.406712963933
14.350000000000136,16.676628324720596,0.0129652820113632,-0.1491054792302767,0.07243048667907714,-2.2084477424621585,-0.0444619924669286,0.0,0.0,0.0,0.0,0.0007774522378809701,-0.3410221040248871,-1971.3111406076155,-1672.627634454946
14.375000000000137,16.674599117702908,0.0198427587747573,-0.1571233418108805,0.07659903468507709,-2.344169306755066,-0.0474280340355448,0.0,0.0,0.0,0.0,0.0011899991498860595,-0.300641804933548,-2092.4593238166126,-1775.4200323292466
14.400000000000135,16.672484079996746,0.0267175171110365,-0.1641316166669922,0.08222893570408676,-2.4584143280982973,-0.05032046624775,0.0,0.0,0.0,0.0,0.001602491685272715,-0.2614606320858001,-2194.437051884464,-1861.9465894777268
14.425000000000136,16.67032029893663,0.0337484685911072,-0.1702156581115486,0.0891562658367735,-2.5520350456237795,-0.0531352943619092,0.0,0.0,0.0,0.0,0.002024464316577046,-0.2250122874975204,-2278.0050530199146,-1932.8527722593212
14.450000000000138,16.668149100409615,0.0410268455743789,-0.1754282300236471,0.09751608530680339,-2.624845999479294,-0.055872333205103,0.0,0.0,0.0,0.0,0.0024613918034468913,-0.1927565038204193,-2342.997781502419,-1987.9981176384158
14.475000000000138,16.666008631388348,0.0486610954006513,-0.1798525728321094,0.10711531090013908,-2.683771413564682,-0.0585268702305585,0.0,0.0,0.0,0.0,0.002919781003173381,-0.1616521179676056,-2395.5959585015894,-2032.626873880136
14.50000000000014,16.66393491956923,0.056721017592483,-0.1835617403745877,0.1178232632261334,-2.7260288059711457,-0.0610959509939414,0.0,0.0,0.0,0.0,0.0034038189579024872,-0.1352134644985199,-2433.315876805392,-2064.6316530469985
14.52500000000014,16.661961873372395,0.0652456656098365,-0.1866153375252293,0.12948144508130624,-2.758499467372894,-0.0635720312592264,0.0,0.0,0.0,0.0,0.003915845331161517,-0.1096469387412071,-2462.299934400887,-2089.2241867643884
14.55000000000014,16.660117043389214,0.0742641008562511,-0.1890902297709968,0.1418345526492957,-2.7787157595157623,-0.0659528660648382,0.0,0.0,0.0,0.0,0.004457597786548524,-0.0884137749671936,-2480.345460748086,-2104.5355424529216
14.57500000000014,16.65842162238227,0.0837505939933988,-0.1910369173040607,0.1546538613059304,-2.7941322922706604,-0.06823123158632,0.0,0.0,0.0,0.0,0.005027522768475942,-0.067495621740818,-2494.106611707172,-2116.211670539418
14.60000000000014,16.656889385647244,0.0936453458335664,-0.1925100282162812,0.16771404381954308,-2.802015942335129,-0.07040170579414,0.0,0.0,0.0,0.0,0.0056220188334958785,-0.0506720133125782,-2501.143738690947,-2122.1825661620155
14.62500000000014,16.6555298699273,0.1038889752493964,-0.1935748099543653,0.18077855890447445,-2.808246517181397,-0.0724610179935844,0.0,0.0,0.0,0.0,0.006237506465463766,-0.0346300601959228,-2506.705292795526,-2126.901460553779
14.65000000000014,16.6543451944987,0.1143369409773084,-0.1942515025425976,0.19368486115426728,-2.813359951972961,-0.0744029201590645,0.0,0.0,0.0,0.0,0.006865291888814484,-0.0201996602118015,-2511.2696620479956,-2130.77425870739
14.67500000000014,16.65333324008518,0.1248977333307266,-0.1946090652084544,0.20615565213290127,-2.8164403378963474,-0.0762244807327867,0.0,0.0,0.0,0.0,0.007499863932950865,-0.0085366312414407,-2514.0192852205923,-2133.107272308381
14.70000000000014,16.652487648857964,0.1354573667049408,-0.1946849153652512,0.2180899648955374,-2.820127338171005,-0.0779229117179847,0.0,0.0,0.0,0.0,0.008134362238318822,0.0023393977899104,-2517.31038628543,-2135.8997216967277
14.725000000000142,16.65179994371202,0.1458926664458381,-0.1944971957979142,0.22933418042732007,-2.8239460587501526,-0.0794965278330313,0.0,0.0,0.0,0.0,0.008761375162985275,0.0124686444178223,-2520.7190639171445,-2138.7919330206073
14.750000000000142,16.65125846862793,0.1561166842778523,-0.1940792792438536,0.23983501549923059,-2.826385074853897,-0.0809418336789957,0.0,0.0,0.0,0.0,0.009375668786355484,0.0206257440149784,-2522.8961856687656,-2140.6391878401646
14.775000000000142,16.650853686862522,0.1660680108600192,-0.1934705804872023,0.24951437285452177,-2.828591024875641,-0.0822568110791144,0.0,0.0,0.0,0.0,0.009973543337963891,0.0279291793704032,-2524.8652672865355,-2142.309923758272
14.800000000000145,16.650572882758247,0.1756717099083794,-0.192686096453849,0.25833349979285036,-2.8307461559772493,-0.0834404155748973,0.0,0.0,0.0,0.0,0.01055049043329244,0.0346914716064929,-2526.7889867698564,-2143.9421705926047
14.825000000000143,16.65040440029568,0.1848608752091725,-0.1917395923576781,0.2663072297067353,-2.8327520430088047,-0.084489609498226,0.0,0.0,0.0,0.0,0.011102485607249857,0.0408942550420761,-2528.5794875709744,-2145.4613833935537
14.850000000000144,16.650337643093533,0.1935813989904191,-0.1906488947332361,0.2734375508626302,-2.83410633802414,-0.0854040225032616,0.0,0.0,0.0,0.0,0.011626274682226373,0.0461793541908264,-2529.7883623838434,-2146.4870953559875
14.875000000000144,16.650360955132378,0.2017958131101396,-0.1894379387408203,0.2797560998165246,-2.8347921013832096,-0.0861806127606963,0.0,0.0,0.0,0.0,0.012119605914485429,0.0504992641508579,-2530.40049049698,-2147.006476785316
14.900000000000144,16.650464799669052,0.2094720800717671,-0.1881277300635285,0.28530414928089487,-2.835272252559662,-0.0868198546460994,0.0,0.0,0.0,0.0,0.012580554512564153,0.0542027950286865,-2530.829084456944,-2147.370132266498
14.925000000000145,16.650641759236652,0.2165735099050733,-0.186731517927784,0.29012678204160747,-2.8357360482215883,-0.0873193180249761,0.0,0.0,0.0,0.0,0.013006916672441944,0.0573870278894901,-2531.24307910927,-2147.7214004563502
14.950000000000143,16.650882297092014,0.2230678333176506,-0.185262102151576,0.29427441683682526,-2.8361814439296724,-0.0876790445092186,0.0,0.0,0.0,0.0,0.013396757561406111,0.0600655525922775,-2531.6406495405026,-2148.0587329434566
14.975000000000144,16.651182174682617,0.2289278474118974,-0.1837321327500823,0.2977982538396662,-2.836626547574997,-0.0878985472396899,0.0,0.0,0.0,0.0,0.013748444105066126,0.0622345767915248,-2532.037959269813,-2148.3958442289318
15.000000000000146,16.651535034179688,0.234130902422799,-0.1821542597384808,0.30074663104433,-2.8370926797389986,-0.0879767859190894,0.0,0.0,0.0,0.0,0.01406061975320662,0.063901387155056,-2532.454039537516,-2148.7488820318313
15.025000000000146,16.65193663703071,0.238659530878067,-0.180540900105354,0.30316626808860087,-2.8375728309154518,-0.0879145095614736,0.0,0.0,0.0,0.0,0.014332238710741551,0.0650814548134803,-2532.882633497481,-2149.112537513014
15.050000000000146,16.65238380432129,0.2425012489159902,-0.1789040880098777,0.30509904341264205,-2.838071674108505,-0.0877109566692183,0.0,0.0,0.0,0.0,0.014562554632752411,0.0657786875963211,-2533.3279123804605,-2149.4903498985723
15.075000000000149,16.652874416775173,0.2456485066148969,-0.1772558576112276,0.30658102786902225,-2.838593882322312,-0.0873670427039482,0.0,0.0,0.0,0.0,0.014751117462787346,0.0660029426217079,-2533.7940474172115,-2149.8858584146033
15.100000000000149,16.653405295477974,0.2480983734130859,-0.1756078269496593,0.3076425448330966,-2.839149969816208,-0.0868831754622052,0.0,0.0,0.0,0.0,0.014897756285343872,0.065765343606472,-2534.290423876927,-2150.307026319816
15.125000000000147,16.653975380791557,0.2498525381088256,-0.173971464262617,0.3082939980246804,-2.8397484064102176,-0.0862593840723138,0.0,0.0,0.0,0.0,0.015002576405691203,0.0650749802589416,-2534.8246021153504,-2150.760268461509
15.150000000000148,16.6545836130778,0.2509170605076684,-0.172357938181922,0.3085152273467093,-2.8404049634933477,-0.0854967254763315,0.0,0.0,0.0,0.0,0.01506594618856991,0.0639429688453674,-2535.410660036275,-2151.2575297277485
15.175000000000148,16.65522681342231,0.251302205853992,-0.1707781843128006,0.3082982797333688,-2.8411362886428835,-0.0845969889856159,0.0,0.0,0.0,0.0,0.015088488957200488,0.0623780004680156,-2536.0634576492625,-2151.811418611495
15.200000000000149,16.655902862548828,0.2510222130351596,-0.1692429385233972,0.3076498366847183,-2.841955524682999,-0.0835619472667674,0.0,0.0,0.0,0.0,0.015071066102311912,0.0603902004659175,-2536.794726540808,-2152.43188918614
15.225000000000149,16.65660858154297,0.2500956257184346,-0.167762587141963,0.3065862158573035,-2.842875522375107,-0.0823914588393531,0.0,0.0,0.0,0.0,0.015014798750542964,0.0579920560121536,-2537.615937595485,-2153.1286743234414
15.25000000000015,16.65734079149034,0.2485446631908416,-0.1663472668253972,0.3051259774872751,-2.843919938802719,-0.0810884240522478,0.0,0.0,0.0,0.0,0.014921028890626676,0.0551941357553005,-2538.5482076689846,-2153.919691355502
15.27500000000015,16.658098432752823,0.2463952203591664,-0.1650067813354627,0.30329018332741475,-2.845097243785858,-0.0796544283185378,0.0,0.0,0.0,0.0,0.014791317349566683,0.0520143434405326,-2539.599097117049,-2154.811355129617
15.30000000000015,16.658878326416016,0.2436769836478763,-0.1637504517359746,0.30109651507753316,-2.846426421403885,-0.0780919766741235,0.0,0.0,0.0,0.0,0.014627454434400737,0.0484695136547088,-2540.7855515646156,-2155.8180437517944
15.32500000000015,16.659679412841797,0.2404229342937469,-0.1625870997480439,0.29856588190252137,-2.8479098081588745,-0.0764037988591223,0.0,0.0,0.0,0.0,0.014431426219908016,0.0445869080722332,-2542.109656627061,-2156.9415268350817
15.35000000000015,16.660499572753906,0.2366696298122406,-0.1615248313682386,0.2957118964917732,-2.8495547056198123,-0.0745908103351588,0.0,0.0,0.0,0.0,0.014205434163527916,0.0403928011655807,-2543.577929852439,-2158.187334420251
15.375000000000153,16.661337746514214,0.2324574689070383,-0.1605712865399357,0.2925459335789536,-2.851202523708344,-0.0726577257296004,0.0,0.0,0.0,0.0,0.013951909050980716,0.0358230657875537,-2545.0488100970383,-2159.4353540217294
15.400000000000151,16.662191814846462,0.2278402282132042,-0.1597394648182063,0.28907736575964726,-2.85248321890831,-0.0706056331934237,0.0,0.0,0.0,0.0,0.013674085063058295,0.0306674093008041,-2546.1919880255327,-2160.4053231731787
15.425000000000152,16.663059658474392,0.2228801283571455,-0.1590416833230919,0.28531505237926136,-2.8535290956497192,-0.068439220306266,0.0,0.0,0.0,0.0,0.013375702477533563,0.0251641888171434,-2547.1255616086432,-2161.1974462133935
15.450000000000152,16.663941277398003,0.2176351845264434,-0.1584824527836889,0.2813042334354285,-2.8547099053859712,-0.0661608984772709,0.0,0.0,0.0,0.0,0.01306024672696315,0.0195199996232986,-2548.1795794797727,-2162.0917644070796
15.475000000000152,16.664833492702908,0.2121600011984507,-0.158065085506603,0.2769911008892637,-2.8559494197368624,-0.0637735264434207,0.0,0.0,0.0,0.0,0.012731000360210618,0.0138499494642019,-2549.2859984372485,-2163.030544128574
15.500000000000153,16.665736304389107,0.2065149115191565,-0.1577878171476121,0.2723992226340554,-2.857039397954941,-0.0612813319729462,0.0,0.0,0.0,0.0,0.012391586411022747,0.0083286175504326,-2550.258938010599,-2163.856068615053
15.525000000000151,16.66664653354221,0.200763593117396,-0.1576448553313453,0.26756477587150806,-2.857797008752823,-0.0586885636400237,0.0,0.0,0.0,0.0,0.012045830138255602,0.0031379002612084,-2550.9351987965774,-2164.4298656455803
15.550000000000152,16.667565239800346,0.1949696242809295,-0.1576255307686854,0.2625456515225497,-2.858028614521027,-0.0559967486010909,0.0,0.0,0.0,0.0,0.0116975467907792,-0.0015135413268581,-2551.1419354208188,-2164.605278538876
15.575000000000154,16.66849136352539,0.1892069809966617,-0.157718225419377,0.25721492420543324,-2.8565980911254885,-0.0532117229240053,0.0,0.0,0.0,0.0,0.011351176112475986,-0.0057976371608674,-2549.8650174062764,-2163.5218329507793
15.600000000000154,16.66942384507921,0.1835678683386908,-0.1579078424889906,0.2516407174775095,-2.853225350379944,-0.0503372275178607,0.0,0.0,0.0,0.0,0.011012250335987454,-0.0090468823909759,-2546.8544316096386,-2160.9673965172688
15.625000000000156,16.670362684461807,0.1781365937656826,-0.1581554665360976,0.2458227724017519,-2.847621834278107,-0.0473763895163432,0.0,0.0,0.0,0.0,0.010685825925774311,-0.0103583205491304,-2541.8526045318513,-2156.7234220270248
15.650000000000157,16.67130682203505,0.1729968190193176,-0.1584017257131458,0.23976119070342092,-2.83847296833992,-0.0443356858104478,0.0,0.0,0.0,0.0,0.010376920109865751,-0.0088076703250408,-2533.6861168214537,-2149.7942809394144
15.675000000000155,16.672258377075195,0.1682371728950076,-0.1585638622892612,0.2334511727997751,-2.8243856132030487,-0.0412176672091561,0.0,0.0,0.0,0.0,0.010090844868763445,-0.0034671772737056,-2521.1114203099346,-2139.1248414750958
15.700000000000156,16.67321840922038,0.1639491816361745,-0.1585302065909853,0.22688559792258522,-2.8031634569168093,-0.0380273593887282,0.0,0.0,0.0,0.0,0.009833085467500967,0.0071350676007568,-2502.168036542955,-2123.05166736978
15.725000000000156,16.674186918470596,0.160225381453832,-0.1581526868617098,0.22005408547141336,-2.7728330314159395,-0.0347678613948232,0.0,0.0,0.0,0.0,0.009609187076842985,0.0242629256099462,-2475.0944026327525,-2100.0800992035474
15.750000000000156,16.675166024102104,0.1571561892827352,-0.1572393391211103,0.21293575864849668,-2.729568898677826,-0.0314423586177764,0.0,0.0,0.0,0.0,0.009424565192069653,0.0504114925861358,-2436.475844803404,-2067.3128380150088
15.775000000000157,16.67615572611491,0.1548167069753011,-0.1555519269649225,0.2056104717832623,-2.671490174531937,-0.0280512869421566,0.0,0.0,0.0,0.0,0.009283716794084481,0.0866231843829155,-2384.6334426764583,-2023.3253453012371
15.800000000000155,16.677154964870876,0.153245727221171,-0.1528120335459353,0.19789616671475496,-2.5953272163867958,-0.0246013011497973,0.0,0.0,0.0,0.0,0.009188961039456139,0.1343949735164642,-2316.6486382337876,-1965.6412688044254
15.825000000000156,16.67816056145562,0.1524416440063052,-0.1487241644964478,0.18982893741492068,-2.4977481722831727,-0.0211031287864643,0.0,0.0,0.0,0.0,0.009140195253822436,0.194214254617691,-2229.5473439478487,-1891.7371403193863
15.850000000000158,16.679165098402237,0.1522981458240085,-0.1429956717021737,0.18150806080211293,-2.380294841527939,-0.0175913914664774,0.0,0.0,0.0,0.0,0.00913104132763802,0.2651350498199463,-2124.705805265513,-1802.7806832555866
15.875000000000158,16.68015374077691,0.1525500913461049,-0.1353854641830553,0.17309025851162999,-2.2452423930168157,-0.0141306359963114,0.0,0.0,0.0,0.0,0.009145604633917457,0.3440592885017395,-2004.1548901600922,-1700.4950583176537
15.900000000000158,16.68111589219835,0.1527495351102617,-0.1257631635589764,0.16431390473336885,-2.098374837636948,-0.0107716231626108,0.0,0.0,0.0,0.0,0.009157033384181551,0.4252413809299469,-1873.057539497243,-1589.260942603721
15.92500000000016,16.68203565809462,0.152312202586068,-0.1141242341337054,0.15580804304643112,-1.9415184438228608,-0.0074987377127789,0.0,0.0,0.0,0.0,0.009130312733276146,0.503595769405365,-1733.04392239598,-1470.4615099117402
15.95000000000016,16.68289926317003,0.1506868170367347,-0.1006054209068395,0.14686383334073153,-1.7743566155433657,-0.0043164672943156,0.0,0.0,0.0,0.0,0.009032411852380968,0.5763908624649048,-1583.8314379727258,-1343.8569776738277
15.97500000000016,16.683690812852646,0.1473023990790049,-0.0853542796475259,0.13816215515136718,-1.5988594621419907,-0.0012167033749285,0.0,0.0,0.0,0.0,0.00882912544540368,0.6418079137802124,-1427.1786510431377,-1210.9394614911469
16.00000000000016,16.684399710761177,0.1417951451407538,-0.0686242683901345,0.1296230801669034,-1.4110937744379044,0.0018171924303746,0.0,0.0,0.0,0.0,0.008498666275017264,0.6959889531135559,-1259.574688822031,-1068.7300390005112
16.02500000000016,16.685015360514324,0.1339346170425415,-0.0506837963218425,0.12123009883996211,-1.206885172426701,0.0047706962709027,0.0,0.0,0.0,0.0,0.00802723966077385,0.7363691926002502,-1077.2934039120307,-914.0671305920258
16.050000000000157,16.68551974826389,0.1237404925955666,-0.0318849125328122,0.11291156884395714,-0.982335275411606,0.0076760896772159,0.0,0.0,0.0,0.0,0.007416040642572232,0.76371169090271,-876.8550122321631,-743.9981921969868
16.075000000000156,16.685890621609158,0.1114948011106914,-0.0126078977013556,0.10486763694069602,-0.734468547999859,0.0105540223556796,0.0,0.0,0.0,0.0,0.006681980820748006,0.7750731110572815,-655.6034825998742,-556.2696215998932
16.100000000000154,16.68611208597819,0.0976969053347905,0.0067341045024825,0.097608730431759,-0.4618101462721825,0.0134294568902126,0.0,0.0,0.0,0.0,0.005854983163926362,0.7694555521011353,-412.22233548393996,-349.7644058651611
16.125000000000153,16.68616188897027,0.0830179370111889,0.0257200628745233,0.09089753353234493,-0.1664201349020004,0.0163385130532848,0.0,0.0,0.0,0.0,0.004975256596669162,0.747072696685791,-148.5504318920315,-126.04279069626914
16.15000000000015,16.686018837822807,0.06821242471536,0.0439764337017745,0.08475254636822324,0.1474477380514145,0.0193005177482251,0.0,0.0,0.0,0.0,0.0040879987837925975,0.7115334868431091,131.6152350311397,111.67353275369426
16.17500000000015,16.685656441582573,0.0539804498354593,0.061228782395093,0.0795822016398112,0.4707933761179447,0.0223394638718308,0.0,0.0,0.0,0.0,0.003235140914260575,0.6683473587036133,420.2409726167556,356.5680979778532
16.20000000000015,16.685060924953884,0.0408437972267468,0.0773326969637743,0.07516089930678858,0.7911542788147927,0.0254568468514717,0.0,0.0,0.0,0.0,0.0024479261664344023,0.6210269331932068,706.20246690927,599.202093135138
16.225000000000147,16.684220631917317,0.0290824886825349,0.0922393999479782,0.07179854190710819,1.0968112453818322,0.028642953951399,0.0,0.0,0.0,0.0,0.0017431134078207643,0.5726192593574524,979.0388903449306,830.6996645350924
16.250000000000146,16.683135562472874,0.0187338702380657,0.1059483961661894,0.06957776503129438,1.3799238145351411,0.0318833926584557,0.0,0.0,0.0,0.0,0.0011229226165497186,0.5244660377502441,1231.7516672366955,1045.122626746287
16.275000000000144,16.681812074449326,0.0096399130092726,0.1184753566569473,0.06851557471535423,1.6330457001924517,0.035120392142636,0.0,0.0,0.0,0.0,0.0005778696562609981,0.477569431066513,1457.694071729164,1236.8313335883813
16.300000000000143,16.680267122056748,0.0015280999812401,0.1298274636328167,0.06836442456100926,1.8544006496667864,0.0383062204428866,0.0,0.0,0.0,0.0,9.161124159813088e-05,0.4312937259674072,1655.280579907484,1404.4804920427136
16.32500000000014,16.6785282558865,-0.0059141389404733,0.1400238003074838,0.06984122680895256,2.0457849949598312,0.0414213324535199,0.0,0.0,0.0,0.0,-0.0003545959721227783,0.3849474787712097,1826.1146389436528,1549.4306027400687
16.35000000000014,16.676627265082466,-0.0129666789952251,0.1491069106793626,0.07243110078753848,2.208475196361542,0.0444625396633089,0.0,0.0,0.0,0.0,-0.0007775360562489001,0.3410146832466125,1971.3356465882946,1672.6484274082497
16.37500000000014,16.674599117702908,-0.0198440812528133,0.1571246068123983,0.07659991351040926,2.3441934019327166,0.0474286145214386,0.0,0.0,0.0,0.0,-0.0011900784608216129,0.3006350994110107,2092.4808317251873,1775.438281463795
16.400000000000137,16.672484079996746,-0.0267187899185551,0.164132698576185,0.08223006046179569,2.458433020114899,0.0503210675395899,0.0,0.0,0.0,0.0,-0.0016025680270771213,0.2614549100399017,2194.45373680748,1861.9607463821037
16.425000000000136,16.67032029893663,-0.0337497248417801,0.1702165902179302,0.08915763854980469,2.552050524950028,0.0531358914925599,0.0,0.0,0.0,0.0,-0.0020245396750974806,0.2250056564807891,2278.0188702217874,1932.8644959457588
16.450000000000134,16.668148040771484,-0.0410281287299262,0.175429045616731,0.09751769557143702,2.62485768198967,0.055872907449213,0.0,0.0,0.0,0.0,-0.0024614689424145055,0.1927511245012283,2343.0082095793036,1988.0069657036513
16.475000000000133,16.666007571750217,-0.0486624199483129,0.1798532552671387,0.10711711652351148,2.683780175447464,0.0585274132657495,0.0,0.0,0.0,0.0,-0.0029198606648180294,0.1616472452878952,2395.603779559253,2032.6335099290627
16.50000000000013,16.66393491956923,-0.0567224166459507,0.1835622896515625,0.11782528270374645,2.7260352313518528,0.0610964565784296,0.0,0.0,0.0,0.0,-0.003403902914871502,0.1352089792490005,2433.321612247679,2064.6365194828786
16.52500000000013,16.661961873372395,-0.0652471308906873,0.1866157869336633,0.12948362177068534,2.7585038483142856,0.0635725077153902,0.0,0.0,0.0,0.0,-0.00391593327283741,0.1096429601311683,2462.303844929719,2089.2275047888525
16.55000000000013,16.660117043389214,-0.0742656489213307,0.1890905793108899,0.14183682297215316,2.7787186801433563,0.0659533175538668,0.0,0.0,0.0,0.0,-0.004457690706968925,0.0884101167321205,2480.348067767308,2104.53775446923
16.575000000000127,16.65842056274414,-0.0837522082858615,0.1910371836201697,0.15465624260179925,2.794134044647217,0.068231660188808,0.0,0.0,0.0,0.0,-0.005027619993768785,0.0674924328923225,2494.108175918705,2116.2129977492036
16.600000000000126,16.656889385647244,-0.0936470263534122,0.1925102113086061,0.16771643205122513,2.802016818523408,0.0704021156712765,0.0,0.0,0.0,0.0,-0.005622119723872641,0.050669215619564,2501.144520796714,2122.1832297669084
16.625000000000124,16.65552881028917,-0.1038906971613566,0.193574926467663,0.18078097487940933,2.8082473933696748,0.0724614049841803,0.0,0.0,0.0,0.0,-0.006237610246104992,0.0346273928880691,2506.7060749012917,2126.9021241586715
16.650000000000123,16.6543451944987,-0.1143386794461144,0.1942515691216249,0.19368721008300782,2.813360244035721,0.074403278021336,0.0,0.0,0.0,0.0,-0.006865396274113677,0.0201976094394922,2511.2699227499184,2130.774479909021
16.67500000000012,16.65333324008518,-0.1248994800779554,0.1946090818532112,0.2061579386393229,2.8164406299591067,0.076224813627923,0.0,0.0,0.0,0.0,-0.0074999688216961765,0.0085347201675176,2514.019545922514,2133.1074935100114
16.70000000000012,16.652487648857964,-0.1354590886169009,0.1946848820757376,0.2180921473647609,2.820127630233765,0.0779232196459858,0.0,0.0,0.0,0.0,-0.00813446564100534,-0.0023411649744957,2517.310646987353,2135.8999428983598
16.72500000000012,16.65179994371202,-0.1458943552441067,0.1944971125741302,0.2293362334280303,2.8239463508129123,0.0794968107938972,0.0,0.0,0.0,0.0,-0.008761476581346912,-0.0124701699241995,2520.7193246190673,2138.7921542222384
16.750000000000117,16.65125846862793,-0.1561183234055837,0.1940791793753127,0.23983692515980112,2.8263853669166568,0.0809420833503479,0.0,0.0,0.0,0.0,-0.00937576722502512,-0.0206270143389701,2522.896446370688,2140.6394090417953
16.775000000000116,16.650853686862522,-0.1660696003172132,0.1934704473291478,0.2495161299272017,2.8285913169384003,0.0822570399445206,0.0,0.0,0.0,0.0,-0.009973638795964057,-0.027930349111557,2524.8655279884574,2142.310144959903
16.800000000000114,16.650572882758247,-0.1756732331381904,0.1926859300062809,0.25833508578213776,2.8307464480400086,0.0834406194731682,0.0,0.0,0.0,0.0,-0.010550581915418713,-0.0346925407648086,2526.7892474717783,2143.942391794236
16.825000000000113,16.65040440029568,-0.1848623156547546,0.1917394092653531,0.26630865386038116,2.8327520430088047,0.0844897884293618,0.0,0.0,0.0,0.0,-0.011102572118396823,-0.0408952236175537,2528.5794875709744,2145.4613833935537
16.85000000000011,16.650337643093533,-0.1935827235380808,0.1906486783513975,0.27343881318063445,2.834106630086899,0.0854041806284513,0.0,0.0,0.0,0.0,-0.011626354233025289,-0.0461801588535308,2529.788623085765,2146.487316557618
16.87500000000011,16.650360955132378,-0.2017970548735724,0.1894377057142249,0.2797572049227628,2.8347921013832096,0.0861807417575616,0.0,0.0,0.0,0.0,-0.012119680493254991,-0.0504999049007892,2530.40049049698,2147.006476785316
16.90000000000011,16.650464799669052,-0.2094732224941253,0.1881274803921764,0.28530511104699335,2.835272252559662,0.0868199586758294,0.0,0.0,0.0,0.0,-0.012580623124604236,-0.0542033426463604,2530.829084456944,2147.370132266498
16.925000000000107,16.650641759236652,-0.2165745364295112,0.1867312682564319,0.29012759121981535,2.8357360482215883,0.0873193929263818,0.0,0.0,0.0,0.0,-0.013006978323185066,-0.0573874823749065,2531.24307910927,2147.7214004563502
16.950000000000106,16.650882297092014,-0.2230687605010138,0.185261835835467,0.2942750965465199,2.836181735992432,0.0876790986046782,0.0,0.0,0.0,0.0,-0.013396813245143864,-0.0600659176707267,2531.6409102424254,2148.0589541450877
16.975000000000104,16.651182174682617,-0.2289286586973402,0.1837318497892165,0.2977988133285985,2.8366268396377565,0.0878985763680143,0.0,0.0,0.0,0.0,-0.013748492827459186,-0.0622348487377166,2532.038219971735,2148.396065430563
17.000000000000103,16.651535034179688,-0.2341315978103214,0.182153976777615,0.3007470749363755,2.837092971801758,0.0879767859190894,0.0,0.0,0.0,0.0,-0.014060661514372842,-0.0639015659689903,2532.454300239438,2148.7491032334624
17.0250000000001,16.65193663703071,-0.238660110367669,0.1805406004997314,0.3031665963837595,2.8375728309154518,0.0879144887555276,0.0,0.0,0.0,0.0,-0.014332273510874089,-0.0650815740227699,2532.882633497481,2149.112537513014
17.0500000000001,16.65238380432129,-0.2425017125076717,0.1789038050490118,0.3050992884780422,2.838071674108505,0.0877109150573262,0.0,0.0,0.0,0.0,-0.014562582472110843,-0.0657787099480629,2533.3279123804605,2149.4903498985723
17.0750000000001,16.652874416775173,-0.2456488377518124,0.177255558005605,0.3065811897046638,2.838593882322312,0.0873669761249209,0.0,0.0,0.0,0.0,-0.014751137347457536,-0.0660028830170631,2533.7940474172115,2149.8858584146033
17.100000000000097,16.653405295477974,-0.2480985886520809,0.1756075439887935,0.3076426188151042,2.839149969816208,0.0868830797548535,0.0,0.0,0.0,0.0,-0.014897769209967465,-0.0657652020454406,2534.290423876927,2150.307026319816
17.125000000000096,16.653975380791557,-0.2498526208930545,0.1739711813017511,0.30829399340080493,2.8397484064102176,0.0862592550754485,0.0,0.0,0.0,0.0,-0.015002581376530117,-0.0650747567415237,2534.8246021153504,2150.760268461509
17.150000000000095,16.6545836130778,-0.2509170439508226,0.172357671865813,0.30851514874082625,2.8404049634933477,0.085496571512331,0.0,0.0,0.0,0.0,-0.015065945194438435,-0.0639426633715629,2535.410660036275,2151.2575297277485
17.175000000000093,16.65522787306044,-0.2513020568423801,0.1707779179966916,0.30829812252160277,2.8411362886428835,0.0845968100544801,0.0,0.0,0.0,0.0,-0.015088479050404174,-0.0623776204884052,2536.0634576492625,2151.811418611495
17.20000000000009,16.655902862548828,-0.251021964682473,0.169242688852045,0.30764961011482006,2.841955524682999,0.0835617433684964,0.0,0.0,0.0,0.0,-0.015071051191520907,-0.0603897497057914,2536.794726540808,2152.43188918614
17.22500000000009,16.65660858154297,-0.2500952614678277,0.1677623374706109,0.30658592455314865,2.842875522375107,0.0823912299739469,0.0,0.0,0.0,0.0,-0.015014776882309396,-0.0579915344715118,2537.615937595485,2153.1286743234414
17.25000000000009,16.65734079149034,-0.24854419959916,0.1663470337988019,0.30512562607273913,2.8439202308654785,0.0810881702197064,0.0,0.0,0.0,0.0,-0.014921001059552833,-0.0551935397088527,2538.548468370907,2153.9199125571326
17.275000000000087,16.658098432752823,-0.2463946574264102,0.1650065649536241,0.30328976255474666,2.845097243785858,0.0796541495188612,0.0,0.0,0.0,0.0,-0.014791283556228357,-0.0520136840641498,2539.599097117049,2154.811355129617
17.300000000000086,16.658878326416016,-0.2436763379308912,0.1637502519988928,0.3010960388183594,2.846426713466645,0.0780916729073117,0.0,0.0,0.0,0.0,-0.01462741567326854,-0.0484687909483909,2540.785812266538,2155.818264953426
17.325000000000085,16.659679412841797,-0.240422205792533,0.162586916655719,0.2985653455329664,2.8479101002216343,0.0764034701251753,0.0,0.0,0.0,0.0,-0.014431382491502696,-0.0445861294865608,2542.1099173289836,2156.9417480367133
17.350000000000083,16.660499572753906,-0.2366688185267978,0.1615246815654273,0.295711318507339,2.849554997682572,0.0745904566340766,0.0,0.0,0.0,0.0,-0.014205385468382898,-0.0403919741511344,2543.5781905543618,2158.187555621882
17.37500000000008,16.661337746514214,-0.2324565913942125,0.1605711367371244,0.29254529086026276,2.851202815771103,0.0726573512225721,0.0,0.0,0.0,0.0,-0.013951856383371477,-0.0358221232891082,2545.04907079896,2159.4355752233596
17.40000000000008,16.662191814846462,-0.2278393010298411,0.1597393649496654,0.28907669067382813,2.8524835109710693,0.0706052274774763,0.0,0.0,0.0,0.0,-0.013674029417116068,-0.0306663792580366,2546.1922487274546,2160.40554437481
17.42500000000008,16.663059658474392,-0.222879151503245,0.1590416000993078,0.2853143171830611,2.853529387712479,0.0684387813008051,0.0,0.0,0.0,0.0,-0.013375643853612116,-0.0251631513237953,2547.1258223105656,2161.197667415025
17.450000000000077,16.663941277398003,-0.2176341745588514,0.1584823862046616,0.2813034612482244,2.8547101974487306,0.0661604282628909,0.0,0.0,0.0,0.0,-0.013060186118996812,-0.0195189211517572,2548.179840181695,2162.0919856087103
17.475000000000076,16.664834552341038,-0.2121589581171671,0.1580650522170894,0.276990273215554,2.8559497117996218,0.0637730354230948,0.0,0.0,0.0,0.0,-0.012730936958948896,-0.0138488868251442,2549.286259139171,2163.0307653302048
17.500000000000075,16.665736304389107,-0.2065138518810272,0.1577878171476121,0.2723983394738399,2.8570396900177,0.0612808243078634,0.0,0.0,0.0,0.0,-0.01239152282918574,-0.0083276089280843,2550.259198712521,2163.8562898166842
17.525000000000073,16.66664653354221,-0.2007625334792667,0.1576448719761021,0.2675638788396662,2.8577973008155824,0.0586880497331571,0.0,0.0,0.0,0.0,-0.012045766559891043,-0.0031369891948997,2550.9354594984993,2164.4300868472114
17.55000000000007,16.667565239800346,-0.1949685646428002,0.1576255807029559,0.2625446712609493,2.858028614521027,0.0559962346942243,0.0,0.0,0.0,0.0,-0.011697483215919043,0.0015142685733735,2551.1419354208188,2164.605278538876
17.57500000000007,16.66849136352539,-0.1892059544722239,0.1577182919984043,0.2572138930812026,2.85659750699997,0.0532112152589225,0.0,0.0,0.0,0.0,-0.011351114527752126,0.0057983081787824,2549.8644960024326,2163.521390547518
17.60000000000007,16.66942384507921,-0.1835668749279446,0.1579079257127747,0.2516396447383996,2.853224474191666,0.0503367177721833,0.0,0.0,0.0,0.0,-0.01101219074120149,0.0090472875162959,2546.8536495038725,2160.966732912376
17.625000000000068,16.670362684461807,-0.1781356665823194,0.1581555497598816,0.24582164417613636,2.847620666027069,0.0473758652065036,0.0,0.0,0.0,0.0,-0.010685770307106573,0.0103583885356783,2541.851561724163,2156.722537220501
17.650000000000066,16.67130682203505,-0.1729959580633375,0.1584017922921731,0.23976001623905066,2.8384709239006045,0.0443351386140676,0.0,0.0,0.0,0.0,-0.010376868466884834,0.0088070249184966,2533.6842919079986,2149.7927325279984
17.675000000000065,16.672258377075195,-0.1682364112801022,0.1585639122235317,0.233449970592152,2.8243826925754547,0.041217092965046,0.0,0.0,0.0,0.0,-0.010090799187195406,0.0034658608492463,2521.1088132907134,2139.122629458787
17.700000000000063,16.67321840922038,-0.1639485193623436,0.1585301899462285,0.2268843633478338,2.803158783912659,0.038026746653618,0.0,0.0,0.0,0.0,-0.009833045746685545,-0.0071376669220626,2502.163865312202,2123.048128143686
17.725000000000062,16.674186918470596,-0.1602248350779215,0.1581526036379257,0.2200527861624053,2.7728257298469545,0.0347672091284156,0.0,0.0,0.0,0.0,-0.009609154309073668,-0.0242675431072711,2475.0878850847,2100.074569162775
17.75000000000006,16.675166024102104,-0.1571557919184366,0.1572391227392718,0.2129344269723603,2.7295589685440067,0.0314416678603686,0.0,0.0,0.0,0.0,-0.009424541362363969,-0.0504178665578365,2436.466980938052,2067.3053171595593
17.77500000000006,16.67615572611491,-0.1548164751794603,0.155551527490759,0.20560910773999763,2.671477323770523,0.0280505691370191,0.0,0.0,0.0,0.0,-0.009283702894247816,-0.086631566286087,2384.6219717918852,2023.3156124294778
17.800000000000058,16.677154964870876,-0.1532456609937879,0.1528113677556628,0.19789474718498462,2.5953091084957123,0.0246005781431732,0.0,0.0,0.0,0.0,-0.009188957068312185,-0.1344066560268402,2316.6324747146155,1965.6275543033098
17.825000000000056,16.67816056145562,-0.1524417433473799,0.1487231991005526,0.18982745546283145,2.497726559638977,0.0211024213842998,0.0,0.0,0.0,0.0,-0.009140201210179213,-0.1942276656627655,2229.5280520056117,1891.7207713987004
17.850000000000055,16.679165098402237,-0.1522983445061577,0.1429943567663855,0.18150637771144057,2.3802708923816684,0.0175907251560562,0.0,0.0,0.0,0.0,-0.009131053239634097,-0.2651494443416595,2124.6844277078994,1802.7625447218536
17.875000000000053,16.68015374077691,-0.1525502900282541,0.1353837747402388,0.17308869101784446,2.24521566927433,0.0141300196201607,0.0,0.0,0.0,0.0,-0.009145616545207501,-0.344074547290802,2004.1310359342178,1700.474818368427
17.900000000000052,16.68111695183648,-0.1527496013376447,0.1257611162538884,0.16431230718439274,2.0983488440513614,0.0107710481382778,0.0,0.0,0.0,0.0,-0.009157036772698125,-0.4252550005912781,1873.0343370261744,1589.2412556585718
17.92500000000005,16.68203565809462,-0.1523120039039188,0.1141218789006164,0.1558063876990116,1.9414901137351992,0.0074981711408614,0.0,0.0,0.0,0.0,-0.009130300823329825,-0.5036078691482544,1733.0186343095345,1470.4400533535443
17.95000000000005,16.68289926317003,-0.1506863037745157,0.1006027743905062,0.1468621826171875,1.7743275552988054,0.0043158979916178,0.0,0.0,0.0,0.0,-0.009032381086612327,-0.5764021277427673,1583.8054981314747,1343.834968111554
17.975000000000048,16.683690812852646,-0.1473015050093332,0.0853513501703268,0.13816051136363636,1.5988258749246598,0.0012161361528252,0.0,0.0,0.0,0.0,-0.008829071855962246,-0.6418179869651794,1427.148670322094,1210.9140233035946
18.000000000000046,16.684399710761177,-0.1417938371499379,0.0686210892415832,0.1296214687463009,1.4110574126243591,-0.0018177458685386,0.0,0.0,0.0,0.0,-0.008498587878980333,-0.6959987878799438,1259.5422314327272,1068.7024993974653
18.025000000000045,16.685015360514324,-0.1339329034090042,0.0506804174362094,0.12122854521780303,1.206845597922802,-0.0047712380707407,0.0,0.0,0.0,0.0,-0.008027136955831706,-0.7363759279251099,1077.2580788015832,914.0371577710401
18.050000000000043,16.68551974826389,-0.1237383815977308,0.0318814067309085,0.1129100568366773,0.9822918310761451,-0.0076766030639339,0.0,0.0,0.0,0.0,-0.007415914125815928,-0.7637148499488831,876.8162328212477,743.9652884543918
18.07500000000004,16.685890621609158,-0.1114923424190945,0.0126043523681545,0.10486625208999172,0.7344214528799058,-0.0105545198778637,0.0,0.0,0.0,0.0,-0.006681833469212948,-0.7750720381736755,655.5614444149325,556.2339528369122
18.10000000000004,16.68611208597819,-0.0976941900120841,-0.0067375967805214,0.09760743343468868,0.4617584511637688,-0.0134299473903899,0.0,0.0,0.0,0.0,-0.0058548204344245815,-0.7694510221481323,412.17619124372476,349.7252531764937
18.12500000000004,16.68616188897027,-0.0830151057905621,-0.0257234251153995,0.09089638681122751,0.1663641318678856,-0.0163390358026785,0.0,0.0,0.0,0.0,-0.004975086921902392,-0.7470657229423523,148.5004422984651,126.00037528354612
18.15000000000004,16.686018837822807,-0.0682096473044819,-0.0439796211727042,0.08475142392245207,-0.1475071180611848,-0.0193010914721865,0.0,0.0,0.0,0.0,-0.004087832332411647,-0.7115253806114197,-131.66823899068055,-111.71850581027438
18.17500000000004,16.685656441582573,-0.0539778959419992,-0.0612317909348869,0.0795814340764826,-0.470853066444397,-0.0223400890905086,0.0,0.0,0.0,0.0,-0.0032349878550465704,-0.6683401465415955,-420.2942535720888,-356.6133060611662
18.200000000000035,16.685060924953884,-0.0408415620525678,-0.0773355432171894,0.07516024907430013,-0.7912151008844376,-0.0254575178432308,0.0,0.0,0.0,0.0,-0.0024477922038322244,-0.6210210919380188,-706.2567580845513,-599.2481583747707
18.225000000000037,16.684220631917317,-0.0290805805060598,-0.0922420880762035,0.07179805466623017,-1.0968683436512947,-0.0286436405476175,0.0,0.0,0.0,0.0,-0.0017429990376912152,-0.5726134777069092,-979.0898575707049,-830.7429094539314
18.250000000000032,16.683134502834744,-0.0187322455975744,-0.105950926169225,0.06957750378233014,-1.379974925518036,-0.0318840667711066,0.0,0.0,0.0,0.0,-0.0011228253056637216,-0.524459719657898,-1231.7972900730665,-1045.1613370316927
18.27500000000003,16.681812074449326,-0.0096384777377049,-0.1184777118900363,0.0685155319445061,-1.6330909699201586,-0.0351210340060706,0.0,0.0,0.0,0.0,-0.000577783618151871,-0.4775613248348236,-1457.7344805270925,-1236.8656198411693
18.30000000000003,16.680267122056748,-0.0015267653442505,-0.129829619128824,0.06836455489649917,-1.8544390559196475,-0.0383068217347264,0.0,0.0,0.0,0.0,-9.153122867148926e-05,-0.4312852025032043,-1655.3148622102428,-1404.5095800571755
18.325000000000028,16.6785282558865,0.0059154329614506,-0.140025747744031,0.06984166463216146,-2.045817267894745,-0.0414219004558461,0.0,0.0,0.0,0.0,0.0003546735581637914,-0.3849394023418426,-1826.1434465060472,-1549.4550455202823
18.350000000000023,16.676627265082466,0.0129679756032096,-0.1491086250893143,0.07243179379087505,-2.208502942323685,-0.0444630806179053,0.0,0.0,0.0,0.0,0.0007776138062617707,-0.3410066366195678,-1971.360413270896,-1672.6694415631841
18.375000000000025,16.674599117702908,0.0198454120092921,-0.1571261048405115,0.07660089001511082,-2.3442176431417465,-0.047429134670089,0.0,0.0,0.0,0.0,0.001190158268226241,-0.3006269931793213,-2092.502469984723,-1775.4566411991586
18.400000000000023,16.672483020358616,0.0267201620671484,-0.1641340135119733,0.08223130255034476,-2.45845200419426,-0.0503215668822942,0.0,0.0,0.0,0.0,0.0016026504291244835,-0.2614477574825287,-2194.4706824324176,-1861.9751244881115
18.425000000000026,16.670319239298504,0.0337511570089393,-0.1702177054166367,0.08915914477724017,-2.552066880464554,-0.0531363679487237,0.0,0.0,0.0,0.0,0.002024625714987781,-0.2249976694583892,-2278.033469529426,-1932.8768832370881
18.45000000000002,16.668148040771484,0.0410296436813142,-0.1754299943678693,0.09751944744225705,-2.6248699486255647,-0.0558733610188362,0.0,0.0,0.0,0.0,0.002461559831419348,-0.1927446573972702,-2343.019159060033,-1988.0162561721488
18.47500000000002,16.666007571750217,0.0486640135447184,-0.1798540542154657,0.10711905392733487,-2.683790105581284,-0.058527843948832,0.0,0.0,0.0,0.0,0.0029199562843837015,-0.1616415083408355,-2395.612643424605,-2032.6410307845129
18.500000000000018,16.66393491956923,0.0567241054442193,-0.1835629720865919,0.11782743396181049,-2.726042824983597,-0.0610968602137824,0.0,0.0,0.0,0.0,0.0034040042593784714,-0.1352037489414215,-2433.3283904976533,-2064.6422707252814
18.525000000000016,16.661961873372395,0.0652489107516076,-0.1866163362106381,0.1294859163688891,-2.7585091054439546,-0.0635728801418239,0.0,0.0,0.0,0.0,0.0039160400946471,-0.1096383780241012,-2462.308537564317,-2089.231486418208
18.55000000000001,16.660117043389214,0.0742675198449028,-0.189091012074567,0.14183918808445786,-2.7787221848964694,-0.0659536650131653,0.0,0.0,0.0,0.0,0.004457803006514435,-0.088405966758728,-2480.3511961903732,-2104.540408888801
18.575000000000014,16.65842056274414,0.0837541702720854,-0.1910375165153059,0.1546586816961115,-2.794136381149292,-0.0682319826809712,0.0,0.0,0.0,0.0,0.005027737771214523,-0.0674888491630554,-2494.1102615340815,-2116.2147673622503
18.60000000000001,16.656889385647244,0.093649062845442,-0.1925104776247151,0.16771886189778645,-2.802018570899964,-0.0704024173574938,0.0,0.0,0.0,0.0,0.005622241985117382,-0.0506660901010036,-2501.1460850082467,-2122.184556976694
18.62500000000001,16.65552881028917,0.1038927833239237,-0.1935751095599879,0.1807833885424065,-2.808248853683472,-0.072461704589803,0.0,0.0,0.0,0.0,0.006237735499562318,-0.0346244014799594,-2506.707378410903,-2126.9032301668262
18.65000000000001,16.65434413486057,0.1143407904439502,-0.1942516689901657,0.19368953358043323,-2.81336082816124,-0.0744035817881479,0.0,0.0,0.0,0.0,0.0068655234645124295,-0.0201953053474426,-2511.2704441537626,-2130.774922312283
18.675000000000008,16.65333324008518,0.124901607632637,-0.1946091317874816,0.20616016272342566,-2.8164415061473846,-0.076225121555924,0.0,0.0,0.0,0.0,0.007500096577182176,-0.0085325296968221,-2514.0203280282803,-2133.1081571149043
18.700000000000006,16.652487648857964,0.1354612078931596,-0.1946848820757376,0.2180942373564749,-2.820128506422043,-0.0779235234127976,0.0,0.0,0.0,0.0,0.008134592905850292,0.0023432348389178,-2517.311429093119,-2135.9006065032518
18.725000000000005,16.651798884073894,0.1458964414066738,-0.1944970626398597,0.2293381708318537,-2.823946934938431,-0.0794971020771414,0.0,0.0,0.0,0.0,0.008761602420397474,0.0124719776213169,-2520.719846022911,-2138.7925966254998
18.750000000000004,16.65125846862793,0.1561203598976135,-0.1940790795067718,0.23983870535185842,-2.8263859510421754,-0.0809423496664569,0.0,0.0,0.0,0.0,0.009375889527614659,0.0206285249441862,-2522.896967774532,-2140.639851445057
18.775,16.650853686862522,0.16607157058186,-0.1934703141710933,0.24951774365974191,-2.8285919010639198,-0.0822572771323052,0.0,0.0,0.0,0.0,0.0099737571241101,0.0279317460954189,-2524.866049392302,-2142.3105873631653
18.8,16.650572882758247,0.175675137175454,-0.1926857635587128,0.258336533055161,-2.830747032165528,-0.0834408275326284,0.0,0.0,0.0,0.0,0.010550696268076547,0.0346938259899616,-2526.789768875623,-2143.942834197498
18.825,16.65040440029568,0.1848641369077894,-0.1917392095282714,0.2663099577932647,-2.8327526271343237,-0.0844899631993083,0.0,0.0,0.0,0.0,0.011102681500306777,0.0408963970839977,-2528.5800089748186,-2145.4618257968154
18.85,16.650337643093533,0.1935844620068868,-0.190648461969559,0.27343996914950286,-2.834106922149658,-0.0854043262700734,0.0,0.0,0.0,0.0,0.011626458643448865,0.0461811386048793,-2529.7888837876867,-2146.4875377592493
18.875,16.650360955132378,0.201798677444458,-0.1894374560428727,0.2797582175514915,-2.8347921013832096,-0.0861808707544269,0.0,0.0,0.0,0.0,0.012119777942847222,0.0505006872117519,-2530.40049049698,-2147.006476785316
18.899999999999995,16.650464799669052,0.2094747457239363,-0.1881272307208241,0.2853059942072088,-2.8352725446224216,-0.0868200585443703,0.0,0.0,0.0,0.0,0.012580714607324347,0.0542040318250656,-2530.829345158867,-2147.370353468129
18.924999999999997,16.650641759236652,0.2165759437614017,-0.1867309852955661,0.29012837265477043,-2.8357360482215883,-0.0873194719889766,0.0,0.0,0.0,0.0,0.013007062844365142,0.0573880746960639,-2531.24307910927,-2147.7214004563502
18.949999999999992,16.650882297092014,0.223070051934984,-0.1852615528746012,0.2942757670084636,-2.836181735992432,-0.0876791527001378,0.0,0.0,0.0,0.0,0.013396890804635738,0.0600664168596267,-2531.6409102424254,-2148.0589541450877
18.97499999999999,16.651182174682617,0.2289298176765442,-0.1837315501835938,0.2977993866891572,-2.8366268396377565,-0.0878986054963388,0.0,0.0,0.0,0.0,0.01374856243087784,0.0622352510690689,-2532.038219971735,-2148.396065430563
18.99999999999999,16.651535034179688,0.2341326243347591,-0.1821536771719923,0.3007475789388021,-2.837092971801758,-0.0879767900802786,0.0,0.0,0.0,0.0,0.014060723161808683,0.0639018788933754,-2532.454300239438,-2148.7491032334624
19.024999999999988,16.65193663703071,0.2386610044373406,-0.1805402842493519,0.3031670079086766,-2.8375728309154518,-0.0879144679495816,0.0,0.0,0.0,0.0,0.014332327202507147,0.0650817900896072,-2532.882633497481,-2149.112537513014
19.049999999999983,16.65238380432129,0.2425024741225772,-0.1789034887986324,0.3050996260209517,-2.838071674108505,-0.0877108651230558,0.0,0.0,0.0,0.0,0.014562628208199709,0.065778836607933,-2533.3279123804605,-2149.4903498985723
19.074999999999985,16.652874416775173,0.2456494669119517,-0.1772552417552255,0.30658146251331675,-2.838593882322312,-0.087366897062326,0.0,0.0,0.0,0.0,0.01475117512833089,0.0660029202699661,-2533.7940474172115,-2149.8858584146033
19.099999999999984,16.653405295477974,0.2480990688006083,-0.1756072277384141,0.30764283151337596,-2.839149969816208,-0.0868829798863126,0.0,0.0,0.0,0.0,0.014897798041820103,0.065765157341957,-2534.290423876927,-2150.307026319816
19.124999999999982,16.653976440429688,0.2498529851436615,-0.1739708650513717,0.3082941274931937,-2.839748698472977,-0.0862591302397724,0.0,0.0,0.0,0.0,0.015002602293654684,0.065074622631073,-2534.824862817272,-2150.7604896631397
19.14999999999998,16.654584672715927,0.2509172591898176,-0.1723573556154336,0.3085152180989583,-2.8404052555561066,-0.0854964217095197,0.0,0.0,0.0,0.0,0.01506595715958491,0.0639424473047256,-2535.410920738197,-2151.2577509293787
19.17499999999998,16.65522787306044,0.2513021561834547,-0.1707776017463122,0.3082981086499763,-2.8411362886428835,-0.0845966352845336,0.0,0.0,0.0,0.0,0.015088485014962289,0.0623773224651813,-2536.0634576492625,-2151.811418611495
19.199999999999974,16.655902862548828,0.2510219315687815,-0.1692423892464224,0.30764951763731063,-2.841955816745758,-0.0835615394702254,0.0,0.0,0.0,0.0,0.015071049203415442,0.060389369726181,-2536.7949872427303,-2152.4321103877705
19.224999999999977,16.65660858154297,0.2500950958993699,-0.167762054509745,0.3065857488458807,-2.8428758144378663,-0.0823909969473516,0.0,0.0,0.0,0.0,0.015014766942203224,0.0579910688102245,-2537.616198297407,-2153.128895525072
19.24999999999997,16.65734079149034,0.2485439181327819,-0.1663467674826929,0.305125381007339,-2.8439205229282383,-0.0810879080647866,0.0,0.0,0.0,0.0,0.014920984162115142,0.0551929920911788,-2538.5487290728292,-2153.920133758764
19.274999999999974,16.658098432752823,0.2463942435052659,-0.1650062986375151,0.3032894481312145,-2.845097535848618,-0.0796538623968062,0.0,0.0,0.0,0.0,0.014791258708185468,0.05201306194067,-2539.599357818972,-2154.811576331248
19.29999999999997,16.658878326416016,0.2436758246686723,-0.1637500189722975,0.30109564578894416,-2.846427005529404,-0.0780913691404999,0.0,0.0,0.0,0.0,0.014627384863137818,0.048468105494976,-2540.78607296846,-2155.8184861550562
19.32499999999997,16.659679412841797,0.2404215766323937,-0.1625866836291236,0.29856489239316997,-2.8479103922843936,-0.076403158035985,0.0,0.0,0.0,0.0,0.014431344726061732,0.0445853993296623,-2542.1101780309054,-2156.9419692383435
19.34999999999997,16.660499572753906,0.2366681065824296,-0.1615244651835887,0.295710791385535,-2.849555289745331,-0.0745901487060755,0.0,0.0,0.0,0.0,0.014205342735908693,0.0403912179172039,-2543.578451256283,-2158.1877768235126
19.374999999999968,16.661337746514214,0.2324557966656155,-0.1605709536447994,0.29254470362807766,-2.851202815771103,-0.0726570432945711,0.0,0.0,0.0,0.0,0.01395180868440462,0.0358212776482105,-2545.04907079896,-2159.4355752233596
19.399999999999967,16.662191814846462,0.2278384069601694,-0.1597391985020972,0.28907603870738635,-2.8524835109710693,-0.0706049195494753,0.0,0.0,0.0,0.0,0.013673975758528913,0.0306654591113328,-2546.1922487274546,-2160.40554437481
19.424999999999965,16.663059658474392,0.2228782077630361,-0.1590414669412533,0.28531362360174006,-2.853529387712479,-0.0684384692116149,0.0,0.0,0.0,0.0,0.013375587216942245,0.0251622274518013,-2547.1258223105656,-2161.197667415025
19.449999999999964,16.663941277398003,0.2176331645912594,-0.1584822696913639,0.28130270293264675,-2.8547101974487306,-0.0661600974483492,0.0,0.0,0.0,0.0,0.013060125511030474,0.019517958164215,-2548.179840181695,-2162.0919856087103
19.47499999999996,16.664834552341038,0.2121579150358835,-0.1580649523485485,0.27698947328509704,-2.8559497117996218,-0.0637726713190395,0.0,0.0,0.0,0.0,0.012730874367191364,0.0138479173183441,-2549.286259139171,-2163.0307653302048
19.49999999999996,16.665736304389107,0.2065127756860521,-0.1577877505685849,0.27239750255237927,-2.8570396900177,-0.0612804185919161,0.0,0.0,0.0,0.0,0.012391458253882529,0.0083266478031873,-2550.259198712521,-2163.8562898166842
19.52499999999996,16.66664653354221,0.2007614241706,-0.1576448220418317,0.26756302804657905,-2.8577973008155824,-0.0586875899217501,0.0,0.0,0.0,0.0,0.012045700001290637,0.0031360648572444,-2550.9354594984993,-2164.4300868472114
19.54999999999996,16.667565239800346,0.1949674553341335,-0.1576255474134422,0.26254377422910746,-2.858028322458267,-0.0559957187067631,0.0,0.0,0.0,0.0,0.011697416660987309,-0.0015150646213442,-2551.141674718896,-2164.605057337245
19.57499999999996,16.66849136352539,0.1892048451635572,-0.1577182919984043,0.2572129729299834,-2.8565969228744508,-0.0532106430954071,0.0,0.0,0.0,0.0,0.011351047976518274,-0.0057990942150354,-2549.863974598588,-2163.5209481442557
19.599999999999955,16.66942384507921,0.1835657821761237,-0.1579079423575315,0.25163868759617664,-2.8532235980033875,-0.0503361060773704,0.0,0.0,0.0,0.0,0.011012125186936925,-0.009047788567841,-2546.852867398106,-2160.9660693074834
19.624999999999957,16.670362684461807,0.1781346069441901,-0.1581555664046385,0.2458206407951586,-2.847619205713272,-0.0473752327057447,0.0,0.0,0.0,0.0,0.010685706742914877,-0.0103585002943873,-2541.850258214552,-2156.721431212347
19.649999999999952,16.671307881673176,0.1729949480957455,-0.1584017922921731,0.23975892962831438,-2.838468587398529,-0.0443345019521195,0.0,0.0,0.0,0.0,0.010376807226139673,-0.0088063264265656,-2533.6822062926217,-2149.7909629149513
19.67499999999995,16.672259436713325,0.168235484096739,-0.1585638955787748,0.23344884699041193,-2.8243794798851014,-0.0412164625448817,0.0,0.0,0.0,0.0,0.010090742933514715,-0.0034644894767552,-2521.10594556957,-2139.1201962408472
19.69999999999995,16.67321840922038,0.1639476749632093,-0.1585301233672013,0.22688317501183708,-2.803153818845749,-0.0380261307976159,0.0,0.0,0.0,0.0,0.00983299510264589,0.0071402392350137,-2502.159433379525,-2123.0443677159606
19.724999999999948,16.674186918470596,0.1602241065767076,-0.1581524538351144,0.22005150072502366,-2.7728181362152102,-0.0347666026350893,0.0,0.0,0.0,0.0,0.009609110618714584,0.0242718402296304,-2475.0811068347243,-2100.068817920372
19.749999999999947,16.675166024102104,0.1571551793151431,-0.1572388564231627,0.2129330721768466,-2.7295496225357057,-0.0314410655282315,0.0,0.0,0.0,0.0,0.009424504624901048,0.050423439592123,-2436.458638476544,-2067.2982387073703
19.774999999999945,16.67615572611491,0.1548159784740871,-0.1555510947270818,0.20560769745797822,-2.671465641260147,-0.02804996368399,0.0,0.0,0.0,0.0,0.00928367310888353,0.0866386145353317,-2384.611543715,-2023.3067643642423
19.799999999999944,16.677154964870876,0.153245296743181,-0.1528107352549039,0.19789325136126895,-2.5952930450439453,-0.0245999581259819,0.0,0.0,0.0,0.0,0.00918893522702045,0.1344164907932281,-2316.618136108899,-1965.615388213611
19.824999999999942,16.67816056145562,0.1524415115515391,-0.1487222836389279,0.18982590646454783,-2.497706699371338,-0.0211017743193787,0.0,0.0,0.0,0.0,0.00914018731201341,0.1942395120859146,-2229.5103242749074,-1891.7057296878
19.84999999999994,16.679165098402237,0.1522982120513916,-0.1429931250543813,0.18150463219844934,-2.380246943235397,-0.0175900526038513,0.0,0.0,0.0,0.0,0.009131045298303381,0.2651634812355041,-2124.663050150285,-1802.7444061881201
19.87499999999994,16.68015480041504,0.1525502238008711,-0.1353821601988279,0.17308706803755328,-2.245186170935631,-0.0141293371851313,0.0,0.0,0.0,0.0,0.009145611993785293,0.3440914154052734,-2004.1047050400837,-1700.4524770037071
19.899999999999935,16.68111695183648,0.1527495185534159,-0.125759102238314,0.16431065646084872,-2.0983180314302445,-0.0107703776666674,0.0,0.0,0.0,0.0,0.009157031809947187,0.4252717792987823,-1873.0068329733904,-1589.217918886513
19.924999999999937,16.68203565809462,0.1523117886649238,-0.1141194570885001,0.15580468380089962,-1.9414563804864884,-0.0074975209550484,0.0,0.0,0.0,0.0,0.009130287920887974,0.5036234855651855,-1732.9885232375295,-1470.4145045651762
19.949999999999932,16.68289926317003,0.1506858236259884,-0.1005999780713617,0.1468605018384529,-1.7742945522069933,-0.0043152812253555,0.0,0.0,0.0,0.0,0.009032352305731994,0.5764158368110657,-1583.7760388142754,-1343.8099723272637
19.97499999999993,16.683690812852646,0.1473006440533532,-0.0853482292784244,0.13815884445652818,-1.5987905353307723,-0.0012155565771915,0.0,0.0,0.0,0.0,0.00882902025131495,0.6418288946151733,-1427.1171253895175,-1210.887257906257
19.99999999999993,16.684399710761177,0.141792529159122,-0.0686177228395178,0.12961981802275688,-1.4110211968421935,0.0018182987215354,0.0,0.0,0.0,0.0,0.0084985094829434,0.6960080862045288,-1259.5099043943844,-1068.675070395235
