time_s,vx_mps,vy_mps,dpsi_radps,ax_mps2,ay_mps2,deltawheel_rad,TwheelRL_Nm,TwheelRR_Nm,pBrakeF_bar,pBrakeR_bar,beta_true_rad,yaw_acc_rps2,fyf_true_n,fyr_true_n
0.0,25.0,-0.0,0.0,0.0010081682241324223,1.1877478660830685e-17,0.0,0.0,0.0,0.0,0.0,-0.0,-2.4813099685936268e-19,1.0602110050528375e-14,8.995729739842256e-15
0.025,24.994195302327476,0.0001994914459323,0.0001488394635071,-0.07714170513731061,0.0323080029804259,0.0011270406707201,0.0,0.0,0.0,0.0,7.981511047636057e-06,0.0217722877860069,28.838864955478535,24.469339962224204
0.05,24.9878650241428,0.0020810983712888,0.0017111224822307,-0.10166453506007339,0.1720125891268253,0.0039511295764698,0.0,0.0,0.0,0.0,8.328436099995268e-05,0.1147184446454048,153.54238488451867,130.27838717474307
0.075,24.980860816107857,0.0066874543618824,0.0063063862672536,-0.13276071259469696,0.3893363423645496,0.0075903799727135,0.0,0.0,0.0,0.0,0.00026770311924440476,0.257450520992279,347.5305547827825,294.8744101187244
0.1,24.973042805989586,0.0130934061275588,0.0146390532140563,-0.16649655891187262,0.6303394854068757,0.0113168609230949,0.0,0.0,0.0,0.0,0.0005243015930929511,0.4071474373340606,562.655491482039,477.40465943930576
0.125,24.96435589260525,0.01908705673284,0.0264125263698359,-0.19954147801254735,0.8564089119434357,0.014609973263458,0.0,0.0,0.0,0.0,0.0007645723692992944,0.5278750658035278,764.4502500872144,648.6244546194545
0.15,24.954842461480037,0.0222801023887263,0.040679144827823,-0.22874878854462594,1.0620677515864374,0.0176094827566872,0.0,0.0,0.0,0.0,0.0008928167918959044,0.6066528558731079,948.0260503915003,804.3857397261213
0.175,24.944595760769317,0.0211934848792023,0.0564935488188776,-0.2525101401589134,1.2714298009872438,0.0204125508300094,0.0,0.0,0.0,0.0,0.0008496223022596967,0.6543366312980652,1134.907420717302,962.95175091165
0.1999999999999999,24.93374294704861,0.0154156320624881,0.0732348993168478,-0.26915339152018225,1.501827597618103,0.0231518497190891,0.0,0.0,0.0,0.0,0.0006182638561416965,0.6828237771987915,1340.5657818082905,1137.4497542615795
0.2249999999999999,24.92241753472222,0.0051915609381265,0.0905757232150057,-0.27783371434067233,1.7654795140028,0.0260027439003703,0.0,0.0,0.0,0.0,0.00020830888218984183,0.7037190198898315,1575.90753340086,1337.13366470376
0.2499999999999999,24.910731845431854,-0.0089924772166543,0.1083696173936133,-0.27923758766867895,2.0577585458755494,0.0290191764299404,0.0,0.0,0.0,0.0,-0.000360988078248827,0.7190892696380615,1836.8025052938306,1558.4990954008258
0.2749999999999999,24.89878760443793,-0.026709542920192,0.1265176953524447,-0.2738126026500355,2.374475345015526,0.0320501845649922,0.0,0.0,0.0,0.0,-0.0010727246380233919,0.7319983839988708,2119.511189116318,1798.3731301592998
0.3,24.88666746351454,-0.0476227783494525,0.1449126982785968,-0.2625155824603456,2.7064848423004157,0.0350619950536549,0.0,0.0,0.0,0.0,-0.0019135859961672474,0.7378947734832764,2415.870486282912,2049.8295035127735
0.325,24.874437120225693,-0.0716286649306615,0.1632985132989882,-0.24630762736002604,3.0396355748176576,0.0380503926112654,0.0,0.0,0.0,0.0,-0.002879609479581727,0.7306188941001892,2713.248476210188,2302.1502222389468
0.35,24.862138960096573,-0.0985279348161485,0.181366346885224,-0.22648090709339488,3.378459626436234,0.0409106068160645,0.0,0.0,0.0,0.0,-0.003962970964577288,0.7143296599388123,3015.6906009746385,2558.7677826451477
0.375,24.849779340955948,-0.1280120015144348,0.1989674115561531,-0.20476771267977628,3.714393717050553,0.0437174329633859,0.0,0.0,0.0,0.0,-0.0051514341338014585,0.692924439907074,3315.553080219715,2813.1965529136974
0.4000000000000001,24.837337070041237,-0.1599077218108707,0.2158983749625478,-0.18236826116388494,4.042211967706681,0.0464834586505695,0.0,0.0,0.0,0.0,-0.006438199125773076,0.6609983444213867,3608.171174452931,3061.4785722630922
0.4250000000000001,24.82476128472222,-0.1936698456605275,0.2320318214910046,-0.16002091494473544,4.377434885501862,0.0491721715229513,0.0,0.0,0.0,0.0,-0.007801478670399814,0.6308892369270325,3907.398844517646,3315.3687165604265
0.4500000000000001,24.81199900309245,-0.2289723687701755,0.2474470800524944,-0.13825515400279653,4.692382806539536,0.051802103436648,0.0,0.0,0.0,0.0,-0.009228291873687303,0.5994361639022827,4188.528587148816,3553.9030436414187
0.4750000000000001,24.799007839626736,-0.2658012840482924,0.2619738248505496,-0.11509417150959825,4.997983551025391,0.0543519324581821,0.0,0.0,0.0,0.0,-0.01071822250983623,0.5608372092247009,4461.3148254644675,3785.3580337274266
0.5000000000000001,24.78589587741428,-0.3036689758300781,0.2754516836532771,-0.08245519825906465,5.296284186840058,0.0568125934368745,0.0,0.0,0.0,0.0,-0.012251684479429741,0.5202422738075256,4727.584819236741,4011.2840890493553
0.5250000000000001,24.772699144151478,-0.3424658046828376,0.2879907448822381,-0.05575480316624497,5.563460278511048,0.0591746945686932,0.0,0.0,0.0,0.0,-0.013824323409009288,0.4838692843914032,4966.072330572568,4213.637128970662
0.5500000000000002,24.75955327351888,-0.3821131587028503,0.2996024268406062,-0.0013456934148615056,5.822249495983124,0.0614341225181111,0.0,0.0,0.0,0.0,-0.01543295852237901,0.445728451013565,5197.073525512805,4409.6381428593495
0.5750000000000002,24.747157626681854,-0.4222998023033142,0.3104057395395944,0.08053386428139427,6.059214615821839,0.063587377725008,0.0,0.0,0.0,0.0,-0.01706457802846819,0.4181528687477112,5408.594030024576,4589.110086081458
0.6000000000000002,24.7360356648763,-0.4632780287000868,0.3204631673962786,0.1825334387114554,6.2751482963562015,0.0656389355483721,0.0,0.0,0.0,0.0,-0.0187288713105275,0.3839826583862304,5601.341389124511,4752.653299863221
0.6250000000000002,24.72657309638129,-0.5048414402537875,0.3295830959702277,0.29805846243193657,6.478693842887879,0.0675849760165149,0.0,0.0,0.0,0.0,-0.020416959450303713,0.3431616723537445,5783.030815495821,4906.81402526918
0.6500000000000002,24.71902847290039,-0.547049707836575,0.3377242795540591,0.4221328596635298,6.64587231874466,0.0694249165629478,0.0,0.0,0.0,0.0,-0.022130712314859326,0.3058950304985046,5932.258159928635,5033.431166000053
0.6750000000000003,24.71356709798177,-0.5898614724477133,0.3448515644213836,0.550495263301965,6.803049397468567,0.0711567015602045,0.0,0.0,0.0,0.0,-0.023867921215464043,0.2631162405014038,6072.558027740385,5152.47347808275
0.7000000000000003,24.710250430636936,-0.6329429149627686,0.350821772374096,0.6778732114849668,6.939008116722108,0.0727743971524811,0.0,0.0,0.0,0.0,-0.025614589246655956,0.2140585035085678,6193.917900910144,5255.445491681334
0.7250000000000003,24.70902548895942,-0.6762702597512139,0.3556203891842553,0.7983218476266571,7.048658990859986,0.0742756626708508,0.0,0.0,0.0,0.0,-0.02736936185740662,0.1692394912242889,6291.794787743053,5338.4925471759225
0.7500000000000003,24.709720611572266,-0.7195413112640381,0.3592806710759738,0.9074903453480113,7.147803199291229,0.0756564992124893,0.0,0.0,0.0,0.0,-0.0291197671788752,0.1220471486449241,6380.29318362963,5413.582095200898
0.7750000000000004,24.7120730082194,-0.7624047994613647,0.3616919637059588,1.0016377397017044,7.232704675197602,0.0769118176430009,0.0,0.0,0.0,0.0,-0.030851511291982017,0.0709459632635116,6456.078189582122,5477.88452449392
0.8000000000000004,24.71580293443468,-0.8044831620322334,0.3629542354836291,1.0822144849372632,7.300633215904236,0.0780389714460526,0.0,0.0,0.0,0.0,-0.032549343598763165,0.0318830274045467,6516.712764032552,5529.3320422094375
0.8250000000000004,24.720759921603733,-0.8455283111996121,0.3633062388007103,1.168079482569839,7.356017076969147,0.0790360839253134,0.0,0.0,0.0,0.0,-0.03420316826347624,-0.0018186765955761,6566.149669524099,5571.278507474993
0.8500000000000004,24.727503458658852,-0.885398719045851,0.362903602133404,1.278422148733428,7.399709665775299,0.0799030385674859,0.0,0.0,0.0,0.0,-0.03580623173407383,-0.0293397717177867,6605.150677073198,5604.370271456046
0.8750000000000004,24.736287858751083,-0.9238376220067342,0.3618279846586346,1.3861979166666667,7.439444220066071,0.080636007078503,0.0,0.0,0.0,0.0,-0.03734746406906417,-0.0558664686977863,6640.618652173731,5634.4643109352855
0.9000000000000005,24.746990203857425,-0.9606603119108412,0.3601179023436675,1.4833095481178977,7.46598688364029,0.0812350934880947,0.0,0.0,0.0,0.0,-0.03881927878894536,-0.0813185051083564,6664.311242855963,5654.567115150514
0.9250000000000004,24.759371015760635,-0.9957126114103528,0.3577523827949182,1.5640553977272726,7.488822102546693,0.0816963987619777,0.0,0.0,0.0,0.0,-0.04021558587964653,-0.1075387224555015,6684.694483338811,5671.861985863233
0.9500000000000004,24.77285808987088,-1.029517584376865,0.353960607324377,1.5965230675899622,7.403423535823823,0.082249637188928,0.0,0.0,0.0,0.0,-0.04155828853667126,-0.2107623070478439,6608.465762714872,5607.183071394436
0.9750000000000004,24.787074195014107,-1.0631261931525335,0.3475050382629977,1.6363097404711173,7.311112427711487,0.0826483456936265,0.0,0.0,0.0,0.0,-0.04289034618560912,-0.3029335439205169,6526.066748998205,5537.268756725748
1.0000000000000004,24.802402920193146,-1.0937781466378107,0.3393327289839261,1.6927195046164774,7.300886726379395,0.0827886568323708,0.0,0.0,0.0,0.0,-0.044099684621577505,-0.3386232554912567,6516.939053300952,5529.524045225049
1.0250000000000004,24.81903076171875,-1.118759446673923,0.3311513982466618,1.7545339873342802,7.378585350513458,0.082644712975452,0.0,0.0,0.0,0.0,-0.04507667754695379,-0.3045053482055664,6586.294628450129,5588.3711998970775
1.0500000000000005,24.83666949801975,-1.1365487840440538,0.324561106523638,1.7921943803267046,7.520513832569123,0.0822658699880099,0.0,0.0,0.0,0.0,-0.04576091750686105,-0.2165122926235199,6712.983248908014,5695.86457483104
1.0750000000000002,24.85444598727756,-1.1472801367441814,0.3204483202732014,1.7860404459635417,7.677316486835481,0.0817380023316317,0.0,0.0,0.0,0.0,-0.04615995614351849,-0.1147156134247779,6852.948896855606,5814.623306422937
1.1,24.871495564778645,-1.1527299880981443,0.3185155311120764,1.7473637251420455,7.790901446342469,0.081125013388912,0.0,0.0,0.0,0.0,-0.04634743355484275,-0.048891469836235,6954.337438579466,5900.649947885607
1.125,24.88741980658637,-1.1553735203213162,0.317497238179771,1.692501553622159,7.827298891544342,0.0804559732276244,0.0,0.0,0.0,0.0,-0.04642399771854014,-0.0429394990205764,6986.82663351786,5928.216537530305
1.15,24.902129703097877,-1.1573852433098688,0.3159079967992662,1.6300733161695076,7.781484758853913,0.0797360874954624,0.0,0.0,0.0,0.0,-0.046477359852715235,-0.0915676206350326,6945.931887206485,5893.51796490247
1.1749999999999998,24.9157100253635,-1.1599173810746934,0.3126878355671969,1.5679437810724433,7.677458429336548,0.078942735967917,0.0,0.0,0.0,0.0,-0.046553655500643165,-0.1684604287147522,6853.075597989755,5814.730810415549
1.1999999999999995,24.928194681803387,-1.16283032629225,0.307514378833609,1.499003388375947,7.562702882289887,0.0780232379896751,0.0,0.0,0.0,0.0,-0.04664719371519795,-0.2415710389614105,6750.64216296204,5727.817592816275
1.2249999999999996,24.939592149522568,-1.1647552914089627,0.3009147993362836,1.4377985913825757,7.485067927837372,0.0769226533796862,0.0,0.0,0.0,0.0,-0.04670306091718746,-0.2785025238990783,6681.343420831884,5669.0186600997795
1.2499999999999996,24.95009528266059,-1.1638674471113415,0.2940334573956278,1.3879497736150568,7.47096655368805,0.0756026451018208,0.0,0.0,0.0,0.0,-0.04664781572678751,-0.2627875208854675,6668.756210628104,5658.3386029571775
1.2749999999999997,24.959776136610245,-1.1587409178415935,0.2882098564609243,1.339072413589015,7.519563460350037,0.0740703329508057,0.0,0.0,0.0,0.0,-0.046424331352154534,-0.1958599388599395,6712.134924853435,5695.144784724125
1.2999999999999994,24.968427022298176,-1.1490433745914037,0.2844689806567173,1.2791432513612688,7.601192080974579,0.0723676991645124,0.0,0.0,0.0,0.0,-0.046019854337049144,-0.1016974151134491,6784.998505066654,5756.968428541401
1.3249999999999993,24.97576395670573,-1.13574571079678,0.2830562402774575,1.2098320978338069,7.675617265701295,0.0705506139497783,0.0,0.0,0.0,0.0,-0.04547391274058883,-0.0161371659487485,6851.432133072714,5813.3363553344225
1.3499999999999992,24.98172336154514,-1.1206944783528645,0.2833453929928128,1.1414689497514205,7.707979571819306,0.0686547241339131,0.0,0.0,0.0,0.0,-0.044860575154633715,0.0306775942444801,6880.319470255102,5837.846823246752
1.3749999999999991,24.986493852403427,-1.1058588160408869,0.2841504000113166,1.0806433660333807,7.680337584018708,0.0667021942912079,0.0,0.0,0.0,0.0,-0.04425826298692625,0.0244886949658393,6855.64559753801,5816.911416092857
1.399999999999999,24.990382724338108,-1.0926575130886502,0.2842242694420526,1.0299887732303503,7.599375450611115,0.0646957250334555,0.0,0.0,0.0,0.0,-0.04372312041561941,-0.0238348431885242,6783.376939111069,5755.59255439727
1.424999999999999,24.99370786878798,-1.0814776023228962,0.2828042719488224,0.9901462069424716,7.488815093040467,0.0626106842011675,0.0,0.0,0.0,0.0,-0.043269994512236426,-0.0903856083750724,6684.688226492679,5671.8566770240905
1.4499999999999988,24.99675750732422,-1.071763965818617,0.2797609113236207,0.9609986646247632,7.377207398414613,0.060416819948836,0.0,0.0,0.0,0.0,-0.0428761196529023,-0.1505065411329269,6585.064636781569,5587.327570602542
1.4749999999999988,24.999773237440323,-1.062335107061598,0.2755277668366693,0.9418506414240057,7.294988811016084,0.0580806367839697,0.0,0.0,0.0,0.0,-0.042493789722485034,-0.1821153163909912,6511.674438685669,5525.057099490869
1.499999999999999,25.00290764702691,-1.051767932044135,0.2709600793825336,0.9283592640269887,7.255048060417176,0.0555863575577043,0.0,0.0,0.0,0.0,-0.04206582477895129,-0.1776915043592453,6476.022408028119,5494.806891660221
1.5249999999999986,25.006190405951607,-1.0391095611784191,0.2668754394158677,0.9146289617365057,7.246536183357239,0.0529429163432592,0.0,0.0,0.0,0.0,-0.041554092978957145,-0.1466382294893264,6468.424511209863,5488.360191329581
1.5499999999999985,25.009551578097877,-1.0243388017018635,0.2636664301708631,0.8966016364820075,7.2416540622711185,0.0501839667583158,0.0,0.0,0.0,0.0,-0.040957903563490064,-0.1111552268266677,6464.066617879712,5484.662584867633
1.5749999999999984,25.012906392415363,-1.0080323616663616,0.2611742939570374,0.8743973795572917,7.222175812721253,0.0473432102742311,0.0,0.0,0.0,0.0,-0.040300489109575295,-0.0920976102352142,6446.679885289709,5469.910205700357
1.5999999999999983,25.01620610555013,-0.99111537138621,0.2587246351625984,0.8487267881451231,7.159345519542694,0.0444465544549846,0.0,0.0,0.0,0.0,-0.039618932111625024,-0.1098416671156883,6390.5961235917985,5422.323983653647
1.6249999999999982,25.019452836778427,-0.9744106398688422,0.2553972484071398,0.8215447998046875,7.0570458650589,0.0415124604164764,0.0,0.0,0.0,0.0,-0.03894612109328247,-0.1601228266954422,6299.281104138641,5344.844573208544
1.649999999999998,25.02267837524414,-0.9580873118506538,0.2504953841704695,0.7936714496034565,6.917348158359528,0.0385355539828506,0.0,0.0,0.0,0.0,-0.03828875939989401,-0.2352472841739654,6174.583724961907,5239.040736331313
1.674999999999998,25.02591874864366,-0.941844450102912,0.2435822840338146,0.765966630415483,6.759103882312775,0.0355035804519036,0.0,0.0,0.0,0.0,-0.03763476016855355,-0.3156089186668396,6033.331252326732,5119.190153489348
1.699999999999998,25.02921634250217,-0.924618442853292,0.2348318357716003,0.7387666089607008,6.603674507141114,0.0323956308881864,0.0,0.0,0.0,0.0,-0.03694156581655316,-0.3823603689670563,5894.591424816945,5001.471511965892
1.724999999999998,25.03259023030599,-0.9054152170817056,0.2246051640276415,0.7110152365944602,6.446198356151581,0.029198525765195,0.0,0.0,0.0,0.0,-0.03616945784482001,-0.4319320917129516,5754.024598236944,4882.202689413164
1.7499999999999978,25.036029815673828,-0.8834226926167806,0.2134093346734893,0.6811787923177083,6.294977605342866,0.0259132263176354,0.0,0.0,0.0,0.0,-0.03528605370423841,-0.4607779383659363,5619.041485424903,4767.671563390826
1.7749999999999977,25.039503309461807,-0.8581727080874972,0.2015298052884865,0.6494476040926846,6.126839411258698,0.0225727723877812,0.0,0.0,0.0,0.0,-0.0342727528370427,-0.4926415383815765,5468.957474476002,4640.327554100849
1.7999999999999976,25.0429810418023,-0.8297767241795858,0.1886640574175569,0.6154097123579545,5.928991425037385,0.0192254920270392,0.0,0.0,0.0,0.0,-0.033134103435789215,-0.5385080575942993,5292.353821201404,4490.482030110282
1.8249999999999973,25.04649480183919,-0.7983258035447862,0.1744096374857191,0.5912496670809659,5.68896256685257,0.0159295846679031,0.0,0.0,0.0,0.0,-0.03187375358751454,-0.604198157787323,5078.098553526598,4308.6896817801435
1.8499999999999972,25.05099402533637,-0.7639367050594754,0.1585585193223243,0.6462148585464015,5.413886177539826,0.0126124908740131,0.0,0.0,0.0,0.0,-0.030495265149432238,-0.6617502570152283,4832.559055197436,4100.353137743278
1.8749999999999971,25.058697594536675,-0.7261916001637777,0.1413101736930194,0.8010845947265625,5.117143988609314,0.0093657963391379,0.0,0.0,0.0,0.0,-0.028979622640966898,-0.7220213413238525,4567.680166881593,3875.607414323775
1.8999999999999968,25.07100847032335,-0.6848736604054769,0.122387423784976,0.9739103929924242,4.795261329412461,0.0061320086428367,0.0,0.0,0.0,0.0,-0.027317355870074576,-0.790932834148407,4280.3603178116155,3631.8208757189454
1.9249999999999967,25.087935129801437,-0.6396014822853936,0.1019538709129091,1.154498475970644,4.437107980251312,0.0029702587388178,0.0,0.0,0.0,0.0,-0.025494385208515,-0.8454373478889465,3960.6644184374422,3360.563748977223
1.949999999999997,25.10945638020833,-0.5902704927656386,0.0801209517236816,1.3113177675189394,4.058307838439942,-8.681866142509537e-05,0.0,0.0,0.0,0.0,-0.023507896141905293,-0.9007940292358398,3622.538718082866,3073.669215343037
1.974999999999997,25.134756300184463,-0.5365626017252604,0.0571097418772839,1.4410842803030304,3.6496220827102666,-0.0031055503455579,0.0,0.0,0.0,0.0,-0.02134743600920939,-0.9355910420417786,3257.736432845476,2764.140003626464
1.999999999999997,25.163307189941406,-0.4787667592366536,0.0333839934268502,1.5517346931226326,3.213766020536423,-0.0058788597068023,0.0,0.0,0.0,0.0,-0.019026384553618304,-0.9604021906852722,2868.681308495217,2434.0326253898806
2.024999999999997,25.194617377387157,-0.4170347253481547,0.0093294902234139,1.6515751509232954,2.749684137105942,-0.0085483036724298,0.0,0.0,0.0,0.0,-0.01655253259461898,-0.9574794769287108,2454.43116828555,2082.547657939254
2.0499999999999967,25.22833506266276,-0.3522524568769667,-0.0143220600623366,1.7363500236742424,2.256373634934425,-0.0110236929202327,0.0,0.0,0.0,0.0,-0.01396257248058714,-0.9339956045150756,2014.0908921668763,1708.925605474925
2.0749999999999966,25.26416354709201,-0.2853991587956746,-0.0372079765018245,1.823010401870265,1.739873641729355,-0.0133450008739948,0.0,0.0,0.0,0.0,-0.011296600351074161,-0.8939246535301208,1553.0511441338258,1317.7403647196097
2.0999999999999965,25.301988389756943,-0.2176434629493289,-0.058898462345814,1.9069006717566288,1.2023149743676187,-0.0155897424262684,0.0,0.0,0.0,0.0,-0.00860183237762602,-0.8402438163757324,1073.2139402347022,910.6057674718685
2.1249999999999964,25.34158918592665,-0.150261554453108,-0.07914233156924,1.9853726473721591,0.6490693971514703,-0.0177782761952305,0.0,0.0,0.0,0.0,-0.005929444809110675,-0.7789015173912048,579.3742405720911,491.59026472783484
2.1499999999999964,25.382840898301865,-0.0845954815546671,-0.0977903597660849,2.0650821200284093,0.0795909626409411,-0.0199138681942569,0.0,0.0,0.0,0.0,-0.0033327822481969156,-0.7123879790306091,71.04471993113513,60.280368426417674
2.1749999999999963,25.425588819715717,-0.0219487129814094,-0.1146964642281793,2.1405687366832384,-0.4952975146472454,-0.0220635926321149,0.0,0.0,0.0,0.0,-0.0008632528881451017,-0.6395844221115112,-442.113929058074,-375.1269701098809
2.199999999999996,25.469701555040142,0.0365189048979017,-0.1297885814809016,2.2162513316761365,-1.0716403275728226,-0.0244488362176876,0.0,0.0,0.0,0.0,0.001433817542737365,-0.5698063373565674,-956.570751415413,-811.6357890797442
2.224999999999996,25.514990488688152,0.0896580600076251,-0.1433099912898303,2.2842827074455494,-1.6495592206716538,-0.0270253551067713,0.0,0.0,0.0,0.0,0.003513936642358312,-0.5126467943191528,-1472.4344191077305,-1249.3382950004982
2.249999999999996,25.56137932671441,0.1368532909287346,-0.1554124938371,2.3541149162523674,-2.2045516252517703,-0.0297579726864366,0.0,0.0,0.0,0.0,0.005353908690901829,-0.4563119411468506,-1967.8333769665394,-1669.6768046988816
2.274999999999996,25.60875998602973,0.1780012084378136,-0.1662337662286894,2.4218574292732007,-2.7222752153873446,-0.0324891608976106,0.0,0.0,0.0,0.0,0.006950793733664498,-0.4104871451854706,-2429.96533570231,-2061.7887696868083
2.299999999999996,25.657742818196613,0.213469300005171,-0.1760015420273139,2.5636956232244317,-3.196998989582062,-0.0352979532068305,0.0,0.0,0.0,0.0,0.008319878389839398,-0.3722971379756927,-2853.7146718482504,-2421.3336609621515
2.324999999999996,25.710250006781685,0.2437371015548706,-0.1848667891772674,2.7802962239583335,-3.626863092184067,-0.0381035081108503,0.0,0.0,0.0,0.0,0.009480152915299508,-0.3404169976711273,-3237.421235564303,-2746.902866539408
2.349999999999996,25.767381456163196,0.2694880134529537,-0.1930642986181539,3.020161650686553,-4.011693453788758,-0.0409282169687727,0.0,0.0,0.0,0.0,0.010458494353080489,-0.3139793276786804,-3580.9296485048835,-3038.364550246567
2.374999999999996,25.82937876383464,0.291471713119083,-0.2004553695914508,3.2635159209280302,-4.347540801763535,-0.0437109872813101,0.0,0.0,0.0,0.0,0.01128450342472778,-0.2752847373485565,-3880.7146992790904,-3292.7276236307425
2.3999999999999955,25.89601728651259,0.3104256590207417,-0.2068997866657654,3.477398718631629,-4.6260778427124025,-0.0464711519335009,0.0,0.0,0.0,0.0,0.0119873900139239,-0.239964559674263,-4129.343254683448,-3503.685185792016
2.4249999999999954,25.9666379292806,0.3271812862820095,-0.2123776260671926,3.6664882220643937,-4.861412084102631,-0.0491720238007346,0.0,0.0,0.0,0.0,0.012600063480419699,-0.1985830068588256,-4339.407999662103,-3681.9219391072384
2.4499999999999957,26.04053285386827,0.341974761750963,-0.2167762527263788,3.813356711647727,-5.060175979137421,-0.0518107961608935,0.0,0.0,0.0,0.0,0.013132402615185475,-0.1499814242124557,-4516.829214164469,-3832.4611514122757
2.474999999999995,26.116792890760635,0.3550244371096293,-0.2198120066977169,3.91713105172822,-5.223252141475678,-0.0543859626634863,0.0,0.0,0.0,0.0,0.013593722575149212,-0.0959781184792518,-4662.394739399191,-3955.9712940356767
2.499999999999995,26.19442621866862,0.3664302494790818,-0.2217510875769173,3.9765346827651515,-5.342485010623932,-0.0568825908810569,0.0,0.0,0.0,0.0,0.013988863371930973,-0.0567584931850433,-4768.824734893002,-4046.275532636486
2.524999999999995,26.27266565958659,0.3767763574918111,-0.222634324952442,4.004351769649622,-5.4224704861640936,-0.0592958351087782,0.0,0.0,0.0,0.0,0.014341002255868537,-0.0146927554160356,-4840.221606092376,-4106.854696078378
2.549999999999995,26.35088390774197,0.3861194517877366,-0.2226041480083401,4.004831986860795,-5.4838574051857,-0.0616117720075762,0.0,0.0,0.0,0.0,0.014652998098264685,0.0149001451209187,-4895.01697889117,-4153.347739665234
2.574999999999995,26.428585052490234,0.3945270511839125,-0.2219850296339239,3.987167598839962,-5.524690115451813,-0.0638140959575578,0.0,0.0,0.0,0.0,0.014928042889936637,0.0312263164669275,-4931.465193218873,-4184.273497276618
2.5999999999999948,26.50546815660265,0.4020399186346266,-0.2212396108448107,3.9578872218276517,-5.564385533332825,-0.0658972642547044,0.0,0.0,0.0,0.0,0.015168187796542519,0.0250493418425321,-4966.898234261842,-4214.337895737319
2.6249999999999947,26.58131281534831,0.4087048437860276,-0.2209028208354566,3.9212254379734848,-5.607279622554779,-0.0678559443350521,0.0,0.0,0.0,0.0,0.015375645538095374,3.404476592550054e-05,-5005.186482755865,-4246.824894459521
2.6499999999999946,26.654603746202252,0.4161282711558872,-0.2205422954028871,3.7441128077651515,-5.517797434329987,-0.0701424241754802,0.0,0.0,0.0,0.0,0.015611872347386787,0.0239455867558717,-4925.312627856849,-4179.053138787629
2.6749999999999945,26.72435548570421,0.4260326094097561,-0.2194283284084206,3.636748934659091,-5.460481870174409,-0.0721880481430405,0.0,0.0,0.0,0.0,0.01594173560659511,0.060058768838644,-4874.151439852403,-4135.643645935372
2.6999999999999944,26.792558034261067,0.4358978735076056,-0.2178878395206211,3.6244342595880683,-5.500111281871796,-0.0738614038020998,0.0,0.0,0.0,0.0,0.01626936378938509,0.0564834251999855,-4909.525562260972,-4165.658052827491
2.7249999999999943,26.861305236816406,0.443461173110538,-0.2169688159179484,3.7068921638257577,-5.622931849956513,-0.0751682835280289,0.0,0.0,0.0,0.0,0.016509293543290858,0.0079064918681979,-5019.158020166101,-4258.679532262145
2.7499999999999942,26.93198733859592,0.4473588201734755,-0.2180353620002546,3.8156372810132577,-5.825622820854187,-0.0762400935146773,0.0,0.0,0.0,0.0,0.016610687304622736,-0.1053266450762748,-5200.084632713287,-4412.193021696122
2.774999999999994,27.003743913438583,0.4477971461084153,-0.2226542154368336,3.839065829190341,-6.055545139312745,-0.0772655769819259,0.0,0.0,0.0,0.0,0.016582780059825934,-0.2640573382377624,-5405.318571075066,-4586.330908790964
2.799999999999994,27.074640062120224,0.4479139380984836,-0.2307086465481556,3.8032111890388256,-6.197744655609132,-0.078330029986063,0.0,0.0,0.0,0.0,0.01654367101726143,-0.3625116348266601,-5532.249122916676,-4694.0295588383915
2.824999999999994,27.144415113661022,0.4522259367836846,-0.2398143272102728,3.771643288352273,-6.212316834926606,-0.0794223171847806,0.0,0.0,0.0,0.0,0.016659999299675165,-0.348684698343277,-5545.256584618913,-4705.066193009986
2.849999999999994,27.21326404147678,0.4634394248326619,-0.2474633419799007,3.730152698863636,-6.134771251678467,-0.08052467446137,0.0,0.0,0.0,0.0,0.017029909536993286,-0.2540743947029114,-5476.0376172769265,-4646.334947992544
2.874999999999994,27.28090498182509,0.4818033509784274,-0.2522790696000637,3.6657046046401516,-6.019871425628662,-0.081582552786566,0.0,0.0,0.0,0.0,0.017660827281917934,-0.1309051662683487,-5373.475395499683,-4559.312456787609
2.8999999999999937,27.34694586859809,0.5056114660369025,-0.2541507891484418,3.595458984375,-5.929803943634034,-0.0824915146337452,0.0,0.0,0.0,0.0,0.018488772693900174,-0.0237097665667533,-5293.07909394874,-4491.097413047415
2.9249999999999936,27.41161134507921,0.5319690042071872,-0.2537666780954684,3.5573694587476328,-5.905945336818696,-0.0831313682139612,0.0,0.0,0.0,0.0,0.019406703148907863,0.0469912178814411,-5271.7823539307865,-4473.02745182006
2.949999999999993,27.47594409518772,0.5578670899073283,-0.2521503057613584,3.5861058830492425,-5.957615911960602,-0.0834291970088053,0.0,0.0,0.0,0.0,0.020303836984623794,0.0748794004321098,-5317.904695184505,-4512.161559550488
2.974999999999993,27.541425493028427,0.5810250838597616,-0.250398861225711,3.6794362571022727,-6.071947968006135,-0.0834143498857281,0.0,0.0,0.0,0.0,0.021096405631104195,0.0569965466856956,-5419.960112425148,-4598.754034784974
2.9999999999999933,27.608909606933597,0.6002410252888998,-0.2497195720554158,3.784225556344697,-6.233529353141785,-0.0831989209594867,0.0,0.0,0.0,0.0,0.021740845032799033,-0.0107318246737122,-5564.191365222462,-4721.132067461483
3.024999999999993,27.67774158053928,0.6157643265194364,-0.2511647197761905,3.827332726680871,-6.399651730060578,-0.0829258429180235,0.0,0.0,0.0,0.0,0.02224763623605733,-0.1038030609488487,-5712.476011504893,-4846.94934309506
3.049999999999993,27.746425204806854,0.6298268503612943,-0.254522200251967,3.811675174597538,-6.495495629310608,-0.0826585614131205,0.0,0.0,0.0,0.0,0.02269938724402528,-0.1521210819482803,-5798.028475671518,-4919.539312690985
3.074999999999993,27.81433317396376,0.6455333365334405,-0.2580861755807656,3.779137295809659,-6.487800943851472,-0.0823898775874559,0.0,0.0,0.0,0.0,0.023208657654885168,-0.120738536119461,-5791.1600228313555,-4913.711534523573
3.099999999999993,27.881348927815758,0.664758218659295,-0.2600958468736098,3.7315974195075756,-6.405096364021301,-0.0820969589958716,0.0,0.0,0.0,0.0,0.023842398026736097,-0.0341349206864833,-5717.3360167370465,-4851.072983898099
3.124999999999993,27.947184244791668,0.6874451372358534,-0.2596850875649787,3.66837920217803,-6.297909915447236,-0.0817171880632371,0.0,0.0,0.0,0.0,0.024598010705281267,0.0652440935373306,-5621.658932722984,-4769.892427764956
3.149999999999993,28.011688656277126,0.7119911909103394,-0.2570150854798493,3.608707460345644,-6.217051756381989,-0.0811564719792885,0.0,0.0,0.0,0.0,0.02541764617074557,0.1434253901243209,-5549.483084180317,-4708.652313849964
3.1749999999999927,28.075286017523872,0.7360080215666029,-0.252767160448848,3.5884250710227272,-6.193375396728516,-0.080323318677014,0.0,0.0,0.0,0.0,0.026215512857365217,0.1910618245601654,-5528.349022161767,-4690.720382440286
3.1999999999999926,28.13911861843533,0.7571757502026029,-0.2477369484923927,3.63071533203125,-6.2263054728508,-0.0791859033813872,0.0,0.0,0.0,0.0,0.026908296612621674,0.2052759528160095,-5557.743163880757,-4715.6608663230645
3.2249999999999925,28.204494052463108,0.7739133967293633,-0.2428006129643627,3.72295868844697,-6.302926969528198,-0.0777939523033869,0.0,0.0,0.0,0.0,0.027439364637770455,0.183222159743309,-5626.137270341154,-4773.692229380373
3.2499999999999925,28.27201419406467,0.7855466339323256,-0.238884268133833,3.8172599283854165,-6.409115731716157,-0.0762511706003363,0.0,0.0,0.0,0.0,0.027785308416308045,0.1246525943279266,-5720.923796589259,-4854.1171607424
3.2749999999999924,28.34104749891493,0.7925879293017917,-0.2366927861623204,3.8574203953598483,-6.508872687816621,-0.0746693527813702,0.0,0.0,0.0,0.0,0.02796607744763622,0.0528887286782264,-5809.969145108444,-4929.670789788981
3.2999999999999923,28.410301208496094,0.7970486084620158,-0.2358913411217747,3.8445079456676137,-6.543718111515045,-0.0730903562486838,0.0,0.0,0.0,0.0,0.028054915807216384,0.0217996574938297,-5841.072970032693,-4956.061913967132
3.324999999999992,28.479143778483078,0.8014702134662204,-0.2350713538221393,3.812794004498106,-6.491177189350129,-0.0715020282492091,0.0,0.0,0.0,0.0,0.028142356374904687,0.0528581552207469,-5794.173737051058,-4916.268625376655
3.349999999999992,28.547386593288845,0.8073365688323975,-0.2329312209253948,3.767942634351326,-6.377335798740387,-0.0698776310617207,0.0,0.0,0.0,0.0,0.02828057714474616,0.1221074536442756,-5692.556299039576,-4830.047768882063
3.374999999999992,28.61486011081272,0.8145236306720309,-0.2289215655881716,3.717238251657197,-6.250526821613312,-0.068150206990749,0.0,0.0,0.0,0.0,0.028465057229626164,0.1969826817512512,-5579.363695685981,-4734.0055599759835
3.399999999999992,28.681657579210068,0.8215558528900146,-0.2232301573120768,3.681382649739583,-6.153893768787385,-0.0662444426729045,0.0,0.0,0.0,0.0,0.028643946069752967,0.2544008195400238,-5493.106814925789,-4660.8179035733965
3.424999999999992,28.748395707872177,0.8264424403508505,-0.2164149283454823,3.687071348248106,-6.104221487045288,-0.0640968945369998,0.0,0.0,0.0,0.0,0.028747428160818923,0.2862526774406433,-5448.768196223213,-4623.197257401513
3.449999999999992,28.81615956624349,0.8274212810728285,-0.2091595121402113,3.745030702533144,-6.098731875419617,-0.0617075480188727,0.0,0.0,0.0,0.0,0.028713794396186855,0.2892123758792877,-5443.868042895052,-4619.039551547316
3.474999999999992,28.885921902126736,0.8233611451254951,-0.2022453966733908,3.8323342803030305,-6.1261974573135385,-0.0591324272893612,0.0,0.0,0.0,0.0,0.028503890161971076,0.2587924003601074,-5468.384451651184,-4639.841352916155
3.499999999999992,28.95780563354492,0.8140734169218276,-0.1964471457033134,3.899273496685606,-6.168449008464814,-0.0564688979340375,0.0,0.0,0.0,0.0,0.028112400063173275,0.2025050818920135,-5506.099155916543,-4671.841708050399
3.5249999999999915,29.030846489800343,0.8004593849182129,-0.192078446316877,3.9099857954545456,-6.18611296415329,-0.0537982862346899,0.0,0.0,0.0,0.0,0.02757271942447304,0.1526701897382736,-5521.866408166338,-4685.21998268659
3.5499999999999914,29.1040759616428,0.7846058739556206,-0.188417049226452,3.8920012872869316,-6.125978994369508,-0.0511341971994183,0.0,0.0,0.0,0.0,0.026958625142048078,0.1500823348760604,-5468.189446613438,-4639.67589409625
3.5749999999999917,29.177265167236328,0.7686614990234375,-0.1841680589310147,3.868536931818182,-5.990788400173187,-0.0484697107705778,0.0,0.0,0.0,0.0,0.026344535535379143,0.1955449730157852,-5347.515219498854,-4537.285640786905
3.599999999999991,29.250384436713325,0.7532662153244019,-0.1784709581480899,3.841505311908144,-5.8206676840782166,-0.0457716185777319,0.0,0.0,0.0,0.0,0.025752352655541422,0.2611695230007171,-5195.661563902605,-4408.440114826452
3.624999999999991,29.323435889350044,0.7378457652197944,-0.1710785056599775,3.818490841027462,-5.641896653175355,-0.0429798018398666,0.0,0.0,0.0,0.0,0.025162322996663978,0.3281476199626922,-5036.086438777018,-4273.043038962318
3.649999999999991,29.39671834309896,0.7210683160358005,-0.1622227959556779,3.8177385179924244,-5.487352812290192,-0.0400444802505435,0.0,0.0,0.0,0.0,0.024528871135205306,0.3760362267494201,-4898.137059495098,-4155.995080783719
3.674999999999991,29.470865461561417,0.7012757990095351,-0.152481402096602,3.8488168797348483,-5.365507733821869,-0.0369370373116118,0.0,0.0,0.0,0.0,0.023795561753155933,0.3995973467826843,-4789.375346009849,-4063.712414796235
3.699999999999991,29.546470642089844,0.6773333417044746,-0.1424384884678587,3.897857850970644,-5.264588367938996,-0.0336755533901596,0.0,0.0,0.0,0.0,0.02292434009832608,0.3986225426197052,-4699.292403840629,-3987.278403258715
3.724999999999991,29.623572031656902,0.6486907270219591,-0.132739130942114,3.930215065696023,-5.170287728309631,-0.0303278267418755,0.0,0.0,0.0,0.0,0.021897788907048174,0.3728557527065277,-4615.1174886304825,-3915.8572630804088
3.749999999999991,29.701548682318798,0.6161669227812026,-0.1236907332105687,3.9329278379498107,-5.031903719902039,-0.0269642605268892,0.0,0.0,0.0,0.0,0.020745279290705944,0.3537198305130005,-4491.592746699443,-3811.0483911389206
3.774999999999991,29.779915279812283,0.5811879369947646,-0.1147792552485672,3.9239431670217804,-4.840587425231934,-0.0236246377945785,0.0,0.0,0.0,0.0,0.019516104446030785,0.3664575815200805,-4320.819431211128,-3666.1498204215627
3.7999999999999914,29.858567979600693,0.5451233188311259,-0.1050307041440617,3.909444765033144,-4.573717123270035,-0.0203580387312982,0.0,0.0,0.0,0.0,0.01825684738811161,0.4153090417385101,-4082.604874787761,-3464.028378607797
3.8249999999999904,29.937428368462456,0.5085816979408264,-0.0938235563552766,3.898814142400568,-4.267904049158097,-0.0171219052946209,0.0,0.0,0.0,0.0,0.01698815581890765,0.4797252416610718,-3809.629106174728,-3232.412574936132
3.8499999999999903,30.01657485961914,0.4711489213837517,-0.0810665403582279,3.8910071170691287,-3.9403381407260896,-0.0139458313420113,0.0,0.0,0.0,0.0,0.015696291918288835,0.5383447408676147,-3517.2362584022226,-2984.321673795825
3.8749999999999902,30.09596718682183,0.4320486386617024,-0.0670062232579648,3.8810730350378786,-3.604600608348847,-0.0107713815535627,0.0,0.0,0.0,0.0,0.014355698754578794,0.5842694044113159,-3217.5492315507336,-2730.041772224864
3.89999999999999,30.17563925849067,0.3906802998648749,-0.0519652345369829,3.879280820904356,-3.2596201658248902,-0.0076455464184269,0.0,0.0,0.0,0.0,0.012946877331022814,0.6169686913490295,-2909.611770969923,-2468.761502641146
3.92499999999999,30.25551478068034,0.3466390901141696,-0.0362667196652389,3.863575106534091,-2.8964395403862,-0.0046087640563157,0.0,0.0,0.0,0.0,0.011457054775862415,0.6344999670982361,-2585.428409410305,-2193.696832226925
3.94999999999999,30.33508936564128,0.3002451194657219,-0.0204184082239616,3.8312816642992424,-2.5013168871402742,-0.0017333260676706,0.0,0.0,0.0,0.0,0.009897617766895106,0.6342592239379883,-2232.7328607342283,-1894.4400030472239
3.97499999999999,30.41437996758355,0.2520603272649977,-0.0045775978463719,3.8140268406723483,-2.0882269710302355,0.0009107381548204,0.0,0.0,0.0,0.0,0.008287537919025484,0.6318756341934204,-1863.999320862235,-1581.5751813376537
3.99999999999999,30.493460761176216,0.2023361292150285,0.0111341230794572,3.7977201704545456,-1.6660771220922472,0.0034540844987059,0.0,0.0,0.0,0.0,0.006635394086611501,0.6242876648902893,-1487.178677015129,-1261.848574437079
4.02499999999999,30.572263929578995,0.1515013641781277,0.0265433791255212,3.7797871537642047,-1.2257672488689424,0.0059118366435987,0.0,0.0,0.0,0.0,0.004955516690785484,0.6069559454917908,-1094.1479787035069,-928.3679819302481
4.04999999999999,30.65052032470703,0.1002563784519831,0.0414492894031819,3.739553740530303,-0.7716884419322014,0.008298697989002,0.0,0.0,0.0,0.0,0.003270951924792206,0.5846278667449951,-688.8268141509569,-584.4591150371754
4.07499999999999,30.7275750901964,0.0492245910896195,0.0557728682995777,3.6855044093276517,-0.3105262003839016,0.0106580341406324,0.0,0.0,0.0,0.0,0.0016019679699790092,0.5605384707450867,-277.18281329349907,-235.18541733993857
4.099999999999991,30.80310821533203,-0.0010653823846951,0.0694477968617819,3.6198040216619316,0.1529928598552942,0.0129927101747842,0.0,0.0,0.0,0.0,-3.4586846796350675e-05,0.5324826836585999,136.56493801837328,115.87328074286216
4.124999999999991,30.877117580837677,-0.0500625040796068,0.0823813679555352,3.5583831972064393,0.6180848240852357,0.0153475841011799,0.0,0.0,0.0,0.0,-0.0016213464209714824,0.5036621689796448,551.7166995318211,468.1232602088178
4.149999999999992,30.94912846883138,-0.0972489681508806,0.0946076242697096,3.465555382930871,1.08237896412611,0.017805363456349,0.0,0.0,0.0,0.0,-0.0031422199254760685,0.4746615886688232,966.1563048633884,819.768985944693
4.174999999999992,31.01790534125434,-0.1421674920452965,0.1061307228323189,3.2926677172111742,1.543911650776863,0.020492012378886,0.0,0.0,0.0,0.0,-0.004583400796449376,0.4487218260765075,1378.130973521315,1169.3232502605092
4.199999999999992,31.08114242553711,-0.1844553814993964,0.1171015566862515,2.9887427497632575,1.9984530121088029,0.0232498998202853,0.0,0.0,0.0,0.0,-0.005934639691617089,0.4289242923259735,1783.8650247430216,1513.582445236503
4.2249999999999925,31.13514158460829,-0.2240503662162357,0.1276203522346568,2.5353519694010416,2.4403048306703568,0.0260247503494716,0.0,0.0,0.0,0.0,-0.00719606061875098,0.4135670065879822,2178.2720988524743,1848.2308717536143
4.249999999999993,31.17801030476888,-0.2610509594281514,0.1378146416042359,2.056913581616951,2.864935606718064,0.0288793687950896,0.0,0.0,0.0,0.0,-0.008372919146422308,0.4037245213985443,2557.307275177026,2169.8364759077795
4.274999999999993,31.209759182400173,-0.2957177824444241,0.1479244671553674,1.6057287227746213,3.2781889319419864,0.0316790616238194,0.0,0.0,0.0,0.0,-0.00947517027337992,0.4071407318115234,2926.1866777744453,2482.8250599298317
4.299999999999994,31.23149236043294,-0.3283125824398464,0.1583717984403961,1.2232653438683712,3.684212535619736,0.0344801931837161,0.0,0.0,0.0,0.0,-0.0105122284471998,0.4266190230846405,3288.6126649917155,2790.3380187808493
4.324999999999994,31.244896782769096,-0.3599473502900865,0.1693788429627753,0.9217527077414772,4.055503743886948,0.0372705306188197,0.0,0.0,0.0,0.0,-0.011520196491370389,0.454860508441925,3620.035718928596,3071.5454584848685
4.349999999999994,31.25182893541124,-0.3917402691311306,0.1812022961620752,0.7090393991181345,4.4106102943420415,0.0400243567395566,0.0,0.0,0.0,0.0,-0.012534954992258143,0.4915313720703125,3937.011975851216,3340.4950098131526
4.374999999999995,31.254196166992188,-0.4248874717288547,0.1939518969199637,0.5785265558416193,4.741290175914765,0.0427761386760974,0.0,0.0,0.0,0.0,-0.013594573652083936,0.5265591144561768,4232.18442751736,3590.944362742002
4.399999999999995,31.25366422865126,-0.4604503843519423,0.2075192212905611,0.5163266546075994,5.062225675582886,0.04547252478137,0.0,0.0,0.0,0.0,-0.014732684813636421,0.5558698773384094,4518.658820253904,3834.0135444578573
4.424999999999995,31.251519521077476,-0.4994335108333164,0.221723873399528,0.5039229514382102,5.343863546848297,0.0481393934910293,0.0,0.0,0.0,0.0,-0.015981095271110746,0.5776448845863342,4770.055247965407,4047.3196043342837
4.449999999999996,31.248577965630425,-0.5429192715220981,0.2363117044550869,0.518620762680516,5.614960289001465,0.0507534026142398,0.0,0.0,0.0,0.0,-0.0173742073037449,0.5860214233398438,5012.042421903767,4252.64205494865
4.474999999999996,31.245237986246742,-0.5911199914084541,0.2508514321634563,0.5471548554391572,5.871356928348542,0.0533059509729183,0.0,0.0,0.0,0.0,-0.01891872264402813,0.5720727443695068,5240.907946698002,4446.830985077091
4.4999999999999964,31.241588592529297,-0.6442917717827691,0.2648897698623478,0.5713682787346117,6.105216252803803,0.0557941735882983,0.0,0.0,0.0,0.0,-0.0206228876574105,0.547301173210144,5449.656146969953,4623.950670156323
4.524999999999997,31.23711903889974,-0.7021566894319322,0.2780348666868699,0.5389355098839962,6.328328835964204,0.0581957165519801,0.0,0.0,0.0,0.0,-0.022478279400783823,0.4985199272632599,5648.811559315589,4792.931020025348
4.549999999999997,31.22950659857856,-0.7641122738520304,0.2896898416577086,0.4023218050870028,6.5372500896453865,0.0605123546111588,0.0,0.0,0.0,0.0,-0.02446763836758182,0.4348901510238647,5835.2994652654315,4951.163182649457
4.5749999999999975,31.21753268771701,-0.8294126722547743,0.2998332896176024,0.24927147142814868,6.724879384040833,0.0627293363501089,0.0,0.0,0.0,0.0,-0.02656880928264772,0.3751918375492096,6002.781679688908,5093.269303978467
4.599999999999998,31.20119306776259,-0.8974452151192559,0.3085019788343512,0.109524970777107,6.89045501947403,0.0648442815686061,0.0,0.0,0.0,0.0,-0.02876316983040325,0.3212916553020477,6150.57829197313,5218.672490159019
4.624999999999998,31.180951860215927,-0.9677873717414008,0.3160348964252085,-0.0022568789395419034,7.0274400472641,0.0668483810291072,0.0,0.0,0.0,0.0,-0.03103777511603839,0.2855349779129028,6272.854271697217,5322.421806288547
4.649999999999999,31.157610151502823,-1.040474043952094,0.3228605782990816,-0.07208648103656191,7.143940961360932,0.0687389466033868,0.0,0.0,0.0,0.0,-0.033393897635050455,0.2626037299633026,6376.84566141152,5410.6569248340165
4.674999999999999,31.13220002916124,-1.115257740020752,0.3291569236167878,-0.09819832411679355,7.253556203842163,0.0705114550787811,0.0,0.0,0.0,0.0,-0.0358232871103263,0.2407864481210708,6474.6907426099315,5493.676993729638
4.699999999999999,31.10520256890191,-1.1920710404713948,0.3349558237323808,-0.12293853644168738,7.34448585510254,0.0721646789044751,0.0,0.0,0.0,0.0,-0.03832384752456791,0.2230275422334671,6555.856636234972,5562.545024684217
4.725,31.076636844211155,-1.2707034746805828,0.3402301809817691,-0.14297754981301047,7.434286391735077,0.0736980854482507,0.0,0.0,0.0,0.0,-0.04088934980482886,0.1977753937244415,6636.014656229097,5630.557890133779
4.75,31.04665756225586,-1.3507314523061116,0.34481361437585,-0.1560636514605898,7.5170131683349615,0.0751069600827406,0.0,0.0,0.0,0.0,-0.04350650145180933,0.1711990386247635,6709.858475669486,5693.213252083199
4.775,31.015423668755425,-1.4318688710530598,0.3487781957116237,-0.16301783937396425,7.591019535064698,0.07638903079864,0.0,0.0,0.0,0.0,-0.046166348921923894,0.1451812535524368,6775.918257119226,5749.263975737525
4.800000000000001,30.98307927449544,-1.5137171745300293,0.3520448623942285,-0.16519084005644827,7.661935293674469,0.0775405816539902,0.0,0.0,0.0,0.0,-0.048856253476912685,0.1166598424315452,6839.219290829096,5802.973943733778
4.825000000000001,30.949745178222656,-1.5958540969424777,0.354637416425907,-0.16401938871903854,7.7225429892539985,0.0785605765126798,0.0,0.0,0.0,0.0,-0.051562753998549156,0.0916235074400901,6893.319110899677,5848.876821369421
4.850000000000001,30.915557013617622,-1.6784626907772489,0.3561679351043756,-0.16038573004982687,7.71602122783661,0.0795480433553676,0.0,0.0,0.0,0.0,-0.05429184698299057,0.0159408375620841,6887.4976369787455,5843.937388951661
4.875000000000002,30.88074578179253,-1.7619506518046062,0.355613831150071,-0.1552187763560902,7.692049300670624,0.0804289171754249,0.0,0.0,0.0,0.0,-0.05705660945673995,-0.0580680035054683,6866.099744615009,5825.781601491521
4.900000000000002,30.84536658393012,-1.844351291656494,0.3536689911850134,-0.15000614513050425,7.708859264850617,0.0811239980587464,0.0,0.0,0.0,0.0,-0.05979346319772279,-0.0889788493514061,6881.104704444528,5838.513082558991
4.9250000000000025,30.809383392333984,-1.9238497151268852,0.351573083407121,-0.14549177689985796,7.778061199188233,0.0816158090106783,0.0,0.0,0.0,0.0,-0.06244362928748451,-0.0720081031322479,6942.875939275399,5890.925039385186
4.950000000000003,30.77271991305881,-1.9995162222120495,0.3503276894128591,-0.14215557329582446,7.884996473789216,0.0819123811263831,0.0,0.0,0.0,0.0,-0.0649769090240063,-0.023899246007204,7038.32881963644,5971.915362115767
4.975000000000003,30.735306209988064,-2.0715857876671686,0.3504234966330747,-0.14007375659364643,7.997011303901673,0.0820452645423996,0.0,0.0,0.0,0.0,-0.06740085078423473,0.0295733492821455,7138.315827826987,6056.752823610775
5.000000000000004,30.697123209635414,-2.141147057215373,0.3515974180415816,-0.13874699101303564,8.08724058866501,0.0820508863090132,0.0,0.0,0.0,0.0,-0.06975073991765117,0.0584248416125774,7218.856558242784,6125.090413054482
5.025000000000004,30.658234490288628,-2.209495306015014,0.3530060305211517,-0.13760318640506627,8.134669244289398,0.081956889206101,0.0,0.0,0.0,0.0,-0.072068576118266,0.0471572764217853,7261.192464779636,6161.011788297871
5.050000000000004,30.618765089246963,-2.277633878919813,0.3536564077488627,-0.13628164464777168,8.129840278625489,0.0817752033631088,0.0,0.0,0.0,0.0,-0.07438686283659748,9.736662468640134e-05,7256.882019199309,6157.354440532747
5.075000000000005,30.57887183295356,-2.3459259668986,0.3528326587341876,-0.13473624720717922,8.086560666561127,0.0814960957584901,0.0,0.0,0.0,0.0,-0.07671721768265155,-0.0677438229322433,7218.249644168089,6124.57545565777
5.100000000000005,30.538705190022785,-2.413863605923123,0.3502763902723614,-0.1331327923861417,8.029077458381654,0.0810964010519504,0.0,0.0,0.0,0.0,-0.0790427619934505,-0.1346718966960907,7166.938813260345,6081.038993069384
5.125000000000005,30.49836688571506,-2.4802962938944497,0.3463106770931244,-0.1316970547762784,7.985380780696869,0.0805473487813386,0.0,0.0,0.0,0.0,-0.08132554451812894,-0.1763234287500381,7127.934155884337,6047.944132265497
5.150000000000006,30.457888709174263,-2.5438870324028864,0.3417808398159814,-0.13072295217803032,7.976399850845337,0.0798237179788936,0.0,0.0,0.0,0.0,-0.0835214501140599,-0.1797183901071548,7119.917571779158,6041.142182115648
5.175000000000006,30.41724099053277,-2.6035618782043457,0.3376108288916217,-0.13046293432062323,8.008811223506928,0.0789146312960382,0.0,0.0,0.0,0.0,-0.08559493870646233,-0.1492497324943542,7148.848706884464,6065.689811901968
5.200000000000006,30.37636227077908,-2.658908896976047,0.3344675997255421,-0.13104064710212476,8.070373380184174,0.0778308870187549,0.0,0.0,0.0,0.0,-0.08753216969412489,-0.1010235697031021,7203.800500836529,6112.3155764673575
5.225000000000007,30.33521016438802,-2.7102944586012097,0.3325195639671763,-0.1322245800133907,8.136067640781404,0.0765994662978375,0.0,0.0,0.0,0.0,-0.08934483868461726,-0.0569385029375553,7262.440705582745,6162.070901706571
5.250000000000007,30.29378255208333,-2.7586346202426486,0.3314279009468392,-0.13350838169907078,8.184843289852143,0.0752491021447344,0.0,0.0,0.0,0.0,-0.091062732608574,-0.0353607237339019,7305.978969384414,6199.012458871623
5.275000000000008,30.252147250705296,-2.8049230575561523,0.3304833442872154,-0.1344276000514175,8.201341331005096,0.0738004007683801,0.0,0.0,0.0,0.0,-0.09271814771729166,-0.0455182529985904,7320.705499561107,6211.507696597302
5.300000000000008,30.21042717827691,-2.8498665491739907,0.3289221326771837,-0.13476938767866656,8.182519638538361,0.0722618718006953,0.0,0.0,0.0,0.0,-0.09433387129405485,-0.0829024091362953,7303.904824892029,6197.252578696266
5.325000000000008,30.16876008775499,-2.8936184777153864,0.3262352694534027,-0.13461289723714193,8.139131963253021,0.0706272713772805,0.0,0.0,0.0,0.0,-0.09591439851350932,-0.1325031071901321,7265.175990149623,6164.391749217862
5.3500000000000085,30.12727949354384,-2.9357483651902943,0.3223784129837227,-0.1341709397055886,8.086592209339143,0.068880533146622,0.0,0.0,0.0,0.0,-0.09744485444891943,-0.1672653257846832,7218.277799975678,6124.599345433908
5.375000000000009,30.08607228597005,-2.9760660065544977,0.3181095654934074,-0.13341697346080433,8.021035218238831,0.0670025447667092,0.0,0.0,0.0,0.0,-0.09891839580344018,-0.167423740029335,7159.760125132859,6074.947984961212
5.400000000000009,30.04511091444228,-3.013931645287408,0.3141213818924729,-0.1335912744926684,8.011779749393463,0.0649796200862526,0.0,0.0,0.0,0.0,-0.10031354698173711,-0.1509031057357788,7151.498481220887,6067.938105278327
5.42500000000001,30.004333919949,-3.0481277571784124,0.3105826733045165,-0.13463146325313682,8.062567710876465,0.0628023652206259,0.0,0.0,0.0,0.0,-0.10158958253533507,-0.1324204802513122,7196.8329812659595,6106.4037416802075
5.45000000000001,29.96370739407009,-3.077696164449056,0.3074569211330905,-0.13630935322154653,8.150275325775148,0.0604798869324005,0.0,0.0,0.0,0.0,-0.10271413093087879,-0.118807353079319,7275.122811286177,6172.831476242816
5.47500000000001,29.923250410291885,-3.1024694442749023,0.304617725094957,-0.13798003688003077,8.230339074134827,0.0580372334999852,0.0,0.0,0.0,0.0,-0.10368089701939033,-0.1076852604746818,7346.589550600678,6233.469921721786
5.500000000000011,29.883030785454643,-3.1234886911180286,0.3020895196931176,-0.1391681298342618,8.259324550628662,0.0555056408901343,0.0,0.0,0.0,0.0,-0.10452382536239814,-0.096041664481163,7372.462652159519,6255.422856377773
5.525000000000011,29.84312693277995,-3.1421828269958496,0.2996617820434013,-0.1398687169046113,8.243909478187561,0.0529099597247695,0.0,0.0,0.0,0.0,-0.1052899997400892,-0.1020590960979461,7358.702804710045,6243.747834299431
5.550000000000011,29.8036257425944,-3.1594022115071616,0.2968129986253436,-0.14006619641275117,8.197894990444183,0.0502555516961793,0.0,0.0,0.0,0.0,-0.10600731061361585,-0.1284520626068115,7317.629216880096,6208.897517352807
5.575000000000012,29.764622582329643,-3.1753993034362797,0.2932940307189673,-0.13970345923394867,8.122796893119812,0.0475339092530376,0.0,0.0,0.0,0.0,-0.10668367437393338,-0.1480247527360916,7250.594931645473,6152.019942002217
5.600000000000012,29.726178910997177,-3.190374639299181,0.2894980274801957,-0.13952987430447883,8.052176702022553,0.0447279527942597,0.0,0.0,0.0,0.0,-0.10732542009019883,-0.1542249619960785,7187.557728280788,6098.533830056425
5.625000000000012,29.68828625149197,-3.203441301981608,0.285645764963396,-0.1400021524140329,8.031674480438234,0.0418181809066445,0.0,0.0,0.0,0.0,-0.10790253350580721,-0.1531613767147064,7169.256974751834,6083.005917971252
5.650000000000013,29.65091281467014,-3.213161892361111,0.2818721988568083,-0.14128891395800042,8.072662568092348,0.038791427587553,0.0,0.0,0.0,0.0,-0.10836637348889176,-0.1482117027044296,7205.843882502104,6114.049354850269
5.675000000000013,29.61404588487413,-3.218276765611437,0.2782457391109337,-0.1431624528133508,8.154653930664063,0.0356520464811891,0.0,0.0,0.0,0.0,-0.10867399807924338,-0.1421627104282379,7279.0312545025945,6176.147731093109
5.7000000000000135,29.5777087741428,-3.2184587584601507,0.2748474124019381,-0.14501572926839193,8.226881051063538,0.0324234682036589,0.0,0.0,0.0,0.0,-0.10881366041692071,-0.1271495223045349,7343.502839842781,6230.850894412056
5.725000000000014,29.5419438680013,-3.214809629652235,0.2719455155648901,-0.14650860410748107,8.252199387550355,0.0291384288304244,0.0,0.0,0.0,0.0,-0.10882187184487861,-0.1067229434847831,7366.102568067489,6250.026421390597
5.750000000000014,29.506778717041016,-3.208761480119493,0.269326313277554,-0.14748006647283382,8.236588633060457,0.0258256530505557,0.0,0.0,0.0,0.0,-0.10874658704327968,-0.1072782501578331,7352.168050330195,6238.203194219558
5.775000000000015,29.472266303168404,-3.2011996375189886,0.26637368322174,-0.14788302739461262,8.190964925289155,0.0224951370808162,0.0,0.0,0.0,0.0,-0.10861735587584742,-0.1322522312402725,7311.443281672042,6203.648845055064
5.800000000000015,29.43847868177626,-3.192322254180908,0.2625845209780184,-0.1479491511258212,8.127395129203798,0.0191394766051675,0.0,0.0,0.0,0.0,-0.10844046286118375,-0.1717523485422134,7254.699422707325,6155.502540478941
5.825000000000015,29.40549214680989,-3.1817248132493763,0.2578624534044421,-0.14796163154370856,8.058097398281099,0.0157475992192882,0.0,0.0,0.0,0.0,-0.10820171950750879,-0.2020728141069412,7192.842677645997,6103.018029517815
5.850000000000016,29.37336179945204,-3.169028229183621,0.252778728554833,-0.14855288361058092,8.001032423973085,0.0123023987945126,0.0,0.0,0.0,0.0,-0.10788782880285562,-0.2043916583061218,7141.905171890729,6059.79832766486
5.875000000000016,29.342085520426437,-3.153290483686659,0.2476788915806289,-0.14990583535396693,7.991273438930512,0.0087979409548882,0.0,0.0,0.0,0.0,-0.10746647444304876,-0.2028355151414871,7133.194077865022,6052.407096370322
5.900000000000016,29.31166119045681,-3.133325046963162,0.2426226305797613,-0.1519049627130682,8.023066222667694,0.005234233437626,0.0,0.0,0.0,0.0,-0.10689687720542086,-0.2032639533281326,7161.573046299279,6076.4862211024165
5.925000000000017,29.282107883029514,-3.108516799079047,0.237512224184981,-0.15411239970814097,8.057151114940645,0.0016265559994433,0.0,0.0,0.0,0.0,-0.10615754888604151,-0.204120248556137,7191.99800341833,6102.301336233733
5.950000000000017,29.253467983669704,-3.0793062845865884,0.2323974901534293,-0.15614107594345555,8.054790663719178,-0.0019964535354144,0.0,0.0,0.0,0.0,-0.10526294818465842,-0.2080355435609817,7189.891010483759,6100.513584652886
5.975000000000017,29.225777520073784,-3.0465369754367404,0.2269469148636619,-0.15775399988347835,8.017278122901917,-0.0056071051835801,0.0,0.0,0.0,0.0,-0.1042414345809695,-0.2323114275932312,7156.406455606712,6072.102447181452
6.000000000000018,29.199093712700737,-3.0106692843967013,0.2205023146970223,-0.15889774264711323,7.939963853359223,-0.0091958676761651,0.0,0.0,0.0,0.0,-0.10310831267640165,-0.2869393527507782,7087.393964187044,6013.546393855673
6.025000000000018,29.17350345187717,-2.971573140886095,0.2124698380199366,-0.1597772453770493,7.837505316734314,-0.0127580074003763,0.0,0.0,0.0,0.0,-0.10185863161028365,-0.3586547672748565,6995.937122888253,5935.946649723365
6.0500000000000185,29.149112701416016,-2.9286318355136447,0.2025159904848996,-0.1607541899247603,7.716906762123108,-0.0163050160003473,0.0,0.0,0.0,0.0,-0.10047070267670194,-0.4358244836330414,6888.288085206611,5844.608072296517
6.075000000000019,29.126029544406467,-2.8806832101609974,0.1907033563775282,-0.1622477103724624,7.592670273780823,-0.0198497744372566,0.0,0.0,0.0,0.0,-0.09890408185465226,-0.5088657736778259,6777.391744383047,5750.514207355311
6.100000000000019,29.104353586832683,-2.826483249664306,0.1771701537583975,-0.164562443819913,7.476192724704743,-0.0233925183384428,0.0,0.0,0.0,0.0,-0.09711547934681004,-0.5706918239593506,6673.421210822513,5662.296784940312
6.12500000000002,29.08415900336372,-2.7648282051086426,0.1620689651132122,-0.16769778685136277,7.348521578311921,-0.02694192950503,0.0,0.0,0.0,0.0,-0.09506302742977293,-0.6349512934684753,6559.459015394822,5565.601588819848
6.15000000000002,29.06551784939236,-2.6947657267252603,0.1453639209910403,-0.17127835071448125,7.210249137878418,-0.0304730127137715,0.0,0.0,0.0,0.0,-0.09271349441247256,-0.7052832245826721,6436.033861598031,5460.877215901359
6.17500000000002,29.048480987548828,-2.615565988752577,0.1265603725089132,-0.17510278470588453,7.041762804985047,-0.0339543489055881,0.0,0.0,0.0,0.0,-0.09004140319329254,-0.7992570400238037,6285.639093957964,5333.269534267362
6.200000000000021,29.03310775756836,-2.526524066925049,0.105008782999339,-0.17828910827636718,6.8076861858367925,-0.0373187900106044,0.0,0.0,0.0,0.0,-0.08702217096502299,-0.9336165189743042,6076.6969314559565,5155.98527517475
6.225000000000021,29.01945537990994,-2.426868544684516,0.0797091604401281,-0.18093630704012784,6.521582674980164,-0.0405602721358538,0.0,0.0,0.0,0.0,-0.08362901759915964,-1.0938401222229004,5821.3143713552445,4939.297042362025
6.250000000000021,29.007587432861328,-2.315025064680311,0.0502437214352745,-0.18387861309629497,6.196591007709504,-0.0437118257609346,0.0,0.0,0.0,0.0,-0.07980757000348565,-1.2604693174362185,5531.219350324304,4693.155812396378
6.275000000000022,28.997535705566406,-2.1890144877963595,0.0166885491681702,-0.1853466392285896,5.820026898384095,-0.046608121637315,0.0,0.0,0.0,0.0,-0.07548967298542383,-1.4206944704055786,5195.089583885475,4407.954798448281
6.300000000000022,28.989283243815105,-2.04709980222914,-0.0206262845917991,-0.18633135708895596,5.393223321437836,-0.0492978331951056,0.0,0.0,0.0,0.0,-0.07061574392895315,-1.5657899379730225,4814.114915611314,4084.7035647611146
6.325000000000022,28.982675340440537,-1.888450649049547,-0.0614301132123137,-0.18710584004720052,4.8959301054477695,-0.0517442899544526,0.0,0.0,0.0,0.0,-0.06515791336952687,-1.6933746337890625,4370.219577731657,3708.065096257163
6.350000000000023,28.977474636501736,-1.7126415835486517,-0.1051211767197187,-0.18524070739746093,4.314161533117295,-0.0536767566234144,0.0,0.0,0.0,0.0,-0.05910251341886458,-1.7941534519195557,3850.9195980038808,3267.4469316396558
6.375000000000023,28.973335689968533,-1.5198998981051974,-0.1507094012862905,-0.18377539894797584,3.653229057788849,-0.0551782884578931,0.0,0.0,0.0,0.0,-0.05245857482096664,-1.849507212638855,3260.956101583653,2766.8718437679477
6.400000000000024,28.96977530585395,-1.3114029831356473,-0.1970628019683125,-0.18216609839237097,2.916377204656601,-0.0562121588019809,0.0,0.0,0.0,0.0,-0.045267972198274206,-1.8603090047836304,2603.2252261238023,2208.7971615595893
6.425000000000024,28.966233995225693,-1.0893070035510592,-0.2429047425629848,-0.17988219983649975,2.045719134807587,-0.0569790576497612,0.0,0.0,0.0,0.0,-0.037606096937924424,-1.7969213724136353,1826.0558506602151,1549.3807217723033
6.450000000000024,28.962090810139973,-0.8578445514043173,-0.2864728096399201,-0.17485720778956557,1.088156622648239,-0.0575232184424647,0.0,0.0,0.0,0.0,-0.029619565694614,-1.6883052587509155,971.3135754622398,824.1448519073548
6.4750000000000245,28.95676718817817,-0.621047682232327,-0.3268113444867005,-0.1688003597837506,0.0318063988815993,-0.0581963927452256,0.0,0.0,0.0,0.0,-0.021447410831340132,-1.529133439064026,28.391121624640686,24.089436529998157
6.500000000000025,28.949627346462677,-0.3844324747721354,-0.3629857273635193,-0.16037234797622218,-1.1212074667215348,-0.0597587778106127,0.0,0.0,0.0,0.0,-0.013279358320275884,-1.3661565780639648,-1000.8155174260258,-849.1768026645067
6.525000000000025,28.94008000691732,-0.1527650819884406,-0.3949642000743774,-0.1551845625675086,-2.309044378995896,-0.0615478665443873,0.0,0.0,0.0,0.0,-0.005278668267396855,-1.1805644035339355,-2061.1060071528946,-1748.8172181903344
6.550000000000026,28.92770767211914,0.0702996551990509,-0.4213972057368771,-0.15207199703563343,-3.480577325820923,-0.0633727123769854,0.0,0.0,0.0,0.0,0.002430184098783829,-0.9198511242866516,-3106.843203130316,-2636.1093844742068
6.575000000000026,28.912281460232204,0.2810128861003452,-0.4411795657881492,-0.15199207508202756,-4.581179910898209,-0.0651556571149014,0.0,0.0,0.0,0.0,0.0097194988395111,-0.6566983461380005,-4089.2663303017625,-3469.6805226802826
6.600000000000026,28.89375262790256,0.4782334632343716,-0.4545267632498947,-0.15227773464087285,-5.496171355247498,-0.0668405996052971,0.0,0.0,0.0,0.0,0.016551448660654198,-0.4075062572956085,-4906.008693331578,-4162.674042826793
6.625000000000027,28.872256808810764,0.6624039676454332,-0.4623645794960524,-0.152420843297785,-6.204442238807679,-0.0684089538965962,0.0,0.0,0.0,0.0,0.022942576745275122,-0.229342982172966,-5538.227539394723,-4699.102154637946
6.650000000000027,28.84797626071506,0.83471589618259,-0.4662930749990556,-0.15095651106400923,-6.787314224243165,-0.0698714329704024,0.0,0.0,0.0,0.0,0.02893498970738198,-0.0824978724122047,-6058.512450984268,-5140.556019016954
6.675000000000027,28.821114434136284,0.9950735171635946,-0.4667392876396983,-0.1490096696217855,-7.266038382053376,-0.0712375701111804,0.0,0.0,0.0,0.0,0.034525851505069156,0.0355816818773746,-6485.832621357481,-5503.130709030588
6.700000000000028,28.791895972357857,1.1444841490851507,-0.464859395515725,-0.14605860710144042,-7.630270433425903,-0.0725236272463365,0.0,0.0,0.0,0.0,0.03975021826224754,0.1104076951742172,-6810.954509836728,-5778.991705316011
6.725000000000028,28.76055187649197,1.2841803497738309,-0.4614132317756488,-0.1423091847968824,-7.9051155090332035,-0.0737402632620148,0.0,0.0,0.0,0.0,0.04465075480083128,0.1603157967329025,-7056.287532243573,-5987.153057661212
6.750000000000028,28.727313147650825,1.4149615499708388,-0.4569811325105117,-0.13883127299222078,-8.125763666629792,-0.0748834959001478,0.0,0.0,0.0,0.0,0.04925492135997227,0.1874251365661621,-7253.243141770365,-6154.266908168793
6.775000000000029,28.69237263997396,1.537522210015191,-0.4521943667672033,-0.1350170846418901,-8.301213943958283,-0.0759623923920093,0.0,0.0,0.0,0.0,0.05358644366249198,0.1887168139219284,-7409.854086041451,-6287.148921489715
6.800000000000029,28.65589353773329,1.6530165407392714,-0.4477754834389757,-0.13109103853052312,-8.436229884624481,-0.0769596338681355,0.0,0.0,0.0,0.0,0.05768504613414426,0.1589855849742889,-7530.372413406607,-6389.406896223787
6.8250000000000295,28.618009355333115,1.7626930607689753,-0.4445539906263613,-0.12843228195652817,-8.531291639804842,-0.0778775006602097,0.0,0.0,0.0,0.0,0.06159383900126122,0.0953273773193359,-7615.226717825797,-6461.404487852191
6.85000000000003,28.57883029513889,1.8691239092085097,-0.4432316645661098,-0.12507048158934622,-8.52148300409317,-0.0787603094332465,0.0,0.0,0.0,0.0,0.06540239365662345,0.009831509552896,-7606.471304473331,-6453.9756522804
6.87500000000003,28.538487752278645,1.9764767752753365,-0.4438544447870248,-0.12100877386150938,-8.394758141040803,-0.0796155378442442,0.0,0.0,0.0,0.0,0.06925653497941654,-0.0544472523033618,-7493.353783273307,-6357.997149444018
6.900000000000031,28.497068617078995,2.08796673350864,-0.4454805709486272,-0.11708491498773749,-8.210678577423096,-0.08040732060346,0.0,0.0,0.0,0.0,0.07326952682625293,-0.0650225505232811,-7329.040140011272,-6218.579512736836
6.925000000000031,28.45460255940755,2.2040720780690517,-0.446666876056203,-0.11419668053135727,-8.04729107618332,-0.0810813958036835,0.0,0.0,0.0,0.0,0.07745924665323958,-0.022715164348483,-7183.196706527571,-6094.833569174907
6.950000000000031,28.411083221435547,2.323111693064372,-0.4464550548810008,-0.11255052855520538,-7.945707559585572,-0.0815872798975009,0.0,0.0,0.0,0.0,0.08176779726975121,0.0397123768925666,-7092.52092818745,-6017.896545128744
6.975000000000032,28.366483052571613,2.442427476247152,-0.4447843540606532,-0.11178536155007102,-7.908027958869934,-0.0819050074991149,0.0,0.0,0.0,0.0,0.08610258352156663,0.0898150652647018,-7058.88725181095,-5989.358880324441
7.000000000000032,28.32079569498698,2.559937900967068,-0.4421713602676084,-0.11147297656897343,-7.910697996616364,-0.0820434211355826,0.0,0.0,0.0,0.0,0.09039074779315606,0.1156780868768692,-7061.270588782969,-5991.381105634033
7.025000000000032,28.274050818549263,2.674523724450005,-0.439154498095253,-0.11134372017600319,-7.931255125999451,-0.0820176176013332,0.0,0.0,0.0,0.0,0.09459287392577569,0.1231427118182182,-7079.620354273281,-6006.950603625813
7.050000000000033,28.22629292805989,2.785771687825521,-0.436071822554459,-0.11128074877189867,-7.959137773513794,-0.0818388029788912,0.0,0.0,0.0,0.0,0.09869421021476654,0.1233041286468505,-7104.509045374199,-6028.068280923561
7.075000000000033,28.17758348253038,2.893545627593994,-0.4329820896367763,-0.11118015231508198,-7.989516389369965,-0.0815131857625478,0.0,0.0,0.0,0.0,0.1026896301944396,0.1239932999014854,-7131.625695101551,-6051.07634735889
7.100000000000033,28.127996656629776,2.997828059726291,-0.4298528420664196,-0.11100888107762193,-8.01792416572571,-0.0810431794420409,0.0,0.0,0.0,0.0,0.10657808646388979,0.1269628405570984,-7156.983128258441,-6072.591745188979
7.125000000000034,28.077608744303387,3.098633819156223,-0.4266135393640153,-0.11072491038929333,-8.042927658557893,-0.0804319964554353,0.0,0.0,0.0,0.0,0.1103596053130735,0.1323918849229812,-7179.301819811103,-6091.52881680942
7.150000000000034,28.026506635877823,3.196003966861301,-0.4232416445288388,-0.1103494355172822,-8.061230063438416,-0.0796810224787358,0.0,0.0,0.0,0.0,0.11403504576521041,0.1373946070671081,-7195.638966462652,-6105.390638210733
7.1750000000000345,27.974775102403427,3.2903422249688044,-0.4199974149784178,-0.10964761387218129,-8.048499631881715,-0.0787947724022278,0.0,0.0,0.0,0.0,0.1176181832713328,0.1213925778865814,-7184.275491081302,-6095.748901523528
7.200000000000035,27.92246288723416,3.38238795598348,-0.4170850485893345,-0.10909152175440932,-8.02250955104828,-0.0777929120060861,0.0,0.0,0.0,0.0,0.12113501483172782,0.1153696924448013,-7161.076148435719,-6076.064610793943
7.225000000000035,27.86966111924913,3.47278012169732,-0.4138404528542637,-0.10860473690610943,-7.978866612911225,-0.0767076488947435,0.0,0.0,0.0,0.0,0.12460790631209814,0.1460385769605636,-7122.11946021338,-6043.01045109014
7.2500000000000355,27.81646940443251,3.560685846540663,-0.4098150848666089,-0.10786107785774,-7.974347817897797,-0.0754701694823462,0.0,0.0,0.0,0.0,0.1280063905584392,0.1751144379377365,-7118.085880074346,-6039.58801945702
7.275000000000036,27.76295344034831,3.6446068021986218,-0.4051781885136447,-0.10743151404640891,-8.012913537025453,-0.074067474213823,0.0,0.0,0.0,0.0,0.1312759036976902,0.1933225244283676,-7152.510526082557,-6068.79681000944
7.300000000000036,27.709168328179253,3.723355664147271,-0.4002909883077266,-0.10754264253558535,-8.07863700389862,-0.0724999792080944,0.0,0.0,0.0,0.0,0.1343726964320596,0.1945781409740448,-7211.176801020983,-6118.574255411741
7.325000000000037,27.65516704983181,3.796693219078912,-0.3956580866963975,-0.10804460467714253,-8.132277834415437,-0.0707842355952163,0.0,0.0,0.0,0.0,0.13728693853982712,0.1716870069503784,-7259.057837441321,-6159.20058934415
7.350000000000037,27.600989871554905,3.8656841384039984,-0.3918146459007088,-0.10876006039706143,-8.151482129096985,-0.0689486102019871,0.0,0.0,0.0,0.0,0.14005599641148755,0.1365162581205368,-7276.200031628375,-6173.74548138165
7.375000000000037,27.54665798611111,3.9316007826063366,-0.3886974824237983,-0.10943402261445016,-8.145455706119538,-0.067015121961076,0.0,0.0,0.0,0.0,0.14272514599007366,0.1166934594511985,-7270.820708167359,-6169.181206929879
7.400000000000038,27.492224375406902,3.99532159169515,-0.3857832851114655,-0.10982634284279563,-8.119172978401185,-0.0649930836139197,0.0,0.0,0.0,0.0,0.14532551230264054,0.1199505105614662,-7247.360142195813,-6149.275272166143
7.425000000000038,27.437767452663845,4.057304594251844,-0.3826454488465933,-0.1097143352392948,-8.067757666110992,-0.0628792265463991,0.0,0.0,0.0,0.0,0.14787298570306723,0.1291362196207046,-7201.465654422026,-6110.334494661111
7.450000000000038,27.383363511827252,4.118054178025988,-0.3794347085468801,-0.10946776245579574,-8.009800732135773,-0.0606628793888025,0.0,0.0,0.0,0.0,0.15038525768565075,0.1293689608573913,-7149.731964996604,-6066.439243027421
7.475000000000039,27.329031626383465,4.177167680528429,-0.3761565236925607,-0.10927583521062678,-7.982520318031312,-0.0583324199396852,0.0,0.0,0.0,0.0,0.1528472628534627,0.1330432742834091,-7125.380841259097,-6045.777683492566
7.500000000000039,27.27478239271376,4.233606656392415,-0.3727757072677323,-0.10944078214240796,-8.000368857383728,-0.0558747820649491,0.0,0.0,0.0,0.0,0.15522054751657302,0.1373699009418487,-7141.312857123673,-6059.295757559478
7.525000000000039,27.220630645751957,4.286249743567573,-0.369304276786814,-0.11010384993119673,-8.055252707004549,-0.0532868178249617,0.0,0.0,0.0,0.0,0.1574632784724436,0.1397557556629181,-7190.303440924552,-6100.863525632953
7.55000000000004,27.16660817464193,4.334477053748237,-0.3658521209342852,-0.11116258852409594,-8.117175853252412,-0.050581287506415,0.0,0.0,0.0,0.0,0.159551646119524,0.1337386816740036,-7245.577462452358,-6147.7626954141215
7.57500000000004,27.11276372273763,4.378794564141168,-0.3627543985333323,-0.11231548193729285,-8.146255373954773,-0.047780334877654,0.0,0.0,0.0,0.0,0.16150306951072535,0.1130484417080879,-7271.534510030122,-6169.786856995253
7.60000000000004,27.05911848280165,4.4203464190165205,-0.3601460319826814,-0.11332758643410423,-8.14591716527939,-0.0449080781913007,0.0,0.0,0.0,0.0,0.1633588478436954,0.0981325879693031,-7271.232617204309,-6169.530705506684
7.625000000000041,27.005704243977863,4.45999993218316,-0.3577007840487979,-0.11395241361675841,-8.123854160308838,-0.04197786238113,0.0,0.0,0.0,0.0,0.16515029165283543,0.1003205701708793,-7251.538672603545,-6152.820691906038
7.650000000000041,26.952573988172745,4.498180283440484,-0.3550219768873145,-0.11420339757745916,-8.08907824754715,-0.0389893358266541,0.0,0.0,0.0,0.0,0.16689241945553562,0.1152435839176178,-7220.49689473676,-6126.482213716037
7.675000000000042,26.89979977077908,4.534861246744792,-0.3519570446572831,-0.1142203122919256,-8.050000250339508,-0.0359357293133367,0.0,0.0,0.0,0.0,0.16858345732636107,0.1270666718482971,-7185.614977557152,-6096.885435503036
7.700000000000042,26.847428215874565,4.570065604315864,-0.3488504006666785,-0.11427112723841812,-8.011152398586274,-0.0328075012343348,0.0,0.0,0.0,0.0,0.17022358967007642,0.1197500228881836,-7150.9384934921745,-6067.462964175178
7.725000000000042,26.795448727077908,4.603363143073188,-0.3460011179059163,-0.11458925550634211,-8.008765077590944,-0.0295993928867927,0.0,0.0,0.0,0.0,0.1717964565535079,0.1077861562371254,-7148.807515980769,-6065.654862044288
7.750000000000043,26.74384011162652,4.633981386820476,-0.3434612611743077,-0.11528314301461884,-8.044424772262573,-0.0263102869914094,0.0,0.0,0.0,0.0,0.17327284965355128,0.0956363454461097,-7180.638177863888,-6092.662696369358
7.775000000000043,26.692583296034076,4.661328527662489,-0.3412066622849603,-0.11635303251671068,-8.10191674232483,-0.0229465896989632,0.0,0.0,0.0,0.0,0.17463010140180243,0.0843898728489875,-7231.956829829296,-6136.205795006674
7.800000000000043,26.641688876681854,4.685501522488064,-0.3392982410478095,-0.11760250426377311,-8.144210934638977,-0.0195247044172934,0.0,0.0,0.0,0.0,0.17587103971434223,0.0674555450677871,-7269.709596575284,-6168.238445579028
7.825000000000044,26.59115261501736,4.707357618543837,-0.3377992142492312,-0.1187029937361226,-8.160230576992035,-0.0160679400477219,0.0,0.0,0.0,0.0,0.17702721227230125,0.0544560626149177,-7284.009097003546,-6180.371355033311
7.850000000000044,26.54098298814561,4.72771856519911,-0.3364467278896344,-0.11936638860991507,-8.15288578271866,-0.0125914188719621,0.0,0.0,0.0,0.0,0.17812899270952853,0.0564080066978931,-7277.4529650660825,-6174.808576419706
7.875000000000044,26.491211785210503,4.747095637851292,-0.3348671737575948,-0.11958585840283018,-8.127829134464264,-0.0091015241542517,0.0,0.0,0.0,0.0,0.17919511105571612,0.0715394839644432,-7255.086825763594,-6155.831246102442
7.900000000000045,26.44188986884223,4.765602217780219,-0.3328392431665267,-0.1195516924424605,-8.096025836467744,-0.005594964393931,0.0,0.0,0.0,0.0,0.18022925900601985,0.090324617922306,-7226.698472060142,-6131.744158111635
7.925000000000045,26.3930786980523,4.78298823038737,-0.3304115055168105,-0.1195181502717914,-8.070343589782716,-0.0020660689304131,0.0,0.0,0.0,0.0,0.18122130749151044,0.1019908636808395,-7203.7739092404745,-6112.293013901007
7.950000000000045,26.34481218126085,4.798813396030003,-0.3278726807601243,-0.11974583105607466,-8.059772670269012,0.0014900154832843,0.0,0.0,0.0,0.0,0.18215401814264648,0.0978878587484359,-7194.338063871275,-6104.286842072595
7.975000000000046,26.2970945570204,4.812758763631185,-0.3256567309960966,-0.12036405100966945,-8.068654298782349,0.0050753734078967,0.0,0.0,0.0,0.0,0.1830148480165976,0.0780526399612426,-7202.266009322933,-6111.013583667942
8.000000000000046,26.24989191691081,4.824524455600315,-0.3239937200533966,-0.12123091437599876,-8.099569141864777,0.0086818372742594,0.0,0.0,0.0,0.0,0.18379216458762793,0.0545966513454914,-7229.861307779297,-6134.427776297584
8.025000000000047,26.20316399468316,4.834158685472277,-0.3229306527252643,-0.12227831349228367,-8.13345776796341,0.0122982797373501,0.0,0.0,0.0,0.0,0.18448759418721983,0.0311614014208316,-7260.1110732066845,-6160.094243932943
8.050000000000047,26.15686416625977,4.842093255784777,-0.3223629999389139,-0.12321797631003639,-8.158890008926392,0.0159078460953567,0.0,0.0,0.0,0.0,0.18511749822177398,0.0164073836058378,-7282.812475181017,-6179.356039547529
8.075000000000047,26.11097123887804,4.848864343431261,-0.3219866286978584,-0.12382641532204368,-8.168099915981294,0.019497271777471,0.0,0.0,0.0,0.0,0.18570218239187994,0.0163871496915817,-7291.033449593139,-6186.331411775996
8.100000000000048,26.06548309326172,4.854935540093316,-0.3214257336827741,-0.12404792670047644,-8.158736383914949,0.0230551114327893,0.0,0.0,0.0,0.0,0.18625918125984717,0.0302883107215166,-7282.675345969983,-6179.239687489682
8.125000000000048,26.020435757107204,4.860526190863715,-0.320413199836326,-0.12398946819883404,-8.13607932329178,0.0265790207513444,0.0,0.0,0.0,0.0,0.18679649473341792,0.0511061139404773,-7262.451133659631,-6162.079749771806
8.150000000000048,25.975877973768448,4.865574836730957,-0.3188804507604445,-0.12384951735987808,-8.108949029445649,0.0300702460093025,0.0,0.0,0.0,0.0,0.1873112755474299,0.0704690963029861,-7238.234010710092,-6141.531887875228
8.175000000000049,25.93186272515191,4.86978636847602,-0.3169693996517173,-0.12385840676047585,-8.088527417182924,0.0335315897675921,0.0,0.0,0.0,0.0,0.18779161451262436,0.0803308486938476,-7220.005210911643,-6126.0650274401805
8.200000000000049,25.888426038953995,4.872752295600043,-0.3149745588371934,-0.12416942596435547,-8.082091522216798,0.036965160708842,0.0,0.0,0.0,0.0,0.18822126491073937,0.0773087218403816,-7214.260383355814,-6121.1906283019025
8.22500000000005,25.84557427300347,4.874155786302355,-0.3131941357799346,-0.12481364510276101,-8.090488910675049,0.0403680626453665,0.0,0.0,0.0,0.0,0.18858763728045952,0.0636880546808242,-7221.756085020597,-6127.550617593233
8.25000000000005,25.80329259236653,4.873868624369304,-0.3118219087387576,-0.12562180605801668,-8.108393526077272,0.0437333183031693,0.0,0.0,0.0,0.0,0.18888553105858882,0.0461387448012828,-7237.738155654221,-6141.111162373277
8.27500000000005,25.761547088623047,4.872031741672092,-0.310835673608074,-0.12640171282219165,-8.125192391872407,0.047047898998855,0.0,0.0,0.0,0.0,0.18912030884293068,0.0340791195631027,-7252.733208810699,-6153.834237778773
8.30000000000005,25.720305972629124,4.868931770324707,-0.3100332631716331,-0.12698793122262667,-8.134188508987428,0.0502986761804872,0.0,0.0,0.0,0.0,0.189303026779934,0.0321990922093391,-7260.763349415827,-6160.647690413429
8.32500000000005,25.67956076727973,4.864884482489692,-0.3091105777224616,-0.1272779164169774,-8.127702963352204,0.0534776770095525,0.0,0.0,0.0,0.0,0.1894457824484447,0.0440113395452499,-7254.974202533239,-6155.7356869978985
8.350000000000051,25.639317830403645,4.860117700364855,-0.3077539301736616,-0.12732478286280777,-8.107148170471191,0.0565750602735854,0.0,0.0,0.0,0.0,0.1895572156994608,0.0655359476804733,-7236.626522658302,-6140.167958619164
8.375000000000052,25.59962378607856,4.854603343539768,-0.3058064603370275,-0.12722282178474195,-8.077433705329895,0.0595919619772382,0.0,0.0,0.0,0.0,0.1896357299664603,0.0906496047973632,-7210.1027091018495,-6117.662904692477
8.400000000000052,25.5605337354872,4.84815067715115,-0.3032375751495371,-0.12719223831639148,-8.045022916793824,0.0625268071103976,0.0,0.0,0.0,0.0,0.18967329584437337,0.1136192306876182,-7181.1720954003895,-6093.115717309421
8.425000000000052,25.522113376193577,4.840350680881077,-0.300203235982528,-0.12738786870783025,-8.020606470108033,0.0653835175938875,0.0,0.0,0.0,0.0,0.18965320816245732,0.1273915469646453,-7159.377414711188,-6074.623260967067
8.450000000000053,25.48441145155165,4.830767843458387,-0.2969323082421791,-0.12785356926195549,-8.004674446582795,0.0681617085177068,0.0,0.0,0.0,0.0,0.18955775583211515,0.1335716694593429,-7145.156124859562,-6062.5567120020505
8.475000000000053,25.44746398925781,4.819101757473415,-0.2935756932937569,-0.12860835566665188,-7.997823238372804,0.070856827540867,0.0,0.0,0.0,0.0,0.18937453883450678,0.1342328786849975,-7139.040579170479,-6057.3677641446475
8.500000000000053,25.411287943522137,4.805116653442383,-0.2902306963855901,-0.12947817137747097,-7.996786415576936,0.073461625871776,0.0,0.0,0.0,0.0,0.18909378635675594,0.1338095515966415,-7138.115087346954,-6056.58249835499
8.525000000000054,25.375889672173397,4.788804584079319,-0.2867949522632789,-0.13031834342262963,-7.988561344146729,0.0759675980397026,0.0,0.0,0.0,0.0,0.18871474639687646,0.1426054984331131,-7130.77319981622,-6050.353018025882
8.550000000000054,25.3412840101454,4.770222240024143,-0.2830303077463428,-0.13105043237859554,-7.973065662384034,0.0783633486280134,0.0,0.0,0.0,0.0,0.1882391688643078,0.1600158959627151,-7116.9413986362415,-6038.616944297415
8.575000000000054,25.30750062730577,4.749317699008518,-0.2787192657975066,-0.13160167000510478,-7.9461731076240545,0.0806450118919388,0.0,0.0,0.0,0.0,0.18766443075315767,0.1871023923158645,-7092.936487051308,-6018.249140528381
8.600000000000055,25.274588267008465,4.726050164964464,-0.273588952273578,-0.13208596085057114,-7.905113756656648,0.0828077608520029,0.0,0.0,0.0,0.0,0.18698821579354835,0.2235556095838546,-7056.285968032041,-5987.151730451428
8.625000000000055,25.24263381958008,4.700085851881239,-0.2675416458073078,-0.13259232838948565,-7.861144876480103,0.0848509713298254,0.0,0.0,0.0,0.0,0.1861963329767712,0.2595665454864502,-7017.038336464617,-5953.850709727552
8.650000000000055,25.21172841389974,4.670911365085178,-0.2606378168001977,-0.13324117487127132,-7.816705191135407,0.0867784133628242,0.0,0.0,0.0,0.0,0.18526739969600856,0.2929917871952057,-6977.370453398737,-5920.193111974684
8.675000000000056,25.18196529812283,4.638071060180664,-0.2529085576579744,-0.13419959906375772,-7.7731072306633,0.0885895792859167,0.0,0.0,0.0,0.0,0.18418225127672644,0.3237944841384887,-6938.453913272405,-5887.173017322039
8.700000000000056,25.15343348185221,4.600949817233616,-0.2444942336148418,-0.13544561097116178,-7.738117527961731,0.0902831333573685,0.0,0.0,0.0,0.0,0.18291537895027832,0.3481427133083343,-6907.221301598628,-5860.672619538228
8.725000000000056,25.126219855414497,4.558984968397352,-0.23550671408134,-0.13690805261785333,-7.70602742433548,0.0918591754457206,0.0,0.0,0.0,0.0,0.18144332870727978,0.3721334040164947,-6878.5769386076545,-5836.368311545887
8.750000000000057,25.100375281439888,4.511892530653212,-0.2258077477073805,-0.1385720917672822,-7.6676690697669985,0.0933093790113772,0.0,0.0,0.0,0.0,0.17975398694494682,0.4037741720676422,-6844.337390964149,-5807.3165741513985
8.775000000000057,25.07596969604492,4.459258185492621,-0.2152570524825431,-0.14025590029629795,-7.626863813400269,0.0946254050311751,0.0,0.0,0.0,0.0,0.1778299399602462,0.4406740367412567,-6807.913682617125,-5776.411609493318
8.800000000000058,25.05307939317491,4.400650395287408,-0.2036723683197257,-0.14191972905939274,-7.573736429214478,0.0958084144769019,0.0,0.0,0.0,0.0,0.1756530734695335,0.4890933930873871,-6760.490960175875,-5736.174148028014
8.825000000000058,25.0317743089464,4.335772196451823,-0.1906884759649374,-0.14366340868400806,-7.505444562435151,0.0968470556244112,0.0,0.0,0.0,0.0,0.1732107417931701,0.5493738651275635,-6699.532072534327,-5684.4514554836705
8.850000000000058,25.012166765001083,4.263917869991726,-0.1761587684001695,-0.14545772668087123,-7.432577240467072,0.0977442454673345,0.0,0.0,0.0,0.0,0.1704737502373494,0.612282931804657,-6634.489028580855,-5629.263418189815
8.875000000000059,24.994375440809463,4.184299310048421,-0.1600012202638474,-0.1474039401430072,-7.3473632574081424,0.0985050689788781,0.0,0.0,0.0,0.0,0.16740963661834588,0.6820357441902161,-6558.425071571694,-5564.72430315174
8.900000000000059,24.978497823079422,4.096195432874891,-0.1420281286333911,-0.14964675209738992,-7.253192877769471,0.0991236463986978,0.0,0.0,0.0,0.0,0.1639888620159585,0.75655198097229,-6474.366429418815,-5493.401818900811
8.92500000000006,24.964641994900173,3.9986475308736167,-0.1221567441003047,-0.1521330977931167,-7.152196407318116,0.0996016380412858,0.0,0.0,0.0,0.0,0.16017243634779416,0.8342905044555664,-6384.2146619421555,-5416.909410132736
8.95000000000006,24.952896965874565,3.8907647132873535,-0.1001862976079099,-0.1549079143639767,-7.031776595115662,0.0999269348460606,0.0,0.0,0.0,0.0,0.15592436896639056,0.9252686500549316,-6276.72517383685,-5325.706208103993
8.97500000000006,24.9433347913954,3.771537674797906,-0.0758559491721902,-0.1579618552236846,-6.90241323709488,0.1001050711946625,0.0,0.0,0.0,0.0,0.15120422775622439,1.0223459005355835,-6161.252471472398,-5227.729369734155
9.00000000000006,24.936023288302952,3.6397756470574274,-0.0489536445913481,-0.16090219468781441,-6.752081525325775,0.1001103600661398,0.0,0.0,0.0,0.0,0.14596455918313092,1.1333657503128052,-6027.062935311286,-5113.871581476243
9.02500000000006,24.930994245741104,3.4943736924065485,-0.0190752013162881,-0.16399457230712428,-6.579207825660706,0.0999472497717508,0.0,0.0,0.0,0.0,0.14016182659877205,1.2581034898757937,-5872.751903397139,-4982.941008943027
9.05000000000006,24.928256140814888,3.333921962314182,0.0140582822787426,-0.1670584352088697,-6.381508791446686,0.0995814479512716,0.0,0.0,0.0,0.0,0.13374068139710626,1.3946205377578735,-5696.2812081028205,-4833.208297784211
9.07500000000006,24.927772945827908,3.1570193502638078,0.0507621806428641,-0.1696812866673325,-6.154465627670288,0.0989950448463714,0.0,0.0,0.0,0.0,0.12664666663662746,1.5412596464157104,-5493.617269289299,-4661.251016366677
9.100000000000062,24.92945777045356,2.96215295791626,0.0912214648779443,-0.1711431040908351,-5.885527229309083,0.098162507400099,0.0,0.0,0.0,0.0,0.11882139536251805,1.6985641717910769,-5253.556682555402,-4457.563245804583
9.125000000000062,24.933109283447266,2.748191091749403,0.1357034872291028,-0.17231628649162523,-5.562467849254609,0.0970269188665324,0.0,0.0,0.0,0.0,0.11022255830619118,1.8591845035552976,-4965.186465441204,-4212.8854858289
9.150000000000064,24.93842018975152,2.514029608832465,0.18408676593874,-0.17313794800729462,-5.175874304771424,0.0955650889382419,0.0,0.0,0.0,0.0,0.10080949754249507,2.009554386138916,-4620.1041949967885,-3920.088407876062
9.175000000000065,24.94496027628581,2.259328365325928,0.2358856819044583,-0.17180562337239583,-4.698094093799591,0.0936980049546362,0.0,0.0,0.0,0.0,0.0905725381119882,2.1268458366394043,-4193.626613235865,-3558.2286415334606
9.200000000000063,24.9521361456977,1.9848567909664576,0.2899038932303238,-0.17100713672059956,-4.095745027065277,0.0913360432226557,0.0,0.0,0.0,0.0,0.07954656785201497,2.182605028152466,-3655.9560118640056,-3102.0232827937016
9.225000000000064,24.959142473008896,1.6933520634969077,0.3441739896610402,-0.17045990452621923,-3.3424982309341438,0.0884754128989363,0.0,0.0,0.0,0.0,0.06784496163392305,2.145061492919922,-2983.5906340059696,-2531.5314470353674
9.250000000000064,24.965074327256943,1.389085054397583,0.3965020757353573,-0.16928103360262783,-2.421781334280968,0.0852402672245461,0.0,0.0,0.0,0.0,0.05564113433786078,2.0120091438293457,-2161.7376008458805,-1834.2016007177165
9.275000000000064,24.96900134616428,1.0792417658699884,0.4437315731922313,-0.16564790956901781,-1.3223751842975615,0.0817376403081711,0.0,0.0,0.0,0.0,0.04322326515616856,1.7603124380111694,-1180.3824390983973,-1001.5366149925794
9.300000000000065,24.970137278238933,0.7713232437769572,0.4834639059958823,-0.1574611068494392,-0.0856150126084685,0.0781897854263459,0.0,0.0,0.0,0.0,0.0308898279245406,1.4076014757156372,-76.4219251890346,-64.84284561493843
9.325000000000063,24.96786117553711,0.4732161429193284,0.5141010110446947,-0.146628555077495,1.2085798665881158,0.075295549338621,0.0,0.0,0.0,0.0,0.01895301081627984,1.046176195144653,1078.8061268151298,915.3506530552614
9.350000000000064,24.961702558729385,0.1918595201439327,0.5355521411245241,-0.13965632073806994,2.5448421239852905,0.0727093702488019,0.0,0.0,0.0,0.0,0.007686155208865643,0.6589071750640869,2271.584486081952,1927.4050184937773
9.375000000000066,24.951566060384117,-0.0662557863526874,0.5465654107859514,-0.1365311674638228,3.827791172266007,0.0702018397155188,0.0,0.0,0.0,0.0,-0.002655375866682872,0.2325493395328521,3416.7742513095754,2899.081182929336
9.400000000000066,24.937625461154514,-0.2988487482070923,0.5482414379284792,-0.1375760725772742,4.840062004327774,0.0676538083277204,0.0,0.0,0.0,0.0,-0.011983849411509156,-0.0726943537592887,4320.350428453235,3665.7518786875926
9.425000000000066,24.92027282714844,-0.5073448684480455,0.543788599296353,-0.13945004492095023,5.631019067764282,0.0649795118953333,0.0,0.0,0.0,0.0,-0.020358720466950024,-0.2610290944576263,5026.376856389594,4264.804605421472
9.450000000000069,24.8999998304579,-0.6947705480787489,0.5356149584367363,-0.14064581712086996,6.224738848209381,0.0622020970333005,0.0,0.0,0.0,0.0,-0.02790243183973437,-0.3903922736644745,5556.344758770505,4714.474340774974
9.475000000000067,24.877264234754776,-0.8622158235973783,0.5244485570126295,-0.1413457004951708,6.713387882709504,0.0593300941794886,0.0,0.0,0.0,0.0,-0.0346587878579036,-0.4905992150306701,5992.524101861188,5084.5659046094925
9.500000000000068,24.85250473022461,-1.0112812783983018,0.5114109187380921,-0.1410446698737867,7.0921716690063485,0.0563873927211135,0.0,0.0,0.0,0.0,-0.04069132223797236,-0.5412764549255371,6330.635202908126,5371.448050952349
9.525000000000068,24.826119740804035,-1.1434851752387152,0.4975252301039325,-0.1398778010859634,7.390198349952699,0.0533877079377891,0.0,0.0,0.0,0.0,-0.04605976234615879,-0.56504887342453,6596.66065827745,5597.166619144503
9.550000000000068,24.798446231418183,-1.2603035238054063,0.4832960602681801,-0.13823067578402431,7.641055142879487,0.0503542301369452,0.0,0.0,0.0,0.0,-0.05082187456602323,-0.5674047470092773,6820.581189012919,5787.159796738233
9.575000000000069,24.769819047715927,-1.3626991377936468,0.4692904628059398,-0.13692825664173472,7.849730479717255,0.0472820449541326,0.0,0.0,0.0,0.0,-0.05501449708488298,-0.5525839328765869,7006.849583944338,5945.205707589134
9.600000000000067,24.740524291992188,-1.4520688851674397,0.4559219600554736,-0.13518246824091132,8.016573083400727,0.0441914485896902,0.0,0.0,0.0,0.0,-0.058691920511863754,-0.5138259530067444,7155.777121166716,6071.568466444484
9.62500000000007,24.710780249701607,-1.5296653906504314,0.4438265148850926,-0.1340833548343543,8.16940017938614,0.04105062459097,0.0,0.0,0.0,0.0,-0.06190275560679241,-0.4486192166805267,7292.194094550415,6187.316201436714
9.65000000000007,24.680779774983723,-1.5968706872728136,0.4336838991630394,-0.13446720903570003,8.274451649188997,0.0378965680105835,0.0,0.0,0.0,0.0,-0.06470098197186587,-0.3603406250476837,7385.965447513785,6266.879773648059
9.67500000000007,24.65069029066298,-1.656967004140218,0.4259030079851822,-0.1336478146639737,8.256438386440278,0.0347848837795564,0.0,0.0,0.0,0.0,-0.0672178744125406,-0.2629801332950592,7369.886395765134,6253.236941861325
9.70000000000007,24.6206537882487,-1.7145378059811065,0.4203135321998102,-0.1316789439230254,8.112672829627991,0.0317160462734579,0.0,0.0,0.0,0.0,-0.06963819160640836,-0.1918463110923767,7241.5579602171165,6144.352208669068
9.72500000000007,24.59072748819987,-1.7728487650553386,0.4158011386278072,-0.1294256019592285,7.915928256511688,0.0286578208401249,0.0,0.0,0.0,0.0,-0.07209419753466259,-0.1795855313539505,7065.939238804286,5995.3423844399995
9.750000000000073,24.56090503268772,-1.832415262858073,0.4108679323140581,-0.13255823374697656,7.73933893442154,0.0255531013995267,0.0,0.0,0.0,0.0,-0.07460699271542887,-0.2213785201311111,6908.311557036933,5861.597684758609
9.775000000000071,24.530906677246094,-1.8915796279907229,0.4045878322790013,-0.15449403365453085,7.628806614875794,0.0223552711893166,0.0,0.0,0.0,0.0,-0.07711005764598493,-0.2809755504131317,6809.647871803066,5777.883042741993
9.800000000000072,24.5005014207628,-1.9479217794206407,0.3969217566336401,-0.18258655721491032,7.578149497509004,0.0190572946788493,0.0,0.0,0.0,0.0,-0.07950538423551962,-0.3288494348526001,6764.430166219103,5739.516504670753
9.825000000000072,24.46969985961914,-1.9996657636430528,0.3883218435520426,-0.2113649507002397,7.559925365447999,0.0156763097258582,0.0,0.0,0.0,0.0,-0.08172007728394658,-0.3558745682239532,6748.162887682682,5725.713965306517
9.850000000000072,24.438610076904297,-2.045909431245592,0.3792367025198327,-0.23832714774391867,7.554921746253968,0.0122339524336057,0.0,0.0,0.0,0.0,-0.08371627620422974,-0.3694682121276855,6743.696542352928,5721.92433896612
9.875000000000073,24.407376183403866,-2.086248265372382,0.3698695327281834,-0.2623789145729758,7.555223739147187,0.0087453565270754,0.0,0.0,0.0,0.0,-0.08547613843027321,-0.379817396402359,6743.966108140399,5722.153061452458
9.900000000000071,24.376161363389755,-2.120493385526869,0.3601886092706091,-0.28314540978634,7.551892471313477,0.0052228269028155,0.0,0.0,0.0,0.0,-0.08699045571267061,-0.3961407542228699,6740.992542016702,5719.630035650534
9.925000000000074,24.34513092041016,-2.148566510942248,0.3499967583579031,-0.3006918889825994,7.541474008560181,0.0016771811573272,0.0,0.0,0.0,0.0,-0.0882544652549377,-0.4200396537780761,6731.69278305085,5711.739331073448
9.950000000000074,24.314452277289497,-2.170326974656847,0.3391080247669506,-0.31529328086159447,7.520761501789093,-0.0018874745909246,0.0,0.0,0.0,0.0,-0.08926077996352828,-0.4513183832168579,6713.20432413797,5696.052153814034
9.975000000000074,24.284290737575954,-2.1855682796902127,0.3273838242525266,-0.3272895604913885,7.490254378318787,-0.005460704274474,0.0,0.0,0.0,0.0,-0.0899992634459941,-0.4865301847457886,6685.972965564884,5672.946758661114
10.000000000000076,24.254803127712677,-2.1941351890563965,0.3146624363574362,-0.3371133584687204,7.439613032341004,-0.0090381812318283,0.0,0.0,0.0,0.0,-0.09046188408552595,-0.5311931371688843,6640.769337884717,5634.59216547794
10.025000000000077,24.22614203559028,-2.1958347161610923,0.3007547100652562,-0.34526433540113044,7.373797273635865,-0.0126128120658047,0.0,0.0,0.0,0.0,-0.09063905895273061,-0.5811886787414551,6582.020681138899,5584.744820360277
10.050000000000075,24.19844733344184,-2.190242873297797,0.2855814829125843,-0.3521547120990175,7.299214375019074,-0.0161781647482295,0.0,0.0,0.0,0.0,-0.09051171106630958,-0.6324202418327332,6515.446274094895,5528.2574446865765
10.075000000000076,24.171841939290363,-2.176991833580865,0.2689677519262884,-0.3583459981282552,7.19720561504364,-0.0197304778241373,0.0,0.0,0.0,0.0,-0.09006313375077353,-0.6991451978683472,6424.390913756168,5450.9983510658385
10.100000000000076,24.1464720831977,-2.1557429101732044,0.2505658247813021,-0.35763898907285746,7.079597198963166,-0.0232577655081767,0.0,0.0,0.0,0.0,-0.08927775878585907,-0.7731881737709045,6319.410942353186,5361.924435936036
10.125000000000076,24.122850630018448,-2.1257432301839194,0.2302414448691716,-0.33423835985588307,6.941867411136628,-0.0267519472910638,0.0,0.0,0.0,0.0,-0.08812156004227158,-0.8564642071723938,6196.470172727696,5257.611055647741
10.150000000000077,24.10137600368924,-2.086483637491862,0.2075868489374923,-0.30523939421682644,6.776846110820771,-0.0301964205480261,0.0,0.0,0.0,0.0,-0.08657114171292461,-0.9566181898117064,6049.168372691656,5132.6277101626165
10.175000000000075,24.08220926920573,-2.0369176069895425,0.1823257673126819,-0.27597392920291786,6.593514227867127,-0.0335831781107394,0.0,0.0,0.0,0.0,-0.08458184148387825,-1.0670536756515503,5885.522126350247,4993.7763496305115
10.200000000000076,24.06538857354058,-1.9762334558698864,0.154089402118035,-0.24994343381939513,6.3736528873443605,-0.0368720093676353,0.0,0.0,0.0,0.0,-0.08211932459892694,-1.1915792226791382,5689.268847801647,4827.2584163165475
10.225000000000078,24.050886366102432,-1.903193261888292,0.1227377459816191,-0.22857923103101327,6.129364001750947,-0.0400657730556965,0.0,0.0,0.0,0.0,-0.07913193854554451,-1.3174430131912231,5471.210981890805,4642.239620998258
10.250000000000078,24.03861363728841,-1.8170012368096249,0.0880877648351401,-0.21175158413973721,5.834264957904816,-0.0431013064840069,0.0,0.0,0.0,0.0,-0.07558677319024398,-1.4539376497268677,5207.798802588807,4418.738377954139
10.27500000000008,24.02843051486545,-1.7168558968438044,0.050104983226049,-0.19978252757679332,5.488796186447144,-0.0459335325302249,0.0,0.0,0.0,0.0,-0.07145102114687236,-1.5867571830749512,4899.425448394213,4157.088259243574
10.30000000000008,24.02013990614149,-1.6022597418891058,0.0089398718365299,-0.1922612947406191,5.085349452495575,-0.0485902354546607,0.0,0.0,0.0,0.0,-0.06670484635601305,-1.705043911933899,4539.299634235805,3851.526962381894
10.32500000000008,24.01348114013672,-1.4730469385782878,-0.0349244407027577,-0.18716777917110558,4.607038271427155,-0.0509005859569533,0.0,0.0,0.0,0.0,-0.06134249882313819,-1.803288221359253,4112.348096380469,3489.2650514743364
10.35000000000008,24.008140563964844,-1.3297148545583088,-0.0807720862878276,-0.1852945293079723,4.056350433826447,-0.052918282103176,0.0,0.0,0.0,0.0,-0.055385999220370775,-1.8630985021591189,3620.7914938008207,3072.186722012817
10.37500000000008,24.00371551513672,-1.173217429055108,-0.1277391791535447,-0.18478417136452416,3.422255313396454,-0.054466999742625,0.0,0.0,0.0,0.0,-0.04887649282109173,-1.8860057592391968,3054.7836363022448,2591.937630801904
10.40000000000008,23.99974822998047,-1.0057555966907077,-0.1743416935884084,-0.18550856619170217,2.6714203715324403,-0.0556750803533014,0.0,0.0,0.0,0.0,-0.041906922816561824,-1.8319584131240845,2384.571134917072,2023.2724781114546
10.42500000000008,23.99574915568034,-0.8308974901835123,-0.2189315157070663,-0.18568659002130683,1.8328360497951508,-0.0566552401477482,0.0,0.0,0.0,0.0,-0.034626861815932095,-1.73215651512146,1636.031523136819,1388.1479590251797
10.45000000000008,23.991239335801865,-0.6520548794004652,-0.2604893622141826,-0.18387418111165366,0.910866130888462,-0.0574541947165558,0.0,0.0,0.0,0.0,-0.02717887434966358,-1.5807642936706543,813.0600135553568,689.8691024106056
10.47500000000008,23.985782199435764,-0.4737702012062073,-0.2976965688960046,-0.18020443771824693,-0.0825091989710927,-0.0584311732818567,0.0,0.0,0.0,0.0,-0.0197521263749886,-1.3956191539764404,-73.64960465534423,-62.49057364695873
10.500000000000082,23.97895812988281,-0.300201243824429,-0.3303574433466819,-0.17599249868681938,-1.1294223159551622,-0.0599937081500551,0.0,0.0,0.0,0.0,-0.01251936144174318,-1.219585418701172,-1008.148280389485,-855.3985409365326
10.525000000000082,23.970364464653866,-0.1349936508470111,-0.3585839215557818,-0.17377076004490707,-2.1947244435548785,-0.0616905703669235,0.0,0.0,0.0,0.0,-0.005631689540894113,-1.033820390701294,-1959.0614090420188,-1662.2339228235307
10.550000000000082,23.95976384480794,0.0190227354566256,-0.381571595716046,-0.17284144314852629,-3.2364890873432164,-0.0635195690663465,0.0,0.0,0.0,0.0,0.0007939450313383539,-0.8011668920516968,-2888.9644394399697,-2451.2425546763375
10.575000000000085,23.94707573784722,0.1596713231669532,-0.3984936874670594,-0.17414397152987393,-4.185709410905838,-0.0653403431753092,0.0,0.0,0.0,0.0,0.006667675206563957,-0.5590205192565918,-3736.2602856364415,-3170.160242358192
10.600000000000083,23.93228318956163,0.2863633963796828,-0.4100912546716501,-0.1753320433876731,-4.999081122875214,-0.0670636601525373,0.0,0.0,0.0,0.0,0.0119655694407203,-0.3768744766712188,-4462.294543287794,-3786.1893094563097
10.625000000000083,23.91551335652669,0.4001229339175754,-0.4175089572558478,-0.17638224832939378,-5.670452213287354,-0.0686835320467672,0.0,0.0,0.0,0.0,0.01673068555763949,-0.2201050072908401,-5061.575787106499,-4294.670364817634
10.650000000000084,23.896925184461807,0.5020002524058024,-0.4215742393703401,-0.17632356051242712,-6.210810959339143,-0.0701994324675647,0.0,0.0,0.0,0.0,0.021006897269453376,-0.1106905117630958,-5543.912405508465,-4703.925677401121
10.675000000000084,23.876675499810112,0.5931382046805488,-0.423387685625116,-0.17477453448555685,-6.662483680248261,-0.0716140079312631,0.0,0.0,0.0,0.0,0.024841741668988462,-0.0345932431519031,-5947.0858424511125,-5046.012229958519
10.700000000000085,23.85491689046224,0.6742853588528104,-0.4236440148800361,-0.17266781835845021,-7.053784108161927,-0.0729400790617976,0.0,0.0,0.0,0.0,0.028266095495071947,0.0126708410680294,-6296.369585072409,-5342.3741933947695
10.725000000000083,23.83180194430881,0.7465293010075887,-0.4228109115120321,-0.16988676013368548,-7.373284411430359,-0.0741813409951808,0.0,0.0,0.0,0.0,0.03132492048868612,0.0501793548464775,-6581.562888563657,-5584.356390296435
10.750000000000083,23.807493845621742,0.8109084102842543,-0.4212639478138323,-0.16683022470185252,-7.63949728012085,-0.0753396412994187,0.0,0.0,0.0,0.0,0.034061057226037354,0.0761904567480087,-6819.190604960333,-5785.979907239069
10.775000000000086,23.782143063015408,0.8679954210917155,-0.4192533277698497,-0.16436817862770775,-7.867879259586335,-0.0764177305205748,0.0,0.0,0.0,0.0,0.03649777981705824,0.0779290050268173,-7023.049601384852,-5958.951176932601
10.800000000000086,23.75587887234158,0.9191468689176772,-0.4175461749320817,-0.16189562479654948,-8.032654643058777,-0.0774172023941139,0.0,0.0,0.0,0.0,0.03869134347152353,0.0535145476460456,-7170.1318904024665,-6083.748270644515
10.825000000000086,23.728817833794487,0.9660835398568048,-0.4168266886740832,-0.15975668647072533,-8.134165143966676,-0.0783361968684622,0.0,0.0,0.0,0.0,0.04071351327418059,0.0004054245946463,-7260.742493262058,-6160.629994282957
10.850000000000088,23.70105743408203,1.0112424691518147,-0.4176270018711656,-0.15768836917299212,-8.158748066425325,-0.0791885207693961,0.0,0.0,0.0,0.0,0.0426665549401881,-0.0660488009452819,-7282.685774046869,-6179.248535554917
10.875000000000089,23.672703637017143,1.0574263334274292,-0.4200099651250548,-0.15499234517415364,-8.094438767433168,-0.0799884428146934,0.0,0.0,0.0,0.0,0.04466859170973296,-0.1195101141929626,-7225.281817815345,-6130.542148449382
10.900000000000087,23.643856048583984,1.10723700788286,-0.4232262647735436,-0.15232663183501272,-7.978434944152832,-0.0807136174183328,0.0,0.0,0.0,0.0,0.046829798219363276,-0.1298540234565735,-7121.734142772488,-6042.683515079685
10.925000000000088,23.61454857720269,1.1611880196465387,-0.4261218199582458,-0.15029900001757074,-7.871639859676361,-0.0813228238400668,0.0,0.0,0.0,0.0,0.049172569013982384,-0.0953234061598777,-7026.406399334064,-5961.799369131932
10.950000000000088,23.584764268663196,1.2182227770487468,-0.4278480143978079,-0.14904918323863636,-7.803701972961426,-0.0817736554007252,0.0,0.0,0.0,0.0,0.0516529554067829,-0.0434422269463539,-6965.763482422126,-5910.344772964227
10.975000000000088,23.5544564988878,1.2764722771114774,-0.4283699273924362,-0.14849288246848366,-7.787945187091828,-0.0820490137738718,0.0,0.0,0.0,0.0,0.05419238933285301,-0.0011481422698125,-6951.698613723771,-5898.410944977744
11.000000000000089,23.52358076307509,1.3342491785685222,-0.4280446555547966,-0.14835603193803268,-7.80796959400177,-0.0821515829265426,0.0,0.0,0.0,0.0,0.056719646214019,0.0245488081127405,-6969.572858908138,-5913.576971194782
11.02500000000009,23.49212434556749,1.390525499979655,-0.4272683440970385,-0.14844682577884558,-7.848418533802033,-0.0820925481353161,0.0,0.0,0.0,0.0,0.05919113484694373,0.035249076783657,-7005.678510910177,-5944.212069863179
11.05000000000009,23.46009784274631,1.4448392391204834,-0.4263644672230657,-0.14860153834025064,-7.894798684120179,-0.081882100152551,0.0,0.0,0.0,0.0,0.0615870934897749,0.0364321358501911,-7047.0784975466195,-5979.339331251676
11.07500000000009,23.427533043755425,1.4970918496449788,-0.4254505369159777,-0.14868690317327327,-7.940944600105286,-0.0815265306963226,0.0,0.0,0.0,0.0,0.06390309414349653,0.0372352562844753,-7088.269401241523,-6014.2891889322
11.10000000000009,23.394476572672527,1.5473322073618572,-0.4244749877191681,-0.14864751815795899,-7.982649993896483,-0.0810312576349736,0.0,0.0,0.0,0.0,0.0661409201678537,0.041343554854393,-7125.496592912517,-6045.87589701668
11.12500000000009,23.36098353068034,1.5956213739183214,-0.4233623855947602,-0.14847340323708275,-8.018795680999757,-0.0803971256899121,0.0,0.0,0.0,0.0,0.06830283373226848,0.0479589663445949,-7157.761062794046,-6073.251810855553
11.150000000000093,23.327104780409076,1.6420556439293756,-0.4220934559143647,-0.14818946896177349,-8.045606458187104,-0.0796249962273032,0.0,0.0,0.0,0.0,0.07039260377089024,0.0536297895014286,-7181.692977840784,-6093.5576781679365
11.175000000000091,23.29289330376519,1.6867474714914958,-0.4206794838231008,-0.14783563151504053,-8.066157746315003,-0.0787155142314736,0.0,0.0,0.0,0.0,0.07241468243100743,0.0594537109136581,-7200.037529292656,-6109.1227521271
11.200000000000092,23.25839784410265,1.7297577857971191,-0.4191246637996852,-0.1474437413071141,-8.081550037860872,-0.0776716715974602,0.0,0.0,0.0,0.0,0.07437132159280321,0.0648324936628341,-7213.777041992204,-6120.7805204782335
11.225000000000092,23.22366502549913,1.7711276478237576,-0.4174710737893414,-0.14705281459923947,-8.090488910675049,-0.0764941091484004,0.0,0.0,0.0,0.0,0.07626391639214113,0.0569275394082069,-7221.756085020597,-6127.550617593233
11.250000000000092,23.188743591308597,1.8118131160736084,-0.4163477191520324,-0.14614717888109613,-8.043349981307983,-0.0751876621861484,0.0,0.0,0.0,0.0,0.07813330243354351,0.0275709256529808,-7179.678794790488,-6091.848674367685
11.275000000000093,23.15361870659722,1.8524878554874,-0.4159523395986965,-0.14581372983527907,-8.02429405450821,-0.0737589678074834,0.0,0.0,0.0,0.0,0.08000856708241316,0.0096313524991273,-7162.66903717987,-6077.416152758677
11.300000000000091,23.11827341715495,1.89257992638482,-0.4156019008887557,-0.14577630765510327,-8.03978798389435,-0.0722046388043939,0.0,0.0,0.0,0.0,0.08186510697552475,0.0234354026615619,-7176.499274148317,-6089.150899277359
11.325000000000092,23.08273527357313,1.9310691621568468,-0.4145700591244045,-0.14596201752171373,-8.085093927383424,-0.0705228754625494,0.0,0.0,0.0,0.0,0.08365859328498566,0.0620223470032215,-7216.940399115205,-6123.464581067445
11.350000000000094,23.04706785413954,1.966955264409383,-0.4123922591429922,-0.146207420464718,-8.133781373500824,-0.0687202940727833,0.0,0.0,0.0,0.0,0.08534514138014712,0.112877145409584,-7260.399930936392,-6160.339335339968
11.375000000000094,23.011404673258465,2.00008127424452,-0.4088375050094681,-0.14616499640724875,-8.154024827480317,-0.0668201036678765,0.0,0.0,0.0,0.0,0.0869169571629329,0.1670490801334381,-7278.469702562349,-6175.671262780174
11.400000000000096,22.97585169474284,2.0302136739095054,-0.4043503448887935,-0.14604937929095646,-8.162124311923982,-0.0647834033705626,0.0,0.0,0.0,0.0,0.0883629343052403,0.1858496069908142,-7285.699488266571,-6181.805626407999
11.425000000000097,22.94046613905165,2.0574820041656494,-0.3998437769816751,-0.14605744708668103,-8.155138754844666,-0.0626196723698465,0.0,0.0,0.0,0.0,0.0896878900234372,0.1694259047508239,-7279.464019693312,-6176.514925800386
11.450000000000095,22.90526072184245,2.0824093288845487,-0.3960753041706721,-0.14624217409076112,-8.13920614719391,-0.0603388018124643,0.0,0.0,0.0,0.0,0.09091401989145506,0.1296480000019073,-7265.242208437843,-6164.447934432108
11.475000000000096,22.870222727457683,2.105584012137519,-0.3933983945114653,-0.14664880405772815,-8.12520524263382,-0.0579497507387707,0.0,0.0,0.0,0.0,0.09206661593240992,0.0854407027363777,-7252.744679695271,-6153.843970650531
11.500000000000096,22.83532460530599,2.12738315264384,-0.3916961019426866,-0.147271478248365,-8.123218047618867,-0.0554585175030021,0.0,0.0,0.0,0.0,0.09316194052041299,0.0538910031318664,-7250.97086381717,-6152.338914753961
11.525000000000096,22.80055575900608,2.1478337711758084,-0.3905234788252111,-0.14805383624452534,-8.137093365192413,-0.052868880464955,0.0,0.0,0.0,0.0,0.09420093939277893,0.0437255576252937,-7263.356290733229,-6162.847761834253
11.550000000000097,22.765931023491756,2.1667129463619657,-0.3893275863377111,-0.14889260039185032,-8.162078166007996,-0.0501857477472948,0.0,0.0,0.0,0.0,0.0951734828734293,0.055155262351036,-7285.658297362876,-6181.770676550317
11.575000000000095,22.731497022840717,2.183744642469618,-0.3876460997149487,-0.1496605038462263,-8.18633280992508,-0.0474146495704725,0.0,0.0,0.0,0.0,0.09606690840798478,0.0807923749089241,-7307.308549187224,-6200.140587189158
11.600000000000096,22.697327931722004,2.198795345094469,-0.385259075140397,-0.15028431841821382,-8.196564936637879,-0.0445585445400116,0.0,0.0,0.0,0.0,0.09687463439347904,0.1100998297333717,-7316.441980326763,-6207.8901651257365
11.625000000000098,22.663502163357204,2.21196903122796,-0.3821933439620387,-0.15073952313625452,-8.18582228422165,-0.0416257966462107,0.0,0.0,0.0,0.0,0.09760049507283632,0.1334868222475052,-7306.852842227359,-6199.753926738364
11.650000000000098,22.630083296034076,2.2234741846720376,-0.3786787369819475,-0.15108961336540452,-8.157035994529725,-0.0386180932512917,0.0,0.0,0.0,0.0,0.09825302698119992,0.1457888782024383,-7281.157539379403,-6177.951851594644
11.675000000000098,22.597115834554035,2.233483526441786,-0.3749955519048543,-0.15145364472360323,-8.121402001380922,-0.0355372184651254,0.0,0.0,0.0,0.0,0.09883931838002478,0.147425428032875,-7249.34981926543,-6150.963483013091
11.7000000000001,22.56461673312717,2.241992155710856,-0.3713390317281755,-0.15197836037838097,-8.09076169729233,-0.0323820092353296,0.0,0.0,0.0,0.0,0.09935875190024307,0.1445132344961166,-7221.999580615859,-6127.757219916484
11.7250000000001,22.532598707411022,2.248730924394396,-0.3677712281053099,-0.1527531369527181,-8.077685463428498,-0.0291558309236724,0.0,0.0,0.0,0.0,0.09979900470400617,0.1414864808320999,-7210.327434158718,-6117.853580498305
11.7500000000001,22.501070234510635,2.253257433573405,-0.3642268603000371,-0.15380136721061938,-8.083383023738861,-0.0258603885774298,0.0,0.0,0.0,0.0,0.10014001156787242,0.1432106494903564,-7215.413207255427,-6122.168781913694
11.7750000000001,22.470054626464844,2.2552042537265358,-0.360522835987414,-0.15503197294293028,-8.095680034160615,-0.022504003534711,0.0,0.0,0.0,0.0,0.10036487633058065,0.1541830003261566,-7226.389800984353,-6131.482255380662
11.8000000000001,22.43959638807509,2.254407140943739,-0.3564537255788547,-0.15631102272958466,-8.102180767059327,-0.0190981970881226,0.0,0.0,0.0,0.0,0.1004655833356157,0.1721579134464264,-7232.192504366892,-6136.405761280998
11.8250000000001,22.409754859076607,2.250963846842448,-0.351865831389948,-0.15748359015493682,-8.087256360054017,-0.0156557602131266,0.0,0.0,0.0,0.0,0.10044571486826158,0.1961864531040191,-7218.870636146578,-6125.10235794255
11.8500000000001,22.38059785630968,2.245221402910021,-0.3466168407499426,-0.15850864988384825,-8.044981443881989,-0.0121861013585116,0.0,0.0,0.0,0.0,0.10031999222384641,0.2238689810037613,-7181.135075727448,-6093.084306677833
11.8750000000001,22.35218683878581,2.237412929534912,-0.3406676384803282,-0.1593967645818537,-7.981600904464722,-0.0086959015736177,0.0,0.0,0.0,0.0,0.10009816693427614,0.2529123723506927,-7124.560151608264,-6045.0813407585265
11.900000000000102,22.3245726691352,2.227588494618734,-0.3339378969847253,-0.16034125356963186,-7.907415795326234,-0.0051825256553449,0.0,0.0,0.0,0.0,0.0997819097204258,0.2854890823364258,-7058.340820582188,-5988.895241706098
11.925000000000102,22.297806209988064,2.215315898259481,-0.3263790468627534,-0.16149146802497633,-7.841748404502869,-0.0016460136551391,0.0,0.0,0.0,0.0,0.09935129390743175,0.3196988403797149,-6999.724600412808,-5939.160267016927
11.950000000000102,22.27193832397461,2.1998884942796497,-0.3178542682134098,-0.16303093332232851,-7.785439288616181,0.0019180616072188,0.0,0.0,0.0,0.0,0.09877400261617919,0.36260986328125,-6949.4617912319845,-5896.513034984713
11.975000000000104,22.247032589382595,2.180414464738634,-0.3082086982193062,-0.16495578158985486,-7.742691814899445,0.0055037221283085,0.0,0.0,0.0,0.0,0.09800922689254465,0.4076071977615356,-6911.304415102865,-5864.137079481218
12.000000000000105,22.2231568230523,2.1563582950168185,-0.2974052856517772,-0.16720889524980026,-7.676829910278321,0.0091063394303829,0.0,0.0,0.0,0.0,0.09703204239552532,0.4550811648368835,-6852.514567453353,-5814.254784505875
12.025000000000103,22.200389438205296,2.127612564298841,-0.2854347760260345,-0.1696699333190918,-7.596993386745454,0.012703776702085,0.0,0.0,0.0,0.0,0.09583672260439588,0.5023503303527832,-6781.250654234263,-5753.7884338957365
12.050000000000104,22.17879189385308,2.0939828289879694,-0.2720342154739466,-0.1721765471949722,-7.484963369369507,0.016286897142259,0.0,0.0,0.0,0.0,0.09441374620446856,0.5735872387886047,-6681.250089543765,-5668.939469915921
12.075000000000104,22.1584341261122,2.0553301440344915,-0.2566050252510043,-0.17451957644838276,-7.346189749240875,0.0198315000547219,0.0,0.0,0.0,0.0,0.0927561095850372,0.663038432598114,-6557.377571248618,-5563.8355149988265
12.100000000000104,22.139400906032986,2.011180718739828,-0.2386588315475578,-0.17710356856837417,-7.176271724700928,0.0233492835826211,0.0,0.0,0.0,0.0,0.09084169563918874,0.7727521657943726,-6405.70484278632,-5435.143502970211
12.125000000000105,22.12177488538954,1.96049968401591,-0.2179732104783149,-0.17993697888923413,-6.995775187015534,0.0268323175396326,0.0,0.0,0.0,0.0,0.08862307360838093,0.8842042088508606,-6244.58949070485,-5298.439567870781
12.150000000000103,22.105636596679688,1.90241363313463,-0.1943475594341654,-0.1829624823367957,-6.786417591571809,0.030266011235964,0.0,0.0,0.0,0.0,0.08606011524772719,1.0044224262237549,-6057.712096083361,-5139.876930010124
12.175000000000106,22.09105597601997,1.8357442484961612,-0.1677213913688509,-0.18594950358072918,-6.554177463054658,0.0336139563466812,0.0,0.0,0.0,0.0,0.08309898134742302,1.1276991367340088,-5850.409227267642,-4963.983586772544
12.200000000000106,22.078075408935547,1.7596299118465848,-0.1379401097810922,-0.18907918987852154,-6.297496354579926,0.0368989187379154,0.0,0.0,0.0,0.0,0.07970033072422693,1.2533016204833984,-5621.2897788012615,-4769.579206255616
12.225000000000106,22.066703372531467,1.6731093989478216,-0.1049716069349972,-0.19174387498335405,-5.988689637184144,0.039981779451629,0.0,0.0,0.0,0.0,0.07582054150555631,1.387583613395691,-5345.641815486502,-4535.696085867334
12.250000000000108,22.05691655476888,1.5756441487206354,-0.068648702893136,-0.19361493890935724,-5.639762258529664,0.0429984897405784,0.0,0.0,0.0,0.0,0.07143537696251423,1.5172427892684937,-5034.181229130167,-4271.426497443777
12.275000000000109,22.048638661702476,1.466709640291002,-0.0291351737401702,-0.19436237681995738,-5.22859513759613,0.0456534220790082,0.0,0.0,0.0,0.0,0.06652155095809215,1.6399317979812622,-4667.164020362448,-3960.017956671167
12.300000000000107,22.04172982109917,1.3461012310451932,0.0131225254939863,-0.19493206139766808,-4.756930136680603,0.0481360707814505,0.0,0.0,0.0,0.0,0.061070580302488534,1.7390934228897097,-4246.145015446867,-3602.789710076129
12.325000000000108,22.035982343885635,1.2142634391784668,0.0575020130222849,-0.19434036486076586,-4.218997848033905,0.0502917686064098,0.0,0.0,0.0,0.0,0.05510366727605365,1.807678699493408,-3765.9743086138715,-3195.372140642072
12.350000000000108,22.03110588921441,1.0718399286270142,0.1031445952034187,-0.1937765780362216,-3.6008230686187748,0.0520750379170837,0.0,0.0,0.0,0.0,0.04865120861462276,1.833735704421997,-3214.177312890038,-2727.1807503309406
12.375000000000108,22.02673170301649,0.9212195873260498,0.1484261401257111,-0.19313477487275094,-2.871545279026032,0.0534780535971754,0.0,0.0,0.0,0.0,0.04182279966663832,1.780598759651184,-2563.2072203765156,-2174.8424900164373
12.400000000000109,22.02246771918403,0.7653948333528307,0.1917668897588514,-0.19106466351133405,-2.067542940378189,0.0546207952149824,0.0,0.0,0.0,0.0,0.03475518016929984,1.683508276939392,-1845.5362803867608,-1565.9095712372512
12.425000000000107,22.017911275227863,0.6074782874849107,0.2321216698882812,-0.18716261661413944,-1.1835493579506875,0.0555932984212953,0.0,0.0,0.0,0.0,0.02759018691152501,1.5322892665863037,-1056.4633203346712,-896.3931202839633
12.45000000000011,22.01270209418403,0.4515203502443101,0.2681666897151494,-0.1820647129868016,-0.2412506114691496,0.0565286775781314,0.0,0.0,0.0,0.0,0.020511809423142385,1.3491653203964231,-215.3458326966426,-182.7176762274543
12.47500000000011,22.006501091851128,0.3010999825265672,0.2995855823467114,-0.17561941667036576,0.735837957262993,0.0579419193806902,0.0,0.0,0.0,0.0,0.013682319659532914,1.167797565460205,656.8258487372127,557.3067807467257
12.50000000000011,21.998958587646484,0.1596112549304962,0.3266349100644827,-0.17157645138827238,1.739186564087868,0.059694458309098,0.0,0.0,0.0,0.0,0.007255400490645311,0.9934357404708862,1552.4378428620396,1317.2199878829426
12.52500000000011,21.989837222629124,0.029763113707304,0.3490513694604386,-0.16959449883663294,2.7357401847839355,0.0614949050088029,0.0,0.0,0.0,0.0,0.0013534940439065923,0.7915788292884827,2441.984476417792,2071.9868284757017
12.55000000000011,21.979039510091145,-0.0864921593003802,0.3660895084559522,-0.1688316148700136,3.672499066591263,0.0632898173268675,0.0,0.0,0.0,0.0,-0.003935211056910354,0.572628915309906,3278.156953703185,2781.4665061723986
12.575000000000111,21.96655697292752,-0.1886058681541019,0.3779198692293294,-0.170449100263191,4.476792299747467,0.0650989442672504,0.0,0.0,0.0,0.0,-0.008586045978281779,0.3840191066265106,3996.087552807371,3390.6197417759504
12.600000000000112,21.95245742797852,-0.277429355515374,0.3857624458759356,-0.17139884197350705,5.152894806861878,0.0668384711570197,0.0,0.0,0.0,0.0,-0.012637735726196598,0.25336554646492,4599.592167764414,3902.684263557684
12.625000000000112,21.93685531616211,-0.3541323873731825,0.3907229495908581,-0.17213809591351134,5.717045569419861,0.0684817830300315,0.0,0.0,0.0,0.0,-0.016143261295627605,0.1475110203027725,5103.16608614609,4329.959103396681
12.650000000000112,21.919898986816406,-0.4199639293882582,0.3934340808700723,-0.17201662916125673,6.184535825252533,0.0700334488720309,0.0,0.0,0.0,0.0,-0.01915902667438582,0.0711839273571968,5520.458617786892,4684.025493879787
12.675000000000113,21.901730431450737,-0.4762069384256999,0.3946326365186625,-0.17093193603284432,6.579909944534302,0.0714996750967147,0.0,0.0,0.0,0.0,-0.021742891043068906,0.0286032389849424,5873.378630817914,4983.472777663684
12.700000000000111,21.882474687364365,-0.523760716120402,0.3948515150707534,-0.1692991424329353,6.91139007806778,0.0728777527699114,0.0,0.0,0.0,0.0,-0.02393516837576136,-0.0061596543528139,6169.265405750666,5234.52822306117
12.725000000000112,21.86225891113281,-0.5636696020762125,0.394549812208761,-0.16748545068683046,7.19919456243515,0.0741752823037008,0.0,0.0,0.0,0.0,-0.025782770406637984,-0.0164248570799827,6426.166293845803,5452.504734172195
12.750000000000114,21.84120602077908,-0.5968413750330607,0.3940452097612183,-0.16584768670977967,7.439715838432312,0.0753845530144893,0.0,0.0,0.0,0.0,-0.027326392803824266,-0.0175823997706174,6640.861104961302,5634.670028452013
12.775000000000114,21.81942409939236,-0.6243450111813016,0.3939790302081298,-0.16435284441167658,7.633613383769989,0.0765141577579817,0.0,0.0,0.0,0.0,-0.02861418378126161,0.0135719086974859,6813.938504037311,5781.523579183171
12.800000000000114,21.7970339457194,-0.6480959388944838,0.3947715869485374,-0.16286903005657774,7.753793120384217,0.0775679830848936,0.0,0.0,0.0,0.0,-0.029733216937149372,0.0517254211008548,6921.213695162634,5872.544953471324
12.825000000000117,21.77414576212565,-0.6702511840396457,0.3967277453482279,-0.1612460824215051,7.80300452709198,0.07854694445685,0.0,0.0,0.0,0.0,-0.03078197378495982,0.1070515662431716,6965.140926232104,5909.816543469663
12.850000000000117,21.75086127387153,-0.6933813624911838,0.400026602990509,-0.15907137495098692,7.768225693702698,0.0794622105056721,0.0,0.0,0.0,0.0,-0.03187834052916866,0.1519245356321334,6934.096541346097,5883.475853263354
12.875000000000115,21.727288564046223,-0.7197419802347819,0.4040431825465665,-0.15671961928858902,7.6848038077354435,0.0803001741426656,0.0,0.0,0.0,0.0,-0.033126175781813524,0.1630639433860778,6859.632251331064,5820.294031432417
12.900000000000116,21.70347001817491,-0.7500266366534762,0.4078428143423235,-0.15486449010444409,7.598530220985413,0.081025411164143,0.0,0.0,0.0,0.0,-0.03455791336709702,0.1372732520103454,6782.622467748456,5754.9523968774765
12.925000000000116,21.679390801323784,-0.7835844490263197,0.4107591754730419,-0.1537026613408869,7.540799927711487,0.0815956522101778,0.0,0.0,0.0,0.0,-0.03614420978003093,0.0949124917387962,6731.091083014599,5711.228797709355
12.950000000000117,21.65499793158637,-0.8189056317011515,0.4126220566555524,-0.15319325504880962,7.5305748105049135,0.081995563298556,0.0,0.0,0.0,0.0,-0.03781601061742338,0.0562842488288879,6721.96390872119,5703.484528611917
12.975000000000117,21.63023842705621,-0.8544355630874634,0.4136982400520534,-0.15312660535176598,7.55742530822754,0.0822241707110041,0.0,0.0,0.0,0.0,-0.03950190220828503,0.0327467732131481,6745.931279229338,5723.820479346104
13.000000000000115,21.60507626003689,-0.8891716268327501,0.4143684911193991,-0.15329276778481224,7.605241823196412,0.082293491961941,0.0,0.0,0.0,0.0,-0.04115568101360786,0.0226586535573005,6788.613397918765,5760.035610355315
13.025000000000118,21.579513549804688,-0.9226576487223308,0.4148585793390009,-0.15350344484502618,7.6585643053054815,0.0822118910416653,0.0,0.0,0.0,0.0,-0.04275618384969024,0.0172201041132211,6836.210269243991,5800.420834510052
13.050000000000118,21.55357360839844,-0.9547955460018582,0.415251095994165,-0.15367819410381894,7.7087658047676095,0.0819855265101978,0.0,0.0,0.0,0.0,-0.04429871182149665,0.0143650118261575,6881.021279829449,5838.442298037107
13.075000000000118,21.52729034423828,-0.9856483671400282,0.4155602224176959,-0.15373243274110737,7.754448509216309,0.0816190131263648,0.0,0.0,0.0,0.0,-0.04578599309893334,0.0101245678961277,6921.79871027587,5873.041329931039
13.10000000000012,21.50070402357313,-1.0152918100357056,0.4157405850025216,-0.15365630352135862,7.793610620498658,0.0811140486553614,0.0,0.0,0.0,0.0,-0.04722132860963767,0.0040166964754462,6956.755709609049,5902.701814213738
13.12500000000012,21.473859151204422,-1.0438048839569092,0.4157434146111798,-0.15346880450393213,7.826211833953858,0.0804705457122142,0.0,0.0,0.0,0.0,-0.048608164774069706,-0.003930312115699,6985.856300963731,5927.393225060134
13.15000000000012,21.446793874104817,-1.0712438159518771,0.4155337905438769,-0.1532047280398282,7.852437901496888,0.0796887997413566,0.0,0.0,0.0,0.0,-0.04994890249051692,-0.0128373811021447,7009.266290762387,5947.256246707479
13.17500000000012,21.41955057779948,-1.0976394017537434,0.4150973650202402,-0.15290042646003493,7.873169100284577,0.0787715404829061,0.0,0.0,0.0,0.0,-0.05124474473761384,-0.0219961758702993,7027.771434598282,5962.957580871269
13.20000000000012,21.39216317070855,-1.1229991912841797,0.4144377665972548,-0.1526039204452977,7.888370966911316,0.0777192256676749,0.0,0.0,0.0,0.0,-0.05249582205982135,-0.0301186442375183,7041.34096964461,5974.471125759062
13.22500000000012,21.364669799804688,-1.147365305158827,0.4136021998052425,-0.15235784328345098,7.898606598377229,0.07653255021426,0.0,0.0,0.0,0.0,-0.05370386324291874,-0.0366650074720382,7050.477529207215,5982.223358115212
13.25000000000012,21.33710225423177,-1.1707259549034967,0.4126023825529994,-0.15216741735284978,7.906856203079224,0.0752138360662369,0.0,0.0,0.0,0.0,-0.054868085691969146,-0.0433063842356205,7057.841315699406,5988.471419381313
13.27500000000012,21.30948808458116,-1.1930329269833035,0.4114329885183456,-0.15203288453997987,7.913790941238404,0.0737655050357217,0.0,0.0,0.0,0.0,-0.05598599657804744,-0.050268068909645,7064.031422138216,5993.723630905151
13.300000000000122,21.281861199273003,-1.2142229080200195,0.4100838311101115,-0.15196376916133997,7.919705796241761,0.0721896335561269,0.0,0.0,0.0,0.0,-0.05705435707199791,-0.0577106922864913,7069.311157464983,5998.203406333923
13.325000000000122,21.25425338745117,-1.2342229154374864,0.4085421271550646,-0.15196444858204236,7.924597847461701,0.0704880275835668,0.0,0.0,0.0,0.0,-0.05806945522566275,-0.0656714886426925,7073.677914660487,6001.908533651321
13.350000000000122,21.226702796088325,-1.2531753381093342,0.4069850767342362,-0.1518204203518954,7.903043615818024,0.068664579910541,0.0,0.0,0.0,0.0,-0.059037682401633776,-0.0519066043198108,7054.438112808057,5985.583853291684
13.375000000000124,21.19923273722331,-1.2718156973520915,0.4058576940657784,-0.15185266494750976,7.880117857456208,0.0667279666165382,0.0,0.0,0.0,0.0,-0.059993477741245596,-0.0407279469072818,7033.974054729353,5968.220410073389
13.400000000000125,21.17184109157986,-1.2898716661665175,0.4047835413296086,-0.15205323927330247,7.878819346427918,0.064676539870634,0.0,0.0,0.0,0.0,-0.06092392534910464,-0.0490893051028251,7032.81497398361,5967.236947622456
13.425000000000123,21.14455329047309,-1.306677924262153,0.4032224295881177,-0.15240254958470661,7.898932540416718,0.0625118684411579,0.0,0.0,0.0,0.0,-0.0617973766724545,-0.0786159113049507,7050.7684725523,5982.4702191352835
13.450000000000124,21.11740960015191,-1.3214564323425293,0.4007606034764485,-0.15285812845735838,7.930095052719117,0.0602339793758399,0.0,0.0,0.0,0.0,-0.06257663498334678,-0.1189250573515892,7078.584846238621,6006.071990747921
13.475000000000124,21.09047571818034,-1.3337151209513347,0.3972307166096029,-0.1533474086270188,7.944913148880006,0.0578543242673672,0.0,0.0,0.0,0.0,-0.06323779220407295,-0.1622021496295929,7091.811818959284,6017.294876692726
13.500000000000124,21.063853369818798,-1.343610816531711,0.3926011106601229,-0.1535285063945886,7.9346004128456125,0.0553881476323859,0.0,0.0,0.0,0.0,-0.0637875128041337,-0.202132910490036,7082.60643408924,6009.484247106021
13.525000000000125,21.037604014078777,-1.3511469629075792,0.3873319465748602,-0.15383637876221629,7.909075295925141,0.0528101473599458,0.0,0.0,0.0,0.0,-0.06422532537466553,-0.2155023068189621,7059.822128903671,5990.152109372811
13.550000000000123,21.0117679172092,-1.356466876135932,0.3819971355687271,-0.15430764313900108,7.87481633424759,0.0501284710585067,0.0,0.0,0.0,0.0,-0.06455748423838954,-0.2084890455007553,7029.241793439037,5964.205158069485
13.575000000000124,20.9863641526964,-1.3597642050849066,0.3769558382042343,-0.1550089307264848,7.83744924068451,0.0473492689657111,0.0,0.0,0.0,0.0,-0.06479274805255866,-0.1949197351932525,6995.887068119207,5935.904179010236
13.600000000000126,20.96140543619792,-1.3611466354793973,0.372205025135642,-0.15597146178736832,7.806393623352052,0.0444808197674787,0.0,0.0,0.0,0.0,-0.06493584791451315,-0.1868543326854705,6968.166111336382,5912.383367194504
13.625000000000126,20.936912960476345,-1.360472838083903,0.3674802111771915,-0.15716127222234552,7.78440889120102,0.0415279774910153,0.0,0.0,0.0,0.0,-0.06497962907197138,-0.1934931427240371,6948.542034850747,5895.732635630935
13.650000000000126,20.912916395399307,-1.3574635982513428,0.3623574210833424,-0.15848903713804302,7.763727927207947,0.0384982759693733,0.0,0.0,0.0,0.0,-0.06491029622965332,-0.2199118286371231,6930.081731745455,5880.069348147657
13.675000000000129,20.88947508070204,-1.351921425925361,0.3563344492515328,-0.15986700578169388,7.733266949653626,0.0354000875152296,0.0,0.0,0.0,0.0,-0.06471782659461285,-0.2633072435855865,6902.891564076066,5856.998902852418
13.700000000000127,20.866656833224827,-1.3436928060319688,0.3491703128926243,-0.161145946040298,7.681541466712952,0.0322424439897499,0.0,0.0,0.0,0.0,-0.06439425427711452,-0.3083549737930298,6856.720210860988,5817.823209215382
13.725000000000128,20.84453370836046,-1.3328950934939914,0.3408512301479756,-0.1624042337590998,7.597970628738404,0.02902616410691,0.0,0.0,0.0,0.0,-0.06394458672680144,-0.3568320274353027,6782.122962865674,5754.528574552692
13.750000000000128,20.823169284396705,-1.3195208708445232,0.3313184117365234,-0.16370614022919627,7.502418792247773,0.0257584675299773,0.0,0.0,0.0,0.0,-0.06336791738197468,-0.4047293365001678,6696.831200621168,5682.159806587656
13.775000000000128,20.802608066134983,-1.3031170103285048,0.3206126040229457,-0.1651650943178119,7.399401831626893,0.0224350006147482,0.0,0.0,0.0,0.0,-0.06264200172332608,-0.4542180001735687,6604.875897247285,5604.137124937089
13.800000000000129,20.78290515475803,-1.2834280067019992,0.3085452219125514,-0.1669468977957061,7.283047533035279,0.019056470763387,0.0,0.0,0.0,0.0,-0.06175402318131504,-0.5105107426643372,6501.0153798978845,5516.013049610325
13.825000000000127,20.764102935791016,-1.2598488065931532,0.2950976565672235,-0.1689350954691569,7.164121329784394,0.0156379347188772,0.0,0.0,0.0,0.0,-0.06067436722351997,-0.5666269659996033,6394.8591214223,5425.941072721951
13.85000000000013,20.746254391140408,-1.2321269512176514,0.2800551240450472,-0.17118680318196614,7.011906397342682,0.0121898700955581,0.0,0.0,0.0,0.0,-0.05939033273128211,-0.6364908218383789,6258.988579267361,5310.656976348064
13.87500000000013,20.72940190633138,-1.199935542212592,0.2632632442265819,-0.17364645524458452,6.851120007038117,0.0087216863825157,0.0,0.0,0.0,0.0,-0.0578856808138828,-0.7067898511886597,6115.466957102057,5188.881054510835
13.90000000000013,20.713585747612846,-1.1628409226735432,0.2444913540719131,-0.17617556832053444,6.6564595937728885,0.0052555919765647,0.0,0.0,0.0,0.0,-0.0561390450133703,-0.7949851751327515,5941.708604605472,5041.449725119794
13.92500000000013,20.698846181233723,-1.1204738087124295,0.2236160327092725,-0.17879420656146425,6.442549324035645,0.0017750905583134,0.0,0.0,0.0,0.0,-0.054132186833113875,-0.8742582201957703,5750.767388421981,4879.438996236832
13.95000000000013,20.68520228068034,-1.0723867681291368,0.2006280422986288,-0.1811708889585553,6.194230556488038,-0.0016384911353198,0.0,0.0,0.0,0.0,-0.05184318497724963,-0.965637743473053,5529.112357389733,4691.36806081553
13.975000000000133,20.672660403781467,-1.018394960297479,0.1754443255034853,-0.1837793188384085,5.910888206958771,-0.0050668233344185,0.0,0.0,0.0,0.0,-0.04926288829816954,-1.0494338274002075,5276.194473260739,4476.771068221233
14.000000000000131,20.66120783487956,-0.9583480490578544,0.1480599554758252,-0.18526330890077533,5.582949626445771,-0.0083228468003573,0.0,0.0,0.0,0.0,-0.04638393150665681,-1.1394301652908323,4983.4689698356115,4228.397913799911
14.025000000000132,20.65081278483073,-0.8921051687664456,0.1186012159855888,-0.1868869480942235,5.223170363903046,-0.0115879293702473,0.0,0.0,0.0,0.0,-0.043199518491676546,-1.215641736984253,4662.321742860998,3955.9093575790275
14.050000000000132,20.64141167534722,-0.8198644717534384,0.0873896254777542,-0.18732476205536813,4.7997523784637455,-0.0146024061408919,0.0,0.0,0.0,0.0,-0.039719399266312384,-1.2740594148635864,4284.3691312680485,3635.2222931971314
14.075000000000133,20.63290490044488,-0.7422398196326362,0.0550514678945457,-0.18784789114287406,4.334334015846252,-0.0175853046869704,0.0,0.0,0.0,0.0,-0.03597359766906269,-1.3082072734832764,3868.926019062762,3282.7251070835546
14.100000000000133,20.62516318427192,-0.6601866086324056,0.0221811150181877,-0.18693115927956322,3.813309532403946,-0.0202770682311868,0.0,0.0,0.0,0.0,-0.03200879443881649,-1.3193708658218384,3403.8476072031945,2888.1131212633163
14.125000000000131,20.61803605821397,-0.574811167187161,-0.0104343338105523,-0.1859379531397964,3.2459151208400727,-0.0228348950583696,0.0,0.0,0.0,0.0,-0.027879045587281496,-1.2920465469360352,2897.3783332744583,2458.3816161116615
14.150000000000134,20.611351860894096,-0.4873357547654046,-0.0422366404958962,-0.1839828583688447,2.6459706068038944,-0.0250978600186102,0.0,0.0,0.0,0.0,-0.02364404615740059,-1.2464452981948853,2361.8540908274113,2003.997410399015
14.175000000000134,20.604936811659076,-0.3992124398549397,-0.072468890963557,-0.18097732543945313,2.0125977575778964,-0.0271731823935141,0.0,0.0,0.0,0.0,-0.019374601509529975,-1.163912296295166,1796.4909491822373,1524.2953508212918
14.200000000000134,20.598634084065758,-0.3122764825820923,-0.1004084302099577,-0.1778489823774858,1.3566348761320115,-0.0291185966026817,0.0,0.0,0.0,0.0,-0.015160057764395957,-1.066539287567139,1210.9634263178366,1027.4841192999822
14.225000000000136,20.59226353963216,-0.2283065021038055,-0.1257369397446175,-0.17435611840450402,0.6870651558041573,-0.0309891770255155,0.0,0.0,0.0,0.0,-0.011087003702356643,-0.9599719047546388,613.2901267792847,520.3673802975748
14.250000000000137,20.58569378323025,-0.1488767398728264,-0.1483552334616877,-0.17071382695978338,0.0112757787574082,-0.0328346810819131,0.0,0.0,0.0,0.0,-0.0072320486955900435,-0.8511328101158142,10.065018907227484,8.540016042496047
14.275000000000135,20.578767988416885,-0.0755249957243601,-0.1683792753818845,-0.16812061194217567,-0.6707542538642883,-0.0348524854190551,0.0,0.0,0.0,0.0,-0.0036700445705433213,-0.751996636390686,-598.7306413591886,-508.0138775168872
14.300000000000136,20.57135687934028,-0.0096719825847281,-0.1860046580425174,-0.1666490450772372,-1.355748027563095,-0.0371534035457212,0.0,0.0,0.0,0.0,-0.00047016745863962087,-0.6603092551231384,-1210.1718049313201,-1026.8124405477868
14.325000000000136,20.563346015082463,0.0474366628461413,-0.2014501934166499,-0.16598633968468868,-2.034279328584671,-0.0395479588324335,0.0,0.0,0.0,0.0,0.0023068552565009724,-0.5749565362930298,-1815.844417072711,-1540.7164750919967
14.350000000000136,20.554661220974392,0.0954011662138833,-0.2147597737279981,-0.16657590692693536,-2.671718567609787,-0.0420243844764223,0.0,0.0,0.0,0.0,0.004641339752003989,-0.4914748668670654,-2384.837311579556,-2023.4983249765926
14.375000000000137,20.54527282714844,0.134364946020974,-0.2261524439762208,-0.16739150538589015,-3.248622250556946,-0.0445035273769609,0.0,0.0,0.0,0.0,0.006539944597057125,-0.4216122031211853,-2899.7947793905855,-2460.431934028375
14.400000000000135,20.535174475775825,0.1651676992575327,-0.235891674016911,-0.1687678030765418,-3.758623701334,-0.047026240009052,0.0,0.0,0.0,0.0,0.008043160259114019,-0.361278772354126,-3355.0337793055132,-2846.695327895586
14.425000000000136,20.524370405409076,0.1886464489830864,-0.244452738236107,-0.17038486596309776,-4.206101816892624,-0.0495054245214827,0.0,0.0,0.0,0.0,0.009191339137660941,-0.3256633281707763,-3754.4630152426785,-3185.604982630151
14.450000000000138,20.51288604736328,0.2057678169674343,-0.2522216285443021,-0.17170023947051077,-4.601960176229477,-0.0519667887411503,0.0,0.0,0.0,0.0,0.010031149029557623,-0.2972422242164612,-4107.815272060575,-3485.419018718063
14.475000000000138,20.50075954861111,0.2174518671300676,-0.2594747311283761,-0.17254369562322444,-4.947990000247955,-0.0543744777812853,0.0,0.0,0.0,0.0,0.010607015150558143,-0.2863195538520813,-4416.68943464756,-3747.4940657615657
14.50000000000014,20.488031175401478,0.2247072259585062,-0.2666738214765919,-0.17298392902721058,-5.257327687740326,-0.0567175248277424,0.0,0.0,0.0,0.0,0.010967731551887534,-0.2908273339271545,-4692.811354056734,-3981.779330714804
14.52500000000014,20.474747551812065,0.2285219232241312,-0.2739774076080797,-0.17311089024399265,-5.519354712963104,-0.0590169251606467,0.0,0.0,0.0,0.0,0.01116115950371786,-0.2935963571071625,-4926.702690505591,-4180.232585883531
14.55000000000014,20.460963779025608,0.2300536466969384,-0.2813657321965024,-0.17292585546320136,-5.7409520745277405,-0.0612498754631642,0.0,0.0,0.0,0.0,0.011243539120711644,-0.2984531819820404,-5124.505581279271,-4348.065341691501
14.57500000000014,20.446732838948567,0.2304090890619489,-0.2890532462886388,-0.1723824587735263,-5.915837502479554,-0.0634074000501837,0.0,0.0,0.0,0.0,0.011268748453691697,-0.3182950317859649,-5280.612328032978,-4480.519551058284
14.60000000000014,20.432109832763672,0.2310262123743693,-0.297195961190097,-0.17136013608990294,-6.039134132862092,-0.0654987783736283,0.0,0.0,0.0,0.0,0.011307016958371567,-0.3328254818916321,-5390.669730071163,-4573.901589151289
14.62500000000014,20.41715410020616,0.233227229780621,-0.3056394468471659,-0.1699295795325077,-6.120326995849609,-0.0675141338509242,0.0,0.0,0.0,0.0,0.011423101801355655,-0.3417405784130096,-5463.144343016578,-4635.395200135277
14.65000000000014,20.401908026801216,0.2379245393806033,-0.3142000117236575,-0.1682495013150302,-6.17812796831131,-0.0694389397705628,0.0,0.0,0.0,0.0,0.011661876872891046,-0.3413729667663574,-5514.738817615587,-4679.172330098074
14.67500000000014,20.38638644748264,0.2454903887377845,-0.3226080440487148,-0.16657772122007428,-6.225073552131653,-0.0712571485063817,0.0,0.0,0.0,0.0,0.012041878504078797,-0.3283630013465881,-5556.643523173255,-4714.727837843972
14.70000000000014,20.37059572007921,0.2559359206093682,-0.3305691313638296,-0.16516500184030244,-6.270470619201661,-0.0729502906201024,0.0,0.0,0.0,0.0,0.012563988021081449,-0.3088419139385223,-5597.165987139844,-4749.110534542897
14.725000000000142,20.354510413275825,0.2689151300324334,-0.3380743853688636,-0.16410049438476562,-6.327519822120667,-0.074507569906337,0.0,0.0,0.0,0.0,0.013211574465433413,-0.291970819234848,-5648.089414991317,-4792.318291507784
14.750000000000142,20.338090260823567,0.283782250351376,-0.3451935143053498,-0.1633234249461781,-6.404065966606141,-0.0759221703371707,0.0,0.0,0.0,0.0,0.013953239793512677,-0.2782239615917206,-5716.41626035581,-4850.292584544323
14.775000000000142,20.321305592854817,0.2999438179863823,-0.3520135702514201,-0.16274039875377308,-6.493838465213776,-0.0771954734274188,0.0,0.0,0.0,0.0,0.01476006630655885,-0.2673599123954773,-5796.549252965412,-4918.284214637318
14.800000000000145,20.304137335883247,0.3170716431405809,-0.3585449728248394,-0.16225334514271128,-6.58682131767273,-0.0783302422067124,0.0,0.0,0.0,0.0,0.015616110051630914,-0.2554087340831756,-5879.547881102954,-4988.707293057051
14.825000000000143,20.28658125135634,0.334952606095208,-0.3647799988584466,-0.16177536675424287,-6.679174482822419,-0.0793282326968951,0.0,0.0,0.0,0.0,0.016511042543100426,-0.2431660890579223,-5961.984435896406,-5058.653460760586
14.850000000000144,20.268645816379124,0.3535048498047722,-0.3707020701744558,-0.16124326474738843,-6.766912472248078,-0.0801917793251101,0.0,0.0,0.0,0.0,0.017440970304937905,-0.2310254722833633,-6040.3013789165225,-5125.104200292805
14.875000000000144,20.25033738878038,0.3727444344096713,-0.3763450422082247,-0.16061686660304214,-6.847027039527894,-0.0809212482760073,0.0,0.0,0.0,0.0,0.01840682588410546,-0.2196941822767257,-6111.813480365472,-5185.7811348555515
14.900000000000144,20.231672922770183,0.3926495379871792,-0.3816717638625467,-0.15988608967174184,-6.922862887382508,-0.0815149542679592,0.0,0.0,0.0,0.0,0.019407665371322956,-0.2057256996631622,-6179.50629865537,-5243.217465525769
14.925000000000145,20.212663014729817,0.4131532708803813,-0.3866136254498385,-0.15908065925944936,-6.992323005199433,-0.0819709789927432,0.0,0.0,0.0,0.0,0.020440318555714265,-0.1886160224676132,-6241.507993985396,-5295.824964593668
14.950000000000143,20.193333095974392,0.4342406657007005,-0.3910942275363288,-0.15824851083033012,-7.054316830635071,-0.0822896595066848,0.0,0.0,0.0,0.0,0.02150415999364007,-0.1693405359983444,-6296.845105378355,-5342.777665169512
14.975000000000144,20.173695882161457,0.4557729760805766,-0.3950736892846933,-0.15740363484079187,-7.113024950027467,-0.0824697349694554,0.0,0.0,0.0,0.0,0.022592438130466356,-0.1484480947256088,-6349.249320147469,-5387.241847397851
15.000000000000146,20.153768327501083,0.4776329795519511,-0.39855896820328,-0.15829046538381866,-7.163134157657624,-0.0825084922856945,0.0,0.0,0.0,0.0,0.02369943783169279,-0.1305155754089355,-6393.977948925536,-5425.193411209544
15.025000000000146,20.13315200805664,0.4997483889261881,-0.4015727011613545,-0.19623481519294508,-7.209658002853394,-0.0824086820014654,0.0,0.0,0.0,0.0,0.02482216340125008,-0.1106768473982811,-6435.506200907661,-5460.429503800438
15.050000000000146,20.11119630601671,0.5219539999961853,-0.40413419607682,-0.24924196416681463,-7.252511203289033,-0.0821680778805443,0.0,0.0,0.0,0.0,0.02595340386787589,-0.0946731939911842,-6473.7579511325885,-5492.885534294316
15.075000000000149,20.0877316792806,0.5441128545337253,-0.4063397262230827,-0.30626334912849196,-7.293144142627717,-0.081787021140446,0.0,0.0,0.0,0.0,0.02708682409845946,-0.082255057990551,-6510.02784534556,-5523.659989990171
15.100000000000149,20.06273905436198,0.5661158429251777,-0.4082769761790336,-0.3628599733294863,-7.331167209148408,-0.0812657323241982,0.0,0.0,0.0,0.0,0.02821727588597104,-0.0730527266860008,-6543.968107182473,-5552.4577879124
15.125000000000147,20.03628412882487,0.5879075659645928,-0.4100166861611279,-0.41627790971235795,-7.364312243461609,-0.0806067996914854,0.0,0.0,0.0,0.0,0.02934214558870271,-0.0671241506934166,-6573.5541255161415,-5577.561076195513
15.150000000000148,20.00847710503472,0.6095625956853231,-0.4116538644412541,-0.4649380585641572,-7.390906310081482,-0.0798121373893409,0.0,0.0,0.0,0.0,0.03046521694206998,-0.0639334917068481,-6597.292599736667,-5597.702811897778
15.175000000000148,19.97945785522461,0.6311204698350694,-0.4131954019487328,-0.507986376213305,-7.414756155014039,-0.0788835555350684,0.0,0.0,0.0,0.0,0.03158846823614045,-0.0592346228659153,-6618.581518696958,-5615.766137076205
15.200000000000149,19.94937896728516,0.6525633732477824,-0.4145876692771126,-0.5450575857451467,-7.436155593395234,-0.0778230306935392,0.0,0.0,0.0,0.0,0.03271096179574894,-0.0519571118056774,-6637.683148530664,-5631.973580571471
15.225000000000149,19.91840150621202,0.673842363887363,-0.4157615241065923,-0.5762424168442235,-7.455113971233368,-0.0766317238365411,0.0,0.0,0.0,0.0,0.03383014262852415,-0.0418014451861381,-6654.605831699294,-5646.332220835763
15.25000000000015,19.886678059895832,0.6948841942681206,-0.416651619121924,-0.6018453979492188,-7.470870757102967,-0.0753107709687265,0.0,0.0,0.0,0.0,0.03494219558315515,-0.0294487345963716,-6668.670700397648,-5658.266048822246
15.27500000000015,19.854356977674698,0.7156348890728421,-0.417230257447771,-0.6224498309511127,-7.480828928947449,-0.0738623525532381,0.0,0.0,0.0,0.0,0.03604422393923613,-0.0172798354178667,-6677.5595931342405,-5665.808139629052
15.30000000000015,19.82156965467665,0.7360549767812093,-0.4174915468402214,-0.6386582253196023,-7.487712264060975,-0.0722885283787314,0.0,0.0,0.0,0.0,0.03713404082544726,-0.0036273289006203,-6683.7038160347565,-5671.021419665853
15.32500000000015,19.78843688964844,0.7560257779227363,-0.417387716847222,-0.6511582530628551,-7.49232977628708,-0.0705908776165089,0.0,0.0,0.0,0.0,0.038205431896352664,0.0118736810982227,-6687.825513423468,-5674.518617450214
15.35000000000015,19.755064646403,0.775408148765564,-0.4168763233388995,-0.6581219944809422,-7.494708335399628,-0.0687723422273375,0.0,0.0,0.0,0.0,0.03925110662225802,0.0284995920956134,-6689.948669877209,-5676.320083532177
15.375000000000153,19.72212685479058,0.7940282424290975,-0.4159863281921086,-0.6123477265329071,-7.496979415416718,-0.066833042885704,0.0,0.0,0.0,0.0,0.04026078162235454,0.0431811064481735,-6691.975888023612,-5678.0401474139735
15.400000000000151,19.69057295057509,0.8117168479495578,-0.4146544480414464,-0.5456889204545454,-7.496437931060791,-0.0647779917440038,0.0,0.0,0.0,0.0,0.04122362767132434,0.0644380152225494,-6691.492546660002,-5677.630039590304
15.425000000000152,19.660720825195312,0.8283130990134345,-0.4126897009472404,-0.47276409727154356,-7.491767263412476,-0.0626133348786899,0.0,0.0,0.0,0.0,0.04213035251240367,0.0935514643788337,-6687.323401521465,-5674.09258310912
15.450000000000152,19.6326658460829,0.8435650004280938,-0.4099176165685769,-0.40105777162494083,-7.483428287506104,-0.0603417354508526,0.0,0.0,0.0,0.0,0.0429674200662057,0.1287181228399276,-6679.879840241106,-5667.776834143967
15.475000000000152,19.60636986626519,0.8571986357371012,-0.4062042046131113,-0.33596068411162405,-7.466604888439179,-0.0579632371529784,0.0,0.0,0.0,0.0,0.04372041543559785,0.1689559370279312,-6664.86288812317,-5655.0351778014765
15.500000000000153,19.581695132785374,0.8689732021755643,-0.401454456808955,-0.2809785253351385,-7.4432439565658575,-0.0554847642039016,0.0,0.0,0.0,0.0,0.04437681192986474,0.2107379734516143,-6644.010384180508,-5637.342144153156
15.525000000000151,19.55844667222765,0.8785447147157457,-0.3956683065770807,-0.23777166193181817,-7.413134622573853,-0.0529031499386384,0.0,0.0,0.0,0.0,0.04491894113264374,0.2523997128009796,-6617.13410162535,-5614.5380256215085
15.550000000000152,19.536410437689888,0.88563515080346,-0.3888473185246289,-0.20651071606260357,-7.375678741931916,-0.0502261320885123,0.0,0.0,0.0,0.0,0.04533254221025586,0.2928407192230224,-6583.700122921194,-5586.1698012664665
15.575000000000154,19.51538297865126,0.8899333741929796,-0.3810502153536358,-0.18602174932306462,-7.332358241081239,-0.0474567379186688,0.0,0.0,0.0,0.0,0.04560163513913701,0.3304959237575531,-6545.031249620877,-5553.359848163167
15.600000000000154,19.49524773491753,0.891231894493103,-0.3722902795800382,-0.16821463151411575,-7.274923515319824,-0.0445992576151762,0.0,0.0,0.0,0.0,0.0457153408159485,0.3703402876853943,-6493.763695232205,-5509.860105045505
15.625000000000156,19.47618908352322,0.8894378609127469,-0.3625367849827592,-0.13692852251457446,-7.203840696811676,-0.0416601805525971,0.0,0.0,0.0,0.0,0.045667961894311646,0.4099768698215484,-6430.313540022882,-5456.023609716383
15.650000000000157,19.45882797241211,0.8843712011973063,-0.3518156973824272,-0.06512508507930871,-7.123455095291138,-0.0386476876289052,0.0,0.0,0.0,0.0,0.045448328257546126,0.4476737380027771,-6358.559507190205,-5395.141400040174
15.675000000000155,19.445247650146484,0.875864757431878,-0.3401944280441348,0.16398989937522196,-7.026016533374787,-0.0355732137920308,0.0,0.0,0.0,0.0,0.045042612631641124,0.4849739968776703,-6271.583610528806,-5321.343669539593
15.700000000000156,19.43929036458333,0.8640894624922011,-0.3273782981932647,0.5251867398348722,-6.900795209407807,-0.0324551681430092,0.0,0.0,0.0,0.0,0.04445066904636066,0.5434533357620239,-6159.808182823855,-5226.503912699028
15.725000000000156,19.442899492051865,0.8488414684931437,-0.3128659677546095,0.93811103589607,-6.76076455116272,-0.0293100529179232,0.0,0.0,0.0,0.0,0.04365817294072547,0.6204649806022644,-6034.813603455904,-5120.447905962584
15.750000000000156,19.45690155029297,0.8296918869018555,-0.2961954448580678,1.3660440710819128,-6.592418992519379,-0.0261437676427657,0.0,0.0,0.0,0.0,0.04264254947054314,0.715894877910614,-5884.544494142298,-4992.946843514676
15.775000000000157,19.481256273057724,0.806332164340549,-0.2770123626310908,1.7744244199810606,-6.399499273300171,-0.0229522208282525,0.0,0.0,0.0,0.0,0.04139015231043872,0.8189618587493896,-5712.339925101546,-4846.833875843736
15.800000000000155,19.515397813585068,0.7780075073242188,-0.2552553851448226,2.1489506392045454,-6.191684353351594,-0.019726743676976,0.0,0.0,0.0,0.0,0.03986634117100251,0.9200896620750428,-5526.839558032694,-4689.439624997436
15.825000000000156,19.55820507473416,0.7439651754167345,-0.2310497974837947,2.4527051890980114,-5.9583121895790105,-0.0164713673409769,0.0,0.0,0.0,0.0,0.0380385200264522,1.0131547451019287,-5318.526208566838,-4512.688904238528
15.850000000000158,19.608020782470703,0.7038431697421603,-0.2047140138458397,2.686190888375947,-5.701817417144776,-0.0131696894527133,0.0,0.0,0.0,0.0,0.03589567644539556,1.0922945737838743,-5089.573087926771,-4318.425650362108
15.875000000000158,19.66332329644097,0.6571254465315077,-0.176537270170097,2.85578125,-5.426989281177521,-0.0098269122789121,0.0,0.0,0.0,0.0,0.0334188395636279,1.156866192817688,-4844.25518623141,-4110.277127711499
15.900000000000158,19.722699059380425,0.6038774384392632,-0.1469928268270305,2.9661083244554924,-5.106546199321747,-0.0065570967464149,0.0,0.0,0.0,0.0,0.03061839744251686,1.2059857845306396,-4558.220336935559,-3867.5808919453225
15.92500000000016,19.784895579020183,0.5444688929451836,-0.1164548496274178,3.0308614464962123,-4.743771833181381,-0.0032618565429416,0.0,0.0,0.0,0.0,0.027519422115249173,1.2308194637298584,-4234.39961174961,-3592.8239129996687
15.95000000000016,19.848948584662544,0.4797989461157057,-0.0855745480368107,3.0606769353693175,-4.332143837213517,-0.0001228116476615,0.0,0.0,0.0,0.0,0.024172511912618412,1.2383387088775637,-3866.971015348787,-3281.0663160535155
15.97500000000016,19.91387261284722,0.4111016790072123,-0.0548962513760753,3.057027033025568,-3.852502310276032,0.0029270306799099,0.0,0.0,0.0,0.0,0.020643984572945116,1.2111492156982422,-3438.831980238196,-2917.7968317172567
16.00000000000016,19.97919294569228,0.3402520881758796,-0.0252310628058981,3.0442547792376895,-3.310635352134705,0.0057711915369115,0.0,0.0,0.0,0.0,0.017030321950479058,1.1521989107131958,-2955.149097110405,-2507.3992339118586
16.02500000000016,20.04452175564236,0.2693071299129062,0.0025919087872776,3.026696407433712,-2.7330131947994234,0.008436913578871,0.0,0.0,0.0,0.0,0.013435448008985225,1.0705599784851074,-2439.550302570961,-2069.9214688480874
16.050000000000157,20.10946485731337,0.2000610861513349,0.0279471646256156,2.9880263819839015,-2.116608899831772,0.0109018683846725,0.0,0.0,0.0,0.0,0.009948603186154757,0.9554736614227296,-1889.3336818990165,-1603.0710028234075
16.075000000000156,20.17371071709527,0.1344359748893314,0.0504123453053577,2.9587389026988635,-1.4921677678823473,0.0131856892251998,0.0,0.0,0.0,0.0,0.006663919036739727,0.8402799963951111,-1331.9431960851446,-1130.1336209207286
16.100000000000154,20.23729748196072,0.0738592776987287,0.0699284683102168,2.9276228841145833,-0.8727274805307389,0.0153905572222305,0.0,0.0,0.0,0.0,0.003649661115302869,0.720295786857605,-779.0165789327662,-660.9837639429529
16.125000000000153,20.30018064710829,0.0194999203085899,0.0865428317972715,2.9129768140388257,-0.2670726466923952,0.0175606720073331,0.0,0.0,0.0,0.0,0.0009605786592528483,0.60952228307724,-238.39517397378557,-202.27469306866652
16.15000000000015,20.36253399319119,-0.0276838346487946,0.1004787459851142,2.900904873934659,0.3182121239602566,0.0197285719994822,0.0,0.0,0.0,0.0,-0.0013595476210402646,0.5075951218605042,284.04344507599956,241.00655945842382
16.17500000000015,20.424953036838108,-0.0671318959858682,0.1120567972123417,2.9448746744791667,0.8737875223159791,0.0220508281842339,0.0,0.0,0.0,0.0,-0.0032867588906956226,0.4222527742385864,779.9627965590995,661.7866152622661
16.20000000000015,20.48857582939996,-0.0985032568375269,0.1217935804737804,3.0297864879261365,1.4034621745347975,0.0245609636219583,0.0,0.0,0.0,0.0,-0.004807716146682106,0.3599655330181122,1252.7625475970447,1062.950040385371
16.225000000000147,20.55416531032986,-0.1218443695041868,0.1301898199886356,3.150597774621212,1.8925183445215223,0.0272341708630715,0.0,0.0,0.0,0.0,-0.005927964851141474,0.3159032464027405,1689.3053091671622,1433.3499592933495
16.250000000000146,20.62236997816298,-0.1377571125825246,0.1377323083146604,3.2898683860085227,2.3381310552358627,0.0299615651099894,0.0,0.0,0.0,0.0,-0.00667998453758688,0.2892896831035614,2087.0694419277497,1770.8467992114238
16.275000000000144,20.69324705335829,-0.147047307756212,0.144727808319918,3.417523896188447,2.7363614022731784,0.0327472981892395,0.0,0.0,0.0,0.0,-0.007106052876914152,0.2729541659355163,2442.5389894061404,2072.4573243446034
16.300000000000143,20.76662275526259,-0.1507480276955498,0.1513595954216766,3.5468109315814393,3.0838483273983006,0.0355892073227335,0.0,0.0,0.0,0.0,-0.0072591499095512714,0.2589338719844818,2752.7137938825817,2335.6359463246145
16.32500000000014,20.84234873453776,-0.1499319407675001,0.1577532626324684,3.659656797466856,3.39175665974617,0.0383912314577144,0.0,0.0,0.0,0.0,-0.007193620194975846,0.2534268498420715,3027.559838084901,2568.8386504962796
16.35000000000014,20.91991212632921,-0.145430283413993,0.1640439487328581,3.744365974195075,3.663616853952408,0.041187386235324,0.0,0.0,0.0,0.0,-0.006951763589434899,0.2488908469676971,3270.2284868476822,2774.7393221737907
16.37500000000014,20.99880854288737,-0.1381422827641169,0.170150743559978,3.8103062855113636,3.8989137113094334,0.043973720606414,0.0,0.0,0.0,0.0,-0.006578577183652064,0.239584818482399,3480.259861980306,2952.947761680259
16.400000000000137,21.078552669949,-0.128835572136773,0.1760408070086358,3.850283720999053,4.102530813217164,0.0467068250452161,0.0,0.0,0.0,0.0,-0.006112164063353819,0.2330942004919052,3662.013160322534,3107.162681485786
16.425000000000136,21.15861044989692,-0.1181926495499081,0.1818718315048779,3.871735247987689,4.278361064195633,0.0493871447989749,0.0,0.0,0.0,0.0,-0.0055860307948759425,0.2321024984121322,3818.963277794299,3240.3324781284955
16.450000000000134,21.238685184054905,-0.1070901006460189,0.187655418444203,3.878499053030303,4.413712584972382,0.0520249163931305,0.0,0.0,0.0,0.0,-0.005042218937658983,0.230491891503334,3939.781151667971,3342.8446135364597
16.475000000000133,21.31844202677409,-0.0965124368667602,0.1934849782018456,3.8701199988162878,4.517096084356308,0.0545997583229654,0.0,0.0,0.0,0.0,-0.0045271805859710135,0.2355965673923492,4032.0636359541145,3421.1449032337937
16.50000000000013,21.39769024319119,-0.0872406860192616,0.1994773070363624,3.85640625,4.597017598152161,0.0571019313251494,0.0,0.0,0.0,0.0,-0.0040771076236614774,0.2443603277206421,4103.403413432544,3481.675623518521
16.52500000000013,21.476353539360893,-0.0798842807610829,0.2057538450934612,3.840523866595644,4.661248624324799,0.0595194345300202,0.0,0.0,0.0,0.0,-0.0037196389328697996,0.2571081221103668,4160.73750154894,3530.3227285869784
16.55000000000013,21.55442343817817,-0.0749947710169686,0.212340208653877,3.824927275686553,4.715803611278535,0.061843895624901,0.0,0.0,0.0,0.0,-0.00347932159874592,0.2700594961643219,4209.434534985512,3571.64142362407
16.575000000000127,21.63193172878689,-0.0727977355321248,0.2192674235443094,3.812051964962121,4.7749121487140656,0.0640646744489991,0.0,0.0,0.0,0.0,-0.0033652905549460734,0.2837644219398498,4262.196172089851,3616.4088732883574
16.600000000000126,21.70892927381728,-0.0733021481169594,0.2265256693582386,3.802666903409091,4.84380858540535,0.0661735443312595,0.0,0.0,0.0,0.0,-0.00337658975218864,0.2961864173412323,4323.694712710186,3668.5894532086418
16.625000000000124,21.785479651557075,-0.0764115734232796,0.234031955338195,3.7963732540246213,4.922452032566071,0.0681695024250845,0.0,0.0,0.0,0.0,-0.0035074542606096915,0.3022256791591644,4393.893658577419,3728.1521951565974
16.650000000000123,21.8616337246365,-0.0820433431201511,0.2415731453731883,3.7934239612926137,5.008576083183289,0.0700516083017139,0.0,0.0,0.0,0.0,-0.0037528459287877514,0.3000930845737457,4470.769962775904,3793.380574476524
16.67500000000012,21.93745295206706,-0.0899748173024919,0.2489848724896902,3.7933132842092805,5.101619100570679,0.0718150599488073,0.0,0.0,0.0,0.0,-0.004101424969392995,0.2913144826889038,4553.822295509402,3863.8492204322188
16.70000000000012,22.01297971937392,-0.0999994162056181,0.2560913181214849,3.795273067589962,5.197898757457733,0.0734570943367337,0.0,0.0,0.0,0.0,-0.004542747846063169,0.2760273516178131,4639.763726943829,3936.76922286143
16.72500000000012,22.08824793497721,-0.1118682076533635,0.2627526663113433,3.7986552290482956,5.295796442031861,0.0749764277386239,0.0,0.0,0.0,0.0,-0.005064603040615902,0.2558340430259704,4727.149447026802,4010.91468232577
16.750000000000117,22.162960900200737,-0.1257858094241884,0.2686229224993936,3.7543234345407197,5.325451910495758,0.076554046917684,0.0,0.0,0.0,0.0,-0.00567549660853524,0.2031305730342865,4753.620598794984,4033.3750535230165
16.775000000000116,22.236385345458984,-0.1432196133666568,0.2727480591593855,3.7209792998342803,5.316653227806092,0.0780495991232776,0.0,0.0,0.0,0.0,-0.00644077763276865,0.1266970485448837,4745.766692689208,4026.7111331908427
16.800000000000114,22.309193081325954,-0.162702997525533,0.2751319545196563,3.719108812736742,5.358401846885681,0.0793164232419363,0.0,0.0,0.0,0.0,-0.007293091997205606,0.0698219686746597,4783.032468244678,4058.330579116696
16.825000000000113,22.38208770751953,-0.1820496055814955,0.2765709769699238,3.7548140092329545,5.459079384803772,0.0803132735662774,0.0,0.0,0.0,0.0,-0.008133718711160878,0.0519184134900569,4872.899549222384,4134.58143570384
16.85000000000011,22.455757988823784,-0.1996724307537078,0.278037796164069,3.816282478101326,5.603829777240754,0.0810572941958183,0.0,0.0,0.0,0.0,-0.008891814333458913,0.0720699727535247,5002.107071651788,4244.212060795455
16.87500000000011,22.53032048543294,-0.2148959537347158,0.2804651176948649,3.865504853219697,5.772424173355103,0.0816328199521412,0.0,0.0,0.0,0.0,-0.009538077981343299,0.1254764795303344,5152.598299003039,4371.90158703288
16.90000000000011,22.605181799994572,-0.228313985798094,0.2843164813947966,3.882078524502841,5.919517493247986,0.0821214684002787,0.0,0.0,0.0,0.0,-0.010100072975221497,0.1789422780275344,5283.897172251686,4483.30669160749
16.925000000000107,22.67980363633897,-0.2416798306836022,0.2890788126351036,3.8778944720643937,6.005605328083039,0.082564168997234,0.0,0.0,0.0,0.0,-0.010656169451853981,0.1934972554445266,5360.741149411829,4548.507641925186
16.950000000000106,22.753957112630207,-0.2568538321389092,0.2935631098576062,3.861288026751894,6.024585902690888,0.0829657861731855,0.0,0.0,0.0,0.0,-0.011288314857389596,0.1578723341226577,5377.68364592654,4562.8830935134265
16.975000000000104,22.82747480604384,-0.2748901645342509,0.2966872641323782,3.8315580610795457,5.995056021213532,0.0833042905924914,0.0,0.0,0.0,0.0,-0.012042075037641507,0.0883627459406852,5351.324595984866,4540.517839017462
17.000000000000103,22.900123596191406,-0.2957184447182549,0.2979073248067708,3.792042865175189,5.949317824840546,0.083535057662136,0.0,0.0,0.0,0.0,-0.012913399505295107,0.0091616418212652,5310.497632173242,4505.876778813658
17.0250000000001,22.97187805175781,-0.3182330727577209,0.2972427662462551,3.7606069483901514,5.922915935516357,0.0835927359056822,0.0,0.0,0.0,0.0,-0.01385315872044557,-0.0585316456854343,5286.930699817471,4485.880593784519
17.0500000000001,23.043081495496963,-0.3407904836866591,0.2951747217912677,3.75486601858428,5.93285950422287,0.0834219773455377,0.0,0.0,0.0,0.0,-0.014789275633697505,-0.1027156636118888,5295.806557457956,4493.411624509779
17.0750000000001,23.11439514160156,-0.3617713848749797,0.2923450798435449,3.7839554480350377,5.983693027496338,0.0830069861074869,0.0,0.0,0.0,0.0,-0.015651345521209822,-0.1183663308620452,5341.181727002879,4531.911768366079
17.100000000000097,23.186475965711807,-0.3799551725387573,0.2895179678988576,3.8359074633049244,6.0680255651474,0.082376162307842,0.0,0.0,0.0,0.0,-0.016386930601296874,-0.1025592237710952,5416.458885611081,4595.7832968821285
17.125000000000096,23.259478674994572,-0.3948525587717692,0.2874289510502859,3.879359685724432,6.167937314510346,0.0815946202352554,0.0,0.0,0.0,0.0,-0.01697598490013712,-0.0618707127869129,5505.642406148989,4671.454162793081
17.150000000000095,23.33293279012044,-0.4069695538944668,0.2864199126027685,3.8923722330729165,6.2487312197685245,0.0807292510061694,0.0,0.0,0.0,0.0,-0.017441851718991135,-0.0218524038791656,5577.76090026879,4732.645612349275
17.175000000000093,23.406300014919704,-0.4177311062812805,0.2860756324528485,3.8846335671164773,6.278587627410889,0.0798076183378662,0.0,0.0,0.0,0.0,-0.01784695171876842,-0.0121405776590108,5604.411414959393,4755.258170268575
17.20000000000009,23.47936842176649,-0.4286594192186991,0.2854901031976809,3.866427334872159,6.25284287929535,0.0788280910441783,0.0,0.0,0.0,0.0,-0.01825685476366185,-0.0402709543704986,5581.43106192839,4735.759688908936
17.22500000000009,23.55202145046658,-0.4405817058351304,0.2838506945201418,3.8395630622632577,6.190004992485047,0.0777703125875232,0.0,0.0,0.0,0.0,-0.018706746966995574,-0.093344360589981,5525.340521980506,4688.167715619822
17.25000000000009,23.624180687798397,-0.4533656438191731,0.2807772068851086,3.811516779119318,6.118853831291199,0.0765886721730443,0.0,0.0,0.0,0.0,-0.01919074569444565,-0.1517561376094818,5461.829362521406,4634.2794591090715
17.275000000000087,23.69596905178494,-0.4660764005449083,0.2763553940796819,3.7953903290719695,6.065413355827332,0.0752355117007966,0.0,0.0,0.0,0.0,-0.019669016258687267,-0.1991174221038818,5414.127167619644,4593.804869495455
17.300000000000086,23.76779344346788,-0.4774127735031975,0.2709887749432791,3.8038916015625,6.041349720954895,0.0736771421829907,0.0,0.0,0.0,0.0,-0.020086541674082293,-0.2261916249990463,5392.647414852362,4575.579624723215
17.325000000000085,23.84023878309462,-0.486198365688324,0.2652415900871041,3.838989479758523,6.0477675080299385,0.0719145768691976,0.0,0.0,0.0,0.0,-0.02039402248072669,-0.2294849753379821,5398.3760788890195,4580.44030936038
17.350000000000083,23.9137331644694,-0.4916260639826457,0.259712651282261,3.8836033676609847,6.078192269802094,0.0699821351673711,0.0,0.0,0.0,0.0,-0.020558315199113077,-0.2091944515705108,5425.533919520066,4603.483325653388
17.37500000000008,23.988187577989365,-0.4935205313894484,0.2549176463843302,3.9105354817708333,6.113588523864746,0.067937601431382,0.0,0.0,0.0,0.0,-0.02057348141809112,-0.1732931584119796,5457.129428269433,4630.291636107398
17.40000000000008,24.063057369656036,-0.4925809635056389,0.2509787645530757,3.909357540246212,6.123699736595154,0.065827595544469,0.0,0.0,0.0,0.0,-0.0204704230197611,-0.1452095657587051,5466.1549288132155,4637.949636568788
17.42500000000008,24.13789961073134,-0.4901168412632412,0.2474028049993718,3.8918852095170453,6.084750831127167,0.0636653167987849,0.0,0.0,0.0,0.0,-0.020304867000330996,-0.1470268666744232,5431.3882418831845,4608.450629476641
17.450000000000077,24.21255111694336,-0.4873593317137824,0.2433847607047148,3.86733428030303,6.001179993152618,0.061450694454113,0.0,0.0,0.0,0.0,-0.020128375955094632,-0.1778702437877655,5356.79099388787,4545.15599481395
17.475000000000076,24.28694831000434,-0.4847252700063917,0.2383881045779945,3.8398336884469697,5.894322407245636,0.0591596976428047,0.0,0.0,0.0,0.0,-0.019958261689333873,-0.2227075546979904,5261.407460238113,4464.224511717186
17.500000000000075,24.36112509833442,-0.4818893803490532,0.2322562094576006,3.8168948271780305,5.786488163471223,0.056757642852851,0.0,0.0,0.0,0.0,-0.01978108065222325,-0.2662952244281769,5165.152139360789,4382.553330366729
17.525000000000073,24.435289171006943,-0.4780727293756273,0.2251280091286513,3.8070993874289774,5.688136613368989,0.0542099797302971,0.0,0.0,0.0,0.0,-0.019564848446437542,-0.3011389374732971,5077.361288490843,4308.064123567987
17.55000000000007,24.5097902086046,-0.4723560478952195,0.2173529769051923,3.8138554243607956,5.612152397632599,0.0515110448966375,0.0,0.0,0.0,0.0,-0.01927213753667261,-0.3170234560966491,5009.5360336245085,4250.51542246928
17.57500000000007,24.584903717041016,-0.4638795389069451,0.2094394603050491,3.826962890625,5.556797742843628,0.0486728766722373,0.0,0.0,0.0,0.0,-0.018868470840721952,-0.3123771548271179,4960.125198325173,4208.591077366813
17.60000000000007,24.66056399875217,-0.4523400134510464,0.2018333224289714,3.8294174656723485,5.500339090824127,0.0457316420330563,0.0,0.0,0.0,0.0,-0.018342646724297744,-0.2966037392616272,4909.728909760225,4165.830590099585
17.625000000000068,24.736508263481987,-0.4381966922018263,0.194569317529185,3.8189345111268937,5.424089097976685,0.0427279729110698,0.0,0.0,0.0,0.0,-0.017714573436733886,-0.286232590675354,4841.6664161447625,4108.080595516767
17.650000000000066,24.812501271565758,-0.4223999049928453,0.1874174650008044,3.799232362689394,5.299408090114594,0.0396864265643608,0.0,0.0,0.0,0.0,-0.017023672880448395,-0.289798766374588,4730.373286995732,4013.6500616933477
17.675000000000065,24.888451894124348,-0.4060489932696025,0.1798014734286935,3.775595185250947,5.12788372039795,0.0366316830060936,0.0,0.0,0.0,0.0,-0.01631475493120013,-0.3229856789112091,4577.266697961777,3883.7414406948405
17.700000000000063,24.96432622273763,-0.3895680109659831,0.1711422217890577,3.7524680397727272,4.9330229520797735,0.033545488139531,0.0,0.0,0.0,0.0,-0.015604987993273483,-0.3701302111148834,4403.3295039466175,3736.1583669850083
17.725000000000062,25.04014333089193,-0.3726471132702297,0.1612450829404826,3.7293426698626893,4.7216106951236725,0.0304234446279824,0.0,0.0,0.0,0.0,-0.014881988028019648,-0.4223867058753967,4214.618071303016,3576.0395756510434
17.75000000000006,25.11582692464193,-0.3549302617708842,0.1501185789984565,3.6989470880681816,4.497642660140992,0.0272462903266259,0.0,0.0,0.0,0.0,-0.014131737045163779,-0.4657035171985626,4014.6990630274922,3406.411326205144
17.77500000000006,25.191266801622177,-0.3358172708087497,0.1380421254955991,3.668785585345644,4.272379326820374,0.0239981825478676,0.0,0.0,0.0,0.0,-0.01333070200293083,-0.4961780309677124,3813.623841727367,3235.80204752625
17.800000000000058,25.266422695583767,-0.3150216738382975,0.1253208874033199,3.6354239908854167,4.028942096233369,0.0207446818679019,0.0,0.0,0.0,0.0,-0.012467996662359293,-0.5202785730361938,3596.3261826214252,3051.4282761636327
17.825000000000056,25.340972476535374,-0.2925812866952684,0.112078443718577,3.581505459872159,3.764798200130463,0.0174923291560076,0.0,0.0,0.0,0.0,-0.01154577974330645,-0.5395934581756592,3360.545278641045,2851.371751574219
17.850000000000055,25.41466606987847,-0.2687520285447438,0.0983032013682501,3.522037908380682,3.4694710552692416,0.0143438579318291,0.0,0.0,0.0,0.0,-0.010574682657871684,-0.564739465713501,3096.9294911378724,2627.6977500563758
17.875000000000053,25.487185584174263,-0.2438467906581031,0.0838507670869865,3.4423877692945077,3.149326753616333,0.0112842254963968,0.0,0.0,0.0,0.0,-0.00956742712343707,-0.5906712412834167,2811.16133990835,2385.2278035585996
17.900000000000052,25.55828306410048,-0.2180095513661702,0.0688484191689459,3.3716471354166666,2.8072146594524385,0.0082776614870965,0.0,0.0,0.0,0.0,-0.008529898147672896,-0.6079346537590027,2505.7842329046766,2126.1199551918467
17.92500000000005,25.627996656629776,-0.1913046174579196,0.0535031226815304,3.2958365885416665,2.454632407426834,0.0054034099006317,0.0,0.0,0.0,0.0,-0.0074646731081272595,-0.6181014180183411,2191.0612226949365,1859.0822495593397
17.95000000000005,25.69617165459527,-0.1636833283636305,0.0380052936426806,3.2123898407907197,2.0990386962890626,0.0026098639285782,0.0,0.0,0.0,0.0,-0.006369949989587608,-0.6207895874977112,1873.6501149662206,1589.7637339107325
17.975000000000048,25.762454138861763,-0.1351703206698099,0.0225078183049131,3.108343320904356,1.7350877553224564,-8.108883392938435e-05,0.0,0.0,0.0,0.0,-0.005246795198207076,-0.6154949069023132,1548.7791520870123,1314.1156441950407
18.000000000000046,25.82653045654297,-0.1061339179674784,0.0072930947332091,3.018542628432765,1.3558486431837082,-0.0026753614367488,0.0,0.0,0.0,0.0,-0.004109491909726888,-0.601507306098938,1210.2616167434905,1026.888644509628
18.025000000000045,25.88918897840712,-0.0769954671462376,-0.0075652796794395,2.974177616003788,0.9711120337247848,-0.005225960717161,0.0,0.0,0.0,0.0,-0.002974039364865994,-0.5871592164039612,866.8368891199104,735.4979665259846
18.050000000000043,25.951107872856987,-0.0480302754375669,-0.0220691665450526,2.9482057143702654,0.5827592857182027,-0.0077496142493968,0.0,0.0,0.0,0.0,-0.0018507986507891306,-0.5732594728469849,520.1843132353465,441.3685081996879
18.07500000000004,26.012482113308376,-0.0195047631859779,-0.0362198688359995,2.9246068596117425,0.1901793673634529,-0.0102424931054581,0.0,0.0,0.0,0.0,-0.0007498232233670224,-0.5572158694267273,169.7584680809838,144.03748806871351
18.10000000000004,26.073118845621742,0.008280304674473,-0.049940849279116,2.8886865234375,-0.2046815063804388,-0.0127199065117341,0.0,0.0,0.0,0.0,0.000317580137746484,-0.5405637621879578,-182.70341020352285,-155.02107532420118
18.12500000000004,26.132560306125217,0.0350964441895484,-0.0632349041935468,2.828761319247159,-0.5978580541908741,-0.015245996989161,0.0,0.0,0.0,0.0,0.0013430159072979212,-0.5233986973762512,-533.6618205031656,-452.80396891177674
18.15000000000004,26.190109252929688,0.0607126330335935,-0.0761400418814744,2.7365277284564393,-0.992787617444992,-0.0178593288788287,0.0,0.0,0.0,0.0,0.002318151193920737,-0.5098051428794861,-886.1850126209807,-751.9145561632562
18.17500000000004,26.244943406846787,0.084885847237375,-0.0887821507998646,2.6086904444839014,-1.390193909406662,-0.0205877306536824,0.0,0.0,0.0,0.0,0.0032343696048980604,-0.5025394558906555,-1240.9189896261107,-1052.9009608948816
18.200000000000035,26.29671308729384,0.1075183600187301,-0.1012641454800922,2.4869099934895833,-1.7836411446332934,-0.0234323877324965,0.0,0.0,0.0,0.0,0.004088661562447563,-0.4958052039146423,-1592.1190217259482,-1350.888866918986
18.225000000000037,26.34503894382053,0.1286893751886156,-0.1135896628015208,2.339020589192708,-2.171299842000008,-0.0262857380557048,0.0,0.0,0.0,0.0,0.004884766937070741,-0.490547239780426,-1938.152072080335,-1644.492667219678
18.250000000000032,26.389389038085938,0.14854297041893,-0.1258143711533116,2.1625870398319127,-2.547407311201096,-0.0291193924301168,0.0,0.0,0.0,0.0,0.005628890089291133,-0.489003449678421,-2273.8742310639295,-1929.347832417879
18.27500000000003,26.42875035603841,0.1674491001500023,-0.1380229507357505,1.930942900686553,-2.906005471944809,-0.0320230806591169,0.0,0.0,0.0,0.0,0.006335869002286888,-0.4876856207847595,-2593.9671794654896,-2200.941849243445
18.30000000000003,26.461783515082463,0.1857878433333503,-0.1502297826187241,1.6457852450284092,-3.2545499563217164,-0.0348654870547207,0.0,0.0,0.0,0.0,0.007020987199425032,-0.4889437556266784,-2905.0859856019256,-2464.9214423289063
18.325000000000028,26.48753060234917,0.203788032134374,-0.1625073047838824,1.3283622602982954,-3.596465784311295,-0.0376659871541558,0.0,0.0,0.0,0.0,0.007693734655517494,-0.493872582912445,-3210.2879009139347,-2723.8806431997014
18.350000000000023,26.505470275878903,0.2218329575326707,-0.1749231115886431,1.0076978278882576,-3.920993363857269,-0.0404848256144097,0.0,0.0,0.0,0.0,0.008369327358607482,-0.501422643661499,-3499.968666590628,-2969.6703837738655
18.375000000000025,26.51601367526584,0.2404434813393486,-0.1877197837187988,0.7261706912878788,-4.232891565561295,-0.0432296271560621,0.0,0.0,0.0,0.0,0.009067859305097375,-0.5218132138252258,-3778.376159751025,-3205.8949234251118
18.400000000000023,26.52023951212565,0.2603395283222198,-0.2010669478910307,0.5006972804214015,-4.526973062753678,-0.0459388963031079,0.0,0.0,0.0,0.0,0.009816635637969511,-0.5441410541534424,-4040.8800535563573,-3428.6254999872112
18.425000000000026,26.519417232937283,0.2823290228843689,-0.2148608406913666,0.3321204676772609,-4.801795649528504,-0.0486077062075306,0.0,0.0,0.0,0.0,0.01064612470193027,-0.5586045980453491,-4286.193001915198,-3636.7698198068338
18.45000000000002,26.514786614312065,0.3068780236774021,-0.2290018266055238,0.21969282901648318,-5.069847345352173,-0.051206000599715,0.0,0.0,0.0,0.0,0.011573844743361292,-0.5725562572479248,-4525.462097613538,-3839.786022217547
18.47500000000002,26.507525973849827,0.3345329562822978,-0.2434809341095802,0.1578660826249556,-5.318505489826203,-0.0537453891975382,0.0,0.0,0.0,0.0,0.012620300989700843,-0.581186830997467,-4747.420064279291,-4028.113993933943
18.500000000000018,26.49863772922092,0.3656915823618571,-0.2579691296508566,0.13650526162349816,-5.5587580680847175,-0.0562145930976648,0.0,0.0,0.0,0.0,0.013800391782351776,-0.5780420303344727,-4961.875029626442,-4210.075782713343
18.525000000000016,26.488853030734592,0.4003719488779704,-0.2723054917204848,0.1432981572006688,-5.7918031215667725,-0.0586014595470267,0.0,0.0,0.0,0.0,0.015114733296055711,-0.5656473636627197,-5169.896392939521,-4386.578757645653
18.55000000000001,26.478186713324654,0.4386568731731838,-0.2860876832567811,0.10997406670541475,-6.004998421669007,-0.0608986773361938,0.0,0.0,0.0,0.0,0.016566726336756207,-0.5346630811691284,-5360.199410817662,-4548.047984936198
18.575000000000014,26.46548377143012,0.4804604252179463,-0.299008408759464,0.047213713906028056,-6.207876312732697,-0.0631055494659746,0.0,0.0,0.0,0.0,0.018154227950921132,-0.4973780810832977,-5541.292872595007,-4701.703043413944
18.60000000000001,26.45055347018772,0.5253743131955465,-0.310938571494692,-0.011870847759824811,-6.401577591896058,-0.0652062384502615,0.0,0.0,0.0,0.0,0.019862507368236856,-0.4540306031703949,-5714.195079979351,-4848.407946649145
18.62500000000001,26.43357806735569,0.5730217695236206,-0.3217689152787444,-0.05803910226532907,-6.575696063041687,-0.0671981872382891,0.0,0.0,0.0,0.0,0.021677798142328578,-0.4144375622272491,-5869.617223485572,-4980.281280533211
18.65000000000001,26.414941151936848,0.6232362323337131,-0.3317346305253891,-0.08038850495309541,-6.735765147209168,-0.0690772637691786,0.0,0.0,0.0,0.0,0.023594079909128055,-0.3821456432342529,-6012.498561730152,-5101.513931164976
18.675000000000008,26.395083533393013,0.6757143470976088,-0.3408057566723625,-0.09564084920016203,-6.884694373607636,-0.0708356741355522,0.0,0.0,0.0,0.0,0.025600007904606453,-0.3427637815475464,-6145.436207261242,-5214.3095091913565
18.700000000000006,26.373926798502605,0.7301556401782565,-0.3489655823838244,-0.11564241900588527,-7.016886067390442,-0.0724760398866082,0.0,0.0,0.0,0.0,0.027684752663365682,-0.3108846843242645,-6263.433547039502,-5314.428464154727
18.725000000000005,26.35144551595052,0.7862824201583862,-0.3562876774848882,-0.13412368427623403,-7.141319406032562,-0.0739931928253559,0.0,0.0,0.0,0.0,0.029838303165663143,-0.2750879228115082,-6374.505600958574,-5408.6714189951535
18.750000000000004,26.32770326402452,0.8437405692206489,-0.3627100569011825,-0.14954842596343068,-7.254967451095582,-0.0753852520942755,0.0,0.0,0.0,0.0,0.03204763289677371,-0.2415885478258133,-6475.950454297615,-5494.745840010096
18.775,26.30277633666992,0.9023485581080118,-0.3684402807501651,-0.1614854029453162,-7.352002382278443,-0.0766485558468682,0.0,0.0,0.0,0.0,0.03430620960153191,-0.216506153345108,-6562.566060902644,-5568.237869856788
18.8,26.2767579820421,0.96194326877594,-0.3734980564239027,-0.169945606173891,-7.442762053012848,-0.0777826255463756,0.0,0.0,0.0,0.0,0.036608141287191726,-0.1890661120414734,-6643.5802260090095,-5636.9771614621895
18.825,26.249732971191406,1.0221970743603177,-0.3779019927605123,-0.1752149892575813,-7.526551938056946,-0.0787857426216568,0.0,0.0,0.0,0.0,0.03894123705876018,-0.1653537303209304,-6718.373000445914,-5700.437697348047
18.85,26.221786075168183,1.0830085807376435,-0.381753622776553,-0.17783295210563776,-7.597022593021394,-0.0796553895532438,0.0,0.0,0.0,0.0,0.04130186165172188,-0.1429952532052993,-6781.276724426474,-5753.810554058826
18.875,26.19299146864149,1.144183079401652,-0.3850471208071404,-0.1782907323403792,-7.663832533359528,-0.0803928521486003,0.0,0.0,0.0,0.0,0.043682795100799365,-0.121061660349369,-6840.912810515187,-5804.410869528036
18.899999999999995,26.163414849175343,1.2054423491160076,-0.3877978666075696,-0.1771833670500553,-7.723139965534211,-0.0809937736426307,0.0,0.0,0.0,0.0,0.046073586191444825,-0.1002441048622131,-6893.851985628488,-5849.3289575029585
18.924999999999997,26.13311555650499,1.2667193677690294,-0.3900622859034366,-0.17505361831549443,-7.773012018203736,-0.0814596936753401,0.0,0.0,0.0,0.0,0.04847180830889185,-0.0813269913196563,-6938.368924445794,-5887.10090559037
18.949999999999992,26.102138095431854,1.327808830473158,-0.3918605188504854,-0.1723130483338327,-7.82102187871933,-0.0817886814549381,0.0,0.0,0.0,0.0,0.05086973433435088,-0.0626920834183693,-6981.223627807664,-5923.46247207923
18.97499999999999,26.070526970757378,1.388471523920695,-0.3931850087291227,-0.16926904620546282,-7.8617833256721505,-0.081979942194287,0.0,0.0,0.0,0.0,0.0532582837883602,-0.0326809398829937,-7017.608230866371,-5954.334256492678
18.99999999999999,26.03840721978081,1.449467870924208,-0.3932949639926293,-0.16575222766760625,-7.817472732067109,-0.0821561685570446,0.0,0.0,0.0,0.0,0.055666533620500364,0.0283994302153587,-6978.055578050067,-5920.774429860661
19.024999999999988,26.005897521972656,1.5105683273739283,-0.3918592871384813,-0.16224787625399503,-7.8037714838981636,-0.0821635421843128,0.0,0.0,0.0,0.0,0.05808560639361257,0.0788538232445716,-6965.825529479591,-5910.39741895238
19.049999999999983,25.972978803846573,1.5700497892167833,-0.3897002291532404,-0.1595195550629587,-7.831498169898987,-0.0819787520941749,0.0,0.0,0.0,0.0,0.060449353964138315,0.0857363492250442,-6990.575005754096,-5931.396974579232
19.074999999999985,25.93958960639106,1.626759237713284,-0.3879021293642462,-0.15784651553992068,-7.900010251998902,-0.0816013239110618,0.0,0.0,0.0,0.0,0.0627133760555903,0.0531047210097312,-7051.730462644921,-5983.286453153266
19.099999999999984,25.905659993489586,1.6802562607659235,-0.387190799037086,-0.15716106125802703,-7.993409585952759,-0.0810501411115779,0.0,0.0,0.0,0.0,0.06486058495279381,0.0032499323133379,-7135.100851723406,-6054.024965098646
19.124999999999982,25.87116029527452,1.7309477594163682,-0.3876718325089816,-0.15710356163256095,-8.084878385066986,-0.0803538742893335,0.0,0.0,0.0,0.0,0.0669064603079489,-0.0384599603712558,-7216.748001096679,-6123.301334263848
19.14999999999998,25.836124420166016,1.7798312505086262,-0.3889056750420153,-0.15716646021062677,-8.14567300081253,-0.0795431081849725,0.0,0.0,0.0,0.0,0.06888925063077203,-0.0543573163449764,-7271.014670397415,-6169.34578094326
19.17499999999998,25.80063713921441,1.828044255574544,-0.3900826590857758,-0.15693627444180575,-8.16546083688736,-0.078635860747745,0.0,0.0,0.0,0.0,0.0708526787811801,-0.033914353698492,-7288.677747024866,-6184.332633839279
19.199999999999974,25.764821370442707,1.8763220310211184,-0.3903553667813999,-0.15624548305164684,-8.145520544052125,-0.0776344247929019,0.0,0.0,0.0,0.0,0.07282495787739585,0.0156864132732152,-7270.878583994069,-6169.230313691937
19.224999999999977,25.728804270426437,1.9247733222113717,-0.3892064790871397,-0.15521440448183002,-8.101074433326723,-0.0765254012912089,0.0,0.0,0.0,0.0,0.07481005731866722,0.0761404633522033,-7231.204965485903,-6135.567849503189
19.24999999999997,25.692676968044704,1.9728971852196588,-0.386659964452806,-0.15414049264156457,-8.052247965335846,-0.0752881174547041,0.0,0.0,0.0,0.0,0.07678830772182486,0.1244001910090446,-7187.621339549784,-6098.5878032543615
19.274999999999974,25.65649032592773,2.019857168197632,-0.3833198943926558,-0.152832619638154,-8.005134737491609,-0.07390219177867,0.0,0.0,0.0,0.0,0.07872694754965845,0.134064644575119,-7145.566991088822,-6062.905325772333
19.29999999999997,25.62022950914171,2.0656001567840576,-0.3805296339395526,-0.15247402422355885,-7.983201408386231,-0.0723531932589498,0.0,0.0,0.0,0.0,0.08062379597524755,0.0908866226673126,-7125.98879814148,-6046.2935256958
19.32499999999997,25.583797030978733,2.1092572477128773,-0.3787354623131662,-0.15305270223906545,-8.027754998207094,-0.0706438870057691,0.0,0.0,0.0,0.0,0.08244504305435328,0.0540384426712989,-7165.758354956988,-6080.037392084716
19.34999999999997,25.547122955322266,2.1498568852742515,-0.3776901382957964,-0.15441680879303904,-8.11972497701645,-0.0687837105962408,0.0,0.0,0.0,0.0,0.08415260258597412,0.0331064872443676,-7247.852868828619,-6149.693343248524
19.374999999999968,25.510215759277344,2.18695773018731,-0.3769042394581141,-0.15591140631473427,-8.22051466703415,-0.0667947516226557,0.0,0.0,0.0,0.0,0.08572870377985634,0.0330217964947223,-7337.820059344418,-6226.02914126193
19.399999999999967,25.473160213894317,2.2209468152787952,-0.3759055540493343,-0.15691723621252812,-8.283321595191957,-0.0647063984837619,0.0,0.0,0.0,0.0,0.08718772216049508,0.0488277226686477,-7393.8829648885585,-6273.59766717817
19.424999999999965,25.436089833577476,2.252984046936035,-0.3744042968533431,-0.15711884744239576,-8.278639245033265,-0.0625379903063813,0.0,0.0,0.0,0.0,0.08857430767373425,0.0717030242085456,-7389.703391673136,-6270.0513626317515
19.449999999999964,25.399140252007378,2.284476492140028,-0.3723289952843852,-0.15655416849887732,-8.209170949459077,-0.0603000777857389,0.0,0.0,0.0,0.0,0.08994306379955039,0.0936723053455352,-7327.694396689291,-6217.437669918186
19.47499999999996,25.362402598063152,2.316357029808892,-0.369765070234425,-0.15562119281653203,-8.109112000465394,-0.0579825825215843,0.0,0.0,0.0,0.0,0.09133034699109242,0.1102287471294403,-7238.379482382636,-6141.655318385265
19.49999999999996,25.325904422336155,2.3485541343688965,-0.3668593950375804,-0.15492077914151278,-8.027526021003723,-0.0555630008027064,0.0,0.0,0.0,0.0,0.09273327795936842,0.1212277486920356,-7165.553964650046,-6079.863970006098
19.52499999999996,25.289620293511284,2.379843923780653,-0.3637521185462168,-0.15496489348736675,-8.0088632106781,-0.053017116588537,0.0,0.0,0.0,0.0,0.09410358463908074,0.1264467686414718,-7148.8951118266,-6065.7291857922655
19.54999999999996,25.253509945339623,2.4083606402079263,-0.3605801272403643,-0.15593109831665503,-8.064294970035554,-0.0503288947364812,0.0,0.0,0.0,0.0,0.09536736261298893,0.1265287697315216,-7198.374772433376,-6107.711928125288
19.57499999999996,25.217560662163628,2.4325296613905163,-0.357447018086427,-0.15754287893121893,-8.16583526134491,-0.047507506507543,0.0,0.0,0.0,0.0,0.09646173529544745,0.1235368698835372,-7289.011966889022,-6184.616214330079
19.599999999999955,25.18180211385091,2.451844480302599,-0.3544635120067249,-0.1592013402418657,-8.261700773239136,-0.0445796272051099,0.0,0.0,0.0,0.0,0.09736572740971525,0.1125170066952705,-7374.583722997885,-6257.222552846689
19.624999999999957,25.146314832899307,2.467447386847602,-0.3519355063419672,-0.16039516564571496,-8.29340068101883,-0.0415801130305428,0.0,0.0,0.0,0.0,0.09812361784397143,0.0899737402796745,-7402.879788220907,-6281.231335460163
19.649999999999952,25.111162397596573,2.4812033441331653,-0.3498081732632119,-0.16039827462398645,-8.270115101337433,-0.0385418644262774,0.0,0.0,0.0,0.0,0.09880878092567491,0.0853905156254768,-7382.0945453741515,-6263.595371832613
19.67499999999995,25.07645501030816,2.4943317307366266,-0.3474136252585807,-0.15608811349579782,-8.209495723247528,-0.0354725951967989,0.0,0.0,0.0,0.0,0.09946907286980092,0.110336922109127,-7327.984297226688,-6217.683646131733
19.69999999999995,25.042389763726128,2.507415347629123,-0.3443770889836724,-0.14419427235921223,-8.106890571117402,-0.0323631912974552,0.0,0.0,0.0,0.0,0.10012683978192494,0.127299353480339,-7236.396583562993,-6139.97285878072
19.724999999999948,25.00918494330512,2.5208740764194064,-0.3410255007518077,-0.12366583130576393,-8.00961264371872,-0.029197716413895,0.0,0.0,0.0,0.0,0.10079793012583708,0.1400924921035766,-7149.564072958759,-6066.296789177128
19.749999999999947,24.9770376417372,2.5336135758294,-0.337349206604035,-0.09496707742864435,-7.971329057216645,-0.0259542202730712,0.0,0.0,0.0,0.0,0.10143771299746428,0.154671162366867,-7115.391265007317,-6037.301679400146
19.774999999999945,24.94610256618924,2.5436690118577747,-0.3332511010291075,-0.0628786867315119,-8.007490515708923,-0.0226161101330358,0.0,0.0,0.0,0.0,0.10196658997567591,0.1741319596767425,-7147.6698127926375,-6064.689538127086
19.799999999999944,24.916377597384983,2.5491258833143444,-0.3286099436183991,-0.03154639850963246,-8.09393116235733,-0.019190415802799,0.0,0.0,0.0,0.0,0.10230724242924781,0.1963448524475097,-7224.8287178747,-6130.157700014895
19.824999999999942,24.888583289252388,2.549220985836453,-0.3235908503594949,0.05905041376749674,-8.158272004127504,-0.0157066323115823,0.0,0.0,0.0,0.0,0.10242531510169486,0.200444757938385,-7282.260829913813,-6178.887976896568
19.84999999999994,24.86431333753798,2.5451808505588107,-0.3186784167022484,0.2151787520899917,-8.157241606712342,-0.0121993651490969,0.0,0.0,0.0,0.0,0.10236280471563708,0.1949202865362167,-7281.341073532574,-6178.107577542789
19.87499999999994,24.844799041748047,2.5385053952534995,-0.3135134820841487,0.40719657204367904,-8.100169622898102,-0.0087056707454953,0.0,0.0,0.0,0.0,0.10217451914132664,0.2262324839830398,-7230.3973109311755,-6134.8825668506925
19.899999999999935,24.83061684502496,2.5299485524495444,-0.3070099095441207,0.6112746452562736,-8.002566921710969,-0.0052392327163422,0.0,0.0,0.0,0.0,0.10188826835191743,0.2999524176120758,-7143.274899789546,-6060.960521033553
19.924999999999937,24.82190661960178,2.519271903567844,-0.2982521375889088,0.8079836018880209,-7.877284264564515,-0.0017893207200726,0.0,0.0,0.0,0.0,0.10149389175360055,0.4039818048477173,-7031.444724680948,-5966.074311850501
19.949999999999932,24.81856240166558,2.505400445726183,-0.2867917231804571,0.9924865907611269,-7.751050651073457,0.0016655389951781,0.0,0.0,0.0,0.0,0.10094865307581412,0.5108380913734436,-6918.765704113931,-5870.467870157273
19.97499999999993,24.820433722602,2.486508422427707,-0.272849392438863,1.1600570031368371,-7.64475382566452,0.005156753264996,0.0,0.0,0.0,0.0,0.10017989412342304,0.6016504168510437,-6823.882718154642,-5789.961094191816
19.99999999999993,24.827209048801,2.460662258995904,-0.2569163487824346,1.303484737511837,-7.56949976682663,0.0086993397561969,0.0,0.0,0.0,0.0,0.09911151326591576,0.6679060459136963,-6756.709218093607,-5732.965397170332
