time_s,vx_mps,vy_mps,dpsi_radps,ax_mps2,ay_mps2,deltawheel_rad,TwheelRL_Nm,TwheelRR_Nm,pBrakeF_bar,pBrakeR_bar,beta_true_rad,yaw_acc_rps2,fyf_true_n,fyr_true_n
0.0,16.666666666666668,-0.0,0.0,0.0010081682241324223,1.2940107239157769e-17,0.0,0.0,0.0,0.0,0.0,-0.0,2.869163304912862e-17,1.1550636707740009e-14,9.80054023687031e-15
0.025,16.663378609551323,0.0001585722687498,0.0001143911887251,-0.07040616931337298,0.0249510196503251,0.0011536834648169,0.0,0.0,0.0,0.0,9.516213516201784e-06,0.0168270375579595,22.271852786232817,18.8973296368036
0.05,16.659569210476345,0.0017981584339092,0.0013721022055008,-0.09724644285259824,0.1412897042930126,0.0040765742816183,0.0,0.0,0.0,0.0,0.00010793547007076454,0.0945489853620529,126.11843276646782,107.00957931700297
0.075,16.655022303263348,0.0063589732680055,0.0052718745798799,-0.1319362362948331,0.3337413929402828,0.0078270772571214,0.0,0.0,0.0,0.0,0.0003818051487544113,0.2231746017932891,297.90522697702295,252.76807137444368
0.1,16.64956834581163,0.0138104127513037,0.012622195547458,-0.17076033158735796,0.5503677003085614,0.0116776503311045,0.0,0.0,0.0,0.0,0.0008294757236020386,0.3637895882129669,491.2708406852651,416.8358648238612
0.125,16.643120447794598,0.0227811208201779,0.0232565369170645,-0.21047533902254972,0.7505118474364281,0.0151115344018418,0.0,0.0,0.0,0.0,0.001368801054564059,0.4805191457271576,669.924099883828,568.4204483862783
0.15,16.635684967041016,0.0314272484845585,0.0362924940711638,-0.24798921064897017,0.9218890905380248,0.0182109675717059,0.0,0.0,0.0,0.0,0.0018891466475124323,0.5552085638046265,822.8993603245157,698.2176390632252
0.175,16.627345614963108,0.0383867695927619,0.050675228433273,-0.28111316102923767,1.0767785876989366,0.0211125788471449,0.0,0.0,0.0,0.0,0.0023086528951570765,0.5896495580673218,961.157280331264,815.5273893719814
0.1999999999999999,16.618225309583877,0.043161085082425,0.0655671633569945,-0.3078285402240175,1.2383434712886812,0.0239581612704081,0.0,0.0,0.0,0.0,0.0025972138587827195,0.5988487601280212,1105.3738034699786,937.8929241563453
0.2249999999999999,16.608470280965168,0.0460383461581336,0.0805384604812004,-0.32696879069010415,1.422308984398842,0.0269062753956393,0.0,0.0,0.0,0.0,0.0027719799222507427,0.5982819199562073,1269.5856426314253,1077.2241816266637
0.2499999999999999,16.598232057359482,0.0476470341285069,0.0954751157052893,-0.3380300533410275,1.6311380922794343,0.0299371524532312,0.0,0.0,0.0,0.0,0.002870608987984398,0.5967522263526917,1455.9912971248393,1235.3865551362271
0.2749999999999999,16.5876653459337,0.0485454830858442,0.1103785063828873,-0.34080633452444364,1.8569728463888169,0.0329907475232783,0.0,0.0,0.0,0.0,0.0029266013072626064,0.595514178276062,1657.5765817355916,1406.4286148059562
0.3,16.57692379421658,0.0490137851900524,0.1252294743989029,-0.3361681389086174,2.0852133214473727,0.0360345846046437,0.0,0.0,0.0,0.0,0.0029567479345686877,0.5918546915054321,1861.3092680788436,1579.2927123093214
0.325,16.56614939371745,0.0490538568960295,0.1399282760481341,-0.3248139953613281,2.310529372096062,0.0390110447507275,0.0,0.0,0.0,0.0,0.0029610898543890166,0.5834446549415588,2062.431546075911,1749.9419178825908
0.35,16.555471420288086,0.0486881037553151,0.1543742105518622,-0.3078748575846354,2.532473558187485,0.0418759298904072,0.0,0.0,0.0,0.0,0.002940907118818116,0.5714424252510071,2260.544020382108,1918.0373506272429
0.375,16.544987360636394,0.0479784690671496,0.1684664939075846,-0.28663883556019176,2.752423977851868,0.0446517510169752,0.0,0.0,0.0,0.0,0.0028998794632686944,0.5553666949272156,2456.8768130169547,2084.622750438628
0.4000000000000001,16.534770329793293,0.0470389260186089,0.1821129973863414,-0.26224055434718274,2.968919587135315,0.0473724010164919,0.0,0.0,0.0,0.0,0.002844849071405091,0.5356709361076355,2650.1257626150477,2248.591556158222
0.4250000000000001,16.52486589219835,0.045955657131142,0.1952605576348718,-0.2360302040793679,3.178923225402832,0.0500410631986978,0.0,0.0,0.0,0.0,0.0027810003077143514,0.5161535739898682,2837.579829888266,2407.643492026407
0.4500000000000001,16.515289942423504,0.0447272467944357,0.2079122872226999,-0.20943206787109375,3.3810075819492345,0.0526596225823021,0.0,0.0,0.0,0.0,0.002708232610530378,0.4965592920780182,3017.9649645432105,2560.6975456730265
0.4750000000000001,16.506034003363716,0.0434278903736008,0.2200919548625547,-0.183205434625799,3.579679185152054,0.0551859492072163,0.0,0.0,0.0,0.0,0.002631031195304139,0.4777091741561889,3195.3037972381867,2711.166858262703
0.5000000000000001,16.497070524427627,0.0421742970744768,0.2317937016000379,-0.15825931664669152,3.7745049059391023,0.0576200451540351,0.0,0.0,0.0,0.0,0.002556471890692851,0.4583309590816498,3369.2097070226905,2858.723387776828
0.5250000000000001,16.48836241828071,0.0410170687569512,0.2429871840434795,-0.13507992137562144,3.9607857465744014,0.0599842601699691,0.0,0.0,0.0,0.0,0.002487637505558188,0.4370244145393371,3535.4882606717406,2999.8082211760216
0.5500000000000002,16.47986623975966,0.0399429268307156,0.2536781945682504,-0.11413009065570254,4.136540353298187,0.0622360502566044,0.0,0.0,0.0,0.0,0.0024237409606121976,0.4191747903823852,3692.370856345677,3132.920726596332
0.5750000000000002,16.471532185872395,0.0387873624761899,0.2639284519326133,-0.09568689300255342,4.296469539403915,0.0644129139704459,0.0,0.0,0.0,0.0,0.0023548120501781706,0.4013254344463348,3835.1273183695607,3254.0474216468997
0.6000000000000002,16.463306215074326,0.0374765487180815,0.2737411685746329,-0.08032442815376051,4.451011627912521,0.0664724716800533,0.0,0.0,0.0,0.0,0.0022763683204632848,0.3835830092430115,3973.075133439948,3371.0940526157124
0.6250000000000002,16.455106735229492,0.0360672382844819,0.2831043103351334,-0.06911789923003225,4.600105869770051,0.0684228231402106,0.0,0.0,0.0,0.0,0.002191856842062525,0.3654095530509949,4106.160075557037,3484.0146095635464
0.6500000000000002,16.44682460361057,0.0345736493666966,0.2919937423167362,-0.06469445084080552,4.74013477563858,0.0702737305007887,0.0,0.0,0.0,0.0,0.002102147387107579,0.345502644777298,4231.153090713455,3590.0692890902033
0.6750000000000003,16.438345379299587,0.0329842666784922,0.3003862617284438,-0.06095505107532848,4.872781211137772,0.0720053927429639,0.0,0.0,0.0,0.0,0.0020065442060870973,0.3261532485485077,4349.5563433844545,3690.5326549928695
0.7000000000000003,16.429822709825302,0.0312337196535534,0.3083819035587023,-0.045032259623209635,4.991280126571656,0.073618061618683,0.0,0.0,0.0,0.0,0.001901038142966395,0.3141184747219085,4455.3311949479785,3780.281013895254
0.7250000000000003,16.421614752875435,0.0291318798230754,0.3160619275102728,-0.011748106985381155,5.098263883590699,0.0751180954250485,0.0,0.0,0.0,0.0,0.0017739960571157834,0.2996688187122345,4550.827351828091,3861.3080560965614
0.7500000000000003,16.414146423339844,0.0266036349866125,0.3233551606030229,0.04006595149184718,5.199350893497467,0.0764934600028847,0.0,0.0,0.0,0.0,0.0016207748061016361,0.2833231687545776,4641.059936900609,3937.8690373702125
0.7750000000000004,16.407834159003365,0.0236920888225237,0.3302094714586143,0.1090723992839004,5.295443630218506,0.0777444050235438,0.0,0.0,0.0,0.0,0.0014439497981836495,0.2644318342208862,4726.83451910488,4010.647470755655
0.8000000000000004,16.403044594658745,0.020456061595016,0.3365562836789776,0.19191498958703243,5.385942196846009,0.0788684670630174,0.0,0.0,0.0,0.0,0.001247089311802336,0.2426482886075973,4807.615616692871,4079.189008103042
0.8250000000000004,16.40005323621962,0.0169435805744595,0.3423061483409995,0.2838680891557173,5.468435323238373,0.0798669402511477,0.0,0.0,0.0,0.0,0.0010331418032863149,0.2167138755321502,4881.250874595565,4141.66740874775
0.8500000000000004,16.399024327596027,0.0132164917886257,0.3473896235192564,0.37982074159564394,5.543413674831391,0.0807343068510513,0.0,0.0,0.0,0.0,0.0008059315923073051,0.1899246573448181,4948.178272042119,4198.454291429675
0.8750000000000004,16.400011910332573,0.0092900689277384,0.3518383009621793,0.4752886500503078,5.6075196981430055,0.0814675999348262,0.0,0.0,0.0,0.0,0.000566467206153999,0.1658394634723663,5005.400779735847,4247.006722200112
0.9000000000000005,16.402971479627823,0.0051932533582051,0.3556800772821867,0.5661049860174006,5.666189849376679,0.0820659831034426,0.0,0.0,0.0,0.0,0.00031660442528081095,0.1411710232496261,5057.771103255086,4291.442148216435
0.9250000000000004,16.40777375962999,0.0010311500065856,0.3588943129808306,0.6490057280569366,5.719414782524109,0.0825253201348324,0.0,0.0,0.0,0.0,6.284521115976511e-05,0.1157800182700157,5105.280900138324,4331.753491026456
0.9500000000000004,16.414225896199543,-0.0031057504626611,0.3614776458172347,0.7213337568803267,5.766296112537384,0.0828460105031592,0.0,0.0,0.0,0.0,-0.00018921090048968972,0.0909036695957183,5147.128251273124,4367.26033441356
0.9750000000000004,16.42208417256673,-0.0071436187459362,0.3634509150269289,0.7812603389855587,5.8064857006073005,0.0830262357687411,0.0,0.0,0.0,0.0,-0.0004350007386924549,0.0669778436422348,5183.002399968321,4397.699006033726
1.0000000000000004,16.431074142456055,-0.0110403593215677,0.3648310316828352,0.8278069513494318,5.838821136951447,0.0830656339081175,0.0,0.0,0.0,0.0,-0.0006719195121298034,0.0437239632010459,5211.865752573874,4422.189123396013
1.0250000000000004,16.44091182284885,-0.014745554783278,0.3656540816177242,0.8607926432291667,5.864952576160431,0.0829639760558821,0.0,0.0,0.0,0.0,-0.0008968818117974019,0.0224515702575445,5235.191274949762,4441.980475714949
1.0500000000000005,16.451310051812065,-0.0182104110717773,0.3659700989705757,0.8804827325994318,5.88463877439499,0.0827218406173343,0.0,0.0,0.0,0.0,-0.0011069277166636023,0.0031745864544063,5252.763627308315,4456.890350443418
1.0750000000000002,16.461994383070206,-0.0214079974426163,0.3658265212983068,0.8873435465494791,5.8976969003677375,0.0823392317536631,0.0,0.0,0.0,0.0,-0.0013004498084771944,-0.0143071645870804,5264.419610246285,4466.780275360483
1.1,16.472706264919704,-0.0243305704659885,0.3652653266775999,0.8826057942708333,5.903990852832795,0.0818170732488719,0.0,0.0,0.0,0.0,-0.0014770232695645715,-0.0302461087703704,5270.037736667963,4471.547170506149
1.125,16.483224232991535,-0.0269865451587571,0.3643218352824121,0.8680227198745265,5.903311514854432,0.081156297209342,0.0,0.0,0.0,0.0,-0.0016372127671928976,-0.0448777228593826,5269.431343997113,4471.0326555127
1.15,16.49337026807997,-0.029400216622485,0.363023311224403,0.8455473003965436,5.895161795616151,0.0803613602687101,0.0,0.0,0.0,0.0,-0.0017825475415042351,-0.0590461380779743,5262.156717562286,4464.860245204363
1.1749999999999998,16.50301191541884,-0.0316252104110187,0.3613599673865668,0.8172338497277463,5.8788833856582645,0.0794318088573532,0.0,0.0,0.0,0.0,-0.0019163296114130006,-0.0738475546240806,5247.626235231025,4452.531351105111
1.1999999999999995,16.512062284681534,-0.0336849751571814,0.3593259115249915,0.7850055116595644,5.85579115152359,0.0783712923382024,0.0,0.0,0.0,0.0,-0.002040022292577676,-0.0887379050254821,5227.013577056713,4435.041822957211
1.2249999999999996,16.520471572875977,-0.0355857486526171,0.3569157840279834,0.7505636319247159,5.826097714900971,0.0771799438693123,0.0,0.0,0.0,0.0,-0.002154039519734008,-0.1039794832468032,5200.508534038655,4412.552695547948
1.2499999999999996,16.528229183620876,-0.0373265064424938,0.354120463568809,0.7153967655066288,5.789722466468811,0.0758615376492901,0.0,0.0,0.0,0.0,-0.00225834879392183,-0.1195943355560302,5168.039152446341,4385.002917227197
1.2749999999999997,16.535351011488174,-0.0389178386992878,0.3509190443329111,0.6807473477450284,5.744903099536896,0.0744188533525238,0.0,0.0,0.0,0.0,-0.0023536143062369264,-0.1370979696512222,5128.032356881705,4351.057757354173
1.2999999999999994,16.541883680555557,-0.0403917084137598,0.3472523042755492,0.6476085501006156,5.692216730117798,0.0728547788443202,0.0,0.0,0.0,0.0,-0.0024417840914477554,-0.156359776854515,5081.003294342854,4311.154310351512
1.3249999999999993,16.547888649834526,-0.0417126094301541,0.3430940445494995,0.6166991540157434,5.632892358303071,0.0711696844705186,0.0,0.0,0.0,0.0,-0.0025207209398626943,-0.1764242053031921,5028.048998518069,4266.223392681998
1.3499999999999992,16.55343797471788,-0.042833499610424,0.3384247574997772,0.5884890377160275,5.566728460788728,0.0693674110087535,0.0,0.0,0.0,0.0,-0.0025875893379878998,-0.1972488909959793,4968.989585081086,4216.112375220315
1.3749999999999991,16.558610068427193,-0.0437087234523561,0.3332227050739845,0.5632044104373817,5.491986680030824,0.0674536904971524,0.0,0.0,0.0,0.0,-0.002639637220257808,-0.2198448032140731,4902.273356191449,4159.50466585941
1.399999999999999,16.56349500020345,-0.0443769163555569,0.3274023332221027,0.5408720259232954,5.405823493003846,0.0654365602726613,0.0,0.0,0.0,0.0,-0.0026792000332666395,-0.2458680421113968,4825.3621179353995,4094.2466455209446
1.424999999999999,16.5681701236301,-0.0448011441363228,0.3209119433294706,0.5211289931788589,5.310306704044343,0.0633228634109251,0.0,0.0,0.0,0.0,-0.002704049017001935,-0.2737098932266235,4740.101639921549,4021.904421751616
1.4499999999999988,16.572707494099934,-0.0449100053972668,0.3137179129873259,0.5039239686908144,5.207424092292786,0.0611023155328278,0.0,0.0,0.0,0.0,-0.002709877394098415,-0.3018259406089782,4648.266259431841,3943.983492851258
1.4749999999999988,16.577167510986328,-0.0445847627189424,0.305823770884113,0.4886857558741714,5.097175657749176,0.0587797269730885,0.0,0.0,0.0,0.0,-0.0026895283943649817,-0.3296182751655578,4549.855976466273,3860.4838588198672
1.499999999999999,16.58159679836697,-0.0437331199645996,0.297244996643668,0.4749238077799479,4.978442800045014,0.0563601494153998,0.0,0.0,0.0,0.0,-0.0026374492454735504,-0.3565302491188049,4443.872302663131,3770.558317411141
1.5249999999999986,16.586035622490776,-0.0423472995559374,0.2879641798503645,0.46220286976207386,4.844672214984894,0.0538880097962903,0.0,0.0,0.0,0.0,-0.002553189955682609,-0.3865294456481933,4324.465608293894,3669.2435464311816
1.5499999999999985,16.59051365322537,-0.04047691822052,0.2779160064784683,0.45008394183534567,4.700009441375733,0.0513423273997972,0.0,0.0,0.0,0.0,-0.002439762810637925,-0.4170655310153961,4195.336296441126,3559.6792818288336
1.5749999999999984,16.59503936767578,-0.038096337682671,0.2671824686000402,0.4378722312233665,4.540818881988526,0.0487070088266769,0.0,0.0,0.0,0.0,-0.0022956461168074094,-0.4404088258743286,4053.2391495782826,3439.1120057027842
1.5999999999999983,16.599605348375107,-0.0352834868762228,0.255913651987263,0.4250788370768229,4.372010111808777,0.0459933558668054,0.0,0.0,0.0,0.0,-0.0021255617911227396,-0.4607580006122589,3902.5565670161955,3311.2601174682864
1.6249999999999982,16.60419464111328,-0.0320363831188943,0.2441500366887058,0.4118541740648674,4.193656146526337,0.0432247606452889,0.0,0.0,0.0,0.0,-0.0019294150551312928,-0.4808340966701507,3743.353724235394,3176.1789175330614
1.649999999999998,16.608795589870876,-0.0284702330827713,0.2318482464681141,0.3979709972034801,4.001516819000244,0.0404598480762172,0.0,0.0,0.0,0.0,-0.0017141660229796735,-0.502853512763977,3571.845750730546,3030.6570006198567
1.674999999999998,16.613376405504013,-0.0245791859924793,0.219019216930714,0.38293318314985797,3.803379690647125,0.0376163712146909,0.0,0.0,0.0,0.0,-0.00147948167744735,-0.5231577157974243,3394.9840025530484,2880.5924870147073
1.699999999999998,16.617904239230686,-0.0203386445840199,0.2057291775638643,0.366932890920928,3.596016883850098,0.034719416830119,0.0,0.0,0.0,0.0,-0.0012238994936560944,-0.5391731262207031,3209.8872020596373,2723.5406562930248
1.724999999999998,16.622343063354492,-0.0158670213487413,0.1921303946028904,0.3500470571806937,3.375759214162827,0.0317762357946883,0.0,0.0,0.0,0.0,-0.0009545598528598313,-0.5479214191436768,3013.2801510027207,2556.722552365944
1.7499999999999978,16.626661088731552,-0.0113960924661821,0.1782921601704047,0.3323421085242069,3.142752128839493,0.02887372622253,0.0,0.0,0.0,0.0,-0.0006854107631931955,-0.5587997436523438,2805.2926789395146,2380.2483336456485
1.7749999999999977,16.63080957200792,-0.0069886658133731,0.1642080826797911,0.3133627643007221,2.9075425982475283,0.0259272952983315,0.0,0.0,0.0,0.0,-0.0004202240295707579,-0.5677733421325684,2595.339253681605,2202.1060334268163
1.7999999999999976,16.63475884331597,-0.0026181655832462,0.1499232860667696,0.2943369871197325,2.6679068565368653,0.0229610789597689,0.0,0.0,0.0,0.0,-0.0001573912557378737,-0.5738957524299622,2381.4348907939725,2020.6114224918551
1.8249999999999973,16.638479232788086,0.0016492241734845,0.1355329034389048,0.27508837150804927,2.423770719766617,0.019985551960364,0.0,0.0,0.0,0.0,9.912108855685014e-05,-0.5767950415611267,2163.5133719883984,1835.7083156265196
1.8499999999999972,16.641947428385418,0.0056593746153844,0.1211193513095564,0.2559098076097893,2.1684374809265137,0.0170357062602756,0.0,0.0,0.0,0.0,0.000340066848530687,-0.5767775774002075,1935.5970628926013,1642.3247806361462
1.8749999999999971,16.64514011806912,0.0092574985076983,0.1067023537155476,0.23699781938032666,1.9130751818418503,0.0140999113356806,0.0,0.0,0.0,0.0,0.0005561682534380608,-0.576408326625824,1707.6548139555534,1448.9192360834995
1.8999999999999968,16.648041407267254,0.0124712071071068,0.0923110223365445,0.21867619832356772,1.6579021394252778,0.0111805174782559,0.0,0.0,0.0,0.0,0.000749109568027794,-0.5741219520568848,1479.881499864039,1255.6570301876693
1.9249999999999967,16.650640699598526,0.0152551734613047,0.07801166988369,0.20095780806107955,1.40225011408329,0.0082808882292493,0.0,0.0,0.0,0.0,0.0009161913788502161,-0.5697543025016785,1251.6806346202482,1062.03205361718
1.949999999999997,16.65292845831977,0.0175698701706197,0.0638286517973908,0.18437633167613637,1.144977578520775,0.0053990494944954,0.0,0.0,0.0,0.0,0.0010550618898408721,-0.56443190574646,1022.0332647615771,867.1797397977016
1.974999999999997,16.654908921983505,0.0192811278005441,0.0497899312690926,0.16892535122958097,0.8859200283885003,0.0025253580431085,0.0,0.0,0.0,0.0,0.0011576843734698626,-0.5588303804397583,790.7925499303908,670.9754969106345
1.999999999999997,16.656585269504124,0.0203485435081852,0.0358773488691125,0.15488578102805398,0.6279791802167893,-0.0003523935586061,0.0,0.0,0.0,0.0,0.001221651567770048,-0.5542294383049011,560.5486288984292,475.6170184592732
2.024999999999997,16.657964918348526,0.0207297110723124,0.0220777032247031,0.1423060654148911,0.3699260704219341,-0.0032296948578815,0.0,0.0,0.0,0.0,0.0012444323885854088,-0.5499436855316162,330.2045005651527,280.1735156310386
2.0499999999999967,16.659060584174263,0.0204059833453761,0.0083697951574686,0.13125584226666076,0.1137974169105291,-0.0061087475951906,0.0,0.0,0.0,0.0,0.0012249180103685636,-0.5468116998672485,101.57818607833295,86.18755182404007
2.0749999999999966,16.65988286336263,0.0194037001993921,-0.0052528241355587,0.12178246238014914,-0.1402676397934556,-0.0090079361482531,0.0,0.0,0.0,0.0,0.0011646960761088844,-0.5430416464805603,-125.20611453694521,-106.23549112225653
2.0999999999999965,16.66044659084744,0.0177087427841292,-0.0188000177130881,0.1139180478182706,-0.3938591167330742,-0.0119395745649827,0.0,0.0,0.0,0.0,0.0010629212540951723,-0.5411413311958313,-351.56768698550644,-298.29985562406597
2.1249999999999964,16.66076448228624,0.0153186017026503,-0.0323297977540991,0.10762608846028646,-0.6468108028173447,-0.0149080387259381,0.0,0.0,0.0,0.0,0.0009194417050272255,-0.541626513004303,-577.3581674328593,-489.8796572157594
2.1499999999999964,16.660851372612846,0.0122597078896231,-0.0458976089838333,0.10285511363636364,-0.8985538601875306,-0.0179055456468632,0.0,0.0,0.0,0.0,0.0007358392206640558,-0.5440359711647034,-802.0697981510007,-680.5440711584247
2.1749999999999963,16.66071891784668,0.008626147173345,-0.0595198985026164,0.09963093497536399,-1.144546201825142,-0.0209357210239257,0.0,0.0,0.0,0.0,0.0005177535985019721,-0.5450652241706848,-1021.6482080226064,-866.853024988878
2.199999999999996,16.660383012559677,0.0045843106797999,-0.0731507517487797,0.0977743218161843,-1.38639694750309,-0.0239682583960097,0.0,0.0,0.0,0.0,0.00027516238230201244,-0.5454261898994446,-1237.5297342875942,-1050.025229092504
2.224999999999996,16.659856372409397,0.0002162025096671,-0.0867878759070724,0.09719209613222064,-1.6247376829385758,-0.0269840521830372,0.0,0.0,0.0,0.0,1.2977453396606454e-05,-0.5454104542732239,-1450.2781448525484,-1230.5390319961016
2.249999999999996,16.65914747450087,-0.0043785965277089,-0.1004161367323621,0.09764406608812737,-1.8581616878509524,-0.0299765183433912,0.0,0.0,0.0,0.0,-0.0002628343697905879,-0.5449650287628174,-1658.6377689095798,-1407.3290160444917
2.274999999999996,16.658269034491646,-0.0090519100841548,-0.1140215775960612,0.09926919185754024,-2.0844430059194567,-0.0329497941394372,0.0,0.0,0.0,0.0,-0.0005433883956017543,-0.5427952408790588,-1860.621666759253,-1578.7092930078506
2.299999999999996,16.65723270840115,-0.013623744663265,-0.1275200009958312,0.1019587349169182,-2.3023127704858783,-0.0359239354628374,0.0,0.0,0.0,0.0,-0.0008178876348646917,-0.5368727445602417,-2055.0972189009194,-1743.7188524007797
2.324999999999996,16.656053331163193,-0.0180105078551504,-0.1408608817723662,0.10568735411672882,-2.516080951690674,-0.0388340776962917,0.0,0.0,0.0,0.0,-0.0010813190554243152,-0.5303688645362854,-2245.9116035992984,-1905.6219666903135
2.349999999999996,16.6547425587972,-0.0221659056842327,-0.1540283491500449,0.1104453300707268,-2.725458115339279,-0.0416858883794948,0.0,0.0,0.0,0.0,-0.0013309065334380958,-0.5228052139282227,-2432.80646524957,-2064.1994250602406
2.374999999999996,16.65331310696072,-0.0260707549750804,-0.166989471477513,0.11620534376664596,-2.9302685856819157,-0.0444814751547782,0.0,0.0,0.0,0.0,-0.0015654995980459525,-0.5135977268218994,-2615.624991645579,-2219.318174729582
2.3999999999999955,16.651784049140083,-0.0296362530854013,-0.1797182496446285,0.12309291608405835,-3.125965821743012,-0.0472298386743886,0.0,0.0,0.0,0.0,-0.0017797644383294622,-0.504881739616394,-2790.308835965689,-2367.534769910281
2.4249999999999954,16.65016810099284,-0.032735847764545,-0.1921932951388867,0.13080935044722122,-3.3126289725303653,-0.0499382402134856,0.0,0.0,0.0,0.0,-0.00196609713283273,-0.4928635060787201,-2956.928648430793,-2508.909156244309
2.4499999999999957,16.648488574557835,-0.0353334844112396,-0.2043579658528529,0.13977491320985735,-3.495142495632172,-0.0525522826262097,0.0,0.0,0.0,0.0,-0.002122323852582998,-0.4806075096130371,-3119.844407986423,-2647.140709806661
2.474999999999995,16.64676348368327,-0.0374393537640571,-0.2162211167971518,0.14974880796490295,-3.673275661468506,-0.0550794622949105,0.0,0.0,0.0,0.0,-0.0022490470175030833,-0.4682265520095825,-3278.850160114101,-2782.0546813089336
2.499999999999995,16.64500978257921,-0.0390832498669624,-0.2277540857005512,0.16070360588304924,-3.846286922693253,-0.0575344162026106,0.0,0.0,0.0,0.0,-0.0023480460737167735,-0.4537899792194366,-3433.283982633568,-2913.0894398102996
2.524999999999995,16.643248664008247,-0.0402649119496345,-0.2389012624305391,0.17258603876287287,-4.013695251941681,-0.0598957017413456,0.0,0.0,0.0,0.0,-0.0024192940190041826,-0.4381490647792816,-3582.716499479091,-3039.8806662246825
2.549999999999995,16.641499201456707,-0.0409435398048824,-0.2496895782036388,0.18538576993075284,-4.16931096315384,-0.0621752115898583,0.0,0.0,0.0,0.0,-0.002460327600850915,-0.4239408373832702,-3721.62265481519,-3157.7404343886456
2.574999999999995,16.639784706963432,-0.041017048060894,-0.2600873081133647,0.1989509813713305,-4.318342703580857,-0.0643524227629983,0.0,0.0,0.0,0.0,-0.002464998723434754,-0.4082127213478088,-3854.6518067209454,-3270.6136541874685
2.5999999999999948,16.63812107510037,-0.0405093282461166,-0.2701064530293791,0.21317956635446259,-4.462488234043121,-0.0664220276639369,0.0,0.0,0.0,0.0,-0.00243472974281576,-0.3930695354938507,-3983.319415469639,-3379.7861707015113
2.6249999999999947,16.636518902248806,-0.0394846002260843,-0.2797289533905397,0.22764592026219216,-4.6025247335433965,-0.0683849667214341,0.0,0.0,0.0,0.0,-0.002373369119951353,-0.3761723935604095,-4108.3192088760325,-3485.8466014705723
2.6499999999999946,16.63498878479004,-0.0379741191864013,-0.2888945218876701,0.2426088552763968,-4.736406302452088,-0.0702415603470584,0.0,0.0,0.0,0.0,-0.0022827859806627813,-0.356967955827713,-4227.824969975675,-3587.2454290702694
2.6749999999999945,16.63354449801975,-0.0360517410768402,-0.2975741300648882,0.25781202374082623,-4.865829825401306,-0.0719786279740086,0.0,0.0,0.0,0.0,-0.0021674118274149098,-0.3373133540153503,-4343.351376936084,-3685.267834976071
2.6999999999999944,16.63219663831923,-0.0337357405159208,-0.3057980713795938,0.2731821002382221,-4.9835165143013,-0.0736001310544062,0.0,0.0,0.0,0.0,-0.002028339446047457,-0.3202449679374695,-4448.401216454194,-3774.4010321429514
2.7249999999999943,16.630960040622288,-0.0308784594138463,-0.3135911132299245,0.2886168693773674,-5.090347230434418,-0.0751026782190505,0.0,0.0,0.0,0.0,-0.0018566853229412792,-0.3033467233181,-4543.760765527116,-3855.3121646896734
2.7499999999999942,16.629841062757706,-0.0274911771217982,-0.3209572836470292,0.30396670717181584,-5.193414425849915,-0.0764790331599171,0.0,0.0,0.0,0.0,-0.0016531232630577753,-0.2857232689857483,-4635.760909631605,-3933.3728930207544
2.774999999999994,16.628843943277996,-0.0236692859066857,-0.3278689523345982,0.3191032409667969,-5.292716932296753,-0.0777276229474871,0.0,0.0,0.0,0.0,-0.0014233873375336904,-0.2670310139656067,-4724.400605959971,-4008.5823323296713
2.799999999999994,16.62796974182129,-0.0194876972171995,-0.3342934289902509,0.333916015625,-5.385851657390595,-0.0788491882734387,0.0,0.0,0.0,0.0,-0.001171982961226208,-0.246492862701416,-4807.534799097015,-4079.1204355974664
2.824999999999994,16.627225875854492,-0.0149988507231076,-0.3401903334339588,0.34834506410540955,-5.473412072658539,-0.0798393307607842,0.0,0.0,0.0,0.0,-0.0009020657345425513,-0.2252031564712524,-4885.693235348483,-4145.436684538106
2.849999999999994,16.626612345377605,-0.0102914197163449,-0.3455534072371604,0.3622707205107718,-5.555606126785278,-0.0806960072656246,0.0,0.0,0.0,0.0,-0.0006189727349483814,-0.2038586139678955,-4959.061534482925,-4207.688574712784
2.874999999999994,16.626128090752495,-0.0053867558017373,-0.3504345820411121,0.3756136807528409,-5.626516628265382,-0.0814183106487137,0.0,0.0,0.0,0.0,-0.00032399340197152883,-0.1872947812080383,-5022.3578755581975,-4261.394561079683
2.8999999999999937,16.625778410169815,-0.0002108151804552,-0.3549128205721348,0.3884784582889441,-5.69102452993393,-0.0820045930791271,0.0,0.0,0.0,0.0,-1.2680018658629936e-05,-0.1705746352672577,-5079.939109096763,-4310.2513652942225
2.9249999999999936,16.625565422905815,0.0051797957470019,-0.3589495735734497,0.400695976488518,-5.750912582874299,-0.0824542345396733,0.0,0.0,0.0,0.0,0.0003115560653272853,-0.1521007865667343,-5133.396559631238,-4355.609202111354
2.949999999999993,16.625490188598633,0.010753921750519,-0.3624949067746177,0.4122400133537524,-5.803052210807801,-0.0827666399802964,0.0,0.0,0.0,0.0,0.0006468333642212718,-0.1314970999956131,-5179.9375881718815,-4395.098559660989
2.974999999999993,16.62555694580078,0.0164610892534255,-0.365520324351975,0.4230503429066051,-5.849955153465271,-0.0829421422961327,0.0,0.0,0.0,0.0,0.0009901075378760877,-0.1105466112494468,-5221.804231248919,-4430.621771968778
2.9999999999999933,16.62576463487413,0.0222197092241711,-0.3680182030069012,0.4331200986919981,-5.89129079580307,-0.0829791311069603,0.0,0.0,0.0,0.0,0.0013364623950926826,-0.0893284752964973,-5258.701374286511,-4461.928438788555
3.024999999999993,16.626115375094944,0.0279540692766507,-0.3699833495752706,0.4424007346413352,-5.926715087890625,-0.0828767658525604,0.0,0.0,0.0,0.0,0.0016813349748868243,-0.067962571978569,-5290.321910420403,-4488.757984599129
3.049999999999993,16.626609166463215,0.0335949204034275,-0.3714131008959933,0.45085603656190815,-5.955934214591981,-0.08263641972537,0.0,0.0,0.0,0.0,0.0020205515187781222,-0.04651840031147,-5316.403573516941,-4510.887880559828
3.074999999999993,16.627248128255207,0.039092960457007,-0.3723163119796936,0.45844364975437973,-5.97768179178238,-0.0822575767379278,0.0,0.0,0.0,0.0,0.002351138333623295,-0.0258574150502681,-5335.815960041813,-4527.358996399113
3.099999999999993,16.628034379747177,0.044407087067763,-0.3727012719152646,0.4651465583570076,-5.99306298494339,-0.0817413604113188,0.0,0.0,0.0,0.0,0.0026706155432208215,-0.0050065806135535,-5349.545566068321,-4539.008359088272
3.124999999999993,16.628968980577255,0.0494820997118949,-0.3725622549063625,0.47091916170987214,-6.001786899566651,-0.0810881910256524,0.0,0.0,0.0,0.0,0.00297565650460292,0.0159658249467611,-5357.332732482035,-4545.615651802938
3.149999999999993,16.630050871107315,0.0542950133482615,-0.3719166713686136,0.4757238399621212,-6.002095317840577,-0.0802999203101242,0.0,0.0,0.0,0.0,0.003264873557458111,0.0356227047741413,-5357.608033711794,-4545.849240725157
3.1749999999999927,16.631283230251736,0.0588214107685618,-0.3707739089448607,0.4794997429125237,-5.996109783649445,-0.0793771641207361,0.0,0.0,0.0,0.0,0.0035367932801221055,0.0557303987443447,-5352.265208519873,-4541.31593450171
3.1999999999999926,16.632662879096138,0.0630167664753066,-0.3691189540644581,0.4822377892696496,-5.982595455646515,-0.0783222693681989,0.0,0.0,0.0,0.0,0.003788735870700885,0.0770414471626281,-5340.202009179554,-4531.080492637196
3.2249999999999925,16.634191936916775,0.0668745198183589,-0.3669059004881159,0.48382510098544035,-5.960725796222687,-0.0771368464327342,0.0,0.0,0.0,0.0,0.004020304687596048,0.099938616156578,-5320.680649251235,-4514.516914516198
3.2499999999999925,16.635867224799263,0.0703400952948464,-0.3641158397720944,0.4841084613222064,-5.931967544555665,-0.0758233004817015,0.0,0.0,0.0,0.0,0.004228219325409719,0.1231854707002639,-5295.0103737878035,-4492.736074729044
3.2749999999999924,16.637678146362305,0.0733458250761032,-0.3607433790151862,0.4829817985765862,-5.896203291416168,-0.0743827175854828,0.0,0.0,0.0,0.0,0.004408417113907188,0.1465366929769516,-5263.0863806165635,-4465.649050220114
3.2999999999999923,16.63961622450087,0.0758377959330876,-0.3567815939985571,0.4804042654326468,-5.851586031913758,-0.0728201660725276,0.0,0.0,0.0,0.0,0.004557664967141541,0.1709432005882263,-5223.259990782036,-4431.856961875666
3.324999999999992,16.641672982109917,0.0778059992525312,-0.3521899380946106,0.47638091116240533,-5.7979300141334535,-0.0711361723332703,0.0,0.0,0.0,0.0,0.004675371240389953,0.1963971108198166,-5175.365397861747,-4391.219125458451
3.349999999999992,16.64383782280816,0.0791874362362755,-0.3469636509028982,0.47093422629616477,-5.736484098434449,-0.0693330687142591,0.0,0.0,0.0,0.0,0.004757763027933359,0.2217177897691726,-5120.5173632746855,-4344.681399142156
3.374999999999992,16.646100150214302,0.0799169805314805,-0.3411065607174869,0.4641195771188447,-5.666970825195313,-0.0674146023663717,0.0,0.0,0.0,0.0,0.004800943152468757,0.2468793094158172,-5058.468220194833,-4292.033641377433
3.399999999999992,16.64844724867079,0.0799681660201814,-0.3346433683574873,0.4559888250177557,-5.5858433842659,-0.0653847201775673,0.0,0.0,0.0,0.0,0.004803340805645767,0.2706237137317657,-4986.052004479971,-4230.589579558763
3.424999999999992,16.650874879625107,0.0794352839390436,-0.327543380891336,0.44665343313506156,-5.490637934207917,-0.063257172797568,0.0,0.0,0.0,0.0,0.004770637249592502,0.2973603308200836,-4901.069434715099,-4158.4831567279625
3.449999999999992,16.65337562561035,0.0783508850468529,-0.3197762049930926,0.43600604433001894,-5.3832593083381655,-0.0610367559969306,0.0,0.0,0.0,0.0,0.004704805008202733,0.3241761922836303,-4805.22080883628,-4077.157049921692
3.474999999999992,16.655936770968967,0.0767077422804302,-0.3113437381650339,0.4243943185517282,-5.267316818237305,-0.0587123302721581,0.0,0.0,0.0,0.0,0.00460542948350588,0.3504389226436615,-4701.72788119707,-3989.3448688944827
3.499999999999992,16.65854771931966,0.0744353648689058,-0.3022648888508993,0.41175339207504735,-5.143018996715546,-0.0562896255807832,0.0,0.0,0.0,0.0,0.004468298564981135,0.3758819699287414,-4590.77679296986,-3895.20455161079
3.5249999999999915,16.661191516452366,0.0714792725112703,-0.2925581327307512,0.3981148367217093,-5.009803330898285,-0.0537741887880139,0.0,0.0,0.0,0.0,0.0042901657087782066,0.400849312543869,-4471.86543225265,-3794.31006372952
3.5499999999999914,16.663862864176433,0.0678986062606175,-0.2821747672461549,0.3837966179125237,-4.858868509531021,-0.0512305536966087,0.0,0.0,0.0,0.0,0.004074601838363917,0.4297912716865539,-4337.137546622363,-3679.9954941038222
3.5749999999999917,16.6665522257487,0.0637662576304541,-0.2710787398538534,0.3687546562426018,-4.697876507043839,-0.0485976215654965,0.0,0.0,0.0,0.0,0.0038260017288962458,0.4576503336429596,-4193.432390303886,-3558.063846318448
3.599999999999991,16.66924370659722,0.059018296500047,-0.2593136764614535,0.3528779602050781,-4.525606501102448,-0.0458849423238986,0.0,0.0,0.0,0.0,0.0035405503416264293,0.4814245402812958,-4039.6602292627595,-3427.59049755628
3.624999999999991,16.67191399468316,0.05379987673627,-0.2470743873026946,0.3361755232377486,-4.337818324565888,-0.0430990823283778,0.0,0.0,0.0,0.0,0.003226976623885375,0.4974991381168365,-3872.03619299365,-3285.3640425400663
3.649999999999991,16.674551433987087,0.0482454357875718,-0.2344172648136591,0.31938707756273677,-4.1366928100585945,-0.0403186131534697,0.0,0.0,0.0,0.0,0.002893357340290127,0.5158791542053223,-3692.5069427490243,-3133.0361938476562
3.674999999999991,16.677141189575195,0.0424825772643089,-0.2212884964955705,0.3021979961973248,-3.927334922552109,-0.0374813520683158,0.0,0.0,0.0,0.0,0.002547353696979226,0.5342239141464233,-3505.6292874256123,-2974.473334785367
3.699999999999991,16.679662068684895,0.0364642880029148,-0.2077162286321997,0.28468583078095405,-3.7123878300189976,-0.0345895762837073,0.0,0.0,0.0,0.0,0.002186152684194628,0.5513249039649963,-3313.7625794185974,-2811.677340112749
3.724999999999991,16.682091818915474,0.0302003779345088,-0.1937723998624924,0.26699120723839964,-3.48660404086113,-0.0316504024734793,0.0,0.0,0.0,0.0,0.0018103471832150706,0.5624695420265198,-3112.2227872932544,-2640.6738801276097
3.749999999999991,16.684413486056858,0.0239342575271924,-0.1796269032192388,0.2494383332223603,-3.2443668961524965,-0.0287312554265892,0.0,0.0,0.0,0.0,0.00143452795312189,0.5700527429580688,-2895.996352385302,-2457.209026266317
3.774999999999991,16.686604817708332,0.0178677899142106,-0.1652800549528184,0.23139448223691994,-2.997966980934143,-0.0257934818565281,0.0,0.0,0.0,0.0,0.001070786424764417,0.5774378776550293,-2676.0541329813786,-2270.5913855599574
3.7999999999999914,16.688639322916668,0.0119637956635819,-0.1507612829932766,0.21384637543649385,-2.750070536136628,-0.0228336664672573,0.0,0.0,0.0,0.0,0.0007168826308777217,0.583892822265625,-2454.7760769285146,-2082.840307696921
3.8249999999999904,16.69049898783366,0.0062458993246157,-0.1361370415321893,0.19658542055072206,-2.496714562177658,-0.0198646657729691,0.0,0.0,0.0,0.0,0.00037421884924881954,0.5857506990432739,-2228.624719845467,-1890.9543077476687
3.8499999999999903,16.692168977525498,0.0008420245851286,-0.1215023055519314,0.17980968822132457,-2.234438699483872,-0.0169150926307735,0.0,0.0,0.0,0.0,5.044428835235914e-05,0.5847856998443604,-1994.5112653589647,-1692.3125887894241
3.8749999999999902,16.69363233778212,-0.0040299634242223,-0.1069029313575226,0.1635040283203125,-1.969667744636536,-0.0139887867780078,0.0,0.0,0.0,0.0,-0.000241407222986541,0.5829890966415405,-1758.1706343517933,-1491.781144298491
3.89999999999999,16.694875293307835,-0.0083903647545311,-0.0923587511767058,0.14792113101843632,-1.706940644979477,-0.011078544936087,0.0,0.0,0.0,0.0,-0.0005025712745452127,0.5802041292190552,-1523.6543953956152,-1292.7976688205217
3.92499999999999,16.695887247721355,-0.0122143566194507,-0.0779249090888023,0.13316374345259233,-1.4433389633893967,-0.0081896499947788,0.0,0.0,0.0,0.0,-0.000731578767766158,0.5744951367378235,-1288.35748453365,-1093.1518050588545
3.94999999999999,16.696656545003254,-0.015456239796347,-0.0636377197919889,0.11916092150139086,-1.1795992821455004,-0.0053201214880969,0.0,0.0,0.0,0.0,-0.0009257086743496878,0.5680936574935913,-1052.9373920134835,-893.401423526592
3.97499999999999,16.697182125515408,-0.0179846936629878,-0.0495231491068939,0.10632555874911222,-0.9136893555521964,-0.0024605830214133,0.0,0.0,0.0,0.0,-0.001077109510322997,0.5612597465515137,-815.5800886855263,-692.0073479755979
3.99999999999999,16.697463989257812,-0.0197481860717137,-0.0355631125052399,0.09469727487275095,-0.6497783794999124,0.0004029215787296,0.0,0.0,0.0,0.0,-0.0011827057141382993,0.555780291557312,-580.0070944880366,-492.12723168681885
4.02499999999999,16.69750425550673,-0.0207122208343611,-0.0217365751756046,0.08432202425870028,-0.3860106237232685,0.0032673622026236,0.0,0.0,0.0,0.0,-0.0012404381228128954,0.550590991973877,-344.5619419956061,-292.35558714778693
4.04999999999999,16.69730716281467,-0.0208556155363718,-0.0080221345614696,0.07526638840184068,-0.1245886521413922,0.0061336222739874,0.0,0.0,0.0,0.0,-0.0012490406586528986,0.5467811822891235,-111.21069031309517,-94.36058572020195
4.07499999999999,16.696881188286675,-0.0202089279062218,0.0055915002039193,0.06757476344253077,0.1340124312788248,0.0090209773152161,0.0,0.0,0.0,0.0,-0.001210341481042515,0.5423877835273743,119.62257185462313,101.4979397554378
4.099999999999991,16.69623480902778,-0.0187684264447953,0.0191166758890769,0.06129267490271366,0.3915755875408649,0.0119427646366556,0.0,0.0,0.0,0.0,-0.0011241113136865486,0.5400705337524414,349.5293564196737,296.57036302275344
4.124999999999991,16.695375442504883,-0.0165410712361335,0.032616984307556,0.056413004904082326,0.6479259714484216,0.0149039909291406,0.0,0.0,0.0,0.0,-0.000990757667780352,0.5403696298599243,578.3535925469928,490.7242603429029
4.149999999999992,16.694313685099285,-0.0135637799070941,0.0461528688131282,0.052921263376871745,0.9025645390152932,0.0178966807534143,0.0,0.0,0.0,0.0,-0.0008124790370508384,0.5427704453468323,805.6498221210283,683.5816672542056
4.174999999999992,16.693060133192276,-0.0099433834354082,0.0597448357461872,0.050770025542288114,1.1508517637848854,0.0209235890768036,0.0,0.0,0.0,0.0,-0.0005956597146401514,0.5439229607582092,1027.2766973456887,871.6287128993721
4.199999999999992,16.69162326388889,-0.0058633813427554,0.0733499145864256,0.049823093703298856,1.3943356513977052,0.0239545503984769,0.0,0.0,0.0,0.0,-0.0003512768800288225,0.544517993927002,1244.6160035836892,1056.0378212225241
4.2249999999999925,16.69001367357042,-0.0014217309136357,0.0869675643792471,0.050031121716354834,1.633802142739296,0.0269696253400695,0.0,0.0,0.0,0.0,-8.518452659431258e-05,0.5447672009468079,1458.3692897074536,1237.4042458123847
4.249999999999993,16.688238779703777,0.0032668133887151,0.1005835996306577,0.05125983122623328,1.867818596959114,0.0299619136095851,0.0,0.0,0.0,0.0,0.0001957554318247289,0.5446380972862244,1667.257747613504,1414.6429373690337
4.274999999999993,16.686310238308376,0.0080385410951243,0.1141835560469869,0.05363868897611444,2.094223895668984,0.0329361870507426,0.0,0.0,0.0,0.0,0.00048174467454581085,0.5427073836326599,1869.3523134291177,1586.1171144247055
4.299999999999994,16.684241824679905,0.0127030712448888,0.1276828782636248,0.05713721775195815,2.311981362104416,0.035911452935525,0.0,0.0,0.0,0.0,0.0007613813907982309,0.53705894947052,2063.727625681729,1751.0416217905577
4.324999999999994,16.68204837375217,0.0171693145400948,0.1410330717815966,0.061762689171415384,2.525407683849335,0.0388223764322522,0.0,0.0,0.0,0.0,0.0010292090129117059,0.5309085845947266,2254.236858780267,1912.6858195711352
4.349999999999994,16.679745780097115,0.0213848075105084,0.1542170008237635,0.06753706328796617,2.7344075024127963,0.0416752690246481,0.0,0.0,0.0,0.0,0.0012820823406089043,0.5235746502876282,2440.79489354716,2070.9774854339535
4.374999999999995,16.677348878648544,0.025326640655597,0.1671994617294658,0.07448075756882176,2.938653123378754,0.0444750794069729,0.0,0.0,0.0,0.0,0.0015186251028196608,0.5144714713096619,2623.1092224257895,2225.668431149154
4.399999999999995,16.674878862169052,0.0289017210404078,0.1799540559143982,0.08265644246881658,3.133862322568893,0.0472224920948503,0.0,0.0,0.0,0.0,0.001733249235529876,0.5059427618980408,2797.357433834037,2373.5153984046365
4.424999999999995,16.672354804144966,0.0319843180477619,0.1924550672292847,0.09184393651557692,3.320143455266953,0.0499326038827098,0.0,0.0,0.0,0.0,0.0019184043540034419,0.4939318597316742,2963.63624818501,2514.6004530054624
4.449999999999996,16.669800016615127,0.0345439236197206,0.20464883297816,0.1023540074897535,3.5023178935050967,0.0525474660497069,0.0,0.0,0.0,0.0,0.002072245832900813,0.4818593561649322,3126.2493328090577,2652.5751914743514
4.474999999999996,16.667234632703995,0.0365927277339829,0.2165428100120766,0.11396456573948716,3.68042740225792,0.0550753822488967,0.0,0.0,0.0,0.0,0.0021954888462529737,0.4694307148456573,3285.2339680810455,2787.471245644523
4.4999999999999964,16.664678785536026,0.038164427710904,0.2281037753964355,0.1266281474720348,3.853365355730057,0.0575318404264938,0.0,0.0,0.0,0.0,0.0022901388140783435,0.4548328518867492,3439.60235441806,2918.4504825365348
4.524999999999997,16.662152608235676,0.0392634876900249,0.2392759525511564,0.1402564054546934,4.020811653137208,0.0598941017640969,0.0,0.0,0.0,0.0,0.0023564474899010323,0.4392089247703552,3589.0687625134588,3045.2704651629338
4.549999999999997,16.659677293565537,0.0398480850789282,0.2500874378257398,0.15480376156893644,4.1764954149723055,0.0621740422956922,0.0,0.0,0.0,0.0,0.002391888172666989,0.4247456192970276,3728.0356613974104,3163.1817733068933
4.5749999999999975,16.657275093926323,0.0398226123717096,0.2605052579569391,0.17009682395241477,4.325630253553391,0.0643520981902405,0.0,0.0,0.0,0.0,0.002390703890471855,0.4090877175331116,3861.156841081675,3276.1330772814204
4.599999999999998,16.654960844251846,0.0392138254311349,0.2705434944090179,0.18599066532019412,4.4702530145645145,0.0664211850231233,0.0,0.0,0.0,0.0,0.002354483195598075,0.3937191963195801,3990.250436771112,3385.667037260337
4.624999999999998,16.652744081285263,0.0380923764573203,0.2801787612986541,0.20205536582253197,4.610583913326264,0.0683860569530053,0.0,0.0,0.0,0.0,0.002287453423374793,0.3764784932136535,4115.513017715001,3491.950439273334
4.649999999999999,16.65063328213162,0.0364911432067553,0.289349622828451,0.2185190605394768,4.744965201616288,0.0702419286123029,0.0,0.0,0.0,0.0,0.0021915768961121274,0.357084572315216,4235.464839803391,3593.7277428634834
4.674999999999999,16.64864010281033,0.0344895343813631,0.2980299633749689,0.23510004910555754,4.874854856729508,0.0719788901289284,0.0,0.0,0.0,0.0,0.002071612706406044,0.3372568488121032,4351.407327031504,3692.1031865721843
4.699999999999999,16.646770901150173,0.032094522482819,0.3062555691653558,0.2517344411214193,4.992284238338471,0.07360094664749,0.0,0.0,0.0,0.0,0.0019279728587243005,0.3201439976692199,4456.227488156226,3781.041505102252
4.725,16.6450383928087,0.0291563529107305,0.3140507082550449,0.2683067691687382,5.099280261993409,0.0751030943379708,0.0,0.0,0.0,0.0,0.0017516542901653608,0.3033526241779327,4551.734594517067,3862.0778377720562
4.75,16.643447875976562,0.0257009185022778,0.3214148480118184,0.2846601312810724,5.202808916568756,0.0764792828312692,0.0,0.0,0.0,0.0,0.0015442063864287967,0.2855602204799652,4644.146647658505,3940.488064679943
4.775,16.641998291015625,0.0218241247865888,0.3283208241925574,0.30067890976414535,5.3024776697158815,0.0777276812041359,0.0,0.0,0.0,0.0,0.0013113884766092548,0.2667423486709595,4733.113264197209,4015.974890833995
4.800000000000001,16.64069069756402,0.0175959285762574,0.3347337826764955,0.3162636727997751,5.395663213729859,0.0788497250668459,0.0,0.0,0.0,0.0,0.0010574037397878691,0.2459581643342971,4816.292819468702,4086.5514831855644
4.825000000000001,16.639527214898003,0.0130725714067618,0.340616838682535,0.33136349764737216,5.483454358577728,0.0798391310237024,0.0,0.0,0.0,0.0,0.0007856335842918318,0.2246346324682235,4894.6572102386435,4153.042481414606
4.850000000000001,16.638507843017578,0.008343351073563,0.3459659974690409,0.3458221944173177,5.565829491615296,0.0806956702092991,0.0,0.0,0.0,0.0,0.0005014482760282091,0.2033625543117523,4968.187144564801,4215.431516600436
4.875000000000002,16.637630462646484,0.0034064333885908,0.3508493693808919,0.3597488125887784,5.636027359962464,0.0814177280822253,0.0,0.0,0.0,0.0,0.0002047427003646138,0.1874186098575592,5030.847372950101,4268.5977709879635
4.900000000000002,16.63689719306098,-0.0017984780586428,0.3553287064658644,0.37307373046875,5.700876390933991,0.0820038440650705,0.0,0.0,0.0,0.0,-0.00010810177148855137,0.1704804301261901,5088.7331063337015,4317.712938707383
4.9250000000000025,16.636310153537327,-0.0072106330965956,0.3593610652513806,0.3857234931714607,5.760338032245636,0.0824535396210764,0.0,0.0,0.0,0.0,-0.00043342742651755777,0.1516549885272979,5141.809932061884,4362.747821143415
4.950000000000003,16.63587146335178,-0.0128099487887488,0.3628952464654839,0.3976674860174006,5.81255476474762,0.0827658826438614,0.0,0.0,0.0,0.0,-0.0007700197021219268,0.1310541033744812,5188.419785909967,4402.295575923607
4.975000000000003,16.63558218214247,-0.0185335054993629,0.3659095453452901,0.4088622676964962,5.859523129463196,0.0829412601240216,0.0,0.0,0.0,0.0,-0.0011140881813717204,0.1101003065705299,5230.344826217558,4437.868337396715
5.000000000000004,16.635443369547527,-0.0243003252479765,0.3683963385921788,0.4193120690548059,5.900896155834198,0.0829783779317146,0.0,0.0,0.0,0.0,-0.0014607560921676508,0.0888928994536399,5267.275339101182,4469.203318025245
5.025000000000004,16.635453965928818,-0.030035689059231,0.3703505662000789,0.42896894512754496,5.936318111419678,0.0828758087790437,0.0,0.0,0.0,0.0,-0.0018055226578575668,0.0675312876701355,5298.893789619697,4496.031094222772
5.050000000000004,16.635618209838867,-0.035671732491917,0.3717700976401184,0.43780331698330965,5.965269124507905,0.0826354002340152,0.0,0.0,0.0,0.0,-0.002144298579226802,0.0462705828249454,5324.7361283517275,4517.957927086314
5.075000000000005,16.635936101277668,-0.0411672062344021,0.3726684484548294,0.4457930501302083,5.986924409866333,0.0822565614077622,0.0,0.0,0.0,0.0,-0.002474595116486435,0.0256408657878637,5344.066133069211,4534.3591432102385
5.100000000000005,16.636409759521484,-0.0464740892251332,0.3730475161464885,0.452906494140625,6.002265298366547,0.0817407570388843,0.0,0.0,0.0,0.0,-0.0027935167441120986,0.0047567472793161,5357.7597622304675,4545.9779800743345
5.125000000000005,16.637041303846573,-0.0515403846899668,0.3729043046588695,0.45909089984315815,6.010330319404602,0.0810869218629454,0.0,0.0,0.0,0.0,-0.0030979297189128448,-0.0157399103045463,5364.958785107879,4552.086241909715
5.150000000000006,16.63783179389106,-0.0563560922940572,0.3722634815215692,0.4643287150065104,6.01060894727707,0.080297952067631,0.0,0.0,0.0,0.0,-0.003387225751059075,-0.0354717299342155,5365.207494741581,4552.297268265583
5.175000000000006,16.63878017001682,-0.0608839342991511,0.3711234155484199,0.4685452917850379,6.004637432098389,0.0793755495793253,0.0,0.0,0.0,0.0,-0.0036591585246654266,-0.0556639209389686,5359.8771832419225,4547.774579720419
5.200000000000006,16.63988749186198,-0.0650745133558909,0.3694714234347301,0.4717222179066051,5.991620779037476,0.0783200015200832,0.0,0.0,0.0,0.0,-0.003910754407907908,-0.0767426714301109,5348.258219976895,4537.91606543494
5.225000000000007,16.64115375942654,-0.0689193730552991,0.3672639624966771,0.47378761985085227,5.969664669036866,0.0771351902794313,0.0,0.0,0.0,0.0,-0.004141502088835581,-0.099771648645401,5328.659692279629,4521.287011631199
5.250000000000007,16.642577913072373,-0.0723730855517917,0.3644762320466094,0.4745839714281487,5.940825808048249,0.0758213364003976,0.0,0.0,0.0,0.0,-0.0043486703760566,-0.1231522932648658,5302.917463085692,4499.445120193919
5.275000000000008,16.644151475694443,-0.0753672255410088,0.361103072209915,0.4739791777639678,5.904951739311219,0.0743811446559639,0.0,0.0,0.0,0.0,-0.0045281506630763385,-0.1466220766305923,5270.895445991737,4472.274923871775
5.300000000000008,16.64586279127333,-0.0778426975011825,0.3571399223232273,0.4719066550514915,5.8605576157569885,0.0728177026485193,0.0,0.0,0.0,0.0,-0.0046763990835003095,-0.1709533780813217,5231.268232425706,4438.651833573325
5.325000000000008,16.64770550198025,-0.0797899729675716,0.3525466019435995,0.4683572387695312,5.806788277626038,0.071134068852128,0.0,0.0,0.0,0.0,-0.004792851060350663,-0.1965234875679016,5183.272487159636,4397.928170923326
5.3500000000000085,16.64966689215766,-0.0811493396759033,0.3473159538256021,0.46334755637428976,5.745239555835724,0.0693309048958734,0.0,0.0,0.0,0.0,-0.004873931724972007,-0.2219390273094177,5128.332685495987,4351.3125816329575
5.375000000000009,16.651734246148003,-0.0818543881177902,0.3414523056060065,0.45692257967862215,5.675638663768769,0.0674117894024703,0.0,0.0,0.0,0.0,-0.00491566745588228,-0.2471804469823837,5066.2053318395,4298.598463378969
5.400000000000009,16.653898027208115,-0.0818625920348697,0.3349715696723259,0.4491368611653646,5.595427131652833,0.0653809355759869,0.0,0.0,0.0,0.0,-0.004915521393317506,-0.271187961101532,4994.606677352405,4237.8480898747675
5.42500000000001,16.656149758232964,-0.0812709000375535,0.3278570013992065,0.4400997184984612,5.499908590316773,0.0632540831145846,0.0,0.0,0.0,0.0,-0.004879332932113085,-0.2979478240013122,4909.344635127021,4165.504538895653
5.45000000000001,16.658482021755642,-0.0801175501611497,0.320073014296582,0.4297140502929688,5.392619335651398,0.0610330712638912,0.0,0.0,0.0,0.0,-0.004809414810816363,-0.3248520195484161,4813.575784036371,4084.2461197884354
5.47500000000001,16.66088104248047,-0.0784040573570463,0.3116241690278192,0.4183240300958807,5.276285481452942,0.058707917331008,0.0,0.0,0.0,0.0,-0.00470587702757966,-0.3510726988315582,4709.73351582152,3996.1375285758345
5.500000000000011,16.66333622402615,-0.0760618266132142,0.3025300065374167,0.4058782542835582,5.151636600494385,0.0562858950746624,0.0,0.0,0.0,0.0,-0.004564621729443586,-0.3764774203300476,4598.469063883923,3901.7313269318124
5.525000000000011,16.665830612182617,-0.0730363114012612,0.2928092355320321,0.39240277377041904,5.018366611003876,0.0537695407396738,0.0,0.0,0.0,0.0,-0.004382398519511659,-0.4012041091918945,4479.509212609198,3800.7956955471973
5.550000000000011,16.668354670206707,-0.0693783288200696,0.2824169151682704,0.37821756073922824,4.867289263010026,0.0512241267398843,0.0,0.0,0.0,0.0,-0.004162278172786758,-0.4301908910274505,4344.654104440917,3686.3731795256253
5.575000000000012,16.67090309990777,-0.065168688694636,0.2713107178295561,0.3633023857347893,4.705909109115601,0.0485916169694762,0.0,0.0,0.0,0.0,-0.003909127676172297,-0.4580609500408172,4200.602475267942,3564.147554772799
5.600000000000012,16.673458947075737,-0.0603416189551353,0.2595310236959176,0.34756441058534565,4.533960664272309,0.0458790667247436,0.0,0.0,0.0,0.0,-0.0036190222524713905,-0.48245769739151,4047.1173470430695,3433.9177490062402
5.625000000000012,16.675995720757378,-0.0550307788782649,0.2472667174676688,0.3309465535481771,4.345681822299958,0.0430932649858716,0.0,0.0,0.0,0.0,-0.0032999995802209018,-0.4984525740146637,3879.0553315447987,3291.3196752501317
5.650000000000013,16.678502824571396,-0.0493811940153439,0.234589055348726,0.31425593983043326,4.144246137142182,0.0403106132672265,0.0,0.0,0.0,0.0,-0.0029607689931612853,-0.5166335701942444,3699.2492158588825,3138.7569104257177
5.675000000000013,16.680967542860245,-0.0435255178146892,0.2214423273380362,0.29716877330433233,3.9343377113342286,0.0374738452829931,0.0,0.0,0.0,0.0,-0.0026092921590341986,-0.5349083542823792,3511.880137412275,2979.777086289202
5.7000000000000135,16.683366563585068,-0.0374186370107862,0.2078536976787182,0.27976136641068894,3.71887395977974,0.0345822411474393,0.0,0.0,0.0,0.0,-0.00224287087789944,-0.5519518852233887,3319.5522477050304,2816.5897859315405
5.725000000000014,16.68567763434516,-0.0310641754832532,0.1938899617798626,0.2621568806966146,3.4930332183837893,0.0316432691548876,0.0,0.0,0.0,0.0,-0.0018617269351597617,-0.5634444355964661,3117.961618704874,2645.543191628378
5.750000000000014,16.687883800930447,-0.0247018908460934,0.1797231432031315,0.24470630992542614,3.250350677967072,0.0287228737512366,0.0,0.0,0.0,0.0,-0.0014802290776207423,-0.5708303451538086,2901.33761336569,2461.741005279979
5.775000000000015,16.689964930216473,-0.018543547226323,0.1653578525461624,0.2267781113133286,3.003346484899521,0.0257855995238798,0.0,0.0,0.0,0.0,-0.0011110596878936931,-0.5781299471855164,2680.8560016849005,2274.665698399309
5.800000000000015,16.691891352335613,-0.0125533704542451,0.1508229518172688,0.20934002500591856,2.754886651039124,0.0228260234029883,0.0,0.0,0.0,0.0,-0.0007520639925857514,-0.5844943523406982,2459.0750516242674,2086.4879225902873
5.825000000000015,16.693647172715927,-0.0067516659489936,0.1361820489546116,0.19218340787020596,2.501113319396973,0.0198572817427279,0.0,0.0,0.0,0.0,-0.00040444522872320636,-0.5863731503486633,2232.5511514945115,1894.2858255104943
5.850000000000016,16.695215437147354,-0.0012660747031784,0.1215317001924631,0.17551537253639915,2.2384798258543017,0.0169075874058967,0.0,0.0,0.0,0.0,-7.583458314418308e-05,-0.5853714346885681,1998.1184675043728,1695.373245155225
5.875000000000016,16.69658025105794,0.0036827795621421,0.1069189269688199,0.15932061860055635,1.973158770799637,0.0139817460458759,0.0,0.0,0.0,0.0,0.00022057088977299702,-0.5834763646125793,1761.2868044268891,1494.4251673925116
5.900000000000016,16.697728898790146,0.0081133252630631,0.092363628090452,0.14384517554080847,1.709987297654152,0.0110719130407943,0.0,0.0,0.0,0.0,0.00048589393876498745,-0.5806511044502258,1526.3739074962061,1295.1051336331445
5.925000000000017,16.698647605048286,0.0120021868497133,0.0779198324379743,0.12919354987866952,1.4459099918603897,0.0081835535925218,0.0,0.0,0.0,0.0,0.0007187520291214981,-0.5748465657234192,1290.6524435540694,1095.0990430155737
5.950000000000017,16.69932789272732,0.015302798193362,0.063624741042864,0.11529908151337595,1.1817827433347703,0.00531466577894,0.0,0.0,0.0,0.0,0.0009163721014201104,-0.5683760643005371,1054.88639958325,895.0551269191211
5.975000000000017,16.69976658291287,0.0178839990662203,0.0495041990512623,0.1025693095814098,0.9154571384191512,0.002455899147835,0.0,0.0,0.0,0.0,0.00107091311590661,-0.5614572763442993,817.1580522446358,693.3462261469637
6.000000000000018,16.699963675604927,0.0196932877103487,0.0355401885139192,0.09104286887428978,0.6511784553527833,-0.0004068029279589,0.0,0.0,0.0,0.0,0.001179241350034574,-0.5559131503105164,581.2568343271977,493.1876170048949
6.025000000000018,16.69992234971788,0.0206965539190504,0.0217111191006537,0.0807659368804007,0.3870624512434006,-0.0032705044856393,0.0,0.0,0.0,0.0,0.0012393203684207571,-0.5506640076637268,345.50082738037975,293.1522171712312
6.0500000000000185,16.699646843804253,0.0208722944888803,0.0079955747310826,0.07180531935258345,0.1253082947805524,-0.0061360106665529,0.0,0.0,0.0,0.0,0.0012498644243260837,-0.5468054413795471,111.853059849198,94.90562653871343
6.075000000000019,16.699142456054688,0.0202511830462349,-0.0056180876021848,0.06420534191709576,-0.1335765732452273,-0.0090226428311947,0.0,0.0,0.0,0.0,0.0012127079638686675,-0.5423688888549805,-119.23351497053486,-101.16783088409017
6.100000000000019,16.698420842488606,0.018830034467909,-0.0191423379428934,0.058010707046046404,-0.3913935959339142,-0.011943807794774,0.0,0.0,0.0,0.0,0.0011276536054233685,-0.5400189757347107,-349.36690653445294,-296.43252675650547
6.12500000000002,16.697488360934788,0.0166162558727794,-0.0326410963183942,0.053214351191665184,-0.6479643777012826,-0.0149045506090884,0.0,0.0,0.0,0.0,0.0009951350474754373,-0.5403000712394714,-578.3878748497514,-490.75334835736476
6.15000000000002,16.69635560777452,0.0136473133332199,-0.0461751270141764,0.049801232598044656,-0.9027935892343522,-0.017896894014361,0.0,0.0,0.0,0.0,0.0008173827662645818,-0.542694628238678,-805.8542776034504,-683.7551446332305
6.17500000000002,16.695031060112846,0.0100307145880328,-0.0597652006061479,0.04771680976405288,-1.1512382358312607,-0.0209235464246143,0.0,0.0,0.0,0.0,0.000600820360975417,-0.5438475012779236,-1027.6216711641337,-871.9214179574466
6.200000000000021,16.693525314331055,0.0059509039339092,-0.073368531746921,0.04682922059839422,-1.394838145375252,-0.0239543589837736,0.0,0.0,0.0,0.0,0.000356479762174648,-0.5444528460502625,-1245.0645412406964,-1056.4183986284695
6.225000000000021,16.69184790717231,0.0015067381577359,-0.0869847084787645,0.047091617295236296,-1.6343894809484485,-0.0269693496612848,0.0,0.0,0.0,0.0,9.02679059931088e-05,-0.5447162389755249,-1458.8935612728365,-1237.8490822921035
6.250000000000021,16.690007315741646,-0.0031861365358862,-0.1005996451762254,0.04837408184214975,-1.868460112810135,-0.0299615963189084,0.0,0.0,0.0,0.0,-0.00019090084717225417,-0.544603705406189,-1667.8303793854402,-1415.1288067512824
6.275000000000022,16.688013076782227,-0.0079630527438388,-0.1141988858680117,0.05080555933894533,-2.094890090823174,-0.0329359134525525,0.0,0.0,0.0,0.0,-0.00047717201006497716,-0.5426852703094482,-1869.9469745134725,-1586.6216753447643
6.300000000000022,16.685881084865994,-0.0126329612814717,-0.1276978418999997,0.0543599728381995,-2.3126531064510347,-0.0359112479969567,0.0,0.0,0.0,0.0,-0.0007571048371505973,-0.5370535254478455,-2064.3272401026043,-1751.5503855416032
6.325000000000022,16.683625115288628,-0.017104267867075,-0.1410481852207828,0.059047224377140856,-2.5260689139366157,-0.0388222141458732,0.0,0.0,0.0,0.0,-0.0010252129107960418,-0.5309253931045532,-2254.827087931946,-1913.1866200634693
6.350000000000023,16.68126000298394,-0.0213240770002206,-0.1542326801846813,0.06488857961062229,-2.7350547134876253,-0.0416751670755127,0.0,0.0,0.0,0.0,-0.0012783253181358097,-0.5236043930053711,-2441.372609006577,-2071.4676682480044
6.375000000000023,16.67880376180013,-0.025269142869446,-0.1672160399072515,0.07190988482850971,-2.939269959926605,-0.0444752375321626,0.0,0.0,0.0,0.0,-0.001515045277247073,-0.5145077705383301,-2623.6598248853056,-2226.135608993592
6.400000000000024,16.676275465223526,-0.0288459306789769,-0.1799718491594313,0.08017037767352479,-3.1344458639621737,-0.0472225711574451,0.0,0.0,0.0,0.0,-0.0017297585866299587,-0.5059924125671387,-2797.878316274432,-2373.957359263154
6.425000000000024,16.673695246378582,-0.031928742925326,-0.1924740422520515,0.08945383418690074,-3.3207010030746464,-0.0499327391213589,0.0,0.0,0.0,0.0,-0.0019149170267017273,-0.4939809441566467,-2964.1339281543364,-2515.0227269188304
6.450000000000024,16.671086417304146,-0.0344873426689042,-0.2046691728709855,0.10006351991133257,-3.5028509080410006,-0.0525475867241938,0.0,0.0,0.0,0.0,-0.0020686919739740088,-0.4819181859493255,-3126.725113816926,-2652.9788844507248
6.4750000000000245,16.668470170762802,-0.0365339964628219,-0.2165646146435016,0.11178008455218691,-3.6809496104717256,-0.0550754925204106,0.0,0.0,0.0,0.0,-0.002191802612269965,-0.4694888293743133,-3285.7001031177947,-2787.8667541605523
6.500000000000025,16.665864520602756,-0.0381025920311609,-0.2281268616741351,0.12455355095140862,-3.853876173496247,-0.0575320339217918,0.0,0.0,0.0,0.0,-0.00228626555700471,-0.4548796713352203,-3440.0583220798467,-2918.8373641889607
6.525000000000025,16.663292778862846,-0.0391978853278689,-0.2393001873170762,0.13829239469585997,-4.021313416957856,-0.0598942931788003,0.0,0.0,0.0,0.0,-0.0023523493134316687,-0.4392622709274292,-3589.5166484156603,-3045.650489564802
6.550000000000026,16.660772959391277,-0.0397779171665509,-0.2501128044351228,0.15295329816413647,-4.176993089914323,-0.0621743210953688,0.0,0.0,0.0,0.0,-0.0023875193103888403,-0.4247845113277435,-3728.4798974727028,-3163.5587008859293
6.575000000000026,16.658329433865017,-0.0397474525703324,-0.2605316565412444,0.16835745031183416,-4.326128804683686,-0.0643523977958631,0.0,0.0,0.0,0.0,-0.0023860407328437803,-0.4091328382492065,-3861.601859262733,-3276.5106684653488
6.600000000000026,16.655975977579754,-0.0391334833370314,-0.2705709083234889,0.1843568536007043,-4.4707714259624485,-0.0664215033540973,0.0,0.0,0.0,0.0,-0.0023495160769749024,-0.393754780292511,-3990.7131826828745,-3386.059670155166
6.625000000000027,16.653722127278645,-0.0380069845252566,-0.2802068243586408,0.20052428968024977,-4.611113715171815,-0.0683864522659796,0.0,0.0,0.0,0.0,-0.0022821915866484592,-0.3764921128749847,-4115.985931001726,-3492.3516990317676
6.650000000000027,16.65157741970486,-0.0364009125365151,-0.2893779189150331,0.21708213343764796,-4.745517784357071,-0.070242267749223,0.0,0.0,0.0,0.0,-0.0021860338885035364,-0.357087641954422,-4235.958087840042,-3594.146256349126
6.675000000000027,16.649550331963432,-0.0343950341145197,-0.2980581928825238,0.23374901280258636,-4.875426715612412,-0.0719792022181187,0.0,0.0,0.0,0.0,-0.002065823606568454,-0.337251752614975,-4351.917781395014,-3692.5362993654658
6.700000000000028,16.647650400797527,-0.0319955415195888,-0.3062838319624242,0.2504620107014973,-4.992821049690247,-0.0736012628978695,0.0,0.0,0.0,0.0,-0.00192192536179496,-0.3201466798782348,-4456.706658289081,-3781.4480736998257
6.725000000000028,16.645889282226562,-0.02905266566409,-0.3140790376311407,0.2671039373224432,-5.0998351812362674,-0.0751033689764582,0.0,0.0,0.0,0.0,-0.0017453357505573834,-0.3033507466316223,-4552.229928169095,-3862.4981208707463
6.750000000000028,16.644270155164932,-0.0255932638214694,-0.321443010940346,0.2835184455640388,-5.203389537334442,-0.076479524180243,0.0,0.0,0.0,0.0,-0.001537662125336717,-0.2855478525161743,-4644.664923079678,-3940.9278135221507
6.775000000000029,16.64279407925076,-0.0217132580777009,-0.3283485543574079,0.29958953395034327,-5.3030775666236885,-0.0777278975859745,0.0,0.0,0.0,0.0,-0.0013046642273109473,-0.2667226195335388,-4733.648745945244,-4016.4292389838424
6.800000000000029,16.64145999484592,-0.0174822865260971,-0.3347607471825325,0.3152190792199337,-5.3962631106376655,-0.0788499289651169,0.0,0.0,0.0,0.0,-0.0010505260074243242,-0.2459238171577453,-4816.828301216737,-4087.005831335412
6.8250000000000295,16.64027214050293,-0.0129568711337116,-0.3406429043717042,0.33035691232392284,-5.484067106246949,-0.0798393016324598,0.0,0.0,0.0,0.0,-0.0007786453865844046,-0.2245976477861404,-4895.204162871251,-4153.506562436213
6.85000000000003,16.63922839694553,-0.008226346431507,-0.3459911643413422,0.3448453868519176,-5.566431140899659,-0.0806958075285429,0.0,0.0,0.0,0.0,-0.0004943947060079488,-0.2033472806215286,-4968.724190524367,-4215.887191960069
6.87500000000003,16.63832770453559,-0.0032873705236448,-0.3508747027007614,0.3588035907167377,-5.636605060100556,-0.081417823789577,0.0,0.0,0.0,0.0,-0.0001975781810541372,-0.1874245405197143,-5031.363041352053,-4269.035307813863
6.900000000000031,16.63757218254937,0.0019193161278963,-0.3553540397857337,0.37215350526751895,-5.701472783088684,-0.0820039064829085,0.0,0.0,0.0,0.0,0.0001153603486636957,-0.1704738438129425,-5089.26545965867,-4318.164632437659
6.925000000000031,16.63696183098687,0.0073329152332411,-0.3593860656761137,0.38482551805900805,-5.760909307003022,-0.0824535812329684,0.0,0.0,0.0,0.0,0.00044076047704715607,-0.1516269296407699,-5142.319865021551,-4363.180491533436
6.950000000000031,16.636500888400608,0.0129338188303841,-0.3629195810999445,0.3967904709324692,-5.813130128383637,-0.0827658951274291,0.0,0.0,0.0,0.0,0.0007774362479914203,-0.13102588057518,-5188.933368696543,-4402.731343136459
6.975000000000032,16.63619041442871,0.018658439318339,-0.3659331808999645,0.40800567626953127,-5.860101997852325,-0.0829412434792648,0.0,0.0,0.0,0.0,0.001121557210727546,-0.110071949660778,-5230.861537427199,-4438.3067590291375
7.000000000000032,16.636030409071182,0.0244258385565545,-0.3684192750670671,0.41847588741418085,-5.901476192474366,-0.0829783238362549,0.0,0.0,0.0,0.0,0.0014682492130596097,-0.0888652428984642,-5267.793093118513,-4469.642624464192
7.025000000000032,16.636021931966145,0.0301613431009981,-0.3703728368846947,0.4281534876967921,-5.936897563934327,-0.0828757297164488,0.0,0.0,0.0,0.0,0.001813014146311206,-0.0675036907196044,-5299.411022233183,-4496.469958258457
7.050000000000033,16.636164983113606,0.0357972582181294,-0.3717917691134889,0.43700903690222537,-5.965822875499725,-0.0826352878819067,0.0,0.0,0.0,0.0,0.0021517734558694924,-0.0462608449161052,-5325.230419196067,-4518.37732537848
7.075000000000033,16.636463801066082,0.0412926781508657,-0.3726898203225773,0.4450217784534801,-5.987481665611267,-0.0822564199273293,0.0,0.0,0.0,0.0,0.002482058606001332,-0.0256260372698307,-5344.563552336615,-4534.781195921975
7.100000000000033,16.636918385823567,0.0465992217262586,-0.3730684885400729,0.4521592943596117,-6.002820217609406,-0.0817405905913162,0.0,0.0,0.0,0.0,0.002800952715255616,-0.0047398032620549,-5358.255095882494,-4546.398263173025
7.125000000000034,16.637530856662327,0.0516652688384056,-0.3729251106048858,0.4583679384173769,-6.010843765735626,-0.0810867221258637,0.0,0.0,0.0,0.0,0.003105344734355025,0.0157288927584886,-5365.417099086965,-4552.475114376818
7.150000000000034,16.638303332858616,0.0564812786049313,-0.3722844872046672,0.46363148082386363,-6.011121225357056,-0.0802977232022249,0.0,0.0,0.0,0.0,0.003394653738124108,0.0354647673666477,-5365.6647659129785,-4552.685255926163
7.1750000000000345,16.639234754774307,0.0610093068745401,-0.3711445543895724,0.4678747928503788,-6.005150878429413,-0.0793752999079731,0.0,0.0,0.0,0.0,0.0036665933123537823,0.0556630901992321,-5360.335497221009,-4548.163452187522
7.200000000000035,16.640325122409397,0.0651997576157252,-0.3694926288549099,0.47107846346768467,-5.99216343164444,-0.0783197102368389,0.0,0.0,0.0,0.0,0.003918178108666951,0.0767285227775573,-5348.742604148193,-4538.327058065132
7.225000000000035,16.641576555040146,0.0690438888139194,-0.3672854009434522,0.4731724872011127,-5.970202064514161,-0.0771348698678627,0.0,0.0,0.0,0.0,0.00414887907918847,0.0997656509280204,-5329.1393838163285,-4521.694022632036
7.2500000000000355,16.64298481411404,0.0724968976444668,-0.3644977037828982,0.47400046608664775,-5.941356778144836,-0.0758209868605045,0.0,0.0,0.0,0.0,0.004356003352414646,0.1231541708111763,-5303.391419180104,-4499.847264758876
7.275000000000036,16.6445435418023,0.0754903505245844,-0.3611244440776629,0.4734279285777699,-5.9054762840271,-0.0743807743101249,0.0,0.0,0.0,0.0,0.004535441319552713,0.146631971001625,-5271.363666643862,-4472.672202000852
7.300000000000036,16.646241082085503,0.0779648125171661,-0.3571610611643798,0.4713869591915246,-5.8610920906066895,-0.0728172823684098,0.0,0.0,0.0,0.0,0.00468362870228228,0.170958325266838,-5231.745316943185,-4439.056632557853
7.325000000000037,16.648070017496746,0.0799107882711622,-0.3525675410476702,0.4678673484108665,-5.807315158843995,-0.0711336152825049,0.0,0.0,0.0,0.0,0.004800003134728396,0.1965357214212417,-5183.742793427141,-4398.327218665451
7.350000000000037,16.65001975165473,0.081268772482872,-0.3473364934555093,0.46288504860617896,-5.745758843421936,-0.0693304242785204,0.0,0.0,0.0,0.0,0.004881001566066926,0.2219576090574264,-5128.796213513516,-4351.705878132679
7.375000000000037,16.652075449625652,0.0819722811381022,-0.3414723126036957,0.4564847449100379,-5.676151525974274,-0.0674112775761983,0.0,0.0,0.0,0.0,0.004922646512506943,0.2472040206193924,-5066.663124414741,-4298.9868934428105
7.400000000000038,16.65422757466634,0.0819779766930474,-0.3349904781160654,0.44872044418797347,-5.595993149280549,-0.0653803301229578,0.0,0.0,0.0,0.0,0.004922352377227546,0.2712271511554718,-4995.111917677475,-4238.276778635432
7.425000000000038,16.656469768948025,0.0813826421896616,-0.3278749111575373,0.4397020097212358,-5.500456500053407,-0.0632535171928529,0.0,0.0,0.0,0.0,0.004885947821991664,0.2979889214038849,-4909.833711932919,-4165.919513155202
7.450000000000038,16.65879037645128,0.0802250372038947,-0.3200897922114495,0.42933256207090437,-5.393173670768738,-0.0610324741332405,0.0,0.0,0.0,0.0,0.0048157780601705705,0.3248992264270782,-4814.070596284554,-4084.6659604838633
7.475000000000039,16.66118092007107,0.0785071320003933,-0.3116398150992235,0.417956367261482,-5.276815867424012,-0.058707322280952,0.0,0.0,0.0,0.0,0.004711978843337499,0.3511164784431457,-4710.206950512089,-3996.5392307375296
7.500000000000039,16.66362550523546,0.0761605136924319,-0.3025446539234121,0.40552273374615294,-5.1521407008171085,-0.0562852833798496,0.0,0.0,0.0,0.0,0.004570464792820952,0.376516193151474,-4598.919035401501,-3902.1131209467276
7.525000000000039,16.666111416286892,0.0731306357516182,-0.2928229175221323,0.3920560478441643,-5.018849098682404,-0.0537688874329689,0.0,0.0,0.0,0.0,0.004387984330895062,0.4012417793273926,-4479.9398921845395,-3801.161120641427
7.55000000000004,16.668626997205948,0.0694678723812103,-0.2824299646576118,0.3778789173473011,-4.867774963378906,-0.0512232882602599,0.0,0.0,0.0,0.0,0.004167582152558501,0.430220752954483,-4345.087651737401,-3686.741037837794
7.57500000000004,16.671166949801975,0.0652534721626175,-0.2713229683705704,0.3629716815370502,-4.70636647939682,-0.0485907493615273,0.0,0.0,0.0,0.0,0.00391415144237354,0.4580915868282318,-4201.010734477982,-3564.4939565267714
7.60000000000004,16.67371431986491,0.0604215967986318,-0.2595422422620095,0.3472426165956439,-4.5344355583190925,-0.0458781616660919,0.0,0.0,0.0,0.0,0.0036237634662269623,0.4825273752212524,-4047.541248368436,-3434.2774228580665
7.625000000000041,16.676243676079643,0.0551051315334108,-0.2472762549133226,0.33062877308238636,-4.346124881505967,-0.0430923432824631,0.0,0.0,0.0,0.0,0.0033044091105752698,0.4985167980194092,-3879.4508163606547,-3291.6552381241913
7.650000000000041,16.678742302788628,0.0494497434960471,-0.2345971613452939,0.3139436710242069,-4.144668167829514,-0.0403095729699257,0.0,0.0,0.0,0.0,0.002964836472578587,0.5166856646537781,-3699.6259301363452,-3139.076546782353
7.675000000000042,16.68119960361057,0.0435883510443899,-0.2214492182673568,0.2968624276825876,-3.9347264468669896,-0.0374728465975843,0.0,0.0,0.0,0.0,0.0026130225691295846,0.5349547266960144,-3512.2271316706165,-2980.0715056599165
7.700000000000042,16.68359120686849,0.0374759568108452,-0.2078594900540891,0.2794608468720407,-3.719231444597245,-0.0345812705500577,0.0,0.0,0.0,0.0,0.0022462763769599365,0.5519932508468628,-3319.871346857705,-2816.860536727749
7.725000000000042,16.685895919799805,0.0311158721645673,-0.1938945224432293,0.26186167861476084,-3.4933848619461063,-0.0316423235246412,0.0,0.0,0.0,0.0,0.0018648008062692402,0.5635036826133728,-3118.2755038191067,-2645.809518391969
7.750000000000043,16.688094668918186,0.0247476581070158,-0.1797264055754669,0.24441691080729167,-3.250673991441727,-0.0287218719449359,0.0,0.0,0.0,0.0,0.001482952883357539,0.5708776116371155,-2901.626210393476,-2461.985875485373
7.775000000000043,16.690168380737305,0.0185836623940202,-0.1653599830750344,0.22649562951290247,-3.003632414340973,-0.0257846289264982,0.0,0.0,0.0,0.0,0.0011134496651015362,0.5781715512275696,-2681.1112288666554,-2274.88225479595
7.800000000000043,16.692088445027668,0.01258819984893,-0.1508241169502457,0.20906396114464962,-2.7551378250122074,-0.022825061127985,0.0,0.0,0.0,0.0,0.0007541416935566168,0.5845305919647217,-2459.2992552772903,-2086.678155992852
7.825000000000044,16.69383790757921,0.0067814072180125,-0.1361822320469366,0.19191377119584518,-2.501337039470673,-0.0198563184274273,0.0,0.0,0.0,0.0,0.00040622217943865727,0.5864104628562927,-2232.7508491668546,-1894.455265959755
7.850000000000044,16.695399814181858,0.001290925235177,-0.1215309511784065,0.17525224165482955,-2.2386785745620728,-0.0169066043249475,0.0,0.0,0.0,0.0,7.732221148010048e-05,0.5854068994522095,-1998.2958751623748,-1695.5237728650452
7.875000000000044,16.696759329901802,-0.0036624811279277,-0.1069173457169227,0.15906434723825166,-1.9733233481645585,-0.013980772847751,0.0,0.0,0.0,0.0,-0.00021935281305568414,0.58350670337677,-1761.4337099600036,-1494.5498145115178
7.900000000000045,16.69790161980523,-0.0080971621597806,-0.0923613477587686,0.14359556718306107,-1.710123983025551,-0.0110709585680208,0.0,0.0,0.0,0.0,-0.0004849209406154741,0.5806789994239807,-1526.4959159957584,-1295.208655996401
7.925000000000045,16.698815027872723,-0.0119898333731624,-0.0779169279279105,0.12895053979122278,-1.4460179090499878,-0.0081826355301538,0.0,0.0,0.0,0.0,-0.0007180050412648829,0.5748686790466309,-1290.7487729142924,-1095.1807770181874
7.950000000000045,16.69949001736111,-0.0152938885407315,-0.0636213538348525,0.11506291013775449,-1.1818667113780976,-0.0053137991462698,0.0,0.0,0.0,0.0,-0.0009158296765249525,0.5683932304382324,-1054.9613513858594,-895.1187223880017
7.975000000000046,16.69992340935601,-0.0178781793349319,-0.0495004498197902,0.10233978040290602,-0.9155170112848282,-0.0024550943478356,0.0,0.0,0.0,0.0,-0.0010705545706225083,0.5614687204360962,-817.2114961386704,-693.3915724812961
8.000000000000046,16.700115203857422,-0.0196901563968923,-0.0355362187394193,0.09081975532300544,-0.651217007637024,0.0004075433595627,0.0,0.0,0.0,0.0,-0.001179043147699019,0.5559199452400208,-581.2912469809173,-493.21681562017216
8.025000000000047,16.70006857977973,-0.0206957198679447,-0.0217070411352345,0.08054906671697443,-0.3870806686580181,0.0032711836372303,0.0,0.0,0.0,0.0,-0.0012392595736404855,0.5506663918495178,-345.5170886627719,-293.16601462295796
8.050000000000047,16.699787775675457,-0.0208733479181925,-0.0079914837619471,0.0715945087779652,-0.1253077745437622,0.006136632114153,0.0,0.0,0.0,0.0,-0.0012499169569445763,0.5468043684959412,-111.85259547389923,-94.90523252330841
8.075000000000047,16.69927914937337,-0.020253707965215,0.005622110431847,0.06400036667332505,0.133594005741179,0.0090232139544128,0.0,0.0,0.0,0.0,-0.0012128492364279692,0.542364776134491,119.24907561651142,101.18103385643391
8.100000000000048,16.698552237616646,-0.0188336376514699,0.0191462369771768,0.05781129201253255,0.3914259418845177,0.0119443409471407,0.0,0.0,0.0,0.0,-0.0011278605105084242,0.540013313293457,349.3957792723277,296.4570248371265
8.125000000000048,16.697616577148438,-0.016620566861497,0.0326448455498663,0.053020231073552915,0.6480097934603691,0.0149050582741712,0.0,0.0,0.0,0.0,-0.0009953855860029219,0.5402939319610596,578.428413998641,490.787745210968
8.150000000000048,16.696478525797527,-0.0136520009901788,0.0461787264428372,0.04961209846265388,0.9028503224253656,0.0178973891958762,0.0,0.0,0.0,0.0,-0.0008176575059875805,0.5426888465881348,805.9049189518223,683.7981130500309
8.175000000000049,16.695149739583332,-0.0100355119340949,0.0597686543931866,0.04753192208030007,1.151303292810917,0.0209240395255349,0.0,0.0,0.0,0.0,-0.0006011034396595571,0.543842077255249,1027.6797425172858,871.9706906207273
8.200000000000049,16.693640814887154,-0.0059555936604738,0.073371869020662,0.0466480879350142,1.394910138845444,0.0239548531249915,0.0,0.0,0.0,0.0,-0.00035675822467455304,0.5444487929344177,1245.128804264499,1056.4729248304836
8.22500000000005,16.691959169175888,-0.0015111619399653,0.0869879625287214,0.04691388130187988,1.63446643948555,0.0269698479636919,0.0,0.0,0.0,0.0,-9.053232904834076e-05,0.5447136163711548,1458.9622562293148,1237.9073689218426
8.25000000000005,16.690114339192707,0.0031820707954466,0.1006028576142903,0.04820040934013598,1.868539553880692,0.0299621008630993,0.0,0.0,0.0,0.0,0.00019065602132960075,0.5446030497550964,1667.901290308257,1415.1889735948844
8.27500000000005,16.68811586168077,0.0079593605672319,0.1142020733389414,0.05063457091649373,2.0949698239564896,0.0329364263191218,0.0,0.0,0.0,0.0,0.0004769478252190335,0.5426849722862244,1870.018146138211,1586.6820633899968
8.30000000000005,16.68597963121202,0.0126296054157945,0.127701021048551,0.05419252467877937,2.3127316713333133,0.035911760863526,0.0,0.0,0.0,0.0,0.0007568992468485425,0.5370537042617798,2064.3973689196546,1751.6098887803125
8.32500000000005,16.683719423082138,0.0171011965721845,0.1410513810140909,0.05888363661188068,2.5261451423168184,0.0388227072467938,0.0,0.0,0.0,0.0,0.0010250230262518548,0.5309262275695801,2254.895131133619,1913.244353689131
8.350000000000051,16.681351131863064,0.021321206457085,0.154235909267503,0.06472926989649282,2.735128897428513,0.0416756372898926,0.0,0.0,0.0,0.0,0.0012781462537743327,0.5236049890518188,2441.4388272947954,2071.5238534622504
8.375000000000052,16.678890652126736,0.0252663758065965,0.1672192689900732,0.07175544926614473,2.939340054988861,0.0444757077465425,0.0,0.0,0.0,0.0,0.0015148714823773226,0.5145074129104614,2623.722393346615,2226.188697385006
8.400000000000052,16.676359176635742,0.0288431511984931,0.1799750948870098,0.08002122127648556,3.134512454271317,0.0472230143240953,0.0,0.0,0.0,0.0,0.001729583231746623,0.5059927105903625,2797.937756312676,2374.0077932349973
8.425000000000052,16.67377577887641,0.031925853755739,0.1924772713348732,0.08931063420844801,3.3207652568817143,0.0499331885297928,0.0,0.0,0.0,0.0,0.001914734501598916,0.4939810335636139,2964.191282577203,2515.071391277626
8.450000000000053,16.67116377088759,0.0344843044877052,0.2046724352433209,0.09992655667391691,3.502913993597031,0.0525480423744115,0.0,0.0,0.0,0.0,0.002068500133621399,0.4819199442863464,3126.781425432104,2653.0266640029968
8.475000000000053,16.668544345431858,0.036530772017108,0.2165679269501074,0.11164969299778794,3.681012696027756,0.0550759544124122,0.0,0.0,0.0,0.0,0.002191599413845609,0.4694911241531372,3285.756414732972,2787.914533712825
8.500000000000053,16.665936575995552,0.0380991399288177,0.2281302239150113,0.12443001487038353,3.8539380908012393,0.0575325082973609,0.0,0.0,0.0,0.0,0.0022860485370917007,0.4548815786838531,3440.1135908873357,2918.8842589347087
8.525000000000054,16.663360595703125,0.0391941641767819,0.2393035994922228,0.13817583604292435,4.021373289823533,0.0598947529902072,0.0,0.0,0.0,0.0,0.0023521164264361325,0.4392651617527008,3589.5700923096947,3045.695835899134
8.550000000000054,16.660838656955296,0.039773823486434,0.2501162498997831,0.1528437273430102,4.177050918340683,0.0621747642620189,0.0,0.0,0.0,0.0,0.0023872641891187073,0.4247853457927704,3728.531516453282,3163.6024988088448
8.575000000000054,16.65839301215278,0.0397429408298598,0.2605351186506616,0.16825474016594164,4.32618488073349,0.0643528118341888,0.0,0.0,0.0,0.0,0.002385760787422063,0.4091337025165558,3861.6519140317796,3276.553139178479
8.600000000000055,16.656037436591255,0.0391285287009345,0.270574370432906,0.18426072322961057,4.470828086137772,0.066421886183504,0.0,0.0,0.0,0.0,0.002349209939632698,0.3937540650367737,3990.7637588557654,3386.1025832715577
8.625000000000055,16.65378146701389,0.0380015994111696,0.2802102531785443,0.2004344131007339,4.611169499158859,0.0683868142894403,0.0,0.0,0.0,0.0,0.0022818600980467584,0.3764892518520355,4116.035725068851,3492.393948543267
8.650000000000055,16.651633580525715,0.0363951259189181,0.2893812478663957,0.21699806906960228,4.745574736595154,0.070242606886143,0.0,0.0,0.0,0.0,0.002185679005180767,0.3570838868618011,4236.008924714855,3594.1893906671494
8.675000000000056,16.64960543314616,0.0343888998031616,0.2980614552548591,0.23367023121226918,4.875483959913254,0.0719795143073089,0.0,0.0,0.0,0.0,0.002065448333970721,0.3372473120689392,4351.968878971749,3692.57965488512
8.700000000000056,16.647703382703995,0.0319890367488066,0.3062869944662187,0.25038799401485556,4.99287303686142,0.0736015625034921,0.0,0.0,0.0,0.0,0.0019215285143800295,0.3201439380645752,4456.753063231218,3781.4874475901242
8.725000000000056,16.64594014485677,0.0290457697378264,0.3140821335559079,0.267034209280303,5.099887752532959,0.0751036394537564,0.0,0.0,0.0,0.0,0.0017449161468239994,0.3033472001552582,4552.276854515076,3862.537937164306
8.750000000000057,16.64431995815701,0.0255860408975018,0.3214459737070587,0.2834523657596473,5.203442692756653,0.076479769690406,0.0,0.0,0.0,0.0,0.001537223567068155,0.2855435311794281,4644.712370829505,3940.968072218973
8.775000000000057,16.64284176296658,0.021705770244201,0.3283514172555797,0.2995265567663944,5.303131306171418,0.0777281139678131,0.0,0.0,0.0,0.0,0.0013042105761349228,0.2667177021503448,4733.696715098913,4016.4699400839254
8.800000000000058,16.64150661892361,0.0174745710359679,0.3347634769226498,0.3151587468927557,5.396315681934357,0.0788501203798203,0.0,0.0,0.0,0.0,0.0010500594348889652,0.2459176629781723,4816.8752275627185,4087.0456476289723
8.825000000000058,16.640316645304363,0.0129489890403217,0.3406454676642533,0.33029879945697205,5.484119093418122,0.0798394639188387,0.0,0.0,0.0,0.0,0.0007781696296011112,0.2245914041996002,4895.250567813389,4153.545936326511
8.850000000000058,16.639271842108833,0.0082183598230282,0.3459935944758369,0.3447889524517637,5.566481375694275,0.0806959490089758,0.0,0.0,0.0,0.0,0.0004939134296868738,0.2033427208662033,4968.769031254972,4215.9252386405815
8.875000000000059,16.638369030422634,0.003279216794504,0.3508770662562288,0.3587489873712713,5.63665179014206,0.0814179403028746,0.0,0.0,0.0,0.0,0.0001970876345216334,0.1874219328165054,5031.404753659593,4269.070700074805
8.900000000000059,16.637612448798286,-0.0019276135652843,0.3553563034726603,0.37210024746981535,5.701520097255707,0.0820039938678818,0.0,0.0,0.0,0.0,-0.00011585878510011387,0.170470118522644,5089.307693370053,4318.200467101863
8.92500000000006,16.637001037597656,-0.0073413271456956,0.3593882294944994,0.38477349945993133,5.7609537005424505,0.0824536478119957,0.0,0.0,0.0,0.0,-0.0004412650530648563,0.1516215503215789,5142.359491713712,4363.214114181331
8.95000000000006,16.636539035373264,-0.0129423497451676,0.3629216117602756,0.39673956668738164,5.813173937797547,0.0827659367393211,0.0,0.0,0.0,0.0,-0.000777947247179781,0.1310204267501831,5188.972473984861,4402.764523381093
8.97500000000006,16.636227501763237,-0.0186670447389284,0.3659350784022412,0.40795585401130446,5.860145223140717,0.0829412559628324,0.0,0.0,0.0,0.0,-0.001122071980378359,0.1100664734840393,5230.900121311673,4438.33949687051
9.00000000000006,16.636066436767578,-0.0244344708820184,0.3684210061217756,0.41842714714281487,5.901518249511719,0.0829783155138765,0.0,0.0,0.0,0.0,-0.0014687649255845402,0.0888598561286926,5267.830634195297,4469.674477499039
9.02500000000006,16.636055840386284,-0.0301699609392219,0.3703744680708624,0.4281058386600379,5.936938452720643,0.0828757005881244,0.0,0.0,0.0,0.0,-0.0018135284726551726,0.0674984976649284,5299.447520502279,4496.500926486782
9.05000000000006,16.636197831895615,-0.0358058305250273,0.3717933004311157,0.4369624929717093,5.965861427783967,0.0826352421088255,0.0,0.0,0.0,0.0,-0.0021522844875274845,0.04625691100955,5325.264831849788,4518.406523993758
9.07500000000006,16.63649559020996,-0.0413012090656492,0.3726912184821496,0.44497646447384,5.987519049644471,0.0822563491871128,0.0,0.0,0.0,0.0,-0.002482566646424841,0.0256219003349542,5344.596922182646,4534.80950973073
9.100000000000062,16.63694911532932,-0.0466076864136589,0.3730697868311043,0.4521152288263494,6.002855849266052,0.0817404782392077,0.0,0.0,0.0,0.0,-0.002801456330158183,0.0047352304682135,5358.286901516993,4546.425249771994
9.125000000000062,16.63756052652995,-0.0516736879944801,0.3729263090273763,0.4583251953125,6.010874724388123,0.0810865598394847,0.0,0.0,0.0,0.0,-0.00310584522965865,-0.015732092782855,5365.44473349071,4552.498561749692
9.150000000000064,16.638331943088108,-0.0564896936217943,0.3722855857586169,0.4635901063861269,6.011149847507477,0.0802975068203863,0.0,0.0,0.0,0.0,-0.003395153661738383,-0.03546904027462,5365.690314701346,4552.70693368599
9.175000000000065,16.6392633650038,-0.0610177177521917,0.3711455197854676,0.4678348425662879,6.005177748203278,0.0793750252694857,0.0,0.0,0.0,0.0,-0.003667092491637941,-0.0556684024631977,5360.359481797844,4548.183802737564
9.200000000000063,16.64035161336263,-0.0652081436581081,0.3694934610927505,0.4710399373372396,5.992189717292786,0.0783193939864595,0.0,0.0,0.0,0.0,-0.003918675829286221,-0.0767339020967483,5348.766067321184,4538.346966211912
9.225000000000064,16.64160198635525,-0.0690521920720736,0.3672861000232384,0.47313547770182296,5.9702271819114685,0.0771345452951048,0.0,0.0,0.0,0.0,-0.004149371684810797,-0.0997711867094039,5329.161804181631,4521.713045972292
9.250000000000064,16.643010245429146,-0.0725050684478547,0.3644982697046298,0.4739650841915246,5.9413813114166265,0.0758206664489358,0.0,0.0,0.0,0.0,-0.004356487641276768,-0.1231593340635299,5303.413318141563,4499.86584569587
9.275000000000064,16.644567913479275,-0.0754983392026689,0.3611248768413401,0.4733942112778172,5.90550023317337,0.0743804622209346,0.0,0.0,0.0,0.0,-0.00453591463564086,-0.1466366052627563,5271.385044201476,4472.690340534585
9.300000000000065,16.646264394124348,-0.0779725859562556,0.3571614273490296,0.4713548602479877,5.861116039752961,0.0728169702792195,0.0,0.0,0.0,0.0,-0.004684089121147065,-0.1709622144699096,5231.7666945007995,4439.074771091587
9.325000000000063,16.64809226989746,-0.0799183133575651,0.3525678073637792,0.46783671985973013,5.80733677148819,0.0711332948709362,0.0,0.0,0.0,0.0,-0.004800448727814345,-0.1965396404266357,5183.762085369376,4398.343587586137
9.350000000000064,16.650040944417317,-0.0812760492165883,0.3473366266135638,0.4628557979699337,5.745778703689576,0.0693300788998166,0.0,0.0,0.0,0.0,-0.004881432393344342,-0.2219619303941726,5128.813941244221,4351.72091984358
9.375000000000066,16.652096642388237,-0.0819793095191319,0.3414723458932093,0.4564567057291667,5.676168465614319,0.06741090306917,0.0,0.0,0.0,0.0,-0.004923062319398986,-0.2472089976072311,5066.678245126224,4298.999723137402
9.400000000000066,16.654247707790798,-0.0819847153292761,0.334990344958011,0.4486934500029593,5.596010088920593,0.0653799181652267,0.0,0.0,0.0,0.0,-0.004922751046324593,-0.2712339162826538,4995.127038388956,4238.289608330023
9.425000000000066,16.656488842434353,-0.0813890745242436,0.3278746115519146,0.4396759588068182,5.500469934940338,0.0632530740262028,0.0,0.0,0.0,0.0,-0.004886328402952213,-0.2979961633682251,4909.845704221335,4165.929688430223
9.450000000000069,16.658809449937607,-0.0802311384015613,0.3200892928687451,0.42930727871981533,5.393184769153596,0.0610320018382659,0.0,0.0,0.0,0.0,-0.004816138790870304,-0.3249072134494781,4814.080502957596,4084.674366145838
9.475000000000067,16.66119893391927,-0.0785128937827216,0.311639149308951,0.41793176824396305,5.276824045181275,0.0587068291800314,0.0,0.0,0.0,0.0,-0.00471231956920478,-0.3511243164539337,4710.214250165909,3996.545424383195
9.500000000000068,16.66364351908366,-0.0761659029457304,0.3025437551065442,0.405498652602687,5.152145957946778,0.0562847777953614,0.0,0.0,0.0,0.0,-0.004570783265886787,-0.3765235841274261,4598.923728036099,3902.1171025760837
9.525000000000068,16.666128370496963,-0.0731356359190411,0.2928218522576963,0.3920324198404948,5.0188526034355165,0.0537683776872915,0.0,0.0,0.0,0.0,-0.004388279886797745,-0.4012483954429626,4479.943020607605,3801.163775060997
9.550000000000068,16.668643951416016,-0.0694724751843346,0.2824287329456076,0.37785566850142044,4.867775839567185,0.0512227847563663,0.0,0.0,0.0,0.0,-0.004167854049005159,-0.4302269518375397,4345.088433843168,3686.741701442687
9.575000000000069,16.671183904012043,-0.0652576486269633,0.271321586855755,0.36294875636245266,4.706365311145783,0.0485902500188229,0.0,0.0,0.0,0.0,-0.003914397981732933,-0.458096981048584,4201.009691670293,3564.4930717202483
9.600000000000067,16.673730214436848,-0.0604253345065646,0.2595407442338964,0.34722001971620503,4.534432345628739,0.0458776623233875,0.0,0.0,0.0,0.0,-0.003623984179271756,-0.4825326204299927,4047.538380647293,3434.2749896401265
9.62500000000007,16.676258511013454,-0.0551084304849306,0.2472746403719117,0.33060642126834755,4.34611845612526,0.0430918335367857,0.0,0.0,0.0,0.0,-0.003304603994267389,-0.4985215067863464,3879.4450809183677,3291.650371688311
9.65000000000007,16.67875819736057,-0.049452640944057,0.2345954302905853,0.3139216475053267,4.144657653570175,0.0403090507406807,0.0,0.0,0.0,0.0,-0.0029650073679875597,-0.5166906118392944,3699.6165448671486,3139.0685835236404
9.67500000000007,16.68121443854438,-0.0435908801025814,0.2214473540545937,0.2968407139633641,3.934712135791779,0.0374722994012041,0.0,0.0,0.0,0.0,-0.002613171856472171,-0.5349599719047546,3512.2143572764326,2980.060666780003
9.70000000000007,16.68360498216417,-0.0374781547321213,0.2078574760385148,0.2794394614479759,3.719213336706162,0.0345806911044611,0.0,0.0,0.0,0.0,-0.0022464062636455263,-0.5519989132881165,3319.8551833385336,2816.846822226634
9.72500000000007,16.685908635457356,-0.0311177699930138,0.1938923752696004,0.2618406584768584,3.4933623731136323,0.0316417139104229,0.0,0.0,0.0,0.0,-0.001864913123573559,-0.5635093450546265,3118.255429771103,2645.79248586639
9.750000000000073,16.688108444213867,-0.0247493117219871,0.1797240919542699,0.24439630219430636,3.250646829605103,0.0287212446456635,0.0,0.0,0.0,0.0,-0.0014830507486645816,-0.570884108543396,2901.6019651147194,2461.9653037337007
9.775000000000071,16.690181096394856,-0.0185850883523623,0.1653575196510261,0.22647543704870976,3.003602331876755,0.0257839839421717,0.0,0.0,0.0,0.0,-0.0011135342537641338,-0.578177809715271,2681.0843765686773,2274.859471027968
9.800000000000072,16.692100101047092,-0.0125893940114312,0.1508215037234261,0.20904420332475143,2.7551054060459137,0.0228244171839558,0.0,0.0,0.0,0.0,-0.0007542127075215341,-0.5845361948013306,2459.2703173639347,2086.653602611823
9.825000000000072,16.693849563598633,-0.0067823571670386,0.1361795023068192,0.19189445957993015,2.501303160190582,0.0198556968497901,0.0,0.0,0.0,0.0,-0.0004062787999376551,-0.5864143371582031,2232.7206077438886,1894.4296065705719
9.850000000000072,16.69541147020128,-0.0012916334283848,0.1215281465368835,0.17523342016971472,2.238642650842667,0.0169060212383104,0.0,0.0,0.0,0.0,-7.736457593094759e-05,-0.5854088068008423,1998.2638088259546,1695.4965650644458
9.875000000000073,16.696769926283096,0.0036620250385668,0.1069145244306429,0.1590460274436257,1.973287716507912,0.0139802240909248,0.0,0.0,0.0,0.0,0.00021932535782278765,-0.5835065245628357,1761.4019043255053,1494.5228279125495
9.900000000000071,16.697912216186523,0.0080969614080256,0.092358551439624,0.1435777629505504,1.710087475180626,0.0110704368589245,0.0,0.0,0.0,0.0,0.00048490861032175113,-0.5806769132614136,1526.4633282554935,1295.1810057925397
9.925000000000074,16.698825624254013,0.0119898478604025,0.0779141898654147,0.1289332742402048,1.445980378985405,0.0081821234438075,0.0,0.0,0.0,0.0,0.0007180054532091159,-0.5748658776283264,1290.7152727173002,1095.152352608618
9.950000000000074,16.699499554104275,0.0152940489351749,0.0636186865125733,0.11504622719504616,1.1818264797329905,0.0053132831588086,0.0,0.0,0.0,0.0,0.0009158387582588394,-0.5683903098106384,1054.9254396960876,895.0882518633468
9.975000000000074,16.699932946099175,0.0178783945739269,0.0494978490765381,0.10232369162819602,0.9154746621847152,0.0024545650965839,0.0,0.0,0.0,0.0,0.0010705668478808471,-0.5614667534828186,817.173694359963,693.359498244817
10.000000000000076,16.700124740600586,0.0196903550790415,0.0355336512856809,0.09080427689985796,0.6511721760034561,-0.0004080902958687,0.0,0.0,0.0,0.0,0.0011790543714425797,-0.5559189915657043,581.251229235872,493.18286116983063
10.025000000000077,16.700077056884766,0.0206958378354708,0.0217044799232799,0.08053420326926491,0.3870340116322041,-0.0032717453327541,0.0,0.0,0.0,0.0,0.001239266008472622,-0.5506666302680969,345.47544153071334,293.13067766242335
10.050000000000075,16.69979625278049,0.0208733520574039,0.0079889043447898,0.07158025221391158,0.1252601865679025,-0.0061372072685232,0.0,0.0,0.0,0.0,0.001249916570325133,-0.5468053221702576,111.8101173544638,94.86919048257532
10.075000000000076,16.69928762647841,0.0202535858584774,-0.0056247174168828,0.06398672624067826,-0.133642834983766,-0.0090238004220161,0.0,0.0,0.0,0.0,0.0012128413086533879,-0.5423661470413208,-119.29266171911571,-101.21801600409817
10.100000000000076,16.69856071472168,0.0188333872291776,-0.0191488834935101,0.05779824401393081,-0.3914752639830113,-0.0119449320960819,0.0,0.0,0.0,0.0,0.0011278449413052603,-0.5400150418281555,-349.4398053094257,-296.49438026254296
10.125000000000076,16.69762399461534,0.0166202015760872,-0.032647531597497,0.05300776105938536,-0.648059006035328,-0.0149056439615516,0.0,0.0,0.0,0.0,0.0009953632673395264,-0.540295422077179,-578.4723422725182,-490.8250176857729
10.150000000000077,16.69648594326443,0.0136515508509344,-0.0461814436993869,0.04960017955664432,-0.902898731827736,-0.017897959278797,0.0,0.0,0.0,0.0,0.0008176301826218471,-0.5426896214485168,-805.9481302954135,-683.8347772203507
10.175000000000075,16.69515715705024,0.0100350255767504,-0.0597713674885471,0.04752048608028527,-1.1513495847582818,-0.0209245950442935,0.0,0.0,0.0,0.0,0.0006010740409540071,-0.5438412427902222,-1027.7210637719418,-872.0057510792232
10.200000000000076,16.693647172715927,0.0059551000595092,-0.0733745488265089,0.04663709727200595,-1.3949554085731508,-0.0239553919989933,0.0,0.0,0.0,0.0,0.0003567285206100562,-0.5444471836090088,-1245.1692130624274,-1056.5072110832716
10.225000000000078,16.691965527004665,0.0015106648465411,-0.0869905924002979,0.046903299201618544,-1.6345111250877382,-0.0269703805959099,0.0,0.0,0.0,0.0,9.050251416450086e-05,-0.5447115302085876,-1459.0021436233994,-1237.9412127713688
10.250000000000078,16.690119637383354,-0.0031825775901476,-0.1006054375515963,0.048190238069404256,-1.8685838013887408,-0.0299626334953173,0.0,0.0,0.0,0.0,-0.00019068632576000865,-0.5446014404296875,-1667.9407866494582,-1415.222485641964
10.27500000000008,16.688122219509548,-0.0079598810730708,-0.1142046199867338,0.05062478564002297,-2.09501377940178,-0.0329369672737182,0.0,0.0,0.0,0.0,-0.000476978833709952,-0.5426836013793945,-1870.0573817774905,-1586.715354235446
10.30000000000008,16.685984929402668,-0.0126301393740706,-0.1277035344068297,0.05418315056598548,-2.3127753347158437,-0.035912317422582,0.0,0.0,0.0,0.0,-0.0007569310069203531,-0.5370527505874634,-2064.4363438570117,-1751.6429584241307
10.32500000000008,16.683724721272785,-0.0171017543309264,-0.1410538777276129,0.058874695192683825,-2.526188659667969,-0.0388232731685255,0.0,0.0,0.0,0.0,-0.0010250561320470962,-0.5309261679649353,-2254.933975720015,-1913.2773127321336
10.35000000000008,16.68135643005371,-0.0213217838770813,-0.154238405981025,0.06472079081065726,-2.735172122716904,-0.0416762073728135,0.0,0.0,0.0,0.0,-0.001278180462511264,-0.5236053466796875,-2441.4774111792694,-2071.5565913036226
10.37500000000008,16.678895950317383,-0.0252669594354099,-0.167221782348352,0.07174747654885957,-2.9393821120262147,-0.0444762923936256,0.0,0.0,0.0,0.0,-0.0015149059932188795,-0.514507532119751,-2623.7599344234,-2226.220550419854
10.40000000000008,16.67636447482639,-0.0288436955047978,-0.1799776248900454,0.08001377813743822,-3.134553050994873,-0.0472235802458269,0.0,0.0,0.0,0.0,-0.0017296153216331091,-0.5059932470321655,-2797.9739938798502,-2374.0385402616903
10.42500000000008,16.67378001742893,-0.0319263090689977,-0.1924798013379088,0.08930376197352553,-3.320804393291473,-0.0499337461291461,0.0,0.0,0.0,0.0,-0.001914761322005296,-0.4939805269241333,-2964.226216634766,-2515.1010322961642
10.45000000000008,16.671168009440105,-0.0344846480422549,-0.2046749319568428,0.09992026935924184,-3.502951669692993,-0.0525485750066296,0.0,0.0,0.0,0.0,-0.0020685202154238896,-0.4819190204143524,-3126.8150559800574,-2653.0551990133813
10.47500000000008,16.668548583984375,-0.036530987256103,-0.2165703903741157,0.11164400042909564,-3.681049495935441,-0.0550764599969004,0.0,0.0,0.0,0.0,-0.0021916117694376243,-0.4694892466068268,-3285.7892631751606,-2787.9424051183173
10.500000000000082,16.66593975490994,-0.0380992144346237,-0.2281326374047492,0.12442494594689571,-3.853973138332367,-0.0575329930759031,0.0,0.0,0.0,0.0,-0.0022860525715868688,-0.454878568649292,-3440.14487511799,-2918.9108031304154
10.525000000000082,16.663364834255642,-0.0391940938101874,-0.2393059297581766,0.1381713751590613,-4.021406877040864,-0.0598952065598304,0.0,0.0,0.0,0.0,-0.00235211160531121,-0.4392624795436859,-3589.6000730307383,-3045.7212740866867
10.550000000000082,16.660842895507812,-0.0397735916905932,-0.2501184969419529,0.1528398640950521,-4.177082461118698,-0.0621752011868853,0.0,0.0,0.0,0.0,-0.002387249669181934,-0.4247816503047943,-3728.559672260871,-3163.6263885849808
10.575000000000085,16.658396191067165,-0.0397425476047727,-0.2605372824690473,0.16825143525094696,-4.326215255260468,-0.0643532217113253,0.0,0.0,0.0,0.0,-0.0023857367269295763,-0.4091302752494812,-3861.6790270316806,-3276.5761441480918
10.600000000000083,16.656040615505642,-0.0391279906034469,-0.2705764510275076,0.18425793040882457,-4.47085816860199,-0.0664222731740999,0.0,0.0,0.0,0.0,-0.002349177184823949,-0.3937503397464752,-3990.7906111537436,-3386.1253670395395
10.625000000000083,16.653784645928276,-0.0380009371373388,-0.2802122172598483,0.2004320595481179,-4.6111984133720405,-0.0683871804740902,0.0,0.0,0.0,0.0,-0.0022818198953130898,-0.3764849007129669,-4116.061534559141,-3492.415847504725
10.650000000000084,16.651636759440105,-0.0363943560255898,-0.2893831120791588,0.21699610854640153,-4.745602482557297,-0.0702429418618739,0.0,0.0,0.0,0.0,-0.002185632352624867,-0.3570794463157654,-4236.033691397457,-3594.210404822084
10.675000000000084,16.649607552422417,-0.0343880471256044,-0.2980631863095676,0.23366860592004024,-4.875511121749878,-0.0719798305576883,0.0,0.0,0.0,0.0,-0.002065396857993878,-0.3372428119182586,-4351.993124250506,-3692.6002266367923
10.700000000000085,16.64770550198025,-0.0319880764517519,-0.3062886589419,0.25038665771484375,-4.992895817756653,-0.0736018496255471,0.0,0.0,0.0,0.0,-0.0019214705863187514,-0.3201403021812439,-4456.773397981144,-3781.5047013173335
10.725000000000083,16.64594226413303,-0.0290446873340341,-0.3140836981630483,0.2670331134218158,-5.099910533428193,-0.0751039057698654,0.0,0.0,0.0,0.0,-0.0017448508995862983,-0.3033434450626373,-4552.297189265001,-3862.555190891516
10.750000000000083,16.64432207743327,-0.0255848612222406,-0.3214474384456583,0.2834514317368016,-5.203464305400849,-0.0764800110393798,0.0,0.0,0.0,0.0,-0.0015371524958009018,-0.2855395674705505,-4644.731662771741,-3940.9844411396584
10.775000000000086,16.64284388224284,-0.0217045160631338,-0.3283527821256384,0.29952572909268466,-5.303151750564576,-0.0777283303496516,0.0,0.0,0.0,0.0,-0.001304135051479485,-0.2667136192321777,-4733.7149642334625,-4016.4854241980884
10.800000000000086,16.64150873819987,-0.0174732526971234,-0.334764708634654,0.315157988577178,-5.396334958076477,-0.0788503117945236,0.0,0.0,0.0,0.0,-0.0010499800812539487,-0.2459132075309753,-4816.892433889577,-4087.06024693661
10.825000000000086,16.64031982421875,-0.0129476272397571,-0.3406465995077166,0.3302980642607718,-5.484137785434723,-0.079839634527596,0.0,0.0,0.0,0.0,-0.0007780876435387251,-0.2245869934558868,-4895.267252736405,-4153.560093230888
10.850000000000088,16.63927396138509,-0.0082169742219977,-0.3459946264507593,0.3447881432735559,-5.566498315334321,-0.0806960904894087,0.0,0.0,0.0,0.0,-0.0004938300938530675,-0.2033388763666153,-4968.784151966455,-4215.938068335173
10.875000000000089,16.638371149698894,-0.0032777830751405,-0.3508779983626103,0.35874820131244084,-5.6366669774055485,-0.0814180609773616,0.0,0.0,0.0,0.0,-0.00019700143996366005,-0.1874188184738159,-5031.418310159543,-4269.082202559612
10.900000000000087,16.637614568074543,0.0019290879006601,-0.3553571690000145,0.37209941054835466,-5.701534116268158,-0.0820040895752335,0.0,0.0,0.0,0.0,0.00011594738493111706,-0.1704666465520858,-5089.320207062316,-4318.211084780145
10.925000000000088,16.637003156873917,0.0073428317490551,-0.3593890284428264,0.3847725839325876,-5.760965967178345,-0.0824537185522121,0.0,0.0,0.0,0.0,0.00044135543401765,-0.1516175866127014,-5142.370441194441,-4363.223404649828
10.950000000000088,16.63654115464952,0.0129438812534014,-0.3629222775505482,0.3967385818019058,-5.813185036182404,-0.0827659783512131,0.0,0.0,0.0,0.0,0.0007780392049692306,-0.1310164332389831,-5188.9823806579,-4402.772929043066
10.975000000000088,16.636229621039497,0.0186685845255851,-0.3659356443239728,0.4079547812721946,-5.860155737400056,-0.0829412767687784,0.0,0.0,0.0,0.0,0.0011221643936661781,-0.1100624576210975,-5230.909506580871,-4438.347460129222
11.000000000000089,16.63606855604384,0.0244360065294636,-0.36842150546448,0.41842597730232006,-5.90152759552002,-0.0829783113526873,0.0,0.0,0.0,0.0,0.0014688570467922281,-0.0888558402657508,-5267.838976656804,-4469.681555951228
11.02500000000009,16.636057959662544,0.0301714758906099,-0.3703748342555123,0.4281045855897846,-5.936946630477905,-0.0828756672986108,0.0,0.0,0.0,0.0,0.0018136193059537717,-0.0674944967031478,-5299.454820156097,-4496.507120132446
11.05000000000009,16.636199951171875,0.0358073165019353,-0.3717935667472247,0.4369611335523201,-5.965867853164673,-0.0826351880133658,0.0,0.0,0.0,0.0,0.0021523735352443263,-0.0462531559169292,-5325.270567292073,-4518.411390429637
11.07500000000009,16.63649770948622,0.0413026577896542,-0.3726913849297177,0.44497504032019414,-5.987524890899659,-0.0822562659633288,0.0,0.0,0.0,0.0,0.0024826534112467194,-0.0256180930882692,-5344.602136221089,-4534.813933763347
11.10000000000009,16.636951234605576,0.046609089606338,-0.3730698534101316,0.45211371219519414,-6.002860522270203,-0.0817403700482884,0.0,0.0,0.0,0.0,0.0028015403152345055,-0.0047313836403191,-5358.2910727477465,-4546.428788998088
11.12500000000009,16.637562645806206,0.0516750373774104,-0.3729263090273763,0.45832358620383523,-6.010877060890199,-0.0810864266814302,0.0,0.0,0.0,0.0,0.003105925938643183,0.0157355666160583,-5365.446819106088,-4552.50033136274
11.150000000000093,16.638334062364365,0.0564909974733988,-0.3722855191795896,0.46358840479995267,-6.011151599884034,-0.0802973486951966,0.0,0.0,0.0,0.0,0.0033952315935992954,0.0354726091027259,-5365.69187891288,-4552.708260895776
11.175000000000091,16.639264424641926,0.0610189595156245,-0.3711453533378995,0.46783304850260415,-6.005178332328796,-0.0793748421771607,0.0,0.0,0.0,0.0,0.003667166886611793,0.0556720905005931,-5360.360003201688,-4548.184245140826
11.200000000000092,16.64035373263889,0.0652093191941579,-0.3694931947766415,0.4710380415482954,-5.992188549041749,-0.0783191900881885,0.0,0.0,0.0,0.0,0.003918745973906455,0.076737992465496,-5348.7650245134955,-4538.346081405389
11.225000000000092,16.64160410563151,0.0690533013807402,-0.3672857338385885,0.47313346169211645,-5.9702242612838745,-0.0771343164296987,0.0,0.0,0.0,0.0,0.004149437815154646,0.0997754260897636,-5329.159197162409,-4521.710833955984
11.250000000000092,16.643011305067276,0.0725061032507154,-0.3644978036514391,0.4739629572088068,-5.941377222537994,-0.0758204126163944,0.0,0.0,0.0,0.0,0.004356549540325046,0.1231636777520179,-5303.409668314653,-4499.862748873038
11.275000000000093,16.644568973117405,0.0754992829428778,-0.3611242776300948,0.47339192708333333,-5.905494976043702,-0.0743801792600688,0.0,0.0,0.0,0.0,0.004535971046460649,0.1466410011053085,-5271.380351566879,-4472.68635890523
11.300000000000091,16.646266513400608,0.0779734303553899,-0.3571606949797299,0.4713524095939867,-5.861108446121216,-0.0728166665124077,0.0,0.0,0.0,0.0,0.004684139250841598,0.1709670275449752,-5231.759916250823,-4439.069019849183
11.325000000000092,16.64809438917372,0.0799190501372019,-0.3525669751259386,0.46783412124171403,-5.807328009605408,-0.0711329682175838,0.0,0.0,0.0,0.0,0.004800492372819159,0.1965444833040237,-5183.754264311713,-4398.33695153721
11.350000000000094,16.650043063693577,0.0812766700983047,-0.3473356612176687,0.4628530421401515,-5.745768189430237,-0.0693297293599235,0.0,0.0,0.0,0.0,0.004881469062115124,0.2219667881727218,-5128.8045559750235,-4351.712956584867
11.375000000000094,16.652098761664497,0.0819798062245051,-0.3414712473392597,0.45645377419211647,-5.676156783103943,-0.0674105264815471,0.0,0.0,0.0,0.0,0.0049230915212462156,0.2472139000892639,-5066.66781704934,-4298.990875072166
11.400000000000096,16.65424982706706,0.0819850795798831,-0.3349891465355205,0.44869036125414297,-5.595994317531586,-0.0653795207716578,0.0,0.0,0.0,0.0,0.004922772291228521,0.2712394893169403,-4995.112960485162,-4238.277663441954
11.425000000000097,16.656490961710613,0.081389339433776,-0.3278732466818559,0.43967270359848487,-5.500452411174774,-0.0632526454237149,0.0,0.0,0.0,0.0,0.004886343685526028,0.2980017960071563,-4909.830062106008,-4165.916416332369
11.450000000000095,16.658811569213867,0.080231303970019,-0.320087794840632,0.4293038847952178,-5.393164908885956,-0.0610315441074536,0.0,0.0,0.0,0.0,0.004816148116969495,0.3249131739139557,-4814.06277522689,-4084.6593244349365
11.475000000000096,16.66120105319553,0.0785129434532589,-0.3116375181227833,0.4179281893643466,-5.27680184841156,-0.0587063464820838,0.0,0.0,0.0,0.0,0.004712321951015682,0.3511302173137665,-4710.194436819827,-3996.5286130592467
11.500000000000096,16.663645638359917,0.0761658284399244,-0.302541990762322,0.4054949257590554,-5.152122592926026,-0.0562842805332516,0.0,0.0,0.0,0.0,0.00457077821341746,0.376529186964035,-4598.902871882329,-3902.099406445612
11.525000000000096,16.66613048977322,0.0731354041232003,-0.2928199547554196,0.39202852191347065,-5.018827486038209,-0.0537678804251817,0.0,0.0,0.0,0.0,0.0043882654205832676,0.4012534022331238,-4479.920600242303,-3801.1447517207416
11.550000000000097,16.668646070692276,0.0694720943768819,-0.2824267022852764,0.3778516688491359,-4.867748385667801,-0.0512223062196079,0.0,0.0,0.0,0.0,0.004167830673364139,0.4302319288253784,-4345.0639278624885,-3686.720908489384
11.575000000000095,16.671184963650173,0.0652570939726299,-0.2713194396821261,0.3629446272416548,-4.706336981058121,-0.0485897735626592,0.0,0.0,0.0,0.0,0.003914364462689147,0.4581009745597839,-4200.984403583848,-3564.4716151620523
11.600000000000096,16.673731274074978,0.0604246018661393,-0.2595385138364834,0.3472156917687618,-4.534401094913483,-0.0458771796254399,0.0,0.0,0.0,0.0,0.003623940009162198,0.4825344085693359,-4047.5104855416257,-3434.2513210656216
11.625000000000098,16.676259570651585,0.0551075653897391,-0.2472723600402284,0.33060207944927794,-4.346085453033448,-0.0430913341940813,0.0,0.0,0.0,0.0,0.003304551908434099,0.4985232651233673,-3879.415621601168,-3291.625375904021
11.650000000000098,16.6787592569987,0.0494517013430595,-0.2345930833798747,0.3139172779430043,-4.144620853662492,-0.0403085389144087,0.0,0.0,0.0,0.0,0.0029649508444285926,0.5166935920715332,-3699.583696424963,-3139.0407121181497
11.675000000000098,16.68121549818251,0.0435898991094695,-0.221444923920099,0.2968363027861624,-3.934673583507538,-0.037471759486905,0.0,0.0,0.0,0.0,0.0026131128822248478,0.5349634885787964,-3512.1799446227124,-2980.031468164725
11.7000000000001,16.68360710144043,0.0374771364861064,-0.207854962680236,0.2794350271513968,-3.7191730320453646,-0.0345801345454052,0.0,0.0,0.0,0.0,0.0022463449455646014,0.5520026683807373,-3319.8192064732802,-2816.816296401571
11.7250000000001,16.685909695095486,0.0311167331205474,-0.1938897786875376,0.26183626117128317,-3.493319147825241,-0.0316411552707724,0.0,0.0,0.0,0.0,0.0018648508645407321,0.5635109543800354,-3118.2168458866295,-2645.7597480250183
11.7500000000001,16.688109503851997,0.0247482996847894,-0.1797214620826934,0.24439196037523675,-3.2506021440029147,-0.0287207078522563,0.0,0.0,0.0,0.0,0.0014829900102870807,0.5708858370780945,-2901.5620777206345,-2461.9314598841743
11.7750000000001,16.690182156032986,0.0185840845935874,-0.165354856489936,0.22647111372514206,-3.0035582304000856,-0.0257834533905482,0.0,0.0,0.0,0.0,0.001113474042395027,0.5781787037849426,-2681.045010578437,-2274.826069581704
11.8000000000001,16.692101160685223,0.0125883799046278,-0.1508188239175792,0.2090399354876894,-2.7550613045692445,-0.0228238866323324,0.0,0.0,0.0,0.0,0.0007541519059492112,0.5845365524291992,-2459.2309513736946,-2086.6202011655587
11.8250000000001,16.693850623236763,0.0067813580648766,-0.1361768225009723,0.1918903096516927,-2.501257598400116,-0.0198551532944504,0.0,0.0,0.0,0.0,0.0004062189256346518,0.5864141583442688,-2232.679938244038,-1894.3950991161532
11.8500000000001,16.69541252983941,0.0012907129712402,-0.121525475053415,0.17522941589355467,-2.2385937303304675,-0.0169054641591058,0.0,0.0,0.0,0.0,7.730943868163379e-05,0.5854088664054871,-1998.2201412539994,-1695.459513791272
11.8750000000001,16.696770985921223,-0.0036628239063753,-0.106911844624796,0.15904216188372988,-1.973237919807434,-0.0139796493266661,0.0,0.0,0.0,0.0,-0.00021937318955047094,0.5835072994232178,-1761.3574546477832,-1494.4851130344825
11.900000000000102,16.697913275824654,-0.0080976288558708,-0.0923558466666419,0.1435740684740471,-1.7100366562604905,-0.0110698540323617,0.0,0.0,0.0,0.0,-0.000484948551481256,0.5806776881217957,-1526.4179661210444,-1295.1425167087648
11.925000000000102,16.698825624254013,-0.0119903766446643,-0.0779114684476758,0.12892976934259587,-1.445929852128029,-0.0081815486795488,0.0,0.0,0.0,0.0,-0.0007180371191641775,0.5748666524887085,-1290.6701712847737,-1095.1140847264744
11.950000000000102,16.699500613742405,-0.0152944525082906,-0.0636159526112667,0.11504293730764677,-1.181775660812855,-0.0053127236739165,0.0,0.0,0.0,0.0,-0.0009158628669233643,0.5683902502059937,-1054.8800775616387,-895.049762779572
11.975000000000104,16.699932946099175,-0.0178786801795164,-0.04949512349761,0.10232062368681936,-0.9154249384999276,-0.0024540196557053,0.0,0.0,0.0,0.0,-0.0010705839500806235,0.5614659786224365,-817.1293098577222,-693.3218386671582
12.000000000000105,16.700124740600586,-0.0196905434131622,-0.035530950673888,0.09080144940000592,-0.6511231094598771,0.000408627999536,0.0,0.0,0.0,0.0,-0.0011790656488506008,0.5559175610542297,-581.2074313129558,-493.1456992958412
12.025000000000103,16.700078116522896,-0.0206959247589111,-0.0217018188427844,0.08053163239450166,-0.3869853101670742,0.003272284157992,0.0,0.0,0.0,0.0,-0.0012392711348119237,0.5506651401519775,-345.4319694851999,-293.09379229047255
12.050000000000104,16.69979625278049,-0.0208733230829238,-0.0079862755135106,0.07157794258811256,-0.1252116585150361,0.0061377571956838,0.0,0.0,0.0,0.0,-0.0012499148353051566,0.5468040108680725,-111.76680010071667,-94.83243644909291
12.075000000000104,16.69928762647841,-0.0202534223596255,0.0056273197205808,0.06398469635934541,0.1336923578754067,0.0090243692045654,0.0,0.0,0.0,0.0,-0.001212831517885329,0.5423654913902283,119.33686698878518,101.25552350563589
12.100000000000104,16.69856071472168,-0.0188330581618679,0.0191514842367621,0.05779649329907966,0.3915256083011627,0.0119455224648001,0.0,0.0,0.0,0.0,-0.0011278252349775522,0.5400155782699585,349.484743803251,296.5325098936674
12.125000000000105,16.69762399461534,-0.016619697627094,0.0326501593884789,0.05300628835504705,0.6481099709868432,0.0149062530556212,0.0,0.0,0.0,0.0,-0.0009953330864590991,0.5402970314025879,578.5178347579282,490.8636173703632
12.150000000000103,16.69648594326443,-0.0136508740898635,0.0461841193440446,0.049598979949951175,0.9029499158263208,0.0178985834571775,0.0,0.0,0.0,0.0,-0.0008175896494777353,0.5426918864250183,805.9938183072651,683.8735428061642
12.175000000000106,16.69515715705024,-0.0100342194653219,0.0597740930674752,0.047519535873875474,1.1513993814587593,0.0209252306659443,0.0,0.0,0.0,0.0,-0.0006010257568066392,0.5438430309295654,1027.765513449663,872.0434659572898
12.200000000000106,16.693647172715927,-0.0059542018506262,0.0733773118561398,0.04663638013781923,1.3950046211481095,0.0239560213788603,0.0,0.0,0.0,0.0,-0.00035667471517894175,0.544448733329773,1245.2131413363043,1056.5444835580763
12.225000000000106,16.691965527004665,-0.0015097138627121,0.0869933887194424,0.04690280596415202,1.6345591694116597,0.0269709985325066,0.0,0.0,0.0,0.0,-9.044554161519496e-05,0.5447123646736145,1459.0450290895883,1237.9776004396504
12.250000000000108,16.690119637383354,0.0031835353001952,0.1006082505154977,0.0481899652336583,1.8686299473047256,0.0299632337468599,0.0,0.0,0.0,0.0,0.00019074370761636484,0.5446015000343323,1667.9819775531528,1415.2574354996445
12.275000000000109,16.688122219509548,0.0079607942865954,0.1142074163058783,0.05062473918452407,2.095057880878449,0.0329375456790174,0.0,0.0,0.0,0.0,0.00047703355607551167,0.5426822304725647,1870.0967477677304,1586.7487556817105
12.300000000000107,16.685984929402668,0.0126309661815563,0.1277062724693254,0.05418334260131374,2.3128175377845768,0.0359128781428271,0.0,0.0,0.0,0.0,0.0007569805579351239,0.5370501279830933,2064.4740152847576,1751.674922059794
12.325000000000108,16.683724721272785,0.0171024911105632,0.1410565408887029,0.05887513030659069,2.5262292563915256,0.0388238099619327,0.0,0.0,0.0,0.0,0.001025100293626666,0.5309230089187622,2254.97021328719,1913.3080597588275
12.350000000000108,16.68135643005371,0.0213224337332778,0.154240985918331,0.06472147021329765,2.7352118432521824,0.0416767233602747,0.0,0.0,0.0,0.0,0.001278219419546876,0.5236017107963562,2441.512866640678,2071.586674725423
12.375000000000108,16.678895950317383,0.025267530646589,0.1672242624171172,0.07174842025294448,2.9394200801849366,0.0444767958975192,0.0,0.0,0.0,0.0,0.0015149402407602516,0.5145033001899719,2623.7938256732755,2226.24930663187
12.400000000000109,16.67636341518826,0.0288441715141137,0.1799800050902697,0.08001497543219364,3.1345892667770388,0.0472240525408015,0.0,0.0,0.0,0.0,0.001729643975487091,0.5059894323348999,2798.006320918193,2374.0659692639206
12.425000000000107,16.67378001742893,0.0319266774588161,0.1924820816695922,0.08930519768686006,3.320838272571564,0.0499341934569854,0.0,0.0,0.0,0.0,0.0019147834159646748,0.4939760565757751,2964.2564580577327,2515.1266916853483
12.45000000000011,16.671168009440105,0.0344849170909987,0.2046771124199853,0.0999219478260387,3.502983796596528,0.0525489952867391,0.0,0.0,0.0,0.0,0.002068536353989804,0.481914609670639,3126.843733191491,2653.0795311927795
12.47500000000011,16.668548583984375,0.0365311611029836,0.2165724543239605,0.11164589679602419,3.6810804545879368,0.0550768553098747,0.0,0.0,0.0,0.0,0.0021916221990727976,0.4694846868515014,3285.8168975789044,2787.9658524911915
12.50000000000011,16.66593975490994,0.0380993054972754,0.2281345848412963,0.12442704749829842,3.8540026366710665,0.0575333759053098,0.0,0.0,0.0,0.0,0.0022860580355842817,0.4548739492893219,3440.171206012124,2918.9331444951354
12.52500000000011,16.663364834255642,0.0391941310630904,0.2393077773261829,0.13817365010579427,4.021434915065766,0.0598955873086425,0.0,0.0,0.0,0.0,0.002352113840928288,0.4392593502998352,3589.6251004152614,3045.7425094432515
12.55000000000011,16.660841835869682,0.0397735668553246,0.250120261286175,0.15284229625355114,4.177109622955323,0.0621755902580758,0.0,0.0,0.0,0.0,0.002387248330375165,0.4247788488864898,3728.5839175396286,3163.646960336654
12.575000000000111,16.658396191067165,0.0397424813773897,0.2605389802342421,0.16825398763020832,4.326242125034333,0.064353614943705,0.0,0.0,0.0,0.0,0.0023857327513137822,0.4091286659240722,3861.703011608515,3276.596494698134
12.600000000000112,16.656040615505642,0.0391278912623723,0.2705781155031889,0.18426055445815578,4.470884746313096,0.0664226622452904,0.0,0.0,0.0,0.0,0.0023491712205568767,0.3937490880489349,3990.814335028657,3386.145496387951
12.625000000000112,16.653784645928276,0.0380008046825726,0.2802138484460159,0.20043471134070195,4.611223530769348,0.0683875591423077,0.0,0.0,0.0,0.0,0.0022818119418797403,0.3764832019805908,4116.083954924443,3492.4348708449816
12.650000000000112,16.651636759440105,0.0363941697610749,0.2893847099758128,0.21699878345836293,4.745626723766327,0.0702432955629561,0.0,0.0,0.0,0.0,0.0021856211666665386,0.3570773601531982,4236.055329656992,3594.2287645574474
12.675000000000113,16.649607552422417,0.0343877987729178,0.2980647176271944,0.23367128083200167,4.875533902645111,0.071980150969257,0.0,0.0,0.0,0.0,0.0020653819415650185,0.3372401893138885,4352.013459000432,3692.6174803640024
12.700000000000111,16.64770550198025,0.031987726688385,0.3062901236804995,0.2503893118193655,4.992915093898773,0.0736021450699805,0.0,0.0,0.0,0.0,0.0019214495766146302,0.3201377391815185,4456.790604308004,3781.519300624972
12.725000000000112,16.64594226413303,0.0290442133943239,0.3140850963226206,0.26703575365471116,5.099928641319275,0.0751041720859744,0.0,0.0,0.0,0.0,0.0017448224278000407,0.3033404648303985,4552.313352784173,3862.5689053926308
12.750000000000114,16.64432207743327,0.0255842755238215,0.3214487700262033,0.2834540303548177,5.203482413291932,0.0764802523883536,0.0,0.0,0.0,0.0,0.0015371173067186205,0.2855362296104431,4644.7478262909135,3940.9981556407747
12.775000000000114,16.64284388224284,0.0217038413716687,0.3283540138376425,0.29952827684807054,5.30316927433014,0.0777285508926794,0.0,0.0,0.0,0.0,0.001304094512045848,0.266710102558136,4733.7306063487895,4016.498696295942
12.800000000000114,16.64150873819987,0.0174724993606408,0.3347658737676309,0.31516046697443184,5.396351313591004,0.0788505073704162,0.0,0.0,0.0,0.0,0.0010499348127332607,0.2459093481302261,4816.907033197216,4087.07263422794
12.825000000000117,16.64031982421875,0.0129468128499057,0.3406476647721527,0.330300459428267,5.484152972698212,0.0798398051363533,0.0,0.0,0.0,0.0,0.0007780387027815761,0.224583089351654,4895.280809236355,4153.5715957156945
12.850000000000117,16.63927396138509,0.0082161168878277,0.3459955918466544,0.3447903951009115,5.566512334346772,0.0806962361310308,0.0,0.0,0.0,0.0,0.0004937785691187556,0.2033353596925735,4968.796665658718,4215.948686013457
12.875000000000115,16.638371149698894,0.0032768636527988,0.3508788971794782,0.3587504161487926,5.636679244041443,0.0814181774906592,0.0,0.0,0.0,0.0,0.0001969461808079754,0.1874158382415771,5031.429259640272,4269.091493028109
12.900000000000116,16.637614568074543,-0.0019300624262541,0.3553579679483416,0.37210151903557054,5.701545798778534,0.082004181121396,0.0,0.0,0.0,0.0,-0.00011600595856798144,0.1704633086919784,5089.3306351392,4318.219932845381
12.925000000000116,16.637003156873917,-0.0073438505124714,0.3593897275226125,0.38477459069454306,5.760975897312164,0.0824537851312394,0.0,0.0,0.0,0.0,-0.0004414166688089579,0.1516138166189193,5142.379305059793,4363.230925505278
12.950000000000117,16.63654115464952,-0.012944938821925,0.362922910051307,0.3967404637192235,5.813194382190705,0.0827660199631052,0.0,0.0,0.0,0.0,-0.0007781027739835931,0.1310125887393951,5188.990723119409,4402.780007495255
12.975000000000117,16.636229621039497,-0.0186696648597717,0.3659361769561908,0.40795654296875006,5.860163915157319,0.0829412934135352,0.0,0.0,0.0,0.0,-0.0011222293323098016,0.1100585609674453,5230.91680623469,4438.353653774887
13.000000000000115,16.63606855604384,-0.0244370910028616,0.3684219049386436,0.4184276141542377,5.901534605026246,0.0829783030303089,0.0,0.0,0.0,0.0,-0.0014689222348740366,0.0888519138097763,5267.845233502937,4469.686864790369
13.025000000000118,16.636057959662544,-0.030172552085585,0.3703751671506485,0.428106074477687,5.936953055858613,0.0828756381702863,0.0,0.0,0.0,0.0,-0.0018136839964578385,0.0674905627965927,5299.460555598385,4496.511986568326
13.050000000000118,16.636201010810005,-0.0358083678616417,0.3717937997738201,0.4369624929717093,5.965872526168823,0.0826351255955278,0.0,0.0,0.0,0.0,-0.0021524365952523567,0.0462494082748889,5325.274738522827,4518.414929655732
13.075000000000118,16.63649770948622,-0.041303684314092,0.3726915180877722,0.4449762332800663,5.987528395652771,0.0822561869007339,0.0,0.0,0.0,0.0,-0.0024827151144041822,0.0256142914295196,5344.605264644154,4534.816588182918
13.10000000000012,16.636951234605576,-0.0466100788778728,0.3730698866996452,0.45211475719105115,6.002862858772279,0.0817402701797475,0.0,0.0,0.0,0.0,-0.002801599777543486,0.0047275382094085,5358.293158363125,4546.430558611135
13.12500000000012,16.637562645806206,-0.0516759811176194,0.3729262424483491,0.4583244647401752,6.010878229141236,0.0810862976845649,0.0,0.0,0.0,0.0,-0.0031059826621085787,-0.0157391503453254,5365.447861913775,4552.501216169263
13.15000000000012,16.638334062364365,-0.0564918915430704,0.3722853527320215,0.4635891261245265,6.011151015758514,0.0802971905700068,0.0,0.0,0.0,0.0,-0.003395285329127639,-0.0354762859642505,5365.691357509035,4552.707818492514
13.17500000000012,16.639265484280056,-0.0610198039147588,0.3711451203113041,0.4678335848721591,6.0051765799522405,0.079374663246025,0.0,0.0,0.0,0.0,-0.003667217400456003,-0.0556758679449558,5360.358438990155,4548.182917931041
13.20000000000012,16.64035373263889,-0.0652100973659091,0.3694928285919917,0.4710384022105824,5.992185044288636,0.0783189861899176,0.0,0.0,0.0,0.0,-0.003918792738041623,-0.0767421945929527,5348.761896090431,4538.343426985819
13.22500000000012,16.64160410563151,-0.0690540133251084,0.3672852677853978,0.4731336004083807,5.970220172405243,0.0771340875642925,0.0,0.0,0.0,0.0,-0.004149480596148814,-0.099779687821865,5329.1555473355,4521.707737133151
13.25000000000012,16.643012364705402,-0.0725067406892776,0.3644972377297074,0.47396286473129734,5.941371381282806,0.075820158783853,0.0,0.0,0.0,0.0,-0.004356587563621691,-0.1231679692864418,5303.40445427621,4499.85832484042
13.27500000000012,16.644570032755535,-0.0754998293187883,0.3611236118398223,0.47339159416429927,5.905487966537476,0.0743799046215814,0.0,0.0,0.0,0.0,-0.0045360035837638995,-0.1466453224420547,5271.374094720747,4472.681050066088
13.300000000000122,16.646266513400608,-0.0779738773902257,0.3571599293209165,0.47135179924242426,5.861099100112916,0.0728163627455959,0.0,0.0,0.0,0.0,-0.004684166105802465,-0.1709718555212021,5231.751573789315,4439.061941396994
13.325000000000122,16.64809438917372,-0.079919406109386,0.3525660763090706,0.4678332612008759,5.807316911220551,0.0711326353224475,0.0,0.0,0.0,0.0,-0.004800513754977128,-0.1965495347976684,5183.744357638672,4398.328545875236
13.350000000000122,16.650043063693577,-0.0812769267294142,0.3473346625322599,0.46285190466678505,5.745755338668824,0.0693293631752736,0.0,0.0,0.0,0.0,-0.004881484475355108,-0.2219720482826233,5128.79308509045,4351.703223713108
13.375000000000124,16.652098761664497,-0.0819799386792712,0.3414701154957964,0.4564523962772254,5.676142179965973,0.0674101374103566,0.0,0.0,0.0,0.0,-0.004923099475484778,-0.2472192198038101,5066.654781953233,4298.979814990622
13.400000000000125,16.65424982706706,-0.0819851044151518,0.3349878815340026,0.4486887521454782,5.595976793766022,0.0653791212974943,0.0,0.0,0.0,0.0,-0.004922773782455623,-0.271245002746582,4995.097318369834,4238.264391344102
13.425000000000123,16.656490961710613,-0.0813892400927013,0.3278718485222837,0.4396708540482955,5.500434303283692,0.063252248030146,0.0,0.0,0.0,0.0,-0.004886337721420207,-0.2980065047740936,4909.813898586836,4165.9027018312545
13.450000000000124,16.658811569213867,-0.0802310721741782,0.3200862968125187,0.42930180405125473,5.393145632743836,0.0610311612780469,0.0,0.0,0.0,0.0,-0.0048161342026611514,-0.3249169886112213,4814.045568900031,4084.644725127298
13.475000000000124,16.66120105319553,-0.0785125460889604,0.3116358869366156,0.41792590516986267,5.276781988143921,0.0587059657332717,0.0,0.0,0.0,0.0,-0.004712298101336584,-0.3511331975460052,4710.1767090891235,3996.5135713483464
13.500000000000124,16.663645638359917,-0.0761652572287453,0.3025403262866407,0.40549245198567707,5.15210098028183,0.0562838873008719,0.0,0.0,0.0,0.0,-0.004570743934533266,-0.3765318989753723,4598.883579940093,3902.0830375249266
13.525000000000125,16.66613048977322,-0.0731346839004092,0.2928182237007111,0.3920258678089489,5.018804121017457,0.05376744558091,0.0,0.0,0.0,0.0,-0.004388222205825556,-0.4012567400932312,4479.899744088534,3801.1270555902706
13.550000000000123,16.668646070692276,-0.0694712996482849,0.2824248047829997,0.3778489315148556,4.86771947145462,0.0512218276828495,0.0,0.0,0.0,0.0,-0.004167782995310767,-0.430237352848053,4345.038118372198,3686.699009527925
13.575000000000124,16.671184963650173,-0.0652562578519185,0.2713174090217949,0.36294176968661224,4.706304854154587,0.0485892388498465,0.0,0.0,0.0,0.0,-0.003914314309043008,-0.4581076800823211,4200.955726372415,3564.4472829826545
13.600000000000126,16.673731274074978,-0.0604237409101592,0.2595363167285842,0.34721263538707386,4.534364295005799,0.0458766033007353,0.0,0.0,0.0,0.0,-0.0036238883736904523,-0.4825403094291687,4047.4776370994396,3434.2234496601295
13.625000000000126,16.676260630289715,-0.0551067127121819,0.2472700131295177,0.3305990091959635,4.346046608686447,0.043090734982836,0.0,0.0,0.0,0.0,-0.0033045005672368492,-0.4985290467739105,3879.380948245526,3291.595956087112
13.650000000000126,16.6787592569987,-0.0494508486655023,0.2345905866663528,0.31391418919418795,4.144579964876176,0.040307962589704,0.0,0.0,0.0,0.0,-0.002964899720868137,-0.5166994333267212,3699.5471981558653,3139.009743889824
13.675000000000129,16.681216557820637,-0.0435890009005864,0.2214423106932794,0.29683312155983665,3.934632694721222,0.0374711894039841,0.0,0.0,0.0,0.0,-0.0026130588707063223,-0.5349679589271545,3512.1434463536157,2980.0004999364005
13.700000000000127,16.68360710144043,-0.0374761472145716,0.2078522495848755,0.27943175344756155,3.7191321432590487,0.0345795779863492,0.0,0.0,0.0,0.0,-0.002246285649542537,-0.5520057678222656,3319.7827082041836,2816.7853281732464
13.725000000000128,16.685910754733616,-0.0311156445079379,0.1938870323026635,0.2618329643480706,3.49327592253685,0.0316406049535003,0.0,0.0,0.0,0.0,-0.0018647855046875835,-0.563511073589325,3118.178262002156,2645.7270101836466
13.750000000000128,16.688109503851997,-0.0247471717496713,0.1797186990530625,0.2443886543042732,3.250556874275208,0.0287201752200383,0.0,0.0,0.0,0.0,-0.0014829224211381814,-0.5708860754966736,2901.521668922706,2461.8971736313865
13.775000000000128,16.690183215671116,-0.0185829318232006,0.1653520934603051,0.22646775679154826,3.0035129606723787,0.0257829186777356,0.0,0.0,0.0,0.0,-0.001113404902934337,-0.5781785845756531,2681.0046017805084,2274.791783328916
13.800000000000129,16.69210222032335,-0.0125872105773952,0.1508160608879482,0.20903659242572206,2.7550157427787783,0.0228233581613036,0.0,0.0,0.0,0.0,-0.0007540818053504209,-0.5845361948013306,2459.190281873844,2086.58569371114
13.825000000000127,16.693850623236763,-0.0067802011552784,0.136174092760855,0.19188702207623107,2.501211160421372,0.0198546310652054,0.0,0.0,0.0,0.0,-0.00040614962409216707,-0.5864129066467285,2232.6384866384215,1894.3599280568421
13.85000000000013,16.69541252983941,-0.0012896165976093,0.1215227869251897,0.17522623466722892,2.2385455399751666,0.0169049596149149,0.0,0.0,0.0,0.0,-7.72437695267722e-05,-0.5854069590568542,1998.1771254368498,1695.423015522175
13.87500000000013,16.696770985921223,0.0036638367196751,0.1069092064308411,0.15903908238266454,1.973190459609032,0.0139791505041104,0.0,0.0,0.0,0.0,0.00021943384878216635,-0.5835052132606506,1761.3150905854393,1494.4491677694634
13.90000000000013,16.697913275824654,0.0080985519000225,0.0923532584069575,0.1435711369369969,1.709989196062088,0.0110693575504749,0.0,0.0,0.0,0.0,0.0004850038304934567,-0.5806752443313599,1526.3756020587,1295.1065714437452
13.92500000000013,16.698826683892143,0.011991180686487,0.0779089384446402,0.12892702276056464,1.4458823919296266,0.0081810454357295,0.0,0.0,0.0,0.0,0.000718085223200371,-0.5748646855354309,1290.6278072224293,1095.0781394614548
13.95000000000013,16.699500613742405,0.0152951044340928,0.0636134642201232,0.1150403895522609,1.1817267403006555,0.0053122087917712,0.0,0.0,0.0,0.0,0.0009159019055639368,-0.5683887600898743,1054.8364099896835,895.012711506398
13.975000000000133,16.699932946099175,0.0178791396319866,0.0494926600736017,0.10231829787745621,0.9153759449720384,0.0024534924200296,0.0,0.0,0.0,0.0,0.001070611462315055,-0.5614654421806335,817.0855771102869,693.2847320935765
14.000000000000131,16.700124740600586,0.0196908041834831,0.0355284914110689,0.09079936865604285,0.6510738238692284,-0.0004091620621628,0.0,0.0,0.0,0.0,0.001179081263723241,-0.5559175610542297,581.1634378635981,493.1083715206286
14.025000000000132,16.700078116522896,0.0206959868470827,0.0216993533381815,0.08052980480772076,0.3869366452097893,-0.0032728125802569,0.0,0.0,0.0,0.0,0.0012392748526491196,-0.5506653785705566,345.3885300274267,293.0569345687257
14.050000000000132,16.69979625278049,0.0208732133938206,0.0079838068880158,0.07157637162642046,0.1251646637916565,-0.0061382757838883,0.0,0.0,0.0,0.0,0.0012499082670152481,-0.5468038320541382,111.7248515320606,94.79684372417262
14.075000000000133,16.69928762647841,0.0202531781461503,-0.0056297753423594,0.0639833958943685,-0.1337383486330509,-0.0090248792103171,0.0,0.0,0.0,0.0,0.0012128168937001144,-0.542364776134491,-119.37791939458397,-101.29035584995002
14.100000000000133,16.69856071472168,0.0188327001200781,-0.019153918532446,0.05779546044089577,-0.3915705494582653,-0.0119460285694369,0.0,0.0,0.0,0.0,0.0011278037935014923,-0.5400146245956421,-349.52485931151716,-296.5665472946206
14.125000000000131,16.69762399461534,0.0166192350702153,-0.0326525707976221,0.053005516745827416,-0.648154291510582,-0.0149067617610013,0.0,0.0,0.0,0.0,0.000995305384501093,-0.5402961373329163,-578.5573962746097,-490.89718471785056
14.150000000000134,16.69648594326443,0.0136503111571073,-0.0461865120278364,0.04959846323186701,-0.9029939442873002,-0.0178990984043414,0.0,0.0,0.0,0.0,0.000817555933834928,-0.5426913499832153,-806.0331191220245,-683.9068889520207
14.175000000000134,16.69515715705024,0.0100335696091254,-0.0597764649453211,0.047519252372510506,-1.151442387700081,-0.0209257612175677,0.0,0.0,0.0,0.0,0.0006009868319741033,-0.5438424348831177,-1027.8039018076954,-872.0760378974384
14.200000000000134,16.693647172715927,0.0059534645535879,-0.0733796837339857,0.04663630803426107,-1.395047700405121,-0.0239565602528621,0.0,0.0,0.0,0.0,0.0003566305488544309,-0.5444487929344177,-1245.251594869817,-1056.5771107986325
14.225000000000136,16.691965527004665,0.0015088899009343,-0.0869957689196667,0.04690293861157967,-1.634602102637291,-0.0269715478094814,0.0,0.0,0.0,0.0,9.039617883784756e-05,-0.544713020324707,-1459.0833522721393,-1238.0101170793907
14.250000000000137,16.690119637383354,-0.0031844314394725,-0.1006106556828572,0.04819028682780988,-1.8686722964048388,-0.0299637913462131,0.0,0.0,0.0,0.0,-0.0001907974004176611,-0.5446028113365173,-1668.0197793318605,-1415.2895097361236
14.275000000000135,16.688121159871418,-0.0079617281961772,-0.114209846440373,0.050625251748345125,-2.095099353790284,-0.0329381095201545,0.0,0.0,0.0,0.0,-0.0004770895489015341,-0.5426833033561707,-1870.1337674406718,-1586.7801663132968
14.300000000000136,16.685984929402668,-0.0126318933649195,-0.127708719248577,0.05418405756805882,-2.3128575503826143,-0.0359134378227749,0.0,0.0,0.0,0.0,-0.0007570361245299112,-0.5370506048202515,-2064.509731448088,-1751.7052266832259
14.325000000000136,16.683724721272785,-0.0171033800062206,-0.1410590043127113,0.0588760511080424,-2.526268100738525,-0.0388243509165291,0.0,0.0,0.0,0.0,-0.0010251535728357305,-0.5309228301048279,-2255.004886642831,-1913.337479575735
14.350000000000136,16.68135537041558,-0.0213232512275377,-0.1542434160528257,0.0647226023403081,-2.735248935222626,-0.0416772351865467,0.0,0.0,0.0,0.0,-0.0012782685072074257,-0.5236004590988159,-2441.5459757847866,-2071.614767332546
14.375000000000137,16.678894890679253,-0.0252682487997743,-0.1672266592620982,0.0717497772881479,-2.939455419778824,-0.044477293159629,0.0,0.0,0.0,0.0,-0.0015149833946069818,-0.5145006775856018,-2623.825370605852,-2226.276072029207
14.400000000000135,16.67636341518826,-0.0288447654909557,-0.1799823353562235,0.08001655145124956,-3.134623146057129,-0.0472245248357761,0.0,0.0,0.0,0.0,-0.0017296795933749488,-0.505986750125885,-2798.036562341159,-2374.0916286531037
14.425000000000136,16.67378001742893,-0.0319271410504976,-0.1924843287117619,0.08930699175054377,-3.320871275663376,-0.04993466575196,0.0,0.0,0.0,0.0,-0.0019148112195989447,-0.4939730167388916,-2964.2859173749316,-2515.1516874696385
14.450000000000138,16.671168009440105,-0.0344852834112114,-0.2046792928831278,0.09992394649621213,-3.50301679968834,-0.0525494717429029,0.0,0.0,0.0,0.0,-0.0020685583272680107,-0.4819124639034271,-3126.873192508691,-2653.1045269770707
14.475000000000138,16.668547524346245,-0.0365314674046304,-0.2165746014975894,0.11164810007268733,-3.681114041805268,-0.0550773359272277,0.0,0.0,0.0,0.0,-0.002191640714421708,-0.4694831669330597,-3285.8468782999485,-2787.9912906787436
14.50000000000014,16.66593975490994,-0.0380995621283849,-0.2281366820806548,0.12442943457401158,-3.854035931825638,-0.057533860683852,0.0,0.0,0.0,0.0,-0.0022860734341224546,-0.4548725187778473,-3440.2009260312457,-2918.9583614810567
14.52500000000014,16.663363774617512,-0.0391943380236625,-0.2393098412760277,0.1381762140447443,-4.021466749906541,-0.0598960575230224,0.0,0.0,0.0,0.0,-0.00235212641059696,-0.4392586648464203,-3589.6535169247727,-3045.766620421019
14.55000000000014,16.660841835869682,-0.0397736786140335,-0.250122308591263,0.15284501740426729,-4.177139121294022,-0.0621760375859151,0.0,0.0,0.0,0.0,-0.0023872550382420302,-0.4247769713401794,-3728.6102484337625,-3163.669301701374
14.57500000000014,16.658396191067165,-0.0397424772381782,-0.2605409776050597,0.16825684518525094,-4.326270163059235,-0.06435403314322,0.0,0.0,0.0,0.0,-0.002385732502837791,-0.4091264903545379,-3861.7280389930384,-3276.6177300546988
14.60000000000014,16.656039555867512,-0.0391277588076061,-0.2705800296502224,0.18426351605039654,-4.47091190814972,-0.0664230513164809,0.0,0.0,0.0,0.0,-0.0023491634176518485,-0.3937461376190185,-3990.8385803074143,-3386.1660681396233
14.62500000000014,16.653783586290146,-0.0380005521906746,-0.2802156793692654,0.20043773997913708,-4.611249232292176,-0.068387923246363,0.0,0.0,0.0,0.0,-0.00228179692583238,-0.376479297876358,-4116.10689669359,-3492.4543365885
14.65000000000014,16.651635699801975,-0.0363938096496793,-0.2893864410305213,0.21700186064749052,-4.745651841163635,-0.0702436326192816,0.0,0.0,0.0,0.0,-0.002185599679562537,-0.3570732474327087,-4236.077750022295,-3594.247787897704
14.67500000000014,16.649607552422417,-0.0343873558772934,-0.2980663488133621,0.23367437882856887,-4.875558143854142,-0.0719804630584472,0.0,0.0,0.0,0.0,-0.0020653553406002204,-0.3372359573841095,-4352.035097259968,-3692.635840099366
14.70000000000014,16.64770550198025,-0.0319871823820802,-0.3062916549981263,0.2503924329353101,-4.992936122417451,-0.0736024363532248,0.0,0.0,0.0,0.0,-0.0019214168810395707,-0.3201343119144439,-4456.809374846397,-3781.535227142397
14.725000000000142,16.64594226413303,-0.0290435573293103,-0.3140865610612202,0.2670388793945313,-5.099949085712433,-0.0751044384020834,0.0,0.0,0.0,0.0,-0.0017447830148906848,-0.3033369183540344,-4552.331601918721,-3862.584389506793
14.750000000000142,16.64432207743327,-0.0255835283961561,-0.321450134896262,0.2834571144797585,-5.203501689434052,-0.0764804978985166,0.0,0.0,0.0,0.0,-0.0015370724188786757,-0.2855324745178222,-4644.765032617774,-3941.012754948413
14.775000000000142,16.64284388224284,-0.021703021807803,-0.3283552788391603,0.29953129623875474,-5.303187966346741,-0.077728767274518,0.0,0.0,0.0,0.0,-0.0013040452678258396,-0.2667061984539032,-4733.747291271804,-4016.512853200318
14.800000000000145,16.64150873819987,-0.0174716177086035,-0.3347670056110942,0.31516340313535746,-5.396368253231049,-0.0788506987851195,0.0,0.0,0.0,0.0,-0.0010498818336403689,-0.2459050863981247,-4816.922153908699,-4087.085463922532
14.825000000000143,16.64031876458062,-0.0129458867013454,-0.3406487300365887,0.33030331698330967,-5.484169328212738,-0.0798399715839215,0.0,0.0,0.0,0.0,-0.0007779830954260972,-0.2245788276195526,-4895.295408543993,-4153.5839830070245
14.850000000000144,16.63927396138509,-0.0082151627995901,-0.345996523953036,0.34479310006806346,-5.566526937484742,-0.0806963817726529,0.0,0.0,0.0,0.0,-0.0004937212295834002,-0.2033315598964691,-4968.809700754824,-4215.959746095001
14.875000000000144,16.638371149698894,-0.0032758619636297,-0.3508797627068325,0.358753056381688,-5.636691510677338,-0.0814182940039569,0.0,0.0,0.0,0.0,-0.00019688597724837887,-0.1874126642942428,-5031.440209121001,-4269.100783496606
14.900000000000144,16.637614568074543,0.0019311035672823,-0.3553587668966686,0.37210402979995266,-5.70155748128891,-0.0820042768287476,0.0,0.0,0.0,0.0,0.00011606853611020903,-0.1704598367214203,-5089.341063216085,-4318.2287809106165
14.925000000000145,16.637003156873917,0.0073449204986294,-0.3593904266023987,0.3847769581187855,-5.760986411571503,-0.0824538517102666,0.0,0.0,0.0,0.0,0.0004414809824445274,-0.1516099274158477,-5142.3886903289895,-4363.23888876399
14.950000000000143,16.63654115464952,0.0129460326085488,-0.3629235092625523,0.3967426924272017,-5.813203728199006,-0.0827660615749972,0.0,0.0,0.0,0.0,0.0007781685200189997,-0.1310086697340011,-5188.999065580916,-4402.787085947442
14.975000000000144,16.636229621039497,0.0186707658900154,-0.3659366762988952,0.40795861908883757,-5.860172092914581,-0.0829413142194812,0.0,0.0,0.0,0.0,0.001122295514988737,-0.110054612159729,-5230.924105888508,-4438.359847420551
15.000000000000146,16.63606855604384,0.0244381858242882,-0.3684223377023207,0.4184295330625592,-5.901541614532471,-0.0829782988691197,0.0,0.0,0.0,0.0,0.0014689880449795258,-0.0888479650020599,-5267.851490349067,-4469.69217362951
15.025000000000146,16.636057959662544,0.0301736282805601,-0.3703754667562712,0.4281078361742424,-5.936958897113801,-0.0828756090419619,0.0,0.0,0.0,0.0,0.0018137486869619058,-0.0674866139888763,-5299.465769636828,-4496.516410600944
15.050000000000146,16.636201010810005,0.0358094150821367,-0.3717939995109019,0.43696408358487215,-5.965877199172974,-0.0826350715000681,0.0,0.0,0.0,0.0,0.0021524995435477224,-0.0462456531822681,-5325.278909753581,-4518.418468881826
15.075000000000149,16.63649770948622,0.0413046984208954,-0.3726916512458267,0.44497765743371215,-5.987531900405884,-0.0822561078381391,0.0,0.0,0.0,0.0,0.0024827760711524783,-0.0256104953587055,-5344.608393067219,-4534.819242602489
15.100000000000149,16.636951234605576,0.0466110474533504,-0.3730699199891588,0.452116005637429,-6.002865195274353,-0.0817401619888282,0.0,0.0,0.0,0.0,0.0028016579958711073,-0.0047237132675945,-5358.2952439785,-4546.432328224182
15.125000000000147,16.637562645806206,0.0516769000225596,-0.3729261758693218,0.4583255282315341,-6.010878813266754,-0.0810861645265104,0.0,0.0,0.0,0.0,0.0031060378928511913,0.0157426968216896,-5365.448383317619,-4552.501658572525
15.150000000000148,16.638334062364365,0.056492756638262,-0.3722851862844534,0.4635899954131155,-6.011150431632996,-0.0802970366060063,0.0,0.0,0.0,0.0,0.003395337323226829,0.0354799143970012,-5365.690836105191,-4552.707376089252
15.175000000000148,16.639265484280056,0.0610206069217787,-0.3711448539951951,0.4678342599579782,-6.005174827575684,-0.0793744843148892,0.0,0.0,0.0,0.0,0.003667265660219672,0.0556795895099639,-5360.356874778623,-4548.181590721255
15.200000000000149,16.64035479227702,0.0652108341455459,-0.3694924956968554,0.4710388830936316,-5.9921815395355225,-0.0783187822916466,0.0,0.0,0.0,0.0,0.003918836765175885,0.076746366918087,-5348.758767667365,-4538.340772566247
15.225000000000149,16.64160410563151,0.0690546838773621,-0.367284801732207,0.47313388708866005,-5.9702154994010925,-0.0771338545376971,0.0,0.0,0.0,0.0,0.004149520889875876,0.0997839719057083,-5329.151376104746,-4521.704197907056
15.25000000000015,16.643012364705402,0.0725073284573025,-0.3644966718079758,0.4739628739790483,-5.941365540027618,-0.0758199049513116,0.0,0.0,0.0,0.0,0.004356622879825995,0.1231723353266716,-5303.399240237768,-4499.853900807802
15.27500000000015,16.644570032755535,0.0755003343025843,-0.3611229460495497,0.47339132597952177,-5.905480372905732,-0.0743796258219048,0.0,0.0,0.0,0.0,0.004536033923015379,0.1466497182846069,-5271.367316470773,-4472.675298823685
15.30000000000015,16.646266513400608,0.07797429131137,-0.3571591303725894,0.47135128136837123,-5.861089754104615,-0.072816058978784,0.0,0.0,0.0,0.0,0.004684190971506974,0.1709766834974289,-5231.743231327809,-4439.054862944807
15.32500000000015,16.648095448811848,0.0799197206894556,-0.3525651442026891,0.46783245664654355,-5.807306396961213,-0.0711323045079058,0.0,0.0,0.0,0.0,0.004800532345287542,0.1965543627738952,-5183.734972369477,-4398.320582616525
15.35000000000015,16.650043063693577,0.0812771254115634,-0.3473336305573375,0.4628508504231771,-5.745743072032929,-0.0693290115547859,0.0,0.0,0.0,0.0,0.004881496408186059,0.2219768613576889,-5128.782135609721,-4351.693933244611
15.375000000000153,16.652099821302627,0.0819800131850772,-0.3414689503628195,0.45645106460108903,-5.676128160953522,-0.0674097629033283,0.0,0.0,0.0,0.0,0.004923103636467646,0.2472240626811981,-5066.642268260972,-4298.969197312339
15.400000000000151,16.654250886705185,0.0819850547446145,-0.3349865832429712,0.44868718927556817,-5.595959270000458,-0.0653787239039254,0.0,0.0,0.0,0.0,0.004922770486786759,0.2712504267692566,-4995.081676254507,-4238.251119246248
15.425000000000152,16.65649202134874,0.0813890993595123,-0.3278704503627114,0.4396690507368608,-5.500415027141571,-0.0632518173470634,0.0,0.0,0.0,0.0,0.004886328961416085,0.2980120182037353,-4909.796692259976,-4165.888102523616
15.450000000000152,16.658812628851997,0.0802308403783374,-0.3200847322053783,0.4292997880415483,-5.393123435974122,-0.0610307035472345,0.0,0.0,0.0,0.0,0.004816119982007765,0.3249228000640869,-4814.02575555395,-4084.627913803351
15.475000000000152,16.66120211283366,0.0785122232304679,-0.3116341891714206,0.41792366721413354,-5.2767580389976505,-0.0587054851159187,0.0,0.0,0.0,0.0,0.004712278423775444,0.3511389791965484,-4710.15533153151,-3996.495432814613
15.500000000000153,16.663646697998047,0.0761648184723324,-0.3025384620738777,0.4054900059555516,-5.152075862884522,-0.0562833900387621,0.0,0.0,0.0,0.0,0.004570717313724778,0.3765373826026916,-4598.861159574791,-3902.0640141846698
15.525000000000151,16.66613154941135,0.0731341044108073,-0.2928162596194071,0.39202323682380447,-5.018777835369111,-0.0537669503993948,0.0,0.0,0.0,0.0,0.004388187156328452,0.4012615978717804,-4479.876280915543,-3801.1071474434902
15.550000000000152,16.668646070692276,0.0694705959823396,-0.2824227075436413,0.37784616643732244,-4.86769026517868,-0.0512213491460911,0.0,0.0,0.0,0.0,0.004167740780367675,0.4302422404289245,-4345.012048179987,-3686.6768893648364
15.575000000000154,16.671186023288303,0.065255392756727,-0.2713152119138956,0.36293882890181106,-4.706274771690369,-0.0485887623936828,0.0,0.0,0.0,0.0,0.0039142621686045894,0.4581115841865539,-4200.928874074437,-3564.424499214673
15.600000000000154,16.673732333713108,0.0604227143857214,-0.2595340363969007,0.3472094680323745,-4.534331291913986,-0.0458761206027877,0.0,0.0,0.0,0.0,0.0036238265780212235,0.4825418889522552,-4047.448177782239,-3434.1984538758384
15.625000000000156,16.676260630289715,0.0551055744290351,-0.2472676995083207,0.3305958094741359,-4.346011853218079,-0.0430902377207263,0.0,0.0,0.0,0.0,0.0033044323095397527,0.4985305964946747,-3879.349924716794,-3291.569633093037
15.650000000000157,16.678760316636826,0.0494496565726068,-0.2345882064661285,0.31391095248135653,-4.144541704654694,-0.0403074528440266,0.0,0.0,0.0,0.0,0.0029648280587905246,0.5167022347450256,-3699.5130462040675,-3138.980766476178
15.675000000000155,16.681216557820637,0.0435877881116337,-0.2214398472692711,0.29682982473662406,-3.934592390060425,-0.0374706515702796,0.0,0.0,0.0,0.0,0.0026129861668391613,0.5349713563919067,-3512.1074694883637,-2979.969974111338
15.700000000000156,16.68360710144043,0.0374749178687731,-0.2078497029370831,0.27942840576171873,-3.7190903782844544,-0.0345790224675906,0.0,0.0,0.0,0.0,0.002246211963690849,0.5520093441009521,-3319.7454278293208,-2816.753696340029
15.725000000000156,16.685910754733616,0.0311144151621394,-0.1938844190758438,0.26182963053385416,-3.4932312369346623,-0.031640047354147,0.0,0.0,0.0,0.0,0.001864711829008948,0.5635124444961548,-3118.138374608072,-2645.693166334121
15.750000000000156,16.688109503851997,0.0247459900048044,-0.1797160358919724,0.24438536672881156,-3.2505110204219823,-0.0287196405072256,0.0,0.0,0.0,0.0,0.0014828516075528183,0.5708876252174377,-2901.4807387209335,-2461.8624449753374
15.775000000000157,16.690183215671116,0.0185817749136024,-0.1653493970097014,0.22646445996833572,-3.0034673988819125,-0.0257823902067068,0.0,0.0,0.0,0.0,0.0011133355861639189,0.5781792998313904,-2680.963932280658,-2274.7572758744973
15.800000000000155,16.69210222032335,0.0125860650506284,-0.1508133644373445,0.20903333259351325,-2.754970473051072,-0.0228228286499775,0.0,0.0,0.0,0.0,0.0007540131784781624,0.5845364332199097,-2459.149873075916,-2086.5514074583525
15.825000000000156,16.693850623236763,0.0067790882248017,-0.1361714046326297,0.1918838408499053,-2.501164722442627,-0.0198540890703117,0.0,0.0,0.0,0.0,0.0004060829570000852,0.5864125490188599,-2232.597035032804,-1894.3247569975304
15.850000000000158,16.69541252983941,0.0012886011973023,-0.1215201154417213,0.17522318290941644,-2.2384955972433094,-0.0169044040961563,0.0,0.0,0.0,0.0,7.718295040623923e-05,0.5854068994522095,-1998.1325454081673,-1695.385190043293
15.875000000000158,16.696772045559353,-0.0036647129389974,-0.1069065183026158,0.15903614390980114,-1.973139932751656,-0.0139785757398517,0.0,0.0,0.0,0.0,-0.00021948631322256455,0.5835059285163879,-1761.2699891529126,-1494.4108998873196
15.900000000000158,16.697913275824654,-0.0080992809186379,-0.0923505536339754,0.14356835105202415,-1.7099376469850542,-0.0110687768045067,0.0,0.0,0.0,0.0,-0.0004850474897581419,0.5806758999824524,-1526.3295881694462,-1295.0675293558934
15.92500000000016,16.698826683892143,-0.0119917570716804,-0.0779062087045229,0.1289243963992957,-1.4458312809467315,-0.0081804727520654,0.0,0.0,0.0,0.0,-0.0007181197397088845,0.5748653411865234,-1290.582184386058,-1095.039429176049
15.95000000000016,16.699500613742405,-0.0152955442253086,-0.0636107344800058,0.11503795045794862,-1.181675483286381,-0.0053116522327153,0.0,0.0,0.0,0.0,-0.0009159282411548009,0.5683885216712952,-1054.7906568023516,-894.9738906201769
15.97500000000016,16.699934005737305,-0.0178794521424505,-0.049489942817052,0.10231605992172704,-0.915326002240181,-0.0024529497099314,0.0,0.0,0.0,0.0,-0.0010706301076583878,0.5614646077156067,-817.0409970816042,-693.2469066146944
16.00000000000016,16.700124740600586,-0.0196910090744495,-0.0355258032828436,0.09079734802246094,-0.6510244652628899,0.0004096992456815,0.0,0.0,0.0,0.0,-0.0011790935325517427,0.5559160113334656,-581.11937923876,-493.0709884450083
16.02500000000016,16.700078116522896,-0.0206960779097345,-0.0216967005800644,0.08052802230372573,-0.3868875786662102,0.0032733546889331,0.0,0.0,0.0,0.0,-0.0012392803054770145,0.550663948059082,-345.34473210451057,-293.0197726947362
16.050000000000157,16.69979625278049,-0.0208731782105233,-0.0079811827380745,0.07157482609604345,-0.1251156246289611,0.0061388327330557,0.0,0.0,0.0,0.0,-0.0012499061602052747,0.546802818775177,-111.6810780499497,-94.75970258783609
16.075000000000156,16.69928762647841,-0.0202529918816354,0.0056323802468006,0.06398211045698686,0.1337884100154042,0.0090254544947244,0.0,0.0,0.0,0.0,-0.0012128057396605491,0.5423644185066223,119.4226053334223,101.32827119199465
16.100000000000154,16.69856071472168,-0.0188323420782883,0.0191565275980764,0.05779443220658736,0.3916211493313313,0.0119466191982295,0.0,0.0,0.0,0.0,-0.0011277823520254324,0.5400152802467346,349.5700259195245,296.6048704771722
16.125000000000153,16.69762399461534,-0.0166187062859535,0.0326552069109824,0.05300474860451438,0.6482047453522682,0.0149073547304628,0.0,0.0,0.0,0.0,-0.0009952737162672192,0.5402973890304565,578.6024325316558,490.9353972995867
16.15000000000015,16.69648594326443,-0.013649637500445,0.0461891793501157,0.049597948825720585,0.9030434489250184,0.0178996840917218,0.0,0.0,0.0,0.0,-0.0008175155866226709,0.5426924824714661,806.0773080978239,683.9443826284565
16.17500000000015,16.69515609741211,-0.0100328121334314,0.0597791405899788,0.04751896973812219,1.151489117741585,0.0209263313004886,0.0,0.0,0.0,0.0,-0.0006009414991325879,0.5438421368598938,1027.8456141152344,872.1114301583806
16.20000000000015,16.693647172715927,-0.0059526755164066,0.0733823385726973,0.04663624546744607,1.395092386007309,0.0239571012074585,0.0,0.0,0.0,0.0,-0.0003565832831387286,0.5444473624229431,1245.2914822639013,1056.6109546481584
16.225000000000147,16.691964467366535,-0.0015081094008766,0.0869983738241079,0.04690308354117654,1.6346445977687838,0.0269720575551588,0.0,0.0,0.0,0.0,-9.034942554694595e-05,0.5447103381156921,1459.121284401808,1238.0423019166853
16.250000000000146,16.690119637383354,0.0031851715822186,0.1006131773635144,0.048190636192307325,1.8687123090028763,0.0299642719635661,0.0,0.0,0.0,0.0,0.000190841746579473,0.5445993542671204,1668.0554954951906,1415.3198143595553
16.275000000000144,16.688121159871418,0.0079624070268538,0.1142122682524893,0.05062580802223899,2.095137321949005,0.0329385724524533,0.0,0.0,0.0,0.0,0.0004771302263792499,0.5426790118217468,1870.1676586905464,1586.808922525312
16.300000000000143,16.685984929402668,0.0126325132118331,0.127711032869774,0.0541848246978991,2.3128944963216784,0.0359139028356684,0.0,0.0,0.0,0.0,0.0007570732722869194,0.5370463728904724,2064.542710241236,1751.7332086895333
16.32500000000014,16.68372366163466,0.0171039791570769,0.1410612180653674,0.058877024650573734,2.526305192708969,0.0388248336144767,0.0,0.0,0.0,0.0,0.0010251895502446282,0.5309199690818787,2255.0379957869404,1913.3655721828584
16.35000000000014,16.68135537041558,0.0213238783180713,0.1542455965159682,0.06472378344246836,2.735287195444107,0.0416777490934133,0.0,0.0,0.0,0.0,0.0012783060995085113,0.5235994458198547,2441.5801277365845,2071.643744746192
16.37500000000014,16.678894890679253,0.0252689400480853,0.1672288230804839,0.07175117449326948,2.939493972063065,0.0444778507589822,0.0,0.0,0.0,0.0,0.0015150248390980905,0.51450115442276,2623.859783259572,2226.3052706444846
16.400000000000137,16.67636341518826,0.0288455084794097,0.1799845491088796,0.08001815261262836,3.1346614062786107,0.0472250928381023,0.0,0.0,0.0,0.0,0.0017297241467608099,0.5059888958930969,2798.070714292957,2374.120606066751
16.425000000000136,16.673778957790798,0.0319278861085573,0.1924865923986885,0.08930879332802512,3.3209080755710603,0.0499352358348808,0.0,0.0,0.0,0.0,0.0019148560257025021,0.4939747750759125,2964.3187658171187,2515.1795588751306
16.450000000000134,16.671166949801975,0.0344859850075509,0.204681589859568,0.09992595557010535,3.503052139282227,0.0525500189392831,0.0,0.0,0.0,0.0,0.0020686005431647682,0.4819135963916778,3126.904737441267,2653.1312923744076
16.475000000000133,16.668547524346245,0.036532071729501,0.2165768984740295,0.1116502993034594,3.681147629022599,0.0550778519146889,0.0,0.0,0.0,0.0,0.0021916769698224693,0.4694828391075134,3285.876859020992,2788.016728866296
16.50000000000013,16.66593869527181,0.0381000298592779,0.2281389624123381,0.1244318320534446,3.854067474603653,0.0575343433817996,0.0,0.0,0.0,0.0,0.002286101644552852,0.4548704326152801,3440.2290818388346,2918.9822512571927
16.52500000000013,16.663363774617512,0.0391946526037322,0.2393120550286838,0.1381788022590406,4.021496540307999,0.0598965110926456,0.0,0.0,0.0,0.0,0.0023521452891423697,0.4392563998699188,3589.680108520829,3045.7891829873697
16.55000000000013,16.660841835869682,0.0397738193472226,0.2501244391201351,0.15284779288552025,4.177167451381684,0.0621764703495923,0.0,0.0,0.0,0.0,0.0023872634851854974,0.4247735142707824,3728.6355365202085,3163.69075825957
16.575000000000127,16.658395131429035,0.0397424482636981,0.2605430249101477,0.1682597813461766,4.326297909021378,0.0643544430203565,0.0,0.0,0.0,0.0,0.0023857309152618715,0.4091231822967529,3861.7528056756396,3276.6387442096334
16.600000000000126,16.656039555867512,0.039127589099937,0.2705819937315263,0.18426657012014677,4.470939362049103,0.0664234383070768,0.0,0.0,0.0,0.0,0.002349153228694952,0.393742561340332,3990.863086288093,3386.1868610929273
16.625000000000124,16.653783586290146,0.0380002665850851,0.2802175768715421,0.20044086340701942,4.611275517940522,0.0683882935922021,0.0,0.0,0.0,0.0,0.002281779776240636,0.3764751553535461,4116.130359866581,3492.47424473528
16.650000000000123,16.651635699801975,0.0363934164245923,0.2893882053747435,0.21700504418575403,4.745677250623704,0.0702439759173909,0.0,0.0,0.0,0.0,0.002185576064760118,0.3570689857006073,4236.10043108952,3594.2670324395917
16.67500000000012,16.649607552422417,0.0343868777983718,0.2980680132890434,0.23367759473396071,4.875582677125931,0.0719807793088267,0.0,0.0,0.0,0.0,0.0020653266264746713,0.3372316360473633,4352.056996221426,3692.6544210363604
16.70000000000012,16.64770550198025,0.0319866008228725,0.3062932196052668,0.2503956627123284,4.992957150936127,0.0736027317976582,0.0,0.0,0.0,0.0,0.0019213819477445517,0.3201306760311126,4456.8281453847885,3781.55115365982
16.72500000000012,16.64594226413303,0.0290428619417879,0.3140880257998197,0.2670421114834872,5.0999689459800726,0.0751047047181925,0.0,0.0,0.0,0.0,0.0017447412396933806,0.3033331632614136,4552.349329649425,3862.5994312176936
16.750000000000117,16.64432207743327,0.0255827378067705,0.3214514997663206,0.2834603003299598,5.203521549701691,0.0764807392474904,0.0,0.0,0.0,0.0,0.0015370249198347421,0.2855285406112671,4644.782760348477,3941.027796659313
16.775000000000116,16.64284388224284,0.0217021608518229,0.3283565438406781,0.2995344173546993,5.303206658363343,0.0777289836563565,0.0,0.0,0.0,0.0,0.0013039935365240145,0.2667021453380584,4733.76397619482,4016.527010104695
16.800000000000114,16.64150873819987,0.0174706967340575,0.3347681707440711,0.3151664317737926,5.396385776996613,0.0788508901998229,0.0,0.0,0.0,0.0,0.0010498264916301888,0.2459007203578949,4816.937796024027,4087.098736020386
16.825000000000113,16.64031876458062,0.0129449253694878,0.3406497620115111,0.3303062254009825,5.484185683727265,0.0798401380314896,0.0,0.0,0.0,0.0,0.0007779253241855819,0.2245744913816452,4895.310007851634,4153.5963702983545
16.85000000000011,16.63927396138509,0.008214179219471,0.3459974893489311,0.3447958466500947,5.566541540622712,0.0806965190918966,0.0,0.0,0.0,0.0,0.000493662117622062,0.2033277153968811,4968.822735850929,4215.970806176546
16.87500000000011,16.638371149698894,0.0032748349217904,0.3508806282341867,0.3587557336055871,5.636704361438752,0.0814184146784438,0.0,0.0,0.0,0.0,0.0001968242499416576,0.1874094754457473,5031.451680005574,4269.110516368365
16.90000000000011,16.637614568074543,-0.0019321665685209,0.3553595658449957,0.3721065544359612,5.701569747924805,0.0820043683749101,0.0,0.0,0.0,0.0,-0.00011613242755535885,0.1704563349485397,5089.352012696814,4318.2380713791135
16.925000000000107,16.637003156873917,-0.0073460091112388,0.3593911256821849,0.3847793440385298,5.760996925830842,0.0824539266116723,0.0,0.0,0.0,0.0,-0.0004415464156598207,0.1516060084104538,5142.398075598187,4363.246852022703
16.950000000000106,16.63654115464952,-0.0129471419172154,0.3629241084737976,0.39674493038293085,5.813213074207306,0.0827661073480784,0.0,0.0,0.0,0.0,-0.0007782351990634171,0.1310047209262848,5189.007408042424,4402.794164399631
16.975000000000104,16.636229621039497,-0.0186718814074993,0.3659371756415996,0.4079606905850497,5.860180270671845,0.082941330864238,0.0,0.0,0.0,0.0,-0.0011223625684924038,0.1100506484508514,5230.931405542327,4438.366041066216
17.000000000000103,16.63606855604384,-0.0244392930633491,0.3684227371764842,0.41843145659475617,5.901549208164216,0.0829782905467413,0.0,0.0,0.0,0.0,-0.001469054601513431,0.0888440012931823,5267.858268599042,4469.697924871914
17.0250000000001,16.636057959662544,-0.0301747127539581,0.3703757663618938,0.4281095886230469,5.936965322494507,0.0828755757524483,0.0,0.0,0.0,0.0,-0.0018138138750852357,0.0674826651811599,5299.471505079114,4496.5212770368225
17.0500000000001,16.636201010810005,-0.0358104705810546,0.3717941992479837,0.43696567419803506,5.965882456302643,0.0826350132434193,0.0,0.0,0.0,0.0,-0.002152562989458073,0.0462418980896472,5325.283602388179,4518.4224505111815
17.0750000000001,16.63649770948622,-0.0413057125276989,0.3726917511143676,0.44497908158735794,5.987535405158997,0.082256024614355,0.0,0.0,0.0,0.0,-0.0024828370279007797,0.0256067011505365,5344.611521490286,4534.8218970220605
17.100000000000097,16.636951234605576,-0.046612016028828,0.3730699199891588,0.45211724483605586,6.002867531776428,0.0817400537979089,0.0,0.0,0.0,0.0,-0.0028017162141987287,0.0047198911197483,5358.297329593878,4546.434097837228
17.125000000000096,16.637563705444336,-0.0516778189274999,0.372926076000781,0.4583266009706439,6.010879397392273,0.0810860313684559,0.0,0.0,0.0,0.0,-0.0031060929257682893,-0.0157462395727634,5365.448904721464,4552.502100975787
17.150000000000095,16.638334062364365,-0.0564936217334535,0.3722850198368853,0.4635908924449574,6.011150431632996,0.0802968784808166,0.0,0.0,0.0,0.0,-0.0033953893173260135,-0.0354835353791713,5365.690836105191,4552.707376089252
17.175000000000093,16.639265484280056,-0.0610214099287986,0.3711445876790861,0.46783495353929927,6.005173659324647,0.0793743012225643,0.0,0.0,0.0,0.0,-0.003667313919983341,-0.0556833036243915,5360.3558319709355,4548.180705914732
17.20000000000009,16.64035479227702,-0.0652115709251827,0.3694921295122055,0.47103937322443185,5.9921786189079285,0.0783185783933757,0.0,0.0,0.0,0.0,-0.003918881041854237,-0.0767505392432212,5348.756160648143,4538.338560549939
17.22500000000009,16.64160410563151,-0.0690553544296158,0.3672843689685298,0.47313414602568654,5.970210826396943,0.0771336256722909,0.0,0.0,0.0,0.0,-0.004149561183602938,-0.0997882485389709,5329.147204873992,4521.700658680962
17.25000000000009,16.643012364705402,-0.0725079245037502,0.3644961058862441,0.47396290172230116,5.94135969877243,0.075819646957581,0.0,0.0,0.0,0.0,-0.004356658693441622,-0.1231766939163208,5303.394026199326,4499.8494767751845
17.275000000000087,16.644570032755535,-0.0755008310079574,0.3611222802592772,0.47339108553799714,5.905473363399506,0.0743793428610389,0.0,0.0,0.0,0.0,-0.00453606376490208,-0.1466540992259979,5271.361059624641,4472.6699899845435
17.300000000000086,16.646267573038738,-0.0779746969540913,0.357158364713776,0.4713507634943182,5.8610804080963135,0.0728157552119722,0.0,0.0,0.0,0.0,-0.00468421504171804,-0.1709815114736557,5231.7348888663,4439.047784492617
17.325000000000085,16.648095448811848,-0.0799200269911024,0.3525642453858212,0.4678316705877131,5.807295298576356,0.071131979935148,0.0,0.0,0.0,0.0,-0.004800550743887415,-0.1965591758489608,5183.725065696436,4398.312176954551
17.350000000000083,16.650044123331707,-0.0812773158152898,0.3473325985824151,0.46284978693181816,5.745730805397034,0.0693286620148929,0.0,0.0,0.0,0.0,-0.004881507533147969,-0.2219816744327545,5128.771186128993,4351.684642776115
17.37500000000008,16.652099821302627,-0.0819800876908832,0.3414677852298426,0.4564497514204545,5.67611472606659,0.0674093883963,0.0,0.0,0.0,0.0,-0.004923108110726556,-0.2472289204597473,5066.630275972555,4298.959022037319
17.40000000000008,16.654250886705185,-0.0819850050740771,0.3349853182414534,0.44868564490116003,5.595941746234894,0.0653783265103565,0.0,0.0,0.0,0.0,-0.004922767504332746,-0.2712558209896087,4995.06603413918,4238.237847148394
17.42500000000008,16.65649202134874,-0.0813889586263232,0.3278690522031391,0.43966726592092803,5.500395750999451,0.0632513887445755,0.0,0.0,0.0,0.0,-0.004886320512266714,-0.2980174720287323,4909.779485933117,4165.873503215977
17.450000000000077,16.658812628851997,-0.0802306085824966,0.3200832008877515,0.42929776278409093,5.393101239204407,0.0610302478970168,0.0,0.0,0.0,0.0,-0.004816106067700307,-0.3249285817146301,4814.005942207868,4084.6111024794027
17.475000000000076,16.66120211283366,-0.0785118920935524,0.3116325246957394,0.4179214385061553,5.27673408985138,0.0587050065791603,0.0,0.0,0.0,0.0,-0.004712258549044122,-0.3511447310447693,4710.133953973896,3996.4772942808804
17.500000000000075,16.663646697998047,-0.0761643797159195,0.3025366311506282,0.4054875645493016,5.152050161361695,0.0562828969378415,0.0,0.0,0.0,0.0,-0.004570690983569029,-0.3765428364276886,4598.838217805644,3902.0445484411516
17.525000000000073,16.66613154941135,-0.0731335249212053,0.2928142955381032,0.39202060583866005,5.018750965595245,0.053766453137285,0.0,0.0,0.0,0.0,-0.004388152385835955,-0.4012665152549743,4479.852296338707,3801.0867968934476
17.55000000000007,16.668647130330402,-0.0694698840379715,0.2824206103042828,0.3778434059836648,4.867660766839982,0.0512208664481436,0.0,0.0,0.0,0.0,-0.004167697803834574,-0.4302472472190857,4344.985717285853,3686.654548000117
17.57500000000007,16.671186023288303,-0.0652545318007469,0.2713129981612395,0.3629358973647609,4.706244397163392,0.0485882817763298,0.0,0.0,0.0,0.0,-0.0039142105252494685,-0.4581156373023987,4200.901761074536,3564.4014942450603
17.60000000000007,16.673732333713108,-0.060421692000495,0.2595317394204606,0.34720630530155067,4.534297996759415,0.0458756399854347,0.0,0.0,0.0,0.0,-0.00362376526090242,-0.4825434982776642,4047.4184577631177,3434.1732368899175
17.625000000000068,16.67626168992784,-0.0551044361458884,0.2472653692423669,0.3305926190000592,4.34597709774971,0.0430897467004003,0.0,0.0,0.0,0.0,-0.003304363841877732,-0.4985319375991821,3879.3189011880613,3291.5433100989603
17.650000000000066,16.678760316636826,-0.0494484479228655,0.2345858262659043,0.31390772039240056,4.144503736495972,0.0403069576625114,0.0,0.0,0.0,0.0,-0.0029647555923890444,-0.5167044997215271,3699.479154954192,3138.9520102641623
17.675000000000065,16.681216557820637,-0.0435865422089894,0.2214374004900196,0.29682651404178506,3.934552961587906,0.03747012726044,0.0,0.0,0.0,0.0,-0.0026129114778834744,-0.5349740982055664,3512.072274728877,2979.940111891168
17.700000000000063,16.68360816107856,-0.0374736512700716,0.2078471895788043,0.279425048828125,3.71904890537262,0.0345784690294266,0.0,0.0,0.0,0.0,-0.0022461359022740925,-0.5520128011703491,3319.7084081563794,2816.722285708443
17.725000000000062,16.685911814371746,-0.0311131733987066,0.193881822493781,0.26182631521513966,3.4931853830814363,0.0316394585458748,0.0,0.0,0.0,0.0,-0.0018646372907178202,-0.5635146498680115,3118.0974444062986,2645.658437678071
17.75000000000006,16.688110563490127,-0.0247448475824462,0.1797133560861255,0.24438209302497632,3.250461953878403,0.0287190412959804,0.0,0.0,0.0,0.0,-0.0014827830561347322,-0.5708913207054138,2901.436940798017,2461.8252831013474
17.77500000000006,16.690184275309246,-0.018580738041136,0.1653466339800704,0.2264611770167495,3.0034174561500557,0.0257817701895155,0.0,0.0,0.0,0.0,-0.0011132733907931478,-0.578183114528656,2680.919352251976,2274.7194503956157
17.800000000000058,16.69210222032335,-0.0125851037187708,0.1508105015391727,0.20903009125680636,2.754920238256455,0.0228222107133808,0.0,0.0,0.0,0.0,-0.0007539555864597987,-0.5845398902893066,2459.1050323453114,2086.5133607778394
17.825000000000056,16.693851682874893,-0.0067781827722986,0.1361684918001874,0.19188066887133048,2.50111477971077,0.0198534940202556,0.0,0.0,0.0,0.0,-0.0004060286925426494,-0.5864141583442688,2232.5524550041223,1894.2869315186488
17.850000000000055,16.69541252983941,-0.0012877441218329,0.1215171859645222,0.17522010572028882,2.238444924354553,0.0169038506579922,0.0,0.0,0.0,0.0,-7.713161441990955e-05,-0.5854065418243408,1998.0873136246787,1695.3468115603332
17.875000000000053,16.696772045559353,0.0036655485423074,0.1069036221149304,0.1590331522623698,1.9730914503335957,0.0139780540307553,0.0,0.0,0.0,0.0,0.00021953635902229878,-0.583503782749176,1761.2267126338409,1494.3741804165918
17.900000000000052,16.697913275824654,0.0081001196263564,0.0923477240253172,0.1435654796253551,1.709890040755272,0.011068277201728,0.0,0.0,0.0,0.0,0.0004850977180534172,-0.5806720852851868,1526.2870937561404,1295.0314734900583
17.92500000000005,16.698826683892143,0.0119925714615318,0.077903487286784,0.12892167756051728,1.445783966779709,0.0081799731492867,0.0,0.0,0.0,0.0,0.0007181685089947041,-0.574861466884613,1290.5399506746746,1095.003594511845
17.95000000000005,16.699500613742405,0.0152962779005368,0.0636081004472402,0.11503541657418916,1.1816264167428017,0.0053111407315362,0.0,0.0,0.0,0.0,0.0009159721751169697,-0.5683850049972534,1054.7468588794354,894.9367287461874
17.975000000000048,16.699934005737305,0.0178800316320525,0.049487383685692,0.10231372717655066,0.9152761325240136,0.0024524226693114,0.0,0.0,0.0,0.0,0.0010706648077716816,-0.56146240234375,816.9964822284024,693.2091364362201
18.000000000000046,16.700124740600586,0.0196913960907194,0.0355232774409972,0.09079524647105824,0.6509738653898239,-0.000410233828457,0.0,0.0,0.0,0.0,0.0011791167070055813,-0.5559148788452148,581.0742126307528,493.03266526245676
18.025000000000045,16.700078116522896,0.0206962538262208,0.0216941976247587,0.08052616812966086,0.3868375994265079,-0.0032738790637913,0.0,0.0,0.0,0.0,0.0012392908393490762,-0.5506633520126343,345.3001194880879,292.98191956565023
18.050000000000043,16.69979625278049,0.020873165792889,0.0079786953872282,0.07157322507916075,0.1250676898285746,-0.006139341568473,0.0,0.0,0.0,0.0,0.0012499054166252867,-0.5468018054962158,111.63829034698176,94.72339787016634
18.07500000000004,16.69928762647841,0.0202528304523891,-0.0056348337879846,0.0639807787808505,-0.1338349666446447,-0.0090259538374288,0.0,0.0,0.0,0.0,0.0012127960728262558,-0.5423628687858582,-119.46416284919516,-101.3635321144686
18.10000000000004,16.69856071472168,0.0188320481942759,-0.0191589431684089,0.05779337160515063,-0.3916666381061077,-0.0119471240024947,0.0,0.0,0.0,0.0,0.001127764752663582,-0.54001384973526,-349.61063024389455,-296.6393226311832
18.12500000000004,16.697622934977215,0.0166182778775692,-0.0326575954335851,0.05300395849979285,-0.6482503801584244,-0.0149078847619375,0.0,0.0,0.0,0.0,0.0009952481225790643,-0.5402967929840088,-578.6431672069871,-490.96996005441315
18.15000000000004,16.6964848836263,0.013649050767223,-0.0461915720339076,0.04959742228190104,-0.9030901789665224,-0.0179002510537507,0.0,0.0,0.0,0.0,0.0008174804973835049,-0.5426934361457825,-806.1190204053631,-683.979774889399
18.17500000000004,16.69515609741211,0.0100320619013574,-0.0597815665632843,0.047518683635827265,-1.1515362858772278,-0.0209269388341123,0.0,0.0,0.0,0.0,0.0006008965620221098,-0.5438441038131714,-1027.8877174756567,-872.1471542217691
18.200000000000035,16.6936461130778,0.0059517591984735,-0.0733848352862193,0.04663618131117387,-1.3951402842998506,-0.0239577295470282,0.0,0.0,0.0,0.0,0.00035652841555152483,-0.5444507002830505,-1245.3342373791288,-1056.6472317156245
18.225000000000037,16.691964467366535,0.0015070548074112,-0.0870009537614139,0.0469032308549592,-1.6346920579671862,-0.0269726869350258,0.0,0.0,0.0,0.0,9.028624583748384e-05,-0.5447138547897339,-1459.1636484641524,-1238.078247181705
18.250000000000032,16.690118577745224,-0.0031862966716289,-0.1006158405246044,0.04819098606705666,-1.8687577247619631,-0.0299648846986763,0.0,0.0,0.0,0.0,-0.00019090916920611582,-0.54460209608078,-1668.0960346440804,-1415.3542112131588
18.27500000000003,16.688121159871418,-0.0079635106441047,-0.1142149813478498,0.05062636512698549,-2.095180109143257,-0.0329391612607256,0.0,0.0,0.0,0.0,-0.0004771963582847129,-0.5426797866821289,-1870.205851522137,-1586.8413285642373
18.30000000000003,16.68598386976454,-0.0126335149010022,-0.1277137293203777,0.054185605988358004,-2.312934654951096,-0.0359144656365081,0.0,0.0,0.0,0.0,-0.0007571333521360088,-0.5370451211929321,-2064.5785567555276,-1751.7636239137805
18.325000000000028,16.68372366163466,-0.0171048494262827,-0.1410638645817007,0.058878032763799035,-2.52634374499321,-0.0388253683272893,0.0,0.0,0.0,0.0,-0.001025241713012572,-0.5309174656867981,-2255.0724084406606,-1913.3947707981358
18.350000000000023,16.68135537041558,-0.0213246130281024,-0.1542481764532742,0.06472502406799432,-2.7353248715400698,-0.0416782588390907,0.0,0.0,0.0,0.0,-0.0012783501432936108,-0.5235961079597473,-2441.6137582845377,-2071.672279756577
18.375000000000025,16.678894890679253,-0.0252695567905902,-0.167231303149249,0.07175265875729647,-2.939530771970749,-0.0444783501016866,0.0,0.0,0.0,0.0,-0.001515061816518294,-0.5144971013069153,-2623.892631701759,-2226.3331420499767
18.400000000000023,16.67636235555013,-0.0288460031151771,-0.1799869459538607,0.08001986460252242,-3.134696745872498,-0.0472255651330769,0.0,0.0,0.0,0.0,-0.0017297539175608488,-0.5059852004051208,-2798.1022592255335,-2374.1473714640883
18.425000000000026,16.673778957790798,-0.0319282607071929,-0.1924888727303719,0.08931072784192634,-3.320941954851151,-0.0499356935656932,0.0,0.0,0.0,0.0,-0.0019148784920334132,-0.4939706027507782,-2964.349007240085,-2515.205218264314
18.45000000000002,16.671166949801975,-0.0344862540562947,-0.2046837869674673,0.09992810336026278,-3.50308455824852,-0.0525504517029602,0.0,0.0,0.0,0.0,-0.002068616681731709,-0.4819097220897674,-3126.9336753546218,-2653.155845755436
18.47500000000002,16.668546464708115,-0.0365322497155931,-0.216578995713388,0.11165263898444898,-3.681178879737854,-0.0550782597112308,0.0,0.0,0.0,0.0,-0.0021916877871110056,-0.4694787561893463,-3285.9047541266586,-2788.0403974408005
18.500000000000018,16.66593869527181,-0.0381001209219296,-0.2281409431383989,0.12443435322154651,-3.854097265005112,-0.0575347303723955,0.0,0.0,0.0,0.0,-0.0022861071085506124,-0.4548659026622772,-3440.255673434891,-2919.0048138235434
18.525000000000016,16.663362714979385,-0.0391946608821551,-0.2393139192414469,0.13818148295084634,-4.021523702144624,-0.0598968647937279,0.0,0.0,0.0,0.0,-0.00235214593552125,-0.4392524361610412,-3589.7043537995874,-3045.809754739043
18.55000000000001,16.660840776231552,-0.039773720006148,-0.2501262034643573,0.15285059495405717,-4.177192568778992,-0.0621767990835393,0.0,0.0,0.0,0.0,-0.00238725767446799,-0.42476886510849,-3728.65795688551,-3163.7097815998263
18.575000000000014,16.658395131429035,-0.0397422495815489,-0.2605446727410722,0.16826267820416074,-4.3263212740421295,-0.0643547467871683,0.0,0.0,0.0,0.0,-0.002385718988413719,-0.4091188907623291,-3861.7736618294093,-3276.6564403401044
18.60000000000001,16.656039555867512,-0.0391273117727703,-0.2705835416939099,0.1842695155288234,-4.4709621429443365,-0.0664237275097265,0.0,0.0,0.0,0.0,-0.0023491365784483087,-0.3937383890151977,-3990.8834210380187,-3386.2041148201365
18.62500000000001,16.65378252665202,-0.0379999313089582,-0.2802190083206279,0.2004438134395715,-4.611297714710236,-0.0683885807142571,0.0,0.0,0.0,0.0,-0.002281759789293795,-0.3764712512493133,-4116.150173212662,-3492.4910560592275
18.65000000000001,16.651635699801975,-0.0363930563131968,-0.2893895702448022,0.21700799190636838,-4.7456994473934175,-0.0702442651200405,0.0,0.0,0.0,0.0,-0.002185554438572638,-0.3570659160614013,-4236.1202444356,-3594.2838437635387
18.675000000000008,16.649606492784287,-0.0343865218261877,-0.2980693115800748,0.2336804777203184,-4.875604581832886,-0.0719810747532601,0.0,0.0,0.0,0.0,-0.002065305377703092,-0.3372293710708618,-4352.076548865584,-3692.671011158677
18.700000000000006,16.64770444234212,-0.0319862303634484,-0.3062944846067845,0.2503984902121804,-4.992975842952728,-0.0736030230809024,0.0,0.0,0.0,0.0,-0.0019213598171585718,-0.3201294541358948,-4456.844830307804,-3781.5653105641964
18.725000000000005,16.64594226413303,-0.0290424500902493,-0.3140892575118238,0.26704488118489583,-5.099987637996674,-0.0751049835178691,0.0,0.0,0.0,0.0,-0.0017447164978354511,-0.3033319413661957,-4552.366014572441,-3862.6135881220703
18.750000000000004,16.64432101779514,-0.0255822804239061,-0.3214526981888112,0.2834629775538589,-5.203539073467255,-0.0764809930800318,0.0,0.0,0.0,0.0,-0.0015369975378722277,-0.2855268716812134,-4644.7984024638035,-3941.041068757166
18.775,16.64284282260471,-0.021701647589604,-0.3283576756841413,0.2995369836055871,-5.303223013877869,-0.0777292083605735,0.0,0.0,0.0,0.0,-0.0013039627797318556,-0.2666999101638794,-4733.778575502459,-4016.539397396025
18.8,16.64150873819987,-0.0174701172444555,-0.3347692360085071,0.31516890092329547,-5.396400964260102,-0.0788510857757154,0.0,0.0,0.0,0.0,-0.001049791669691198,-0.2458976805210113,-4816.951352523976,-4087.110238505191
18.825,16.64031876458062,-0.0129442827569113,-0.3406507606969199,0.3303086113207268,-5.484199702739716,-0.0798403086402469,0.0,0.0,0.0,0.0,-0.0007778867063811041,-0.2245711386203766,-4895.322521543894,-4153.606987976636
18.85,16.63927396138509,-0.0082134859015544,-0.345998388165799,0.34479807535807294,-5.566554391384125,-0.0806966647335187,0.0,0.0,0.0,0.0,-0.0004936204500638375,-0.2033245712518692,-4968.8342067355015,-4215.980539048304
18.875,16.638371149698894,-0.0032740725307828,-0.3508814604720274,0.35875792532256157,-5.636715459823609,-0.0814185311917415,0.0,0.0,0.0,0.0,-0.00019677842868903974,-0.1874067634344101,-5031.461586678616,-4269.1189220303395
18.899999999999995,16.637614568074543,0.0019329888487441,-0.3553602982142954,0.3721086582993016,-5.701580262184144,-0.0820044640822618,0.0,0.0,0.0,0.0,0.00011618185051919995,-0.1704532951116562,-5089.36139796601,-4318.246034637826
18.924999999999997,16.637003156873917,0.0073468809326489,-0.3593917914724573,0.3847813554243608,-5.761005687713624,-0.0824539931906995,0.0,0.0,0.0,0.0,0.00044159881821104224,-0.1516025364398956,-5142.4058966558505,-4363.253488071629
18.949999999999992,16.63654115464952,0.01294805875255,-0.3629247076850428,0.396746826171875,-5.813221836090088,-0.0827661531211597,0.0,0.0,0.0,0.0,0.0007782903087960278,-0.1310011446475982,-5189.015229100087,-4402.800800448558
18.97499999999999,16.636229621039497,0.0186728272173139,-0.365937674984304,0.4079624892726089,-5.860187864303589,-0.082941351670184,0.0,0.0,0.0,0.0,0.001122419420906451,-0.1100469753146171,-5230.938183792302,-4438.37179230862
18.99999999999999,16.63606855604384,0.0244402533604039,-0.3684231366506477,0.4184331396854285,-5.901555633544922,-0.0829782863855521,0.0,0.0,0.0,0.0,0.0014691123253110676,-0.0888402462005615,-5267.864004041328,-4469.702791307793
19.024999999999988,16.636057959662544,0.0301756771902243,-0.3703760992570301,0.4281111653645833,-5.936970579624177,-0.0828755424629347,0.0,0.0,0.0,0.0,0.0018138718477292682,-0.0674788504838943,-5299.476197713712,-4496.52525866618
19.049999999999983,16.636201010810005,0.0358114225996865,-0.371794432274579,0.4369671075994318,-5.965886545181275,-0.0826349591479596,0.0,0.0,0.0,0.0,0.0021526202151811377,-0.0462382100522518,-5325.287252215089,-4518.425547334014
19.074999999999985,16.63649770948622,0.0413066521286964,-0.3726918842724221,0.44498039476799245,-5.987538325786591,-0.0822559413905709,0.0,0.0,0.0,0.0,0.0024828935061941026,-0.0256029423326253,-5344.614128509507,-4534.824109038369
19.099999999999984,16.636951234605576,0.046612922516134,-0.3730699532786725,0.45211841005267517,-6.002869284152985,-0.0817399456069897,0.0,0.0,0.0,0.0,0.0028017707005822744,-0.0047160917893052,-5358.29889380541,-4546.435425047014
19.124999999999982,16.637563705444336,0.0516786881619029,-0.3729260094217537,0.4583275997277462,-6.0108799815177925,-0.0810859065327798,0.0,0.0,0.0,0.0,0.003106145171062035,0.0157497692853212,-5365.449426125309,-4552.502543379049
19.14999999999998,16.638335122002495,0.0564944537149535,-0.3722848866788307,0.46359174323804453,-6.011149847507477,-0.0802967286780053,0.0,0.0,0.0,0.0,0.0033954391049766373,0.035487126559019,-5365.690314701346,-4552.70693368599
19.17499999999998,16.639265484280056,0.0610221922397613,-0.3711443546524907,0.4678356101296165,-6.00517190694809,-0.0793741222914286,0.0,0.0,0.0,0.0,0.003667360935938669,0.0556869991123676,-5360.354267759401,-4548.179378704946
19.199999999999974,16.64035479227702,0.0652122952871852,-0.3694917966170692,0.47103985410748106,-5.992175114154816,-0.0783183744951047,0.0,0.0,0.0,0.0,0.0039189245722964375,0.0767547413706779,-5348.753032225078,-4538.335906130368
19.224999999999977,16.641605165269638,0.0690560208426581,-0.3672839029153391,0.47313442345821494,-5.970206153392792,-0.0771333926456955,0.0,0.0,0.0,0.0,0.0041496009643814434,0.0997926741838455,-5329.143033643239,-4521.697119454868
19.24999999999997,16.643012364705402,0.0725085288286209,-0.3644955399645125,0.47396292946555396,-5.941353273391724,-0.0758193889638504,0.0,0.0,0.0,0.0,0.004356695004468583,0.1231813058257103,-5303.388290757039,-4499.844610339305
19.274999999999974,16.644570032755535,0.0755013608270221,-0.3611215811794911,0.4733908543442235,-5.905465185642242,-0.0743790557389839,0.0,0.0,0.0,0.0,0.004536095596247897,0.1466587483882904,-5271.353759970822,-4472.6637963388785
19.29999999999997,16.646267573038738,0.0779751357105043,-0.357157565765449,0.471350264115767,-5.861071062088013,-0.0728154514451603,0.0,0.0,0.0,0.0,0.004684241399363144,0.1709864139556884,-5231.726546404792,-4439.040706040429
19.32499999999997,16.648095448811848,0.0799203581280178,-0.3525633132794397,0.4678309122721354,-5.807285368442535,-0.0711316720071469,0.0,0.0,0.0,0.0,0.004800570634265652,0.1965636312961578,-5183.716201831084,-4398.3046560991
19.34999999999997,16.650044123331707,0.081277514497439,-0.3473315666074927,0.46284876043146306,-5.745719707012177,-0.0693283561674864,0.0,0.0,0.0,0.0,0.0048815194659781605,0.2219854742288589,-5128.761279455952,-4351.676237114139
19.374999999999968,16.652099821302627,0.0819801208045747,-0.3414666866758929,0.4564484752308239,-5.676103043556214,-0.0674090867100828,0.0,0.0,0.0,0.0,0.004923110099286069,0.247232049703598,-5066.61984789567,-4298.950173972084
19.399999999999967,16.654251946343315,0.081984872619311,-0.3349841531084765,0.44868412827000476,-5.595928311347961,-0.0653780289853284,0.0,0.0,0.0,0.0,0.0049227592379081295,0.271258682012558,-4995.054041850763,-4238.227671873374
19.424999999999965,16.65649202134874,0.081388685438368,-0.3278678204911349,0.4396655365915009,-5.500381147861481,-0.0632510808165744,0.0,0.0,0.0,0.0,0.004886304110976763,0.2980200350284576,-4909.766450837011,-4165.862443134432
19.449999999999964,16.658813688490127,0.080230219496621,-0.3200819025967201,0.42929586699514677,-5.393084299564362,-0.0610299233242589,0.0,0.0,0.0,0.0,0.004816082405198726,0.324931263923645,-4813.990821496385,-4084.5982727848113
19.47499999999996,16.661203172471787,0.0785113953881793,-0.3116311265361671,0.4179193485144413,-5.276715397834778,-0.0587046528780781,0.0,0.0,0.0,0.0,0.004712228437253471,0.3511478304862976,-4710.11726905088,-3996.4631373765033
19.49999999999996,16.663647757636177,0.0761637919478946,-0.3025351997015423,0.40548534508907436,-5.152029132843018,-0.0562825037054618,0.0,0.0,0.0,0.0,0.004570655420449119,0.376546710729599,-4598.819447267251,-3902.0286219237278
19.52499999999996,16.66613260904948,0.0731328709257973,-0.2928126976414492,0.3920182430382931,-5.018727016448975,-0.0537660058094457,0.0,0.0,0.0,0.0,0.004388112865853903,0.4012714624404907,-4479.830918781094,-3801.068658359715
19.54999999999996,16.668647130330402,0.0694692217641406,-0.2824188792495743,0.3778410108161695,-4.8676318526268005,-0.0512203754278176,0.0,0.0,0.0,0.0,0.004167658072125952,0.4302542805671692,-4344.959907795563,-3686.632649038658
19.57499999999996,16.671187082926433,0.0652538736661275,-0.271311084014206,0.3629333958481297,-4.7062128543853765,-0.0485877387411388,0.0,0.0,0.0,0.0,0.003914170799088228,0.4581235349178314,-4200.873605266947,-3564.3776044689243
19.599999999999955,16.673733393351238,0.0604210255874527,-0.2595296255363453,0.34720362807765154,-4.5342623651027685,-0.0458750636607301,0.0,0.0,0.0,0.0,0.003623725062771244,0.4825502932071686,-4047.386652128619,-3434.146250290949
19.624999999999957,16.67626168992784,0.0551037697328461,-0.2472630889106835,0.33058990478515626,-4.3459400057792665,-0.0430891516503442,0.0,0.0,0.0,0.0,0.0033043238801012446,0.4985383152961731,-3879.285792043952,-3291.5152174918376
19.649999999999952,16.678761376274956,0.0494477732314003,-0.2345833961314096,0.31390496456261835,-4.144464308023453,-0.0403063771766176,0.0,0.0,0.0,0.0,0.002964714951899144,0.5167108178138733,-3699.4439601947056,-3138.9221480439924
19.67499999999995,16.681217617458767,0.043585809568564,-0.2214348205527135,0.29682364723899146,-3.934513241052628,-0.0374695561372219,0.0,0.0,0.0,0.0,0.0026128673918231577,0.5349790453910828,-3512.036819267469,-2979.9100284693673
19.69999999999995,16.68360816107856,0.0374728151493602,-0.2078444931282006,0.2794220664284446,-3.7190091848373417,-0.0345779093494787,0.0,0.0,0.0,0.0,0.0022460857859741092,0.5520162582397461,-3319.6729526949716,-2816.6922022866424
19.724999999999948,16.685911814371746,0.0311122193104691,-0.1938790761089069,0.26182326808120265,-3.4931433260440827,-0.0316389123897918,0.0,0.0,0.0,0.0,0.0018645801114489785,0.5635149478912354,-3118.0599033295134,-2645.626584643223
19.749999999999947,16.688110563490127,0.0247438293364312,-0.1797106097012513,0.24437901352391098,-3.2504184365272524,-0.0287185180264381,0.0,0.0,0.0,0.0,0.0014827220398794094,0.5708914995193481,-2901.398096211621,-2461.792324058345
19.774999999999945,16.690184275309246,0.0185796659853723,-0.1653439042399531,0.22645801428592566,-3.0033739387989047,-0.0257812469199732,0.0,0.0,0.0,0.0,0.0011132091580833097,0.5781827569007874,-2680.8805076655794,-2274.686491352613
19.799999999999944,16.69210327996148,0.0125839933753013,-0.1508077717990553,0.2090269100304806,-2.754875844717026,-0.0228216801617574,0.0,0.0,0.0,0.0,0.0007538890195106881,0.584539532661438,-2459.0654056531484,-2086.479738129944
19.824999999999942,16.693851682874893,0.0067770827768577,-0.1361657787048269,0.19187753157182175,-2.501068049669266,-0.0198529463037268,0.0,0.0,0.0,0.0,0.0004059628002931077,0.5864136219024658,-2232.510742696583,-1894.2515392577063
19.84999999999994,16.69541358947754,0.0012867324726863,-0.1215144811915401,0.17521706089828953,-2.238394981622696,-0.0169032904578957,0.0,0.0,0.0,0.0,7.707101508987336e-05,0.5854064226150513,-1998.0427335959969,-1695.3089860814514
19.87499999999994,16.696772045559353,-0.0036664270899362,-0.1069009173419483,0.15903019991787998,-1.9730407774448395,-0.0139774766657534,0.0,0.0,0.0,0.0,-0.000219588976835275,0.5835044384002686,-1761.1814808503527,-1494.3358019336324
19.899999999999935,16.697913275824654,-0.0081008579581975,-0.0923449942851998,0.14356264981356534,-1.7098383456468584,-0.0110676956755368,0.0,0.0,0.0,0.0,-0.0004851419350659806,0.5806726813316345,-1526.2409495159254,-1294.992320801391
19.924999999999937,16.698826683892143,-0.0119931664731767,-0.0779007409019098,0.12891900958436908,-1.4457330018281938,-0.0081794015059199,0.0,0.0,0.0,0.0,-0.0007182041409379636,0.5748619437217712,-1290.4944581892648,-1094.9649948272547
19.949999999999932,16.699500613742405,-0.015296744596627,-0.063605354062366,0.11503293124112215,-1.181575232744217,-0.0053105859279819,0.0,0.0,0.0,0.0,-0.0009160001218263351,0.5683846473693848,-1054.701170867584,-894.8979631603742
19.97499999999993,16.699934005737305,-0.0178803772562079,-0.0494846539455746,0.10231144067012903,-0.9152261897921564,-0.0024518809995106,0.0,0.0,0.0,0.0,-0.0010706855039106773,0.5614613890647888,-816.9519021997199,-693.171310957338
19.99999999999993,16.700124740600586,-0.0196916382345888,-0.0355205809903935,0.09079318422259706,-0.6509244337677956,0.00041077127205,0.0,0.0,0.0,0.0,-0.0011791312065301753,0.5559132099151611,-581.030088830434,-492.9952268864287
