vx_mps,vy_mps,dpsi_radps,ax_mps2,ay_mps2,deltawheel_rad,TwheelRL_Nm,TwheelRR_Nm,pBrakeF_bar,pBrakeR_bar,time_s,beta_true_rad,yaw_acc_rps2,fyf_true_n,fyr_true_n
11.11111111111111,0.0,0.0,0.0005846334677757576,1.2696031531484001e-17,0.0,0.0,0.0,0.0,0.0,0.0,0.0,1.8335531957700002e-17,1.1332769129332852e-14,9.61568289761575e-15
11.108966403527775,-1.8501449958833335e-18,1.0861052738027805e-19,-0.06772036003345454,-1.4511050815016002e-16,0.0,0.0,0.0,0.0,0.0,0.025,-1.6654519679668844e-19,-2.3145231532e-17,-1.2952896997993792e-13,-1.0990336846782609e-13
11.106201807666666,-3.560489804861111e-18,2.009362260456076e-18,-0.1019979026100606,6.6317650615272015e-18,0.0,0.0,0.0,0.0,0.0,0.05,-3.205857291737025e-19,-1.84642848699e-15,5.9196656983632156e-15,5.022746653156667e-15
11.102529101888887,-3.147336295888889e-18,-2.5067260942353735e-18,-0.14691675359551518,-2.0823952927134e-16,0.0,0.0,0.0,0.0,0.0,0.075,-2.834792205456529e-19,-3.7318094781399996e-15,-1.8587938309548302e-13,-1.57715840202228e-13
11.097758611055555,-7.992231945750001e-18,-1.1934669710722179e-17,-0.19848601370145458,-1.3349042396242e-16,0.0,0.0,0.0,0.0,0.0,0.1,-7.201663169883838e-19,-1.92550960053e-15,-1.1915661614350442e-13,-1.0110258339448858e-13
11.091782252000002,-5.956282653611111e-18,-2.0294500990155845e-17,-0.25308442086909094,-1.0350434523772e-16,0.0,0.0,0.0,0.0,0.0,0.125,-5.369996018932946e-19,2.38549338364e-15,-9.239035406875171e-14,-7.839181557348629e-14
11.084575653083332,-4.156443795555555e-18,-1.8249501221660737e-17,-0.30731451785939395,-1.8672874144722e-16,0.0,0.0,0.0,0.0,0.0,0.15,-3.7497545468954252e-19,3.82410520562e-16,-1.6667836019346115e-13,-1.4142406319445184e-13
11.076180140166665,-3.9134907396666666e-18,-5.0131135536155295e-18,-0.3581494325575758,-1.1713258804058e-17,0.0,0.0,0.0,0.0,0.0,0.175,-3.533249450751331e-19,-1.44784056358e-16,-1.0455523637392758e-14,-8.871353389302944e-15
11.066704856027776,-3.2459130178888894e-18,2.5334521462764385e-18,-0.40307902018303027,-2.3626106570486002e-17,0.0,0.0,0.0,0.0,0.0,0.2,-2.933043810345151e-19,3.66093569034e-16,-2.108920496332726e-14,-1.789387087797464e-14
11.056305567416668,-5.5392793082222234e-18,9.411040747388413e-18,-0.4401555656666667,-1.7760219693958002e-17,0.0,0.0,0.0,0.0,0.0,0.225,-5.010063510316393e-19,1.88875244697e-16,-1.585317971042645e-14,-1.3451182784604257e-14
11.045176188138887,-1.0610735591944446e-17,1.2355393730027929e-17,-0.4680128062860606,-1.5020738828914002e-16,0.0,0.0,0.0,0.0,0.0,0.25,-9.606669383272513e-19,-8.61336422058e-17,-1.3407856216956843e-13,-1.1376362850751258e-13
11.033535003666666,6.6279825558888885e-06,4.731617535303791e-06,-0.48589211203818183,0.0007535756114517,-7.024607456612305e-07,0.0,0.0,0.0,0.0,0.275,6.007125145011347e-07,0.000520541740116,0.6726588859597552,0.5707408729355498
11.021619372888887,6.475536388777778e-05,4.641591182179086e-05,-0.4934428359521212,0.0022056689398562,-1.4130358237209235e-05,0.0,0.0,0.0,0.0,0.3,5.8753039546134035e-06,0.00151264609303,1.9688307176257391,1.6705230331369905
11.009640163833334,8.995643131333333e-05,7.633642263897191e-05,-0.4913309733072727,0.0011889589004538,-2.1184484203114177e-05,0.0,0.0,0.0,0.0,0.325,8.170696768895336e-06,0.000857621605974,1.0612920021263839,0.9004901836223862
10.99781672161111,8.534489703972222e-05,8.91483909757041e-05,-0.48026253440121214,0.0003442296532742,-2.741937603172488e-05,0.0,0.0,0.0,0.0,0.35,7.760167240468409e-06,0.000171652354766,0.307267288865249,0.260711639037181
10.986336602111113,6.268538628416665e-05,8.605393725386379e-05,-0.46139890728606064,-0.0001421464405212,-3.144051521436539e-05,0.0,0.0,0.0,0.0,0.375,5.705758757848468e-06,-0.000393781840103,-0.12688317518654657,-0.10765845167343344
10.97535981072222,3.4594935035277776e-05,7.11493296234708e-05,-0.43613565155939393,-0.0003157068298602,-3.424125561555629e-05,0.0,0.0,0.0,0.0,0.4,3.1520547509960225e-06,-0.000766497396398,-0.2818071620637359,-0.23910910720559406
10.965012444388888,9.986999632222222e-06,4.958727846160612e-05,-0.4060046294242424,-0.0002934642649052,-3.505684870805145e-05,0.0,0.0,0.0,0.0,0.425,9.108060463107688e-07,-0.000925020780414,-0.26195293809980563,-0.22226309899377442
10.955388810888888,-6.625821495416666e-06,2.653436342153036e-05,-0.37257236365151514,-0.0001985675055035,-3.531523253886444e-05,0.0,0.0,0.0,0.0,0.45,-6.048002138300253e-07,-0.000897444959264,-0.17724591269943568,-0.15039047138133932
10.946541892166668,-1.5012023545249998e-05,5.74863666013645e-06,-0.33735237815151514,-0.000130995192376,-3.485867206927477e-05,0.0,0.0,0.0,0.0,0.475,-1.371394152887003e-06,-0.000752797874156,-0.11692931516185574,-0.09921275225854424
10.938498179111113,-1.7290927240138887e-05,-1.057061427677604e-05,-0.3017286312218182,-0.0001195775332231,-3.4025003823446815e-05,0.0,0.0,0.0,0.0,0.5,-1.5807405145579122e-06,-0.000549833464902,-0.10673765055734091,-0.0905652792607741
10.931252373583332,-1.6126246514944445e-05,-2.1671101545559592e-05,-0.2668971159963636,-0.0001525012721684,-3.306558963156121e-05,0.0,0.0,0.0,0.0,0.525,-1.4752423568515747e-06,-0.00034226331627,-0.13612613556671116,-0.11550096351114884
10.924772686416668,-1.3773787941305556e-05,-2.787945360853799e-05,-0.23382673783733335,-0.0002039034265182,-3.214440637079509e-05,0.0,0.0,0.0,0.0,0.55,-1.2607848544465566e-06,-0.000160383278853,-0.18200887826091788,-0.15443177549411213
10.919012493555554,-1.0974228846166669e-05,-2.970530947242607e-05,-0.2032390247691515,-0.0002124909700792,-3.186404625288589e-05,0.0,0.0,0.0,0.0,0.575,-1.0050568998472804e-06,4.21581887622e-07,-0.1896743167346302,-0.16093578389604984
10.913909276333332,-8.658120754666666e-06,-2.839390906948987e-05,-0.17560685591266664,-0.0002418018495515,-3.1703840464989865e-05,0.0,0.0,0.0,0.0,0.6,-7.933106768114416e-07,9.27477449295e-05,-0.21583788046031435,-0.18313517129966064
10.909393098611112,-7.719189246333333e-06,-2.5518821945448084e-05,-0.15117055257163636,-0.0002713563582801,-3.162165697713066e-05,0.0,0.0,0.0,0.0,0.625,-7.075727473158954e-07,0.000128424697323,-0.24221891325166303,-0.20551907791050192
10.905390845416669,-8.258114879333334e-06,-2.2263081505484135e-05,-0.1299681808009091,-0.0002897779708296,-3.15708124467872e-05,0.0,0.0,0.0,0.0,0.65,-7.572507025554306e-07,0.000126465994981,-0.2586624674044544,-0.21947118446438554
10.901830461277775,-9.915864009388888e-06,-1.9341522350472043e-05,-0.11187643108945455,-0.0002922105733884,-3.151268583557251e-05,0.0,0.0,0.0,0.0,0.675,-9.095595500782238e-07,0.00010452663264,-0.260833864278662,-0.221313581812198
10.898645189083332,-1.21555149235e-05,-1.7068982737667407e-05,-0.09665964068787879,-0.0002798924379025,-3.142244005230639e-05,0.0,0.0,0.0,0.0,0.7,-1.1153234840304385e-06,7.65816948842e-05,-0.24983841383264144,-0.2119841087064836
10.895772510111112,-1.447491841747222e-05,-1.5471604200455907e-05,-0.08402812148581819,-0.0002573612327979,-3.129110250765739e-05,0.0,0.0,0.0,0.0,0.725,-1.3284894122045697e-06,5.16972759215e-05,-0.2297265430466501,-0.1949194910698849
10.893157323194446,-1.651576389525e-05,-1.4410061062272186e-05,-0.07369227669454545,-0.0002297636729049,-3.112231428133113e-05,0.0,0.0,0.0,0.0,0.75,-1.516159494004876e-06,3.4189564758e-05,-0.2050923276995378,-0.17401773259354722
10.890751944638888,-1.816244346425e-05,-1.3735108249366132e-05,-0.0654165464458788,-0.0002076177966952,-3.0899170498165015e-05,0.0,0.0,0.0,0.0,0.775,-1.667694164422751e-06,2.06044096558e-05,-0.1853244103287482,-0.1572449542183318
10.88851081,-1.928878393502778e-05,-1.3225859354579075e-05,-0.059093360900909095,-0.0001764026623277,-3.068499929560363e-05,0.0,0.0,0.0,0.0,0.8,-1.771480441321046e-06,2.0611238142e-05,-0.1574610649793978,-0.13360332786130721
10.886388354833334,-1.9832968973777778e-05,-1.2672286073797407e-05,-0.054869689941393934,-0.0001497196346461,-3.0472518575322856e-05,0.0,0.0,0.0,0.0,0.825,-1.8218134726906324e-06,2.37731928792e-05,-0.13364318207344503,-0.11339421509262
10.88433159722222,-1.993364801616667e-05,-1.2024695924464893e-05,-0.053483946829151516,-0.0001278258818271,-3.027200126675949e-05,0.0,0.0,0.0,0.0,0.85,-1.8314076374936904e-06,2.79641481029e-05,-0.11410031582763272,-0.09681238918708229
10.882288614916668,-1.9729876738805555e-05,-1.1274685254949729e-05,-0.05263444149127272,-0.0001100172552469,-3.008799868245753e-05,0.0,0.0,0.0,0.0,0.875,-1.8130264172337098e-06,3.17328267556e-05,-0.09820392701956895,-0.08332454413781606
10.88029013738889,-1.951521779927777e-05,-1.0574734829354369e-05,-0.049625104268424244,-0.0001044213762726,-2.98764282124678e-05,0.0,0.0,0.0,0.0,0.9,-1.7936302757419976e-06,2.76955051959e-05,-0.0932089170170995,-0.07908635383269048
10.878380669499998,-1.909321427875e-05,-9.81148068755471e-06,-0.04496683872109092,-8.4488173160944e-05,-2.972493492493864e-05,0.0,0.0,0.0,0.0,0.925,-1.7551522472717051e-06,3.25267137669e-05,-0.07541608243628527,-0.06398940327927234
10.876592000333334,-1.8476710263500003e-05,-8.955828030314814e-06,-0.03887203216551515,-7.0991425218406e-05,-2.959658824630885e-05,0.0,0.0,0.0,0.0,0.95,-1.6987591575498787e-06,3.49887341144e-05,-0.06336857546134766,-0.05376727614902225
10.874956978694444,-1.7789599142916668e-05,-8.102028910593784e-06,-0.031441183379212125,-6.2486706156056e-05,-2.998826018428957e-05,0.0,0.0,0.0,0.0,0.975,-1.6358316798649385e-06,3.10570030706e-05,-0.055777068036020484,-0.04732599712147192
10.873503155166668,-1.7302039244277778e-05,-7.476943825682383e-06,-0.022817040356763636,-6.0695522188308e-05,-2.933534358523271e-05,0.0,0.0,0.0,0.0,1.0,-1.591211130155098e-06,2.3102196792e-05,-0.05417821611726838,-0.04596939549343983
10.872257020749998,-1.670399291875e-05,-6.8657676375827966e-06,-0.013190303282303029,-4.7565203021784005e-05,-2.924184686443523e-05,0.0,0.0,0.0,0.0,1.025,-1.5363868686023495e-06,2.44808652496e-05,-0.04245779187764163,-0.036024793108301985
10.87123658922222,-1.5987598089861113e-05,-6.261199470758383e-06,-0.002784594929581212,-3.844240418400201e-05,-2.915940330506412e-05,0.0,0.0,0.0,0.0,1.05,-1.4706328906236179e-06,2.32426809816e-05,-0.03431457225932639,-0.029115394644276933
10.870457755194444,-1.5249152056638887e-05,-5.701595716564253e-06,0.008450252793054546,-3.2755594293114e-05,-2.9084371862320302e-05,0.0,0.0,0.0,0.0,1.075,-1.4028067998656346e-06,2.09956542676e-05,-0.029238395233771437,-0.024808335349866668
10.869973500583336,-1.4605954371888888e-05,-5.231660713326324e-06,0.023854310006812124,-3.96018892388e-05,-2.948722698875653e-05,0.0,0.0,0.0,0.0,1.1,-1.3436973301825494e-06,1.32849536385e-05,-0.035349555230371484,-0.029993562013648525
10.869904624083334,-1.4160438392222225e-05,-4.904334824920916e-06,0.045291129603515154,-3.2235136904964e-05,-2.889464764367142e-05,0.0,0.0,0.0,0.0,1.125,-1.3027196541217474e-06,1.50650103024e-05,-0.02877382302418508,-0.024414152869005522
10.870390997999998,-1.3557964848583332e-05,-4.46335747231799e-06,0.07293195897878788,-2.2069533724756e-05,-2.884068222027937e-05,0.0,0.0,0.0,0.0,1.15,-1.2472380111329768e-06,1.87707100849e-05,-0.01969977231660597,-0.016714958329241424
10.871567196305556,-1.2910736081222225e-05,-3.960912670455632e-06,0.10621057683775757,-2.2825012592872003e-05,-2.9289050358706304e-05,0.0,0.0,0.0,0.0,1.175,-1.1875689905692375e-06,1.59038390848e-05,-0.020374130093145582,-0.01728714068509322
10.873547659972225,-1.7309321265194443e-05,-6.923377656314566e-06,0.14395498102357576,-0.0007510938623456,-7.489854483994145e-05,0.0,0.0,0.0,0.0,1.2,-1.59187431797569e-06,-0.000472909217933,-0.6704436197494742,-0.5688612531207659
10.87641398111111,-6.810927718305556e-05,-4.373458210177331e-05,0.18456215598369696,-0.0042995799507528,-0.0002035219434153,0.0,0.0,0.0,0.0,1.225,-6.262107832723159e-06,-0.00285271601751,-3.837903742926065,-3.2564031758160543
10.880210664527777,-0.0002383303783263,-0.0001752776441292,0.2261851362748485,-0.012535332492508,-0.0004836584020586,0.0,0.0,0.0,0.0,1.25,-2.1904941519498052e-05,-0.00842618849128,-11.189325478968208,-9.493973133669993
10.884937710222223,-0.0006483637520833,-0.0005107340573613,0.2669281653206061,-0.028594409022494,-0.0009641373954932,0.0,0.0,0.0,0.0,1.275,-5.956522392171441e-05,-0.0193433109671,-25.52402575860325,-21.656749128511848
10.890554851944446,-0.0014389601225666,-0.001193915272443,0.30500311186848483,-0.054300477076342,-0.0017160532963828,0.0,0.0,0.0,0.0,1.3,-0.00013212918369440857,-0.0365480668843,-48.469852078800365,-41.12593509716394
10.896979437944443,-0.0027757614023166,-0.0024049561791289,0.33886236942181813,-0.092718727327842,-0.0027848283456902,0.0,0.0,0.0,0.0,1.325,-0.0002547275984252208,-0.0616026185453,-82.7628639836229,-70.2230361073164
10.904100206166667,-0.0048144870541111,-0.0043370935939925,0.3672748265121213,-0.14437699019926,-0.0042430633641155,0.0,0.0,0.0,0.0,1.35,-0.0004415299715778778,-0.0941556245089,-128.87421502212638,-109.34781880665265
10.911776224777778,-0.0076854332453611,-0.0071809501640353,0.3890960230969697,-0.21165948808158,-0.0061401900609567,0.0,0.0,0.0,0.0,1.375,-0.0007043246751990294,-0.134672880173,-188.93211682036116,-160.3060385142458
10.91983477275,-0.0115263265454166,-0.011130237569041,0.4034770711260606,-0.29523485302878,-0.0085180154165118,0.0,0.0,0.0,0.0,1.4,-0.0010555403799863414,-0.18212044239,-263.5334056953618,-223.60410180212514
10.92809783088889,-0.0164221175428888,-0.016346065611694,0.4104132265030303,-0.39686466157436,-0.011406349897653,0.0,0.0,0.0,0.0,1.425,-0.001502742544678796,-0.23622097075,-354.2505052905558,-300.5761863071382
10.936375723944444,-0.0224257777962499,-0.0229482947462087,0.40984483198666666,-0.51343340724704,-0.0148410342171161,0.0,0.0,0.0,0.0,1.45,-0.0020505676068855424,-0.293019354343,-458.30244302625135,-388.8626789313647
10.944488313472222,-0.0295450910925,-0.030997291344548,0.40289274273454545,-0.64521949887304,-0.018782085588351,0.0,0.0,0.0,0.0,1.475,-0.0026995406497105205,-0.350852459669,-575.9377330104431,-488.67444013007287
10.952274534444443,-0.0377006083727777,-0.0404534460865616,0.3902960482509091,-0.7885538980363801,-0.0232408731605781,0.0,0.0,0.0,0.0,1.5,-0.0034422629065963303,-0.405518263578,-703.8813073455884,-597.2326244144386
10.95958285861111,-0.0468212780025,-0.0512384412307311,0.37266490589454543,-0.94285707920768,-0.0281933676266882,0.0,0.0,0.0,0.0,1.525,-0.004272177016820655,-0.455947518349,-841.6158682435768,-714.0983124490953
10.966306262555555,-0.0567526866991666,-0.0632080978127384,0.352890791459394,-1.1049597963642,-0.0336809847823847,0.0,0.0,0.0,0.0,1.55,-0.0051751870995021005,-0.501116871834,-986.3124739677162,-836.8711900332137
10.972363154083332,-0.0673998230033333,-0.0762316795901644,0.33166002678181816,-1.2734064817474,-0.0397455633047986,0.0,0.0,0.0,0.0,1.575,-0.006142689779480244,-0.539460301399,-1136.6718513302612,-964.4488435529488
10.977688895333335,-0.0786483039458333,-0.0901592713995715,0.3098996665260606,-1.4481207609134,-0.0464091647784957,0.0,0.0,0.0,0.0,1.6,-0.007164377192294733,-0.573406398296,-1292.625826749748,-1096.773428757362
10.982258054944444,-0.0903185456991666,-0.1048665535523101,0.28931552771418184,-1.6228467226006,-0.0536190971051984,0.0,0.0,0.0,0.0,1.625,-0.008224041471917817,-0.601305067539,-1448.5902302557815,-1229.1068620352085
10.986069573305556,-0.1021650350755555,-0.1201345309831828,0.2711590668649091,-1.7909135073382,-0.0613119708090872,0.0,0.0,0.0,0.0,1.65,-0.009299507380128073,-0.618399977684,-1598.6104995830328,-1356.3967875249973
10.989159478083334,-0.11381196479,-0.1356925765910004,0.2559435249097576,-1.9464553266746,-0.0693977044661224,0.0,0.0,0.0,0.0,1.675,-0.010356748850263334,-0.623042285442,-1737.4506973349505,-1474.2005916781397
10.991590287944444,-0.1248659359083333,-0.1511880212685143,0.24415680394024245,-2.0859563291112,-0.0777977389855953,0.0,0.0,0.0,0.0,1.7,-0.011360133760197197,-0.614321529865,-1861.9724937722108,-1579.8554492612693
10.993436177583332,-0.1349623998005555,-0.166260447773905,0.23578548547,-2.2070494920026,-0.0864737768624602,0.0,0.0,0.0,0.0,1.725,-0.01227663467731379,-0.58993524313,-1970.0630301564195,-1671.5686316478707
10.99478085836111,-0.1438219017452777,-0.1805984243854707,0.2313707686918788,-2.3120133429750003,-0.0954165303224774,0.0,0.0,0.0,0.0,1.75,-0.013080924813149562,-0.556082844734,-2063.7561725407995,-1751.065843367951
10.995714399555556,-0.1512308584319444,-0.1940036454685459,0.23048781423896972,-2.3984792530552004,-0.1046152343692503,0.0,0.0,0.0,0.0,1.775,-0.01375361826768228,-0.51481872797,-2140.937628341896,-1816.5531391991842
10.996319452916667,-0.1570983396636111,-0.206314090963732,0.23310269442454545,-2.4714505493664,-0.1140640633378201,0.0,0.0,0.0,0.0,1.8,-0.014286447418726297,-0.468867063522,-2206.0734821803358,-1871.819924274224
10.996674431694444,-0.1613878210386111,-0.2174561577533851,0.23893574570139395,-2.5296350002336,-0.1237475625715345,0.0,0.0,0.0,0.0,1.825,-0.014676057024427461,-0.422832876444,-2258.0102584052383,-1915.887491980202
10.996841854527778,-0.1640772157244444,-0.2274520998780442,0.247403518214303,-2.5769944369764004,-0.1336473729035588,0.0,0.0,0.0,0.0,1.85,-0.01492039422726518,-0.376780390739,-2300.2843785797545,-1951.7564424313064
10.996883180416669,-0.1652887463569444,-0.2363209256505249,0.2588065869883637,-2.6197392821278003,-0.1437154908553058,0.0,0.0,0.0,0.0,1.875,-0.015030508521841155,-0.334563046694,-2338.4394083911266,-1984.1304071197435
10.99683231777778,-0.1651654971969444,-0.244222208354893,0.2723405179109091,-2.6541489481948006,-0.1539021902158011,0.0,0.0,0.0,0.0,1.9,-0.015019370344488506,-0.298030078411,-2369.1542660525724,-2010.191498468849
10.996735890694444,-0.1637909644180555,-0.2512325138715199,0.2879076038707273,-2.6836367726294004,-0.1641537375488099,0.0,0.0,0.0,0.0,1.925,-0.014894507428941453,-0.263187170029,-2395.475774912637,-2032.5248999258733
10.996626747972222,-0.1612780988216666,-0.2574085675303972,0.3049212507769697,-2.7069255650024004,-0.1744065332383401,0.0,0.0,0.0,0.0,1.95,-0.014666142856163258,-0.232125580311,-2416.263885481651,-2050.1632967723094
10.996534559472224,-0.1576721337105555,-0.2628671489487473,0.3232174035277576,-2.7252466619056,-0.18458833904049,0.0,0.0,0.0,0.0,1.975,-0.014338347491004742,-0.204623997211,-2432.617717061638,-2064.0392750826018
10.996481577555556,-0.1530930234324999,-0.2676599900276841,0.34240399447333336,-2.7415379226172005,-0.1946234046663746,0.0,0.0,0.0,0.0,2.0,-0.013922000628362026,-0.178950592875,-2447.1596702705997,-2076.377902047781
10.996485816111113,-0.1476624111333333,-0.2718423180723751,0.36212497595575754,-2.7544322013810003,-0.2044307949859652,0.0,0.0,0.0,0.0,2.025,-0.013428145464161918,-0.156681239605,-2458.669399429434,-2086.143732849216
10.996561050416666,-0.1414364079633333,-0.2755127366213013,0.38214619954424245,-2.7650816857846,-0.2139222095652159,0.0,0.0,0.0,0.0,2.05,-0.012861876300679856,-0.137185826898,-2468.1753736224837,-2094.209407922107
10.99671787686111,-0.1345299681027777,-0.2787133735540466,0.40214656945454547,-2.7755497992068,-0.2230068595773717,0.0,0.0,0.0,0.0,2.075,-0.012233647312699611,-0.119025349617,-2477.5194519149227,-2102.1377167762976
10.996963712916664,-0.1270582113,-0.2814805810193678,0.4219938336,-2.7847576618232006,-0.231592508102106,0.0,0.0,0.0,0.0,2.1,-0.011553935669603211,-0.102993659675,-2485.7386014143162,-2109.111540593965
10.997308095305556,-0.1190715283155555,-0.283887845616728,0.4414977287521212,-2.7918425202360004,-0.2395824324584973,0.0,0.0,0.0,0.0,2.125,-0.010827334042444788,-0.0897036418319,-2492.062708636889,-2114.477449752512
10.997761620416668,-0.1106476783752777,-0.2859724682506294,0.4605088205048485,-2.7992874920360005,-0.2468775796979997,0.0,0.0,0.0,0.0,2.15,-0.010060927140834466,-0.0771712735295,-2498.7082613337743,-2120.1161005256263
10.997860166750002,-0.1049018651247222,-0.2897755288661194,0.49160828561515146,-3.0197081327434003,-0.2529605725233337,0.0,0.0,0.0,0.0,2.175,-0.009538388698728287,-0.197109490633,-2695.4607840635767,-2287.057634963034
10.996743308166666,-0.1043266803025,-0.2973537534838831,0.5131748731212121,-3.2382919907618,-0.2570435147241041,0.0,0.0,0.0,0.0,2.2,-0.009487052428060444,-0.318808734417,-2890.5737524095084,-2452.6080323474616
10.995562871305555,-0.1025064786275,-0.3052569170458101,0.5312905513878787,-3.2388507068134,-0.2595075046540738,0.0,0.0,0.0,0.0,2.225,-0.009322531263497648,-0.31283557415,-2891.072475180158,-2453.031191061952
10.994753307777778,-0.0985433823533333,-0.3129550172034193,0.549639143509697,-3.2389590621010003,-0.2603448274683842,0.0,0.0,0.0,0.0,2.25,-0.008962764292639737,-0.302194714546,-2891.1691955967126,-2453.1132568699377
10.993391672777776,-0.0973532183302777,-0.3234883186582359,0.5881992779357575,-3.702686673399,-0.2587934445872122,0.0,0.0,0.0,0.0,2.275,-0.008855612646945635,-0.572587966919,-3305.1031043700914,-2804.3299067382586
10.991017023722222,-0.0993399653169444,-0.3377046387418822,0.5932151378284849,-3.720237016678,-0.2542616765188379,0.0,0.0,0.0,0.0,2.3,-0.009038286912169834,-0.56938791275,-3320.76894357569,-2817.6221339430094
10.989300409944445,-0.0978516787291666,-0.3519665654587256,0.6112072938860607,-3.735657054185,-0.2472398028953516,0.0,0.0,0.0,0.0,2.325,-0.008904268249925955,-0.571191012859,-3334.5332229569385,-2829.300916448311
10.988450580166663,-0.0928275701072222,-0.3662617151095474,0.6296438598636365,-3.7517564296716,-0.2376074072269414,0.0,0.0,0.0,0.0,2.35,-0.008447739690868617,-0.572067320347,-3348.9038950101417,-2841.4942139479986
10.988596810222225,-0.0843640416861111,-0.3805818984751068,0.6488881521521213,-3.7740875482576,-0.225281898227823,0.0,0.0,0.0,0.0,2.375,-0.007677417157359966,-0.574483513832,-3368.837163977481,-2858.407290647559
10.989863077805555,-0.0725999226172222,-0.3950179959281686,0.6690870712745456,-3.804240107535,-0.2101562417900374,0.0,0.0,0.0,0.0,2.4,-0.006606080722137521,-0.581668913364,-3395.752030414439,-2881.244147018311
10.992377599083332,-0.0576632469891666,-0.4097148168520855,0.6901162997151514,-3.8416790485346,-0.1921071834896109,0.0,0.0,0.0,0.0,2.425,-0.00524574838058467,-0.59514605999,-3429.1708884050654,-2909.5995416770243
10.99671787686111,-0.0489691313769444,-0.4181087344231029,0.7239160341206061,-4.3660207808056,-0.1714693578392939,0.0,0.0,0.0,0.0,2.45,-0.004453067899466935,-0.231943562627,-3897.2103527027043,-3306.723935626537
11.00252893236111,-0.0428758313258333,-0.424006471104089,0.7463303999460607,-4.3981380462684,-0.1481937793205393,0.0,0.0,0.0,0.0,2.475,-0.003896906937433726,-0.239610493183,-3925.878960972367,-3331.048815370493
11.010296079861112,-0.0352559445633333,-0.4299199870153725,0.7667952104048485,-4.373019772765,-0.1220285170549705,0.0,0.0,0.0,0.0,2.5,-0.0032020886911315496,-0.224990606308,-3903.457813558267,-3312.024811503983
11.020398669777778,-0.02348059374425,-0.4341431280033532,0.7850286680272728,-4.153248679634601,-0.0931304561980282,0.0,0.0,0.0,0.0,2.525,-0.0021306483048243005,-0.0754085257649,-3707.2850919033444,-3145.5752294937465
11.033369700111113,-0.00851586150625,-0.4250231328511676,0.7944641483193939,-3.9378217279954,-0.0629923672002038,0.0,0.0,0.0,0.0,2.55,-0.0007718278039903113,0.766897976398,-3514.990050645075,-2982.4158005473355
11.04844517177778,0.0193238237665833,-0.3971263206953082,0.780872488310909,-2.9216404676438,-0.0367826457488687,0.0,0.0,0.0,0.0,2.575,0.0017490084320592187,1.46815741062,-2607.9233354623757,-2212.7834361498944
11.06409814622222,0.0627022319369444,-0.3521658031966012,0.755320231119394,-1.9454893291008,-0.0152907510991967,0.0,0.0,0.0,0.0,2.6,0.005667179656965874,2.10929322243,-1736.5884257301404,-1473.4689672861796
11.07888857522222,0.1138282815616666,-0.2928953222142348,0.7123802046339395,-1.1689653500938,0.0041627690572451,0.0,0.0,0.0,0.0,2.625,0.010274341220133036,2.60333299637,-1043.445300206679,-885.3475274480911
11.091904110388889,0.1634815004136111,-0.2237421333865077,0.6590049419987879,-0.6442943900822801,0.0213392721125442,0.0,0.0,0.0,0.0,2.65,0.014738812992486222,2.89153289795,-575.1119596718058,-487.97378396395635
11.102859709,0.2031727135180555,-0.15018116328403,0.5928884425309091,-0.36785169467368,0.0350046080933772,0.0,0.0,0.0,0.0,2.675,0.01829913363251481,2.96108222008,-328.3528651636373,-278.60243104793466
11.11189842225,0.2273129257891666,-0.0768765057913956,0.5201130260121213,-0.23183215335028,0.045794582100343,0.0,0.0,0.0,0.0,2.7,0.020456713799147472,2.88776016235,-206.9387008184057,-175.58435220955633
11.119227939194444,0.2347123457325,-0.0064283429205793,0.44407923842909086,-0.086394281685376,0.0544107966406701,0.0,0.0,0.0,0.0,2.725,0.02110869091055833,2.73925280571,-77.11751865194628,-65.4330461289241
11.1249340905,0.2281045416991666,0.0593760461919053,0.3678676119715152,0.17607147656392,0.0613364344403862,0.0,0.0,0.0,0.0,2.75,0.02050390050346039,2.51193118095,157.16544096566304,133.35249536480495
11.129046546083334,0.2123923268583333,0.1183333852037378,0.29521422415078785,0.57569826692308,0.0670541955276614,0.0,0.0,0.0,0.0,2.775,0.019084503418945707,2.19106578827,513.881485802651,436.02065462043106
11.13161087036111,0.192948281765,0.1683262118971241,0.22995141000472727,1.0851826935964002,0.072078779475756,0.0,0.0,0.0,0.0,2.8,0.01733336567475079,1.80380058289,968.6589781364589,821.8924662976015
11.132675806694444,0.1745844715172222,0.2083692024414127,0.17305887626854546,1.6556634783710005,0.0768426878066947,0.0,0.0,0.0,0.0,2.825,0.015682166134060854,1.40426969528,1477.8832196278852,1253.9615196842658
11.132324006833334,0.1607875360383333,0.2388230487181981,0.12725443637733333,2.2272446095956004,0.0816466683898047,0.0,0.0,0.0,0.0,2.85,0.014443303656957646,1.04093980789,1988.0896556144337,1686.863950218307
11.130696402666668,0.1535582045713889,0.2609411508484021,0.09178842602356364,2.7541956305472,0.0867047395080068,0.0,0.0,0.0,0.0,2.875,0.013795920669851329,0.743848025799,2458.4582308736894,2085.964559529191
11.127946641722222,0.1532268855305555,0.2768841647136978,0.06769708214382425,3.1882984399784,0.0920669935568386,0.0,0.0,0.0,0.0,2.9,0.013769556097264074,0.546864688396,2845.948361587277,2414.7440643770833
11.124282413055557,0.1583377189105555,0.289168361427337,0.05332778988466667,3.5060232937296,0.0977172518329492,0.0,0.0,0.0,0.0,2.925,0.01423352204046249,0.449739485979,3129.556858091422,2655.381576562418
11.11989869011111,0.1670849654408333,0.2997899133805842,0.04794719002466667,3.734127813577,0.1035920478784091,0.0,0.0,0.0,0.0,2.95,0.015025763282305926,0.410721302032,3333.1681876929124,2828.1427047091374
11.114980909555555,0.1780381633175,0.30985316690292,0.05019331614175758,3.9157812118572,0.1096779909864941,0.0,0.0,0.0,0.0,2.975,0.016017855969904588,0.396120071411,3495.3161800922057,2965.7228194721743
11.109691196027777,0.1904150512483333,0.3196723749995921,0.059028709296060605,4.066247272495801,0.1159931989748484,0.0,0.0,0.0,0.0,3.0,0.01713954491520119,0.390027940273,3629.6256391376455,3079.682360480426
11.104183197027778,0.2035419974061111,0.3293665143938066,0.07379235932321211,4.1925737619444,0.1225694133948645,0.0,0.0,0.0,0.0,3.025,0.018330208876650426,0.383779913187,3742.3875629159447,3175.359144292316
11.098597844444445,0.2169537047544444,0.3388311891710505,0.09376203753733335,4.2985910832914005,0.1294519537578936,0.0,0.0,0.0,0.0,3.05,0.019547848097139903,0.372537106276,3837.021057134701,3255.6542302961093
11.0930633545,0.2301743129888888,0.3479496197175921,0.11829083948423333,4.381281936165401,0.1366920359809704,0.0,0.0,0.0,0.0,3.075,0.02074939136586798,0.355764329433,3910.832810232887,3318.2823844400245
11.087699466277778,0.2426762713325,0.3566114845847362,0.14654719555030304,4.434744024272801,0.1443447542089314,0.0,0.0,0.0,0.0,3.1,0.021886981340951534,0.336093991995,3958.554297076296,3358.773342973826
11.082607905083332,0.2539294295841666,0.3647077606131316,0.17820226033563633,4.4624458849474005,0.1524598554589081,0.0,0.0,0.0,0.0,3.125,0.022912425645564446,0.310653477907,3983.2816136948522,3379.7540964683585
11.077876620833331,0.2635175817541666,0.3721047904101209,0.21223292264030305,4.4702632367652,0.1610973440790254,0.0,0.0,0.0,0.0,3.15,0.0237877339470083,0.279972881079,3990.259561342052,3385.674779320528
11.073557535805556,0.2712319956886111,0.3786813002752841,0.24796911990999998,4.4643101215328,0.170306804800116,0.0,0.0,0.0,0.0,3.175,0.024493663830399748,0.245549589396,3984.9456740567375,3381.1660264723823
11.069664425333334,0.2770261632072222,0.3843877221213356,0.2845835182886667,4.448538440465001,0.1801264123711508,0.0,0.0,0.0,0.0,3.2,0.025025705618793432,0.211353510618,3970.8675095626113,3369.2209172046396
11.066178215861113,0.2809175517833333,0.3892634374458162,0.3215791736952727,4.428096967933801,0.1905784541225552,0.0,0.0,0.0,0.0,3.225,0.02538523655625708,0.178993731737,3952.6209820327126,3353.739015058058
11.063046985194443,0.2831332219972222,0.3933561168297569,0.35815888838363635,4.4107145607476,0.2016642283444588,0.0,0.0,0.0,0.0,3.25,0.02559269813968397,0.148728445172,3937.105046437817,3340.5739787957227
11.060199737555555,0.2839581171666667,0.3967200221808655,0.39396327625575756,4.3965486407262,0.2133831774381994,0.0,0.0,0.0,0.0,3.275,0.02567386881834243,0.120617128909,3924.4602211072397,3329.845036090991
11.057555940416668,0.2836563520972222,0.3994063194824819,0.4286440022787879,4.3848947524998,0.2257253145486394,0.0,0.0,0.0,0.0,3.3,0.025652716895641,0.0944045707583,3914.0576930100683,3321.0186486146026
11.0550403595,0.282456245686111,0.401457552733845,0.46206093528060604,4.3746786892368,0.2386757259760741,0.0,0.0,0.0,0.0,3.325,0.025549996788875224,0.0697159916162,3904.9386004744883,3313.281236766232
11.052578820111112,0.2805479367583333,0.4029061459182879,0.49416223699393935,4.3645946383438,0.2522178668299714,0.0,0.0,0.0,0.0,3.35,0.025383029727673357,0.0462479554117,3895.937345210163,3305.6438080571074
11.050106684361111,0.2780762645944444,0.4037877188182336,0.5250534704957576,4.3533420443492,0.2663263538550136,0.0,0.0,0.0,0.0,3.375,0.025165029853331418,0.0242729801685,3885.893021554328,3297.121351621853
11.047568851055557,0.2751705216036111,0.4041314996266526,0.5549524203218182,4.3412877380894,0.2809742475163324,0.0,0.0,0.0,0.0,3.4,0.024907789696854393,0.00329010165296,3875.13307113062,3287.9916967168892
11.044909159333336,0.2720029652119444,0.4040041006583162,0.5847023981266667,4.333510106798601,0.2961061124480599,0.0,0.0,0.0,0.0,3.425,0.024626998854227092,-0.0124685717747,3868.1905789374396,3282.1010972802515
11.04206509061111,0.2687575419744444,0.4035316558808816,0.6138476100109092,4.3248960077778005,0.311671540006234,0.0,0.0,0.0,0.0,3.45,0.024339427432189708,-0.02512492612,3860.50143645084,3275.5769763825306
11.038995318944446,0.2655283610025,0.4027884674879166,0.6432516941878786,4.321267712118001,0.3275970768765659,0.0,0.0,0.0,0.0,3.475,0.024053670948371228,-0.0328100509942,3857.2627364725436,3272.828988522158
11.035637325722222,0.2625299824608333,0.4019120211732534,0.6729162690139393,4.3203246414678,0.3437937568360053,0.0,0.0,0.0,0.0,3.5,0.02378929052415667,-0.0371908470988,3856.42092996593,3272.1147284559397
11.031982633805557,0.2597821255525,0.4009381697417136,0.7032253565933333,4.3180675804574005,0.3601769579404718,0.0,0.0,0.0,0.0,3.525,0.023548090508812416,-0.040645904839,3854.4062255066474,3270.4052822480635
11.028046078138887,0.2572803695997222,0.3998866871646026,0.7344642962830302,4.3146300017842005,0.3766575974513523,0.0,0.0,0.0,0.0,3.55,0.023329642239139185,-0.0434463620186,3851.3377638877005,3267.8017390562304
11.023854149722222,0.255019813776111,0.3987711888531536,0.7668768865412122,4.310212844609,0.3931453442736868,0.0,0.0,0.0,0.0,3.575,0.02313345317459021,-0.0457839816809,3847.394908015738,3264.456285589111
11.019442876166668,0.2529969977008333,0.3976022275811509,0.800654981209091,4.3049574673168,0.4095424437500188,0.0,0.0,0.0,0.0,3.6,0.022959145988045025,-0.0477422066033,3842.7038376295045,3260.4759834432157
11.014862060555556,0.2512077324919444,0.3963886250734107,0.8359291400339394,4.2989599585548,0.4257494268138931,0.0,0.0,0.0,0.0,3.625,0.0228062531433348,-0.0493549071252,3837.350323660801,3255.9336079546183
11.010164684722222,0.2496472994486111,0.395139436073658,0.8727714954721212,4.2923219561614,0.4416728498016488,0.0,0.0,0.0,0.0,3.65,0.022674256616254194,-0.0505855046213,3831.4250903768566,3250.9061372894535
11.005414326972222,0.2483105493916666,0.3938645808605734,0.9111667332509092,4.285144805905601,0.4572123115380357,0.0,0.0,0.0,0.0,3.675,0.022562580745652046,-0.051403414458,3825.018601337049,3245.4703284071925
11.00067562527778,0.247191372845,0.3925747120756811,0.9510011985084849,4.277534526588401,0.4722404130555898,0.0,0.0,0.0,0.0,3.7,0.02247056283315854,-0.0517849810421,3818.225491356368,3239.706477514493
10.996019575333332,0.2462820212047222,0.3912811481547456,0.9921151271006061,4.269593632217201,0.4866613304900292,0.0,0.0,0.0,0.0,3.725,0.02239737929870468,-0.0517051070929,3811.1372667906003,3233.692226367781
10.991515053638889,0.2455743319458333,0.3899950743753815,1.0342543353454545,4.2614304780992,0.5003523586934397,0.0,0.0,0.0,0.0,3.75,0.022342173098742438,-0.0511845648289,3803.850648073794,3227.5096407898855
10.987233055972222,0.2450584703022222,0.3887274762762332,1.0771126856951516,4.2531548798102,0.5131995643053632,0.0,0.0,0.0,0.0,3.775,0.022303929392761736,-0.0502323359251,3796.4636591092694,3221.241892577561
10.983244578055556,0.2447240716880555,0.3874888400520102,1.120319398821818,4.244874900578201,0.5250749657901207,0.0,0.0,0.0,0.0,3.8,0.022281582636975272,-0.0488709174097,3789.072759614476,3214.970826339555
10.979615317444445,0.2445597118802777,0.3862891192718032,1.1634740656072726,4.236705029011,0.5358613507717386,0.0,0.0,0.0,0.0,3.825,0.022273978168590343,-0.0471200793982,3781.780144748344,3208.7831531198067
10.976409912111112,0.2445536686313888,0.3851376682843019,1.206143706350303,4.2287661790864,0.5454420228590197,0.0,0.0,0.0,0.0,3.85,0.02227993219910219,-0.0450111664832,3774.693745102533,3202.7704503900272
10.97368770175,0.2446942693658333,0.3840430092076123,1.2478855942230305,4.221159988642801,0.5536986045413055,0.0,0.0,0.0,0.0,3.875,0.022298271649083955,-0.0425652712584,3767.904284944271,3197.00969631635
10.971505906833334,0.2449681692652777,0.3830140636308,1.288256577000606,4.213950127359,0.560504162904657,0.0,0.0,0.0,0.0,3.9,0.022327670544542592,-0.0397694557905,3761.4685972901243,3191.5491128522262
10.969915390027776,0.2453630997075,0.3820582218259513,1.3268441495030303,4.207330816985801,0.5657398543840181,0.0,0.0,0.0,0.0,3.925,0.022366909040205347,-0.0367134474218,3755.5600489324074,3186.5357990941634
10.968964894611112,0.2458678517077778,0.3811817422226232,1.3632539876303031,4.2014019429648,0.5692884832468748,0.0,0.0,0.0,0.0,3.95,0.022414863578291602,-0.0334225930274,3750.267799908744,3182.045405983176
10.96870210436111,0.2464715805319444,0.3803900510093176,1.3971227657430303,4.1962531685830005,0.571035283896077,0.0,0.0,0.0,0.0,3.975,0.02247044164267606,-0.0299288444221,3745.6718857269575,3178.1458424349935
10.96916940477778,0.2471599810652778,0.3796905384598662,1.4281241492072727,4.1916762530818,0.5708672883651357,0.0,0.0,0.0,0.0,4.0,0.02253224213654898,-0.0260469280183,3741.5864259066234,3174.6793916783467
10.97040918138889,0.2479184667269444,0.3790891633953708,1.4559689053624243,4.1880949795272,0.5686732098122591,0.0,0.0,0.0,0.0,4.025,0.022598834977598996,-0.022090813145,3738.3896989386244,3171.967017281256
10.972463819722224,0.2487382292747222,0.3785867247664762,1.4803997617775757,4.185605144497,0.56434615560675,0.0,0.0,0.0,0.0,4.05,0.02266931414507222,-0.0181428641081,3736.1672150469126,3170.0812733731377
10.975374645666667,0.2496120333672222,0.3781820241498329,1.5011928119084845,4.184260779615,0.55778379378542,0.0,0.0,0.0,0.0,4.075,0.022742916886739246,-0.0142753338441,3734.9672040989635,3169.0630822657868
10.979182985083334,0.2505336370733333,0.377872132066142,1.5181453450521214,4.1841033577952,0.5488876206775278,0.0,0.0,0.0,0.0,4.1,0.022818969081189033,-0.0105689289048,3734.8266857696503,3168.94385459243
10.983931223555556,0.2514981726805556,0.3776520218030969,1.5310982629024241,4.185134631395201,0.5375710502580269,0.0,0.0,0.0,0.0,4.125,0.02289691801248773,-0.00710029201582,3735.747224253585,3169.724917548496
10.98966492547222,0.2525015340911111,0.3775149688758702,1.5399375591848488,4.1873175084636,0.52375716710422,0.0,0.0,0.0,0.0,4.15,0.022976272325269394,-0.00393703626469,3737.6957104236562,3171.378178541284
10.99642859563889,0.2535404264927778,0.3774517853790968,1.544447576349697,4.190625995402,0.5073719686292495,0.0,0.0,0.0,0.0,4.175,0.02305661554455328,-0.00121513777412,3740.6489417973594,3173.8839506159406
11.004262500333333,0.2546135418944444,0.3774489890596931,1.5440335730351513,4.1950174510482,0.4883432665212511,0.0,0.0,0.0,0.0,4.2,0.023137719759659663,0.000869569543283,3744.5688558946636,3177.2099383348655
11.013196309416664,0.2557204001480555,0.377489435818943,1.5382199559060608,4.2002707839036,0.466596758586657,0.0,0.0,0.0,0.0,4.225,0.02321945355041077,0.00228540459648,3749.2581013696895,3181.188692071251
11.023257573444443,0.2568576567702778,0.3775572798474741,1.5267725349199999,4.2061435818640005,0.4420945946492687,0.0,0.0,0.0,0.0,4.25,0.02330142927886038,0.00301070767455,3754.5002956146695,3185.6366144609315
11.0344696045,0.2580235567358333,0.3776329136225415,1.509556403882424,4.2125344991702,0.4148078627645401,0.0,0.0,0.0,0.0,4.275,0.023383412704368497,0.00292319036089,3760.204975078974,3190.4769485518564
11.046850416388889,0.2592131661044444,0.3776962968565399,1.4865394546042425,4.2191412508532,0.3847385436612609,0.0,0.0,0.0,0.0,4.3,0.023464893280339967,0.00210157106631,3766.1023132615865,3195.480750646194
11.060366100722222,0.2604228423702778,0.3777354786133652,1.4578925485321212,4.226197195052,0.3537731707179553,0.0,0.0,0.0,0.0,4.325,0.02354558972087485,0.000943530874792,3772.4006109931383,3200.8247608426623
11.074912812972222,0.2616646885872222,0.3777375092742794,1.4230376087533334,4.2328565180314,0.322882050036093,0.0,0.0,0.0,0.0,4.35,0.023626794450312075,-0.000830877397675,3778.344875521471,3205.8683792303386
11.090305116444444,0.2630978988277778,0.377799993689893,1.3827962609490907,4.2563018560454005,0.2920404142154909,0.0,0.0,0.0,0.0,4.375,0.023723233586933727,0.00764817744493,3799.2727223224933,3223.6253401524177
11.106293996166666,0.2651317252052778,0.3782255668334511,1.3369374038236363,4.2975405335422,0.2612185690105264,0.0,0.0,0.0,0.0,4.4,0.023872204832393946,0.0286308918148,3836.0833123175876,3254.858568027043
11.12267176311111,0.2679671512711111,0.3792858711318878,1.28242335464,4.347754591705001,0.2304445774812305,0.0,0.0,0.0,0.0,4.425,0.024091976907907806,0.0573517046869,3880.9055330874967,3292.8895432257546
11.139282650416666,0.2715744574863888,0.3811392648024592,1.2195011763139394,4.403331214189601,0.1997063056012245,0.0,0.0,0.0,0.0,4.45,0.024379887467549856,0.0912928581238,3930.5145018462918,3334.98200156655
11.15600797863889,0.2757417493397222,0.3838185047273642,1.1457955470224241,4.451645988223,0.1689890810148456,0.0,0.0,0.0,0.0,4.475,0.02471688348266712,0.11966997385,3973.6413780121707,3371.5745025557803
11.172777811694443,0.2796455886638889,0.3868769455023952,1.0613122928509091,4.451610648629201,0.138307917294774,0.0,0.0,0.0,0.0,4.5,0.02502919089388732,0.116006456316,3973.609833079672,3371.5477371585093
11.189760631972222,0.2806580397805556,0.3883700467679162,0.9729301128963636,4.246073234082401,0.107543850202144,0.0,0.0,0.0,0.0,4.525,0.025081683961910538,-0.0378195159137,3790.142419603061,3215.8784166328996
11.207320955055556,0.2709983123672222,0.3818886450441609,0.8660488799127274,3.5356875240834005,0.0766873963868796,0.0,0.0,0.0,0.0,4.55,0.024180472162258947,-0.546763002872,3156.0358309236262,2677.848583813985
11.224927902222223,0.2415328555636111,0.3588943462703886,0.7446537087181817,2.4317942678932,0.0490996960905761,0.0,0.0,0.0,0.0,4.575,0.02151754182009439,-1.30088281631,2170.6753751931924,1841.7851668305873
11.240946451833334,0.1927227444119444,0.3168687654516441,0.6170789683951515,1.2975207895076002,0.0232485817636158,0.0,0.0,0.0,0.0,4.6,0.01714470798680056,-2.05544734001,1158.1968358801448,982.7124668073955
11.2536207835,0.1304670588838888,0.2567511662153248,0.4878960811727273,0.23894720375498,-0.0059690982155659,0.0,0.0,0.0,0.0,4.625,0.011593340613998554,-2.72582697868,213.2897581058797,180.97312808983727
11.261478000222224,0.0692438789538889,0.1867294872680307,0.35732639197090904,-0.14513645376972,-0.0370905113320741,0.0,0.0,0.0,0.0,4.65,0.006148738109910839,-2.86919212341,-129.55212963543042,-109.9230190846076
11.264655854972224,0.0198708205587222,0.1154456863443092,0.2416047298541212,-0.3635651625697,-0.0672694684093609,0.0,0.0,0.0,0.0,4.675,0.0017639971264591463,-2.7943983078,-324.52660822819945,-275.3559100118055
11.26425531175,-0.00742851963475,0.0526923274488422,0.14069186123933333,-0.13831048160804,-0.0977740146149139,0.0,0.0,0.0,0.0,4.7,-0.0006594772072505443,-2.3435754776,-123.45911022225866,-104.75318443100733
11.261068979888888,-0.0209804727799444,-0.0030373544687399,0.06923443476360606,-0.4045196995142801,-0.1279252633734818,0.0,0.0,0.0,0.0,4.725,-0.0018630977944823328,-2.10693120956,-361.0835678451238,-306.3739363534383
11.255313025583332,-0.0276657359467499,-0.0522232615571064,0.01877690777630303,-0.7628120705485001,-0.1581460123142418,0.0,0.0,0.0,0.0,4.75,-0.00245801568413652,-1.82054615021,-680.9035613338662,-577.736355071159
11.247449451027778,-0.0309945249722222,-0.09379980428738,-0.009744096380333335,-1.1512554675384,-0.1884369230657697,0.0,0.0,0.0,0.0,4.775,-0.0027556936447836146,-1.5017683506,-1027.637052581408,-871.934468856952
11.237925423527775,-0.0336147927575,-0.1272216936642889,-0.020368823427096967,-1.5456755638086002,-0.2188146362244255,0.0,0.0,0.0,0.0,4.8,-0.0029911920119281006,-1.17395246029,-1379.7054827766933,-1170.659197507497
11.227047178472224,-0.0376332799594444,-0.1526726669970985,-0.018994958472969704,-1.9226615577946,-0.2492803918243024,0.0,0.0,0.0,0.0,4.825,-0.0033520194011125133,-0.869842231274,-1716.2118331461636,-1456.1797372149265
11.214973661638888,-0.0444380069772222,-0.171038791270174,-0.009784765532545451,-2.2474737524946,-0.2798472476779716,0.0,0.0,0.0,0.0,4.85,-0.003962381751213877,-0.6082482934,-2006.1466528414915,-1702.1850387745983
11.20188925,-0.0540788181952777,-0.1835259042125267,0.004964481700787876,-2.4895093739068006,-0.3105278954096013,0.0,0.0,0.0,0.0,4.875,-0.0048276515673708964,-0.403208583593,-2222.193203429923,-1885.497263516298
11.187963485722223,-0.0658268895413888,-0.1917571692203152,0.026342500629030298,-2.6302196621904,-0.3413165676135846,0.0,0.0,0.0,0.0,4.9,-0.005883724024072414,-0.279666811228,-2347.7944361683167,-1992.068006445844
11.173395580722222,-0.0774872716930555,-0.198265851700407,0.05513448888630304,-2.6803753077962,-0.372202911251617,0.0,0.0,0.0,0.0,4.925,-0.006934979714380336,-0.229809969664,-2392.564516549231,-2030.0547413144989
11.158384746972224,-0.0890225917099999,-0.2033443168085318,0.09882807760503032,-2.6549734413636004,-0.40317317775257,0.0,0.0,0.0,0.0,4.95,-0.007978089457271652,-0.243842855096,-2369.890227577837,-2010.8159506721036
11.143181059083334,-0.0957758807475,-0.2108248533496594,0.1416261147011394,-2.5493296682826005,-0.4342080425552034,0.0,0.0,0.0,0.0,4.975,-0.00859502149697447,-0.318445771933,-2275.5901711145507,-1930.8037815517398
11.127901077277777,-0.1001129878891666,-0.2183706872710092,0.19754137559400003,-2.5818336248404004,-0.4653459716908502,0.0,0.0,0.0,0.0,5.0,-0.0089965742141246,-0.284485578537,-2304.603948730489,-1955.421532256172
11.112740834555556,-0.1033167044322222,-0.2250734809054393,0.26061371889981816,-2.6051846265746006,-0.4965615153286085,0.0,0.0,0.0,0.0,5.025,-0.009297139739905962,-0.252941459417,-2325.4475888030656,-1973.1070450450252
11.099866231277778,-0.1015317688386111,-0.2275477739407166,0.2928797796998788,-2.3383213341264004,-0.5286327825592155,0.0,0.0,0.0,0.0,5.05,-0.009147116435737724,0.0176002327353,-2087.2392892325,-1770.9909120760603
11.089284684916668,-0.0971449580458333,-0.226751621931133,0.3709742343786061,-2.3471698135144,-0.5598720116850069,0.0,0.0,0.0,0.0,5.075,-0.008760254678822263,0.0446023419499,-2095.1376450140833,-1777.6925472846765
11.07938236661111,-0.0929199738636111,-0.2252870830695779,0.4014261234165455,-2.2048807799816004,-0.591382750084818,0.0,0.0,0.0,0.0,5.1,-0.00838674673270915,0.179509669542,-1968.1271880327567,-1669.926098936884
11.073303222666668,-0.0847378869852777,-0.2188535350206185,0.44999588475090907,-2.0633830905002,-0.6237342317960802,0.0,0.0,0.0,0.0,5.125,-0.007652448892740712,0.317193210125,-1841.8231029137032,-1562.7589964116269
11.06899049547222,-0.0769046362902777,-0.2108215909767309,0.5245511511593939,-2.0597540646816004,-0.6551435536936747,0.0,0.0,0.0,0.0,5.15,-0.0069477552015005896,0.324278473854,-1838.583751178904,-1560.0104555457365
11.06551382277778,-0.0711871352461111,-0.2027107008492322,0.5882284175987879,-2.0509628295926,-0.6866747152094632,0.0,0.0,0.0,0.0,5.175,-0.006433242629870122,0.323327928782,-1830.7364929724113,-1553.3521758553788
11.062705781722222,-0.0674229073855555,-0.194719885998804,0.6483054698593939,-2.036236149073,-0.7182009831676042,0.0,0.0,0.0,0.0,5.2,-0.006094612720963028,0.314992934465,-1817.591119951227,-1542.1985260192228
11.06074968975,-0.0658539351488888,-0.1870011796323251,0.7026933519769697,-2.0152130335568,-0.7408031647594318,0.0,0.0,0.0,0.0,5.225,-0.005953840109944416,0.303400874138,-1798.825404543734,-1526.276100824986
11.05945799086111,-0.0653676316141666,-0.1796445633059208,0.7455752101090909,-1.9929721623672,-0.74069627213048,0.0,0.0,0.0,0.0,5.25,-0.005910563760736068,0.284694522619,-1778.972692473673,-1509.4313754322072
11.059149636166666,-0.0662899845175,-0.1727885213958826,0.7875887229224243,-1.9703577429018,-0.7406991350289587,0.0,0.0,0.0,0.0,5.275,-0.005994130353450711,0.263450860977,-1758.7865426393937,-1492.3037331485762
11.059735616055557,-0.0684470103847222,-0.166488181336497,0.824877837210303,-1.9462323367592005,-0.7407141486007662,0.0,0.0,0.0,0.0,5.3,-0.0061888468911821745,0.240195810795,-1737.2516514186634,-1474.0317042340173
11.06105380588889,-0.0714949518441666,-0.1609123875413003,0.8526995664660605,-1.8946928977942,-0.7407271648003247,0.0,0.0,0.0,0.0,5.325,-0.006463665496871807,0.192022457719,-1691.2463653261345,-1434.9969160342955
11.062936782833331,-0.0740582164791666,-0.1569611719452492,0.8798787249939394,-1.8401741266272005,-0.7407420452122372,0.0,0.0,0.0,0.0,5.35,-0.00669426373240104,0.14381121099,-1642.581658931985,-1393.705650002896
11.065401501138888,-0.0769678089352777,-0.1535757782122655,0.900931951349697,-1.8220060706106,-0.7407554608871183,0.0,0.0,0.0,0.0,5.375,-0.006955717687004481,0.12707605958,-1626.36443515979,-1379.9455813477002
11.068178812666666,-0.0799497382508333,-0.1509133328467187,0.9111518628672728,-1.7564394414434,-0.7407644157657212,0.0,0.0,0.0,0.0,5.4,-0.00722338693691297,0.0695108547807,-1567.8381571572645,-1330.2869212243454
11.070930692888888,-0.0800655782222222,-0.1509961238671099,0.9166993112278787,-1.659341278672,-0.7407741363028136,0.0,0.0,0.0,0.0,5.425,-0.007232054869031937,-0.0116405561566,-1481.1661085850888,-1256.7470012237113
11.07406722175,-0.0797252108652777,-0.1513313825588189,0.9235789166072726,-1.6566277235774,-0.7407848222373659,0.0,0.0,0.0,0.0,5.45,-0.007199270987690373,-0.0151139702648,-1478.7439270293353,-1254.691816873375
11.077305475861111,-0.0792008141677777,-0.1517474016107031,0.9267485832442424,-1.654325392839,-0.7407945427753311,0.0,0.0,0.0,0.0,5.475,-0.007149826674037885,-0.0180200003088,-1476.6888137718618,-1252.9480844124885
11.08057551913889,-0.0784895072380555,-0.1522222432330915,0.927191735469091,-1.6529728502000005,-0.7408064604218978,0.0,0.0,0.0,0.0,5.5,-0.007083522611482116,-0.0197290647775,-1475.4815031703283,-1251.9236996596724
11.083821190722222,-0.0776090059016666,-0.1527214028450743,0.9251878218218181,-1.652872818709,-0.7408199426741086,0.0,0.0,0.0,0.0,5.525,-0.007002008113107208,-0.0199589431286,-1475.3922127656567,-1251.8479381041932
11.086992687638888,-0.0765895677936111,-0.1532089943512448,0.9210136459818182,-1.6539689302458005,-0.7408343570333686,0.0,0.0,0.0,0.0,5.55,-0.006908056129504113,-0.0188496988267,-1476.3706270800628,-1252.6781078255078
11.090043385833331,-0.0754665583372222,-0.1536555232421583,0.914988939689697,-1.6560365885476,-0.7408471734957022,0.0,0.0,0.0,0.0,5.575,-0.006804892975768234,-0.0167370326817,-1478.2162663347021,-1254.244104768838
11.092935138277776,-0.0742757403188888,-0.154040549756807,0.9074619177618183,-1.6587970197176003,-0.7408587249582292,0.0,0.0,0.0,0.0,5.6,-0.006695769820431891,-0.0139869293198,-1480.6802905512025,-1256.3347919828382
11.095636155861111,-0.0730506496297222,-0.1543520397358538,0.8987772808648484,-1.6619932085246,-0.740868012732207,0.0,0.0,0.0,0.0,5.625,-0.006583727927229683,-0.0108945667744,-1483.5332820354834,-1258.7555120301067
11.098122066916666,-0.0718216184113888,-0.1545840842904961,0.8892604758521213,-1.6654234856392,-0.7408749369507686,0.0,0.0,0.0,0.0,5.65,-0.006471510943773808,-0.00765962852165,-1486.5952261156467,-1261.3535251890335
11.10037591722222,-0.0706155349811111,-0.1547349856557184,0.8792176032793938,-1.6689186006808,-0.7408804297209635,0.0,0.0,0.0,0.0,5.675,-0.006361544465494289,-0.00441964808851,-1489.7150460175337,-1264.000645105786
11.102388170027778,-0.0694558189975,-0.1548057258722657,0.8689223040957577,-1.6723551571356,-0.7408844910410461,0.0,0.0,0.0,0.0,5.7,-0.006255935023511813,-0.00125860061962,-1492.782595180876,-1266.603414092864
11.104155646416666,-0.0683627401788889,-0.1547990846143365,0.8586215672351515,-1.6756348758898,-0.7408874538072647,0.0,0.0,0.0,0.0,5.725,-0.006156500535090184,0.00175838405266,-1495.7101474131084,-1269.0873978050615
11.105680465694444,-0.0673533644941666,-0.1547193728738067,0.8485292006981818,-1.6786821126936002,-0.7408895843367912,0.0,0.0,0.0,0.0,5.75,-0.006064767008399152,0.00457835756242,-1498.430180920763,-1271.3953050236776
11.106971104944444,-0.0664418604638888,-0.1545720501313336,0.83882664536,-1.6814464867074002,-0.7408911822328453,0.0,0.0,0.0,0.0,5.775,-0.00598199633690513,0.00716027105227,-1500.8977246101304,-1273.48897845708
11.108037100888888,-0.0656395033002777,-0.1543635911969845,0.8296647320375756,-1.6838846266298,-0.7408922807875824,0.0,0.0,0.0,0.0,5.8,-0.0059091901390053055,0.00946294236928,-1503.074064262174,-1275.3355696769959
11.108894348138888,-0.0649548487530555,-0.1541012698297262,0.82115805886,-1.6859785705798,-0.7408930131565346,0.0,0.0,0.0,0.0,5.825,-0.005847102935490391,0.0114655336365,-1504.9431666896742,-1276.921474766996
11.10955874125,-0.0643939276536111,-0.1537928091963219,0.8133961995448485,-1.687717074155,-0.7408931796042219,0.0,0.0,0.0,0.0,5.85,-0.005796263303826392,0.01315144822,-1506.4949948809797,-1278.2381774747703
11.110048294055556,-0.0639604445961111,-0.1534461488463137,0.8064344741363636,-1.6891094833606002,-0.7408936123673366,0.0,0.0,0.0,0.0,5.875,-0.005756990690160475,0.0145247355103,-1507.737891294831,-1279.2927562501593
11.11038419936111,-0.0636561132138888,-0.1530690452358275,0.8003083570072728,-1.6901600331098,-0.7408937122368219,0.0,0.0,0.0,0.0,5.9,-0.005729425020023094,0.0155876623467,-1508.6756361119446,-1280.0884185192253
11.11058447097222,-0.0634806768761111,-0.1526690883743493,0.7950235077824244,-1.6908879995322,-0.7408936123673366,0.0,0.0,0.0,0.0,5.925,-0.005713531726612785,0.0163553878665,-1509.3254356480047,-1280.639763580125
11.110669242,-0.0634321570397222,-0.152253452152059,0.7905707157024243,-1.6913093000622,-0.740893845394099,0.0,0.0,0.0,0.0,5.95,-0.005709121175161898,0.016843708232,-1509.7014981702753,-1280.9588469323546
11.110658645638887,-0.0635070353747222,-0.151828944274224,0.7869202584933334,-1.6914452552760002,-0.7408934126309844,0.0,0.0,0.0,0.0,5.975,-0.005715865944603539,0.017070595175,-1509.822854914397,-1281.0618162910034
11.110571755305552,-0.0637004400291666,-0.1514018065250218,0.7840306507460606,-1.6913186460772,-0.7408933793414468,0.0,0.0,0.0,0.0,6.0,-0.005733317909471957,0.0170584414154,-1509.7098406377631,-1280.965925389617
11.11042446561111,-0.0640063857038888,-0.1509776981212876,0.7818442789721212,-1.6909557580944,-0.740893246183297,0.0,0.0,0.0,0.0,6.025,-0.005760930727894403,0.0168311819434,-1509.385918495739,-1280.6910823600208
11.11023479038889,-0.0644167554047222,-0.1505626111759294,0.7802823153406062,-1.6902158170912005,-0.740893046446072,0.0,0.0,0.0,0.0,6.05,-0.005797965265364786,0.0162857379764,-1508.7254301740309,-1280.1306680264502
11.11001438563889,-0.0649173226622222,-0.1501653341203864,0.7792678000709092,-1.6891527086518,-0.7408933460519093,0.0,0.0,0.0,0.0,6.075,-0.005843135788027072,0.0154687063769,-1507.7764751818117,-1279.325494093658
11.109777026694443,-0.0654976608025,-0.1497902112360719,0.7787266031903031,-1.6879425466064002,-0.7408935457891342,0.0,0.0,0.0,0.0,6.1,-0.005895497330425532,0.0145183969289,-1506.696256765877,-1278.408945134683
11.109533309944444,-0.0661478853888888,-0.1494402552241212,0.7785900324042424,-1.6866113245534002,-0.7408932128937594,0.0,0.0,0.0,0.0,6.125,-0.0059541551875701235,0.0134585378692,-1505.507977408732,-1277.4007081043785
11.109291712444444,-0.0668579960863889,-0.1491179295083888,0.7787955359260605,-1.6851881027268,-0.7408933793405742,0.0,0.0,0.0,0.0,6.15,-0.006018205104065787,0.0123149687424,-1504.2375769422013,-1276.3227925570188
11.109058592055556,-0.0676180546483333,-0.1488250150779958,0.7792873683121212,-1.6836942017126002,-0.7408940784208614,0.0,0.0,0.0,0.0,6.175,-0.006086749303553871,0.0111063364893,-1502.9040866106736,-1275.1913462151167
11.108842425888888,-0.0684181311063888,-0.1485629267371509,0.7800105609315151,-1.6821537166826002,-0.7408941782894739,0.0,0.0,0.0,0.0,6.2,-0.006158889331884122,0.00985407922417,-1501.5290143175014,-1274.0246182087888
11.10864745247222,-0.0692485604022222,-0.1483324967239422,0.7809182276866667,-1.6805853396668002,-0.7408943447371613,0.0,0.0,0.0,0.0,6.225,-0.006233752641669351,0.00857658311725,-1500.1290449976605,-1272.83676545256
11.10847685072222,-0.0700999548038889,-0.1481341411569775,0.7819647771660606,-1.6790093690132,-0.7408949772375009,0.0,0.0,0.0,0.0,6.25,-0.006310492045480686,0.00729038380086,-1498.7222974224385,-1271.6431614493415
11.108333799583331,-0.0709633529186111,-0.1479678600364314,0.7831073922818182,-1.6774447888114,-0.7408951103965236,0.0,0.0,0.0,0.0,6.275,-0.006388298569248333,0.00601316709071,-1497.3257172259136,-1270.4581843128963
11.108220418305557,-0.0718302031358333,-0.1478332871775659,0.7843085826527273,-1.6759041577614,-0.7408957428968632,0.0,0.0,0.0,0.0,6.3,-0.006466400596216316,0.00475661922246,-1495.9505145919384,-1269.2913457143718
11.108137766527776,-0.0726925581694444,-0.1477296569215425,0.7855300071024242,-1.6744124472138,-0.7408958760550131,0.0,0.0,0.0,0.0,6.325,-0.0065440814380687065,0.00354113662615,-1494.6189795211708,-1268.1615583815992
11.10808584425,-0.0735432157913888,-0.1476558374251338,0.7867439408733333,-1.67297491431,-0.7408964752666879,0.0,0.0,0.0,0.0,6.35,-0.006620692063651792,0.00237218942493,-1493.3358046586804,-1267.0728039528194
11.1080646515,-0.0743753711383333,-0.1476106136208324,0.7879116358903031,-1.6715966701518,-0.74089707447749,0.0,0.0,0.0,0.0,6.375,-0.006695619216466288,0.00125193281565,-1492.105552291238,-1266.028953459232
11.108072068944445,-0.0751827326086111,-0.1475926539283603,0.7890191465436364,-1.6702933400846,-0.7408976736891648,0.0,0.0,0.0,0.0,6.4,-0.006768297157416211,0.000196978959139,-1490.942169960762,-1265.0418411788282
11.108107037027777,-0.0759599275058333,-0.1476001274240286,0.7900450735381818,-1.6690777748778,-0.7408977069778296,0.0,0.0,0.0,0.0,6.425,-0.006838242308309453,-0.000782416202128,-1489.8571285589544,-1264.1211999894156
11.10816743638889,-0.0767024192544444,-0.1476310533821892,0.7909720126060606,-1.6679615110130002,-0.7408982728999669,0.0,0.0,0.0,0.0,6.45,-0.006905047092032247,-0.00167796085589,-1488.8607258140632,-1263.275767357387
11.108250088166669,-0.0774064494502777,-0.1476832679844762,0.7917869429157576,-1.6669493675226,-0.7408988055316941,0.0,0.0,0.0,0.0,6.475,-0.006968374751729509,-0.00248587829992,-1487.9572633050095,-1262.5091931072805
11.108353932694444,-0.0780688309008333,-0.1477546240568561,0.7924823922824242,-1.6660248428628,-0.7408993048747563,0.0,0.0,0.0,0.0,6.5,-0.007027938736364778,-0.0032180105336,-1487.1320113750733,-1261.8089793485467
11.108473671805555,-0.0786854906213889,-0.1478440729800326,0.7930512029472727,-1.6651064515134002,-0.7408997376387437,0.0,0.0,0.0,0.0,6.525,-0.007083375533499327,-0.00393732311204,-1486.3122341787648,-1261.1134108183455
11.108607186222224,-0.0792519830994444,-0.1479509489634303,0.7934897312969696,-1.6642594695104,-0.7409001704018583,0.0,0.0,0.0,0.0,6.55,-0.007134286213463285,-0.00459430599585,-1485.5561986039554,-1260.4719260882046
11.108751297,-0.0797667271561111,-0.1480727719385136,0.7937905976266667,-1.6635564744484002,-0.7409005698763084,0.0,0.0,0.0,0.0,6.575,-0.0071805304685912535,-0.0051333932206,-1484.9286890773017,-1259.9394937625586
11.108903884888887,-0.0802294496033333,-0.1482066290729339,0.7939545972418182,-1.6629906028484005,-0.7409009360612206,0.0,0.0,0.0,0.0,6.6,-0.007222085134111839,-0.00555871753022,-1484.4235790999248,-1259.510915599936
11.109059651694444,-0.0806404484641666,-0.1483498239157256,0.7939877781721211,-1.6625504642684,-0.7409012356661854,0.0,0.0,0.0,0.0,6.625,-0.0072589805971441206,-0.00588074373081,-1484.0307013018753,-1259.1775647409847
11.109216478138888,-0.0810005350244444,-0.1484998431088153,0.7938999800248484,-1.6622294872988002,-0.7409015685615602,0.0,0.0,0.0,0.0,6.65,-0.007291291441105693,-0.00610471237451,-1483.7441898921259,-1258.9344641508944
11.109371185305555,-0.0813110338316666,-0.1486542898074239,0.7937049819484848,-1.6620196402026,-0.7409018015883226,0.0,0.0,0.0,0.0,6.675,-0.007319139173170961,-0.00623791618273,-1483.5568755578945,-1258.7755307763953
11.109522713555556,-0.0815736833547222,-0.1488110334821992,0.7934179872454545,-1.6619118690538002,-0.7409015685615602,0.0,0.0,0.0,0.0,6.7,-0.007342681180640468,-0.00628844415769,-1483.46067655704,-1258.6939073817305
11.109666824333337,-0.0817905780341666,-0.148968076762812,0.7930556418672728,-1.6618963897186,-0.7409017682987852,0.0,0.0,0.0,0.0,6.725,-0.007362108992775726,-0.00626486120746,-1483.4468593471768,-1258.6821836885135
11.109803517666666,-0.0819640854994444,-0.1491237052390414,0.7926338519472728,-1.6619634181220002,-0.7409019347455998,0.0,0.0,0.0,0.0,6.75,-0.007377635920302835,-0.00617554364726,-1483.5066904384087,-1258.7329494628918
11.10993067422222,-0.0820967968966666,-0.1492763709485289,0.7921683756509091,-1.6621034622192,-0.7409021344828248,0.0,0.0,0.0,0.0,6.775,-0.0073894967758126005,-0.00602885009721,-1483.6316970136959,-1258.839015647984
11.110047234416667,-0.0821914772191666,-0.1494247256659659,0.7916740833624243,-1.662306737896,-0.7409022343523101,0.0,0.0,0.0,0.0,6.8,-0.0073979412944847,-0.00583292543888,-1483.8131455481507,-1258.992971980249
11.11015213861111,-0.0822509908013889,-0.1495676541926322,0.7911646617539394,-1.6625643372562002,-0.7409023342209224,0.0,0.0,0.0,0.0,6.825,-0.007403228126421604,-0.005595613271,-1484.043084649182,-1259.1880718235482
11.110246446388889,-0.0822782682047222,-0.1497042077776692,0.7906525213072727,-1.6628673523644002,-0.7409024673790724,0.0,0.0,0.0,0.0,6.85,-0.007405620442511851,-0.0053243720904,-1484.3135628892067,-1259.4175685120538
11.110329098166666,-0.082276273105,-0.1498336374065707,0.7901485188799999,-1.6632076054832,-0.7409025006686099,0.0,0.0,0.0,0.0,6.875,-0.007405385779128411,-0.00502620125189,-1484.6172806321351,-1259.6752684151447
11.110400093916668,-0.0822479443416666,-0.14995534386836,0.7896619577121212,-1.6635773569352,-0.7409025672476849,0.0,0.0,0.0,0.0,6.9,-0.007402788706655147,-0.00470758834854,-1484.9473292642895,-1259.9553096787906
11.110460493305556,-0.0821961959202777,-0.150068894399399,0.7892006059133334,-1.6639693051618,-0.7409026005372223,0.0,0.0,0.0,0.0,6.925,-0.007398090832491039,-0.00437451992184,-1485.2971912468856,-1260.2521622700847
11.110511355916666,-0.0821238342258333,-0.1501739893938501,0.788770677970909,-1.6643768787338,-0.7409026338267598,0.0,0.0,0.0,0.0,6.95,-0.00739154406085009,-0.00403241207823,-1485.6610007714003,-1260.5608491393696
11.110551622166668,-0.0820336076947222,-0.1502704790490565,0.7883769457260607,-1.6647940903902,-0.7409026338267598,0.0,0.0,0.0,0.0,6.975,-0.007383396476108073,-0.00368600478396,-1486.0334134712525,-1260.8768356725777
11.110583411333334,-0.0819281240305555,-0.1503582967861177,0.7880228123521211,-1.6652156829798002,-0.7409026338267598,0.0,0.0,0.0,0.0,7.0,-0.007373881370350438,-0.00333943893202,-1486.409736692625,-1261.1961402240452
11.11060672336111,-0.0818098833163888,-0.1504374758942223,0.7877103493430304,-1.6656372755792002,-0.7409026005372223,0.0,0.0,0.0,0.0,7.025,-0.007363223751262451,-0.00299637159333,-1486.7860599227452,-1261.515444782935
11.110623677583332,-0.0816812449030555,-0.1505081661763761,0.7874405924478788,-1.6660547792952003,-0.7409026005372223,0.0,0.0,0.0,0.0,7.05,-0.0073516345502597355,-0.0026599986013,-1487.1587333216994,-1261.831652515381
11.110634273944443,-0.0815444191297222,-0.1505705673696295,0.7872134491884849,-1.6664646893734,-0.7409025672476849,0.0,0.0,0.0,0.0,7.075,-0.0073393126908111875,-0.00233299494721,-1487.5246284652728,-1262.1421090008373
11.110639572138888,-0.0814014756016666,-0.1506249291454264,0.7870279393054544,-1.6668637931386,-0.7409025339581474,0.0,0.0,0.0,0.0,7.1,-0.0073264437274870725,-0.00201752665453,-1487.8808776458486,-1262.4443810328412
11.110640631777777,-0.0812538382080555,-0.150671900649137,0.7868811959939394,-1.6672123700344,-0.7409020013255475,0.0,0.0,0.0,0.0,7.125,-0.007313155100675265,-0.00174381083343,-1488.1920253831652,-1262.7083851735945
11.1106385125,-0.0811025914219444,-0.1507122475397744,0.7867717766036364,-1.667543277148,-0.74090196803601,0.0,0.0,0.0,0.0,7.15,-0.007299543705854538,-0.00148591946345,-1488.4874006673542,-1262.9590066268458
11.110633214305556,-0.0809487948813888,-0.1507465523834593,0.7866932262066667,-1.667832565308,-0.74090196803601,0.0,0.0,0.0,0.0,7.175,-0.00728570490268392,-0.00126266642474,-1488.7456259183707,-1263.1781068398293
11.11062685647222,-0.0807932598722222,-0.1507754643260854,0.7866438062266666,-1.6681076884304002,-0.7409019347464727,0.0,0.0,0.0,0.0,7.2,-0.007271710310850562,-0.00105235225055,-1488.9912071317262,-1263.3864787784341
11.110618379388889,-0.0806371867655555,-0.150799266328285,0.786620353929697,-1.668371421101,-0.7409019014569351,0.0,0.0,0.0,0.0,7.225,-0.00725766865642187,-0.000852489261888,-1489.2266209663844,-1263.5862238502655
11.11060884263889,-0.0804816765916666,-0.1508181914168206,0.7866198915424243,-1.6686227411014,-0.7409018681673976,0.0,0.0,0.0,0.0,7.25,-0.007243678337662668,-0.000663978105877,-1489.4509549667418,-1263.7765678505684
11.11059930588889,-0.0803277062044444,-0.1508325724867179,0.7866396817296969,-1.668860626223,-0.7409018348778601,0.0,0.0,0.0,0.0,7.275,-0.007229826582070038,-0.000487274141051,-1489.6632966859404,-1263.9567365820096
11.11058976913889,-0.0801761696736111,-0.1508426758541024,0.7866771721121211,-1.6690846383568,-0.7409018015883226,0.0,0.0,0.0,0.0,7.3,-0.007216193860051502,-0.000322514359141,-1489.8632550578322,-1264.1263982308878
11.110581292055556,-0.0800278534491666,-0.1508488011246369,0.7867298657969698,-1.6692943394232,-0.7409018015883226,0.0,0.0,0.0,0.0,7.325,-0.007202850269084412,-0.000169631704921,-1490.0504390425124,-1264.2852210057679
11.110573874583332,-0.0798834611972222,-0.1508512645486656,0.7867953953600001,-1.6694898754324,-0.7409017682987852,0.0,0.0,0.0,0.0,7.35,-0.007189859146696685,-2.84393445327e-05,-1490.2249789720356,-1264.433315491424
11.110566457111112,-0.0797436055211111,-0.1508503324421396,0.7868712454127273,-1.6696713924436002,-0.7409012356661853,0.0,0.0,0.0,0.0,7.375,-0.007177276318803051,0.000101366487797,-1490.3870052221973,-1264.570792309743
11.110561158916664,-0.0796088493533333,-0.1508463044110706,0.7869556218927273,-1.6698387443976002,-0.7409012356661853,0.0,0.0,0.0,0.0,7.4,-0.007165151085950692,0.000219964582357,-1490.5363874172021,-1264.697540838838
11.110556920361113,-0.0794796562858333,-0.150839446771235,0.7870461018878789,-1.6699925154430002,-0.7409012356661853,0.0,0.0,0.0,0.0,7.425,-0.007153525863332697,0.000327761023073,-1490.6736469814978,-1264.8140034994526
11.110554801083332,-0.0793564236825,-0.1508300091940767,0.787140669389091,-1.6701328515998,-0.7409012356661853,0.0,0.0,0.0,0.0,7.45,-0.007142435738201154,0.000425102654845,-1490.7989142558872,-1264.9202908837829
11.110554801083332,-0.0792394992377777,-0.150818274640577,0.7872374378551515,-1.6702598988978,-0.7409012023766478,0.0,0.0,0.0,0.0,7.475,-0.007131912011275213,0.000512362923473,-1490.9123195899217,-1265.0165135914483
11.110555860722222,-0.0791291395822222,-0.1508044927820054,0.7873345947266667,-1.6703743875056,-0.7409012023766478,0.0,0.0,0.0,0.0,7.5,-0.007121978465718146,0.00058993633138,-1491.0145147488513,-1265.1032246353886
11.11055903963889,-0.0790255847905555,-0.1507888633552377,0.7874305678860608,-1.6704764634334,-0.7409012356661854,0.0,0.0,0.0,0.0,7.525,-0.007112656033653907,0.000658233067952,-1491.1056300647317,-1265.1805346003782
11.110563278194444,-0.0789289838738888,-0.1507716526767483,0.7875238961884848,-1.6705665648,-0.7409012023766478,0.0,0.0,0.0,0.0,7.55,-0.007103958809072675,0.000717673217878,-1491.1860566124592,-1265.248775307541
11.110569636027778,-0.0788394444519444,-0.150753060483413,0.7876138213187879,-1.6706436693674,-0.7409012023766478,0.0,0.0,0.0,0.0,7.575,-0.00709589580324442,0.000767114921473,-1491.2548819189335,-1265.3071725372768
11.110578113138889,-0.0787569582461111,-0.1507333697360389,0.787698197798182,-1.6707082152348,-0.7409012023766478,0.0,0.0,0.0,0.0,7.6,-0.007088466274583546,0.000807821168564,-1491.3124970415554,-1265.356058095865
11.1105887095,-0.0786815583705555,-0.1507127302376316,0.7877765262484848,-1.6707642912856002,-0.7409012356661854,0.0,0.0,0.0,0.0,7.625,-0.007081673206324307,0.000842472363729,-1491.362551811491,-1265.3985288097497
11.11059930588889,-0.078613244825,-0.1506913084357043,0.7878481593278789,-1.670811167361,-0.7409012356661854,0.0,0.0,0.0,0.0,7.65,-0.00707551795008331,0.000870634510648,-1491.404394472237,-1265.4340316734128
11.110612021555555,-0.0785519927738888,-0.1506692541329138,0.7879125236745455,-1.6708486974214003,-0.7409012356661854,0.0,0.0,0.0,0.0,7.675,-0.007069996920195854,0.000892329670023,-1491.4378946654958,-1265.4624560798145
11.110625796861113,-0.0784977111552777,-0.150646750421629,0.7879690089369698,-1.6708774656056002,-0.7409007363239958,0.0,0.0,0.0,0.0,7.7,-0.007065102595522051,0.000907825306058,-1491.4635738069662,-1265.484244442274
11.110640631777777,-0.0784502840705555,-0.1506239304599999,0.7880178925484848,-1.6708974719038,-0.7409007363239958,0.0,0.0,0.0,0.0,7.725,-0.0070608245438321705,0.000917291501537,-1491.4814318879003,-1265.4993967533696
11.11065546672222,-0.0784095707866666,-0.1506009274061764,0.7880586011484849,-1.6709094464748002,-0.7409007363239958,0.0,0.0,0.0,0.0,7.75,-0.007057150770403503,0.000921171740629,-1491.4921206648014,-1265.508466018619
11.110672420916666,-0.0783753891786111,-0.1505779077074968,0.7880908388078787,-1.670913681388,-0.7409007363239958,0.0,0.0,0.0,0.0,7.775,-0.007054063535440358,0.000919925048947,-1491.4959008455182,-1265.5116734446817
11.1106883155,-0.0783475405638888,-0.1505549712325738,0.7881143835818182,-1.6709109067924,-0.7409007363239958,0.0,0.0,0.0,0.0,7.8,-0.0070515469734300645,0.000913960684557,-1491.4934241778064,-1265.5095720296536
11.110705269694444,-0.0783258179822222,-0.1505322511395571,0.7881295129024244,-1.6709014147476002,-0.7409007363239958,0.0,0.0,0.0,0.0,7.825,-0.007049581109478592,0.000903597450815,-1491.4849513607678,-1265.5023829727725
11.110722223916666,-0.0783099896377777,-0.1505098306520287,0.7881366521660607,-1.6708856433626,-0.7409007696135332,0.0,0.0,0.0,0.0,7.85,-0.007048145751426452,0.000889103510417,-1491.4708734605506,-1265.4904380877397
11.11073917813889,-0.0782997988991666,-0.1504878262836317,0.7881365226975757,-1.6708641767468,-0.7409007696135332,0.0,0.0,0.0,0.0,7.875,-0.007047217799264573,0.000870728748851,-1491.451711866611,-1265.474179765609
11.110756132333332,-0.0782949725786111,-0.1504663212577734,0.7881298828121214,-1.6708371609496002,-0.7409007696135332,0.0,0.0,0.0,0.0,7.9,-0.007046772663002247,0.000848720606882,-1491.4275969459957,-1265.4537186208447
11.110773086555556,-0.0782952374883333,-0.1504454154432409,0.7881175278169698,-1.6708050340408005,-0.7409007696135332,0.0,0.0,0.0,0.0,7.925,-0.007046785752745991,0.000823335489258,-1491.3989197298622,-1265.4293864374588
11.11078898111111,-0.0783002956047222,-0.1504251754189344,0.7881003270006061,-1.6707682341294,-0.7409007696135332,0.0,0.0,0.0,0.0,7.95,-0.007047230915629535,0.000794838182628,-1491.366071284358,-1265.401515029152
11.110804875694445,-0.0783098323477777,-0.1504057010534666,0.7880790201824243,-1.6707273453444,-0.7409007696135332,0.0,0.0,0.0,0.0,7.975,-0.007048079164731367,0.000763499352615,-1491.329573016436,-1265.3705468018243
11.110819710638888,-0.0783235331377777,-0.150387025636375,0.7880544026690909,-1.6706825137156005,-0.7409007363239958,0.0,0.0,0.0,0.0,8.0,-0.007049302857716337,0.000729594787117,-1491.2895552756468,-1265.3365923550941
11.110834545555557,-0.0783410751158333,-0.1503692323912413,0.7880271957854545,-1.6706341773226,-0.7409007363239958,0.0,0.0,0.0,0.0,8.025,-0.007050872262981406,0.000693406735081,-1491.2464091018944,-1265.2999834803952
11.110848320861113,-0.0783621354236111,-0.1503523712526337,0.7879980283793939,-1.670582920314,-0.7409007363239958,0.0,0.0,0.0,0.0,8.05,-0.007052758993791924,0.000655231997371,-1491.200655919628,-1265.2611625984719
11.11086209613889,-0.0783863663672222,-0.1503364755099152,0.7879674553145455,-1.6705291807694,-0.7409007363239958,0.0,0.0,0.0,0.0,8.075,-0.0070549310835620995,0.000615362019744,-1491.1526867687517,-1265.2204615007586
11.110874811805555,-0.0784134533669444,-0.150321611741986,0.7879360869430302,-1.6704732507484,-0.7409007696135332,0.0,0.0,0.0,0.0,8.1,-0.00705736089147799,0.000574067700654,-1491.102762348367,-1265.178101386493
11.110886467833334,-0.0784430652855555,-0.1503077799491954,0.7879042746806061,-1.67041571438,-0.7409007696135332,0.0,0.0,0.0,0.0,8.125,-0.007060018614415039,0.000531630008481,-1491.0514040654264,-1265.1345246615736
11.110898123833332,-0.0784748627080555,-0.1502950300654133,0.7878724254260606,-1.6703570097732003,-0.7409007696135332,0.0,0.0,0.0,0.0,8.15,-0.007062873030914008,0.00048834271729,-1490.999002986078,-1265.0900631397024
11.11090872022222,-0.0785085310538888,-0.1502833620909886,0.7878408905957575,-1.6702974289680002,-0.7409007696135332,0.0,0.0,0.0,0.0,8.175,-0.007065896501426629,0.000444504752522,-1490.9458197919282,-1265.0449380052721
11.110919316611112,-0.0785437391863888,-0.1502728093151099,0.7878098921339395,-1.6702372640338,-0.7409007363239958,0.0,0.0,0.0,0.0,8.2,-0.007069058549364487,0.00040041244938,-1490.8921151908264,-1264.9993704649435
11.11092885336111,-0.0785801973608333,-0.1502633384484141,0.7877796334927273,-1.6701770991094,-0.7409007363239958,0.0,0.0,0.0,0.0,8.225,-0.007072333771362635,0.000356353761163,-1490.8384105984728,-1264.9538029320374
11.110937330444443,-0.0786175827186111,-0.1502549827806133,0.7877502626357575,-1.6701172262446,-0.7409007363239958,0.0,0.0,0.0,0.0,8.25,-0.007075693110354927,0.000312604446663,-1490.784966705221,-1264.908456598369
11.110945807555558,-0.0786556220716666,-0.1502477090218209,0.7877218720406062,-1.670057937499,-0.7409007363239958,0.0,0.0,0.0,0.0,8.275,-0.007079111304654187,0.000269425858278,-1490.732044210173,-1264.8635526631767
11.110953225027778,-0.0786940339538888,-0.15024150052753,0.7876946096715151,-1.6699998170114,-0.7409007363239958,0.0,0.0,0.0,0.0,8.3,-0.0070825636972917825,0.000227063777857,-1490.6801645290286,-1264.8195335397816
11.110960642499998,-0.0787325534555555,-0.1502363406528845,0.7876684755260607,-1.669942864772,-0.7409007696135332,0.0,0.0,0.0,0.0,8.325,-0.007086025771201045,0.000185747383512,-1490.6293276530396,-1264.7763992207606
11.110968059972222,-0.0787709322241666,-0.1502321961085216,0.7876434881036364,-1.66988751888,-0.7409007696135332,0.0,0.0,0.0,0.0,8.35,-0.007089475174349797,0.000145688536577,-1490.5799246396068,-1264.7344815123934
11.110974417805556,-0.0788089384636111,-0.1502290336047292,0.7876196474012122,-1.6698342174248002,-0.7409007696135332,0.0,0.0,0.0,0.0,8.375,-0.007092891721298379,0.000107080726593,-1490.5323465373833,-1264.694112213537
11.110979715972222,-0.078846356935,-0.1502268198519698,0.7875969534212122,-1.6697828143864002,-0.7409007696135332,0.0,0.0,0.0,0.0,8.4,-0.007096256041369333,7.00982272974e-05,-1490.4864630055654,-1264.6551807319947
11.111429002555557,-0.0793953984975,-0.1502040498247341,0.7766729181460607,-1.6729001462488,-0.7117073974809823,0.0,0.0,0.0,0.0,8.425,-0.0071453814337687415,0.00051620148588,-1493.2690649712652,-1267.016176339255
11.112147437194444,-0.07956340909,-0.1502100585819746,0.7676764840793939,-1.6773405224072,-0.6802314299782062,0.0,0.0,0.0,0.0,8.45,-0.007160039005933842,-0.00115227838978,-1497.2326466405254,-1270.3792153313545
11.11338509452778,-0.0798483192919444,-0.1502682320069341,0.7591790956442425,-1.6831132888766,-0.6487587914274336,0.0,0.0,0.0,0.0,8.475,-0.007184878289807633,-0.00359165086411,-1502.3855504808341,-1274.7513761655562
11.115120781805556,-0.0802513460319444,-0.1503926515641961,0.7499000133169698,-1.6893028289032002,-0.6173048116480241,0.0,0.0,0.0,0.0,8.5,-0.007220015653208967,-0.00637846253812,-1507.9104759635943,-1279.4391917266857
11.117328008027776,-0.0807551211780555,-0.1505863133096912,0.7395481733842423,-1.6953895628432003,-0.5858617341847241,0.0,0.0,0.0,0.0,8.525,-0.007263896605348206,-0.00906305108219,-1513.3436343739716,-1284.049144317309
11.119985580444444,-0.0813339981766666,-0.1508418436161888,0.7280670350975756,-1.7011658340670002,-0.5544709379029608,0.0,0.0,0.0,0.0,8.55,-0.007314217953636576,-0.0112811801955,-1518.4996666384945,-1288.4239595720555
11.123073365944444,-0.0819631500377777,-0.151144561808478,0.715374672629091,-1.7066179156264,-0.5231301258255199,0.0,0.0,0.0,0.0,8.575,-0.007368750285215647,-0.012817421928,-1523.3663197681556,-1292.5532410154044
11.126571231416667,-0.0826234949958333,-0.151476558127782,0.7013571999290908,-1.7117488741864,-0.4918409790727357,0.0,0.0,0.0,0.0,8.6,-0.00742578223581942,-0.0136575866491,-1527.9463311385161,-1296.4393112690436
11.130450566611112,-0.0832991550366666,-0.1518217537393626,0.6858863414418181,-1.7166174143538,-0.4606262177395446,0.0,0.0,0.0,0.0,8.625,-0.0074838978474551275,-0.0138546572998,-1532.2921018289248,-1300.126631854845
11.134680642027778,-0.0839835653702777,-0.1521636370443192,0.6688109519266667,-1.7213932245986,-0.4294789508934322,0.0,0.0,0.0,0.0,8.65,-0.007542521251420744,-0.0134083116427,-1536.555099662193,-1303.743720925497
11.13922542997222,-0.0846769329574999,-0.1524871944718915,0.6500104592060606,-1.7260910540776002,-0.3984155070442457,0.0,0.0,0.0,0.0,8.675,-0.007601689497158428,-0.012420328334,-1540.748490074186,-1307.3017491538544
11.144044664166666,-0.0853807230791666,-0.1527814571275928,0.629363773230909,-1.7305764079142,-0.367408339116731,0.0,0.0,0.0,0.0,8.7,-0.007661556073416118,-0.0110759967938,-1544.752219851282,-1310.6988532071482
11.14855766297222,-0.0893489271402777,-0.1556283430433828,0.6705371463666667,-2.052560997011,-0.3358988823636767,0.0,0.0,0.0,0.0,8.725,-0.008014393416740616,-0.244503855705,-1832.1630538893273,-1554.562591178823
11.151946385694446,-0.0963852802911111,-0.1618156319144427,0.6110900324048484,-2.0521302044362,-0.3047526474932264,0.0,0.0,0.0,0.0,8.75,-0.008642911018183581,-0.248031973839,-1831.778518550018,-1554.236318769712
11.155385971055557,-0.1030939072369444,-0.1690071821879828,0.5987104196260606,-2.2098915547128004,-0.2736472172443357,0.0,0.0,0.0,0.0,8.775,-0.009241626197823915,-0.359731703997,-1972.5999205592132,-1673.7211447169077
11.158174938638888,-0.1124290542469444,-0.1798584983654342,0.5681197657721212,-2.3684135824398003,-0.2427094995648815,0.0,0.0,0.0,0.0,8.8,-0.010075935792834851,-0.467835694551,-2114.1003207188055,-1793.782090306865
11.16112179225,-0.1201345523197222,-0.191503303390692,0.5377842666157576,-2.3937446236648,-0.2121428684171175,0.0,0.0,0.0,0.0,8.825,-0.01076366287868488,-0.463250607252,-2136.7113894843997,-1812.9672395625207
11.1646408505,-0.1253496193222222,-0.2030152499652106,0.5082517774175758,-2.4287169486272,-0.1816144036957218,0.0,0.0,0.0,0.0,8.85,-0.011227375873591895,-0.457877874374,-2167.9284893893614,-1839.4544758455186
11.168704562722224,-0.1283300668,-0.214387730124089,0.47763961329575755,-2.4710924804258005,-0.1511242385604151,0.0,0.0,0.0,0.0,8.875,-0.011490147857283929,-0.451330751181,-2205.7538616259812,-1871.5487310765898
11.173300213277775,-0.1291000760263888,-0.2255122034049606,0.44424624356303033,-2.5020850121974,-0.1206710955250437,0.0,0.0,0.0,0.0,8.9,-0.01155433699642053,-0.436018764973,-2233.418506789319,-1895.0217633363916
11.178474426277775,-0.1272893614238888,-0.2360387803784407,0.4151627974078788,-2.4958678722348,-0.0902034382617122,0.0,0.0,0.0,0.0,8.925,-0.011387006542204328,-0.393629044294,-2227.868944970244,-1890.3130442171762
11.184389326305554,-0.1205245239866666,-0.2440218554162026,0.38191050211575756,-2.2876233279732,-0.0595553705599009,0.0,0.0,0.0,0.0,8.95,-0.010776138103775977,-0.20940771699,-2041.9850853793566,-1732.5934057764237
11.191068225444443,-0.103384455045,-0.244085155425921,0.35390437270666664,-1.8186317235268,-0.0299327020613867,0.0,0.0,0.0,0.0,8.975,-0.009238122131177891,0.301457583904,-1623.3524155087584,-1377.3899283104615
11.197778913722225,-0.0711014618475,-0.2262224185332967,0.29901749581975756,-0.7564313024280601,-0.0031402186594698,0.0,0.0,0.0,0.0,9.0,-0.00634960400587739,1.15045380592,-675.2079412657029,-572.9037077405962
11.202917099,-0.0163712859567777,-0.1868361801580123,0.25102939952545456,0.3510365463794,0.0258897395255143,0.0,0.0,0.0,0.0,9.025,-0.0014613413463747797,1.92833948135,313.3432778747267,265.86702365128326
11.205244064333332,0.0417698547244444,-0.1345730752148938,0.20374870993878788,0.5706334240738601,0.0566800658025517,0.0,0.0,0.0,0.0,9.05,0.003727705928101937,2.19624042511,509.36049083314236,432.1846588887268
11.204932530722225,0.0857095172008333,-0.078656820657811,0.1615239599979394,0.5987729407846201,0.0870157010159296,0.0,0.0,0.0,0.0,9.075,0.007649266692666895,2.22043991089,534.4784692741404,453.4968830204827
11.20238939922222,0.1159575498766666,-0.0241482194260763,0.12529747934054547,0.67494630366548,0.1173600747267022,0.0,0.0,0.0,0.0,9.1,0.01035114436253372,2.13364577293,602.4725612227113,511.1888398253307
11.197962231111113,0.13352903227,0.0277348794777661,0.09705257878157576,0.7872929170727602,0.1477178557889679,0.0,0.0,0.0,0.0,9.125,0.011924404593812478,2.01068329811,702.7557267969147,596.2775863731396
11.19186825222222,0.1408401462766666,0.0759596460071945,0.07770918350782642,0.97945517152546,0.1781337020855017,0.0,0.0,0.0,0.0,9.15,0.01258414976862347,1.83743870258,874.2841654026444,741.8168676143647
11.18329683938889,0.1469214260577777,0.1236584673494539,0.07631429383254545,1.5641780316834002,0.208152987050763,0.0,0.0,0.0,0.0,9.175,0.01313757724290239,1.8290336132,1396.2212102485435,1184.672542029067
11.172885894777776,0.1497092511919444,0.1656781143119371,0.07676645683521212,1.916700264815,0.2387355305869743,0.0,0.0,0.0,0.0,9.2,0.013399335910332596,1.52265059948,1710.8906462160123,1451.6647907287377
11.161204444027778,0.1513243383830555,0.1995502776498471,0.08847550132060605,2.3036908686204,0.2693706965209541,0.0,0.0,0.0,0.0,9.225,0.013558065273504356,1.18716490269,2056.327340924275,1744.7625922993848
11.146809260055557,0.1596239705880555,0.2302481859957559,0.11875442042496968,2.9420095086102003,0.2995934053830373,0.0,0.0,0.0,0.0,9.25,0.014320149099533431,1.12379443645,2626.1052089151704,2228.2104802916597
11.13092316522222,0.1687929199802777,0.2554417398415572,0.15095613884224243,3.1953698635124,0.3304163158514561,0.0,0.0,0.0,0.0,9.275,0.015164323522388442,0.90341091156,2852.260476528692,2420.099798266768
11.114213731555555,0.1770136257013889,0.2759612628830677,0.19506341645193942,3.3714769899832,0.3612845000585699,0.0,0.0,0.0,0.0,9.3,0.01592677898561646,0.74473553896,3009.4577394194303,2553.4792940528496
11.096922556555556,0.1838200953272222,0.2931058118087999,0.24972917412289697,3.4953197777316003,0.3922224424430567,0.0,0.0,0.0,0.0,9.325,0.01656496153689292,0.630885124207,3120.0026540571416,2647.2749791999986
11.079247792555556,0.18912471003,0.307723936321946,0.31456561464248484,3.5929697930854005,0.4232223532557624,0.0,0.0,0.0,0.0,9.35,0.01707017602378006,0.543616950512,3207.1672989098374,2721.2328596810735
11.061370637694443,0.1929726865555555,0.3204167618141613,0.38887680284909093,3.6742628335924006,0.454299462450052,0.0,0.0,0.0,0.0,9.375,0.017445639683924145,0.473205983639,3279.731332608299,2782.8023428191623
11.04347229002778,0.1954400042691666,0.3315661522968257,0.4715595823346666,3.7338080048556,0.4854577314800139,0.0,0.0,0.0,0.0,9.4,0.017697332789583606,0.420039653778,3332.882719088319,2827.9004889234216
11.02573394775,0.1964905526902777,0.3414729783933342,0.5612127778024243,3.7800135016434,0.5167069308157379,0.0,0.0,0.0,0.0,9.425,0.017821085981344142,0.374254405499,3374.1268059751333,2862.8954717364763
11.008498933583333,0.1966086361144444,0.349854079502018,0.6779271998545455,3.9085751473874,0.548019313649108,0.0,0.0,0.0,0.0,9.45,0.017859713417844435,0.251207053661,3488.8838815613763,2960.265111627834
10.992145538333332,0.1996221144994444,0.3541335130586209,0.7746201301339393,4.004040825365,0.5793974765605577,0.0,0.0,0.0,0.0,9.475,0.018160432265320225,0.153333172202,3574.098736739742,3032.568625112508
10.976446999444445,0.2018189430236111,0.3577201918357737,0.8821797966236364,3.9913290858308,0.6108425014604917,0.0,0.0,0.0,0.0,9.5,0.018386545576526345,0.133482441306,3562.7519462866735,3022.9410453341466
10.96173180475,0.20296058721,0.3607426133556774,1.026122621478788,4.0487348973764,0.6423044207880472,0.0,0.0,0.0,0.0,9.525,0.01851537611256389,0.0439427569509,3613.9936911827053,3066.4188894883555
10.948419570916665,0.2063777877225,0.3607780666877948,1.1149670595109091,4.095748531819001,0.6737910076454279,0.0,0.0,0.0,0.0,9.55,0.01885000719836506,-0.0175670497119,3655.9591402876163,3102.025937213735
10.936009089138889,0.2098539968330555,0.3602469657871944,1.227544000799394,4.0688828468344,0.7052652108044624,0.0,0.0,0.0,0.0,9.575,0.01918926686349157,-0.0250231008977,3631.978213280871,3081.6784839958896
10.924641291305557,0.2129956252044444,0.3595395969121318,1.3387622995090906,4.045730155705,0.7367331555339398,0.0,0.0,0.0,0.0,9.6,0.01949680722001905,-0.0314997471869,3611.311589805529,3064.143167107721
10.914999643972225,0.2164951629108333,0.3586307599010548,1.4212710848715153,4.0341025531268,0.7384148751836044,0.0,0.0,0.0,0.0,9.625,0.019834646813790057,-0.035506952554,3600.932524881218,3055.336687778002
10.90728441875,0.2196480168236111,0.3578206928770185,1.5085405569369696,4.0294523298722,0.738360613276769,0.0,0.0,0.0,0.0,9.65,0.020137736249549752,-0.0287491548806,3596.7816288777262,3051.8147154114035
10.9016365475,0.2229916552702777,0.3572249104513303,1.5921364894060606,4.027966606615,0.7383306194244363,0.0,0.0,0.0,0.0,9.675,0.020454878888932954,-0.0185698587447,3595.455438199783,3050.689462714967
10.897876951416666,0.2264750169383333,0.3569117559964563,1.6699509869199998,4.0267197906978005,0.7383050197884341,0.0,0.0,0.0,0.0,9.7,0.02078157222255044,-0.00633228570223,3594.3425016966435,3049.7451529547275
10.895848804055555,0.2299847867752777,0.3569150849484598,1.7420731977981818,4.0242594540106005,0.738285112658979,0.0,0.0,0.0,0.0,9.725,0.021107560403157834,0.0066107371822,3592.146348702905,3047.8817504145854
10.895432366277776,0.2333798838986111,0.3572386590207135,1.808771750709697,4.0202903211128,0.7382702322461938,0.0,0.0,0.0,0.0,9.75,0.0214199745409774,0.0190283022821,3588.603409583475,3044.8756202526447
10.896523793527775,0.2365341120297222,0.357853749364182,1.870354410807273,4.0155045807338,0.7382603452614138,0.0,0.0,0.0,0.0,9.775,0.021707300099708563,0.0298606399447,3584.3315478845147,3041.2510103262543
10.899027718444446,0.2393476168313889,0.3587155150024125,1.926897860440606,4.0105181932438,0.7382527885416401,0.0,0.0,0.0,0.0,9.8,0.02196045583280245,0.0387424640357,3579.880583969261,3037.4744348830086
10.902841356055555,0.2417498826980555,0.359774221404795,1.978214259292121,4.005951207876801,0.7382480614299348,0.0,0.0,0.0,0.0,9.825,0.02217310834884202,0.0456279367208,3575.80398801462,3034.0155049821014
10.90784814622222,0.2436986068883333,0.3609813657474984,2.023991551254545,4.002309769388,0.7382421358974981,0.0,0.0,0.0,0.0,9.85,0.022341584116454254,0.0506471842527,3572.553556445518,3031.2575630446813
10.913914574527778,0.2451758914525,0.3622924399529353,2.0639094312266666,3.9999536991148,0.7382373089180528,0.0,0.0,0.0,0.0,9.875,0.022464523593094754,0.0539678297937,3570.450474045916,3029.4731294935036
10.92089758977778,0.2461831271647222,0.3636671637069252,2.097681366891515,3.9989671111138,0.7382310171989583,0.0,0.0,0.0,0.0,9.9,0.022542389500580563,0.055832080543,3569.56982295322,3028.72591038455
10.92864036561111,0.2467285758919444,0.3650743447381491,2.1251603190103032,3.9992168247668,0.7382254245610236,0.0,0.0,0.0,0.0,9.925,0.022576328585971157,0.0564945377409,3569.792723091021,3028.915037774199
10.936987135138889,0.2468374371527777,0.3664797281343487,2.1462632057884847,4.001097416876,0.7382179344203248,0.0,0.0,0.0,0.0,9.95,0.022569052528161642,0.0556912459433,3571.471382768823,3030.339355076577
10.9457736545,0.2465488678880555,0.3678466621435478,2.160704271724242,4.0045163035388,0.7382111100703759,0.0,0.0,0.0,0.0,9.975,0.022524572101552176,0.0534306392074,3574.5231594702896,3032.9287413687302
10.954833560527778,0.2459091113672222,0.3691403259322231,2.1683903364684847,4.009229612353001,0.7382031538761522,0.0,0.0,0.0,0.0,10.0,0.022447544274271466,0.0498373582959,3578.730367092146,3036.498493290305
10.96400260925,0.2449706362352777,0.3703281623571461,2.1696570564048487,4.0151056230082,0.7381953974200262,0.0,0.0,0.0,0.0,10.025,0.022343175660009724,0.045005787164,3583.9754290622377,3040.948848901292
10.973128212833334,0.2437863581711111,0.3713857702056642,2.1649997780539394,4.0213350296014,0.7381865756987005,0.0,0.0,0.0,0.0,10.05,0.022216669070356545,0.0396094582975,3589.5359403573157,3045.666858484995
10.98207155863889,0.2423969076738888,0.3723041280174816,2.155152920809697,4.027892422673,0.738177620819225,0.0,0.0,0.0,0.0,10.075,0.02207205684097102,0.0337590798736,3595.3892199105717,3050.6332774998787
10.990712907583331,0.2408562600613888,0.3730696869621851,2.1409048739351517,4.0348925828904,0.738168466203397,0.0,0.0,0.0,0.0,10.1,0.02191452566240755,0.0274286922067,3601.637723580038,3055.935038189122
10.998953713305555,0.2392186886733333,0.3736735587393742,2.123064963600606,4.042092806099601,0.7381595779029965,0.0,0.0,0.0,0.0,10.125,0.02174922223592484,0.0208584032953,3608.0648080675946,3061.3883219967465
11.006713443333334,0.2375352713797222,0.3741124809761204,2.1024488044509093,4.0492576897150006,0.7381499572345165,0.0,0.0,0.0,0.0,10.15,0.021580944448371657,0.0142714250833,3614.4603476226525,3066.8148404070985
11.013932757916669,0.2358524170186111,0.3743886840723081,2.079848965731515,4.0561708152308,0.7381404697224411,0.0,0.0,0.0,0.0,10.175,0.021414005533044816,0.0078688710928,3620.631162119952,3072.050683010868
11.020571390777778,0.2342111037836111,0.3745088259267082,2.056014996152727,4.062658989432401,0.7381314482647631,0.0,0.0,0.0,0.0,10.2,0.021252174272887826,0.00181164732203,3626.422655321217,3076.9646772422443
11.02660814922222,0.2326466474269444,0.3744831930002957,2.0316430664066667,4.06859633327,0.7381228595693271,0.0,0.0,0.0,0.0,10.225,0.021098659195879246,-0.00377742690034,3631.722464697566,3081.4614851979345
11.032035615722222,0.2311881548827778,0.3743253008383096,2.007328990589091,4.0738379836042,0.7381146703492137,0.0,0.0,0.0,0.0,10.25,0.020956074013512224,-0.0087511902675,3636.4012820860444,3085.4313908608856
11.03686332702778,0.2298584083716666,0.3740508953771463,1.9836762029472728,4.0783707976354,0.7381068473140129,0.0,0.0,0.0,0.0,10.275,0.020826425186291343,-0.0130956731737,3640.4473759220914,3088.864440176319
11.041114595194443,0.2286756700938889,0.3736761220328881,1.9611384721230303,4.0821760833238,0.7380993571733141,0.0,0.0,0.0,0.0,10.3,0.020711284908990813,-0.0167749784887,3643.844061261982,3091.7464762222876
11.04510519238889,0.2281366454230555,0.3732017464622792,1.9355718439272727,4.087619841096401,0.7307456037445158,0.0,0.0,0.0,0.0,10.325,0.020654999789432787,-0.02202603966,3648.703284388509,3095.8694534205524
11.049314075055555,0.2274072004688889,0.3726648198969817,1.8958725807884849,4.0971586108166,0.6991093139443898,0.0,0.0,0.0,0.0,10.35,0.020581114712113522,-0.020606033504,3657.2178091633427,3103.093898684048
11.054531733194445,0.2270996736155555,0.3721849182701311,1.86533865264,4.1122021794322,0.6676672351663417,0.0,0.0,0.0,0.0,10.375,0.020543581500935288,-0.0176279488951,3670.6460437718574,3114.487552291272
11.060781478888888,0.2272731065749999,0.3717897717428929,1.8359381288466665,4.129624307155201,0.6362366912056157,0.0,0.0,0.0,0.0,10.4,0.020547653618217098,-0.013844082132,3686.19743482952,3127.6826719765613
11.068048477166665,0.2279169526363889,0.3714955923104244,1.8061599638969699,4.146993279452801,0.6048228585804912,0.0,0.0,0.0,0.0,10.425,0.020592334150557848,-0.00971144903451,3701.7013781345086,3140.8375329626124
11.076320012416668,0.2289777000744444,0.3713003493135568,1.7754168886133335,4.1632480323322,0.5734286501224444,0.0,0.0,0.0,0.0,10.45,0.02067272341515576,-0.00603664433584,3716.210743614563,3153.1485097335676
11.085584428583331,0.2303870684569444,0.371185367333104,1.7431500059187879,4.1779014050984005,0.5420865231087091,0.0,0.0,0.0,0.0,10.475,0.020782582094896952,-0.00335641414858,3729.290680452589,3164.2466379597718
11.095815234722222,0.2320763468741666,0.3711223169944805,1.708695068358788,4.1909218549716005,0.5108024197186726,0.0,0.0,0.0,0.0,10.5,0.020915664326126147,-0.00189477845561,3740.9130328394044,3174.108027863737
11.106970045305555,0.23398766915,0.3710806718136264,1.6713435502490908,4.202490460873601,0.4795636732907385,0.0,0.0,0.0,0.0,10.525,0.021066741712236513,-0.00162157660816,3751.2394359765176,3182.869824464923
11.118982103138888,0.2360772093136111,0.3710327682032152,1.6303836706915154,4.2128478825118005,0.4484038729429248,0.0,0.0,0.0,0.0,10.55,0.021231908381880254,-0.00234388932586,3760.4847082420915,3190.7142979023797
11.131769816083333,0.2383041381836111,0.3709645912793092,1.5855181329890908,4.221329385043401,0.4173149126811434,0.0,0.0,0.0,0.0,10.575,0.021407569696537027,-0.00308432779275,3768.055492059232,3197.1379932623786
11.145243114888888,0.240616566605,0.3708831651282096,1.5365284312854546,4.2278958320606,0.3862896851921952,0.0,0.0,0.0,0.0,10.6,0.021589171642524444,-0.00339610734954,3773.9168533721263,3202.111269527864
11.15964889525,0.2404190103213889,0.3687888885371633,1.405394416578182,3.9810581147652,0.3557713238388821,0.0,0.0,0.0,0.0,10.625,0.021543599854984778,-0.18373093009,3553.583841786314,3015.1620475762656
11.175112194472222,0.2376659545633333,0.3639979948931153,1.3807871130739395,3.9840882658962,0.3251259629908097,0.0,0.0,0.0,0.0,10.65,0.021267433420569592,-0.197500348091,3556.288624230297,3017.457014498433
11.190977096555557,0.235652393765,0.3586355203022975,1.2720440673824243,3.8670666038998,0.2946438289507062,0.0,0.0,0.0,0.0,10.675,0.02105735645170169,-0.278229922056,3451.832402989248,2928.8274934454216
11.206696828194444,0.2314184274938889,0.3506556577018489,1.1784897682878788,3.7470667779398,0.2641315179653773,0.0,0.0,0.0,0.0,10.7,0.02065001231332263,-0.357505053282,3344.717804242986,2837.9423793576843
11.222443050805555,0.2280671563413888,0.3418241494738394,1.1242886260060605,3.751255249978601,0.2333044712743254,0.0,0.0,0.0,0.0,10.725,0.020322416011281784,-0.345637649298,3348.456530513686,2841.114631951006
11.23788197836111,0.2271112965213889,0.3335172839796484,1.0519856955787878,3.7555611312408,0.2025677057443636,0.0,0.0,0.0,0.0,10.75,0.020209439550860096,-0.316263318062,3352.300058951829,2844.3758075954906
11.252792146472224,0.2283082405725,0.3261105336464393,0.9735083377721212,3.7536247551404,0.171885168831787,0.0,0.0,0.0,0.0,10.775,0.020289030278060824,-0.273973822594,3350.571605203193,2842.9092407784665
11.267164018416668,0.2310463454988889,0.3198276705811448,0.8933793316460605,3.7340842962262,0.1412440815249262,0.0,0.0,0.0,0.0,10.8,0.020506166868719904,-0.229635983706,3333.1293431068298,2828.1097456664
11.281028323694445,0.2345145245394444,0.3145026799816132,0.8098993289830303,3.6803923547244,0.1105718061049935,0.0,0.0,0.0,0.0,10.825,0.020788399586487594,-0.206509619951,3285.202683848255,2787.4447014470043
11.294596989944443,0.2362437877388889,0.3085335040037926,0.7204464721684848,3.4505743026720004,0.0798080302955984,0.0,0.0,0.0,0.0,10.85,0.020916530970446868,-0.302154690027,3080.061816073614,2613.3857833351867
11.307711071444446,0.2282729248205555,0.2978916121562302,0.6086400997278788,2.6778787553266,0.0491343733608198,0.0,0.0,0.0,0.0,10.875,0.020187368016239552,-0.636120557785,2390.3360365169406,2028.1639097719492
11.31971147325,0.1990753743383333,0.2723437746603502,0.4660945915454546,1.4763927280914002,0.022727934810847,0.0,0.0,0.0,0.0,10.9,0.017586612062398865,-1.4083698988,1317.8620335176518,1118.1859678331587
11.328947279194445,0.1527482105625,0.2295540829913467,0.34689271869090904,0.58932806924012,-0.0049218416834186,0.0,0.0,0.0,0.0,10.925,0.013483001270826047,-1.97208535671,526.047760165976,446.343554080222
11.334295272833335,0.0986917234130555,0.1769261416241905,0.2340369438400606,-0.23942458033578,-0.0356153458327426,0.0,0.0,0.0,0.0,10.95,0.008707354188098952,-2.19735980034,-213.71587539808561,-181.3346821559514
11.33570459152778,0.0473322926297222,0.1209514223580407,0.1443324441620606,-0.4193187750878,-0.0659622620300865,0.0,0.0,0.0,0.0,10.975,0.004175505126086119,-2.22729229927,-374.2935623529625,-317.58241654190755
11.333796183277778,0.0094818903340277,0.0666674442001061,0.0710907433249697,-0.48069521635772,-0.0961802957948541,0.0,0.0,0.0,0.0,11.0,0.0008366032157890367,-2.10950255394,-429.0795824701288,-364.06752452010926
11.329240798944443,-0.0155716658466388,0.0155621787089817,0.01822851614520606,-0.5943316519257601,-0.1263778128162421,0.0,0.0,0.0,0.0,11.025,-0.0013744668440704012,-1.97633469105,-530.5140729075023,-450.13315277000186
11.322530110666666,-0.0303251151408333,-0.0318800085713631,-0.015266867578003033,-0.7780722036957801,-0.1566102006031033,0.0,0.0,0.0,0.0,11.05,-0.002678298476085728,-1.81089544296,-694.5251064136924,-589.2940296843449
11.314702563805556,-0.0345938135352777,-0.0718394361951245,-0.03404850042231515,-0.7049379363657401,-0.1875123151469979,0.0,0.0,0.0,0.0,11.075,-0.0030574213807386653,-1.32675778866,-629.2437809035173,-533.9038140999539
11.306509441805556,-0.0321651063858333,-0.1017751977708679,-0.034674895893515155,-1.0743712604002,-0.2177351238768209,0.0,0.0,0.0,0.0,11.1,-0.0028448308075438,-1.06148946285,-959.008444734277,-813.704134926053
11.297240787083334,-0.0316540876197222,-0.1248000230283511,-0.029836807828969695,-1.4458813697146,-0.2482029351045469,0.0,0.0,0.0,0.0,11.125,-0.0028019308622609694,-0.783514380455,-1290.6268947698359,-1095.0773652592543
11.28798272875,-0.0304777051011111,-0.1383160149689647,-0.03307328657672728,-1.429602813723,-0.2794225067728506,0.0,0.0,0.0,0.0,11.15,-0.002700013442037408,-0.298417747021,-1276.0962820855304,-1082.7483605574196
11.279158062416665,-0.0292721142372222,-0.143577539110916,-0.0199134872898788,-1.644755080339,-0.3100512727982662,0.0,0.0,0.0,0.0,11.175,-0.0025952392966953754,-0.134095817804,-1468.1461331878454,-1245.6997493715048
11.269800398083332,-0.0313374213874999,-0.1455447496290008,-0.007610133777939395,-1.7719469517512,-0.34088941322005,0.0,0.0,0.0,0.0,11.2,-0.0027806545174331116,-0.0320401787758,-1581.6805167680795,-1342.0319536214006
11.259969075527778,-0.0355851567452777,-0.1454938666075151,0.006364928736787881,-1.8414422631304,-0.3718406048299851,0.0,0.0,0.0,0.0,11.225,-0.0031603245538762504,0.0306630879641,-1643.7136266795128,-1394.666107485647
11.24975098502778,-0.0412772347530555,-0.1442297971960245,0.022127609253090916,-1.8707506150004,-0.4028830929314672,0.0,0.0,0.0,0.0,11.25,-0.003669168749423085,0.0667721703649,-1669.8749342093738,-1416.8635805412864
11.239233016972223,-0.0478538994988888,-0.1422768013001496,0.039123431119030314,-1.8742376983148,-0.4339995503311423,0.0,0.0,0.0,0.0,11.275,-0.004257754904327122,0.0875726491213,-1672.9875848072274,-1419.5046174121926
11.228488286333334,-0.0549413098230555,-0.1399354832278583,0.05683397004072726,-1.860132965446,-0.465211981399327,0.0,0.0,0.0,0.0,11.3,-0.004893028199524141,0.0981330350041,-1660.3973765333558,-1408.8220164525442
11.21756341722222,-0.0622443937591666,-0.1374446619498719,0.07486077973327272,-1.8341468274626,-0.4964975661733454,0.0,0.0,0.0,0.0,11.325,-0.005548833685540246,0.0997575744987,-1637.2015533662063,-1389.140711947084
11.206479602388889,-0.0694536252155555,-0.1350879974116197,0.09470553311418181,-1.780321413283,-0.5278570203786895,0.0,0.0,0.0,0.0,11.35,-0.006197630984912518,0.0749962478876,-1589.1557533321206,-1348.3745785848296
11.195218828000002,-0.0760230008099999,-0.1333295204662629,0.11223253423527274,-1.7494492113602,-0.5592704035954942,0.0,0.0,0.0,0.0,11.375,-0.006790666799639611,0.0655777528882,-1561.5985173534903,-1324.9926813908398
11.183786392222224,-0.0823290066586111,-0.1318448747375042,0.13459631948745457,-1.7192532807618002,-0.5907325226611473,0.0,0.0,0.0,0.0,11.4,-0.007361460937403713,0.0524878278375,-1534.6449366800005,-1302.1229765769697
11.172257529361111,-0.0879603541558333,-0.131006486659216,0.1633531581990909,-1.6381861507858,-0.6222421292166839,0.0,0.0,0.0,0.0,11.425,-0.00787310477982361,-0.00836279708892,-1462.2825559063413,-1240.724592890229
11.160700056277776,-0.0921159651544444,-0.1313301273107192,0.194494254372,-1.6215749353132,-0.6537638032212695,0.0,0.0,0.0,0.0,11.45,-0.008253601000828809,-0.017004262656,-1447.4550037344877,-1228.1436395322924
11.149211459694444,-0.0958108074136111,-0.1318494021114609,0.23196164564652727,-1.6074677199084,-0.6852978276364092,0.0,0.0,0.0,0.0,11.475,-0.008593505268061075,-0.0242347773165,-1434.8625794920063,-1217.4591583568535
11.1379061805,-0.0990402201811111,-0.1325359567180008,0.2742361403955394,-1.5945426285236002,-0.716817171375116,0.0,0.0,0.0,0.0,11.5,-0.008892175834135551,-0.0303810555488,-1423.3253462804926,-1207.669990783448
11.127143436,-0.1022810820075,-0.1333330325099372,0.31742236599814544,-1.584392863515,-0.7410083280323622,0.0,0.0,0.0,0.0,11.525,-0.009192034109723683,-0.0312574505806,-1414.2654330883895,-1199.9827917113605
11.116827858805555,-0.1046487192313889,-0.134166152522714,0.3527955777718182,-1.5786678492998,-0.7408684454961943,0.0,0.0,0.0,0.0,11.55,-0.009413541395128957,-0.0351556167006,-1409.1551540061332,-1195.646797338537
11.107454299916666,-0.1067273235983333,-0.1350928826477118,0.3947832789566667,-1.5766215115742,-0.7408641844380138,0.0,0.0,0.0,0.0,11.575,-0.00960862144615207,-0.0390163064003,-1407.3285459871342,-1194.0969481102954
11.099083158694445,-0.1085356705719444,-0.1361225605938252,0.43913366144375754,-1.5760918557664,-0.7408706426039232,0.0,0.0,0.0,0.0,11.6,-0.009778796051899404,-0.0432814694941,-1406.8557630570572,-1193.695798957503
11.091735627916668,-0.1100709040958333,-0.1372579993244414,0.4843493282430303,-1.5764919817402,-0.7408792645871513,0.0,0.0,0.0,0.0,11.625,-0.009923686228041448,-0.0474130436778,-1407.2129246844902,-1193.9988451868398
11.08541700575,-0.1113191081416666,-0.1384913508372499,0.5297310106684848,-1.577456665036,-0.7408873206499874,0.0,0.0,0.0,0.0,11.65,-0.01004194141581913,-0.0510465465486,-1408.0740231345935,-1194.7294741748065
11.080128351861111,-0.1122651663091666,-0.1398059204408069,0.5747215132278788,-1.5789285153152002,-0.7408961423713131,0.0,0.0,0.0,0.0,11.675,-0.010132117854962357,-0.0538604445755,-1409.387830473978,-1195.8442197961024
11.075858010194445,-0.1128963960541666,-0.1411812101172831,0.6186797078454546,-1.5805862635388002,-0.7409049308031012,0.0,0.0,0.0,0.0,11.7,-0.010193015832295291,-0.0559766888618,-1410.8675745850437,-1197.0997602539765
11.072581609083334,-0.1131964309347222,-0.1426021563615245,0.6610034087212121,-1.5821937769624002,-0.7409133197595669,0.0,0.0,0.0,0.0,11.725,-0.010223129070628128,-0.0575891025364,-1412.3024779607,-1198.3172540272603
11.070257822666669,-0.1131493184302777,-0.1440573908049439,0.7010635653406061,-1.5840518802374,-0.7409209097688781,0.0,0.0,0.0,0.0,11.75,-0.010221019261051106,-0.0585644170642,-1413.9610635889578,-1199.724538802752
11.068830490111113,-0.1127608782713888,-0.1455249090789697,0.7383108243072727,-1.5867233782988002,-0.7409275343816023,0.0,0.0,0.0,0.0,11.775,-0.01018724411509683,-0.0585785396397,-1416.345704071634,-1201.7478701213863
11.068230734944445,-0.1120494885577777,-0.1469806595097838,0.7723154518818182,-1.5903091788262,-0.7409329938622596,0.0,0.0,0.0,0.0,11.8,-0.010123523012943416,-0.0576396286488,-1419.5464719194524,-1204.4636731437777
11.068379084277778,-0.1110398107105555,-0.1484026710185267,0.8027114405775757,-1.594397035245,-0.7409379207103172,0.0,0.0,0.0,0.0,11.825,-0.010032165492803138,-0.0561093278229,-1423.1953863785288,-1207.5597217757213
11.069187588166669,-0.1097285168038888,-0.1497939230167965,0.8293286502721212,-1.5976269572984003,-0.7409411165032979,0.0,0.0,0.0,0.0,11.85,-0.009912969306003293,-0.0550688281655,-1426.0784889327524,-1210.005990609608
11.070566177361112,-0.1081211451027777,-0.1511507203683754,0.8519617993909091,-1.6016194552190002,-0.7409434467700493,0.0,0.0,0.0,0.0,11.875,-0.00976654159964116,-0.0533147081733,-1429.6422842077798,-1213.0298169035707
11.07242160372222,-0.1062482264305555,-0.1524535554184327,0.8707718542848485,-1.606316554549,-0.7409447783506762,0.0,0.0,0.0,0.0,11.9,-0.009595753325978664,-0.0508358590305,-1433.8350228720171,-1216.5872921338325
11.074664857638888,-0.1041315992672222,-0.153692324799584,0.8858251028351515,-1.6110508918798,-0.7409459101940783,0.0,0.0,0.0,0.0,11.925,-0.009402686275909842,-0.0481414459646,-1438.0610010304117,-1220.1729705712582
11.077209048805557,-0.1017877542311111,-0.1548624512034789,0.8972459827775758,-1.615725356336,-0.7409463096685279,0.0,0.0,0.0,0.0,11.95,-0.009188935027102947,-0.0452989004552,-1442.2335352868067,-1223.7133026675933
11.07996940613889,-0.0992471890316666,-0.1559503192192333,0.9051121752187878,-1.6212841868356,-0.7409461432208405,0.0,0.0,0.0,0.0,11.975,-0.008957352262784987,-0.0415773242712,-1447.195474970466,-1227.923433308274
11.082865397138889,-0.0965467260944444,-0.1569412648161431,0.9095133833454546,-1.6268942743536,-0.740945410851016,0.0,0.0,0.0,0.0,12.0,-0.00871135059705485,-0.0376241616905,-1452.2031678451397,-1232.1723848383
11.085816489333332,-0.0937182621822222,-0.1578274316687715,0.9108376427848486,-1.6328187674316,-0.7409434467691768,0.0,0.0,0.0,0.0,12.025,-0.008453889009654547,-0.0332618132234,-1457.4915063385347,-1236.659459923605
11.088758044777778,-0.0907920466527777,-0.1586041093113165,0.9094737844757574,-1.6386906892034,-0.7409423149266475,0.0,0.0,0.0,0.0,12.05,-0.008187756129780104,-0.0287845600396,-1462.7329184774615,-1241.1067187081487
11.09163072375,-0.0878055310911111,-0.1592631418125041,0.9058160400399999,-1.64496186078,-0.7409402842657334,0.0,0.0,0.0,0.0,12.075,-0.007916377066457607,-0.0238793659955,-1468.3307101552625,-1245.8563601317376
11.094383663611112,-0.0847971191008333,-0.1597984871259054,0.9002731970587879,-1.6511322706970002,-0.7409378874216522,0.0,0.0,0.0,0.0,12.1,-0.007643247400841435,-0.0189566910267,-1473.8385596631422,-1250.5296869869082
11.096979777027778,-0.0817992538213888,-0.1602097790667824,0.8932560961181817,-1.6573346614832,-0.7409358234712007,0.0,0.0,0.0,0.0,12.125,-0.007371307821135632,-0.0139322895557,-1479.3749560288568,-1255.2272354184236
11.09938727486111,-0.0788471599419444,-0.1604955196069956,0.8851356645060605,-1.6633248686768,-0.7409330937317447,0.0,0.0,0.0,0.0,12.15,-0.007103739872247231,-0.00901354383677,-1484.7219524500292,-1259.764080866691
11.101584964333334,-0.0759649773438888,-0.1606627494785747,0.8762579715618182,-1.6688902705860005,-0.7409306968859181,0.0,0.0,0.0,0.0,12.175,-0.0068427145842639234,-0.00438319053501,-1489.689757924717,-1263.9791885421837
11.103559070166666,-0.0731789237922222,-0.1607159794109697,0.8669345555163638,-1.6742221683264,-0.7409277008301622,0.0,0.0,0.0,0.0,12.2,-0.006590582652803753,9.15963100852e-05,-1494.449132219221,-1268.017445519339
11.105303234527778,-0.0705140663516666,-0.1606601029623516,0.8574283114345456,-1.6792287081444,-0.7409251375375211,0.0,0.0,0.0,0.0,12.225,-0.006349584956170268,0.00432873703539,-1498.9180845649603,-1271.8092838732996
11.106815338138889,-0.0679919165041666,-0.1605019278383369,0.8479947916666667,-1.6838587790710002,-0.7409220749018176,0.0,0.0,0.0,0.0,12.25,-0.00612163923088683,0.00827187858522,-1503.0509921379667,-1275.3159933291836
11.108099619555556,-0.0656308233738888,-0.1602494268774817,0.8388158809775758,-1.6880596637702,-0.7409195448987138,0.0,0.0,0.0,0.0,12.275,-0.0059083754757066845,0.0118687236682,-1506.8007982342194,-1278.4976469866103
11.109166675138887,-0.063445828855,-0.1599114384456186,0.8300759425309091,-1.6918179273632,-0.7409172146328349,0.0,0.0,0.0,0.0,12.3,-0.005711124039302146,0.0151062337682,-1510.1555105725615,-1281.3440695767185
11.110026041666666,-0.0614487917886111,-0.1594974999883438,0.821898230350909,-1.6950773477596002,-0.7409148510782914,0.0,0.0,0.0,0.0,12.325,-0.005530931390993651,0.0179312862456,-1513.064944024758,-1283.8126797785822
11.110695732972223,-0.0596477422449999,-0.1590180144788792,0.8143827866066666,-1.6978680074216,-0.7409129535746545,0.0,0.0,0.0,0.0,12.35,-0.005368497498134937,0.0203622058034,-1515.5559508869856,-1285.9262613586543
11.111190583972224,-0.0580493236580555,-0.1584824028493526,0.8075985070430304,-1.7002229094466002,-0.7409109894936879,0.0,0.0,0.0,0.0,12.375,-0.005224401761390993,0.0224204938859,-1517.6579904814325,-1287.7098101054576
11.111529668166666,-0.0566577869986111,-0.1578999695189469,0.8015904282072727,-1.7021496474724,-0.7409089588336466,0.0,0.0,0.0,0.0,12.4,-0.005099008749527038,0.0241111721843,-1519.3778410634784,-1289.1690772659815
11.111730999416666,-0.0554750694169444,-0.1572797359458634,0.7963774525036363,-1.7036637008146005,-0.7409070280422176,0.0,0.0,0.0,0.0,12.425,-0.004992477717455244,0.0254462007433,-1520.729319825492,-1290.315786518599
11.111815770472225,-0.0545009805097222,-0.1566303906931035,0.791957027550303,-1.7047866821286002,-0.7409055300139034,0.0,0.0,0.0,0.0,12.45,-0.004904777188130617,0.0264426730573,-1521.7317187197095,-1291.1663067924806
11.111801995166664,-0.0537334134180555,-0.1559602062047114,0.7883124889024242,-1.7055371373852002,-0.740904165143739,0.0,0.0,0.0,0.0,12.475,-0.004835706525496773,0.0271178744733,-1522.4015923053141,-1291.7346843802663
11.11170768738889,-0.0531685435108333,-0.1552769056481484,0.7854077888260605,-1.7059436887486,-0.7409033329053017,0.0,0.0,0.0,0.0,12.5,-0.00478491200512558,0.0274947527796,-1522.7644893829718,-1292.042597052218
11.111550860944444,-0.0528001081611111,-0.154588361993009,0.783194986979394,-1.7059603363320002,-0.740902001324675,0.0,0.0,0.0,0.0,12.525,-0.004751821669349158,0.0275410749018,-1522.7793493979905,-1292.05520554981
11.111347410416666,-0.0526200979947222,-0.1539019322220165,0.7816098854757576,-1.7056761592640002,-0.7409012689565955,0.0,0.0,0.0,0.0,12.55,-0.0047357081055166995,0.0273307617754,-1522.525686424997,-1291.8399763606033
11.11111217075,-0.0526201145516666,-0.1532236750266305,0.7805736749824242,-1.7051205098676,-0.7409006031658457,0.0,0.0,0.0,0.0,12.575,-0.004735809858007647,0.0268901139498,-1522.0297010211614,-1291.419140260379
11.110856797972222,-0.0527906873161111,-0.1525591164662341,0.7800148518878788,-1.7043145626794003,-0.7408999706655062,0.0,0.0,0.0,0.0,12.6,-0.004751270606398746,0.0262407753617,-1521.3102940638255,-1290.8087343571851
11.110594007694443,-0.0531215800180555,-0.1519130835199235,0.77987121582,-1.7032919049258002,-0.7408994380329063,0.0,0.0,0.0,0.0,12.625,-0.004781164713719816,0.0254121404141,-1520.3974462821282,-1290.034196845442
11.110331217444443,-0.0536019768980555,-0.1512897706668041,0.7800794751721213,-1.7020786762252005,-0.7408994047433689,0.0,0.0,0.0,0.0,12.65,-0.004824516555716583,0.0244271419942,-1519.3144904993799,-1289.1153252722008
11.110077963944445,-0.0542205903263888,-0.1506928064636696,0.7805831631745455,-1.7007007241266,-0.7408989719802541,0.0,0.0,0.0,0.0,12.675,-0.004880306916148651,0.0233076736331,-1518.084498831039,-1288.0716959778508
11.109840605,-0.0549658429291666,-0.1501252535458744,0.781330270478788,-1.6991856485562,-0.7408991051375314,0.0,0.0,0.0,0.0,12.7,-0.004947491587271661,0.0220770537853,-1516.7321076046737,-1286.9242125130563
11.109624438805556,-0.0558258965611111,-0.1495897084954227,0.7822679184424244,-1.697548928859,-0.7408992050061439,0.0,0.0,0.0,0.0,12.725,-0.0050250030384567336,0.0207498054951,-1515.2711340388944,-1285.6845985784555
11.109434763583334,-0.0567886523075,-0.149088385065074,0.7833560643048485,-1.6958120316312002,-0.7408989054003066,0.0,0.0,0.0,0.0,12.75,-0.005111749923916282,0.0193431619555,-1513.7207397101454,-1284.3691124813352
11.109273698583332,-0.0578420609236111,-0.1486229643749879,0.7845512436381817,-1.6940015345806003,-0.7408991717166065,0.0,0.0,0.0,0.0,12.775,-0.005206646491299174,0.0178813487291,-1512.1046484903884,-1282.9978835676022
11.10914442275,-0.0589743380744444,-0.1481945782689154,0.7858123779290909,-1.692139342432,-0.7408994047433689,0.0,0.0,0.0,0.0,12.8,-0.005308630064586529,0.0163823608309,-1510.4424130397115,-1281.5875019730884
11.109047995666666,-0.0601737490958333,-0.147804025695058,0.7871032714848485,-1.6902090996518,-0.7408997043492063,0.0,0.0,0.0,0.0,12.825,-0.005416643183043715,0.0148367565125,-1508.719434033451,-1280.1255803920187
11.10898441738889,-0.0614243704411111,-0.1474549684999214,0.7883829937557576,-1.6879537910186002,-0.7409000039541709,0.0,0.0,0.0,0.0,12.85,-0.005529251651929906,0.0130456956103,-1506.7062937862752,-1278.417461394415
11.10895474752778,-0.0627073935336111,-0.1471521670840503,0.7896266682945453,-1.6855978667752003,-0.7409003035600084,0.0,0.0,0.0,0.0,12.875,-0.0056447609121430785,0.0111834667623,-1504.603341736224,-1276.6331384428565
11.108956866805554,-0.064009949565,-0.1468953384864633,0.7908045173412122,-1.6832961201658,-0.7409006031658457,0.0,0.0,0.0,0.0,12.9,-0.005762012611307081,0.00937023293227,-1502.5487498857021,-1274.8898483878681
11.108989715583332,-0.0653208419680555,-0.146683117836996,0.7918941798351515,-1.681061840059,-0.7409009027716832,0.0,0.0,0.0,0.0,12.925,-0.0058799984193365065,0.00761586753651,-1500.5543801838123,-1273.1976559135376
11.109051174583334,-0.0666296606263888,-0.1465138905945639,0.7928766424006061,-1.6789091914924,-0.740901235667058,0.0,0.0,0.0,0.0,12.95,-0.005997781410786225,0.00593399023637,-1498.632876668216,-1271.5672892942437
11.10913700527778,-0.0679268356827777,-0.1463856926775022,0.7937354625351516,-1.6768523395036,-0.7409015352720226,0.0,0.0,0.0,0.0,12.975,-0.006114501572039907,0.00433469424024,-1496.7968833765742,-1270.0094768043657
11.109246148,-0.0692036499580555,-0.1462963769124758,0.7944610780660605,-1.6748962491744,-0.7409018348778601,0.0,0.0,0.0,0.0,13.0,-0.006229374075982127,0.0028238678351,-1495.050832254854,-1268.5279788829062
11.109375423861112,-0.0704521934191666,-0.146243596388575,0.795039598869697,-1.6730566918898002,-0.7409026671162974,0.0,0.0,0.0,0.0,13.025,-0.006341688054563975,0.00141374068335,-1493.4088012032726,-1267.1347404148978
11.109519534638888,-0.0716656280888888,-0.1462247545239705,0.7954614072854544,-1.6713371723846002,-0.7409029667212621,0.0,0.0,0.0,0.0,13.05,-0.006450830557112681,0.000108034619188,-1491.8739186285488,-1265.8324158060414
11.109675301444444,-0.0728378527694444,-0.1462372380914527,0.7957124467321213,-1.6697404652838002,-0.7409032996166369,0.0,0.0,0.0,0.0,13.075,-0.006556253967204088,-0.00109359470662,-1490.448661224638,-1264.6231064936321
11.109839545361112,-0.0739634368155555,-0.1462785670226606,0.7957996530242424,-1.668260145188,-0.740904098564664,0.0,0.0,0.0,0.0,13.1,-0.006657471200512411,-0.00219611800276,-1489.1272935325674,-1263.5019460276326
11.110009087444446,-0.0750377857022222,-0.1463460781563405,0.7957398940575758,-1.6669087707972,-0.7409043648809639,0.0,0.0,0.0,0.0,13.125,-0.006754070596307909,-0.00318901543505,-1487.9210257361892,-1262.4784460791907
11.110178629555556,-0.0760572403669444,-0.1464370417523382,0.7955416037818182,-1.6656898468756,-0.740904631196391,0.0,0.0,0.0,0.0,13.15,-0.006845726149228165,-0.00407191598788,-1486.8329862684661,-1261.555261076274
11.11034499275,-0.0770172973475,-0.1465499597825139,0.7952165453357575,-1.6644073992952002,-0.7409053302766784,0.0,0.0,0.0,0.0,13.175,-0.006932034729592758,-0.00499831745401,-1485.688244124978,-1260.5839647121022
11.110507117388888,-0.0779097692833333,-0.1466861638274945,0.7947865064218181,-1.6631802976166,-0.7409055300139034,0.0,0.0,0.0,0.0,13.2,-0.007012260418014394,-0.00587738025934,-1484.59290500367,-1259.65458606372
11.110661824555557,-0.0787323133813888,-0.1468426578310006,0.7942673746745454,-1.6621244907358002,-0.7409057297511282,0.0,0.0,0.0,0.0,13.225,-0.007086194740207405,-0.00662201782688,-1483.6504675502347,-1258.8549421638354
11.110806994972222,-0.0794841017988888,-0.1470160795523636,0.7936780340018181,-1.6612395405732,-0.7409063622514678,0.0,0.0,0.0,0.0,13.25,-0.007153764963684127,-0.00723397918046,-1482.8605407247662,-1258.1847012210135
11.110939449722222,-0.0801650020811111,-0.1472032831321238,0.7930361291139395,-1.6605118662104,-0.7409064621200803,0.0,0.0,0.0,0.0,13.275,-0.007214961655030463,-0.00772430468351,-1482.211001887808,-1257.6335773593519
11.11106024847222,-0.0807754943769444,-0.1474012891592067,0.7923586943654545,-1.6599334359202005,-0.7409070946212926,0.0,0.0,0.0,0.0,13.3,-0.007269827772561227,-0.00809949822724,-1481.6946817353266,-1257.195487533004
11.111167271944444,-0.0813166548808333,-0.1476073013142085,0.7916602117369698,-1.6594979703428003,-0.7409076938329674,0.0,0.0,0.0,0.0,13.325,-0.007318461948292041,-0.00836560036987,-1481.3059751666474,-1256.8656758989732
11.111260520083334,-0.0817902055052777,-0.1478186564362247,0.7909566798357576,-1.6591974377608,-0.7409077937007071,0.0,0.0,0.0,0.0,13.35,-0.007361019513262594,-0.00852812174708,-1481.0377128864848,-1256.6380594188354
11.111339992944444,-0.0821981744633333,-0.1480329576803015,0.7902616743612122,-1.6590125620348002,-0.7409078935693197,0.0,0.0,0.0,0.0,13.375,-0.007397683314121255,-0.00860387180001,-1480.872688570408,-1256.4980387870125
11.111404630861111,-0.0825428714355555,-0.1482481410963362,0.789585978190303,-1.6589356034972005,-0.7409079601483946,0.0,0.0,0.0,0.0,13.4,-0.007428662187883855,-0.00859890598804,-1480.8039936134849,-1256.439752156896
11.1114554935,-0.0828269869088888,-0.148462259248044,0.7889397453539394,-1.6589585304306,-0.7409085593591968,0.0,0.0,0.0,0.0,13.425,-0.007454197783300405,-0.00852020643651,-1480.8244587204292,-1256.457116490061
11.111493640472222,-0.0830535011158333,-0.1486735644356667,0.7883309844048484,-1.6590724348996002,-0.7409085926487343,0.0,0.0,0.0,0.0,13.45,-0.00747455776902228,-0.00837513525039,-1480.9261324636595,-1256.5433851206808
11.111520131416668,-0.0832256426413888,-0.1488805086971946,0.7877665201818181,-1.6592682629782,-0.7409086259382718,0.0,0.0,0.0,0.0,13.475,-0.00749003211595477,-0.00817130506039,-1481.1009331010328,-1256.6917008129972
11.111533906722222,-0.0833467973602777,-0.1490816938727514,0.7872514759412121,-1.659536814691,-0.7409086925173466,0.0,0.0,0.0,0.0,13.5,-0.007500926340138763,-0.00791613478214,-1481.34064852336,-1256.89509571679
11.11153814527778,-0.0834204753238888,-0.1492759381847161,0.78678931034,-1.6598690360826,-0.7409086925173466,0.0,0.0,0.0,0.0,13.525,-0.007507554240754789,-0.00761678256094,-1481.6371969622555,-1257.1467125740346
11.111531787444443,-0.0834502942033333,-0.1494622096582993,0.7863822983248485,-1.6602566033564,-0.7409087258068842,0.0,0.0,0.0,0.0,13.55,-0.007510242133998894,-0.0072800507769,-1481.983148405836,-1257.4402471322242
11.111518012166666,-0.0834398965041666,-0.1496396760554128,0.7860314571503031,-1.6606909006856,-0.7409092251499466,0.0,0.0,0.0,0.0,13.575,-0.007509315686011871,-0.00691242190078,-1482.3708121693596,-1257.7691739618806
11.111496819388888,-0.0833929247325,-0.1498076382964677,0.7857362134521213,-1.6611640423532,-0.740909258439484,0.0,0.0,0.0,0.0,13.6,-0.007505102695703823,-0.00651987129822,-1482.7931492808482,-1258.1275206019316
11.111469268805555,-0.083313021395,-0.149965530459501,0.7854949211351515,-1.6616688728304,-0.740909258439484,0.0,0.0,0.0,0.0,13.625,-0.0074979302358234275,-0.00610801344737,-1483.2437725510704,-1258.5098676190896
11.111437479666666,-0.0832037793266666,-0.150112936425905,0.785304029060606,-1.6621988207076002,-0.7409092251499465,0.0,0.0,0.0,0.0,13.65,-0.007488120189572686,-0.00568182999268,-1483.7168161889972,-1258.9112379785429
11.111401451972222,-0.0830686920219444,-0.1502495565898425,0.7851607629024242,-1.6627448320392002,-0.7409092251499465,0.0,0.0,0.0,0.0,13.675,-0.007475986929371551,-0.00524750957265,-1484.2041984349912,-1259.3247744296891
11.11136224536111,-0.0829110956855555,-0.1503752910827008,0.7850595925066667,-1.6633019417532002,-0.7409091918604089,0.0,0.0,0.0,0.0,13.7,-0.0074618299588036655,-0.00480938609689,-1484.7014873518322,-1259.7467165409482
11.111320919472222,-0.0827343347999999,-0.1504900067466791,0.7849979100084848,-1.6638685435022005,-0.7409091918604089,0.0,0.0,0.0,0.0,13.725,-0.007445949531977852,-0.00436783628538,-1485.2072490769642,-1260.1758477016665
11.111278533944445,-0.0825416131152777,-0.150593720226459,0.7849725526757577,-1.6644373357276,-0.7409091918604089,0.0,0.0,0.0,0.0,13.75,-0.007428633245320678,-0.00392796192318,-1485.7149660716038,-1260.6066378789362
11.11123508877778,-0.0823359770908333,-0.1506864814560847,0.7849804502545455,-1.6650024771688,-0.7409091585708715,0.0,0.0,0.0,0.0,13.775,-0.007410155255736754,-0.00349373882636,-1486.219424292478,-1261.0346630360418
11.111191643611113,-0.0821202827825,-0.1507685068178119,0.7850185324927274,-1.665559440853,-0.740909125281334,0.0,0.0,0.0,0.0,13.8,-0.007390771882664701,-0.00306849041954,-1486.716582859768,-1261.4564945476818
11.111148198444443,-0.0818972372347222,-0.1508400293377047,0.7850838031187879,-1.6661039918670002,-0.740909125281334,0.0,0.0,0.0,0.0,13.825,-0.007370726748671013,-0.00265506957658,-1487.202661592757,-1261.8689249877934
11.111106872555556,-0.0816693239741666,-0.1509013985561686,0.7851738577181818,-1.6666302889600002,-0.7409090919917964,0.0,0.0,0.0,0.0,13.85,-0.007350241961571794,-0.00225813500583,-1487.6724464569184,-1262.267530327082
11.111066606305556,-0.0814387864536111,-0.1509530971707119,0.7852844238278789,-1.667136433725,-0.740909058702259,0.0,0.0,0.0,0.0,13.875,-0.007329520138723173,-0.00187809194904,-1488.1242428905944,-1262.6508727556557
11.111028459333331,-0.0812076942788889,-0.1509955246559587,0.7854139478272727,-1.6676160007724,-0.7409090254127214,0.0,0.0,0.0,0.0,13.9,-0.007308746852382863,-0.00151972041931,-1488.5523154435605,-1263.0140858308996
11.110992431638888,-0.0809765524333333,-0.151030212329063,0.7855557898315151,-1.6679743617726,-0.7409090254127214,0.0,0.0,0.0,0.0,13.925,-0.007287967562892951,-0.00125656079035,-1488.8721966970177,-1263.2855002277722
11.11095958286111,-0.0807456175486111,-0.1510584751261444,0.7857091175424243,-1.6683192878940003,-0.7409084927801217,0.0,0.0,0.0,0.0,13.95,-0.007267204686187765,-0.00100531836506,-1489.1800856693167,-1263.5467393557838
11.110929913,-0.0805162721211111,-0.1510805960080099,0.7858708976975758,-1.6686503410374005,-0.7409084594905843,0.0,0.0,0.0,0.0,13.975,-0.007246582666938212,-0.000765918463003,-1489.4755913030567,-1263.797471408654
11.110902362388888,-0.0802898241413889,-0.1510968912248292,0.7860381340254546,-1.6689670830938002,-0.7409084262010467,0.0,0.0,0.0,0.0,14.0,-0.007226219934501005,-0.000538667081855,-1489.758322532089,-1264.0373645726813
11.110879050361111,-0.0800674574241666,-0.1511076603826144,0.7862081816703029,-1.6692683458346005,-0.7409084262010467,0.0,0.0,0.0,0.0,14.025,-0.007206221673483553,-0.00032396192546,-1490.027236568754,-1264.2655340583367
11.110857857611112,-0.0798502564430555,-0.1511132197313606,0.786378617719394,-1.6695532530516002,-0.740908392912382,0.0,0.0,0.0,0.0,14.05,-0.00718668688469962,-0.000122093741084,-1490.2815512895022,-1264.481316245638
11.11083984375,-0.0796391980516666,-0.1511139021664428,0.7865472966981818,-1.6698212206354002,-0.740908392912382,0.0,0.0,0.0,0.0,14.075,-0.007167702817394559,6.67723725201e-05,-1490.520745304878,-1264.6842687435324
11.110826068444444,-0.0794351266488889,-0.1511100405827122,0.7867127574569697,-1.670069181921,-0.7409078935693197,0.0,0.0,0.0,0.0,14.1,-0.007149344806547773,0.000240057372139,-1490.742081239319,-1264.8720689303311
11.110814412444446,-0.0792387459013889,-0.1511020011652557,0.7868723551430303,-1.6703002035636003,-0.7409078602797822,0.0,0.0,0.0,0.0,14.125,-0.007131677567455282,0.000401157769375,-1490.9482964596402,-1265.0470394203005
11.110805935333332,-0.0790507594744444,-0.1510901001640686,0.7870251464842425,-1.6705154538114002,-0.7409078935693195,0.0,0.0,0.0,0.0,14.15,-0.007114763765520923,0.000550473865587,-1491.140433770996,-1265.2100650178145
11.110799577499998,-0.0788717965286111,-0.1510746038954508,0.7871699662642424,-1.6707137644260002,-0.740907860279782,0.0,0.0,0.0,0.0,14.175,-0.007098660720001733,0.000687489984557,-1491.317450376979,-1265.3602609259212
11.110796398583334,-0.0787023703258333,-0.1510558452546027,0.7873058342212121,-1.6708952814372,-0.740907860279782,0.0,0.0,0.0,0.0,14.2,-0.007083413960845159,0.000812054146081,-1491.47947662714,-1265.4977377442399
11.110795338944444,-0.0785429113441666,-0.1510341072021565,0.7874320105345454,-1.671059566736,-0.7409078602797822,0.0,0.0,0.0,0.0,14.225,-0.007069062920173309,0.000924202380702,-1491.6261214553313,-1265.6221636590687
11.110796398583334,-0.0783937507205555,-0.1510097392781687,0.7875480143230303,-1.6712069124016,-0.7409078602797822,0.0,0.0,0.0,0.0,14.25,-0.007055637409623579,0.00102407776285,-1491.7576455781498,-1265.7337598844904
11.110799577499998,-0.0782551616430555,-0.1509830244436205,0.7876531797466666,-1.671337464454,-0.7409073609375925,0.0,0.0,0.0,0.0,14.275,-0.007043162024227911,0.00111194362398,-1491.8741793363984,-1265.8326370127015
11.110804875694445,-0.0781273345152777,-0.1509542623038258,0.7877479876890909,-1.6714516609924002,-0.7409073609375925,0.0,0.0,0.0,0.0,14.3,-0.007031653907106762,0.00118792604189,-1491.9761137874787,-1265.9191268499815
11.110811233527777,-0.0780103852352777,-0.150923735819766,0.787832031250303,-1.6715496480466,-0.7409073942271299,0.0,0.0,0.0,0.0,14.325,-0.007021124164172191,0.00125240208581,-1492.0635792809405,-1265.9933399959493
11.110819710638888,-0.0779043386380555,-0.1508917279524225,0.7879054953830302,-1.6716320097456,-0.7409073942271299,0.0,0.0,0.0,0.0,14.35,-0.007011574363272239,0.00130568642635,-1492.1370972237364,-1266.0557188565035
11.110828187722223,-0.0778091947238888,-0.1508585549521395,0.7879681026575758,-1.6716987460894,-0.7409073942271299,0.0,0.0,0.0,0.0,14.375,-0.0070030058434230975,0.00134759384673,-1492.196667615866,-1266.1062634316438
11.110838784111111,-0.0777248293161111,-0.1508244498453305,0.7880211477569697,-1.6717501491278002,-0.7409073942271299,0.0,0.0,0.0,0.0,14.4,-0.00699540609186593,0.0013787643984,-1492.242551147684,-1266.145194913186
11.1108493805,-0.0776511016819444,-0.1507896955931513,0.7880643717454545,-1.6717876791980002,-0.7409073942271299,0.0,0.0,0.0,0.0,14.425,-0.00698876377698228,0.00140025652945,-1492.2760513496905,-1266.1736193270099
11.1108610365,-0.0775878214175,-0.1507545085773338,0.7880978855939393,-1.671812212469,-0.7409073942271299,0.0,0.0,0.0,0.0,14.45,-0.0069830610933408555,0.00141256279312,-1492.2979503104434,-1266.1922002634064
11.111190583972224,-0.0780246489577777,-0.1507031927920354,0.7810485100024241,-1.6739578515268003,-0.7224656694678264,0.0,0.0,0.0,0.0,14.475,-0.007022168179738312,0.00222173589282,-1494.2131969776112,-1267.8172580416092
11.11173841688889,-0.0780788395138888,-0.1506618638608275,0.7711298162284849,-1.6777403563214002,-0.6909698281260056,0.0,0.0,0.0,0.0,14.5,-0.007026698846259344,0.000916731427424,-1497.5895475688567,-1270.6820403614538
11.112807591749998,-0.0782539529933333,-0.1506650263646199,0.7627347819018182,-1.6832099616528002,-0.6594987541817495,0.0,0.0,0.0,0.0,14.525,-0.00704178060739826,-0.00128282222431,-1502.4718428195897,-1274.8245939075305
11.114384333305557,-0.07855962548,-0.1507302738113214,0.7538031930636363,-1.6893567144874002,-0.6280356697203819,0.0,0.0,0.0,0.0,14.55,-0.007068284047420141,-0.00398023054004,-1507.9585754727696,-1279.4800034314408
11.11644109088889,-0.0789842257897222,-0.1508644638407676,0.7438510409266667,-1.6955328196254005,-0.5965877153428945,0.0,0.0,0.0,0.0,14.575,-0.007105171983006162,-0.0067255711183,-1513.471508665624,-1284.1576437162869
11.118955612194444,-0.0795028524266666,-0.1510635684217148,0.7327807802139393,-1.7014326334026,-0.5651787762771628,0.0,0.0,0.0,0.0,14.6,-0.007150208634655739,-0.00911902822554,-1518.7378178487145,-1288.6260272655757
11.121907764,-0.0800902230872222,-0.1513152870790499,0.7205151367193938,-1.7069730639416,-0.5338161262788378,0.0,0.0,0.0,0.0,14.625,-0.007201122755797582,-0.0109082153067,-1523.683333305248,-1292.8222221983922
11.12527741325,-0.0807243171666666,-0.1516027253844532,0.706972989169091,-1.7122138380970002,-0.5025102182557094,0.0,0.0,0.0,0.0,14.65,-0.007255937462784113,-0.0119684785604,-1528.3613685964208,-1296.7914642636295
11.12903806897222,-0.0813895215591666,-0.1519074243027394,0.6920153901066667,-1.717252942923,-0.471264963727996,0.0,0.0,0.0,0.0,14.675,-0.007313257538949457,-0.0122985588387,-1532.8593892156941,-1300.6079666072555
11.133162180583334,-0.0820788658327777,-0.1522120233524131,0.6755050196793938,-1.7220969498194,-0.4400966745542315,0.0,0.0,0.0,0.0,14.7,-0.00737246655545236,-0.0120173273608,-1537.18326094535,-1304.2767062566604
11.137612660722224,-0.0827858183119444,-0.1525039890315986,0.6573063151042424,-1.7267210334556002,-0.4090094120579895,0.0,0.0,0.0,0.0,14.725,-0.0074329949185516124,-0.0112674636766,-1541.3108241255318,-1307.7788810762086
11.142352422083333,-0.0835118608341666,-0.1527707878385946,0.6372940155963637,-1.7312753140928003,-0.37798170450068,0.0,0.0,0.0,0.0,14.75,-0.007494993666566511,-0.010024510324,-1545.3760795467704,-1311.2281887063502
11.146817737166666,-0.086918912,-0.1551245561890053,0.6403073120115153,-1.8945473045156,-0.3465186866183875,0.0,0.0,0.0,0.0,14.775,-0.007797643601024137,-0.127846807241,-1691.116405424171,-1434.886647026569
11.150302886972222,-0.0939207772413888,-0.1610584119928586,0.6223761448709091,-2.0533875346166,-0.3152480821257667,0.0,0.0,0.0,0.0,14.8,-0.008423159280374692,-0.247864723206,-1832.9008403258013,-1555.1885917915888
11.153647104888888,-0.1007295234336111,-0.1681461156284689,0.6109999223187879,-2.2109222441936,-0.2841003908391421,0.0,0.0,0.0,0.0,14.825,-0.009031083957233966,-0.360920488834,-1973.5199376449432,-1674.5017652744968
11.15635024177778,-0.1100539912780555,-0.1788072654594181,0.580499591249697,-2.3656385481330005,-0.2531437730389599,0.0,0.0,0.0,0.0,14.85,-0.009864694895103818,-0.467812538147,-2111.623261407244,-1791.6803430122068
11.159158282805556,-0.1179204384486111,-0.1904129220165153,0.5500591393672727,-2.3867161333526,-0.2225697432956343,0.0,0.0,0.0,0.0,14.875,-0.010567144533679325,-0.46155744791,-2130.437597722116,-1807.6440223096738
11.162555482638888,-0.1232550044855555,-0.2018794616950616,0.5211611845999999,-2.4197320759262,-0.1920224533551882,0.0,0.0,0.0,0.0,14.9,-0.01104182681799467,-0.455899327993,-2159.908385806256,-1832.6495394719743
11.16650475397222,-0.1263337416780555,-0.2132022406085044,0.49130935206606063,-2.4616924405052,-0.1615194800789288,0.0,0.0,0.0,0.0,14.925,-0.011313633447665462,-0.449893057346,-2197.363170254232,-1864.4293565793482
11.17099550036111,-0.1272831277713889,-0.2243511483941843,0.4592678740527273,-2.498819458480801,-0.1310512111208042,0.0,0.0,0.0,0.0,14.95,-0.011394072065222333,-0.439331829548,-2230.503598594748,-1892.5485078985737
11.176029841111111,-0.125849056575,-0.2350776455397493,0.4295158802381819,-2.5146326124626,-0.1006040810038872,0.0,0.0,0.0,0.0,14.975,-0.01126062281187397,-0.41416913271,-2244.6187827637473,-1904.5250277995426
11.181767781583334,-0.1206889251866666,-0.2442794829626893,0.398232569839394,-2.397049459819,-0.0700451688614105,0.0,0.0,0.0,0.0,15.0,-0.010793367161983496,-0.294395595789,-2139.6613620843373,-1815.4702466170131
11.188329060861111,-0.1072557187741666,-0.2476887119872355,0.3764845137169697,-2.0668031454112,-0.0396551323409644,0.0,0.0,0.0,0.0,15.025,-0.009586392944891779,0.130646720529,-1844.8759224203254,-1565.3492675081548
11.195284525555556,-0.0819337368011111,-0.2361074899332012,0.32301708799393936,-1.2143059030172,-0.0116363900595552,0.0,0.0,0.0,0.0,15.05,-0.007318593521592093,0.846124887466,-1083.91731834896,-919.6874216294203
11.201251347861112,-0.0337858849930555,-0.2037969876146612,0.27215100375090906,0.053289406001608,0.0147890817698889,0.0,0.0,0.0,0.0,15.075,-0.003016259875242148,1.71873342991,47.567346832582885,40.36017307007032
11.20467397902778,0.0260729694531944,-0.1541222755126967,0.2243211919611515,0.52076615393152,0.0463099703502446,0.0,0.0,0.0,0.0,15.1,0.002326972610001521,2.17300868034,464.8478210093651,394.416332977643
11.20529704625,0.0747363434897222,-0.0982235728517317,0.1792751936479394,0.56874264627684,0.0766728821590068,0.0,0.0,0.0,0.0,15.125,0.006669733357468976,2.24042630196,507.67273917662203,430.75262718016404
11.203553941527778,0.1095724685325,-0.0429357535714877,0.13972613941545456,0.6407020911572401,0.1070122666038609,0.0,0.0,0.0,0.0,15.15,0.009780152718000668,2.17298173904,571.9053912051103,485.25305920433595
11.199809180361113,0.1311934159861111,0.0100849468411903,0.10871695547387879,0.7345738366247401,0.1373609845960469,0.0,0.0,0.0,0.0,15.175,0.011713897431052575,2.06221604347,655.6974656429032,556.3493647879178
11.19434250725,0.1416942146088889,0.0599561991906512,0.0979197585943697,1.0545225292462002,0.1676704750577916,0.0,0.0,0.0,0.0,15.2,0.01265766296833609,2.02251029015,941.2910117615672,798.671161494663
11.186184353305556,0.1502757933405555,0.1104710678755104,0.07927639527757575,1.4497805535836,0.1977677823209079,0.0,0.0,0.0,0.0,15.225,0.013434052988421246,1.9268103838,1294.1073957807707,1098.030517632169
11.176313824111112,0.1532089047961111,0.1551982258825826,0.07698069832539395,1.7801477819692,0.2283073407721629,0.0,0.0,0.0,0.0,15.25,0.013708357443004809,1.64010322094,1589.0007660364417,1348.243074212738
11.16503715513889,0.1543404493066666,0.1923793502309054,0.1058005882029091,2.4708851158656,0.2585040921350614,0.0,0.0,0.0,0.0,15.275,0.013823549994692933,1.53281021118,2205.5687632603594,1871.3916779178803
11.150776545194445,0.1621599495411111,0.2265847083105963,0.11051495407551516,2.8350085198876003,0.2891340482603514,0.0,0.0,0.0,0.0,15.3,0.014542480416845568,1.21097385883,2530.593670620981,2147.1703871935592
11.13532596163889,0.169924861855,0.2535606326515348,0.14027109897527273,3.1302045285672,0.3198990432980317,0.0,0.0,0.0,0.0,15.325,0.015259980932789019,0.959598958492,2794.0924029587554,2370.745069177125
11.118968327833334,0.1772650910747222,0.2751731669380656,0.1811949909092727,3.3354571819268,0.3507353028622565,0.0,0.0,0.0,0.0,15.35,0.015942584406053832,0.779291033745,2977.305632064169,2526.1987181150516
11.101946300916666,0.1835617423058333,0.2929498171478326,0.23279590317677576,3.478796619179,0.3816463806091892,0.0,0.0,0.0,0.0,15.375,0.016534194755623795,0.650445461273,3105.2537035130586,2634.7607181322915
11.08446757,0.1885606017377777,0.3079333273626466,0.29483698873818187,3.5874901115900006,0.4126249694875327,0.0,0.0,0.0,0.0,15.4,0.017011245740671845,0.554283320904,3202.2760094438613,2717.0826746796397
11.0667239295,0.192213356495,0.3208330804715338,0.3666025196418788,3.673997056485,0.4436691886432189,0.0,0.0,0.0,0.0,15.425,0.01736858692052728,0.479533225298,3279.494093862431,2782.6010493378194
11.048900816166666,0.1945673922697222,0.3320882317388756,0.4470770402383031,3.7381536066546,0.4748005098122194,0.0,0.0,0.0,0.0,15.45,0.017609660499896304,0.423050284386,3336.761702989229,2831.1917479908607
11.03118154738889,0.1955685350630555,0.3420464901350236,0.5348778325860606,3.7880204021898,0.5060222619439195,0.0,0.0,0.0,0.0,15.475,0.01772870242620085,0.375299841166,3381.273949167781,2868.959714445389
11.014014350055554,0.1964174045455555,0.349874452684998,0.6635866199842424,4.0005828022944,0.5373209461417764,0.0,0.0,0.0,0.0,15.5,0.01783340735746951,0.181515946984,3571.012025982461,3029.9495978032996
10.997491412694446,0.1997331447072222,0.3541282866038532,0.7445925810836364,4.0103368222722,0.5686800840960781,0.0,0.0,0.0,0.0,15.525,0.018161700447128285,0.157260686159,3579.718688077399,3037.3370686717317
10.98166571722222,0.2020671632555555,0.357783208883987,0.8510679487745454,4.0001800477548,0.6001028216668081,0.0,0.0,0.0,0.0,15.55,0.01840041105409533,0.135516658425,3570.652518036867,3029.644560758554
10.966901779166667,0.2039145761066666,0.3603882797734741,0.9706284401636365,4.0614001989344,0.6315644746780636,0.0,0.0,0.0,0.0,15.575,0.018593635669650475,0.0508903823793,3625.299030032428,3076.0112982093324
10.95332887438889,0.2079902092616666,0.3602134432482513,1.081521014589091,4.0980225324626005,0.6630429888291487,0.0,0.0,0.0,0.0,15.6,0.018988766944448277,-0.0117560978979,3657.988965452272,3103.7482131110182
10.940729777027778,0.2116214566761111,0.3598077106550733,1.1940025375830303,4.071773684027,0.6945224184412053,0.0,0.0,0.0,0.0,15.625,0.0193425357347233,-0.0207662861794,3634.558640906068,3083.8679377384815
10.929174423222223,0.2149025268025,0.3591949172888187,1.3051204796987879,4.048861068485801,0.7259894643540432,0.0,0.0,0.0,0.0,15.65,0.019663198561995388,-0.0280454028398,3614.106314410686,3066.5144485908845
10.91902520922222,0.2184541689025,0.3583780592043709,1.3955600253024243,4.033198910953801,0.738465541823009,0.0,0.0,0.0,0.0,15.675,0.020006746455534637,-0.0345201343298,3600.1259131382703,3054.6522899355014
10.91066360475,0.2215777006413888,0.3575856356212406,1.4812720096466667,4.0260825097514,0.7383561524813637,0.0,0.0,0.0,0.0,15.7,0.020308361495530305,-0.0282005444169,3593.773650097766,3049.2624909920432
10.904396904833332,0.2248542176352777,0.3570027362369609,1.5658046283139393,4.023554414511801,0.7383254262600789,0.0,0.0,0.0,0.0,15.725,0.020620509286085498,-0.0180870443583,3591.5170142650422,3047.347769679429
10.900054507777778,0.2282591329680555,0.3567010999550765,1.644887325402424,4.0222056686868,0.7382997933354118,0.0,0.0,0.0,0.0,15.75,0.020941100139011258,-0.00591860059649,3590.3130927868237,3046.3262605463956
10.897472169666663,0.2316986852222222,0.3567138831269998,1.7181716826466664,4.0203358829004,0.7382798862059566,0.0,0.0,0.0,0.0,15.775,0.02126169093298171,0.00687330076471,3588.6440790807674,3044.910127704893
10.89652273388889,0.2350478702122222,0.3570411856257069,1.7859767104642426,4.017174887657401,0.7382653386885465,0.0,0.0,0.0,0.0,15.8,0.021570906237932962,0.0191742461175,3585.822502179434,3042.5160624552773
10.897101296305555,0.2381747133202778,0.3576617354498328,1.8486016660751516,4.0128751397154,0.7382560176241585,0.0,0.0,0.0,0.0,15.825,0.021856703617229488,0.0301464181393,3581.984448483665,3039.2595320467453
10.899111429861112,0.2409745256105555,0.358532555837024,1.9062532182175758,4.0082625925510005,0.7382497259068092,0.0,0.0,0.0,0.0,15.85,0.022109557018596904,0.0391782410443,3577.8671830229837,3035.7660946861674
10.902455647777778,0.2433722714583333,0.3596040454113299,1.9588226873224244,4.0039187431292005,0.7382443662938917,0.0,0.0,0.0,0.0,15.875,0.022322702271936258,0.0462201088667,3573.9897633341798,3032.4761628290007
10.907021628472222,0.2453206976255555,0.3608280342477848,2.0060453287763638,4.000357037783401,0.7382407710273338,0.0,0.0,0.0,0.0,15.9,0.02249199698890835,0.0514027476311,3570.810503398462,3029.778608944149
10.912683275,0.2467973033586111,0.3621600808461311,2.0475967314751515,3.9979723453558,0.7382359440478885,0.0,0.0,0.0,0.0,15.925,0.022615638806635405,0.0548910014331,3568.6818722069397,3027.97249763013
10.919302834416666,0.2478002674049999,0.3635596385776337,2.083190511067879,3.9970140874398,0.738231216937056,0.0,0.0,0.0,0.0,15.95,0.02269378101905514,0.0568254888058,3567.8265091983135,3027.2467350773563
10.926728778416669,0.2483418087163889,0.3649909212165457,2.1125918856533334,3.997303813699,0.7382249252188341,0.0,0.0,0.0,0.0,15.975,0.02272791919269865,0.0575322322547,3568.0851255067305,3027.4661670966193
10.93480639988889,0.2484389808441666,0.366425100042601,2.1357446658975756,3.9989767491786,0.7382192660009517,0.0,0.0,0.0,0.0,16.0,0.022720016409864468,0.056961491704,3569.578426111062,3028.733210033628
10.943376753055556,0.2481274803480555,0.3678269880399824,2.152446584990303,4.0022017061698,0.7382117758602529,0.0,0.0,0.0,0.0,16.025,0.02267375837890024,0.054946038872,3572.457096736814,3031.175718443357
10.952276653722222,0.2474532193608333,0.369160699115203,2.162445142340606,4.0068186342674,0.7382049182207664,0.0,0.0,0.0,0.0,16.05,0.022593769969893363,0.0515400469303,3576.5782727190162,3034.6724738221947
10.961340798277778,0.2464671598541666,0.3703938092779484,2.1659528142751516,4.0125708103194,0.7381969287378779,0.0,0.0,0.0,0.0,16.075,0.022485128816804142,0.0469108112156,3581.712797080186,3039.0290399468245
10.970414479583331,0.2452252805233333,0.3714976895504135,2.1634218528030305,4.0191775620024,0.7381890724122668,0.0,0.0,0.0,0.0,16.1,0.022353328671374614,0.0413161106408,3587.6101352627984,3044.0328420411615
10.979355706111113,0.2437722682952777,0.3724598563621489,2.1554654578006063,4.025687056780201,0.7381801508223287,0.0,0.0,0.0,0.0,16.125,0.02220278446390019,0.0355570949614,3593.4206596997037,3048.962983987627
10.988038380944444,0.2421546975772222,0.3732712216772746,2.1428820430866664,4.032675242426601,0.7381713291018757,0.0,0.0,0.0,0.0,16.15,0.02203802800663393,0.0292803253978,3599.6584745922696,3054.2556754116217
10.996357599888889,0.2404277192222222,0.3739212660106709,2.126460515802424,4.0399397194338,0.7381626405387001,0.0,0.0,0.0,0.0,16.175,0.021864305251827348,0.0226943250746,3606.142913494597,3059.7576235711726
11.004226472638887,0.2386436694197222,0.3744054286965745,2.1070134943181817,4.0472240567192,0.7381526203948975,0.0,0.0,0.0,0.0,16.2,0.02168654652947122,0.0160408150405,3612.645080137057,3065.2746134496233
11.01158036125,0.2368507120344444,0.3747243755274808,2.0853316243490907,4.0543232262092,0.7381436655162946,0.0,0.0,0.0,0.0,16.225,0.021509238843493112,0.00951132271439,3618.9819617555895,3070.6513614895903
11.018372641666666,0.2350918286377777,0.3748834994014813,2.062172370679394,4.061046510936801,0.7381344776100566,0.0,0.0,0.0,0.0,16.25,0.021336347597172674,0.00328179891221,3624.9833200083413,3075.74342303738
11.024574703638889,0.2334043052461111,0.3748921546759922,2.0382441850139394,4.0672502160108,0.7381258889154934,0.0,0.0,0.0,0.0,16.275,0.021171275221081427,-0.00251132575795,3630.5208895375094,3080.4419668803107
11.030175950805557,0.2318196495375,0.3747626584676666,2.014170513730909,4.072804665567401,0.7381175998267675,0.0,0.0,0.0,0.0,16.3,0.021016858712989955,-0.00773557834327,3635.4789186909015,3084.6487794953096
11.035180621666663,0.2303624980980555,0.3745105569809122,1.990556122750909,4.0776365518532005,0.7381098766593063,0.0,0.0,0.0,0.0,16.325,0.020875281157225267,-0.0123246917501,3639.7919712853572,3088.308339272424
11.039604610861112,0.2290526363586111,0.374151862471916,1.9678884795218183,4.0817406177562,0.738102419808145,0.0,0.0,0.0,0.0,16.35,0.020748264492485707,-0.0162557382137,3643.455354702051,3091.416664595679
11.043478647861113,0.2279048495822222,0.3737033861440194,1.9465742261484846,4.0851037204278,0.7380951626950812,0.0,0.0,0.0,0.0,16.375,0.020637052585451645,-0.0195057448,3646.4573373326843,3093.963801373186
11.046838760388887,0.2269286413986111,0.373182338676759,1.9269339266690908,4.087725275758601,0.7380894036085864,0.0,0.0,0.0,0.0,16.4,0.020542405508109582,-0.0220655836165,3648.7973977878005,3095.9493072138907
11.0501384735,0.2266248067219444,0.3725784336091598,1.8974975585939393,4.0932230651354,0.7226121433280536,0.0,0.0,0.0,0.0,16.425,0.020508775276022732,-0.0253163184971,3653.7048507643044,3100.113206709106
11.053982840638888,0.2261855867175,0.3719774913095243,1.864825735381212,4.103522366286,0.6910700628509504,0.0,0.0,0.0,0.0,16.45,0.020461908615051472,-0.0224246028811,3662.898243348733,3107.9136610231667
11.058931350694444,0.2261909676922222,0.3714673960922434,1.8380854936078788,4.118622010942601,0.659634242501587,0.0,0.0,0.0,0.0,16.475,0.020453239152987288,-0.018221128732,3676.376532718437,3119.349785336855
11.06498930188889,0.2266744275888889,0.3710713174597009,1.8118711159448484,4.1353881657088,0.6282097072975777,0.0,0.0,0.0,0.0,16.5,0.020485734003393354,-0.0134233580902,3691.342387259741,3132.0480861597794
11.072138680361112,0.2276101377275,0.3707953806815585,1.785007361209697,4.1519463717956,0.5967979552663647,0.0,0.0,0.0,0.0,16.525,0.02055701651671117,-0.00872042961419,3706.1226220372205,3144.5888914255197
11.080365710777777,0.2289355794588888,0.3706290329822864,1.756871707801212,4.167277622223801,0.5654205913038146,0.0,0.0,0.0,0.0,16.55,0.02066137395051908,-0.00475756963715,3719.8076480341965,3156.2004286350752
11.089650260083332,0.2305788464016666,0.3705474403843721,1.726803570372121,4.181042540073,0.5340911975298782,0.0,0.0,0.0,0.0,16.575,0.020792255931787514,-0.00198836484924,3732.094529622539,3166.625661497911
11.099956300527776,0.2324719230333333,0.3705184452172914,1.694088652639394,4.1932755887484,0.5028183293495809,0.0,0.0,0.0,0.0,16.6,0.020943498941728252,-0.000551982899196,3743.014029628695,3175.8906918061653
11.111227671305556,0.2345588637722222,0.370509390470076,1.657980476147879,4.2041893899418,0.4715994734050243,0.0,0.0,0.0,0.0,16.625,0.0211100762859863,-0.000359778729035,3752.755939054607,3184.156554349363
11.123384899555557,0.23679698507,0.3704938109770036,1.61778116862,4.213550293444801,0.4404565175518348,0.0,0.0,0.0,0.0,16.65,0.021288212824448913,-0.0008320013294,3761.1116963617937,3191.246287822127
11.136334737138888,0.2391360037855555,0.3704656480492328,1.573334997928485,4.2211807250998,0.4093893785657325,0.0,0.0,0.0,0.0,16.675,0.02147349279903143,-0.0013299160637,3767.922794781707,3197.0254016329627
11.150081422583334,0.2404335472319444,0.3696227908525876,1.4879629794042426,4.100948709249,0.3788120614842888,0.0,0.0,0.0,0.0,16.7,0.02156338937085887,-0.0932387635112,3660.600938009968,3105.9644322508816
11.165009604555555,0.2385611832141667,0.3659628085662462,1.4154661236387878,3.9788615107584,0.3481917509944139,0.0,0.0,0.0,0.0,16.725,0.02136685875458887,-0.191046208143,3551.623102635982,3013.4983901153782
11.180801391611112,0.2365183995830555,0.3610636574265727,1.3708339251896968,3.9816898465204,0.3172265777892059,0.0,0.0,0.0,0.0,16.75,0.021153975578218735,-0.199247151613,3554.147740049767,3015.6405067088926
11.196659935833331,0.2330994606019444,0.3542001919542126,1.2120158432472727,3.7354964196704,0.2870622088009913,0.0,0.0,0.0,0.0,16.775,0.020818660380667847,-0.360193431377,3334.3898369025133,2829.179255553647
11.212537553583331,0.2285683817333333,0.3451606575556668,1.1743783106951515,3.7384880185128,0.2562458813331566,0.0,0.0,0.0,0.0,16.8,0.020385071679005152,-0.358889847994,3337.060206688885,2831.4450238572354
11.22832828097222,0.2264833781455555,0.3364159350899292,1.108816158410303,3.7417080104320006,0.2254564268254786,0.0,0.0,0.0,0.0,16.825,0.02017071219135616,-0.337658643723,3339.934445377417,2833.883771835384
11.243671841083334,0.2267013490199999,0.3284002529715782,1.0336304450757576,3.744102925063201,0.1947414742494659,0.0,0.0,0.0,0.0,16.85,0.02016257253183557,-0.301538437605,3342.0722011424805,2835.697625211801
11.258468627916669,0.2288483083247222,0.3214642496502644,0.9548691258284849,3.7355335116414,0.1640689741247624,0.0,0.0,0.0,0.0,16.875,0.020326770530520153,-0.252829551697,3334.422946047119,2829.2073481611915
11.272747251722222,0.2322663201225,0.3156962422034935,0.8739810088187878,3.7130192697066,0.1334316943059375,0.0,0.0,0.0,0.0,16.9,0.0206042338159418,-0.208346948028,3314.3262169758095,2812.15557804008
11.286537382333332,0.2360054519441666,0.3107358050680653,0.7903465502187879,3.6311523258724,0.1027415840290802,0.0,0.0,0.0,0.0,16.925,0.02091035044225192,-0.202487722039,3241.2499039959375,2750.1514336935224
11.30001068113889,0.2364957167041666,0.3045353668382498,0.6924465017606062,3.2827270030954003,0.0719295259414176,0.0,0.0,0.0,0.0,16.95,0.02092880470448644,-0.316634684801,2930.2374642384357,2486.262090868975
11.313007142805557,0.2238100932702777,0.2919058247105477,0.5744974957090909,2.3832892149724,0.0418220300066407,0.0,0.0,0.0,0.0,16.975,0.019783430739952153,-0.813775420189,2127.3786517253634,1805.048552979096
11.324397193055557,0.1892139348719444,0.2617441771409319,0.43446954900606066,1.2077084243294,0.0157088408627897,0.0,0.0,0.0,0.0,17.0,0.01670852157923035,-1.56952810287,1078.028257454686,914.6906426888243
11.332675086138888,0.1401790645386111,0.2162304711496455,0.31318641893818183,0.31445970162782,-0.0123837968568171,0.0,0.0,0.0,0.0,17.025,0.01236945941475597,-2.01543474197,280.69394678089833,238.1645609050046
11.336946487416666,0.0839533160130555,0.1631669697858879,0.2091785407789091,-0.32381874322882,-0.0434193919479178,0.0,0.0,0.0,0.0,17.05,0.007405284668692638,-2.23853158951,-289.048042111627,-245.25288421592592
11.33738835652778,0.0356356799602777,0.1072504073007142,0.12155150904793939,-0.43177689462922,-0.0736713955807374,0.0,0.0,0.0,0.0,17.075,0.0031432000774463706,-2.20007133484,-385.413965779689,-327.0179103585239
11.33470217386111,0.0011548947077249,0.0537607377439848,0.05386698289355758,-0.50279582440836,-0.1038833685733512,0.0,0.0,0.0,0.0,17.1,0.00010189016791179532,-2.07641506195,-448.80709244320013,-380.80601783059393
11.32950994702778,-0.0210755297707222,0.0034922260239659,0.006047609791612121,-0.6314569175241601,-0.1340877931687938,0.0,0.0,0.0,0.0,17.125,-0.0018602331318179584,-1.94005036354,-563.6529370359102,-478.250976878954
11.322964562305556,-0.0294070463213888,-0.0395201038319582,-0.02448064609009454,-0.47731944546132,-0.1649259543963859,0.0,0.0,0.0,0.0,17.15,-0.0025971154603173117,-1.49349057674,-426.0662918912931,-361.51079311988497
11.315631866444445,-0.0290910175277777,-0.0742238974771078,-0.035237514497413094,-0.79723305404162,-0.1951074841288709,0.0,0.0,0.0,0.0,17.175,-0.002570869914392025,-1.27208244801,-711.6285211896102,-603.806017979063
11.307092242777776,-0.028533788605,-0.1026961604878156,-0.034922008225460606,-1.1665030419798,-0.2255000527325042,0.0,0.0,0.0,0.0,17.2,-0.002523530187279183,-1.0020815134,-1041.247387472133,-883.4826317945369
11.298934088805558,-0.0243662070069166,-0.1195939342491262,-0.036461553284606055,-1.1940634712594,-0.2565660515534747,0.0,0.0,0.0,0.0,17.225,-0.002156504924748386,-0.484778791666,-1065.8484591815466,-904.3562683964635
11.290555530111112,-0.0227295772896944,-0.1288871763532575,-0.02787062442660606,-1.4721648275852,-0.2871702332724725,0.0,0.0,0.0,0.0,17.25,-0.0020131495947277554,-0.271175354719,-1314.0881124920352,-1114.9838530235447
11.2815560235,-0.0248523097899166,-0.1337702902713798,-0.018016054558000007,-1.6527849078188002,-0.3179354446925828,0.0,0.0,0.0,0.0,17.275,-0.002202915071125658,-0.129740133882,-1475.3137414874375,-1251.781356413583
11.272017161055556,-0.0295179213086111,-0.1358548796146966,-0.006125872062969713,-1.7537345021952002,-0.3488166284557952,0.0,0.0,0.0,0.0,17.3,-0.002618690238566575,-0.0444069094956,-1565.4236663037484,-1328.2382623183319
11.262034310222225,-0.0357236795955555,-0.1362636249077884,0.007872418490363632,-1.8048973262292,-0.3797969483892155,0.0,0.0,0.0,0.0,17.325,-0.003172044997512585,0.00754762953147,-1611.092777265245,-1366.987811012935
11.251697540277778,-0.0428589888744444,-0.135654293650291,0.02360173774521212,-1.8243646234296,-0.4108614408592692,0.0,0.0,0.0,0.0,17.35,-0.003809113133464687,0.0387538522482,-1628.4697335367496,-1381.7318951220905
11.241081025861112,-0.0505108965766666,-0.1344366963999723,0.0404206616950303,-1.8226592689718,-0.4419975557173045,0.0,0.0,0.0,0.0,17.375,-0.004493419846406388,0.0566634982824,-1626.9474950084345,-1380.4402987950352
11.230244106722225,-0.0583614615930555,-0.1329002355433763,0.057880679044181815,-1.8065112650424,-0.4732247506835843,0.0,0.0,0.0,0.0,17.4,-0.005196811488551826,0.0648051723838,-1612.5334160911261,-1368.210171228834
11.219225989444446,-0.0660056993366666,-0.1314049038807634,0.07615755485787878,-1.7626668035998003,-0.5045300095611681,0.0,0.0,0.0,0.0,17.425,-0.005883266760003563,0.0483576059341,-1573.3968435411334,-1335.0033823985373
11.208018196944444,-0.0730857253075,-0.1302399040618019,0.09380097822733334,-1.7355405986296002,-0.5359008487796064,0.0,0.0,0.0,0.0,17.45,-0.006520842848687094,0.0441268347204,-1549.183370416094,-1314.4586173227462
11.196597417194443,-0.0798250403669444,-0.1292348270664387,0.11179769111418182,-1.7079668074812002,-0.5673278141189795,0.0,0.0,0.0,0.0,17.475,-0.007129401673794069,0.0356601960957,-1524.570371595924,-1293.5748607480564
11.184986962222222,-0.0854169991280555,-0.1290905752815736,0.13325984839212124,-1.6336549431118002,-0.5988005858279021,0.0,0.0,0.0,0.0,17.5,-0.00763675446529845,-0.0176148805767,-1458.2378959415987,-1237.2927601928714
11.173200607305557,-0.0899221665330555,-0.1296138697909564,0.15840550509357576,-1.6169381469472002,-0.6303128056108225,0.0,0.0,0.0,0.0,17.525,-0.008048022200036418,-0.0242392756045,-1443.3161000209025,-1224.6318424419778
11.161337958444443,-0.0939092122847222,-0.1303022636432644,0.18897972569321214,-1.6024611800904,-0.6618388738317386,0.0,0.0,0.0,0.0,17.55,-0.00841379524877413,-0.0307681094855,-1430.3936271462671,-1213.6673200028931
11.149510277638887,-0.0973839064438888,-0.1311432566259848,0.22501900008230305,-1.5899005830260002,-0.693368304293323,0.0,0.0,0.0,0.0,17.575,-0.008734366265323685,-0.0362395830452,-1419.1817499305857,-1204.1542120623149
11.137843661833331,-0.1003548171786111,-0.1321014286967124,0.26627110387373937,-1.5790286928458002,-0.7248857172406007,0.0,0.0,0.0,0.0,17.6,-0.009010255505964996,-0.0400839410722,-1409.477251236948,-1195.9200919586222
11.126741833166667,-0.1033285674122222,-0.1330931982091077,0.30431780323854546,-1.5714917212722002,-0.740952135333225,0.0,0.0,0.0,0.0,17.625,-0.00928650713403089,-0.0392504744232,-1402.7495774306772,-1190.211762668453
11.116162406083332,-0.1054526120424999,-0.1341083203152084,0.3410909566012727,-1.5682003200066,-0.7408842247247465,0.0,0.0,0.0,0.0,17.65,-0.00948642239922573,-0.0418535582721,-1399.8115971206455,-1187.7189308902446
11.10653241475,-0.1072921107213888,-0.13518871483512,0.38360036214187876,-1.5683482497914,-0.7408825602487447,0.0,0.0,0.0,0.0,17.675,-0.009660270795131324,-0.0445537604392,-1399.943642641668,-1187.8309695141422
11.097910139305556,-0.1088792830705555,-0.1363400992428483,0.4285707462190303,-1.5699735790466005,-0.7408875869662873,0.0,0.0,0.0,0.0,17.7,-0.009810791554793445,-0.0475048646331,-1401.3944488374984,-1189.0619565893924
11.090326309194444,-0.1102141539255555,-0.1375661353850734,0.4747324533169697,-1.5721695989342002,-0.7408941782894739,0.0,0.0,0.0,0.0,17.725,-0.009937863941314547,-0.0504575408995,-1403.3546665896265,-1190.725171651804
11.083796819055555,-0.1112829811044444,-0.1388621544070861,0.5213645426430303,-1.5746382594082002,-0.7409013022452604,0.0,0.0,0.0,0.0,17.75,-0.010040149862105354,-0.0530331507325,-1405.5582495865,-1192.5948784370303
11.078328026666668,-0.1120712359747222,-0.1402145658652862,0.5678162730824242,-1.5773640811432,-0.7409089588336466,0.0,0.0,0.0,0.0,17.775,-0.010116259033398838,-0.0549201741815,-1407.991380627004,-1194.6593532592758
11.073913574222225,-0.1125698205497222,-0.1416040035850719,0.6133462616890909,-1.5802784293884,-0.740916082789433,0.0,0.0,0.0,0.0,17.8,-0.010165315070885275,-0.0560847148299,-1410.5927947573505,-1196.8666137335094
11.070529090027778,-0.1127612756358333,-0.1430208052849504,0.6572576164478787,-1.5825792998092003,-0.7409234730615193,0.0,0.0,0.0,0.0,17.825,-0.010185716935372811,-0.0571846216917,-1412.646604501819,-1198.6092401833614
11.0681353675,-0.1126232826047222,-0.1444615421451785,0.6988599557587879,-1.5849273383650002,-0.740930064384706,0.0,0.0,0.0,0.0,17.85,-0.01017545222074392,-0.0578228905797,-1414.7425176061356,-1200.3875906961148
11.066672007249998,-0.1121601627933333,-0.1459075720380275,0.7375526566939393,-1.5879704862854,-0.7409357568929984,0.0,0.0,0.0,0.0,17.875,-0.010134949578324443,-0.0576123632491,-1417.4589012826234,-1202.6924010882865
11.06606907313889,-0.1113889945877777,-0.147337356648276,0.7728753107242424,-1.5918284893,-0.740940350845681,0.0,0.0,0.0,0.0,17.9,-0.010065814143357974,-0.0565390475094,-1420.9026433177871,-1205.6143640272132
11.066241794166666,-0.1103301843008333,-0.1487329362832777,0.8044342780836363,-1.5958563268144002,-0.7409439128227017,0.0,0.0,0.0,0.0,17.925,-0.009969977735258912,-0.0551329962909,-1424.497983525313,-1208.6649557184473
11.067100101055557,-0.1089726471238888,-0.1501024835186387,0.8320612127127273,-1.5990176141268002,-0.7409463762467303,0.0,0.0,0.0,0.0,17.95,-0.009846540297714956,-0.0542190000415,-1427.3198211344964,-1211.059242174724
11.068548626361112,-0.1073251002363889,-0.1514392738724991,0.8555202229818183,-1.6030028104790002,-0.7409485400657944,0.0,0.0,0.0,0.0,17.975,-0.009696402288984931,-0.0525433272123,-1430.8770988619929,-1214.0775384283572
11.070490943055557,-0.10541509423,-0.1527250314020424,0.8750188099254546,-1.6074265390638,-0.7409493057242841,0.0,0.0,0.0,0.0,18.0,-0.009522169772978874,-0.0503267981112,-1434.8258205249824,-1217.4279689302878
11.07283592225,-0.1032589872677777,-0.1539523824798639,0.890612497040606,-1.61191861033,-0.7409499382246235,0.0,0.0,0.0,0.0,18.025,-0.00932543279723732,-0.0478556714952,-1438.83554643391,-1220.83016061059
11.075492435027778,-0.1008728312122222,-0.1551156512440978,0.9024387244018182,-1.6166035890592,-0.7409493723033589,0.0,0.0,0.0,0.0,18.05,-0.009107751353176667,-0.0450334437191,-1443.0174659716959,-1224.3784559759843
11.078373591111111,-0.0982908821769444,-0.1561976603054431,0.9105689216381818,-1.6219413280504005,-0.7409488396707592,0.0,0.0,0.0,0.0,18.075,-0.00887232059548971,-0.0415012799203,-1447.7820543007265,-1228.4211369824343
11.081392500138888,-0.0955433729622222,-0.1571878568883702,0.9150768118193939,-1.627487015721,-0.7409482737494946,0.0,0.0,0.0,0.0,18.1,-0.008621964519443267,-0.0376163944602,-1452.7322623935813,-1232.6213135460687
11.08447074888889,-0.0926651391719444,-0.1580751888739381,0.9164497514206061,-1.6332137823134003,-0.7409460766417657,0.0,0.0,0.0,0.0,18.125,-0.008359906509855977,-0.0334035865963,-1457.844105687945,-1236.9586351291655
11.087537341638887,-0.0896861486963888,-0.1588543965194123,0.9150275213066668,-1.6391921609658002,-0.7409446784811912,0.0,0.0,0.0,0.0,18.15,-0.008088915142551572,-0.0288414377719,-1463.1805436817676,-1241.4865219118028
11.090531879,-0.08664758669,-0.1595145775088578,0.9112251420448485,-1.6453784882976,-0.7409424480847976,0.0,0.0,0.0,0.0,18.175,-0.007812753043347526,-0.0239955242723,-1468.702601439415,-1246.1719042516247
11.09340455797222,-0.0835837341016666,-0.1600525526938007,0.9054796993369698,-1.651623374226,-0.7409398847912836,0.0,0.0,0.0,0.0,18.2,-0.007534543039954274,-0.0190017931163,-1474.2769299443557,-1250.9016375285441
11.09611299302778,-0.0805333256722222,-0.1604632787128896,0.8982060657848485,-1.6579817265242,-0.7409371883404923,0.0,0.0,0.0,0.0,18.225,-0.007257796105971987,-0.0138413757086,-1479.9525411351262,-1255.7173076298038
11.098626454666666,-0.0775277531808333,-0.160748569844783,0.889784249970303,-1.66385101974,-0.7409346250487239,0.0,0.0,0.0,0.0,18.25,-0.006985346655057033,-0.00899761449546,-1485.1916069646395,-1260.1625756063604
11.100923750138888,-0.0745933999616666,-0.1609136858323897,0.8805786872630303,-1.6695669799998,-0.740932161624695,0.0,0.0,0.0,0.0,18.275,-0.006719566915386959,-0.00423116749153,-1490.2938042785102,-1264.49171272116
11.102987925222225,-0.0717594640122222,-0.1609614729291579,0.8708962735260606,-1.6750319123286002,-0.7409290656994539,0.0,0.0,0.0,0.0,18.3,-0.00646307683080597,0.000369616027456,-1495.1719282998733,-1268.6307270423167
11.104813681722224,-0.0690512648886111,-0.1608973406811768,0.8610249652278787,-1.6801514804368,-0.7409262360913854,0.0,0.0,0.0,0.0,18.325,-0.006218138085672238,0.00471002515405,-1499.741772291537,-1272.5081704291829
11.10639890036111,-0.0664907404119444,-0.1607283963995515,0.8512238658557576,-1.6848812907948003,-0.7409235396405942,0.0,0.0,0.0,0.0,18.35,-0.005986705592735602,0.00875139422715,-1503.9637095701128,-1276.0904202413076
11.107748879333334,-0.0640953290794444,-0.1604636448976274,0.8416925788648485,-1.68907837868,-0.7409208431906757,0.0,0.0,0.0,0.0,18.375,-0.005770325722676157,0.0123701328412,-1507.7101265430495,-1279.2691982789509
11.108871036111111,-0.0618793567022222,-0.1601127567793253,0.832603741269697,-1.692847448586,-0.7409183797657743,0.0,0.0,0.0,0.0,18.4,-0.005570265106244706,0.0156372524798,-1511.0744848443885,-1282.1238053225113
11.10978020561111,-0.0598555306594444,-0.15968485337111,0.8240931100557575,-1.6961682021648,-0.7409158830522081,0.0,0.0,0.0,0.0,18.425,-0.005387643099294957,0.0185294169933,-1514.038665702842,-1284.6388678690778
11.110490163166666,-0.0580335698194444,-0.1591894388293893,0.8162648888781818,-1.6990330457688,-0.7409138856817041,0.0,0.0,0.0,0.0,18.45,-0.005223313190252977,0.0210354309529,-1516.5958908542816,-1286.8086346642385
11.111017862944443,-0.0564203825261111,-0.158636217047098,0.8091917280721213,-1.7014446079736,-0.7409117884425876,0.0,0.0,0.0,0.0,18.475,-0.005077877042595229,0.0231546070427,-1518.7485066256154,-1288.6350965308247
11.11138449775,-0.0550202238891666,-0.1580348419834752,0.802918830640606,-1.7034006983028,-0.7409096579139337,0.0,0.0,0.0,0.0,18.5,-0.004951698314490684,0.0248839724809,-1520.4945577473354,-1290.1165944522845
11.111608081388887,-0.0538345136575,-0.1573949842420925,0.7974662827,-1.7049290627222,-0.7409080933065445,0.0,0.0,0.0,0.0,18.525,-0.004844889530226393,0.0262442734092,-1521.858810905308,-1291.274142586322
11.111708747027777,-0.0528633801472222,-0.1567253157412697,0.7928359522963636,-1.7060759931782,-0.7409065286991554,0.0,0.0,0.0,0.0,18.55,-0.004757448323270928,0.0272729676217,-1522.8825873533278,-1292.142801390702
11.111705568111113,-0.0521052628755555,-0.1560338925431447,0.7890064031424241,-1.7068543404304,-0.7409049973813036,0.0,0.0,0.0,0.0,18.575,-0.004689222780082439,0.0279801115394,-1523.577357974349,-1292.732303735811
11.111619737416667,-0.0515559770994444,-0.1553289538025734,0.7859457859848484,-1.707254466414,-0.7409035326425267,0.0,0.0,0.0,0.0,18.6,-0.00463982554459073,0.0283617675304,-1523.9345196105296,-1293.0353499725702
11.111467149527778,-0.0512098189858333,-0.1546180562391552,0.7836033676618182,-1.7073298186042003,-0.7409027004049621,0.0,0.0,0.0,0.0,18.625,-0.004608736028887926,0.028462221846,-1524.0017807048969,-1293.0924199920335
11.111265818277776,-0.0510599588355555,-0.1539079243345756,0.7819149872751515,-1.7071044921924,-0.7409019014569352,0.0,0.0,0.0,0.0,18.65,-0.004595332311424235,0.0283049605787,-1523.800649178298,-1292.921762939162
11.111029518972224,-0.0510972779658333,-0.1532054490180331,0.7808008922230304,-1.7065130651030005,-0.7409011690879831,0.0,0.0,0.0,0.0,18.675,-0.0045987887871762065,0.0278451610357,-1523.2727277845638,-1292.4738296353871
11.110773086555556,-0.0513106170627777,-0.1525173547713879,0.7801884691642424,-1.7056586355018002,-0.7409005032972333,0.0,0.0,0.0,0.0,18.7,-0.004618096028337167,0.0271670743823,-1522.5100443126726,-1291.8267042652978
11.110507117388888,-0.0516893963019444,-0.1518486350215981,0.7799969667381818,-1.7045761048834005,-0.7408999040864311,0.0,0.0,0.0,0.0,18.725,-0.004652298563496359,0.0262976009399,-1521.543752637724,-1291.006820419887
11.110242207833334,-0.0522221749027777,-0.151203800497939,0.7801777787642424,-1.7032921969854,-0.7408998707968937,0.0,0.0,0.0,0.0,18.75,-0.004700363315748255,0.0252632815391,-1520.3977069812302,-1290.0344180446798
11.109984715777776,-0.0528971643911111,-0.150586596270498,0.7806668738163637,-1.7018383085774005,-0.7408999040864311,0.0,0.0,0.0,0.0,18.775,-0.004761227467396019,0.0240897331387,-1519.099932820319,-1288.9332763323916
11.109744177916667,-0.0537022617127777,-0.1500002181327797,0.7814092462715152,-1.7002426236852002,-0.7408994713224438,0.0,0.0,0.0,0.0,18.8,-0.004833798227282683,0.0228008013219,-1517.6755878632648,-1287.7247412173156
11.109524832833335,-0.0546252561938888,-0.1494472959561512,0.7823559015448485,-1.6985295295696,-0.7408996044805938,0.0,0.0,0.0,0.0,18.825,-0.004916975029611357,0.021416336298,-1516.146440738766,-1286.4272830510738
11.109331978694444,-0.0556536060241666,-0.1489300434935465,0.7834534986090909,-1.6967077881068002,-0.7408997709282812,0.0,0.0,0.0,0.0,18.85,-0.0050096266932070695,0.0199481844902,-1514.5203124986112,-1285.0475378776093
11.109169854055557,-0.0567746783297222,-0.148450308312638,0.7846648430103031,-1.6948121547714,-0.7408999706646335,0.0,0.0,0.0,0.0,18.875,-0.005110613941058415,0.0184221658856,-1512.8282266770939,-1283.6118286957158
11.109038458916666,-0.0579761879311111,-0.1480092555465397,0.7859488377424242,-1.692860007286,-0.7409002369809334,0.0,0.0,0.0,0.0,18.9,-0.005218830427630443,0.0168554093689,-1511.0856950282412,-1282.133316993659
11.108942031861112,-0.0592460027999999,-0.1476076674989463,0.7872642563327272,-1.6908755868718002,-0.7409005032972332,0.0,0.0,0.0,0.0,18.925,-0.00533318138037617,0.015267775394,-1509.3143558224513,-1280.6303625160192
11.108878453583335,-0.0605704304244444,-0.1472472752244109,0.7885737193715151,-1.6886655479666002,-0.7409008029030706,0.0,0.0,0.0,0.0,18.95,-0.005452434345872828,0.013513315469,-1507.3416243734653,-1278.956529771425
11.108849843333331,-0.0619294163252777,-0.1469338710984421,0.7898437130090908,-1.6861948430558005,-0.7409011025089081,0.0,0.0,0.0,0.0,18.975,-0.005574782016019681,0.0115633262321,-1505.1362164653826,-1277.085274576688
11.10885408188889,-0.0633076123066666,-0.1466686701880237,0.7910483620381819,-1.6837761253124002,-0.7409014021138727,0.0,0.0,0.0,0.0,19.0,-0.005698842728511392,0.00966162793338,-1502.9772134960688,-1275.2533932693916
11.108890109583331,-0.0646933540702777,-0.1464502077549026,0.7921645470824242,-1.681429693104,-0.7409017017197101,0.0,0.0,0.0,0.0,19.025,-0.005823565939721425,0.00782365724444,-1500.8827342543082,-1273.4762593672917
11.10895474752778,-0.0660756934019444,-0.146276786033714,0.7931691487630304,-1.6791720479744003,-0.74090196803601,0.0,0.0,0.0,0.0,19.05,-0.005947966744274395,0.00606291694567,-1498.8675083968214,-1271.766370760939
11.109045876388889,-0.0674447251691666,-0.1461463077849925,0.7940496086351515,-1.677012389899,-0.740902300931385,0.0,0.0,0.0,0.0,19.075,-0.006071153717396494,0.00438736518845,-1496.939748032796,-1270.130695300554
11.109160317305555,-0.0687912520436111,-0.1460565759010093,0.79479087136,-1.6749632775778005,-0.7409026005363497,0.0,0.0,0.0,0.0,19.1,-0.006192299874946436,0.00280688819475,-1495.1106633460859,-1268.578744657285
11.10929383172222,-0.0701071570316666,-0.1460050270891229,0.7953828568884848,-1.6730342030556002,-0.7409034327747869,0.0,0.0,0.0,0.0,19.125,-0.006310676276423435,0.00133064365946,-1493.3887271537287,-1267.1177078880119
11.109444300333331,-0.0713851633999999,-0.1459890647675039,0.7958108612987879,-1.67123305202,-0.7409037323806243,0.0,0.0,0.0,0.0,19.15,-0.00642562863363544,-3.59312653018e-05,-1491.7809784014592,-1265.753557431541
11.10960748461111,-0.0726190457741666,-0.1460058093928175,0.7960627145478787,-1.6695643514438,-0.7409039986969241,0.0,0.0,0.0,0.0,19.175,-0.006536598693946441,-0.00129045755602,-1490.2914579690973,-1264.489721913173
11.10977914597222,-0.0738030589288888,-0.1460527476069907,0.7961486076581819,-1.6680091172472002,-0.7409047976440785,0.0,0.0,0.0,0.0,19.2,-0.00664307165418726,-0.00244741770439,-1488.9032202313124,-1263.3118232265679
11.10995398627778,-0.0749323765436111,-0.1461270997356501,0.7960797674012121,-1.6665974319022003,-0.7409050639603785,0.0,0.0,0.0,0.0,19.225,-0.006744616281594163,-0.0034840956796,-1487.6431174930299,-1262.2426451456008
11.110130945833331,-0.0760033478338889,-0.1462258863673724,0.7958691036345454,-1.6653266668332,-0.7409058629092782,0.0,0.0,0.0,0.0,19.25,-0.006840904774609581,-0.00440353574231,-1486.5088034273401,-1261.2801968474398
11.1103047265,-0.0770094576808333,-0.1463488744753951,0.7955275287054546,-1.663900086282,-0.7409060626456305,0.0,0.0,0.0,0.0,19.275,-0.006931354231639786,-0.00543712545186,-1485.235404886146,-1260.1997374791538
11.110473208944445,-0.0779430237080555,-0.1464964968237055,0.7950762199636363,-1.6626250863096002,-0.7409062623828554,0.0,0.0,0.0,0.0,19.3,-0.0070152748890396285,-0.00635030074045,-1484.0973106484873,-1259.2340817623528
11.110633214305556,-0.0788024399016666,-0.146665074920593,0.7945333954781819,-1.661538320778,-0.7409069281736052,0.0,0.0,0.0,0.0,19.325,-0.007092524645688429,-0.00711545627564,-1483.1272387928213,-1258.4109904908785
11.110783682916669,-0.0795868784188888,-0.1468510967227324,0.7939186974721212,-1.6606238722822002,-0.7409070946212926,0.0,0.0,0.0,0.0,19.35,-0.007163030141722335,-0.00774700753391,-1482.3109810781282,-1257.7184081875023
11.110921435888889,-0.0802962233622222,-0.1470512832130371,0.7932497336654546,-1.6598756074922,-0.740907194489905,0.0,0.0,0.0,0.0,19.375,-0.007226783469358443,-0.00824987795204,-1481.6430627532836,-1257.1516896088465
11.111047532833332,-0.0809311038916666,-0.1472625051769033,0.7925438158442424,-1.6592873930976,-0.7409083263333069,0.0,0.0,0.0,0.0,19.4,-0.007283841028716135,-0.00862884521484,-1481.1180090846613,-1256.706189526379
11.111158794833337,-0.0814928114413889,-0.1474817499137191,0.79181768244,-1.6588465243588,-0.7409084262019194,0.0,0.0,0.0,0.0,19.425,-0.007334321554227348,-0.00889537297189,-1480.7244795301094,-1256.3722856619106
11.11125522188889,-0.0819830513663888,-0.1477063709069122,0.7910864442769696,-1.6585402965558005,-0.7409085260705319,0.0,0.0,0.0,0.0,19.45,-0.007378378925621677,-0.00905952043831,-1480.4511335649727,-1256.140355752098
11.111336814027778,-0.0824039843347222,-0.1479339047324538,0.7903638620090909,-1.6583592176438002,-0.740909125281334,0.0,0.0,0.0,0.0,19.475,-0.007416207942746301,-0.00912910979241,-1480.2894983722122,-1256.0032107400584
11.111404630861111,-0.0827581849363888,-0.1481620710588586,0.7896614213424242,-1.6582937955878,-0.7409091585708715,0.0,0.0,0.0,0.0,19.5,-0.0074480398910623784,-0.00911223329604,-1480.2311011435365,-1255.9536615763338
11.111457612777777,-0.0830486085680555,-0.1483888392257361,0.7889897571909092,-1.6583341002438,-0.740909258439484,0.0,0.0,0.0,0.0,19.525,-0.007474141688895306,-0.00901736039668,-1480.2670780045069,-1255.984187397763
11.111496819388888,-0.0832784672577777,-0.1486123283753527,0.7883574699630305,-1.6584700554576002,-0.7409092917281488,0.0,0.0,0.0,0.0,19.55,-0.007494801880558686,-0.00885285064578,-1480.3884347486285,-1256.087156756412
11.111523310333332,-0.0834512213866666,-0.1488309406114798,0.7877714214903031,-1.6586915850652,-0.7409093583072238,0.0,0.0,0.0,0.0,19.575,-0.007510331307054888,-0.00862691085786,-1480.586177160658,-1256.2549381969218
11.11153814527778,-0.0835705051819444,-0.1490432278398475,0.7872370124581818,-1.6589889049524,-0.7409098909398235,0.0,0.0,0.0,0.0,19.6,-0.007521056409049946,-0.00834753829986,-1480.851571715708,-1256.480121455752
11.111541324194445,-0.0836400853263888,-0.1492479250590785,0.786757646040606,-1.6593526691238,-0.7409099242293611,0.0,0.0,0.0,0.0,19.625,-0.007527316227881865,-0.0080222543329,-1481.1762759637857,-1256.7556280904844
11.111536026,-0.0836637947294444,-0.1494440169390648,0.7863357821375757,-1.6597735315546,-0.7409099242293611,0.0,0.0,0.0,0.0,19.65,-0.007529453581726109,-0.00765832560137,-1481.5519474286555,-1257.0743796364347
11.111521191055555,-0.0836455076933333,-0.1496305880181364,0.7859723455260607,-1.6602427303784002,-0.7409099575188987,0.0,0.0,0.0,0.0,19.675,-0.007527817861758249,-0.00726256286725,-1481.970765067277,-1257.4297400570833
11.111498938666667,-0.0835891150766666,-0.149806922571848,0.7856670772672728,-1.6607517957688005,-0.7409099242293611,0.0,0.0,0.0,0.0,19.7,-0.007522757778951553,-0.00684139505029,-1482.4251685182164,-1257.8152945003046
11.111470328444444,-0.0834984746244444,-0.1499725046126305,0.785417924361212,-1.6612932801276,-0.7409099242293611,0.0,0.0,0.0,0.0,19.725,-0.007514619771849205,-0.00640066852793,-1482.9085098843907,-1258.2254023261494
11.111437479666666,-0.0833773778544444,-0.1501268514426266,0.7852211692115152,-1.6618601739362,-0.7409099242293611,0.0,0.0,0.0,0.0,19.75,-0.007503743598163652,-0.00594562385231,-1483.4145323086248,-1258.6547546861054
11.111399332694443,-0.0832295500569444,-0.1502697133903924,0.7850730017460605,-1.6624454677152003,-0.7409098909398235,0.0,0.0,0.0,0.0,19.775,-0.007490465202888336,-0.00548118166625,-1483.9369789687323,-1259.0980427613483
11.111359066444445,-0.0830586254597222,-0.150400890718703,0.7849695933951515,-1.6630428820852,-0.7409098909398235,0.0,0.0,0.0,0.0,19.8,-0.007475109476981412,-0.00501193013042,-1484.4702447465431,-1259.5505106940366
11.111315621277775,-0.082868081,-0.1505203334936885,0.7849073930224243,-1.6636462837456,-0.7409098909398235,0.0,0.0,0.0,0.0,19.825,-0.007457990018869643,-0.00454212492332,-1485.0088549171792,-1260.007513263061
11.111271116472222,-0.0826612694397222,-0.1506280583596813,0.7848830714375757,-1.6642495393762002,-0.740909857650286,0.0,0.0,0.0,0.0,19.85,-0.007439407118522977,-0.00407571671531,-1485.5473347382642,-1260.4644052324663
11.111225552027776,-0.0824413696925,-0.1507241984751804,0.7848933919272727,-1.6648478299348002,-0.7409098243616212,0.0,0.0,0.0,0.0,19.875,-0.007419646852318161,-0.00361634022556,-1486.081382622129,-1260.9175367702912
11.111181047222225,-0.0822113619911111,-0.1508089868662502,0.7849361350315152,-1.665433707833,-0.7409098243616212,0.0,0.0,0.0,0.0,19.9,-0.0073989760081952585,-0.00316878198646,-1486.6043506804401,-1261.3612672440097
11.111136542416666,-0.0819739616580555,-0.1508827730732959,0.7850063624527273,-1.6660041064058,-0.7409097910720838,0.0,0.0,0.0,0.0,19.925,-0.007377639663154225,-0.00273588509299,-1487.1135015376365,-1261.7932740319336
11.11109309725,-0.0817318260669444,-0.1509459232805319,0.7851016882703031,-1.6665599018320003,-0.7409097577825463,0.0,0.0,0.0,0.0,19.95,-0.007355876271721012,-0.00231647398323,-1487.6096172910234,-1262.214220731777
11.111051771388889,-0.081487438745,-0.1509987703835076,0.7852190792193939,-1.6670961290592,-0.7409097244930088,0.0,0.0,0.0,0.0,19.975,-0.007333908654339212,-0.00191402446944,-1488.088266020876,-1262.6203469268037
11.111012564777775,-0.0812429603602777,-0.1510418636588061,0.7853555390333333,-1.6675977468514005,-0.7409096912034712,0.0,0.0,0.0,0.0,20.0,-0.007311931283186574,-0.00154035841115,-1488.536021574734,-1263.000260730077
11.110975477444445,-0.0809990117947222,-0.1510767177795978,0.7855055560490909,-1.6679848760358,-0.7409096912034713,0.0,0.0,0.0,0.0,20.025,-0.0072900000507743175,-0.00125577650033,-1488.881581969661,-1263.293463489409
11.110941568999998,-0.0807557089461111,-0.1511048141291663,0.785667317708485,-1.6683455735422,-0.7409096579139337,0.0,0.0,0.0,0.0,20.05,-0.007268124707938613,-0.000993081601337,-1489.2035488421768,-1263.566647502453
11.11090977986111,-0.0805144757033333,-0.151126502247219,0.7858375872987879,-1.6686912298224,-0.7409096246243964,0.0,0.0,0.0,0.0,20.075,-0.007246434117327497,-0.000743269687518,-1489.5120895709783,-1263.8284396359813
11.110882229277776,-0.0802766448922222,-0.1511421150291307,0.7860132205848485,-1.6690214067674,-0.740909125281334,0.0,0.0,0.0,0.0,20.1,-0.007225046871677651,-0.0005064936704,-1489.806813089917,-1264.078508076293
11.110857857611112,-0.0800434499977777,-0.1511519687252458,0.7861918686375757,-1.6693350821686,-0.7409090919917964,0.0,0.0,0.0,0.0,20.125,-0.007204074700941897,-0.000283180765109,-1490.0868069521357,-1264.3160786260541
11.110836664833336,-0.0798160003291666,-0.1511564128752716,0.7863707571315153,-1.6696312338076005,-0.740909058702259,0.0,0.0,0.0,0.0,20.15,-0.007183617466161703,-7.35473804525e-05,-1490.3511587020305,-1264.5403770805103
11.110818651,-0.079595297575,-0.1511557803745829,0.7865476296169698,-1.6699094235852003,-0.740909058702259,0.0,0.0,0.0,0.0,20.175,-0.007163765342154714,0.000122244571685,-1490.5994772821994,-1264.7510716333811
11.110803816055558,-0.0793822358052777,-0.1511504374075686,0.7867204885775757,-1.6701692134120003,-0.7409090254127214,0.0,0.0,0.0,0.0,20.2,-0.007144598817465139,0.000304149143631,-1490.8313716439907,-1264.9478304858098
11.110792160027778,-0.0791775352424999,-0.1511407335142849,0.7868885756981818,-1.670406222345,-0.7409090254127214,0.0,0.0,0.0,0.0,20.225,-0.007126182733158241,0.000469400605652,-1491.0429312571355,-1265.1273356121146
11.110783682916669,-0.0789818416038888,-0.1511270848136887,0.7870487837363638,-1.6706248313174,-0.7409085260696592,0.0,0.0,0.0,0.0,20.25,-0.007108575223665541,0.000620101403911,-1491.2380666431545,-1265.2929050305552
11.11077838475,-0.0787957095438888,-0.1511098408456618,0.7872000584454546,-1.6708263546268,-0.7409084927801217,0.0,0.0,0.0,0.0,20.275,-0.007091826226328045,0.000758773472626,-1491.4179509742503,-1265.4455341599696
11.110775205833331,-0.0786197019947222,-0.1510892679263295,0.7873417894769698,-1.6710116684422005,-0.7409085260696592,0.0,0.0,0.0,0.0,20.3,-0.007075987097052023,0.000885691319127,-1491.5833663389808,-1265.5858865906503
11.110775205833331,-0.0784542659919444,-0.1510656656611803,0.787473274,-1.6711798965946,-0.7409084927801217,0.0,0.0,0.0,0.0,20.325,-0.007061097406664719,0.00100016396027,-1491.7335306487867,-1265.7132987323034
11.110777325111112,-0.0782997492286111,-0.1510393669454144,0.7875938831678788,-1.6713304549452002,-0.7409084927801217,0.0,0.0,0.0,0.0,20.35,-0.007047189133351485,0.00110202888027,-1491.8679224879697,-1265.8273281716106
11.110781563666668,-0.0781564248933333,-0.1510106880293762,0.7877032655654544,-1.6714637815932003,-0.7409085260696592,0.0,0.0,0.0,0.0,20.375,-0.007034286872213596,0.00119136809371,-1491.9869329139306,-1265.92830671485
11.110786861833333,-0.0780244585541666,-0.150979911874047,0.7878012917254545,-1.6715798765386,-0.7409085260696592,0.0,0.0,0.0,0.0,20.4,-0.007022406200787493,0.00126839091536,-1492.0905619266684,-1266.0162343620216
11.110794279305557,-0.0779039495522222,-0.1509473880191342,0.787886925899394,-1.671678301692,-0.7409080267274696,0.0,0.0,0.0,0.0,20.425,-0.007011555393237947,0.00133250083309,-1492.1784184775315,-1266.0907793142687
11.110802756416668,-0.0777948978874999,-0.1509133994257937,0.787962165601212,-1.6717596411726,-0.7409080267274696,0.0,0.0,0.0,0.0,20.45,-0.007001735121485447,0.00138448970392,-1492.2510239647224,-1266.1523839700674
11.110812293166669,-0.0776972538894444,-0.1508782623441951,0.7880265854345455,-1.671825501318,-0.7409080267274696,0.0,0.0,0.0,0.0,20.475,-0.006992940915510695,0.00142551108729,-1492.3098122420508,-1266.2022649326489
11.110823949166669,-0.0776109264955555,-0.1508422264456081,0.7880805923,-1.671876320247,-0.7409080267274696,0.0,0.0,0.0,0.0,20.5,-0.006985163913192635,0.0014559563715,-1492.3551743844123,-1266.2407540231375
11.110835605194444,-0.0775357418588888,-0.1508055414016509,0.7881242416842423,-1.671912828089,-0.7409080267274696,0.0,0.0,0.0,0.0,20.525,-0.006978389800191081,0.00147634546738,-1492.3877621220665,-1266.2684042247836
11.110847261222224,-0.0774714930188888,-0.1507684901729558,0.7881577370381818,-1.6719356089828,-0.7409080267274696,0.0,0.0,0.0,0.0,20.55,-0.006972599946474894,0.00148719432764,-1492.4080968707124,-1266.2856579509073
11.110859976861112,-0.0774179233444444,-0.1507312724967479,0.788181707209091,-1.6719452470574,-0.7409080267274696,0.0,0.0,0.0,0.0,20.575,-0.006967770587125647,0.00148895534221,-1492.4167000373025,-1266.2929576074077
11.110872692527778,-0.0773747182555555,-0.1506941047547589,0.7881969105115152,-1.6719426184916002,-0.7409080267274696,0.0,0.0,0.0,0.0,20.6,-0.006963874071529153,0.00148205203004,-1492.4143537191414,-1266.2909667919987
11.110885408194443,-0.0773415383366666,-0.1506572366184328,0.7882043641987878,-1.6719281613846,-0.7409080267274696,0.0,0.0,0.0,0.0,20.625,-0.0069608798484795875,0.00146691186819,-1492.4014489736307,-1266.2800173109592
11.110898123833332,-0.0773179862233333,-0.1506208345352824,0.7882049930460606,-1.6719026058952002,-0.7409080267274696,0.0,0.0,0.0,0.0,20.65,-0.006958752151410969,0.00144398247357,-1492.3786375572731,-1266.2606621698073
11.1109108395,-0.0773036397166666,-0.1505850982423582,0.7881998143048484,-1.6718666821724,-0.7409080267274696,0.0,0.0,0.0,0.0,20.675,-0.006957452978728548,0.00141374417581,-1492.3465712178229,-1266.2334543666373
11.110922495527776,-0.0772980269458333,-0.1505501941873476,0.7881897342563636,-1.6718211203848,-0.7409080267274696,0.0,0.0,0.0,0.0,20.7,-0.006956940521990528,0.00137671630364,-1492.3059017205305,-1266.1989469143891
11.110934151555556,-0.0773006760411111,-0.150516305462445,0.7881756406842424,-1.6717666506814002,-0.7409080267274696,0.0,0.0,0.0,0.0,20.725,-0.006957171646120216,0.00133345089853,-1492.2572808131515,-1266.1576928111588
11.110945807555558,-0.0773110737402777,-0.1504835652258003,0.7881582734078788,-1.6717041492508,-0.7409080267274696,0.0,0.0,0.0,0.0,20.75,-0.006958100154507582,0.00128451851197,-1492.2014906017387,-1266.1103556620812
11.110956403944446,-0.0773286902241666,-0.150452123280245,0.7881383722478789,-1.6716344922816002,-0.740907993437932,0.0,0.0,0.0,0.0,20.775,-0.00695967902427504,0.00123049889226,-1492.1393131923467,-1266.057599072294
11.11123402913889,-0.0778319603866666,-0.1504112104679939,0.7840088260533333,-1.6731389075492,-0.729560796664886,0.0,0.0,0.0,0.0,20.8,-0.007004798943353594,0.00215481314808,-1493.4821887877697,-1267.1970086684105
11.11166530186111,-0.0779399938052777,-0.1503700313396174,0.7730461536757577,-1.6763555407536002,-0.6980381239750485,0.0,0.0,0.0,0.0,20.825,-0.007014249591573228,0.000994323287159,-1496.3534294103858,-1269.6332128330544
11.11261473761111,-0.0781576666566666,-0.1503696318655166,0.7645534261066667,-1.6814659088864,-0.6665676825320047,0.0,0.0,0.0,0.0,20.85,-0.007033238216397325,-0.00108914624434,-1500.9150612928604,-1273.5036883696996
11.114077038222222,-0.0785017593038888,-0.1504295363452037,0.7557801772606061,-1.68746239543,-0.6350990220770351,0.0,0.0,0.0,0.0,20.875,-0.007063272913613502,-0.00376133131795,-1506.2676628059592,-1278.045289653541
11.116024653111111,-0.0789644403588888,-0.1505589659742798,0.7460478996509091,-1.6936062276392003,-0.603650385265338,0.0,0.0,0.0,0.0,20.9,-0.007103658261210183,-0.00657855160534,-1511.7517884418764,-1282.698487162804
11.118434270222222,-0.0795223812261111,-0.150756139763449,0.7352039683951515,-1.699521520732,-0.5722269652603983,0.0,0.0,0.0,0.0,20.925,-0.0071523003413430895,-0.00912434700876,-1517.0319148173346,-1287.1785943904654
11.121286816055555,-0.0801499353513889,-0.1510103551341758,0.7231988617872728,-1.7050860464526,-0.5408531965635337,0.0,0.0,0.0,0.0,20.95,-0.00720689401119286,-0.0111039439216,-1521.9989381859687,-1291.3930384608216
11.12456003825,-0.0808235920138888,-0.151305167066984,0.7099422385472727,-1.7103452205686,-0.5095386332676397,0.0,0.0,0.0,0.0,20.975,-0.007265329301652377,-0.01236151997,-1526.693397704267,-1295.3762162339233
11.128231684361111,-0.0815265294577777,-0.1516220166575521,0.6953006721272728,-1.7153901666356,-0.4782736380581587,0.0,0.0,0.0,0.0,21.0,-0.007326099219550735,-0.0128741692752,-1531.1966323493184,-1299.1971425994216
11.132272084555556,-0.0822487556272222,-0.1519436765830583,0.6791416699957575,-1.7201741546374,-0.4470912008414339,0.0,0.0,0.0,0.0,21.025,-0.0073883170481730005,-0.0127988858148,-1535.4669298361712,-1302.8204253155388
11.13643222386111,-0.0840622683366666,-0.1530900009847536,0.7023900349933333,-1.8835228115284,-0.4153750494984701,0.0,0.0,0.0,0.0,21.05,-0.007548402095650828,-0.131816193461,-1681.2756899626456,-1426.5369490592143
11.139657762305555,-0.0897752079699999,-0.1577244339136113,0.6904126531424243,-2.0439092218902,-0.3838902436291633,0.0,0.0,0.0,0.0,21.075,-0.008059063382878944,-0.254058420658,-1824.4402808511707,-1548.0099352676596
11.142280366694443,-0.0965485142336111,-0.1644463856631649,0.6841452396278788,-2.2013433158374003,-0.3525008954409717,0.0,0.0,0.0,0.0,21.1,-0.008665058772188655,-0.372714012861,-1964.969566349942,-1667.2469047817685
11.14407221475,-0.105809378955,-0.1747906359684544,0.6557926617248485,-2.3551805108748,-0.3213459553630132,0.0,0.0,0.0,0.0,21.125,-0.00949467814960437,-0.486503183842,-2102.2881773300473,-1783.759665613373
11.145705117111111,-0.1143331825733333,-0.1867922546451492,0.6223056492660606,-2.3578666120730003,-0.2906846654830338,0.0,0.0,0.0,0.0,21.15,-0.01025804840268084,-0.472033798695,-2104.685852907785,-1785.7940570126657
11.148118972777777,-0.1197072863577777,-0.1983482432472211,0.5979841844969697,-2.3670366525694,-0.2600422923689875,0.0,0.0,0.0,0.0,21.175,-0.010737890997583268,-0.451748907566,-2112.871241514817,-1792.739235224693
11.15128623113889,-0.1223644862572222,-0.2094442539953572,0.5734430209072727,-2.396852025393,-0.2294213160883627,0.0,0.0,0.0,0.0,21.2,-0.010973127558642624,-0.438502043486,-2139.4851275844076,-1815.3207143140426
11.155078676,-0.1228511085113889,-0.2203098846629329,0.5475915897248486,-2.4364837735854,-0.1988462377259154,0.0,0.0,0.0,0.0,21.225,-0.011013020354190902,-0.431050568819,-2174.86133560205,-1845.3368908138602
11.159459220027776,-0.1213491459688888,-0.2310348504915187,0.5217267585527273,-2.4793496787542,-0.1683267778189124,0.0,0.0,0.0,0.0,21.25,-0.010874106314318944,-0.427343994379,-2213.1244263633803,-1877.8025435810496
11.164434221055554,-0.1178819686174999,-0.2416785399741055,0.49468314430909094,-2.5168011784538,-0.1378500241960509,0.0,0.0,0.0,0.0,21.275,-0.010558705106182677,-0.422714620829,-2246.5544945378592,-1906.1674499109106
11.1699994405,-0.1121337132322222,-0.2520744223159104,0.4677093690818182,-2.5342221379286,-0.1074100970976374,0.0,0.0,0.0,0.0,21.3,-0.01003882890321817,-0.407155513763,-2262.104842790365,-1919.3616847918247
11.176540586694443,-0.1058165729047222,-0.2593563203290919,0.4477465820315152,-2.6546734929106,-0.0769052346416528,0.0,0.0,0.0,0.0,21.325,-0.009467739331676184,-0.158603578806,-2369.6224867046258,-2010.5887765978641
11.183774736194446,-0.0956469939813888,-0.2603023916603603,0.414201641660606,-2.293441072111,-0.0462831951784425,0.0,0.0,0.0,0.0,21.35,-0.00855229975902886,0.123616814613,-2047.1781373187532,-1736.9996316643965
11.1915365855,-0.0725035534963888,-0.2509136502648937,0.3849939519709091,-1.5683323323766,-0.017726728423637,0.0,0.0,0.0,0.0,21.375,-0.0064784270633869885,0.745633542538,-1399.9294343918998,-1187.8189140294905
11.198733647666664,-0.0302294517555555,-0.2208623241422277,0.32182722611878795,-0.35395648032472,0.0081155407755091,0.0,0.0,0.0,0.0,21.4,-0.0026993634018480316,1.66020047665,-315.9496779291968,-268.07851460659117
11.203560299333333,0.0272983250518611,-0.171265526147514,0.2696983106211515,0.37786554098132,0.0394865542439024,0.0,0.0,0.0,0.0,21.425,0.00243657590288379,2.19434666634,337.29145420381764,286.1866884153604
11.205455991944444,0.0789333466027777,-0.1150840373906499,0.21946747750945453,0.50890230909,0.0698988822550282,0.0,0.0,0.0,0.0,21.45,0.0070441887112423236,2.26678061485,454.2578808188607,385.4309291796393
11.204323238805555,0.1247723814513888,-0.0527427402561126,0.17941041195036364,0.96529669910716,0.0997097748651026,0.0,0.0,0.0,0.0,21.475,0.011136092630677285,2.4962348938,861.6459879735224,731.0935655532916
11.200626161361113,0.1555494136280555,0.0081938054623518,0.14178458011509093,1.0116363987296,0.1301287628594461,0.0,0.0,0.0,0.0,21.5,0.013887564086787891,2.37414884567,903.009867390602,766.1901905132379
11.194391250611112,0.175780968533611,0.0688545610841933,0.11824098818230303,1.4815910071144,0.1599379785104004,0.0,0.0,0.0,0.0,21.525,0.015702592896600337,2.48175740242,1322.5021366783458,1122.1230250604144
11.18552419875,0.1874764098061111,0.1282388630754615,0.0992171290427091,1.685867148637,0.1904739583394298,0.0,0.0,0.0,0.0,21.55,0.01676062797549192,2.25777435303,1504.843708906306,1276.837086344744
11.174928877083332,0.19003033638,0.1810765450242473,0.09405555262715153,2.0080316483976,0.2209661874241408,0.0,0.0,0.0,0.0,21.575,0.017005060029482544,1.95351982117,1792.4151353319562,1520.8370845240838
11.162825690388887,0.1884853508736111,0.2252147116674391,0.09994841257739392,2.4323261141774,0.251530055543784,0.0,0.0,0.0,0.0,21.6,0.01688509308497898,1.56821012497,2171.1501133927777,1842.1879749999323
11.149371465055555,0.1871766977838889,0.2595162764406569,0.1176315134220606,2.878460741044,0.2821535951153047,0.0,0.0,0.0,0.0,21.625,0.01678809414239534,1.18441975117,2569.380120489275,2180.0801022333244
11.13471984863889,0.1878184742397222,0.2851970223194007,0.14687780091242422,3.2363982558236004,0.3128616567631659,0.0,0.0,0.0,0.0,21.65,0.016867822162825334,0.888882577419,2888.8833611409023,2451.173760968038
11.11905309888889,0.1897950801583333,0.3047730539648712,0.18770893039109093,3.477748990055201,0.343662146744231,0.0,0.0,0.0,0.0,21.675,0.017069356398459797,0.690837144852,3104.318565713208,2633.9672678778734
11.10262976752778,0.1919295224877777,0.3202734837477877,0.23969688336048062,3.6337324082892,0.3745519025568016,0.0,0.0,0.0,0.0,21.7,0.01728685244005165,0.558707296848,3243.5529447761796,2752.1055289010005
11.085694630944444,0.1934694415994444,0.3330244660209792,0.3021771055278788,3.7389103412612,0.4055189066856987,0.0,0.0,0.0,0.0,21.725,0.017452171292847693,0.466492265463,3337.43718166676,2831.7648814142203
11.06863975525,0.1959665947488889,0.3423336121890353,0.38270757501739394,3.96791324615,0.4365579493222325,0.0,0.0,0.0,0.0,21.75,0.017704668241275028,0.272046595812,3541.8504303748773,3005.206425772623
11.051524480194445,0.2001497977311111,0.3485235642223961,0.4628643475156364,4.008982527256,0.467690369043352,0.0,0.0,0.0,0.0,21.775,0.018110605291586847,0.226732879877,3578.509813263758,3036.3113567086425
11.034632788777778,0.2036965058908333,0.3536879329178677,0.5679683569703031,4.089106148482601,0.498904897351526,0.0,0.0,0.0,0.0,21.8,0.018459744858749867,0.138397544622,3650.0299964734036,3096.995148522887
11.018324957944444,0.2089149753252777,0.3561633744408793,0.6537939268169697,4.1425314366786,0.5302012179939665,0.0,0.0,0.0,0.0,21.825,0.018960683781126423,0.0729959607124,3697.718634871308,3137.458235648382
11.002597808833334,0.2141020033094444,0.3576797450765238,0.7552924323806061,4.133660030367,0.5615593406186837,0.0,0.0,0.0,0.0,21.85,0.019459222906208076,0.0486709326506,3689.799813991528,3130.739236114023
10.987685521444444,0.2187734511163889,0.3586347879324728,0.8602089251890911,4.116468632217201,0.5929678968560433,0.0,0.0,0.0,0.0,21.875,0.019910785641745313,0.0278447102755,3674.4543774463377,3117.7188657120437
10.973688761388887,0.2229259411494444,0.3591055682347784,0.9674262029472728,4.0958297252698,0.6244246396644464,0.0,0.0,0.0,0.0,21.9,0.02031458573290443,0.010275025852,3656.0316154252564,3102.087431269914
10.960649914222223,0.2266046570408333,0.3591962821589831,1.075858302260606,4.0737170696264,0.6558919685379168,0.0,0.0,0.0,0.0,21.925,0.020674381429407543,-0.00238664704375,3636.293351494385,3085.339813389175
10.948555204611113,0.2298659417363888,0.3590355603871832,1.1843651049066668,4.051537531619201,0.6873689014372799,0.0,0.0,0.0,0.0,21.95,0.02099509363934869,-0.0098929759115,3616.4953868305824,3068.5415403410993
10.937347412111112,0.2327564855416666,0.3587427791152892,1.291690044980606,4.0298194527584,0.7188344160322659,0.0,0.0,0.0,0.0,21.975,0.02128088985122036,-0.0130455316976,3597.10933119172,3052.0927658596406
10.927269193861113,0.2357897659141666,0.3583729659077532,1.385196903113333,4.011942291259,0.7384851826361644,0.0,0.0,0.0,0.0,22.0,0.021578105355602673,-0.0166076868773,3581.151766541846,3038.553014035505
10.91867552863889,0.2382078601255556,0.3580533199974325,1.4648565488872727,4.0030145168272,0.7382862777927911,0.0,0.0,0.0,0.0,22.025,0.021816552703737165,-0.00856683310121,3573.18263018428,3031.7913225806
10.912072923444445,0.2406314843230556,0.3579639709433921,1.5461624053024239,4.0005614817182,0.7382639072384345,0.0,0.0,0.0,0.0,22.05,0.022051858158504606,0.00144495884888,3570.9929947468195,3029.93345008821
10.907321506083331,0.2430764337380555,0.3581317168032386,1.6225174597533332,4.0006844401328,0.7382497591954741,0.0,0.0,0.0,0.0,22.075,0.022285621048438398,0.0118755651638,3571.102750249688,3030.026575969432
10.904271867527775,0.245490140385,0.358556391128412,1.693367069129091,4.001240819688,0.7382395726048567,0.0,0.0,0.0,0.0,22.1,0.022513207976412798,0.0219058655202,3571.599387410027,3030.4479650751737
10.902802149444444,0.2477857304944444,0.3592199510035563,1.759045225200606,4.0012180387942005,0.738232881412185,0.0,0.0,0.0,0.0,22.125,0.02272679326819394,0.0309230927378,3571.5790526613805,3030.43071134905
10.902812745833334,0.2498696413305555,0.3600917700751267,1.819803910689091,4.0003970503798,0.738230218251804,0.0,0.0,0.0,0.0,22.15,0.022917906338072877,0.0385626628995,3570.84621956033,3029.80891356634
10.904211468166666,0.2516565057966666,0.3611373271198009,1.875913233901212,3.9987036705028007,0.7382277548269025,0.0,0.0,0.0,0.0,22.175,0.023078835781142257,0.0449397079647,3569.3346698176642,3028.5263865119573
10.906906127916669,0.2530699968338889,0.3623279931527925,1.9274524295690911,3.9966399550448006,0.7382271556161004,0.0,0.0,0.0,0.0,22.2,0.023202729891123385,0.0500460788608,3567.4925500358922,3026.963375788029
10.910799238416663,0.2540678944852778,0.3636269499753104,1.9741973322090909,3.9951372921446007,0.7382251915351339,0.0,0.0,0.0,0.0,22.225,0.023285910494137845,0.0536264330149,3566.1512386438285,3025.825293394763
10.91577635872222,0.2546331120861111,0.3649974792510674,2.015845429392121,3.9945776999044,0.7382235936382072,0.0,0.0,0.0,0.0,22.25,0.023327073010491577,0.0557855851948,3565.651733767125,3025.4014710751353
10.921710332222224,0.2547671894233334,0.3664050597549959,2.052081557764242,3.995210599898,0.7382201981071288,0.0,0.0,0.0,0.0,22.275,0.023326675188564197,0.0566038675606,3566.2166748269856,3025.8808150047143
10.928466584944443,0.2544864681033333,0.3678170011857173,2.082655843098788,3.997149312494801,0.7382165362606231,0.0,0.0,0.0,0.0,22.3,0.023286566887062227,0.0561413988471,3567.9472141859337,3027.3491514304883
10.935901006055555,0.2538167768055556,0.3692033429821818,2.107379557291515,4.0001219272574,0.7382113763866758,0.0,0.0,0.0,0.0,22.325,0.02320949839112563,0.0546690374613,3570.6006383469744,3029.6005416277353
10.94386630588889,0.2527840269936111,0.37054124853389,2.1261937736739394,4.0041436314614005,0.738206649275843,0.0,0.0,0.0,0.0,22.35,0.023098237855627687,0.0521503165364,3574.1905038208733,3032.6464880904377
10.952213075416669,0.2514307863183334,0.3718002246506828,2.1388272002248487,4.0094185769526005,0.7382000579517839,0.0,0.0,0.0,0.0,22.375,0.02295707585188374,0.0483588464558,3578.899041230641,3036.6416107411496
10.960786607527778,0.2498079174094444,0.37294974484501,2.1452032655660607,4.0157186627432,0.7381939659707869,0.0,0.0,0.0,0.0,22.4,0.022791057462780855,0.0434500873089,3584.5226423994636,3041.413151126817
10.969435373944442,0.2479681207075,0.3739652414574038,2.14568348277697,4.0226203978072,0.7381866089891107,0.0,0.0,0.0,0.0,22.425,0.022605367756347375,0.0377603247762,3590.683289518067,3046.640366863814
10.978019502416666,0.2459499405488888,0.3748385252686236,2.1407611638848483,4.029286438226,0.7381792187161517,0.0,0.0,0.0,0.0,22.45,0.022403853490581445,0.0320042297244,3596.6335501869794,3051.689072885921
10.986415015333332,0.2437984777822222,0.3755611074509735,2.131156375769091,4.036426496501,0.7381706633119987,0.0,0.0,0.0,0.0,22.475,0.022190903715357712,0.0257302410901,3603.0069300734335,3057.096789153216
10.994512769916668,0.24156793952,0.376122568388819,2.1175915157436362,4.043834960459,0.7381621079061003,0.0,0.0,0.0,0.0,22.5,0.02197168210864072,0.0191527716815,3609.6198950326648,3062.707789724685
11.002222696944443,0.2393102977011111,0.3765180811000969,2.100831298827879,4.0512775957626,0.7381537189487619,0.0,0.0,0.0,0.0,22.525,0.021751086511598496,0.0124939978123,3616.263362119239,3068.3446708890506
11.009476979583331,0.2370732525983333,0.3767481782174071,2.0816243119672726,4.0585435330874,0.7381440982794092,0.0,0.0,0.0,0.0,22.55,0.021533561770279996,0.00594922434539,3622.7491045345732,3073.847725059637
11.01622157627778,0.2348996698855555,0.3768179197487024,2.060703827829091,4.0654426395856005,0.7381355761639209,0.0,0.0,0.0,0.0,22.575,0.021323070551829318,-0.000310252566123,3628.907405335016,3079.072949981225
11.022423638249998,0.2328266865677778,0.3767362272830482,2.038757102272727,4.0718221664400005,0.7381271872065827,0.0,0.0,0.0,0.0,22.6,0.021123002908346126,-0.00614445190877,3634.6019174206235,3083.904657205377
11.028066211277778,0.2308856778675,0.3765151183338784,2.016416533499394,4.077574050422601,0.7381190645646716,0.0,0.0,0.0,0.0,22.625,0.020936188942299448,-0.0114487074316,3639.7361810739444,3088.2610021233463
11.033146116472222,0.2291024393505555,0.3761687742336909,1.994250747218788,4.0826322853582,0.7381107754768185,0.0,0.0,0.0,0.0,22.65,0.02076492388771241,-0.0161542762071,3644.251277668099,3092.091993172932
11.037675009833332,0.2274971703688889,0.3757130407918579,1.972735410747879,4.0869288206054,0.7381034184942696,0.0,0.0,0.0,0.0,22.675,0.020610968357576608,-0.0201837942004,3648.0864636387546,3095.346090360155
11.04167408413889,0.2260837952297222,0.3751654282928809,1.9523129364939396,4.090437662605,0.7380970934856376,0.0,0.0,0.0,0.0,22.7,0.020475499775390614,-0.0235119611025,3651.2185365383975,3098.003606759852
11.045176188138887,0.2248716685508333,0.374543180704961,1.9333101769648486,4.0931926906136,0.7380903024260987,0.0,0.0,0.0,0.0,22.725,0.02035926496060034,-0.0261544790119,3653.6777377690255,3100.090201743415
11.0482205285,0.2238655421469444,0.3738634088364048,1.915982148141212,4.0952082157182,0.7380849761035913,0.0,0.0,0.0,0.0,22.75,0.020262588130772793,-0.0281183701009,3655.4768417353444,3101.6167141996857
11.050849490694445,0.2230658299394444,0.3731426242873339,1.9005061109139394,4.0965286314484,0.7380800825450713,0.0,0.0,0.0,0.0,22.775,0.02018540114289682,-0.0294396299869,3656.655475120745,3102.616766769116
11.05311287775,0.2224692536725,0.3723964398394857,1.8870158247515152,4.0972050488026,0.7380755218810534,0.0,0.0,0.0,0.0,22.8,0.020127294105566615,-0.0301603414118,3657.259260775436,3103.129069748854
11.05506049261111,0.2220694389608333,0.3716390368253581,1.8755438047466668,4.0973055183928,0.7380719599040327,0.0,0.0,0.0,0.0,22.825,0.0200875824342398,-0.0303449649364,3657.348942237508,3103.2051631106124
11.056742138333334,0.2218573457663888,0.3708830985491346,1.8660300514915151,4.096868008378601,0.7380688306892543,0.0,0.0,0.0,0.0,22.85,0.02006534501670408,-0.0300376247615,3656.95841075762,3102.873803067071
11.05820655822222,0.2218188014294444,0.370141641212119,1.8583721738872725,4.0958498775978,0.7380666002911151,0.0,0.0,0.0,0.0,22.875,0.020059202209829697,-0.029221970588,3656.049603855741,3102.1026941806285
11.05949931675,0.2219394511647222,0.3694246183781663,1.8524250562260607,4.094485652447401,0.7380652687113611,0.0,0.0,0.0,0.0,22.9,0.020067766614767734,-0.0280929654837,3654.8318651764093,3101.0694613618016
11.060660680138888,0.2222052713236111,0.3687392205821379,1.8480089222303029,4.0928287804124,0.7380637041048445,0.0,0.0,0.0,0.0,22.925,0.020089692446909137,-0.0267003104091,3653.352903171397,3099.814584509064
11.061726676083332,0.2226013441880555,0.3680914066468806,1.8449309747872724,4.0909327089778005,0.7380624723928302,0.0,0.0,0.0,0.0,22.95,0.020123562144176283,-0.025095988065,3651.6604262924793,3098.378543520891
11.06273015338889,0.2231122222211111,0.3674858038154875,1.842977627840606,4.088851469757601,0.7380620396288428,0.0,0.0,0.0,0.0,22.975,0.02016791688196103,-0.0233341492712,3649.8026643983835,3096.802260701658
11.06369654338889,0.2237224082152778,0.3669256411704767,1.841935147372121,4.0866355896016,0.7380617733125429,0.0,0.0,0.0,0.0,23.0,0.020221307348578996,-0.0214651413262,3647.824718914871,3095.1240039277686
11.065450244472224,0.2249650491608333,0.3663824894660324,1.8206753077654547,4.0911094069468,0.7091190712175071,0.0,0.0,0.0,0.0,23.025,0.020330401763201205,-0.0190773811191,3651.818150954972,3098.5123705072483
11.068385442111111,0.2260244223805555,0.3659889075461834,1.8066736579660607,4.1007848620396,0.6776627112383486,0.0,0.0,0.0,0.0,23.05,0.02042072202514887,-0.0123005257919,3660.45468423043,3105.84033813491
11.072790357805555,0.2274362411763889,0.3657691634671781,1.7936136141690908,4.1142991900472,0.6462350135308963,0.0,0.0,0.0,0.0,23.075,0.02054010180153569,-0.00529072899371,3672.517883574919,3116.075780002961
11.078612009694446,0.2291975087588889,0.3657216593312167,1.7787878787878788,4.129014480115,0.6148260411738817,0.0,0.0,0.0,0.0,23.1,0.020688287355701905,0.00138544954825,3685.653089217406,3127.2208029723442
11.085792117638888,0.2312579916583333,0.3658308489356373,1.7613316021545458,4.1432858347888,0.5834229943510494,0.0,0.0,0.0,0.0,23.125,0.020860754847673246,0.00721808476374,3698.392027938528,3138.029599462993
11.094274520861113,0.2335349718730555,0.3660753271226702,1.740617601799394,4.1559114158198005,0.5520718125900986,0.0,0.0,0.0,0.0,23.15,0.021050044456167743,0.0120702255517,3709.661911334232,3147.5919247684387
11.103987163972224,0.2359477844502777,0.3664200067477287,1.715933800899394,4.1673334062052,0.5207723460885472,0.0,0.0,0.0,0.0,23.175,0.0212489244598399,0.0152054419741,3719.8574420962814,3156.242678142299
11.11484527588889,0.2384356326527777,0.366820845781514,1.6865591338181818,4.1777366817004005,0.4895200341832497,0.0,0.0,0.0,0.0,23.2,0.021451997462349673,0.0165902879089,3729.143644566997,3164.121880238664
11.126848856611112,0.2402132749558333,0.366684358775552,1.6067598839957578,4.060471731421001,0.4588852427559121,0.0,0.0,0.0,0.0,23.225,0.0215886166920573,-0.0768190100789,3624.4702586208773,3075.308098223774
11.140554216166668,0.2386889358361111,0.3636758189814361,1.5428206565163636,3.9404009342236,0.4281313580932964,0.0,0.0,0.0,0.0,23.25,0.021425229948590575,-0.176280885935,3517.292309319263,2984.3692321496774
11.155587302305555,0.2355432013669444,0.3584325541379687,1.4609475430575758,3.8164416134404,0.3974784405254502,0.0,0.0,0.0,0.0,23.275,0.021114370313633245,-0.275062263012,3406.643374620161,2890.4852875564993
11.171391805,0.230157011085,0.3502106767727705,1.372522453539394,3.6830784559226,0.3668440485716898,0.0,0.0,0.0,0.0,23.3,0.020602357799498913,-0.373299002647,3287.6003594259932,2789.4790928462967
11.187685860527775,0.2255451348091667,0.3407477996288056,1.329288034150303,3.671213406322,0.3358037575788092,0.0,0.0,0.0,0.0,23.325,0.020160124052547062,-0.381496548653,3277.009343839884,2780.492776591416
11.20407528347222,0.2230528162586111,0.3312639833823414,1.2717215983078787,3.650117129092,0.3048669636829294,0.0,0.0,0.0,0.0,23.35,0.01990818613898902,-0.374619394541,3258.1783226075313,2764.5149403942687
11.220295164333333,0.2226300040880555,0.3222454213767051,1.2092911783848486,3.6411607325058,0.2739947597670001,0.0,0.0,0.0,0.0,23.375,0.019841724377781405,-0.344903767109,3250.1836374580466,2757.7315711765236
11.236164304944444,0.2241999573177777,0.3141566354881357,1.1419661828242424,3.6267702162314,0.2431956346552268,0.0,0.0,0.0,0.0,23.4,0.019953424605861195,-0.299615770578,3237.3383323573726,2746.832524424437
11.251594755388888,0.2274000644683333,0.3073242624211,1.0702709591024242,3.6154738128166,0.2124600259356019,0.0,0.0,0.0,0.0,23.425,0.02021047410718568,-0.245962440968,3227.254903407605,2738.2768877397853
11.266505983138888,0.2319910956752777,0.3018871194509294,0.9930846428145456,3.6076430261102,0.1817694745722419,0.0,0.0,0.0,0.0,23.45,0.020591219320565627,-0.188129469752,3220.2649634704985,2732.3460296113317
11.280805799694445,0.2374217742019444,0.2980254360009385,0.8951283402878788,3.5505473852114005,0.151104381365528,0.0,0.0,0.0,0.0,23.475,0.02104652614517797,-0.0910242199898,3169.3000840124714,2689.103101586339
11.294365988833334,0.2411357065041666,0.2969343721925523,0.819434832949091,3.4739442884958,0.1204556832434605,0.0,0.0,0.0,0.0,23.5,0.021350087888295448,-0.0151630854234,3100.9224017802676,2631.0856742378023
11.307542588972222,0.2430826756688889,0.2961272013556595,0.7285781120533333,3.3558855116388004,0.0897301321181278,0.0,0.0,0.0,0.0,23.525,0.021497392006814758,-0.0708105787635,2995.5404280120115,2541.6706661920093
11.320019827944444,0.2374057968458333,0.2929069069645539,0.5981084742684848,2.7361741900472,0.058855335780972,0.0,0.0,0.0,0.0,23.55,0.020972206803010773,-0.214514479041,2442.371879476558,2072.3155341013216
11.331732008194445,0.2119633886549999,0.2789986147504992,0.4713867372448484,1.6507867604466,0.030859218925563,0.0,0.0,0.0,0.0,23.575,0.018705294874757045,-0.953439414501,1473.5301492838914,1250.2680054529985
11.34106636047222,0.1647249692016666,0.2459103362348516,0.3414630034472727,0.64278960973038,0.0039475785866497,0.0,0.0,0.0,0.0,23.6,0.014524645563824014,-1.63699626923,573.7687581937572,486.8340978613697
11.346889072000002,0.1092370765077777,0.1996515277061217,0.23030040394175758,0.073276725504556,-0.0262933384678189,0.0,0.0,0.0,0.0,23.625,0.009627050710959633,-2.01019430161,65.40848694627991,55.498110136237486
11.349062389805557,0.063633012275,0.1518360349406474,0.13280007564660606,0.37046481668994,-0.0574272884670976,0.0,0.0,0.0,0.0,23.65,0.005606895978663328,-1.72370612621,330.6853978486432,280.5815496897578
11.348695755,0.0351613594425,0.1099980238869247,0.06232549147175758,0.31568395569886,-0.0874996598038307,0.0,0.0,0.0,0.0,23.675,0.0030982731585705464,-1.62885820866,281.7867440623431,239.09178284077592
11.346165339138889,0.0159520883526944,0.0703293489556229,0.009698852770242426,0.19508735425732,-0.1176726757431682,0.0,0.0,0.0,0.0,23.7,0.0014059453459282197,-1.54318809509,174.1394498247717,147.75468469980626
11.34188546075,0.0042348618929722,0.0330277623415162,-0.02458548488038182,0.037110712658572,-0.1479188578723303,0.0,0.0,0.0,0.0,23.725,0.0003733825304114968,-1.43482613564,33.1258738403155,28.106802046328298
11.33627467686111,-0.0018419343460777,-0.0010863903384871,-0.041123626882369695,-0.16880873367162,-0.1782397375092559,0.0,0.0,0.0,0.0,23.75,-0.00016248144991029022,-1.28656828403,-150.6825499740936,-127.8518605840794
11.329676310222222,-0.0046139370856944,-0.0309519822358831,-0.04462195136329697,-0.42615088969446,-0.2086510730763399,0.0,0.0,0.0,0.0,23.775,-0.0004072435045237317,-1.09525942802,-380.3920646534975,-322.7569033423615
11.32230652702778,-0.0064876282380555,-0.055605696684562,-0.04002349391133333,-0.7110278099778001,-0.2391650485367978,0.0,0.0,0.0,0.0,23.8,-0.0005729952834759163,-0.873887777328,-634.6797418572331,-538.5161446061371
11.314262814,-0.0092103394369166,-0.0746796974976667,-0.034798637158909095,-0.9829963594668,-0.2697825876742041,0.0,0.0,0.0,0.0,23.825,-0.0008140467998957869,-0.654800415039,-877.4451110322502,-744.4988820879698
11.305583318083333,-0.0135578370342777,-0.0886305836443067,-0.027866705692242418,-1.2085371524114,-0.3005060706883075,0.0,0.0,0.0,0.0,23.85,-0.0011992160557157522,-0.468148708344,-1078.7679991606678,-915.3183023181422
11.29632525975,-0.0194763661258888,-0.0984735521319111,-0.019227387399393944,-1.373493906855,-0.3313308786586178,0.0,0.0,0.0,0.0,23.875,-0.001724132908538421,-0.327744543552,-1226.0121840697502,-1040.2527622409998
11.286561754027778,-0.0264782355063611,-0.1053615186857109,-0.00839565855084848,-1.4836576431978,-0.3622511110213783,0.0,0.0,0.0,0.0,23.9,-0.0023459966005069657,-0.229643851519,-1324.3468634773803,-1123.6882477989893
11.276378631583334,-0.0338910002675,-0.1103657398544714,0.004885577577575759,-1.540123596788,-0.3932548667734822,0.0,0.0,0.0,0.0,23.925,-0.003005486191513357,-0.174775823951,-1374.7496695919117,-1166.4542651082884
11.265806621972224,-0.0412602805427777,-0.114182598973389,0.01915347475,-1.5794513076538002,-0.4243309939277249,0.0,0.0,0.0,0.0,23.95,-0.0036624346509113574,-0.132474467158,-1409.854486913925,-1196.2401707148451
11.254894468527777,-0.0484703605375,-0.1171169114743929,0.03468720869557575,-1.6003868043394,-0.4554868494675279,0.0,0.0,0.0,0.0,23.975,-0.004306602844925678,-0.104157157242,-1428.5419917423005,-1212.0962354177095
11.243678198916667,-0.0553617378075,-0.1194474104548547,0.05098744941509091,-1.6112843960486003,-0.486723997999408,0.0,0.0,0.0,0.0,24.0,-0.0049238102361230975,-0.0833052322268,-1438.269432210595,-1220.3498212695954
11.232179005944444,-0.0618735245533333,-0.1213324208414459,0.06773484201169697,-1.6140934556712,-0.5180468836735652,0.0,0.0,0.0,0.0,24.025,-0.005508594950328674,-0.0686510950327,-1440.7768632999482,-1222.4773385575318
11.22040960525,-0.0679223653341666,-0.1229224528478906,0.08473231691272731,-1.6105517566236,-0.5494197369077126,0.0,0.0,0.0,0.0,24.05,-0.0060534657578263365,-0.0593424886465,-1437.6154614451643,-1219.7949369837756
11.208373175722222,-0.0734556963047222,-0.1243281108831672,0.10189064488254544,-1.6036361485718,-0.5808545252822868,0.0,0.0,0.0,0.0,24.075,-0.0065536447754817925,-0.0535822883248,-1431.4424309792544,-1214.5572141642156
11.196062299944444,-0.0784573704005555,-0.1256214833889567,0.11916417208557577,-1.5951477825612002,-0.6123409290476476,0.0,0.0,0.0,0.0,24.1,-0.007007586086846339,-0.050209287554,-1423.8655206632354,-1208.1283205627449
11.183470620055555,-0.082926319705,-0.1268512063446225,0.13686462864715151,-1.5860141038868,-0.6438446100698746,0.0,0.0,0.0,0.0,24.125,-0.007415079139769587,-0.0483500547707,-1415.7125894530536,-1201.2106819601663
11.170626746277778,-0.0868701852030555,-0.1280463914300154,0.15810717033648486,-1.5768643617678002,-0.6753669997999527,0.0,0.0,0.0,0.0,24.15,-0.007776661701815609,-0.0474238395691,-1407.5453196435528,-1194.2808772733174
11.157632403916669,-0.0903014921480555,-0.1292256890949433,0.1850749414617576,-1.5682289421512,-0.7068784872139209,0.0,0.0,0.0,0.0,24.175,-0.008093248538673574,-0.0468932017684,-1399.8371459038171,-1187.7406086456626
11.14462534586111,-0.0932472116416666,-0.1303889661816052,0.21857578393175758,-1.5606767833216,-0.7383850477798317,0.0,0.0,0.0,0.0,24.2,-0.00836701178800028,-0.0460640154779,-1393.0959156042807,-1182.0207768763592
11.132152345444444,-0.0962702681622222,-0.1314550545329479,0.24383644566393942,-1.5582523703572002,-0.7409767029944379,0.0,0.0,0.0,0.0,24.225,-0.00864794742066375,-0.0421915054321,-1390.931828949993,-1180.1845821393877
11.120154062916669,-0.0985552370547222,-0.13251256251233,0.2776959422143333,-1.5595650464296005,-0.7409474082223926,0.0,0.0,0.0,0.0,24.25,-0.008862758240318163,-0.042541526258,-1392.103553739209,-1181.1787728696318
11.109023624,-0.100645687845,-0.1335924743343844,0.3180669496776333,-1.5628126382848,-0.7409411497928354,0.0,0.0,0.0,0.0,24.275,-0.009059814008097387,-0.0439568720758,-1395.0024287640551,-1183.6384244058647
11.09886275397222,-0.1025558263063888,-0.1347186336132763,0.3627886072793333,-1.5664905846156003,-0.7409397516340063,0.0,0.0,0.0,0.0,24.3,-0.009240210333232985,-0.0461584031582,-1398.2854480708106,-1186.42401654493
11.089750925694444,-0.1042696916394444,-0.1359049803326621,0.4107130478366667,-1.5700038075484,-0.7409403175561435,0.0,0.0,0.0,0.0,24.325,-0.00940234747724192,-0.0486798845232,-1401.4214314919736,-1189.0848509628863
11.081752777111111,-0.1057610164086111,-0.1371537698574414,0.46090573859975764,-1.5732476025798,-0.7409424813734622,0.0,0.0,0.0,0.0,24.35,-0.009543708340710865,-0.051075797528,-1404.316917384756,-1191.541626871914
11.07491493225,-0.1070046590433333,-0.1384575619809597,0.5123724087806061,-1.5763396710124002,-0.7409463429571929,0.0,0.0,0.0,0.0,24.375,-0.00966189444324644,-0.0530272983015,-1407.0769686332,-1193.8834885372603
11.06926282247222,-0.1079822331666666,-0.1398027579370144,0.5640462054624242,-1.579473796488,-0.7409502711208711,0.0,0.0,0.0,0.0,24.4,-0.009755142225681631,-0.0543585047126,-1409.8745609634689,-1196.257203241731
11.064794328472225,-0.1086838295061111,-0.1411733205024835,0.6147846846145455,-1.5827847659624,-0.7409547652040687,0.0,0.0,0.0,0.0,24.425,-0.009822489806832013,-0.055066280067,-1412.8300083057818,-1198.7648555321782
11.061479780416668,-0.1090828329325,-0.1425706311922127,0.663630509809697,-1.5846202343734002,-0.740958227314222,0.0,0.0,0.0,0.0,24.45,-0.009861504527235236,-0.0565187297761,-1414.4683895349451,-1200.1549971811653
11.059267256,-0.1091517342461111,-0.1439975861936947,0.7096753854460606,-1.5868184447276,-0.7409616228444279,0.0,0.0,0.0,0.0,24.475,-0.00986970761438945,-0.0574009343982,-1416.430562547833,-1201.8198712527067
11.058083640194443,-0.1088933232758333,-0.1454376739085527,0.7522116921169698,-1.5896422535168002,-0.7409636867940068,0.0,0.0,0.0,0.0,24.5,-0.009847395517974084,-0.0575664527714,-1418.9511590817995,-1203.9585592209207
11.057840983083334,-0.1083198438088888,-0.1468720857611959,0.7907164417618181,-1.5930192291762002,-0.740966116928498,0.0,0.0,0.0,0.0,24.525,-0.00979574981902889,-0.0570892766118,-1421.9655250597395,-1206.5162030809909
11.057608922333335,-0.1095773114097222,-0.1495380098808795,0.8726563054866666,-1.7815049976108002,-0.7411275044910478,0.0,0.0,0.0,0.0,24.55,-0.009909675064417055,-0.156246632338,-1590.2122478673457,-1349.2709981904748
11.054740481916667,-0.1164462003441666,-0.1557097858384657,0.91874226888,-1.9687584072352,-0.7412107282745537,0.0,0.0,0.0,0.0,24.575,-0.010533598733923169,-0.245271682739,-1757.3589389173223,-1491.0924330207579
11.051860385472224,-0.1218606283266666,-0.1618578929520022,0.9416403105763637,-1.970619723205,-0.7411909875936586,0.0,0.0,0.0,0.0,24.6,-0.011026254773074545,-0.247204884887,-1759.0203922706926,-1492.5021510175573
11.04861577352778,-0.1276177830166666,-0.1691399407681897,1.0031943951236364,-2.1593261450488,-0.7413337330283051,0.0,0.0,0.0,0.0,24.625,-0.01155056756724546,-0.341879606247,-1927.4640753755275,-1635.4240639549926
11.042009989416666,-0.1378676957555555,-0.1797185492510641,1.031656586618182,-2.3534926801890004,-0.7414052721928793,0.0,0.0,0.0,0.0,24.65,-0.012485742712395323,-0.424152106047,-2100.7815809228046,-1782.481341389046
11.035123401222222,-0.1458210084172222,-0.1903101073528514,1.0478613281248483,-2.3626037239994,-0.7413845328249871,0.0,0.0,0.0,0.0,24.675,-0.013214261691090055,-0.423790156841,-2108.914307733891,-1789.381836865119
11.028643714055557,-0.1510721941788889,-0.200879361481975,1.0669315407496969,-2.3690733522204,-0.7413744461029822,0.0,0.0,0.0,0.0,24.7,-0.013698166165831756,-0.420842975378,-2114.689246367226,-1794.281784796434
11.022655699,-0.1536129911741666,-0.2113171220322691,1.0841300825636364,-2.3745226591842004,-0.7413597321370118,0.0,0.0,0.0,0.0,24.725,-0.013936114432758951,-0.414190858603,-2119.553422829176,-1798.4089648247548
11.017172071666666,-0.1534528533616666,-0.2215822431633239,1.1010462905418181,-2.3787391692386004,-0.7413390260604023,0.0,0.0,0.0,0.0,24.75,-0.013928515626646869,-0.40750002861,-2123.317176476095,-1801.6024527675954
11.012187533916666,-0.1505949430994444,-0.2317139399258656,1.1185359330612121,-2.3808668464448,-0.7413148245841018,0.0,0.0,0.0,0.0,24.775,-0.013675297722239464,-0.403843939304,-2125.216389982285,-1803.2139066516352
11.007692548972225,-0.1450031830205555,-0.2418095175655402,1.1369875081375758,-2.3804798632902,-0.7412899240275143,0.0,0.0,0.0,0.0,24.8,-0.013172895443386479,-0.404607594013,-2124.870959936908,-1802.9208144919219
11.0038608975,-0.1372628245088888,-0.2515375290392777,1.1825340687145454,-2.5498290955984,-0.7412766748011933,0.0,0.0,0.0,0.0,24.825,-0.012474060312782939,-0.279937028885,-2276.0359713989,-1931.1820363384604
11.00074450175,-0.1339113463958333,-0.256285495854842,1.194648197058182,-2.6943639457196,-0.7412581325427753,0.0,0.0,0.0,0.0,24.85,-0.012172934874956022,-0.16315343976,-2405.0510958103646,-2040.6494146269756
10.998033947416667,-0.1304270409875,-0.2603667070014083,1.2195690548060605,-2.7044996917204003,-0.7412464146334334,0.0,0.0,0.0,0.0,24.875,-0.011859123331596558,-0.164732441306,-2414.0984953143575,-2048.3259960243026
10.995801289888888,-0.1260048978858333,-0.2645620179552477,1.2424003832272728,-2.7099840462184,-0.7412388912031971,0.0,0.0,0.0,0.0,24.9,-0.011459364766958842,-0.171150967479,-2418.9939560097037,-2052.479720250657
10.994233025444444,-0.1248302476275,-0.2657598578796409,1.2695854603157573,-2.9019139647456003,-0.7412356288302686,0.0,0.0,0.0,0.0,24.925,-0.011354156978353996,-0.0232967939228,-2590.315006236032,-2197.8430355942082
10.992981592805556,-0.1243177304663888,-0.2664386310620726,1.289981707949091,-2.9032148122768,-0.7412239109217995,0.0,0.0,0.0,0.0,24.95,-0.011308827311031753,-0.0317684672773,-2591.4761725978974,-2198.828267658822
10.992125405194445,-0.1235659337705555,-0.2673629809871471,1.3078603478630304,-2.9009110212306,-0.7412107615649638,0.0,0.0,0.0,0.0,24.975,-0.011241314051253738,-0.0420583114028,-2589.419755836167,-2197.0834291943233
10.991637971666668,-0.1224686619308333,-0.2685263829090073,1.3244002093690908,-2.8988823533068,-0.7411933178595375,0.0,0.0,0.0,0.0,25.0,-0.011141984683859026,-0.0505415387452,-2587.6089202877915,-2195.5469626684285
10.991519292194443,-0.1209965679380555,-0.2698669349785094,1.3404216049660607,-2.8986165761994,-0.7411732109928573,0.0,0.0,0.0,0.0,25.025,-0.01100817500488585,-0.0562153607607,-2587.3716815419234,-2195.3456691870865
10.991772545722222,-0.1191569450827777,-0.2713171926398268,1.3561673436018182,-2.9002889275598003,-0.7411525049153752,0.0,0.0,0.0,0.0,25.05,-0.010840557752366446,-0.0594377741218,-2588.8644607480514,-2196.612269725619
10.992396672555556,-0.1169703486891666,-0.2728252408963353,1.3715424508763636,-2.9036044239972005,-0.7411338627883447,0.0,0.0,0.0,0.0,25.075,-0.010641023261215053,-0.0609739795327,-2591.8239489614357,-2199.1233506339454
10.993378957111112,-0.1144601404666666,-0.2743576404333719,1.386298236269091,-2.908231282238801,-0.7411176175045225,0.0,0.0,0.0,0.0,25.1,-0.010411734273257959,-0.0614760890603,-2595.9539888180775,-2202.6276268759443
10.994699266222222,-0.1116499718691666,-0.2758935020788167,1.4001975504557576,-2.9139936804748,-0.7411042351209244,0.0,0.0,0.0,0.0,25.125,-0.01015489093113954,-0.061258431524,-2601.097637735293,-2206.9919350481273
10.996327930027778,-0.1085681302680555,-0.2774141004813588,1.413102232037576,-2.9207339048356,-0.7410941151085092,0.0,0.0,0.0,0.0,25.15,-0.009873125916114911,-0.0604238510132,-2607.1141166934167,-2212.096826285323
10.998233159388889,-0.1052112297880555,-0.2789263598613052,1.4247460937496967,-2.9264618396762,-0.741085792730246,0.0,0.0,0.0,0.0,25.175,-0.009566193793431228,-0.0604452714324,-2612.227002792936,-2216.4350326727936
11.000378926583334,-0.1015787902805555,-0.280430097126636,1.4351166326345455,-2.9330572009074003,-0.7410799670646763,0.0,0.0,0.0,0.0,25.2,-0.009234117384364086,-0.0597158111632,-2618.1141735968517,-2221.4302079003587
11.00273132325,-0.0976951585875,-0.2819050556073162,1.444247325550303,-2.9404606997934004,-0.7410747739011915,0.0,0.0,0.0,0.0,25.225,-0.008879173335902442,-0.058138422668,-2624.7227066188634,-2227.037448040247
11.005257500555556,-0.0935884151194444,-0.2833300465262609,1.452193178118788,-2.9485552191704003,-0.741070512843011,0.0,0.0,0.0,0.0,25.25,-0.008503973225044481,-0.0557236149907,-2631.948060390628,-2233.1680512405323
11.007928848277778,-0.0892892479897222,-0.2846849630202807,1.4590404718575756,-2.9571985244746,-0.7410666845488179,0.0,0.0,0.0,0.0,25.275,-0.00811135766050048,-0.0525525175035,-2639.663273076098,-2239.714292306992
11.010716756194446,-0.0848299927180555,-0.2859523946726142,1.4648761911103032,-2.9662349462536004,-0.7410624900705851,0.0,0.0,0.0,0.0,25.3,-0.007704311589918209,-0.0487456992269,-2647.7293905493207,-2246.55827076912
11.01359791225,-0.0802426785230555,-0.2871187593624382,1.4697806063563639,-2.9754375517384,-0.7410586284877272,0.0,0.0,0.0,0.0,25.325,-0.007285782462950155,-0.0444952845573,-2655.943847412392,-2253.5281129559685
11.016549004444444,-0.0755458987422222,-0.2881836909039677,1.4738547030363636,-2.9834108650682003,-0.7410547336144591,0.0,0.0,0.0,0.0,25.35,-0.0068574921885015405,-0.0408992245793,-2663.061009884648,-2259.5669174778827
11.01954989963889,-0.0707359198066666,-0.2891618033928152,1.477175829338182,-2.9910202682066003,-0.7410506722935035,0.0,0.0,0.0,0.0,25.375,-0.006419129678698094,-0.037287004292,-2669.853337768023,-2265.330104772868
11.022581524305556,-0.0658376639088888,-0.290044974188815,1.4797875606654545,-2.9986910045176,-0.7410459118922607,0.0,0.0,0.0,0.0,25.4,-0.00597298044597921,-0.033310353756,-2676.700413048907,-2271.139744405133
11.025629043583333,-0.0608792238766666,-0.2908246811773516,1.4817463082981817,-3.0063786804716006,-0.7410420503094028,0.0,0.0,0.0,0.0,25.425,-0.005521610026604054,-0.029015602544,-2683.5626090439127,-2276.9622137342285
11.028678682111112,-0.0558905344869444,-0.2914924688211389,1.48338848692,-3.0141025721982,-0.7410380222779848,0.0,0.0,0.0,0.0,25.45,-0.00506774529369513,-0.0243351515383,-2690.4571320687214,-2282.8121120583087
11.031721962833334,-0.0509039933483333,-0.2920399814506309,1.4845715516987879,-3.0217736005786007,-0.7410333284566896,0.0,0.0,0.0,0.0,25.475,-0.004614328888983291,-0.0194493755698,-2697.3044680574562,-2288.621972897235
11.034746170055554,-0.0459503754972222,-0.2924644227499145,1.4852291407733333,-3.0292877912486005,-0.741028601345857,0.0,0.0,0.0,0.0,25.5,-0.004164153374176876,-0.0145039595664,-2704.0118071063325,-2294.313048453858
11.03773964775,-0.0410592721569444,-0.2927651935055697,1.4854130600442421,-3.0365899443656,-0.7410244401571617,0.0,0.0,0.0,0.0,25.525,-0.0037198985904069747,-0.00956129375845,-2710.5298765689663,-2299.8435316342743
11.040691799583334,-0.0362492269938888,-0.2929500501754676,1.485144782789091,-3.0426879227178003,-0.7410201125199062,0.0,0.0,0.0,0.0,25.55,-0.0032832387364763516,-0.00539206527174,-2715.973071999742,-2304.462000484629
11.043594148416666,-0.0315235679347222,-0.2930355376449047,1.484493593158182,-3.0482937753226005,-0.7410162842257131,0.0,0.0,0.0,0.0,25.575,-0.0028544663549811607,-0.00145364028867,-2720.9769846936983,-2308.707744588592
11.046437157527777,-0.0269033532175833,-0.2930230207892813,1.483503417968485,-3.053662180905,-0.7410123893524451,0.0,0.0,0.0,0.0,25.6,-0.0024354778680155315,0.00244880514219,-2725.768946725857,-2312.773651767393
11.049215528694443,-0.0224099308252222,-0.2929135981572257,1.4822174997036366,-3.0587811648842003,-0.7410075290834623,0.0,0.0,0.0,0.0,25.625,-0.0020281920256713572,0.00629447633401,-2730.338269310569,-2316.650652748361
11.05192502338889,-0.0180640071630555,-0.2927090340968428,1.4806717011430302,-3.0636355400042,-0.7410038006578817,0.0,0.0,0.0,0.0,25.65,-0.0016344670385319417,0.0100519936532,-2734.671395954569,-2320.3272450523614
11.054558224138887,-0.0138852952255277,-0.2924119584772308,1.4788865707860606,-3.0682066142546005,-0.7409999390741512,0.0,0.0,0.0,0.0,25.675,-0.00125606966320984,0.0136914579198,-2738.751641740377,-2323.7892717797135
11.057114071305556,-0.0098918926798611,-0.292025933276283,1.4769076260660607,-3.0724587559722005,-0.7409960109113456,0.0,0.0,0.0,0.0,25.7,-0.000894617946063491,0.01716324687,-2742.547201027645,-2327.009746326486
11.059588326361112,-0.0061007133788611,-0.2915551862643876,1.4747605017466665,-3.0764036476586,-0.7409920827494128,0.0,0.0,0.0,0.0,25.725,-0.0005516221037196953,0.0204660724849,-2746.068501885423,-2329.9975167512675
11.061978869972222,-0.0025274276009027,-0.2910041782343321,1.4724726451527272,-3.0800269782562,-0.7409886539296695,0.0,0.0,0.0,0.0,25.75,-0.00022847879485318948,0.023582611233,-2749.302769935248,-2332.7417441874823
11.064285702166666,0.0008138753603111,-0.2903776695891045,1.4700690437090909,-3.0833202779288005,-0.7409852251090534,0.0,0.0,0.0,0.0,25.775,7.355878022489266e-05,0.0265003815293,-2752.242444806938,-2335.236013775583
11.066506703694444,0.0039107652588055,-0.2896809533573114,1.4675757945666665,-3.0862689435494,-0.7409817962893102,0.0,0.0,0.0,0.0,25.8,0.0003533875109387436,0.0292036868632,-2754.8744914141776,-2337.469265442332
11.068643993805557,0.0067525470836388,-0.2889194557326908,1.4650174597539394,-3.0888595402196,-0.7409789333908315,0.0,0.0,0.0,0.0,25.825,0.0006100609150875019,0.0316766425967,-2757.1869174583153,-2339.431323904025
11.0706975725,0.0093303589771111,-0.2880990023799396,1.4624139219345456,-3.0910944044554003,-0.7409760704932256,0.0,0.0,0.0,0.0,25.85,0.0008427977474778138,0.033918287605,-2759.1818085671566,-2341.123958784254
11.072668499416666,0.0116369718065,-0.2872255854123151,1.4597854706739395,-3.0929609775568,-0.7409727748316324,0.0,0.0,0.0,0.0,25.875,0.001050963623368031,0.035912360996,-2760.847954556849,-2342.5376584118712
11.074559953472225,0.0136671587824722,-0.2863054299654735,1.4571500835999998,-3.0944601357026,-0.7409699785122287,0.0,0.0,0.0,0.0,25.9,0.001234104004122269,0.0376582592726,-2762.1861375246986,-2343.673086384592
11.076372994305556,0.0154172153108611,-0.2853447278916421,1.4545227235733333,-3.0955985963322,-0.7409677148254249,0.0,0.0,0.0,0.0,25.925,0.001391901059921619,0.0391562916338,-2763.2023536112833,-2344.535330336846
11.078110800861111,0.0168850893775555,-0.2843497043299681,1.4519157085993941,-3.0963784039020004,-0.7409650516641711,0.0,0.0,0.0,0.0,25.95,0.0015241849157387926,0.040404714644,-2763.8984277453105,-2345.12593869299
11.079776551999998,0.0180703525741944,-0.2833264845483677,1.4493912205551516,-3.0968179583530007,-0.7409628878459797,0.0,0.0,0.0,0.0,25.975,0.0016309311374093137,0.0414309166372,-2764.2907841364085,-2345.458847146043
11.081375545916666,0.0189730235271944,-0.2822794960561995,1.447053444601818,-3.0969581484800006,-0.7409607906068633,0.0,0.0,0.0,0.0,26.0,0.0017121541859652703,0.0422886647284,-2764.415921061247,-2345.5650239307543
11.082914140500002,0.0195944992204444,-0.2812139320143304,1.4447741514266665,-3.0967785298856003,-0.7409587599459492,0.0,0.0,0.0,0.0,26.025,0.0017679916105134061,0.0429197400808,-2764.255589381491,-2345.4289849297497
11.084395514583331,0.0199378074871111,-0.2801354516406427,1.4425604248048485,-3.0962776422522005,-0.7409567625754452,0.0,0.0,0.0,0.0,26.05,0.001798727540972321,0.0433216579258,-2763.808485584136,-2345.0496241319943
11.085822847166666,0.0200075531999166,-0.2790496142852788,1.440407844312121,-3.0954700887166005,-0.7409558637588058,0.0,0.0,0.0,0.0,26.075,0.0018047873825649456,0.0435077100992,-2763.0876447642445,-2344.4380016181462
11.087200376722222,0.01980958713425,-0.2779618294932808,1.4383103804163635,-3.0943634629264003,-0.7409539662560416,0.0,0.0,0.0,0.0,26.1,0.001786707776639501,0.0434829816222,-2762.0998451859427,-2343.599868642618
11.088531282222222,0.0193509211142777,-0.2768771572708562,1.4362662575460605,-3.0929711997506004,-0.7409526679649523,0.0,0.0,0.0,0.0,26.125,0.001745129325224723,0.0432592816651,-2760.8570791216425,-2342.545400466848
11.089817682888889,0.0186396576464166,-0.275800441243528,1.434265839548485,-3.0913093626534,-0.7409519023064627,0.0,0.0,0.0,0.0,26.15,0.0016807902690029602,0.0428478643298,-2759.373685188158,-2341.286763189952
11.091063817333334,0.0176847767498888,-0.2747362254266182,1.4323076837715152,-3.0893957674468,-0.7409507038839859,0.0,0.0,0.0,0.0,26.175,0.0015945068066645402,0.0422615893185,-2757.665566188168,-2339.8374500990517
11.092271804805556,0.0164960955993888,-0.2736887542357202,1.430384946881212,-3.087245309356601,-0.7409500380932361,0.0,0.0,0.0,0.0,26.2,0.001487170156815137,0.0415099039674,-2755.746017942081,-2338.2087424963106
11.093443764583334,0.0150841640101666,-0.2726619558327668,1.4284874563509093,-3.0848766803736,-0.7409488729602967,0.0,0.0,0.0,0.0,26.225,0.001359736825666701,0.0406085848808,-2753.6317253498773,-2336.4147972665623
11.094581815944444,0.0134605210688333,-0.2716597084458212,1.4266218150745456,-3.0822860836936004,-0.7409482404590844,0.0,0.0,0.0,0.0,26.25,0.0012132517738963964,0.0395491570234,-2751.3192992969925,-2334.4527387974476
11.09568913777778,0.0116372232635833,-0.2706855574075714,1.4247788862745454,-3.0795126557342,-0.7409471419060926,0.0,0.0,0.0,0.0,26.275,0.0010488058126972703,0.0383644513786,-2748.8436738479872,-2332.352208113443
11.09676678975,0.0096265092078055,-0.2697423656182414,1.422956043590909,-3.0765780091312,-0.7409465426952905,0.0,0.0,0.0,0.0,26.3,0.0008675057690405312,0.0370736382902,-2746.224140937604,-2330.129574128876
11.097815831500002,0.0074409600347222,-0.2688326797243948,1.4211445941345455,-3.0734961628924,-0.7409455107196284,0.0,0.0,0.0,0.0,26.325,0.0006704886932437466,0.0356872789562,-2743.4732142539538,-2327.795454518506
11.098838382305557,0.0050933483160277,-0.2679586635450954,1.419348717891515,-3.070286393167,-0.7409455107196284,0.0,0.0,0.0,0.0,26.35,0.00045890823350917744,0.0342223122716,-2740.608100130216,-2325.364448595334
11.09983550177778,0.0025965997742277,-0.2671221147118772,1.4175539328836362,-3.0669685602234,-0.740945011376566,0.0,0.0,0.0,0.0,26.375,0.0002339313743714329,0.0326915867627,-2737.6465262977727,-2322.851598070837
11.100808249583332,-3.6267366441388894e-05,-0.2663246144790797,1.4157578346945454,-3.0634617626704,-0.7409445120343764,0.0,0.0,0.0,0.0,26.4,-3.267092415793254e-06,0.0310357417911,-2734.5162783180867,-2320.195630088073
11.10217200386111,-0.0017851098285361,-0.265037542013591,1.3651056093163636,-2.8605634272068,-0.7407821257874474,0.0,0.0,0.0,0.0,26.425,-0.00016078924267389074,0.133079528809,-2553.404567400168,-2166.5250874910516
11.105889214416669,0.0002318364244677,-0.2616807106826535,1.325667317708485,-2.6543495953058,-0.7407919794826898,0.0,0.0,0.0,0.0,26.45,2.087508888227975e-05,0.233160585165,-2369.3333682688663,-2010.3434639857041
11.112235387166669,0.0062030279595,-0.2558716239762931,1.288189678769697,-2.4480047732630004,-0.7405943396399958,0.0,0.0,0.0,0.0,26.475,0.0005582160333521887,0.333099514246,-2185.145244330662,-1854.0626315532886
11.1209487915,0.0150678700043055,-0.2477892962527604,1.239638986298788,-2.242525479194,-0.7406687417039214,0.0,0.0,0.0,0.0,26.5,0.0013549086761214316,0.437745004892,-2001.7297105264477,-1698.4373301436524
11.13178465102778,0.0264603272080555,-0.2371177101587028,1.2707787716024244,-2.2373434096552,-0.7405495652443631,0.0,0.0,0.0,0.0,26.525,0.0023770067457792995,0.420032233,-1997.1040763233714,-1694.512549607709
11.142956415805555,0.0351508541238888,-0.226716102021686,1.2774319365527271,-2.2312832534328,-0.740566043554075,0.0,0.0,0.0,0.0,26.55,0.0031545357275228687,0.412363052368,-1991.6946417937042,-1689.9227263704156
11.154065661972222,0.0411747230425,-0.2164999830531615,1.275170269590909,-2.2263285547524,-0.7405748985649381,0.0,0.0,0.0,0.0,26.575,0.0036914542455024095,0.404845625162,-1987.2719640371836,-1686.1701513042765
11.164950264833331,0.0445618770188888,-0.2064741635899872,1.2679142067654543,-2.22157640159,-0.7405885805543736,0.0,0.0,0.0,0.0,26.6,0.003991229334827136,0.397400915623,-1983.030083058615,-1682.5709795648852
11.175530751555556,0.0453511666919444,-0.196616339656009,1.256841523141212,-2.216398859024,-0.7406077886035416,0.0,0.0,0.0,0.0,26.625,0.004058077213525795,0.391242712736,-1978.4084897353575,-1678.6496276542423
11.185743543833333,0.0436628071797222,-0.1869377298192517,1.2414163670399998,-2.2056010067462,-0.7406294267872007,0.0,0.0,0.0,0.0,26.65,0.0039034335990827695,0.383254259825,-1968.7700789726327,-1670.4715821585974
11.195519765222222,0.0396305571,-0.1774420292157583,1.2212879157781817,-2.1932404726736,-0.7406507320763578,0.0,0.0,0.0,0.0,26.675,0.003539858615864215,0.376662969589,-1957.7367825750416,-1661.1099973363985
11.204696231416667,0.0340272610386111,-0.1686247023211194,1.1926797392872728,-2.0831865519262003,-0.740665246305103,0.0,0.0,0.0,0.0,26.7,0.00303687492599778,0.292444109917,-1859.500127088223,-1577.7576835900072
11.213099161777777,0.0311637587016666,-0.1634252631220772,1.1574495257751516,-1.9596602141844,-0.7406798604007157,0.0,0.0,0.0,0.0,26.725,0.0027792279593758405,0.197865858674,-1749.23768298919,-1484.20167041507
11.220768822555556,0.0271660544806111,-0.1583208155502762,1.1175612016157574,-1.9694389134630004,-0.740693209495649,0.0,0.0,0.0,0.0,26.75,0.0024210510803861275,0.211184859276,-1757.9663743944325,-1491.607832819518
11.227334340416666,0.0222991613878055,-0.1534841321813602,1.061734452680606,-1.8371242612576,-0.7406948406821132,0.0,0.0,0.0,0.0,26.775,0.0019861492239998564,0.112788498402,-1639.8592791061692,-1391.3957519688706
11.232432259444444,0.0231533642444444,-0.1535426551462015,1.006300566702424,-1.6624551057800003,-0.7407030631917642,0.0,0.0,0.0,0.0,26.8,0.002061295693546392,-0.0238690115511,-1483.945582126574,-1259.1053424104264
11.236507627694444,0.0244554732408888,-0.1538709729743184,0.9528973388672727,-1.6868870317950002,-0.7407124508343544,0.0,0.0,0.0,0.0,26.825,0.0021764300840782396,-0.0022325576283,-1505.7540800202912,-1277.6095224414591
11.239330503666666,0.0251867125431666,-0.1536621145658685,0.8998280658145453,-1.7098898947228005,-0.7407219050568923,0.0,0.0,0.0,0.0,26.85,0.0022409442034781167,0.0185462012887,-1526.286963404205,-1295.031362888416
11.240928437972222,0.0252638529572222,-0.1529685275495521,0.8484262547351515,-1.7294516742230002,-0.7407351875718781,0.0,0.0,0.0,0.0,26.875,0.002247488105331236,0.0363523289561,-1543.748256744957,-1309.8470057229933
11.241353352861111,0.0246520775059722,-0.1518728198532171,0.7997936456854545,-1.745161584019,-0.7407505007486505,0.0,0.0,0.0,0.0,26.9,0.0021929812836723826,0.0506967902184,-1557.771282784173,-1321.745330847177
11.240682601916667,0.0233470379478333,-0.1504636414520128,0.7547004098606062,-1.7567436248096,-0.7407663798466875,0.0,0.0,0.0,0.0,26.925,0.002077012471097828,0.0614746548235,-1568.1096782111922,-1330.5173027246478
11.23901049297222,0.0213702747391388,-0.1488249651437768,0.7138334701993939,-1.7643956691004,-0.7407801949951458,0.0,0.0,0.0,0.0,26.95,0.0019014373865476578,0.0691303685308,-1574.940068565849,-1336.312785449811
11.236445109055555,0.0187526394923611,-0.1470245683783144,0.6776054058648484,-1.7689242482184002,-0.7407926119839021,0.0,0.0,0.0,0.0,26.975,0.001668912125708528,0.0745115354657,-1578.9823822211788,-1339.7426273391816
11.233109368222223,0.0155338013751666,-0.1451205413570032,0.6463312599872728,-1.7701717942944002,-0.740802565547757,0.0,0.0,0.0,0.0,27.0,0.001382858553759903,0.0775336623192,-1580.0959704808213,-1340.687490104939
11.2291261885,0.011749221012,-0.1431566431453677,0.6202183209042424,-1.7697377890346002,-0.740810754768743,0.0,0.0,0.0,0.0,27.025,0.0010463165890888858,0.0793155133724,-1579.7085674251473,-1340.3587844819428
11.224621666805554,0.0074320881523888,-0.14117020793291,0.599194326689697,-1.767153763774,-0.7408169799070173,0.0,0.0,0.0,0.0,27.05,0.0006621237109815139,0.0793330818415,-1577.4020071720379,-1338.4017030550622
11.219713423,0.0026183381366222,-0.1391955904980575,0.583016079989697,-1.7637569278462002,-0.7408223062295247,0.0,0.0,0.0,0.0,27.075,0.00023336943092099868,0.0784736201167,-1574.3699134627147,-1335.8290174835154
11.214510599777778,-0.0026618813474972,-0.1372591727798088,0.5713560439600001,-1.7588479369832002,-0.7408255686024532,0.0,0.0,0.0,0.0,27.1,-0.00023736045579643455,0.0761145949364,-1569.988035553037,-1332.1110604692433
11.209113862777777,-0.0083591571698611,-0.1353961750840427,0.5638862563630304,-1.7531838178610002,-0.7408286645268216,0.0,0.0,0.0,0.0,27.125,-0.0007457464766790747,0.0727986320853,-1564.9321128283848,-1327.8211866422655
11.203615400527775,-0.0144341091314999,-0.133628402041931,0.5602051243636363,-1.7464108824722,-0.7408319934788251,0.0,0.0,0.0,0.0,27.15,-0.0012883438618233845,0.0682566463947,-1558.886435255923,-1322.6915208232072
11.1980957455,-0.0208167338536944,-0.131993787054476,0.5599915937939394,-1.7383807629328,-0.7408345900601311,0.0,0.0,0.0,0.0,27.175,-0.0018589530154767332,0.0624285154045,-1551.7185662572292,-1316.609692581891
11.19263013202778,-0.0274493607381944,-0.1305125535007791,0.5628493152963636,-1.7296369880482,-0.74083665400971,0.0,0.0,0.0,0.0,27.2,-0.002452449550677806,0.055785458535,-1543.9136721184343,-1309.9873581610957
11.187286376944444,-0.0342470780013888,-0.1292192059622735,0.5684312300248484,-1.7191316366154,-0.7408401161198634,0.0,0.0,0.0,0.0,27.225,-0.003061249783680126,0.0475724190474,-1534.5363543230908,-1302.030846092319
11.182119581444445,-0.041130197545,-0.1281358819649828,0.57631652832,-1.7082826733588,-0.7408426461220945,0.0,0.0,0.0,0.0,27.25,-0.0036782112054365122,0.0389154292643,-1524.85232072765,-1293.8140903143697
11.177179548472225,-0.0480110115475,-0.1272858758464889,0.5861834346884849,-1.6957353651532,-0.7408454091519607,0.0,0.0,0.0,0.0,27.275,-0.00429544961135231,0.028838057071,-1513.6523054523236,-1284.3110470504562
11.172508663611112,-0.0547887136538888,-0.1266948371768384,0.5976189908115151,-1.6829542607094,-0.7408492374461538,0.0,0.0,0.0,0.0,27.3,-0.004903886432626879,0.0184961780906,-1502.2435982889644,-1274.6309318815454
11.168136596666669,-0.0613912733063888,-0.1263636148386265,0.6102778301818181,-1.6698805093810003,-0.7408524998190823,0.0,0.0,0.0,0.0,27.325,-0.005497002366958167,0.00785891152918,-1490.5736677999257,-1264.7291726787248
11.16408665975,-0.0677191590269444,-0.1263115333944894,0.6237380426575758,-1.655775338413,-0.7408558620597506,0.0,0.0,0.0,0.0,27.35,-0.006065803776953202,-0.00362220942043,-1477.9830684686533,-1254.0462399127966
11.16037368775,-0.0736942225033333,-0.1265382849166854,0.6377194028915151,-1.642673695089,-0.7408593907481063,0.0,0.0,0.0,0.0,27.375,-0.006603203850084566,-0.0143508529291,-1466.2882409441977,-1244.1233559526522
11.157005098138889,-0.0792684406041666,-0.1270225641160576,0.6518835079309091,-1.6304905891442,-0.7408635186481368,0.0,0.0,0.0,0.0,27.4,-0.0071048135146401835,-0.0243774745613,-1455.4133209656018,-1234.8961511223285
11.15329000686111,-0.0856537123522222,-0.128900134296518,0.7244712968303031,-1.7655899137212,-0.7399279501567828,0.0,0.0,0.0,0.0,27.425,-0.007679681268892952,-0.161836311221,-1576.0060787232683,-1337.217278916712
11.145990159777778,-0.0967771477169444,-0.136547451300905,0.813303037701212,-2.0385993748946003,-0.738814049741388,0.0,0.0,0.0,0.0,27.45,-0.008682687345820686,-0.430442541838,-1819.7005895575574,-1543.9883790185334
11.134301291583332,-0.1104118923347222,-0.1499111353943411,0.8345769801284848,-2.1605456531092,-0.7387141479109453,0.0,0.0,0.0,0.0,27.475,-0.009916373685539211,-0.57099789381,-1928.55263625895,-1636.34769137123
11.121982998305556,-0.1206617636813889,-0.1642308859966113,0.8476876368666667,-2.1571324616674,-0.7387909801076168,0.0,0.0,0.0,0.0,27.5,-0.0108489433673628,-0.571973145008,-1925.5059432424582,-1633.762618508752
11.110329098166666,-0.1270880136225,-0.1783918955525549,0.8724195630618181,-2.1669628560538,-0.7387977045898261,0.0,0.0,0.0,0.0,27.525,-0.011438726296907892,-0.559177935123,-1934.2807788873677,-1641.2079336014024
11.099454032055556,-0.1300357447730555,-0.1921129176082981,0.8960453842624242,-2.1847875922964,-0.7387944089282327,0.0,0.0,0.0,0.0,27.55,-0.011715508204052953,-0.537299275398,-1950.1915475498195,-1654.7079797392403
11.089319652972222,-0.1297999835677777,-0.2052480941570029,0.9187231445315152,-2.205314347152,-0.7387824912816661,0.0,0.0,0.0,0.0,27.575,-0.011704954643722256,-0.513471841812,-1968.5142000397773,-1670.254472761023
11.079877217611113,-0.1265447835127778,-0.2178365736703205,0.9422949403709091,-2.2232196927066,-0.7387642486282127,0.0,0.0,0.0,0.0,27.6,-0.011421135904975451,-0.494422346354,-1984.49692242417,-1683.8155705417198
11.071099175333334,-0.1203087800077777,-0.2300355492273318,0.9678943425957575,-2.2362205743808,-0.7387407795217369,0.0,0.0,0.0,0.0,27.625,-0.010866922796232234,-0.482883840799,-1996.1018077874521,-1693.662139940868
11.06296963161111,-0.1110298269325,-0.2420474044293866,0.9957900908496969,-2.2431970775158003,-0.7387159122546868,0.0,0.0,0.0,0.0,27.65,-0.010036168463777173,-0.479480922222,-2002.3291946022186,-1698.9459832988518
11.05554474725,-0.0986784282658333,-0.2539597739197808,1.0979910925660605,-2.3527464598456,-0.7386902460396094,0.0,0.0,0.0,0.0,27.675,-0.008925695704897667,-0.372161149979,-2100.1154875179172,-1781.9161712273233
11.049588521333332,-0.0883096290958333,-0.2619516873240736,1.0845873098660606,-2.4805626153952,-0.738677496156351,0.0,0.0,0.0,0.0,27.7,-0.007992119247276473,-0.291632354259,-2214.207121447027,-1878.721193955053
11.044158935555556,-0.0795192271472222,-0.270064608110741,1.1976694187969696,-2.7677666187248007,-0.7191460058797507,0.0,0.0,0.0,0.0,27.725,-0.007200116152912113,-0.331289231777,-2470.572006386318,-2096.242914509603
11.037160025694444,-0.0798446602291666,-0.2804421812191449,1.2753228389854545,-3.2493030488506003,-0.6876506305905818,0.0,0.0,0.0,0.0,27.75,-0.007234167126623941,-0.481659054756,-2900.4024755723804,-2460.94755503111
11.027614805444443,-0.0861112111144444,-0.2944525057931689,1.2962533106951515,-3.4676614344078005,-0.6561374787006118,0.0,0.0,0.0,0.0,27.775,-0.007808688699566332,-0.575856983662,-3095.3141820246683,-2626.327184748203
11.019396252111113,-0.0899265458186111,-0.3089177648601262,1.3219256036933333,-3.4828393518898006,-0.6247090319790022,0.0,0.0,0.0,0.0,27.8,-0.00816075071276095,-0.581235766411,-3108.862339514749,-2637.8225911034224
11.013813018805555,-0.0900569972063888,-0.3234653156044124,1.3514206395,-3.4889881491710004,-0.5933282891305788,0.0,0.0,0.0,0.0,27.825,-0.008176731986698958,-0.580673575401,-3114.3508970878847,-2642.4795490442657
11.010884179,-0.0864014691777777,-0.3378719518368687,1.3754381954309092,-3.495996195076001,-0.5619678029504452,0.0,0.0,0.0,0.0,27.85,-0.00784691472303041,-0.571499407291,-3120.6064397030864,-2647.7872821723154
11.010456085194445,-0.0790554036697222,-0.352018097626105,1.396317878492121,-3.50742519498,-0.530621747774777,0.0,0.0,0.0,0.0,27.875,-0.007180029878691994,-0.560183465481,-3130.8082273223117,-2656.443344394688
11.012359195277778,-0.0681813144022222,-0.3659079807390189,1.41560683741697,-3.5224436461956,-0.4993117784315656,0.0,0.0,0.0,0.0,27.9,-0.00619134494191391,-0.551158964634,-3144.214041563122,-2667.817974659618
11.016453637027778,-0.0538748337163888,-0.3796167688971529,1.4339452385175757,-3.5382716953738003,-0.4680558879040426,0.0,0.0,0.0,0.0,27.925,-0.004890397172399316,-0.545769274235,-3158.342521526286,-2679.805775840485
11.022618611666664,-0.0361431472830555,-0.3932263875937962,1.450709006568485,-3.5527276337140004,-0.4368714699611462,0.0,0.0,0.0,0.0,27.95,-0.003278998263153234,-0.54324054718,-3171.2462238643825,-2690.7543717637177
11.030743916833334,-0.0149237643927222,-0.4067893343937881,1.465055079604242,-3.564514410499,-0.4057731054115696,0.0,0.0,0.0,0.0,27.975,-0.0013529245629524558,-0.541826367378,-3181.767371338862,-2699.6814059844883
11.04193581475,0.0043654969583055,-0.4165671969145709,1.540029925721818,-4.0737161934378,-0.3747612270184273,0.0,0.0,0.0,0.0,28.0,0.00039535612518902687,-0.158075258136,-3636.2925693883317,-3085.3391497840385
11.054832670416667,0.0167340122991111,-0.4193916124086135,1.5522813831678788,-4.3287097632926,-0.3438164436405317,0.0,0.0,0.0,0.0,28.025,0.0015137282307214135,0.0468598902225,-3863.905682152165,-3278.465427280624
11.06971104938889,0.0194323911434999,-0.414487734156362,1.538197132457576,-4.56708262563,-0.3129546343741746,0.0,0.0,0.0,0.0,28.05,0.0017554560418785888,0.252138763666,-4076.682769927107,-3459.0035623623935
11.08608139886111,0.0191079928643055,-0.4080976122798214,1.5274330092921211,-4.5679240584418,-0.2821489012940096,0.0,0.0,0.0,0.0,28.075,0.0017236020715370622,0.253261119127,-4077.4338521664927,-3459.6408442624784
11.10376675925,0.0171285339941666,-0.4019856242891519,1.5070846280181818,-4.577349799871801,-0.2513544866487365,0.0,0.0,0.0,0.0,28.1,0.001542587697089158,0.232877641916,-4085.8474852954027,-3466.7796844930685
11.122459835472222,0.0132847732553888,-0.3964951182261675,1.475526677911515,-4.603127843146,-0.2205841070320763,0.0,0.0,0.0,0.0,28.125,0.0011944096406642382,0.206334397197,-4108.857558349176,-3486.3033828417238
11.141895718055556,0.0073397609715555,-0.3916697366474619,1.4319824588660606,-4.6462631762064,-0.1898482070292166,0.0,0.0,0.0,0.0,28.15,0.0006587533358135225,0.179759800434,-4147.361146630139,-3518.9730941104203
11.161842346194444,-0.0008716075939861,-0.3875122425802836,1.3749232066763635,-4.696739214662601,-0.159130882574836,0.0,0.0,0.0,0.0,28.175,-7.808814772260862e-05,0.15411888063,-4192.4172170226,-3557.202487170691
11.182078255555556,-0.01102469240625,-0.3838437048889165,1.3027247573393939,-4.7251504957692,-0.1284435103604736,0.0,0.0,0.0,0.0,28.2,-0.000985925170106249,0.142906412482,-4217.777778600541,-3578.72053941864
11.202444500388888,-0.0217402685019722,-0.3798224315114002,1.2159049479163635,-4.6479980289974,-0.0977454938240479,0.0,0.0,0.0,0.0,28.225,-0.0019406718329394532,0.202298343182,-4148.90971604768,-3520.287031798031
11.22309472825,-0.0280024401016666,-0.3716094091579378,1.112300618489697,-4.202924758193,-0.0668698069923315,0.0,0.0,0.0,0.0,28.25,-0.002495072952666147,0.516369760036,-3751.627099731293,-3183.1987512871574
11.243671841083334,-0.0197349012725833,-0.3508045284052843,0.9883689371739393,-3.2168017208586,-0.0372891113688779,0.0,0.0,0.0,0.0,28.275,-0.0017552007521665477,1.18686461449,-2871.3910442746032,-2436.3317951420872
11.262630886499998,0.0080963772618055,-0.3116679114492658,0.8353855757278787,-2.0500098288082,-0.0113351719761088,0.0,0.0,0.0,0.0,28.3,0.0007188708698169498,1.94161057472,-1829.8858226001064,-1552.6303949334235
11.27823935613889,0.0514005662666666,-0.2539255356544728,0.6841081838896971,-0.91300154775396,0.0160352273789856,0.0,0.0,0.0,0.0,28.325,0.004557499148897617,2.66517043114,-814.9661356590676,-691.4864181349664
11.288892957888889,0.1025942050747222,-0.1798674199544997,0.5300597774624243,0.014248974225444,0.0467815183914722,0.0,0.0,0.0,0.0,28.35,0.009088066071441261,3.20513105392,12.718961419269275,10.791846052713323
11.29390398661111,0.1484887964194444,-0.0975798035923995,0.3812814516012121,0.43246616274106,0.0771328017568191,0.0,0.0,0.0,0.0,28.375,0.01314769424244065,3.30421495438,386.02922231558557,327.53994620716344
11.293968624527777,0.1778918008008333,-0.0166786850691647,0.24876533739484846,0.6233911663294001,0.1073607037817763,0.0,0.0,0.0,0.0,28.4,0.015751044359596962,3.14945888519,556.4532624038662,472.14216203964395
11.28983921475,0.1903544200791666,0.0593388534828068,0.13929909446030303,0.8768291369082001,0.137609565716699,0.0,0.0,0.0,0.0,28.425,0.016860684767810642,2.92051005363,782.6778115516639,664.0902643468663
11.2821123335,0.1903073655233333,0.1285950359041311,0.05733278419030303,1.2613225311050005,0.1678691551975286,0.0,0.0,0.0,0.0,28.45,0.016868061573740337,2.60299992561,1125.8854396502832,955.2967366729674
11.271377139611111,0.1828453275891666,0.1886574827388799,0.005372391903030301,1.7348489940194,0.1981892275626902,0.0,0.0,0.0,0.0,28.475,0.01622209294608655,2.19165849686,1548.5660282681367,1313.9348118638734
11.25820265875,0.1725894874997222,0.2378014934134721,-0.01913481842386667,2.2615923583512,0.2285869393976837,0.0,0.0,0.0,0.0,28.5,0.015330110207741174,1.73874294758,2018.7492444626696,1712.8781468168104
11.242991553416664,0.1635060045455555,0.2755653839877501,-0.024030820962187886,2.79495882988,0.2590795846011771,0.0,0.0,0.0,0.0,28.525,0.014542926921960304,1.28362667561,2494.8443981469836,2116.8376711550163
11.226046880083334,0.1584046085675,0.3023219470771827,-0.014981698700890899,3.2883471667774,0.2896466984485437,0.0,0.0,0.0,0.0,28.55,0.01411045315056836,0.868860006332,2935.2541513283513,2490.518673854358
11.207559373638889,0.1583097378413888,0.319919782665924,0.0056679847023636395,3.6744392395018006,0.320308121486673,0.0,0.0,0.0,0.0,28.575,0.014125264258135135,0.561468064785,3279.8887965716895,2782.9359486062813
11.187738842444444,0.1622882650958333,0.3313560621767105,0.04070588328643031,3.925378102065,0.3510760543236367,0.0,0.0,0.0,0.0,28.6,0.014505903952650223,0.370834589005,3503.8825845481847,2972.991283859065
11.16694026522222,0.1686494217977777,0.3390718057769709,0.09171509656060603,4.0753187417992,0.38194557011225,0.0,0.0,0.0,0.0,28.625,0.015102563261935889,0.256054341793,3637.723040835516,3086.5528831331644
11.145544052111113,0.1763128737608333,0.3444850135862684,0.15819859360218186,4.1710297524966,0.4129014056096102,0.0,0.0,0.0,0.0,28.65,0.015819135695528234,0.181517630816,3723.156885630162,3159.042205989228
11.123899883694444,0.1848088370427777,0.3483688678525183,0.23903952858654545,4.2335335195048005,0.4439417631806931,0.0,0.0,0.0,0.0,28.675,0.016613673169935023,0.131692647934,3778.949182574367,3206.3811246085534
11.102354261611111,0.1938034428491666,0.3511798010934776,0.3323756584976667,4.270251065491601,0.4750846191661428,0.0,0.0,0.0,0.0,28.7,0.017456067270280286,0.0942954048514,3811.7241068199614,3234.190151241179
11.081274880305552,0.2029289801916666,0.3531543353045737,0.43588109103121214,4.278122740983,0.5063329030400221,0.0,0.0,0.0,0.0,28.725,0.018312782814577298,0.0651828944683,3818.7505450249896,3240.1519775969605
11.061038970944445,0.2115981943077777,0.3544963021781101,0.5469197128758182,4.253537482021801,0.5376603660225296,0.0,0.0,0.0,0.0,28.75,0.01913004690279203,0.0423759557307,3796.8051786243786,3221.531666711593
11.042002571944444,0.2192614641455555,0.3553017419590535,0.6630668871327272,4.205458986762601,0.5690623975157777,0.0,0.0,0.0,0.0,28.775,0.019857037952758293,0.0220348499715,3753.889210315141,3185.11811784315
11.024417877194445,0.225633184115,0.3556272468244815,0.7825699962266667,4.1482786476586,0.600518341375281,0.0,0.0,0.0,0.0,28.8,0.02046667557674441,0.00436009652913,3702.848727295259,3141.8110413414315
11.008374955916668,0.2307527263958333,0.3555721193887988,0.9039892948036363,4.094775378706601,0.6320068423806309,0.0,0.0,0.0,0.0,28.825,0.02096156129491308,-0.00801083538681,3655.0904814848263,3101.2888933810646
10.993809170194446,0.2348722848627778,0.3552909228672239,1.026018954190909,4.0519291877764,0.663508376228999,0.0,0.0,0.0,0.0,28.85,0.02136404964164242,-0.0136459488422,3616.844988105328,3068.838171725732
10.98056899177778,0.2382920848,0.3549466094279505,1.1471116684424243,4.0202164292304,0.6950054492837071,0.0,0.0,0.0,0.0,28.875,0.02170125108985085,-0.0133092291653,3588.5374519933657,3044.819656236795
10.96847216288889,0.2412363886833333,0.3546618842188926,1.265626812559394,3.9966019868852,0.726492002852423,0.0,0.0,0.0,0.0,28.9,0.021993618172231943,-0.00929400790483,3567.458658785232,3026.934619575348
10.957822799694444,0.244344704681111,0.354433784470341,1.361131499319394,3.9829500973262006,0.7382493930114343,0.0,0.0,0.0,0.0,28.925,0.022298654499863284,-0.00656982138753,3555.272668842814,3016.5949917454172
10.948963165277778,0.2469001379277777,0.3544172062928893,1.4507751464842422,3.978784698250601,0.7381814824029556,0.0,0.0,0.0,0.0,28.95,0.02255009302714316,0.00528468657285,3551.5545380286108,3013.440214084881
10.94218148125,0.2494678894677777,0.3547020313714324,1.537349927498182,3.9797549307376,0.7381814824029554,0.0,0.0,0.0,0.0,28.975,0.022798734410981392,0.0172792598605,3552.4205898141367,3014.175045902903
10.937305026583331,0.2520154582130555,0.3552760424553114,1.6170034697557576,3.9817581892018,0.738183612932482,0.0,0.0,0.0,0.0,29.0,0.02304182406914016,0.0283425021917,3554.208744295706,3015.6922678872647
10.934178034472222,0.2544505894183333,0.3561090792445064,1.6897622588181818,3.9829994559278,0.7381867754367981,0.0,0.0,0.0,0.0,29.025,0.023271121854438994,0.0379624441266,3555.3167274634216,3016.632374817448
10.93266910977778,0.2566653986772222,0.3571613607705171,1.756183712121212,3.983022820950601,0.7381918021525955,0.0,0.0,0.0,0.0,29.05,0.02347692005492694,0.0458768866956,3555.33758361902,3016.6500709494712
10.932663811583334,0.2585634092488889,0.35838947750613,1.8167981326939397,3.982119178767801,0.7381971284751029,0.0,0.0,0.0,0.0,29.075,0.023650540591483,0.0520590879023,3554.5309718673243,3015.9656730995475
10.934051937527776,0.2600728968780555,0.3597513515091214,1.8720410156248484,3.98092931509,0.7382017890068606,0.0,0.0,0.0,0.0,29.1,0.023785591870607012,0.0566095560789,3553.468872240173,3015.0644976583276
10.936720106333333,0.2611501680480555,0.3612086665471503,1.9219250118375757,3.9800154507134,0.7382062165118558,0.0,0.0,0.0,0.0,29.125,0.023878289423976972,0.059766240418,3552.653135923683,3014.372357753427
10.94054751925,0.2617673575877777,0.3627334927183354,1.9664315148557574,3.9792998969514,0.7382079142773951,0.0,0.0,0.0,0.0,29.15,0.023926348944346292,0.0620676092803,3552.0144162131764,3013.830413756634
10.945401721527778,0.2619136869908333,0.3643005965724596,2.005407122987879,3.979786765577,0.7382088130940345,0.0,0.0,0.0,0.0,29.175,0.023929106820784182,0.0630716234446,3552.4490063224207,3014.199156879629
10.951142840916669,0.2616073522302777,0.3658760560943845,2.038631961706667,3.981738036873801,0.7382071486189055,0.0,0.0,0.0,0.0,29.2,0.023888589166496506,0.0627519637346,3554.1907558652206,3015.6770049765505
10.957624647361111,0.26087825497,0.3674276470345114,2.065968461470303,3.9851268410646,0.7382055840115161,0.0,0.0,0.0,0.0,29.225,0.023807920362815718,0.061169616878,3557.2156802617624,3018.2436074948278
10.96469985113889,0.2597643269433333,0.3689246098846357,2.087360728870909,3.9898275911788,0.7382015559800982,0.0,0.0,0.0,0.0,29.25,0.02369096559595764,0.0583907291293,3561.4116776997653,3021.8038477452546
10.972217983666669,0.2583098245991666,0.3703372503947717,2.1026465583569696,3.9957100272138,0.738197860844055,0.0,0.0,0.0,0.0,29.275,0.023542170323601726,0.0544242337346,3566.6624751113345,3026.259069791435
10.980024337777778,0.2565640045536111,0.3716371060339292,2.111638738458182,4.002432435752801,0.7381925012320101,0.0,0.0,0.0,0.0,29.3,0.02336643313903041,0.049453061074,3572.663051258033,3031.350467734088
10.987966325555554,0.2545748816597222,0.3728019394050287,2.1145563668915153,4.0098604679098,0.7381871083313004,0.0,0.0,0.0,0.0,29.325,0.023168516731584616,0.043577965349,3579.2934832407973,3036.9762888103733
10.995899836222222,0.2523996763758334,0.3738093799545864,2.1118773304333334,4.017942136527201,0.7381801508232014,0.0,0.0,0.0,0.0,29.35,0.0229539810415869,0.0369092524052,3586.5073661296083,3043.097159140273
11.003694534305556,0.2500968840386111,0.374643348850831,2.1042395019539395,4.026397061351001,0.7381730934456172,0.0,0.0,0.0,0.0,29.375,0.022728446637526975,0.0297485254705,3594.054426074787,3049.5007251543643
11.011234919222224,0.2477188408375,0.3752980537159849,2.0923478190103033,4.0344273269202,0.7381648376464289,0.0,0.0,0.0,0.0,29.4,0.022496917253582452,0.0227815061808,3601.222425423032,3055.582663995299
11.018425623583331,0.2452995048627777,0.3757838475883529,2.0770126435260607,4.0420370221182,0.7381566151367781,0.0,0.0,0.0,0.0,29.425,0.022262663763664196,0.0160817317665,3608.015014005509,3061.3460724895217
11.025190353388888,0.2428847054641666,0.3761029275756637,2.059010564630909,4.049504190683,0.7381484592062022,0.0,0.0,0.0,0.0,29.45,0.022029978411167248,0.00947654712945,3614.680380044088,3067.001534582862
11.03147188822222,0.2405185997486111,0.3762597211855308,2.0390976784448482,4.056664985415001,0.7381389051150519,0.0,0.0,0.0,0.0,29.475,0.021802947257237852,0.00311667681672,3621.0722697679807,3072.4249561667707
11.037231021444445,0.2382405267822222,0.3762619848723346,2.017988577178182,4.0633663654374,0.7381306493158634,0.0,0.0,0.0,0.0,29.5,0.021585171708315264,-0.00286144483835,3627.0540753781384,3077.500427593571
11.042447619972222,0.2360840307341666,0.37612077075554,1.9963418486624243,4.0694815754922,0.7381224600957501,0.0,0.0,0.0,0.0,29.525,0.02137968309735668,-0.00834235362709,3632.5126522221367,3082.131947339994
11.047115325916666,0.2340767284233333,0.375849727535045,1.9747507176254548,4.0749191999446,0.7381136383744245,0.0,0.0,0.0,0.0,29.55,0.02118894584853174,-0.0132395308465,3637.3664006062863,3086.250279302303
11.051241556805556,0.2322406735686111,0.3754640019408072,1.9537358694363633,4.0796365976324,0.738106580997713,0.0,0.0,0.0,0.0,29.575,0.02101489433335145,-0.0175055321306,3641.577258050561,3089.8231280429
11.054848565,0.2305924561288888,0.3749800389921284,1.9337357584636365,4.0835993051504005,0.7380990908570141,0.0,0.0,0.0,0.0,29.6,0.020858943003430348,-0.0211009476334,3645.1144617285136,3092.8243917696473
11.057964960722224,0.229143549998611,0.3744146831810148,1.9151065340915154,4.086807614568,0.7380926992701798,0.0,0.0,0.0,0.0,29.625,0.020722036180484068,-0.0240172222257,3647.9782723479943,3095.2542916892066
11.060628891,0.2279006772572222,0.373784745716044,1.8981178237454546,4.089286059136601,0.7380869068950202,0.0,0.0,0.0,0.0,29.65,0.02060467623524231,-0.0262676924467,3650.1905888522615,3097.1314087231303
11.062884860555556,0.2268655598163889,0.3731073041133665,1.8829853589612122,4.0909700930084005,0.7380821132051126,0.0,0.0,0.0,0.0,29.675,0.02050690779809817,-0.027794862166,3651.6937961361873,3098.4068573276736
11.064780553194444,0.2260332637363888,0.3724002681336789,1.8698505563448486,4.0919490873814,0.7380776191210423,0.0,0.0,0.0,0.0,29.7,0.020428174119651397,-0.0286732986569,3652.5676689822503,3099.1483251970603
11.066366831472225,0.2253982755872222,0.3716780854240335,1.8587320223715154,4.0923588514298,0.7380734579314745,0.0,0.0,0.0,0.0,29.725,0.02036786589670967,-0.0290180984885,3652.933433776273,3099.458671082898
11.067693498388888,0.2249528136519444,0.3709533061339548,1.8495736416903028,4.0922627627826005,0.7380702288480835,0.0,0.0,0.0,0.0,29.75,0.020325175582852066,-0.0288927350193,3652.847662844469,3099.3858957468215
11.068808237722225,0.2246867120266666,0.3702369490907518,1.8422695830375757,4.0917145609844,0.73806733266094,0.0,0.0,0.0,0.0,29.775,0.02029908795970824,-0.0283571165055,3652.3583253377146,3098.9707002865453
11.069756613833334,0.2245881822375,0.3695383353579399,1.8366677394060604,4.0907852172824,0.7380652687113611,0.0,0.0,0.0,0.0,29.8,0.020288448072728456,-0.0274795107543,3651.52877182011,3098.2668366958505
11.070579952666666,0.2246440119213889,0.3688653878384599,1.8325949559066668,4.089529931548601,0.7380636042353593,0.0,0.0,0.0,0.0,29.825,0.020291982252228526,-0.0263158902526,3650.408274964284,3097.316112090907
11.07131428188889,0.2248400780888888,0.3682244648330994,1.8298523319133335,4.0880062401318,0.7380626721291823,0.0,0.0,0.0,0.0,29.85,0.02030834572700149,-0.0249226540327,3649.0481930356805,3096.162103181789
11.07199033102778,0.2251616782611111,0.3676205930559103,1.8282201778527272,4.0862728476486,0.7380619397602303,0.0,0.0,0.0,0.0,29.875,0.02033615199519507,-0.0233605559915,3647.5009271223985,3094.8492714977924
11.072634591,0.2255939278338889,0.3670574676429358,1.8274888287169697,4.084377360343001,0.7380614737067054,0.0,0.0,0.0,0.0,29.9,0.02037400638302062,-0.0216727145016,3645.808971650433,3093.413672915518
11.073269314222223,0.2261219587591666,0.3665376851781,1.8274714059539394,4.082363295556,0.738061107521793,0.0,0.0,0.0,0.0,29.925,0.020420523726334495,-0.0198988243937,3644.0111711971185,3091.8882664702815
11.073909335666666,0.2267311678991666,0.3660630100025264,1.8280048532193938,4.0802674531892,0.7380608744959033,0.0,0.0,0.0,0.0,29.95,0.020474356528178767,-0.0180689189583,3642.140374199212,3090.3009235629675
11.074567370944443,0.22740729981,0.3656343409363451,1.8289420942824242,4.0781324744244,0.738061240679943,0.0,0.0,0.0,0.0,29.975,0.02053419264093624,-0.0162189584225,3640.234643154239,3088.683939646021
11.075254016444443,0.2281351221933333,0.3652531094253049,1.8301509602866668,4.0757650136994,0.7380611408122033,0.0,0.0,0.0,0.0,30.0,0.020598635647958972,-0.014204416424,3638.1213933759404,3086.8908792280704
