time_s,vx_mps,vy_mps,dpsi_radps,ax_mps2,ay_mps2,deltawheel_rad,TwheelRL_Nm,TwheelRR_Nm,pBrakeF_bar,pBrakeR_bar,beta_true_rad,yaw_acc_rps2,fyf_true_n,fyr_true_n
0.0,25.0,-0.0,0.0,0.0010081682241324223,1.287122437335336e-17,0.0,0.0,0.0,0.0,0.0,-0.0,4.644425269029183e-19,1.1489150280804763e-14,9.748369935228281e-15
0.025,24.994195302327476,0.0001987087630873,0.000148287081895,-0.07714127974076705,0.0318845918402075,0.0011273400162684,0.0,0.0,0.0,0.0,7.950196462968188e-06,0.0214804336428642,28.460918454086862,24.148658082255512
0.05,24.9878650241428,0.002043099504792,0.00168016362467,-0.10129256046179569,0.1686907768249511,0.0039543888604225,0.0,0.0,0.0,0.0,8.176366819726279e-05,0.1125580221414566,150.57725898555063,127.76252277561869
0.075,24.980873531765408,0.0065152719616889,0.0061593662512163,-0.13222468520655775,0.3780606754124165,0.0076583657419905,0.0,0.0,0.0,0.0,0.0002608104137513106,0.2505924999713897,337.46563567550953,286.33447875497774
0.1,24.97307671440972,0.0126685543606678,0.014258985796691,-0.1652963788581617,0.6073212526738644,0.0116334148092793,0.0,0.0,0.0,0.0,0.0005072884893417203,0.3947394490242004,542.1088886572445,459.97117825463164
0.125,24.96443854437934,0.0182433902389473,0.0256299294357863,-0.19745905558268229,0.8161777049303055,0.015280534859548,0.0,0.0,0.0,0.0,0.0007307751066188003,0.5073495507240295,728.538951368117,618.1542617668871
0.15,24.954980214436848,0.0208420058091481,0.0392667373436995,-0.2260181681315104,1.0002055734395985,0.0186014868560524,0.0,0.0,0.0,0.0,0.000835184224954451,0.5762023329734802,892.8064503899368,757.5327457854007
0.175,24.94481404622396,0.0189835723075601,0.0541485730612247,-0.24928987445253314,1.1767276480793951,0.0217221462520423,0.0,0.0,0.0,0.0,0.0007610228030717171,0.6087828278541565,1050.3741055397224,891.2265137912796
0.1999999999999999,24.93406507703993,0.0121569219562742,0.0694956879883221,-0.265044560287938,1.3597136557102203,0.0248133106188109,0.0,0.0,0.0,0.0,0.0004875627748107819,0.6147399544715881,1213.7116156298607,1029.8159162920028
0.2249999999999999,24.922892252604168,0.0005001458339393,0.0847437582900037,-0.27263440681226325,1.5528468728065492,0.0280546065308435,0.0,0.0,0.0,0.0,2.0067728451020376e-05,0.6022659540176392,1386.1067577756821,1176.0905823551238
0.2499999999999999,24.911429087320965,-0.0156465069287353,0.0994938840468677,-0.2732537286931818,1.7470978140830995,0.0314117936427812,0.0,0.0,0.0,0.0,-0.0006280854813222586,0.5743736624717712,1559.4996061774552,1323.2117870596587
0.2749999999999999,24.899813334147137,-0.0359073074327574,0.1133158648743255,-0.26654685280539775,1.9313225328922272,0.0347918652147422,0.0,0.0,0.0,0.0,-0.0014420713501299542,0.530083417892456,1723.9428182947834,1462.7393609773915
0.3,24.88815943400065,-0.0599539197153515,0.12587637287244,-0.25449889211943655,2.100604882836342,0.0381144832473739,0.0,0.0,0.0,0.0,-0.0024089334478244384,0.4728457927703857,1875.0481290235873,1590.9499276563768
0.325,24.876562754313152,-0.0873831411202748,0.1369383367699237,-0.2379671640107126,2.247284495830536,0.041321087325019,0.0,0.0,0.0,0.0,-0.0035126694143114336,0.4098540544509887,2005.9777179995524,1702.0417001208318
0.35,24.86509746975369,-0.1177137427859836,0.1463686318017863,-0.21882174636378432,2.3727892667055133,0.0444113965674063,0.0,0.0,0.0,0.0,-0.004734095369188579,0.3452604711055755,2118.0061569199215,1797.0961331441754
0.375,24.853812323676216,-0.1504502197106679,0.1541845934822485,-0.1974574395382043,2.4791367650032043,0.0474059256373079,0.0,0.0,0.0,0.0,-0.00605340612342784,0.2818564772605896,2212.9343746626964,1877.6412875925907
0.4000000000000001,24.842728508843315,-0.1850974725352393,0.1604714346438145,-0.17556976780746922,2.567978459596634,0.0503205432297503,0.0,0.0,0.0,0.0,-0.007450770653849467,0.222420647740364,2292.2365102465037,1944.9279480879422
0.4250000000000001,24.83184602525499,-0.2211928533183204,0.1653587513630303,-0.15394202608050722,2.638886916637421,0.0531643935580076,0.0,0.0,0.0,0.0,-0.008907628256608804,0.1684651970863342,2355.531026408321,1998.6323860434234
0.4500000000000001,24.821158515082463,-0.2583073907428317,0.168983230382844,-0.13331675905169862,2.693291199207306,0.0559358704030474,0.0,0.0,0.0,0.0,-0.010406741916815542,0.1218861639499664,2404.093537653079,2039.8369410389757
0.4750000000000001,24.810634189181854,-0.2960480252901713,0.171501066101189,-0.11395614103837447,2.73563124537468,0.0586208402857408,0.0,0.0,0.0,0.0,-0.011932303827173299,0.0813682004809379,2441.887234600841,2071.90432026738
0.5000000000000001,24.800311194525825,-0.3340733051300049,0.1730802873380924,-0.08983101844787597,2.768477791547776,0.0612138270810965,0.0,0.0,0.0,0.0,-0.013470528757064342,0.0466169193387031,2471.206815570105,2096.781540483725
0.5250000000000001,24.79032940334744,-0.3720877899063958,0.1738754406605628,-0.0628680419921875,2.7926895022392277,0.063706031954544,0.0,0.0,0.0,0.0,-0.015009392729414591,0.0173007082194089,2492.818744211901,2115.118934482825
0.5500000000000002,24.780648549397785,-0.4098284906811184,0.1739992610064947,-0.03544059370503281,2.8089299440383915,0.0660937452059088,0.0,0.0,0.0,0.0,-0.01653824716750918,-0.0064954063855111,2507.315335293286,2127.4190723700603
0.5750000000000002,24.771643744574654,-0.4470652341842651,0.1735789808969665,0.018021200064456823,2.821083551645279,0.0683748113391835,0.0,0.0,0.0,0.0,-0.018047459377102452,-0.0260095354169607,2518.16392437845,2136.6239358362604
0.6000000000000002,24.763844807942707,-0.4836222860548231,0.172721626118286,0.09026843042084665,2.8287688910961157,0.0705468106228465,0.0,0.0,0.0,0.0,-0.01952936992642221,-0.0423918664455413,2525.0240347571066,2142.444635551484
0.6250000000000002,24.75762685139974,-0.5193489127688937,0.1714839053569148,0.17570030443596119,2.8315338492393494,0.072607783136783,0.0,0.0,0.0,0.0,-0.02097733017328884,-0.0562428794801235,2527.4920998538128,2144.5387513911137
0.6500000000000002,24.75323994954427,-0.5541421638594733,0.1699124239319295,0.2687442340272846,2.830928111076356,0.0745548077261723,0.0,0.0,0.0,0.0,-0.022386651807561685,-0.0692702308297157,2526.951404067337,2144.0799792086495
0.6750000000000003,24.7508176167806,-0.587903724776374,0.1680357276012643,0.36406481193773677,2.8259747266769413,0.0763845200695437,0.0,0.0,0.0,0.0,-0.023752901171951023,-0.0806753039360046,2522.529899468188,2140.3283995487654
0.7000000000000003,24.750376807318798,-0.6205568048689101,0.1658873555498974,0.45763682047526044,2.8179996609687805,0.078093029454992,0.0,0.0,0.0,0.0,-0.02507262049785879,-0.0909442976117134,2515.4111727827885,2134.2882678156993
0.7250000000000003,24.751866658528645,-0.6520309050877889,0.1635054742052009,0.546819901899858,2.807074469327927,0.0796764368482338,0.0,0.0,0.0,0.0,-0.026342696253299405,-0.0994322001934051,2505.659095982059,2126.01377840902
0.7500000000000003,24.755176968044704,-0.6822608576880561,0.1609299644044989,0.6293550803444602,2.794460278749466,0.0811328572305601,0.0,0.0,0.0,0.0,-0.02756033045406036,-0.1063900291919708,2494.399379965712,2116.460079970907
0.7750000000000004,24.76045608520508,-0.7112484508090549,0.1582451318410492,0.7360887377189868,2.774698144197464,0.082463093711487,0.0,0.0,0.0,0.0,-0.028725175673724422,-0.1075378805398941,2476.759245107409,2101.492692818407
0.8000000000000004,24.768252902560764,-0.7391722334755791,0.1555721669892071,0.8545679450757576,2.748563784360886,0.0836647203177092,0.0,0.0,0.0,0.0,-0.029843535447716497,-0.1062149405479431,2453.431115712299,2081.6991284831624
0.8250000000000004,24.778597089979385,-0.7661757866541544,0.1529409971217224,0.9664854847301136,2.718905979394913,0.0847347077034866,0.0,0.0,0.0,0.0,-0.030920870292693067,-0.1042818650603294,2426.9578783287384,2059.2369876728685
0.8500000000000004,24.791289435492622,-0.7923489809036255,0.1503535530303855,1.0668616277521308,2.688516849279404,0.0856694980520504,0.0,0.0,0.0,0.0,-0.03196078134480789,-0.1027557328343391,2399.8318433321897,2036.2209579788273
0.8750000000000004,24.806009928385414,-0.8177124129401313,0.147795620092878,1.148780536073627,2.6603657960891725,0.0864659330207954,0.0,0.0,0.0,0.0,-0.032964286287913896,-0.1022103205323219,2374.703567164843,2014.899996382291
0.9000000000000005,24.82229444715712,-0.8421782652537028,0.145231062542159,1.2090567294034091,2.6377452433109285,0.0871206295628994,0.0,0.0,0.0,0.0,-0.03392830050608625,-0.1030829101800918,2354.511942594755,1997.7677088682767
0.9250000000000004,24.839672512478295,-0.8655950095918443,0.1426349132430089,1.2485723876953125,2.621659886837006,0.0876312698959761,0.0,0.0,0.0,0.0,-0.034847279454147784,-0.1048205867409706,2340.153784234016,1985.5850290470435
0.9500000000000004,24.85767152574327,-0.8877560165193346,0.139980174399877,1.2668542295513732,2.6136115133762363,0.0879952699215302,0.0,0.0,0.0,0.0,-0.03571356293770117,-0.1076743081212043,2332.9696213661655,1979.4893757046248
0.9750000000000004,24.87585915459527,-0.9084341261121962,0.137249477209029,1.2685179184422348,2.6122569262981417,0.0882145271418386,0.0,0.0,0.0,0.0,-0.03651870355377788,-0.1107023730874061,2331.760485851374,1978.4634425405595
1.0000000000000004,24.893921746148003,-0.9274384710523818,0.1344460590756651,1.2573049649325283,2.6160730183124543,0.0882891289418745,0.0,0.0,0.0,0.0,-0.0372556192836868,-0.1135318577289581,2335.1668171657893,1981.3536630497601
1.0250000000000004,24.91159227159288,-0.9446042776107788,0.1315716676992505,1.234961288914536,2.624212807416916,0.0882197577566671,0.0,0.0,0.0,0.0,-0.037918261800066765,-0.1164009347558021,2342.4325797352635,1987.5185525026475
1.0500000000000005,24.92865668402778,-0.9597887595494587,0.1286251379468084,1.2035041762843277,2.6355454266071323,0.0880068713170289,0.0,0.0,0.0,0.0,-0.03850142314986479,-0.1192880049347877,2352.5483357173503,1996.1016181844182
1.0750000000000002,24.944945441352,-0.9728769461313884,0.1256071439309898,1.1649880334102747,2.648970675468445,0.0876529205634006,0.0,0.0,0.0,0.0,-0.03900096508203303,-0.1221320405602455,2364.5320209714237,2006.2695935515105
1.1,24.960320790608723,-0.9837738672892252,0.1225175441713616,1.1203418153705018,2.663890117406845,0.0871576683079975,0.0,0.0,0.0,0.0,-0.0394135105691177,-0.1250120103359222,2377.849457259061,2017.5692364622332
1.125,24.97458775838216,-0.9923649496502348,0.1193360403869905,1.0584759891394413,2.683587121963501,0.086521018843468,0.0,0.0,0.0,0.0,-0.03973498819083289,-0.1302683353424072,2395.4314555887318,2032.4872956510449
1.15,24.987210167778866,-0.9984028339385986,0.1159907521955795,0.9720870879202178,2.709017610549927,0.0857417279742404,0.0,0.0,0.0,0.0,-0.039956554862857166,-0.1372803300619125,2418.1312933515333,2051.747764055846
1.1749999999999998,24.997793833414715,-1.0017032093471951,0.1124845508176788,0.8730332253196023,2.735061138868332,0.0848238653433554,0.0,0.0,0.0,0.0,-0.04007166456458297,-0.1428341120481491,2441.3783444488636,2071.472534683884
1.1999999999999995,25.006158616807724,-1.0021985239452786,0.1088710823044968,0.7690308172052557,2.758894044160843,0.0837716171071515,0.0,0.0,0.0,0.0,-0.040078067939297864,-0.1457680314779281,2462.6521426976706,2089.52303016772
1.2249999999999996,25.01228968302409,-0.9999158647325304,0.1052238332573629,0.6673797792376894,2.778626388311386,0.0825872178242308,0.0,0.0,0.0,0.0,-0.039976982411617276,-0.1454714834690094,2480.265685959918,2104.4678547538692
1.2499999999999996,25.01635021633572,-0.9949629836612276,0.1016209840990276,0.5757966844963305,2.7938016772270204,0.0812738591267122,0.0,0.0,0.0,0.0,-0.039772507782190984,-0.142415851354599,2493.811497131332,2115.9612702932513
1.2749999999999997,25.018609364827476,-0.9874798191918268,0.0981170547304319,0.49668103767163824,2.805217534303665,0.0798333885826019,0.0,0.0,0.0,0.0,-0.03946981244209679,-0.1376633048057556,2504.0015531612225,2124.607378439825
1.2999999999999994,25.01938925849067,-0.9776164425743952,0.094746300061097,0.4322237881747159,2.8135944783687594,0.0782684360634765,0.0,0.0,0.0,0.0,-0.03907435279390874,-0.1319659054279327,2511.479005691458,2130.9518836169946
1.3249999999999993,25.01901626586914,-0.965512129995558,0.0915195891172218,0.3811677597508286,2.820056074857712,0.0765801583799344,0.0,0.0,0.0,0.0,-0.038591130831658896,-0.1261640042066574,2517.2467750164337,2135.8457484987916
1.3499999999999992,25.01780403984917,-0.9512897994783188,0.0884362477861553,0.3441370183771307,2.8252761125564576,0.0747704655178199,0.0,0.0,0.0,0.0,-0.03802451238178513,-0.1205496490001678,2521.9063004704776,2139.7992852476773
1.3749999999999991,25.01607471042209,-0.9350560771094428,0.0854898179022541,0.3208898740826231,2.829626387357712,0.0728427571687121,0.0,0.0,0.0,0.0,-0.037378209328735486,-0.1151908636093139,2525.7894556004494,2143.094083539775
1.399999999999999,25.014127095540363,-0.9169085820515952,0.0826732087991159,0.30928157459605826,2.8334059715271,0.070798244238669,0.0,0.0,0.0,0.0,-0.03665562977870477,-0.1101544797420501,2529.1631991746003,2145.956653845115
1.424999999999999,25.01219431559245,-0.8969364563624064,0.0799793547774735,0.30669244014855584,2.836841505765915,0.0686396065335377,0.0,0.0,0.0,0.0,-0.0358599667444316,-0.1054259687662124,2532.2298358844932,2148.5586486292664
1.4499999999999988,25.01045862833659,-0.8752181132634481,0.0774004244792464,0.3106729912035393,2.84000483751297,0.066370364419384,0.0,0.0,0.0,0.0,-0.03499408492540937,-0.1008675396442413,2535.053498402971,2150.9544834934295
1.4749999999999988,25.00904295179579,-0.8518364032109579,0.0749379658668183,0.3190109160452178,2.842647129297257,0.0639921490823756,0.0,0.0,0.0,0.0,-0.034061135600144635,-0.0960701033473014,2537.412068692388,2152.955694648086
1.499999999999999,25.008023579915363,-0.826875302526686,0.0725970888805307,0.32976660988547585,2.8451947927474976,0.0615105614831801,0.0,0.0,0.0,0.0,-0.03306440030673885,-0.0911532640457153,2539.686171559037,2154.885236474334
1.5249999999999986,25.00744077894423,-0.8004224300384521,0.0703878719206338,0.3412942689837831,2.847032451629639,0.0589268374949909,0.0,0.0,0.0,0.0,-0.03200737081070655,-0.0854164808988571,2541.326508053014,2156.2770371358906
1.5499999999999985,25.00729666815864,-0.7725846105151706,0.0683312124793065,0.35234798546993373,2.848649311065674,0.0562461328312308,0.0,0.0,0.0,0.0,-0.030894367382736303,-0.0790831744670867,2542.7697538938683,2157.5016093644936
1.5749999999999984,25.00756581624349,-0.7434688011805216,0.0664431020066568,0.36190402869022253,2.849529588222504,0.0534710107844489,0.0,0.0,0.0,0.0,-0.029729754852733676,-0.0716711729764938,2543.555509487137,2158.168311079995
1.5999999999999983,25.00820583767361,-0.7132175233629015,0.0647564971211744,0.368998847730232,2.849832457304001,0.0506065043129867,0.0,0.0,0.0,0.0,-0.028519339931554585,-0.0632409527897834,2543.8258573803746,2158.397697171227
1.6249999999999982,25.009146796332463,-0.6819707155227661,0.0632901190130847,0.37285422585227274,2.8492097795009617,0.0476561483470723,0.0,0.0,0.0,0.0,-0.027268851715596138,-0.0536141134798526,2543.270040882416,2157.926095294171
1.649999999999998,25.010314517551,-0.6499260001712375,0.062088051320807,0.37304848410866476,2.8471484005451204,0.0446237274882859,0.0,0.0,0.0,0.0,-0.025986318553297347,-0.0425810478627681,2541.4300067160952,2156.364854183353
1.674999999999998,25.011619991726345,-0.6172795428170098,0.0611708295130593,0.3695201249556108,2.8433612227439884,0.0415148302137277,0.0,0.0,0.0,0.0,-0.024679710591365183,-0.0303274895995855,2538.04948489197,2153.496532635611
1.699999999999998,25.01298268636068,-0.5842941999435425,0.0605804649560376,0.3626120272549716,2.8371218860149385,0.0383324692243807,0.0,0.0,0.0,0.0,-0.023359637164029706,-0.0171019490808248,2532.480109729728,2148.77100219492
1.724999999999998,25.0143305460612,-0.551232099533081,0.0603211604508371,0.35290731719045926,2.827357643842697,0.0350824025658049,0.0,0.0,0.0,0.0,-0.02203665209101025,-0.0032640369608998,2523.7643230694243,2141.375789271026
1.7499999999999978,25.01561058892144,-0.5184320608774821,0.0604103929921116,0.34110278967655067,2.8129460990428927,0.0317701146853703,0.0,0.0,0.0,0.0,-0.02072434166796144,0.0099974498152732,2510.9002474243525,2130.46081599642
1.7749999999999977,25.016778310139973,-0.4862143927150302,0.0608059514765832,0.3279712977553859,2.792076754570008,0.0284012866466365,0.0,0.0,0.0,0.0,-0.019435531893327546,0.0218080841004848,2492.271791579294,2114.654853461219
1.7999999999999976,25.017818874782986,-0.4549640417098999,0.0614756407833865,0.31430978023644657,2.763347417116165,0.0249783007304224,0.0,0.0,0.0,0.0,-0.018185599791374556,0.0307105667889118,2466.627325606151,2092.8959126355217
1.8249999999999973,25.01873228285048,-0.425044231944614,0.062265821484759,0.3007116468024976,2.721821641921997,0.0215019413208929,0.0,0.0,0.0,0.0,-0.016989039538025188,0.0314687639474868,2429.560465617258,2061.445243554037
1.8499999999999972,25.01952277289497,-0.3968828254275852,0.0629698447636783,0.28701467340642756,2.660574328899384,0.0179764523108865,0.0,0.0,0.0,0.0,-0.015862925485435327,0.0221353396773338,2374.889708337237,2015.0579343467464
1.8749999999999971,25.020196702745224,-0.3708369202084011,0.0632388864516143,0.27376097708037406,2.57730285525322,0.0144032802338002,0.0,0.0,0.0,0.0,-0.014821502988732008,-0.0040097385644912,2300.5596798120955,1951.9900313557168
1.8999999999999968,25.02077314588759,-0.3471958637237549,0.0626012216569193,0.2610005604137074,2.4605539798736573,0.0107738964722874,0.0,0.0,0.0,0.0,-0.01387630436914856,-0.0501821748912334,2196.3469541659124,1863.5671126256223
1.9249999999999967,25.0212648179796,-0.3261247939533657,0.0605085221559026,0.24876606796727035,2.3050047129392626,0.0071136145805689,0.0,0.0,0.0,0.0,-0.013033905213257696,-0.1220388635993003,2057.500108517096,1745.7576678326873
1.949999999999997,25.021675957573784,-0.3074589371681213,0.0563285368610227,0.2370633535674124,2.114856231212616,0.0035263165421271,0.0,0.0,0.0,0.0,-0.01228770357706822,-0.2149389088153839,1887.769209664376,1601.74357183644
1.974999999999997,25.02200444539388,-0.2906066510412428,0.0496444019990874,0.22592481208570075,1.891065916419029,0.0001708930185706,0.0,0.0,0.0,0.0,-0.011614043618105842,-0.3199115991592407,1688.0088385084614,1432.2499235829368
1.999999999999997,25.022252400716145,-0.2745440271165635,0.0403345192991992,0.2158721230246804,1.6529906660318376,-0.0029240999348485,0.0,0.0,0.0,0.0,-0.010971994955526304,-0.4245211780071258,1475.4974059907142,1251.937192961818
2.024999999999997,25.022402869330516,-0.2579424116346571,0.028514734188182,0.20655999848336884,1.4037148088216782,-0.0058296369997171,0.0,0.0,0.0,0.0,-0.010308458903074101,-0.5192724466323853,1252.9880547596783,1063.1413797960906
2.0499999999999967,25.02246432834201,-0.2396289010842641,0.0145019846819985,0.19866951219963305,1.143835540115833,-0.0085824776988358,0.0,0.0,0.0,0.0,-0.009576550812097488,-0.600179135799408,1021.0138550706085,866.3147861205161
2.0749999999999966,25.02243677775065,-0.2186197208033667,-0.001328191646545,0.19113281712387548,0.8687768206000329,-0.011249308697718,0.0,0.0,0.0,0.0,-0.008736947674007439,-0.6634243726730347,775.4901292077344,657.99162478232
2.0999999999999965,25.022288428412544,-0.194363792737325,-0.0185393649825858,0.18418483387340198,0.5757000923156739,-0.0138845895600612,0.0,0.0,0.0,0.0,-0.007767626581932728,-0.7105273008346558,513.8831151899745,436.0220371308874
2.1249999999999964,25.02200444539388,-0.1666901674535539,-0.036683416990863,0.1785303427956321,0.2567273456603289,-0.0165418079518095,0.0,0.0,0.0,0.0,-0.00666174317958123,-0.7382473945617676,229.16072083942476,194.43939950011793
2.1499999999999964,25.021563635932075,-0.1357764336797926,-0.0553003402984136,0.17363970438639323,-0.0866150446236133,-0.0192815370038231,0.0,0.0,0.0,0.0,-0.005426376850598243,-0.7474281787872314,-77.31457671730729,-65.60024691165466
2.1749999999999963,25.020902421739365,-0.1020554784271452,-0.073917833688885,0.16880765279134113,-0.4503214925527573,-0.0221628983721531,0.0,0.0,0.0,0.0,-0.004078808857768235,-0.7379533648490906,-401.96729949996126,-341.0631632120882
2.199999999999996,25.01999961005317,-0.0660617194241947,-0.0920751245206124,0.1653278975053267,-0.8244648396968842,-0.0252236017936566,0.0,0.0,0.0,0.0,-0.0026403565329253943,-0.7112748026847839,-735.9362380573008,-624.4307474425581
2.224999999999996,25.01879374186198,-0.0282852206793096,-0.10934293619301,0.1638366884173769,-1.192855426669121,-0.0284650599920682,0.0,0.0,0.0,0.0,-0.0011305589298648785,-0.6670027375221252,-1064.7701308546498,-903.4413231493998
2.249999999999996,25.017274220784504,0.0109807153542836,-0.1252302816696083,0.16289821046771424,-1.532837361097336,-0.0317896410657065,0.0,0.0,0.0,0.0,0.0004389253304487007,-0.6006885766983032,-1368.2458083893437,-1160.9358374212609
2.274999999999996,25.015432569715717,0.0515774223539564,-0.1392478134224836,0.16387041958895596,-1.8329000115394596,-0.0350568778312322,0.0,0.0,0.0,0.0,0.0020618241243766165,-0.5183193683624268,-1636.0886168577636,-1388.1964021823446
2.299999999999996,25.013270907931854,0.0933563046985202,-0.151061471182399,0.16661955399946732,-2.085266330838204,-0.0382407441307735,0.0,0.0,0.0,0.0,0.003732270962967757,-0.4267752766609192,-1861.3565854777082,-1579.332860405328
2.324999999999996,25.010840098063152,0.1360681073533164,-0.1605929413685494,0.17147775361032197,-2.2915800482034685,-0.0413487301048962,0.0,0.0,0.0,0.0,0.005440365330385426,-0.3369243741035461,-2045.5169446668667,-1735.5901348688565
2.349999999999996,25.00818252563477,0.179424054092831,-0.1679789024015047,0.17934352065577652,-2.456511831283569,-0.044385039594993,0.0,0.0,0.0,0.0,0.0071746139052252765,-0.2553784251213074,-2192.7388395637763,-1860.5056820541129
2.374999999999996,25.005357530381943,0.2231192257669237,-0.1734640155616592,0.18915967305501302,-2.5858512401580813,-0.0473554837017861,0.0,0.0,0.0,0.0,0.008922856851609899,-0.1851846277713775,-2308.190164370615,-1958.4643818902186
2.3999999999999955,25.00242657131619,0.266869713862737,-0.1773297436867205,0.20222988244258996,-2.6848018109798435,-0.0502575386640239,0.0,0.0,0.0,0.0,0.0106737525296405,-0.1256066560745239,-2396.515714882828,-2033.407273233914
2.4249999999999954,24.99946594238281,0.3104550308651394,-0.1798295697781938,0.21771555120294744,-2.757916802167893,-0.0530886932040221,0.0,0.0,0.0,0.0,0.012418466521671166,-0.0760258585214614,-2461.779834066259,-2088.7828895107646
2.4499999999999957,24.99654557969835,0.3536847896046108,-0.181207922089878,0.23544542254823628,-2.8097629070281984,-0.0558456183704181,0.0,0.0,0.0,0.0,0.014149346695803675,-0.0357767194509506,-2508.0588571751705,-2128.0499394213566
2.474999999999995,24.993731180826824,0.3964123460981581,-0.1816842950298659,0.2549880519057765,-2.843579685688019,-0.0585224094357326,0.0,0.0,0.0,0.0,0.01586047090088949,-0.0034847389906644,-2538.244489929715,-2153.661991455516
2.499999999999995,24.99107360839844,0.4385370347234938,-0.1814395671704444,0.27572513927112924,-2.862435257434845,-0.0611151091090332,0.0,0.0,0.0,0.0,0.01754774691136599,0.0222480539232492,-2555.0754060217596,-2167.9427687457346
2.524999999999995,24.988621605767143,0.4799910386403401,-0.180616999933503,0.29717823837742663,-2.869191253185273,-0.0636165122912146,0.0,0.0,0.0,0.0,0.019208383968228267,0.0430688895285129,-2561.1059628842313,-2173.0596048714688
2.549999999999995,24.986402723524307,0.5207111769252353,-0.1793208061414478,0.3186641485040838,-2.86647419333458,-0.0660206393533916,0.0,0.0,0.0,0.0,0.020839781647919803,0.0599365271627903,-2558.680652902752,-2171.001766099305
2.574999999999995,24.98443815443251,0.5606157249874539,-0.1776338766832076,0.33981927120324334,-2.8586863398551943,-0.0683190451620762,0.0,0.0,0.0,0.0,0.02243859643839918,0.0743477717041969,-2551.7290361494315,-2165.1034246116387
2.5999999999999948,24.98273425632053,0.599581797917684,-0.1756217919006255,0.360621162183357,-2.848566657304764,-0.070507225229956,0.0,0.0,0.0,0.0,0.023999846924921447,0.0864314883947372,-2542.6959752499083,-2157.439009302952
2.6249999999999947,24.98130374484592,0.6374508142471313,-0.1733390800170208,0.38104630903764203,-2.8378438651561737,-0.0725781429860883,0.0,0.0,0.0,0.0,0.02551711555001002,0.095824010670185,-2533.124564881208,-2149.317812626479
2.6499999999999946,24.980152977837456,0.6740560796525743,-0.1708383883981933,0.4008554632013494,-2.8293276071548465,-0.0745300611339806,0.0,0.0,0.0,0.0,0.026983665001995824,0.1038973852992057,-2525.5227575341214,-2142.8677942713757
2.6749999999999945,24.97927983601888,0.7092336813608805,-0.1681633096622359,0.4197823171904593,-2.8221197903156283,-0.0763590827199442,0.0,0.0,0.0,0.0,0.028392879459166825,0.1099802777171135,-2519.0888947981307,-2137.4087592226556
2.6999999999999944,24.978673723008896,0.7428395085864596,-0.1653452025309845,0.43754708954782195,-2.817131066322327,-0.0780632228567291,0.0,0.0,0.0,0.0,0.02973894918616913,0.1152670830488205,-2514.6358452664053,-2133.6304141654346
2.7249999999999943,24.978324042426216,0.7747600475947062,-0.1624129290127527,0.4537869170217803,-2.812887686491013,-0.0796411125130874,0.0,0.0,0.0,0.0,0.031017295086682346,0.1192487254738807,-2510.8481070399284,-2130.4165756702423
2.7499999999999942,24.978207482231987,0.804907414648268,-0.1593860466967959,0.46823349461410985,-2.8098271608352663,-0.0810898971132257,0.0,0.0,0.0,0.0,0.03222438660663826,0.1228537261486053,-2508.116211598037,-2128.098603780152
2.774999999999994,24.97829861111111,0.8332080973519219,-0.1562764732289922,0.48069518118193655,-2.8069777965545657,-0.0824092146336834,0.0,0.0,0.0,0.0,0.03335727986618294,0.1257737874984741,-2505.5728036458377,-2125.9405606691953
2.799999999999994,24.97856987847222,0.8596150080362955,-0.1531002208653955,0.4911390547318892,-2.80438866019249,-0.0835959233766119,0.0,0.0,0.0,0.0,0.03441410025548158,0.128300279378891,-2503.261681106247,-2123.9796082113608
2.824999999999994,24.9789916144477,0.8840809928046333,-0.149863614613595,0.49965047200520835,-2.8021041452884674,-0.0846475973687058,0.0,0.0,0.0,0.0,0.03539298168839154,0.1305792778730392,-2501.2224706714273,-2122.249369054544
2.849999999999994,24.9795405069987,0.9065677722295126,-0.1465753263918901,0.5063671782522491,-2.799772900342941,-0.0855647817257507,0.0,0.0,0.0,0.0,0.03629241186304099,0.1323714256286621,-2499.141547929068,-2120.483737636785
2.874999999999994,24.98019324408637,0.9270484579934014,-0.1432474735832407,0.5114896184747869,-2.7975760042667392,-0.0863446093883855,0.0,0.0,0.0,0.0,0.03711134053027649,0.1338104009628296,-2497.180548070885,-2118.819858969235
2.8999999999999937,24.98093287150065,0.9454947710037231,-0.1398869637617242,0.5152098037257339,-2.7956962883472443,-0.0869857695820113,0.0,0.0,0.0,0.0,0.037848657448753056,0.1349849253892898,-2495.5026705001223,-2117.3962052728307
2.9249999999999936,24.981744554307724,0.9618808825810752,-0.1365000387111455,0.5177079079367898,-2.794131124019623,-0.0874877213520316,0.0,0.0,0.0,0.0,0.03850335113666885,0.1359217464923858,-2494.105568899484,-2116.2107857328947
2.949999999999993,24.982615576850044,0.9761839442782932,-0.1330926988663356,0.5191105975526752,-2.792929869890213,-0.0878497905857955,0.0,0.0,0.0,0.0,0.03907452929719924,0.1366276293992996,-2493.033301893805,-2115.3009834250465
2.974999999999993,24.983537462022568,0.9883842203352188,-0.1296703537732589,0.5194571940104167,-2.792047840356827,-0.0880715819703286,0.0,0.0,0.0,0.0,0.03956142006862159,0.1371181011199951,-2492.245982089004,-2114.63295449976
2.9999999999999933,24.98450173272027,0.998466478453742,-0.1262385378135555,0.5188308993252841,-2.7915057718753817,-0.0881521093037899,0.0,0.0,0.0,0.0,0.039963433697223896,0.1374000608921051,-2491.7621193215496,-2114.22240427283
3.024999999999993,24.985497792561848,1.0064165459738836,-0.1228015120449697,0.5173473751183713,-2.791364997625351,-0.088092084149533,0.0,0.0,0.0,0.0,0.04028002781171294,0.1375364363193512,-2491.636460995088,-2114.115785086741
3.049999999999993,24.986521402994796,1.0122224357393053,-0.1193628967021082,0.5151287656841856,-2.791603320837021,-0.0878907782994475,0.0,0.0,0.0,0.0,0.040510738546342184,0.1375290006399154,-2491.8491937635376,-2114.296285617547
3.074999999999993,24.98757044474284,1.0158748759163752,-0.1159262454405507,0.5122863307143702,-2.7922026336193086,-0.0875491613106175,0.0,0.0,0.0,0.0,0.0406552080828693,0.137379303574562,-2492.384154107727,-2114.7501913641318
3.099999999999993,24.98864067925347,1.017367243766785,-0.1124951035934983,0.5089103097626657,-2.793151253461838,-0.0870671541204484,0.0,0.0,0.0,0.0,0.04071318871744161,0.1370895951986313,-2493.2309139507724,-2115.468654261261
3.124999999999993,24.98973210652669,1.0166955656475491,-0.1090732661655043,0.505059481534091,-2.794383758306504,-0.0864457845426733,0.0,0.0,0.0,0.0,0.04068453240369126,0.1366111636161804,-2494.331076062117,-2116.4021251436143
3.149999999999993,24.99084684583876,1.01386116610633,-0.1056662176039387,0.5007770422733191,-2.795871818065644,-0.0856856850780511,0.0,0.0,0.0,0.0,0.040569300126584086,0.1359277367591858,-2495.6593523553165,-2117.529147452996
3.1749999999999927,24.991980658637157,1.0088668929206,-0.1022784103812489,0.4960818388967803,-2.797675305604935,-0.0847885784589119,0.0,0.0,0.0,0.0,0.0403676245872869,0.1350738555192947,-2497.2691867244057,-2118.8950675237375
3.1999999999999926,24.993133544921875,1.001718110508389,-0.0989139807195029,0.49097336277817233,-2.799790132045746,-0.0837563039308835,0.0,0.0,0.0,0.0,0.0400797326476863,0.1340553164482116,-2499.156929342473,-2120.4967885330075
3.2249999999999925,24.994307623969185,0.9924225012461344,-0.0955772146435802,0.4854443729285038,-2.802237325906754,-0.0825892526457511,0.0,0.0,0.0,0.0,0.0397059408956948,0.1328580528497696,-2501.3413507479145,-2122.35023699823
3.2499999999999925,24.995496537950302,0.9809900654686822,-0.0922727560406315,0.47946626605409565,-2.8049824237823486,-0.0812893262669806,0.0,0.0,0.0,0.0,0.03924667245474636,0.1314435750246048,-2503.7916881139163,-2124.429311126959
3.2749999999999924,24.99669604831272,0.9674405389361912,-0.0890097844940391,0.47300965280243845,-2.807713210582733,-0.0798591213766348,0.0,0.0,0.0,0.0,0.03870273643630169,0.1295481026172638,-2506.229251085735,-2126.4975463757746
3.2999999999999923,24.997901916503903,0.9517988231447008,-0.0857974296529151,0.4660783709901752,-2.8107646822929384,-0.0782995700810952,0.0,0.0,0.0,0.0,0.038075148319400044,0.1273983716964721,-2508.953064768041,-2128.8086610153073
3.324999999999992,24.999109903971355,0.9340898858176336,-0.082642133038146,0.4586630064068419,-2.814115810394288,-0.076614975049998,0.0,0.0,0.0,0.0,0.0373649257675868,0.1249524652957916,-2511.9443586224425,-2131.346728528132
3.349999999999992,25.000309414333767,0.9143513441085817,-0.0795564198292337,0.4507049745501894,-2.8172607421875,-0.0748065138998876,0.0,0.0,0.0,0.0,0.036573601108486446,0.1217881739139556,-2514.751596919826,-2133.728627689549
3.374999999999992,25.00149408976237,0.8926332659191556,-0.076555786294771,0.4422354773319129,-2.8206136226654053,-0.0728769330156383,0.0,0.0,0.0,0.0,0.0357031968855282,0.1181994527578353,-2517.7444549857596,-2136.268022412159
3.399999999999992,25.00265333387587,0.8689867787890964,-0.0736514759679851,0.43329452977035987,-2.8238756716251374,-0.0708295946381263,0.0,0.0,0.0,0.0,0.03475578240377048,0.1139227822422981,-2520.656234753914,-2138.7386234275627
3.424999999999992,25.00378078884549,0.8434895674387614,-0.0708674822658219,0.42394933527166195,-2.8267860770225526,-0.0686669372242246,0.0,0.0,0.0,0.0,0.03373448097957461,0.108733482658863,-2523.254129407836,-2140.9428976793756
3.449999999999992,25.00486797756619,0.8162217007742988,-0.0682200255037957,0.4142594493519176,-2.829699695110321,-0.0663927973903787,0.0,0.0,0.0,0.0,0.032642511910344604,0.1028638780117034,-2525.8548917829016,-2143.149605149128
3.474999999999992,25.0059085422092,0.7872927188873291,-0.0657388207340069,0.4043095721620502,-2.831675499677658,-0.0640099090378951,0.0,0.0,0.0,0.0,0.031484267710505436,0.0955725014209747,-2527.618540286041,-2144.646034182095
3.499999999999992,25.006898244222004,0.7568225595686171,-0.0634473869978323,0.39424417206735324,-2.8335169553756714,-0.0615224458395446,0.0,0.0,0.0,0.0,0.03026455149204622,0.0874938294291496,-2529.2622659050053,-2146.0407104648525
3.5249999999999915,25.00783284505208,0.724964804119534,-0.0613820847665298,0.3841485410748106,-2.833965855836869,-0.0589334641887971,0.0,0.0,0.0,0.0,0.02898950935138595,0.0776776000857353,-2529.6629647593036,-2146.38069737153
3.5499999999999914,25.00871234469944,0.6918846898608737,-0.0595706400437608,0.37417724609375,-2.8337947070598606,-0.0562469401019362,0.0,0.0,0.0,0.0,0.02766574625372576,0.0667714923620224,-2529.5101934329414,-2146.251073215829
3.5749999999999917,25.009538862440323,0.6578014294306437,-0.058062308826124,0.3644456435694839,-2.831637823581696,-0.0534670493323275,0.0,0.0,0.0,0.0,0.026302021522617482,0.0538536235690116,-2527.584909738088,-2144.6174991717107
3.599999999999991,25.010316636827252,0.6229432423909506,-0.056889614968432,0.3549618437795928,-2.8278792679309848,-0.0505975556756051,0.0,0.0,0.0,0.0,0.024907451250484273,0.0393533520400524,-2524.2299367023297,-2141.7708553837947
3.624999999999991,25.0110477871365,0.5876005358166165,-0.0561065415782186,0.3458057010535038,-2.822177910804749,-0.0476423019899984,0.0,0.0,0.0,0.0,0.0234936393236123,0.0233769584447145,-2519.140774480633,-2137.452778347203
3.649999999999991,25.011742909749348,0.5520678559939066,-0.0557401530300618,0.33701411854137076,-2.8133070886135103,-0.0446061339803346,0.0,0.0,0.0,0.0,0.022072346496841515,0.0054600471630692,-2511.2224750000923,-2130.7342212121994
3.674999999999991,25.0124020046658,0.5167073011398315,-0.0558342042284336,0.3285331726074219,-2.8023488938808443,-0.041492950680897,0.0,0.0,0.0,0.0,0.02065804399927065,-0.0127752488479018,-2501.4409388821637,-2122.434736021229
3.699999999999991,25.013033548990887,0.4818803403112623,-0.0563976458913103,0.3202482789935488,-2.786255651712418,-0.0383071213403491,0.0,0.0,0.0,0.0,0.019265169871037217,-0.032413013279438,-2487.0757415695275,-2110.2460837559624
3.724999999999991,25.013641781277126,0.4480061266157362,-0.0574359416601157,0.3121248603589607,-2.766898024082184,-0.035054805559009,0.0,0.0,0.0,0.0,0.01791047183505569,-0.0501472018659114,-2469.7966788733593,-2095.585060862244
3.749999999999991,25.01422670152452,0.4154816269874573,-0.058903089588208,0.30411417643229166,-2.740360033512116,-0.0317411018339479,0.0,0.0,0.0,0.0,0.016609812965440795,-0.0671233162283897,-2446.108259421881,-2075.4857958731104
3.774999999999991,25.01479254828559,0.3847417566511366,-0.0607485478715244,0.29612595991654833,-2.708156317472458,-0.0283690207855545,0.0,0.0,0.0,0.0,0.01538056955333436,-0.0795056596398353,-2417.3624833832023,-2051.095440446353
3.7999999999999914,25.015349917941624,0.3561606340938144,-0.0628081825631321,0.2884034312855114,-2.6641518056392672,-0.0249394643515885,0.0,0.0,0.0,0.0,0.014237683472833104,-0.0840645805001258,-2378.08304618128,-2017.7674331235103
3.8249999999999904,25.01590092976888,0.3301797310511271,-0.0648708757288041,0.28034795125325523,-2.604385250806809,-0.0214580085255823,0.0,0.0,0.0,0.0,0.013198794317985716,-0.0782349780201911,-2324.734047646406,-1972.501616184829
3.8499999999999903,25.01644558376736,0.3071247206793891,-0.0665777788952199,0.2721350282611269,-2.525956761837006,-0.0179214101807006,0.0,0.0,0.0,0.0,0.01227691278726966,-0.0554436221718788,-2254.726978393852,-1913.1016786372074
3.8749999999999902,25.016988118489586,0.2872088551521301,-0.0674625767166959,0.26360469471324577,-2.4182318955659867,-0.0143297187310651,0.0,0.0,0.0,0.0,0.011480552886374817,-0.0116161601617932,-2158.5692903863605,-1831.5133372975176
3.89999999999999,25.017520056830516,0.270543098449707,-0.066994680119115,0.2548062873609138,-2.278756594657898,-0.0106926742202292,0.0,0.0,0.0,0.0,0.010814145360336817,0.0531416498124599,-2034.0704357233205,-1725.877945462211
3.92499999999999,25.018032921685112,0.2569508552551269,-0.0645800252482538,0.24572090380119554,-2.1032365143299105,-0.0070925155307881,0.0,0.0,0.0,0.0,0.010270625834551813,0.1431294977664947,-1877.3971836928465,-1592.943064951506
3.94999999999999,25.018511878119572,0.2458075682322184,-0.0597341872630161,0.23637210730350378,-1.904509711265564,-0.0036676496876326,0.0,0.0,0.0,0.0,0.00982502754079447,0.2455373257398605,-1700.0090783345895,-1442.431945253591
3.97499999999999,25.018925136990017,0.2360465129216512,-0.0522760462421412,0.22785766601562504,-1.6874989032745362,-0.0004661178192336,0.0,0.0,0.0,0.0,0.009434718383351363,0.349857360124588,-1506.3002505458771,-1278.0729398571075
3.99999999999999,25.019264221191406,0.2263963719209035,-0.0422983384482128,0.2185461610736269,-1.4592486441135408,0.0025384202110733,0.0,0.0,0.0,0.0,0.009048882090191324,0.4464470744132995,-1302.5588306882346,-1105.201432099108
4.02499999999999,25.01951005723741,0.2155476146274142,-0.0300200381406734,0.21002844608191287,-1.2247237086296083,0.0053972734469286,0.0,0.0,0.0,0.0,0.008615181277902865,0.5332411527633667,-1093.2164907357735,-927.5776285030803
4.04999999999999,25.01966052585178,0.202389293246799,-0.0157643032730474,0.2026239013671875,-0.9777950137853624,0.0081413294855277,0.0,0.0,0.0,0.0,0.008089210204817867,0.6038656234741211,-872.8022705018523,-740.5595022439957
4.07499999999999,25.019702911376957,0.1861561172538333,8.51451319063497e-05,0.19455976544004497,-0.7157101601362229,0.0108360664595042,0.0,0.0,0.0,0.0,0.007440380803609958,0.6611286997795105,-638.8593150724154,-542.0624491523523
4.099999999999991,25.01960542466905,0.1664129065142737,0.0171469447305028,0.18760123975349194,-0.4322958536446095,0.0135299797780928,0.0,0.0,0.0,0.0,0.006651300197971646,0.7013113498687744,-385.87720050736044,-327.41095800624515
4.124999999999991,25.019365946451824,0.143091297811932,0.035028616074461,0.18200348362778174,-0.1259292293339967,0.0162614753971191,0.0,0.0,0.0,0.0,0.0057192215869173455,0.7256469130516052,-112.40732028255935,-95.37590811853518
4.149999999999992,25.01895056830512,0.1164064556360244,0.0533070973805438,0.1765009238503196,0.2028303030878305,0.0190766618936985,0.0,0.0,0.0,0.0,0.004652731349311356,0.7336605787277222,181.05098365790775,153.6190164370126
4.174999999999992,25.018310546875,0.0867548667722278,0.0715706899516573,0.1723433847138376,0.5504843428730966,0.0220264477766921,0.0,0.0,0.0,0.0,0.0034676548845966825,0.7248517870903015,491.3749585154116,416.9242072251977
4.199999999999992,25.01742892795139,0.0546013481087154,0.0894112893178822,0.16874959541089607,0.9063461676239968,0.0251450947175536,0.0,0.0,0.0,0.0,0.002182532356380978,0.7004252076148987,809.0253906086332,686.4457859709614
4.2249999999999925,25.0162590874566,0.0203464304407437,0.1064137169876535,0.16729455196496212,1.251876783370972,0.0284447325828103,0.0,0.0,0.0,0.0,0.0008133282586182361,0.6569699645042419,1117.4539484352365,948.1427441268672
4.249999999999993,25.01478619045681,-0.0157583918836381,0.1220963902121008,0.16685595194498698,1.573840343952179,0.0317710239052112,0.0,0.0,0.0,0.0,-0.0006299630851791953,0.5945184826850891,1404.8460119376418,1191.9905555834534
4.274999999999993,25.01301447550456,-0.0535529727737108,0.1359880043796857,0.16778547575979522,1.8561114072799685,0.035040612782934,0.0,0.0,0.0,0.0,-0.0021410043490022223,0.514868974685669,1656.8076414163,1405.7761805956482
4.299999999999994,25.010946061876083,-0.0928507082992129,0.1477666582160234,0.17114838340065697,2.0959035485982898,0.0382294465020866,0.0,0.0,0.0,0.0,-0.0037124028843012954,0.4270519912242889,1870.8516101832276,1587.3892450039505
4.324999999999994,25.008629692925343,-0.1333608975013097,0.1573509921498119,0.17627051613547584,2.293273866176605,0.0413429793414173,0.0,0.0,0.0,0.0,-0.005332595153705522,0.3405961990356445,2047.028885464199,1736.8729937271987
4.349999999999994,25.006103515625,-0.1747590468989478,0.1648579605647977,0.1842871209346887,2.45213030576706,0.0443859654595907,0.0,0.0,0.0,0.0,-0.0069886556611968775,0.261216789484024,2188.8277893281384,1857.187215187511
4.374999999999995,25.00342475043403,-0.2167111800776587,0.1705072409613987,0.1941593563195431,2.577606600522995,0.0473618836107807,0.0,0.0,0.0,0.0,-0.008667259875025594,0.1921119540929794,2300.8308098110997,1952.2200810518418
4.399999999999995,25.000654856363933,-0.2589099937015109,0.1745590741123861,0.2071439569646662,2.674000453948975,0.0502694833576318,0.0,0.0,0.0,0.0,-0.010356128476994882,0.1330190896987915,2386.8741756970767,2025.2265733187314
4.424999999999995,24.997859530978733,-0.3011128968662686,0.1772504314205066,0.22228282581676137,2.745434331893921,0.0531045681408324,0.0,0.0,0.0,0.0,-0.012045547199475731,0.0834743753075599,2450.637694616787,2079.3289530081825
4.449999999999996,24.995106591118702,-0.3431068857510884,0.1788130578348674,0.23955245046904597,2.796363943815232,0.0558631390575584,0.0,0.0,0.0,0.0,-0.013726962295611959,0.0428939945995807,2496.0986350940884,2117.901872201044
4.474999999999996,24.99245325724284,-0.3847178816795349,0.1794603890720816,0.25843694975881865,2.830250233411789,0.0585405334953073,0.0,0.0,0.0,0.0,-0.015393362056925855,0.0099009349942207,2526.346314906097,2143.5665702233546
4.4999999999999964,24.98994827270508,-0.4258192247814602,0.1793677942899309,0.2783952331542969,2.849664229154587,0.0611323156263886,0.0,0.0,0.0,0.0,-0.017039620095834904,-0.0165675580501556,2543.675693073234,2158.270285031834
4.524999999999997,24.987636142306854,-0.4663105805714925,0.1786734749042336,0.29898881854433,2.857523345947266,0.0636317713720229,0.0,0.0,0.0,0.0,-0.018661652423455,-0.0379825830459594,2550.690921095552,2164.2225997174373
4.549999999999997,24.98554229736328,-0.5061018135812547,0.1774882350610938,0.3196122186834162,2.857439523935318,0.0660329169421357,0.0,0.0,0.0,0.0,-0.020255786628840294,-0.0558903627097606,2550.616099643903,2164.1591148493717
4.5749999999999975,24.98368369208442,-0.5450909667544894,0.1759017400654632,0.3399831690932765,2.8520901024341585,0.0683290070490288,0.0,0.0,0.0,0.0,-0.02181787815890379,-0.0707950741052627,2545.8410832383597,2160.1075857780015
4.599999999999998,24.98207092285156,-0.5831360816955566,0.1739769570323653,0.35982295180812024,2.843912929296493,0.0705134233212743,0.0,0.0,0.0,0.0,-0.023342183420116357,-0.0828260630369186,2538.5419508228533,2153.91438251636
4.624999999999998,24.980714586046005,-0.6200782457987467,0.1717713935965889,0.3794305604876894,2.8359004795551304,0.0725829949326992,0.0,0.0,0.0,0.0,-0.024822278148324734,-0.0930134505033493,2531.389854291424,2147.8459369745415
4.649999999999999,24.97961680094401,-0.6557608313030667,0.1693436060126022,0.39848891749526516,2.828561818599701,0.0745325079132321,0.0,0.0,0.0,0.0,-0.026251837108977775,-0.1010509431362152,2524.8391970943235,2142.287803595183
4.674999999999999,24.978783925374348,-0.6900186671151055,0.1667287812963079,0.4167069961085464,2.822761744260788,0.0763600938889206,0.0,0.0,0.0,0.0,-0.027624189759460616,-0.1076854392886161,2519.6619176229497,2137.8949604073505
4.699999999999999,24.97820536295573,-0.722726583480835,0.1639687976558475,0.4338714784564394,2.8180849432945254,0.0780640301274345,0.0,0.0,0.0,0.0,-0.028934287831290095,-0.1130099669098854,2515.4872977440477,2134.3528586919188
4.725,24.97787475585937,-0.7537662982940674,0.1610834457070716,0.4496595625443892,2.8145591616630554,0.0796404758511393,0.0,0.0,0.0,0.0,-0.030177359189346043,-0.117573082447052,2512.3401041402194,2131.682512603822
4.75,24.97776879204644,-0.7830563518736098,0.1580984415992563,0.46378897002249053,2.811297404766083,0.081089922080361,0.0,0.0,0.0,0.0,-0.031350132127212056,-0.1211700960993766,2509.428585073987,2129.2121327900495
4.775,24.97786627875434,-0.8105267418755425,0.1550275339015291,0.47607245242956914,2.808697754144669,0.0824078913755168,0.0,0.0,0.0,0.0,-0.03244979906730303,-0.124452032148838,2507.108077265201,2127.2432170735033
4.800000000000001,24.97814390394423,-0.836117664972941,0.1518807261127346,0.48643595377604165,2.806131982803345,0.0835942630621198,0.0,0.0,0.0,0.0,-0.033473971011949856,-0.1271436363458633,2504.8178108793795,2125.29996074614
4.825000000000001,24.97857411702474,-0.8597897158728706,0.1486735145014658,0.494935302734375,2.803658211231232,0.0846466611011351,0.0,0.0,0.0,0.0,-0.0344210887236698,-0.1293904781341552,2502.6096655990264,2123.426382932507
4.850000000000001,24.979129367404514,-0.8815020985073514,0.1454134557873158,0.5016782448508522,2.801475042104721,0.0855630756381773,0.0,0.0,0.0,0.0,-0.03528954454504052,-0.1313687860965728,2500.6609187311815,2121.7729007416083
4.875000000000002,24.97979270087348,-0.9012177917692396,0.1421076905709572,0.5068499848336885,2.7995468437671662,0.0863426203399464,0.0,0.0,0.0,0.0,-0.036077873125733594,-0.1330229192972183,2498.9397646413477,2120.3125275744765
4.900000000000002,24.98054292466905,-0.9189083178838094,0.1387662556407484,0.5106090291341145,2.7976750135421757,0.0869840551720596,0.0,0.0,0.0,0.0,-0.036784961826284386,-0.1342193484306335,2497.2689260224834,2118.894846322107
4.9250000000000025,24.981365203857425,-0.9345507621765136,0.1353988132780193,0.5131426539565578,2.796111309528351,0.0874857323035924,0.0,0.0,0.0,0.0,-0.03740991553304732,-0.1351355463266372,2495.8731279314547,2117.710532790325
4.950000000000003,24.98225106133355,-0.9481225411097208,0.1320111808252761,0.5145635431463068,2.794901877641678,0.087847610122653,0.0,0.0,0.0,0.0,-0.03795184584375521,-0.1358351707458496,2494.793561271957,2116.7945368368114
4.975000000000003,24.983185662163628,-0.9596034553315904,0.1286086263480499,0.5149145600290009,2.794082057476044,0.0880691851253476,0.0,0.0,0.0,0.0,-0.03840997174291045,-0.1363364607095718,2494.061770976567,2116.173623858905
5.000000000000004,24.98416264851888,-0.9689761532677544,0.1251957271544646,0.5142736446496212,2.793632572889328,0.0881500495151343,0.0,0.0,0.0,0.0,-0.03878361532061182,-0.1366663128137588,2493.660550718425,2115.8331945489663
5.025000000000004,24.985171424018013,-0.97622639603085,0.1217767276575072,0.5127622292258522,2.7935443699359896,0.0880893793765509,0.0,0.0,0.0,0.0,-0.03907223126323691,-0.1368229240179062,2493.581818737945,2115.7663916564375
5.050000000000004,24.98620563083225,-0.9813427925109864,0.1183560303953549,0.5105063513553504,2.793802261352539,0.087887432703328,0.0,0.0,0.0,0.0,-0.039275382865657606,-0.1368029117584228,2493.8120185351763,2115.961712696513
5.075000000000005,24.98726314968533,-0.9843169980578952,0.1149380795180768,0.507621543190696,2.794389891624451,0.0875456534281192,0.0,0.0,0.0,0.0,-0.03939274950447268,-0.136604756116867,2494.3365508024813,2116.4067703778624
5.100000000000005,24.98833974202474,-0.9851439793904624,0.1115272942086067,0.5042006706468987,2.795296746492386,0.0870634589844359,0.0,0.0,0.0,0.0,-0.039424147004599626,-0.1362303793430328,2495.146030270663,2117.093601441774
5.125000000000005,24.98943540785048,-0.9838214185502794,0.1081280437156079,0.5003089766068892,2.796513479948044,0.0864424264629863,0.0,0.0,0.0,0.0,-0.039369493647752045,-0.1356835216283798,2496.232114478213,2118.015127436059
5.150000000000006,24.990550147162544,-0.9803499115837944,0.1047445890968247,0.4959886123194839,2.7980371713638306,0.0856821563896067,0.0,0.0,0.0,0.0,-0.03922882472817848,-0.1349685937166214,2497.592196405911,2119.1691363444093
5.175000000000006,24.99168184068468,-0.9747327698601616,0.1013810915414603,0.4912614764589252,2.7998745381832126,0.0847844131085194,0.0,0.0,0.0,0.0,-0.03900228788417776,-0.1340836882591247,2499.2322721979663,2120.560715804335
5.200000000000006,24.992832607693146,-0.9669762187533908,0.0980424279632609,0.48611415053858903,2.801907587051392,0.0837519846164905,0.0,0.0,0.0,0.0,-0.03869014104690726,-0.1329229325056076,2501.047018277841,2122.1005003569553
5.225000000000007,24.99399609035916,-0.9570962852901884,0.0947377945903656,0.48055354262843275,2.8040484070777896,0.0825847627226008,0.0,0.0,0.0,0.0,-0.03829304773154564,-0.1314137428998947,2502.9579633669778,2123.7219083113746
5.250000000000007,24.995174407958984,-0.9451101223627726,0.0914735913317691,0.4745652169892282,2.8064938485622406,0.081284686541019,0.0,0.0,0.0,0.0,-0.03781170344871968,-0.1296814382076263,2505.1408205608855,2125.5740295668115
5.275000000000008,24.996361202663845,-0.9310369359122382,0.0882556604971127,0.46814474394827177,2.809252965450287,0.0798537284754274,0.0,0.0,0.0,0.0,-0.03724689879313387,-0.1277114748954773,2507.6036716191497,2127.6637213738236
5.300000000000008,24.99755011664497,-0.9149023559358384,0.0850923327871814,0.4612269176136364,2.811983752250672,0.078294406045294,0.0,0.0,0.0,0.0,-0.03659968083538866,-0.1252059340476989,2510.041234590969,2129.7319566226397
5.325000000000008,24.998739030626083,-0.8967484368218316,0.0819989713125135,0.4538181466767282,2.814746373891831,0.0766096029547366,0.0,0.0,0.0,0.0,-0.0358717467998374,-0.1222029700875282,2512.5072140722987,2131.8243028492225
5.3500000000000085,24.999915228949654,-0.8766159746381972,0.0789847723012482,0.4459106907700047,2.8178013503551487,0.0748004052741373,0.0,0.0,0.0,0.0,-0.035064757884582125,-0.1188621297478675,2515.23415617767,2134.138071908326
5.375000000000009,25.001074473063152,-0.8545588784747653,0.0760648908044637,0.4375293801047585,2.8203916549682617,0.0728705830409142,0.0,0.0,0.0,0.0,-0.03418088608133585,-0.1145677790045738,2517.546321524949,2136.099909172683
5.400000000000009,25.002208285861546,-0.8306510580910577,0.0732605821766103,0.4287361653645833,2.823063737154007,0.0708229637831309,0.0,0.0,0.0,0.0,-0.03322310767888375,-0.1097115874290466,2519.931483410421,2138.1236828936903
5.42500000000001,25.0033081902398,-0.8049669530656602,0.070586568705089,0.4195457597212358,2.8253608107566834,0.0686604790585812,0.0,0.0,0.0,0.0,-0.03219441791226187,-0.1039121970534324,2521.981904027892,2139.8634337206354
5.45000000000001,25.00436570909288,-0.7776158385806613,0.0680737139302203,0.410068359375,2.827134215831757,0.066385421682516,0.0,0.0,0.0,0.0,-0.03109920274033906,-0.0970498844981193,2523.564886099003,2141.206570023396
5.47500000000001,25.00537872314453,-0.7487077183193631,0.065741421477259,0.400397422096946,2.828494644165039,0.064002822532682,0.0,0.0,0.0,0.0,-0.029941866772302577,-0.0891932472586631,2524.779235652236,2142.2369272200785
5.500000000000011,25.00634087456597,-0.7183933258056641,0.0636275498455762,0.3906281534830729,2.828843659162521,0.0615145811919505,0.0,0.0,0.0,0.0,-0.028728446493199018,-0.079861082136631,2525.0907744491683,2142.501263168991
5.525000000000011,25.007250044080948,-0.6868268383873833,0.0617564253472541,0.3809100156841856,2.8284233808517456,0.0589250731507688,0.0,0.0,0.0,0.0,-0.0274651086055722,-0.0693142637610435,2524.7156243832387,2142.1829540221415
5.550000000000011,25.008106231689453,-0.6542202499177721,0.0601778615782449,0.37133078835227273,2.8263082623481752,0.056238255700069,0.0,0.0,0.0,0.0,-0.026160327529669784,-0.0569171421229839,2522.8276210632484,2140.5810118112404
5.575000000000012,25.00891367594401,-0.6207882695727878,0.058922006354326,0.3619240130800189,2.8227532744407657,0.0534578302176477,0.0,0.0,0.0,0.0,-0.024822680329770655,-0.0429375357925891,2519.6543572672085,2137.8885455600553
5.600000000000012,25.00967449612088,-0.5868090523613824,0.0580436958268178,0.35279381954308714,2.8174073576927188,0.0505878101704911,0.0,0.0,0.0,0.0,-0.02346328227712037,-0.0273724794387817,2514.88246928473,2133.8396709082554
5.625000000000012,25.010392930772568,-0.5525597267680697,0.0575695782513781,0.3439998464873343,2.8095026791095736,0.0476319031781795,0.0,0.0,0.0,0.0,-0.022093204544907614,-0.0099731581285595,2507.826571762562,2127.8528487682343
5.650000000000013,25.011077457004124,-0.5183888475100199,0.0575498583757439,0.33554496071555395,2.7996449768543243,0.044595158843811,0.0,0.0,0.0,0.0,-0.02072637008146364,0.0081883026286959,2499.02736048718,2120.386851322455
5.675000000000013,25.011728074815537,-0.4846327834659152,0.0579952845516272,0.3273026437470407,2.785869836807251,0.0414813180764793,0.0,0.0,0.0,0.0,-0.01937622150761726,0.0278000570833683,2486.731354330407,2109.953876401557
5.7000000000000135,25.012353261311848,-0.4517001244756911,0.0589311692929515,0.319299834280303,2.7693165957927706,0.0382956260551751,0.0,0.0,0.0,0.0,-0.018059081436945942,0.0465754084289073,2471.9555514904323,2097.416831567639
5.725000000000014,25.012955135769317,-0.419961478975084,0.0603193378499661,0.3113896132960464,2.7475535392761232,0.0350435308168628,0.0,0.0,0.0,0.0,-0.01678975861490775,0.0646684244275093,2452.529347763687,2080.933992041916
5.750000000000014,25.01353793674045,-0.3898525569174025,0.0621351518213986,0.3035863333037405,2.7203931629657747,0.0317293516759353,0.0,0.0,0.0,0.0,-0.015585662368248127,0.0798688605427742,2428.2853725161713,2060.3633463773567
5.775000000000015,25.01410378350152,-0.3617197275161743,0.0642675074555222,0.2959590518835819,2.687488204240799,0.028356956457757,0.0,0.0,0.0,0.0,-0.01446063111622463,0.0896929949522018,2398.913651162484,2035.4418858348345
5.800000000000015,25.014665391710068,-0.33596889840232,0.0665622992713838,0.28831162423798534,2.641443341970444,0.0249263701294632,0.0,0.0,0.0,0.0,-0.013430877173102667,0.0922695770859718,2357.8129503326345,2000.5685639185986
5.825000000000015,25.015222761366104,-0.3129612406094869,0.0687623740986011,0.2804279442989465,2.581073677539825,0.0214424259123134,0.0,0.0,0.0,0.0,-0.012510831648192597,0.0811106488108635,2303.9256023285816,1954.8459656121295
5.850000000000016,25.01577589246962,-0.292933980623881,0.0704855100640989,0.27236267552231297,2.5012047350406648,0.0179062998624063,0.0,0.0,0.0,0.0,-0.011709969815969671,0.0535644106566906,2232.6327511961344,1894.3550616209623
5.875000000000016,25.01632478502061,-0.2760641773541768,0.0712730484103273,0.26398623379794034,2.393040460348129,0.0143110766034346,0.0,0.0,0.0,0.0,-0.011035361098264914,0.0062393168918788,2136.0828371468137,1812.433922427599
5.900000000000016,25.01686520046658,-0.262357278002633,0.0706022230988716,0.25532939101710467,2.252681961655617,0.0106778640277062,0.0,0.0,0.0,0.0,-0.010487216359855505,-0.0642633289098739,2010.7956198712843,1706.1296168604833
5.925000000000017,25.017386542426216,-0.2515260047382778,0.0678929976443124,0.2463712148955374,2.0815807908773425,0.0070970693021853,0.0,0.0,0.0,0.0,-0.01005404798425777,-0.1556115448474884,1858.0667879224804,1576.5415170251347
5.950000000000017,25.017869737413196,-0.2428416245513492,0.0627264235176666,0.23713967063210228,1.8879858225584032,0.0036901434672555,0.0,0.0,0.0,0.0,-0.009706726715751882,-0.2581800818443298,1685.259476037788,1429.9171311835773
5.975000000000017,25.018291473388672,-0.235191716088189,0.054959139428504,0.2289052604906487,1.6772349417209629,0.0005042408141935,0.0,0.0,0.0,0.0,-0.009400790471178118,-0.3619544804096222,1497.1384028968268,1270.2992509427618
6.000000000000018,25.01863903469509,-0.2272926436530219,0.0447049247732089,0.21968683416193183,1.4558811604976656,-0.0025022588917298,0.0,0.0,0.0,0.0,-0.009084932371334002,-0.4568331837654114,1299.5529375261951,1102.6509772949532
6.025000000000018,25.018895467122395,-0.2178743316067589,0.0321886481357303,0.21129305290453362,1.227946037054062,-0.0053744252022551,0.0,0.0,0.0,0.0,-0.008708391299410877,-0.5424988865852356,1096.0928150425193,930.0181460966829
6.0500000000000185,25.01906288994683,-0.2058479686578115,0.0177123078224941,0.2039701288396662,0.9868055880069734,-0.0081345774358968,0.0,0.0,0.0,0.0,-0.008227645038636735,-0.6125090718269348,880.8453158521263,747.3839043593798
6.075000000000019,25.019126468234592,-0.190486858288447,0.0016552804934576,0.19607782537286933,0.7293912559747696,-0.010842513702026,0.0,0.0,0.0,0.0,-0.0076136494425693745,-0.6695069074630737,651.0713752102657,552.4241971481041
6.100000000000019,25.019056532118057,-0.1713691651821136,-0.0156198007764781,0.18907565492572206,0.4499589696526527,-0.0135466416998112,0.0,0.0,0.0,0.0,-0.006849545463959422,-0.7097452878952026,401.64370323913016,340.78859668774675
6.12500000000002,25.018848843044704,-0.1484473546346028,-0.033721072638854,0.18351497303355824,0.147366170398891,-0.0162832701457198,0.0,0.0,0.0,0.0,-0.005933420660793971,-0.7348685264587402,131.5424258724527,111.61175528571742
6.15000000000002,25.01847373114692,-0.1219506230619218,-0.0522283007572231,0.17803803646203242,-0.1792693447321653,-0.0190985341444481,0.0,0.0,0.0,0.0,-0.004874422971298147,-0.7429576516151428,-160.01993148633446,-135.7744873217383
6.17500000000002,25.017873975965717,-0.0922948122024536,-0.0707283237764868,0.1736755440451882,-0.5258674316108227,-0.0220447112361052,0.0,0.0,0.0,0.0,-0.003689154893462162,-0.7340460419654846,-469.4013385444148,-398.27992361344275
6.200000000000021,25.017036861843533,-0.0599791440698835,-0.088802365857014,0.17002616651130445,-0.8821292728185655,-0.0251571059901887,0.0,0.0,0.0,0.0,-0.0023975319060014198,-0.7095931768417358,-787.4088345077196,-668.1044656429135
6.225000000000021,25.01590940687392,-0.0254465080797672,-0.1060338087357753,0.16848265676787405,-1.229656794667244,-0.0284465957552761,0.0,0.0,0.0,0.0,-0.0010172129929753807,-0.666037380695343,-1097.6198765513352,-931.3138346496175
6.250000000000021,25.014481014675564,0.0110181100252601,-0.1219365839019392,0.16781710306803385,-1.5541185140609743,-0.0317737973378152,0.0,0.0,0.0,0.0,0.000440469263335744,-0.6028051376342773,-1387.2418539445912,-1177.0536942560166
6.275000000000022,25.012747446695965,0.0492223352193832,-0.1360320630509697,0.1688200702089252,-1.840246850252152,-0.0350451359955979,0.0,0.0,0.0,0.0,0.0019678899858673934,-0.5225739479064941,-1642.6465737086835,-1393.7607292073674
6.300000000000022,25.01071082221137,0.0889629622300465,-0.1479882665082316,0.17168884739731297,-2.083290818333626,-0.0382356154650805,0.0,0.0,0.0,0.0,0.003556994555750122,-0.4336074888706207,-1859.593197676491,-1577.836652573992
6.325000000000022,25.008422003852,0.129936138788859,-0.1577161448247754,0.1766219376072739,-2.283477205038071,-0.0413492023998708,0.0,0.0,0.0,0.0,0.005195695224946428,-0.3457101881504059,-2038.2841608905405,-1729.4532274222765
6.350000000000023,25.00591278076172,0.1718082858456505,-0.165332519226293,0.1843649638782848,-2.4447238862514498,-0.0443921947598279,0.0,0.0,0.0,0.0,0.006870706434592985,-0.2650085687637329,-2182.2166492851056,-1851.5777630297864
6.375000000000023,25.003246731228295,0.2142382330364651,-0.1710602463617536,0.19403487927985913,-2.5721900045871737,-0.0473678528366928,0.0,0.0,0.0,0.0,0.008568416547635314,-0.1947833746671676,-2295.995831963469,-1948.1176756053671
6.400000000000024,25.000476837158203,0.2569116320874955,-0.1751659585905448,0.20680339235247988,-2.6702372252941133,-0.0502740648269446,0.0,0.0,0.0,0.0,0.010276269279218219,-0.1348079293966293,-2383.515031430565,-2022.3763903047216
6.425000000000024,24.99767727322049,0.2995806601312425,-0.1778917871900249,0.22176268144087358,-2.742995607852936,-0.053108059378574,0.0,0.0,0.0,0.0,0.011984339859134724,-0.0845542028546333,-2448.460833567088,-2077.4819193902563
6.450000000000024,24.994913736979168,0.3420283065901862,-0.1794740044831546,0.23891291762843275,-2.79499825835228,-0.0558660747765413,0.0,0.0,0.0,0.0,0.013683916263498295,-0.0434233322739601,-2494.8795929062567,-2116.8675333750057
6.4750000000000245,24.99224344889323,0.3840769661797417,-0.1801302406652638,0.25773241447679923,-2.829816228151321,-0.0585420648129341,0.0,0.0,0.0,0.0,0.015367846706724936,-0.0100767016410827,-2525.9589118498266,-2143.237864599853
6.500000000000025,24.98971939086914,0.4255983895725674,-0.1800393769378216,0.2776803311434659,-2.8499638855457308,-0.0611325403306056,0.0,0.0,0.0,0.0,0.017030939120031677,0.0165945440530776,-2543.9431732453286,-2158.497237905127
6.525000000000025,24.987383948432075,0.4664931363529629,-0.1793425275490888,0.29832156094637785,-2.8583922326564792,-0.0636315757961303,0.0,0.0,0.0,0.0,0.018669146690813734,0.0381461270153522,-2551.466509313858,-2164.880674569333
6.550000000000026,24.985264672173397,0.506673687034183,-0.178152211055121,0.3190387702710701,-2.8586361050605777,-0.0660323718263501,0.0,0.0,0.0,0.0,0.020278900131023063,0.0561084151268005,-2551.6841954188276,-2165.065377931126
6.575000000000026,24.98338275485569,0.5460423893398709,-0.1765591247357925,0.3395384817412405,-2.85342190861702,-0.0683281456828637,0.0,0.0,0.0,0.0,0.021856223182336824,0.0710633993148803,-2547.029884003225,-2161.1162652148573
6.600000000000026,24.981746673583984,0.5844625499513414,-0.1746272343915353,0.3595390967166785,-2.8451798975467684,-0.0705129614292727,0.0,0.0,0.0,0.0,0.02339558388722913,0.0831438824534416,-2539.672875761009,-2154.8739551911585
6.625000000000027,24.980367024739586,0.6217786338594224,-0.1724136648277319,0.3793327655214252,-2.836865746974945,-0.0725827535837255,0.0,0.0,0.0,0.0,0.024890692488370447,0.0933008715510368,-2532.251474144029,-2148.5770083646303
6.650000000000027,24.97925228542752,0.6578370597627428,-0.1699777213129069,0.39860526344992897,-2.829322934150696,-0.0745324954296645,0.0,0.0,0.0,0.0,0.026335338313809895,0.1014165878295898,-2525.518586303367,-2142.864255045281
6.675000000000027,24.97840457492405,0.692472325430976,-0.1673545242839356,0.4170465272845644,-2.823168003559113,-0.0763602686588671,0.0,0.0,0.0,0.0,0.027722840478216635,0.1079914420843124,-2520.0245539966186,-2138.202651875918
6.700000000000028,24.97781541612413,0.7255588637457954,-0.1645862016203119,0.4344442656545928,-2.818338745832444,-0.0780643630225708,0.0,0.0,0.0,0.0,0.029048131378111616,0.1133699566125869,-2515.7138477143703,-2134.545082909162
6.725000000000028,24.977474212646484,0.7569762070973715,-0.1616924107798318,0.45045346346768467,-2.8145489394664764,-0.0796413788291964,0.0,0.0,0.0,0.0,0.030306355264460752,0.1178539544343948,-2512.330979572945,-2131.674770546741
6.750000000000028,24.977364010281036,0.7866438892152574,-0.158700066334262,0.46478370435310135,-2.811218547821045,-0.0810903298769029,0.0,0.0,0.0,0.0,0.0314942717290529,0.1214762479066848,-2509.358195555015,-2129.1524083497093
6.775000000000029,24.977461496988933,0.8144883314768473,-0.1556212357322918,0.4772496541341146,-2.8085820972919464,-0.0824088650937903,0.0,0.0,0.0,0.0,0.03260893151912315,0.1247781887650489,-2507.004839304041,-2127.1556212276705
6.800000000000029,24.977739122178814,0.8404521147410074,-0.152468136225422,0.4877619055545691,-2.805851310491562,-0.0835953158429882,0.0,0.0,0.0,0.0,0.03364804599126963,0.1273726671934127,-2504.5672763322223,-2125.087385978855
6.8250000000000295,24.97817145453559,0.8644947740766737,-0.1492550323702414,0.4963845362807765,-2.803370529413224,-0.0846477346879495,0.0,0.0,0.0,0.0,0.034610010410497716,0.1296341866254806,-2502.3528742057383,-2123.208499326081
6.85000000000003,24.97873094346788,0.8865740564134386,-0.1459886652932593,0.5032377948183002,-2.801182979345322,-0.0855636790106118,0.0,0.0,0.0,0.0,0.03549315849632001,0.1316249966621399,-2500.4002168090624,-2121.5516991107193
6.87500000000003,24.979398515489365,0.9066536691453722,-0.1426769412539617,0.5084922374378551,-2.799144381284714,-0.0863437521834096,0.0,0.0,0.0,0.0,0.03629605687195267,0.1332133412361145,-2498.5805173926674,-2120.007711727111
6.900000000000031,24.98015509711372,0.9247081809573704,-0.1393313701016848,0.5123287409002131,-2.7972155988216403,-0.0869847084787645,0.0,0.0,0.0,0.0,0.037017711754088106,0.1343832910060882,-2496.858841898989,-2118.546896156717
6.925000000000031,24.98098585340712,0.9407125578986274,-0.1359596916483468,0.5149301239938447,-2.7956314504146578,-0.0874864313833786,0.0,0.0,0.0,0.0,0.03765714305347661,0.1353101581335067,-2495.4447946734117,-2117.3470985107733
6.950000000000031,24.98187806871202,0.9546441502041288,-0.1325675984007777,0.5164142955433239,-2.794407415390015,-0.0878483258471959,0.0,0.0,0.0,0.0,0.038213466080428554,0.1360159516334533,-2494.352192917808,-2116.420042475716
6.975000000000032,24.982821146647137,0.9664824936125014,-0.1291604083587791,0.5168251823656487,-2.7935662746429446,-0.0880699341394041,0.0,0.0,0.0,0.0,0.03868588290887276,0.1365272402763366,-2493.601371382104,-2115.782981778754
7.000000000000032,24.983806610107425,0.9762103027767606,-0.1257425823171771,0.5162376912434896,-2.793095177412033,-0.0881508318187045,0.0,0.0,0.0,0.0,0.03907372155137583,0.1368681937456131,-2493.180859181725,-2115.4261835481298
7.025000000000032,24.984825981987846,0.9838130076726278,-0.1223184063008509,0.5147704615737453,-2.7929874062538147,-0.0880901824860671,0.0,0.0,0.0,0.0,0.039376420247308586,0.137035071849823,-2493.0846601724625,-2115.344560146332
7.050000000000033,24.985870785183376,0.9892790847354463,-0.1188923078151128,0.5125506036931818,-2.793229526281357,-0.0878887518003055,0.0,0.0,0.0,0.0,0.039593540414932786,0.1370231211185455,-2493.3007820659,-2115.527936298339
7.075000000000033,24.98693678114149,0.9926001230875652,-0.1154687143652751,0.5096947779799953,-2.7937987565994264,-0.0875464856659599,0.0,0.0,0.0,0.0,0.039724762254039675,0.136836439371109,-2493.808890112111,-2115.9590582769424
7.100000000000033,24.9880239698622,0.9937708245383368,-0.1120519702328659,0.5062932702266809,-2.7946828305721283,-0.087064832176873,0.0,0.0,0.0,0.0,0.03976988439489707,0.1364758461713791,-2494.5980348303674,-2116.6286356136443
7.125000000000034,24.98913235134549,0.9927888049019707,-0.1086464280217918,0.5024172326290246,-2.795881748199463,-0.086443321118665,0.0,0.0,0.0,0.0,0.0397288225514767,0.1359408348798751,-2495.6682162206685,-2117.5366683084453
7.150000000000034,24.990257687038845,0.9896543290879992,-0.1052564070464459,0.498108437278054,-2.797389376163483,-0.085683063528853,0.0,0.0,0.0,0.0,0.03960160561294579,0.1352366805076599,-2497.01395954265,-2118.6785111270965
7.1750000000000345,24.991402096218533,0.9843705097834268,-0.1018860352065177,0.4933873494466146,-2.7992048382759096,-0.0847863605450665,0.0,0.0,0.0,0.0,0.039388366686812365,0.1343673318624496,-2498.6344826905456,-2120.053500464705
7.200000000000035,24.992565578884548,0.976942777633667,-0.098539565237373,0.48826134883996214,-2.801345366239548,-0.0837529500123857,0.0,0.0,0.0,0.0,0.0390893353685568,0.1333222836256027,-2500.5451670777607,-2121.674687217493
7.225000000000035,24.99374389648437,0.967381066746182,-0.0952229060276804,0.48269985314571495,-2.803590160608292,-0.0825857614080096,0.0,0.0,0.0,0.0,0.03870492835138053,0.131924420595169,-2502.548922051172,-2123.374842952509
7.2500000000000355,24.994934929741756,0.9557051791085136,-0.0919457198587697,0.47671332157019414,-2.80601778626442,-0.0812857143547522,0.0,0.0,0.0,0.0,0.03823595387605147,0.1302140057086944,-2504.715876427831,-2125.213470908462
7.275000000000036,24.996136559380425,0.9419343206617568,-0.0887141070340131,0.4702847937381629,-2.8087628841400147,-0.0798553055661354,0.0,0.0,0.0,0.0,0.03768319629812041,0.128269538283348,-2507.166213793833,-2127.2925450371913
7.300000000000036,24.997342427571613,0.9260908762613932,-0.0855343426267289,0.4633830030036695,-2.8117682099342347,-0.0782966031531933,0.0,0.0,0.0,0.0,0.03704757331483093,0.1260219067335128,-2509.8488365724443,-2129.568709819043
7.325000000000037,24.998546176486546,0.9082104762395224,-0.0824193096786905,0.45596926602450283,-2.8145655870437625,-0.0766107972160379,0.0,0.0,0.0,0.0,0.03633053177683504,0.1230929866433143,-2512.345839582506,-2131.6873790397017
7.350000000000037,24.999739329020183,0.8883378903071085,-0.0793824488310243,0.44804918693773677,-2.8176229000091557,-0.0748021446512242,0.0,0.0,0.0,0.0,0.03553388611840079,0.1197993233799934,-2515.074867303255,-2134.002917711852
7.375000000000037,25.00091764662001,0.8665187491310967,-0.0764337719049533,0.4396461348100142,-2.820655971765518,-0.0728723723522716,0.0,0.0,0.0,0.0,0.03465947775913919,0.1158967092633247,-2517.7822567644666,-2136.3000966486384
7.400000000000038,25.00206841362847,0.842824313375685,-0.0735958159012024,0.4308068477746212,-2.823311698436737,-0.0708249465897863,0.0,0.0,0.0,0.0,0.033710183470911016,0.1110809817910194,-2520.152819342301,-2138.311483078315
7.425000000000038,25.003187391493057,0.81732796298133,-0.0708838856736611,0.42158160585345644,-2.826095932722092,-0.0686620519881,0.0,0.0,0.0,0.0,0.032688950819902786,0.1057075634598732,-2522.6380907658677,-2140.4201982255845
7.450000000000038,25.004263983832463,0.7901266548368666,-0.0683235558911725,0.41201120087594695,-2.827981781959534,-0.0663876832888479,0.0,0.0,0.0,0.0,0.03159967657307392,0.0989729985594749,-2524.321443076994,-2141.8484971562366
7.475000000000039,25.00529607137044,0.761334564950731,-0.0659398685903619,0.40225517504142994,-2.8298518598079685,-0.0640046929872288,0.0,0.0,0.0,0.0,0.030446932632899847,0.0915513858199119,-2525.9907174843265,-2143.264851198822
7.500000000000039,25.006275177001957,0.7310855388641357,-0.0637623931817075,0.39237486868193655,-2.8304041504859927,-0.0615171236785537,0.0,0.0,0.0,0.0,0.029236083090715903,0.0824378728866577,-2526.4837048190543,-2143.683143482833
7.525000000000039,25.007201300727,0.6995389196607802,-0.0618229710849925,0.3825016368519176,-2.830770689249039,-0.058927750876021,0.0,0.0,0.0,0.0,0.027973498963294364,0.0725034549832344,-2526.810885731314,-2143.9607515295997
7.55000000000004,25.00807444254557,0.6668832567003038,-0.060159889402076,0.3727875958066998,-2.8288822114467624,-0.0562409542312674,0.0,0.0,0.0,0.0,0.026666717512874687,0.0603025332093238,-2525.125187102889,-2142.5304617842694
7.57500000000004,25.00889672173394,0.6333402130338881,-0.0588129124569844,0.36326785000887785,-2.826413404941559,-0.0534607160023601,0.0,0.0,0.0,0.0,0.02532459628590832,0.0471644960343837,-2522.9214737552115,-2140.6606443983605
7.60000000000004,25.00967025756836,0.599166750907898,-0.0578284291869554,0.3539826734138258,-2.821077710390091,-0.0505907001163928,0.0,0.0,0.0,0.0,0.023957403065983235,0.031549833714962,-2518.1587103400075,-2136.6195118036426
7.625000000000041,25.010401407877605,0.5646427472432455,-0.057239770717507,0.3450458457253196,-2.8145255744457245,-0.0476350531984064,0.0,0.0,0.0,0.0,0.022576316870524044,0.0151112917810678,-2512.3101234191754,-2131.65707441627
7.650000000000041,25.01109441121419,0.5301026172108121,-0.0570951444255589,0.3364699068936435,-2.8045177519321443,-0.0445985585353901,0.0,0.0,0.0,0.0,0.021194698980190593,-0.0033381362445652,-2503.376911355824,-2124.0773793322137
7.675000000000042,25.011755625406902,0.4958816038237678,-0.0574078661165614,0.3281134125680634,-2.7922201573848726,-0.0414846719949771,0.0,0.0,0.0,0.0,0.01982594149928652,-0.0220807902514934,-2492.399796223054,-2114.7634634619853
7.700000000000042,25.012389289008247,0.4623823033438788,-0.0582079712541837,0.3200084247011127,-2.775514459609985,-0.0382991037690517,0.0,0.0,0.0,0.0,0.018486130933004222,-0.0414698868989944,-2477.4879069797325,-2102.1109513767424
7.725000000000042,25.012999640570747,0.429980456829071,-0.0594622535485838,0.31202665386777934,-2.7552140533924105,-0.035047159373848,0.0,0.0,0.0,0.0,0.01719027957493145,-0.0589597225189209,-2459.367298478963,-2086.7358896185137
7.750000000000043,25.01358879937066,0.399105151494344,-0.061146910997519,0.3041369998816288,-2.727756065130234,-0.031732836671893,0.0,0.0,0.0,0.0,0.015955533398085822,-0.0750778168439865,-2434.857667972807,-2065.9398394920786
7.775000000000043,25.014161003960503,0.3701311018731859,-0.0631688286701884,0.29639872233072917,-2.695593822002411,-0.0283610812365547,0.0,0.0,0.0,0.0,0.014796862537767422,-0.08571158349514,-2406.14891160707,-2041.5808946969078
7.800000000000043,25.014726850721573,0.3434470295906067,-0.0653679297791322,0.2887167312159683,-2.650136297941208,-0.0249304012815038,0.0,0.0,0.0,0.0,0.013729793318958414,-0.0890203639864921,-2365.572482342603,-2007.15240926039
7.825000000000044,25.01528845893012,0.319450232717726,-0.0675108381890752,0.28077375932173293,-2.589973998069764,-0.0214476253182229,0.0,0.0,0.0,0.0,0.012770199841676684,-0.0796661004424095,-2311.8702327032565,-1961.5868641118536
7.850000000000044,25.015845828586155,0.2984043293529086,-0.069218723396143,0.27266435102982955,-2.5113320112228394,-0.0179116615546947,0.0,0.0,0.0,0.0,0.011928612424206559,-0.0540089197456836,-2241.672590345633,-1902.0252281720518
7.875000000000044,25.01639895968967,0.2804975377188788,-0.0700302177086146,0.26422024813565337,-2.403048720955849,-0.0143174192960776,0.0,0.0,0.0,0.0,0.011212546544802882,-0.0076868003234267,-2145.016440263049,-1820.0139493141019
7.900000000000045,25.016943613688152,0.2657732864220937,-0.0694236869315383,0.2555097915187027,-2.2632493764162067,-0.0106821354884233,0.0,0.0,0.0,0.0,0.010623731280933713,0.0606468096375465,-2020.2283368174174,-1714.1331342693236
7.925000000000045,25.01746707492405,0.2539873619874318,-0.0668123534529855,0.24651312625769412,-2.090736958384514,-0.0070947275929611,0.0,0.0,0.0,0.0,0.01015240116942186,0.1514348685741424,-1866.2397931809312,-1583.4761881535171
7.950000000000045,25.017954508463543,0.2444477876027425,-0.061755072960763,0.23721221461440578,-1.8958296060562132,-0.0036805469766025,0.0,0.0,0.0,0.0,0.009770894239976577,0.2536768615245819,-1692.2610172091936,-1435.857832783558
7.975000000000046,25.01838048299153,0.2360577715767754,-0.0540927631916308,0.22886829260623817,-1.682926368713379,-0.0004874478150152,0.0,0.0,0.0,0.0,0.009435373793969463,0.3578619062900543,-1502.2187012531722,-1274.6098071239035
8.000000000000046,25.01873228285048,0.2275391585297054,-0.043930910291891,0.2196022912227746,-1.459104073047638,0.0025194207413199,0.0,0.0,0.0,0.0,0.009094751722719223,0.4533506333827972,-1302.4297832367852,-1105.0919372918174
8.025000000000047,25.018990834554035,0.2176106141673194,-0.0314935859777603,0.2111478262236624,-1.228935107588768,0.0053875434162369,0.0,0.0,0.0,0.0,0.00869781741423298,0.5394787192344666,-1096.9756821017775,-930.7672454196897
8.050000000000047,25.01915825737847,0.2051730122831132,-0.0170877622170596,0.2037740487763376,-0.985813231766224,0.0081420402686585,0.0,0.0,0.0,0.0,0.008200636095445179,0.6097667813301086,-879.9595158962443,-746.6323165180254
8.075000000000047,25.019221835666237,0.1894867420196533,-0.0010956374761748,0.19582056681315105,-0.7267542943358422,0.0108455477291038,0.0,0.0,0.0,0.0,0.007573646505245412,0.6669347286224365,-648.717562730928,-550.4270229232116
8.100000000000048,25.019147660997177,0.1701237426863776,0.0161146275502851,0.18878978382457387,-0.4459226258099079,0.013545869799214,0.0,0.0,0.0,0.0,0.006799741741465746,0.7071786522865295,-398.0407700876965,-337.73156249865156
8.125000000000048,25.01893361409505,0.1470293601353963,0.0341502202425742,0.18319869995117188,-0.1420230191200971,0.0162801258471281,0.0,0.0,0.0,0.0,0.005876723700668184,0.7321075797080994,-126.77300641129979,-107.56497513686041
8.150000000000048,25.01855002509223,0.1204284860028161,0.0525892048580101,0.1776815079197739,0.1853619929403066,0.0190945591684617,0.0,0.0,0.0,0.0,0.004813567767997464,0.7402544617652893,165.45836910819176,140.38891924331418
8.175000000000049,25.01794179280599,0.090730885664622,0.0710186832367111,0.1733688007701527,0.5325669497251511,0.0220411565402283,0.0,0.0,0.0,0.0,0.003626632694889075,0.7312813401222229,475.38148217269634,403.3539848738029
8.200000000000049,25.01709196302626,0.0584259339504771,0.0890226092791635,0.1697209190599846,0.8889947921037674,0.0251548599883163,0.0,0.0,0.0,0.0,0.0023354406673975966,0.7068672776222229,793.5371545909859,673.3042523802303
8.22500000000005,25.015953911675343,0.0239441854258378,0.1061848016472044,0.1681898614132043,1.2360390961170198,0.0284469983503315,0.0,0.0,0.0,0.0,0.0009571566013584102,0.6632801294326782,1103.3168653044547,936.147643288628
8.25000000000005,25.014514923095703,-0.0124399757219685,0.1220203319958438,0.16759147875236743,1.5599029630422594,0.0317738743198154,0.0,0.0,0.0,0.0,-0.0004973102920529859,0.6002533435821533,1392.4051858631317,1181.4347031565965
8.27500000000005,25.01277075873481,-0.0505441882544093,0.1360527940955803,0.1685351308186849,1.845002508163452,0.0350446845065694,0.0,0.0,0.0,0.0,-0.0020207352772686556,0.5201883316040039,1646.891583106557,1397.362555363139
8.30000000000005,25.010725657145183,-0.0901710076464547,0.1479533624531948,0.17157515554717093,2.0871518880128863,0.0382346729557259,0.0,0.0,0.0,0.0,-0.0036052935401614077,0.4315391778945923,1863.0396770869127,1580.7609381343498
8.32500000000005,25.00842836168077,-0.1310211751196119,0.1576354177542323,0.17656926704175543,2.286542403697968,0.0413479540431098,0.0,0.0,0.0,0.0,-0.005239080730093756,0.3440649807453155,2041.0202275631862,1731.7747385384607
8.350000000000051,25.00591490003798,-0.1727642284499274,0.165216005928602,0.1843882265957919,2.447102883458138,0.0443908819046343,0.0,0.0,0.0,0.0,-0.006908934511716866,0.2637541890144348,2184.340196791731,1853.379560914196
8.375000000000052,25.00324461195204,-0.2150616877608829,0.1709173844140277,0.19412042791193182,2.5739879429340364,0.0473666731395536,0.0,0.0,0.0,0.0,-0.008601351188560513,0.1938685327768325,2297.6007129960376,1949.4793928451224
8.400000000000052,25.000476837158203,-0.2576015889644623,0.1750041881990792,0.20695750843394886,2.6715447902679443,0.0502730141266707,0.0,0.0,0.0,0.0,-0.010303867027911608,0.1341658979654312,2384.6821939358947,2023.3667100062135
8.425000000000052,24.997679392496742,-0.300137996673584,0.1777171836910566,0.2219759900642164,2.743903630971909,0.0531073415734364,0.0,0.0,0.0,0.0,-0.012006634374376081,0.0841365978121757,2449.2713558429587,2078.1696352606914
8.450000000000053,24.994917975531685,-0.3424554732110765,0.1792913615666456,0.2391673232569839,2.7955782949924477,0.0558656648994047,0.0,0.0,0.0,0.0,-0.01370100408196246,0.0431860573589801,2495.3973469235866,2117.3068398139517
8.475000000000053,24.99225404527452,-0.3843777378400166,0.1799430870196585,0.25801204334605826,2.830100989341736,0.0585419066877444,0.0,0.0,0.0,0.0,-0.015379874786151748,0.0099590076133608,2526.213096223894,2143.4535361899702
8.500000000000053,24.98973846435547,-0.4257774021890428,0.1798501759871283,0.27796773274739583,2.8500185012817383,0.0611326256349843,0.0,0.0,0.0,0.0,-0.017038089566097602,-0.0166467130184173,2543.991924504765,2158.538602610103
8.525000000000054,24.987409379747177,-0.4665550920698378,0.1791528272556911,0.2985997286709872,2.8582447409629825,0.0636323955504034,0.0,0.0,0.0,0.0,-0.018671607167407702,-0.0381450243294239,2551.3348548431873,2164.7689677457342
8.550000000000054,24.985298580593533,-0.5066227250629001,0.1779629435254005,0.3192918673428622,2.85835776925087,0.0660326797543512,0.0,0.0,0.0,0.0,-0.02027683293152245,-0.0560795851051807,2551.4357464870473,2164.854572776888
8.575000000000054,24.98342514038086,-0.545881556140052,0.1763708891809943,0.3397569598573627,2.853074061870575,0.0683289862430828,0.0,0.0,0.0,0.0,-0.021849748506170212,-0.0710162222385406,2546.7193880139807,2160.852814072468
8.600000000000055,24.98179753621419,-0.5841934018664889,0.1744403637067959,0.35971469763553504,2.8448267936706544,0.0705140017265735,0.0,0.0,0.0,0.0,-0.02338476248635146,-0.0830807238817215,2539.357687137166,2154.6065224194135
8.625000000000055,24.980426364474827,-0.6214016013675265,0.1722284752634305,0.37945790608723956,2.8365792334079742,0.0725830115774561,0.0,0.0,0.0,0.0,-0.024875540245030983,-0.0932380706071853,2531.9957255584295,2148.360009564728
8.650000000000055,24.97931798299153,-0.6573516130447388,0.1697943793166118,0.3986719027432528,2.8290892839431763,0.0745327118115031,0.0,0.0,0.0,0.0,-0.02631583510375787,-0.101331427693367,2525.3100247656716,2142.687293740569
8.675000000000056,24.97847663031684,-0.6918778684404161,0.1671731130794308,0.4170499859434186,2.823026937246323,0.0763608429029772,0.0,0.0,0.0,0.0,-0.027698961737349148,-0.1079185605049133,2519.898634968234,2138.0958114881983
8.700000000000056,24.977891710069443,-0.724854932890998,0.1644068377208951,0.4343800215287642,2.8182447016239167,0.0780642964435435,0.0,0.0,0.0,0.0,-0.02901986049522283,-0.113279640674591,2515.629901695447,2134.4738559840152
8.725000000000056,24.97755686442057,-0.7561628023783366,0.1615151274750166,0.45032280199455493,2.8145287871360782,0.0796412456711419,0.0,0.0,0.0,0.0,-0.03027368955590117,-0.1177821159362793,2512.3129911403194,2131.65950763421
8.750000000000057,24.97744878133138,-0.7857208781772189,0.1585246805317234,0.46458992697975854,2.811222636699677,0.0810901426233887,0.0,0.0,0.0,0.0,-0.03145721106490594,-0.1213962361216545,2509.361845381925,2129.1555051725422
8.775000000000057,24.977548387315537,-0.8134565088484023,0.1554479138795981,0.4769971350467566,2.808601081371308,0.0824091563770345,0.0,0.0,0.0,0.0,-0.03256750807703384,-0.1246946156024932,2507.0217849289793,2127.169999333679
8.800000000000058,24.977828131781685,-0.8393116129769219,0.1522963956246256,0.4874591434363163,2.805916440486908,0.083595003753798,0.0,0.0,0.0,0.0,-0.03360226551919401,-0.1273117810487747,2504.625412860855,2125.1367139425433
8.825000000000058,24.97826046413845,-0.8632461229960123,0.1490848563765854,0.4960397893732244,2.803439748287201,0.0846474267599484,0.0,0.0,0.0,0.0,-0.034559897565140045,-0.1295686215162277,2502.4146605612805,2123.260924112601
8.850000000000058,24.978819953070747,-0.8852182494269477,0.1458201704200413,0.5028525890003551,2.801254826784134,0.0855638246522339,0.0,0.0,0.0,0.0,-0.035438753755784376,-0.1315569430589676,2500.4643494819034,2121.6061147119176
8.875000000000059,24.97948752509223,-0.9051913022994996,0.1425099610536137,0.5080770319158381,2.799259746074677,0.0863438354071937,0.0,0.0,0.0,0.0,-0.036237384829861816,-0.1331716626882553,2498.6834946519048,2120.0950863713124
8.900000000000059,24.98024410671658,-0.9231392542521158,0.1391654551657729,0.5118851447827888,2.7973356366157534,0.0869847708966025,0.0,0.0,0.0,0.0,-0.03695477315227301,-0.1343395411968231,2496.9659903889797,2118.637810027013
8.92500000000006,24.981072743733723,-0.9390376673804388,0.135794925200655,0.5144627334132339,2.795757913589478,0.0874864563505138,0.0,0.0,0.0,0.0,-0.0375899656917651,-0.1352630108594894,2495.55767860569,2117.442878816949
8.95000000000006,24.98196283976237,-0.9528637594646878,0.1324040470203332,0.5159245254054214,2.7945385515689853,0.0878483300083851,0.0,0.0,0.0,0.0,-0.03814206936326351,-0.1359670162200927,2494.4692480808408,2116.5193620079854
8.97500000000006,24.982905917697483,-0.9645972649256388,0.1289981219798524,0.5163146602746213,2.7937044203281403,0.0880698925275121,0.0,0.0,0.0,0.0,-0.038610290896638005,-0.1364751160144806,2493.7246833912664,2115.887610150165
9.00000000000006,24.98388926188151,-0.9742208984163072,0.1255816524859307,0.5157090805516098,2.7932409167289736,0.0881502409298376,0.0,0.0,0.0,0.0,-0.03899396479885533,-0.1368118077516555,2493.3109494408627,2115.5365631619434
9.02500000000006,24.98490439520942,-0.9817200899124146,0.1221589162410688,0.5142266105883049,2.793137526512146,0.0880900659727695,0.0,0.0,0.0,0.0,-0.03929252937628405,-0.1369769871234893,2493.2186609604323,2115.4582577846086
9.05000000000006,24.98594707912869,-0.9870834483040704,0.1187343074610655,0.511995146780303,2.793385195732117,0.0878886019974942,0.0,0.0,0.0,0.0,-0.0395055446638884,-0.1369619220495224,2493.43973619039,2115.6458367676028
9.07500000000006,24.987010955810547,-0.990302562713623,0.1153122786183681,0.5091309333570075,2.7939599752426147,0.0875463067348241,0.0,0.0,0.0,0.0,-0.03963269414116679,-0.136772021651268,2493.952797573121,2116.081161577193
9.100000000000062,24.98809814453125,-0.991372201177809,0.1118971906392618,0.5057224620472301,2.794849890470505,0.0870645991502776,0.0,0.0,0.0,0.0,-0.03967377570888783,-0.1364079415798187,2494.7471563298195,2116.7551629465133
9.125000000000062,24.98920228746202,-0.990289913283454,0.10849341277241,0.5018419115471118,2.7960561096668246,0.0864425180091487,0.0,0.0,0.0,0.0,-0.03962871250917513,-0.1358679234981537,2495.8238552681737,2117.6687256820865
9.150000000000064,24.990325503879124,-0.987056228849623,0.1051052393650703,0.4975296112985322,2.7975687026977543,0.0856821896791203,0.0,0.0,0.0,0.0,-0.03949753390352627,-0.1351606547832489,2497.174030522832,2118.814328928463
9.175000000000065,24.99146779378255,-0.9816741943359376,0.1017367983169324,0.49280611905184657,2.799390298128128,0.0847854117939282,0.0,0.0,0.0,0.0,-0.03928037370338693,-0.1342871487140655,2498.8000284110917,2120.1939635003196
9.200000000000063,24.99262703789605,-0.9741493066151936,0.0983923673304973,0.4876763546105587,2.801536959409714,0.0837524465084921,0.0,0.0,0.0,0.0,-0.038977467440221535,-0.133238673210144,2500.716187538671,2121.8197954873567
9.225000000000064,24.99380111694336,-0.964493089252048,0.0950788872693559,0.48211182565400096,2.80371749997139,0.082584683660006,0.0,0.0,0.0,0.0,-0.03858929199041341,-0.1317800730466842,2502.662588089216,2123.471286863577
9.250000000000064,24.99499003092448,-0.9527252780066596,0.0918053629469441,0.476124785452178,2.806149506568909,0.0812851484330206,0.0,0.0,0.0,0.0,-0.03811664964970668,-0.1300640404224395,2504.833452994707,2125.3132328439933
9.275000000000064,24.996187422010635,-0.938864615228441,0.0885775950610113,0.4696987822561553,2.808898401260376,0.0798547521279714,0.0,0.0,0.0,0.0,-0.037560312673992624,-0.1281119138002395,2507.2871794856965,2127.395182593924
9.300000000000065,24.997389051649307,-0.9229341480467056,0.0854021499681201,0.46279135039358427,2.8118631303310395,0.0782955004380544,0.0,0.0,0.0,0.0,-0.03692122189800503,-0.1258182078599929,2509.933564697133,2129.640600349082
9.325000000000063,24.99858856201172,-0.9049718909793428,0.0822931923563184,0.45537822376598014,2.814614361524582,0.0766101896824142,0.0,0.0,0.0,0.0,-0.0362009194532908,-0.1228419691324234,2512.3893768035,2131.72431971206
9.350000000000064,24.999779595269096,-0.8850212229622735,0.0792627397400252,0.44745854233250476,2.817673718929291,0.0748015121504653,0.0,0.0,0.0,0.0,-0.03540116102182569,-0.1195383518934249,2515.120229437703,2134.0414067956267
9.375000000000066,25.000951555040142,-0.8631296952565511,0.0763217943034939,0.43905937426017994,2.820576822757721,0.0728717024008099,0.0,0.0,0.0,0.0,-0.03452387375561895,-0.1155207753181457,2517.7116065435725,2136.240151006667
9.400000000000066,25.002098083496094,-0.8393700917561849,0.0734933840677752,0.43023183186848957,2.823239850997925,0.0708236337345926,0.0,0.0,0.0,0.0,-0.033571986197040556,-0.1106915846467018,2520.088686669459,2138.257067477117
9.425000000000066,25.00321282280816,-0.8138153950373331,0.0707918401684852,0.4210140343868371,2.8259484410285958,0.0686612135084756,0.0,0.0,0.0,0.0,-0.032548432907588715,-0.1052450463175773,2522.5064362951975,2140.308491401985
9.450000000000069,25.00428517659505,-0.7865666680865817,0.0682449052540419,0.41146771980054453,2.827737909555436,0.0663867178929528,0.0,0.0,0.0,0.0,-0.03145727472436755,-0.09842499345541,2524.1037569720243,2141.6637937944447
9.475000000000067,25.005310906304253,-0.7577363650004069,0.0658755324440905,0.4017351740056818,2.8295162796974185,0.0640031117353316,0.0,0.0,0.0,0.0,-0.030303017140625475,-0.0909172445535659,2525.6911709758106,2143.0106905249295
9.500000000000068,25.006285773383247,-0.7274634308285184,0.0637159751161452,0.39188669840494794,2.829954957962036,0.0615160708976853,0.0,0.0,0.0,0.0,-0.029091222799782296,-0.0817017406225204,2526.082745262834,2143.3429353745255
9.525000000000068,25.00720765855577,-0.6959055529700385,0.0617955821376567,0.3820535925662879,2.830185979604721,0.0589266627250444,0.0,0.0,0.0,0.0,-0.02782819907251607,-0.0716595947742462,2526.2889604832308,2143.517905864559
9.550000000000068,25.00807656182183,-0.6632582346598307,0.0601564647433618,0.37237554376775567,2.828141248226166,0.0562398473549393,0.0,0.0,0.0,0.0,-0.0265217612006348,-0.0593320205807685,2524.463786326471,2141.9692732467024
9.575000000000069,25.008894602457683,-0.6297405560811361,0.0588348252793287,0.36288970947265625,2.8254297375679016,0.053459557111167,0.0,0.0,0.0,0.0,-0.025180663363635832,-0.0460051074624061,2522.0434296815124,2139.9156373055253
9.600000000000067,25.009663899739586,-0.595616963174608,0.0578808851380515,0.3536480250503078,2.8200207352638245,0.0505888754349271,0.0,0.0,0.0,0.0,-0.02381547251343949,-0.0303452126681804,2517.2152300838566,2135.818983101454
9.62500000000007,25.010392930772568,-0.5611646837658353,0.0573242886314142,0.3447457747025923,2.813076066970825,0.0476336571194287,0.0,0.0,0.0,0.0,-0.022437259795122337,-0.0136256664991378,2511.0162597796957,2130.559250722166
9.65000000000007,25.01108169555664,-0.5267245570818583,0.0572158064288855,0.3362091758034446,2.8031073808670044,0.0445965736481401,0.0,0.0,0.0,0.0,-0.021059647219313745,0.004740753211081,2502.117981773908,2123.0091966566492
9.67500000000007,25.01174079047309,-0.4926296406322055,0.0575659829839065,0.3278800964355469,2.790374904870987,0.0414829679879984,0.0,0.0,0.0,0.0,-0.01969593579107644,0.023742439225316,2490.7526814791026,2113.365911558026
9.70000000000007,25.012372334798176,-0.4592871003680759,0.0584056360637164,0.3198048447117661,2.7737103879451754,0.0382973435860187,0.0,0.0,0.0,0.0,-0.018362396585992685,0.0429581142961978,2475.8775512068,2100.744588902739
9.72500000000007,25.01298056708442,-0.4270687368181016,0.0596980223676506,0.3118439229329427,2.7529774367809297,0.0350453315714905,0.0,0.0,0.0,0.0,-0.017073884324689335,0.060629978775978,2457.370843159371,2085.041927529163
9.750000000000073,25.013567606608078,-0.3964082400004069,0.0614211791390944,0.3039787246241714,2.725595968961716,0.0317313355228879,0.0,0.0,0.0,0.0,-0.015847728969924462,0.0764849260449409,2432.9295165568105,2064.3038322300204
9.775000000000071,25.01413981119792,-0.3676705559094747,0.0634754209294946,0.2962746036413944,2.6932520627975465,0.0283588872495473,0.0,0.0,0.0,0.0,-0.014698508870766043,0.0869222730398178,2404.058603595515,2039.8073000204365
9.800000000000072,25.014703538682724,-0.3412499361568027,0.0657026391938847,0.28860298850319605,2.6476140439510347,0.0249290156054991,0.0,0.0,0.0,0.0,-0.013641974034555077,0.0900290608406066,2363.3210605431777,2005.2421119760293
9.825000000000072,25.015263027615017,-0.3175341751840379,0.0678630953386978,0.2806761678059896,2.587325865030289,0.0214457330174327,0.0,0.0,0.0,0.0,-0.01269361728611462,0.0801138654351234,2309.5064483753977,1959.5812289245796
9.850000000000072,25.01582039727105,-0.2967784139845106,0.0695761653875129,0.2725777042273319,2.50830215215683,0.0179092168560378,0.0,0.0,0.0,0.0,-0.01186362906638416,0.0539065338671207,2238.968068605564,1899.7304824532055
9.875000000000073,25.01637140909831,-0.2791684534814622,0.0703812473074223,0.264154404148911,2.400027477741242,0.0143146848746225,0.0,0.0,0.0,0.0,-0.011159430315298655,0.0072936746291816,2142.3196092296826,1817.7257290433665
9.900000000000071,25.016916063096787,-0.2647364305125342,0.0697567984496367,0.2554579671223958,2.2600363940000534,0.0106799716700376,0.0,0.0,0.0,0.0,-0.010582296788494044,-0.0616878941655159,2017.360354972179,1711.699695127909
9.925000000000074,25.017439524332683,-0.2532257470819685,0.0671172645918535,0.24647226507013495,2.0879150480031967,0.0070945984660587,0.0,0.0,0.0,0.0,-0.010121968990298701,-0.1526497155427932,1863.720891209411,1581.3389379958635
9.950000000000074,25.017926957872177,-0.2439330849382612,0.0620282009364967,0.23718970558860086,1.893361967802048,0.0036825670714142,0.0,0.0,0.0,0.0,-0.009750331646144042,-0.2549992203712463,1690.0583466692053,1433.988900204174
9.975000000000074,25.01835081312392,-0.2357572813828786,0.0543352065581797,0.2288796395966501,1.6810538083314897,0.0004916818250295,0.0,0.0,0.0,0.0,-0.009423374192163258,-0.3590617179870605,1500.5472108795018,1273.191572867456
10.000000000000076,25.0187004937066,-0.2274183763398064,0.044146393313592,0.21962707057143702,1.4579381585121156,-0.0025148570220798,0.0,0.0,0.0,0.0,-0.009089935602251324,-0.4543707370758056,1301.3890611636834,1104.208900381307
10.025000000000077,25.018755594889324,-0.2176348368326822,0.0316833653337528,0.18386356700550427,1.2287062764167789,-0.0053844961903871,0.0,0.0,0.0,0.0,-0.008698867376007275,-0.5405973792076111,1096.771422145797,930.5939339418882
10.050000000000075,25.017628139919704,-0.2053015430768331,0.0172497313053095,0.11279304273200758,0.98654952198267,-0.0081422121777875,0.0,0.0,0.0,0.0,-0.008206275268327337,-0.6108630895614624,880.6167454419079,747.1899658294975
10.075000000000076,25.01482433742947,-0.189697610007392,0.0012403876935389,0.032638256188594936,0.7276680126786232,-0.0108462377062886,0.0,0.0,0.0,0.0,-0.007583407640546532,-0.6671043038368225,649.5331686942793,551.119052225449
10.100000000000076,25.010316636827252,-0.1704335709412892,-0.0159658796004312,-0.039775574424050074,0.4460585080087185,-0.0135469340233527,0.0,0.0,0.0,0.0,-0.006814530716109718,-0.7066166400909424,398.1620616569627,337.8344765574228
10.125000000000076,25.004357231987846,-0.1474804017278883,-0.0339778887529109,-0.09441389604048296,0.1413268510252237,-0.0162788639665022,0.0,0.0,0.0,0.0,-0.005898188078164951,-0.7309445142745972,126.15159079218738,107.0377133994317
10.150000000000077,24.99746322631836,-0.1210745341247982,-0.0523948856445968,-0.11934315536961411,-0.1867141705006361,-0.0190909191682061,0.0,0.0,0.0,0.0,-0.00484347283676873,-0.7399982810020447,-166.6653538321252,-141.41302749392437
10.175000000000075,24.989905887179905,-0.0916044248474968,-0.070829956661587,-0.14923452666311554,-0.5337091341614724,-0.0220320383343867,0.0,0.0,0.0,0.0,-0.003665657056135248,-0.7326054573059082,-476.4010222146258,-404.21904915180363
10.200000000000076,24.98148176405165,-0.0595166244440608,-0.0888904998443388,-0.17971582817308832,-0.88961119055748,-0.0251398089669681,0.0,0.0,0.0,0.0,-0.002382429713585093,-0.7099295258522034,-794.0873659976195,-673.7710984222225
10.225000000000078,24.97218237982856,-0.0252156932320859,-0.1061612992505844,-0.2074384400338838,-1.23634035885334,-0.0284252540561499,0.0,0.0,0.0,0.0,-0.0010097512843913088,-0.6689062118530273,-1103.5857793371206,-936.3758127708901
10.250000000000078,24.962039523654514,0.0110511988815334,-0.1221741711606879,-0.22980541807232482,-1.5601661115884782,-0.0317517066246324,0.0,0.0,0.0,0.0,0.0004427201900333933,-0.6088400483131409,-1392.6400782949613,-1181.6340058260275
10.27500000000008,24.951121012369796,0.0491281722982724,-0.1364541491166121,-0.24852598248106061,-1.8458077251911165,-0.0350238515128233,0.0,0.0,0.0,0.0,0.0019689765551582456,-0.5304228663444519,-1647.610338305841,-1397.972408259501
10.30000000000008,24.93949466281467,0.0888419730795754,-0.1486414400550872,-0.2633554539535985,-2.0885872304439546,-0.0382152506051198,0.0,0.0,0.0,0.0,0.0035623004507802127,-0.4437367916107178,-1864.3208966831694,-1581.8480335493555
10.32500000000008,24.92722193400065,0.1299179014232423,-0.158656889835089,-0.2749078230424361,-2.2880529522895814,-0.0413299215296975,0.0,0.0,0.0,0.0,0.005211888503549395,-0.357889324426651,-2042.3685779043888,-1732.9187933734204
10.35000000000008,24.91436216566298,0.1720513900121053,-0.1666079070723319,-0.28401847608161696,-2.448136639595032,-0.0443748197143098,0.0,0.0,0.0,0.0,0.006905711206575733,-0.2795020639896393,-2185.262951245074,-1854.162504086729
10.37500000000008,24.90096198187934,0.2149417168564266,-0.172705597217475,-0.2909050450180516,-2.573814457654953,-0.0473513495603127,0.0,0.0,0.0,0.0,0.008631863982316895,-0.2102891355752945,-2297.4458560542985,-1949.347999076374
10.40000000000008,24.88707012600369,0.2582944929599762,-0.1772059899198159,-0.2965353393554688,-2.6704629898071293,-0.0502611152061441,0.0,0.0,0.0,0.0,0.010378662158792757,-0.1516303420066833,-2383.716554016364,-2022.5473791653994
10.42500000000008,24.87270779079861,0.3018799755308363,-0.1803559102781343,-0.3014036560058594,-2.741553694009781,-0.0530983076316762,0.0,0.0,0.0,0.0,0.012136996826799595,-0.1023948714137077,-2447.173748177583,-2076.3898469385554
10.45000000000008,24.85790464613173,0.3455089529355367,-0.182386021332345,-0.3061464852997751,-2.7914984703063968,-0.0558601679684673,0.0,0.0,0.0,0.0,0.013899359493653186,-0.0618329271674156,-2491.755601773497,-2114.2168742320573
10.47500000000008,24.84267340766059,0.3890183568000793,-0.1835065463609958,-0.3108744488340436,-2.8243420958518985,-0.05853955353525,0.0,0.0,0.0,0.0,0.01565927911285586,-0.0292048100382089,-2521.0725757235396,-2139.0918824320934
10.500000000000082,24.82703102959527,0.4322878850830925,-0.1839001116358391,-0.3156708411014441,-2.8428942143917086,-0.0611331457836347,0.0,0.0,0.0,0.0,0.017411984726155138,-0.0030000903643667,-2537.6326225185007,-2153.142831227818
10.525000000000082,24.81098810831706,0.4752309785948859,-0.183712042528609,-0.32083719889322915,-2.8497229337692263,-0.063635039986142,0.0,0.0,0.0,0.0,0.019154052894635846,0.0179028287529945,-2543.72809415958,-2158.314746559643
10.550000000000082,24.79455947875977,0.5177662107679579,-0.1830532596987075,-0.32635467529296874,-2.847753846645356,-0.0660378583543146,0.0,0.0,0.0,0.0,0.020882250850695765,0.0345872305333614,-2541.97044180065,-2156.823405164187
10.575000000000085,24.777753618028427,0.559794372982449,-0.182003907650189,-0.3323115030924479,-2.84057406783104,-0.0683358688500249,0.0,0.0,0.0,0.0,0.02259262004184026,0.0485910922288894,-2535.561606449183,-2151.385605472033
10.600000000000083,24.760572645399307,0.6012070178985596,-0.1806363078514061,-0.3389196823582505,-2.830781495571137,-0.0705226965314137,0.0,0.0,0.0,0.0,0.024280820419969897,0.0601818487048149,-2526.820531702433,-2143.968935989943
10.625000000000083,24.743025037977432,0.6418636110093858,-0.1790100485317492,-0.3459772838245739,-2.8206267654895782,-0.0725938847648442,0.0,0.0,0.0,0.0,0.025941193933409754,0.069558173418045,-2517.756186572255,-2136.277976485549
10.650000000000084,24.725108676486546,0.6816056039598253,-0.1771732829726784,-0.3534880944454309,-2.811487537622452,-0.0745449706748958,0.0,0.0,0.0,0.0,0.027567345117800384,0.0769943818449974,-2509.598302025287,-2129.3561350517584
10.675000000000084,24.706832038031685,0.7202872302797105,-0.1751712849127249,-0.3613494318181818,-2.803926032781601,-0.076373879908751,0.0,0.0,0.0,0.0,0.02915336248576746,0.0829025954008102,-2502.8487292616096,-2123.629224828032
10.700000000000085,24.688199361165363,0.7577837175793118,-0.1730404065007685,-0.3694494582667495,-2.797462683916092,-0.0780786317403487,0.0,0.0,0.0,0.0,0.03069416714008348,0.0873750001192092,-2497.079395725102,-2118.7340327364495
10.725000000000083,24.66922124226888,0.7939980427424113,-0.1708090436919319,-0.3777385596073035,-2.7920644879341125,-0.0796568834201677,0.0,0.0,0.0,0.0,0.03218577655714379,0.0909711867570877,-2492.260842098565,-2114.645562992721
10.750000000000083,24.649906158447266,0.8288565609190199,-0.1684981355902861,-0.3861545077237216,-2.787122201919556,-0.0811071036305812,0.0,0.0,0.0,0.0,0.03362514062289764,0.0937703102827072,-2487.849244172456,-2110.9023889948107
10.775000000000086,24.630273183186848,0.8623064888848199,-0.1661235612938306,-0.3946165512547348,-2.782539737224579,-0.0824264710853093,0.0,0.0,0.0,0.0,0.0350100253647795,0.0960918590426445,-2483.7588310143988,-2107.4317354061563
10.800000000000086,24.610330793592667,0.8943100770314535,-0.1636977877254183,-0.403173476710464,-2.777881920337677,-0.0836144365073772,0.0,0.0,0.0,0.0,0.03633880765488485,0.0978899151086807,-2479.601156760435,-2103.904011796732
10.825000000000086,24.590095943874783,0.9248408344056872,-0.1612313010818414,-0.41176386052911934,-2.7733058810234072,-0.0846685281503981,0.0,0.0,0.0,0.0,0.03761029792305705,0.0993745625019073,-2475.5164790446643,-2100.4382246439573
10.850000000000088,24.56958346896701,0.9538777006997002,-0.1587331394660494,-0.42038062818122635,-2.768605422973633,-0.0855873436936107,0.0,0.0,0.0,0.0,0.03882351940986342,0.1004254817962646,-2471.3207423100707,-2096.8782055964234
10.875000000000089,24.54880396525065,0.9814069006178114,-0.1562125074285598,-0.4290272383256392,-2.764002221822739,-0.0863686277724667,0.0,0.0,0.0,0.0,0.03997778881639259,0.1012080684304237,-2467.211819315543,-2093.391846691976
10.900000000000087,24.527774386935764,1.0074147250917225,-0.1536757133322049,-0.43770728833747635,-2.75948897600174,-0.0870128422789676,0.0,0.0,0.0,0.0,0.0410724067010459,0.1016944274306297,-2463.1831925130286,-2089.9736178898424
10.925000000000088,24.50650956895616,1.0318942202462091,-0.1511310129763637,-0.4464295358368845,-2.7550992727279664,-0.0875173240520235,0.0,0.0,0.0,0.0,0.04210694376294902,0.1018730998039245,-2459.26484262357,-2086.6489573775743
10.950000000000088,24.485017988416885,1.0548386308881972,-0.1485837992622438,-0.45520236853397256,-2.750996083021164,-0.0878816403279571,0.0,0.0,0.0,0.0,0.04308098247619051,0.1018900498747825,-2455.602241319711,-2083.5412956652094
10.975000000000088,24.463314480251736,1.0762429237365725,-0.1460388492350504,-0.46402122728752365,-2.7470923721790315,-0.088106352867311,0.0,0.0,0.0,0.0,0.04399415805267846,0.1016850769519805,-2452.11769942866,-2080.5847146667415
11.000000000000089,24.44140964084201,1.096107694837782,-0.1435013893484229,-0.4729020089814157,-2.743443632125855,-0.0881894684604567,0.0,0.0,0.0,0.0,0.0448463370543967,0.1013034656643867,-2448.86075031562,-2077.821242692041
11.02500000000009,24.41931618584527,1.1144326792822945,-0.1409750481593465,-0.4818349664861506,-2.7401310563087464,-0.0881321772075063,0.0,0.0,0.0,0.0,0.04563734179945132,0.1008020117878913,-2445.9038691149385,-2075.312373794493
11.05000000000009,24.39704259236653,1.131219466527303,-0.1384625221184249,-0.4908246496951941,-2.737134784460068,-0.0879342502430538,0.0,0.0,0.0,0.0,0.04636707347804707,0.1001915633678436,-2443.229328095914,-2073.043066263199
11.07500000000009,24.37459945678711,1.146470970577664,-0.1359682886652407,-0.4999011415423769,-2.734626841545105,-0.0875952339974759,0.0,0.0,0.0,0.0,0.04703547939773135,0.0992792770266532,-2440.990680690672,-2071.1436078587512
11.10000000000009,24.35199737548828,1.1601897080739338,-0.1334996881375486,-0.5090212180397727,-2.732501792907715,-0.0871157817774776,0.0,0.0,0.0,0.0,0.04764248657655216,0.0982176959514617,-2439.0938135053293,-2069.5341447924
11.12500000000009,24.32924482557509,1.172388129764133,-0.1310577025760004,-0.5181860166607481,-2.7305651247501377,-0.0864978867926872,0.0,0.0,0.0,0.0,0.048188430761801106,0.0971500352025032,-2437.3650990597544,-2068.067356777973
11.150000000000093,24.30635028415256,1.1830801433987088,-0.1286424235267587,-0.5274020755652226,-2.728809827566147,-0.0857416655564024,0.0,0.0,0.0,0.0,0.04867370582452531,0.0960801318287849,-2435.7982805078154,-2066.737934976328
11.175000000000091,24.283324347602,1.192279921637641,-0.1262538593122019,-0.5366671198064631,-2.727233856916428,-0.0848499476772814,0.0,0.0,0.0,0.0,0.04909871089192035,0.095011256635189,-2434.391532936058,-2065.5443309760485
11.200000000000092,24.260175493028427,1.2000015046861436,-0.1238919932875731,-0.5459850149443656,-2.725838088989258,-0.0838220299143488,0.0,0.0,0.0,0.0,0.049463842709257584,0.093943640589714,-2433.145638450248,-2064.4872083820283
11.225000000000092,24.23691219753689,1.2062574757470026,-0.1215577325921186,-0.5553797588926374,-2.72487428188324,-0.0826599346055575,0.0,0.0,0.0,0.0,0.04976943704361772,0.0927243083715438,-2432.2853221072533,-2063.7572430000932
11.250000000000092,24.213538699679905,1.2110539277394612,-0.1192575104243467,-0.5648235806551847,-2.7244335591793063,-0.0813653470325348,0.0,0.0,0.0,0.0,0.05001556950267128,0.0912785902619361,-2431.891922906774,-2063.4234497390808
11.275000000000093,24.19006559583876,1.2144054306877985,-0.1169945641894576,-0.5743052812056108,-2.724336886405945,-0.079940793037127,0.0,0.0,0.0,0.0,0.05020265140978798,0.0897445231676101,-2431.805630570553,-2063.3502319992567
11.300000000000091,24.16649712456597,1.2163288063473172,-0.1147711326072424,-0.5838291515003551,-2.724609673023224,-0.0783878372264745,0.0,0.0,0.0,0.0,0.05033120025950647,0.0881092846393585,-2432.049126165812,-2063.5568343225073
11.325000000000092,24.142837524414062,1.216841803656684,-0.1125897540031154,-0.5933955984404593,-2.725242280960084,-0.076709213501884,0.0,0.0,0.0,0.0,0.05040177246879833,0.0863853767514228,-2432.613806529124,-2064.035957055014
11.350000000000094,24.119097391764324,1.2159636285569932,-0.1104527586430301,-0.6029964377663353,-2.7262609958648683,-0.074907189711471,0.0,0.0,0.0,0.0,0.050414972368418506,0.0845516324043273,-2433.523134833477,-2064.8075083435556
11.375000000000094,24.09528096516927,1.2137146790822346,-0.1083629095566177,-0.6126288581616951,-2.727645665407181,-0.0729851239349228,0.0,0.0,0.0,0.0,0.05037146820726887,0.082609936594963,-2434.759122646246,-2065.8562252756024
11.400000000000096,24.071392483181423,1.2101170751783583,-0.1063231695105908,-0.6222952917850378,-2.7294237434864046,-0.0709457896048432,0.0,0.0,0.0,0.0,0.05027200134034048,0.0805462226271629,-2436.3462759481104,-2067.202900804457
11.425000000000097,24.047436184353295,1.2051942613389757,-0.1043365678506894,-0.6319918915719697,-2.731603115797043,-0.0687915918885918,0.0,0.0,0.0,0.0,0.050117370188641874,0.0783554166555404,-2438.291633690967,-2068.8535073741537
11.450000000000095,24.023418426513672,1.1989711390601263,-0.1024064085611408,-0.6417135065252131,-2.7342007219791413,-0.0665266649276418,0.0,0.0,0.0,0.0,0.04990843175494419,0.0760265365242958,-2440.610316586299,-2070.820874679284
11.475000000000096,23.99934344821506,1.1914743317498102,-0.1005362120080111,-0.6514609689423532,-2.7372279524803163,-0.064154050551301,0.0,0.0,0.0,0.0,0.049646121958324886,0.0735544636845588,-2443.3124920090695,-2073.113629583452
11.500000000000096,23.975213368733723,1.1827319198184545,-0.0987297066168263,-0.661229063091856,-2.740700286626816,-0.0616775520865011,0.0,0.0,0.0,0.0,0.04933144500648595,0.0709294080734252,-2446.41197716115,-2075.743495773096
11.525000000000096,23.951032426622177,1.1727741029527452,-0.0969908371949511,-0.6710217377633759,-2.744635832309723,-0.0591009187647142,0.0,0.0,0.0,0.0,0.048965492679521286,0.0681408196687698,-2449.9249355617117,-2078.724187749331
11.550000000000097,23.92680486043294,1.1616332001156278,-0.0953239563462921,-0.6808296342329545,-2.749019986391068,-0.0564281078768727,0.0,0.0,0.0,0.0,0.04854944932645757,0.0651557967066764,-2453.8383321146503,-2082.044645430612
11.575000000000095,23.902530670166016,1.149344841639201,-0.0937345235510839,-0.690654472582268,-2.7538340568542483,-0.0536627791888807,0.0,0.0,0.0,0.0,0.04808465084719074,0.0619486235082149,-2458.135481896948,-2085.6907119125613
11.600000000000096,23.878216213650173,1.135947306950887,-0.0922277985524795,-0.7004967244466146,-2.7591358721256256,-0.0508095620237268,0.0,0.0,0.0,0.0,0.04757253627268496,0.0585428811609745,-2462.8680038891857,-2089.7061851180965
11.625000000000098,23.85385937160916,1.1214808622996013,-0.0908087830999013,-0.710358544551965,-2.764946460723877,-0.0478713504885021,0.0,0.0,0.0,0.0,0.04701465053635667,0.0549307689070701,-2468.0546686297557,-2094.1069915646412
11.650000000000098,23.82946438259549,1.1059885554843478,-0.0894827036469883,-0.7202237585819129,-2.771211791038513,-0.0448543593192814,0.0,0.0,0.0,0.0,0.04641264854832983,0.0510880127549171,-2473.6472462630663,-2098.8522089504804
11.675000000000098,23.80503124660916,1.089519328541226,-0.0882563096426285,-0.7300894165039062,-2.777846872806549,-0.04176221707305,0.0,0.0,0.0,0.0,0.04576844773923241,0.0469676032662391,-2479.5698725297807,-2103.8774676010253
11.7000000000001,23.78056420220269,1.0721255011028714,-0.0871354600412198,-0.7399601884321733,-2.784928226470948,-0.0385993346103634,0.0,0.0,0.0,0.0,0.04508410700380124,0.0426493436098098,-2485.8908513334936,-2109.2407223435703
11.7250000000001,23.756061130099827,1.0538619756698608,-0.0861242078410462,-0.7498209542939157,-2.792387801408768,-0.03537060340913,0.0,0.0,0.0,0.0,0.04436181443962433,0.0381971634924411,-2492.549439126351,-2114.8904331981157
11.7500000000001,23.73152626885308,1.0347900125715468,-0.0852270720935826,-0.7596591279000947,-2.799937623739243,-0.0320796156159295,0.0,0.0,0.0,0.0,0.043604022802767546,0.0335211306810379,-2499.2885838131438,-2120.6084953566065
11.7750000000001,23.7069574991862,1.0149780909220378,-0.0844471404012177,-0.7694591822768703,-2.807550823688507,-0.0287333360211908,0.0,0.0,0.0,0.0,0.04281351122162679,0.0288641471415758,-2506.0843008170364,-2126.3745582690003
11.8000000000001,23.68235905965169,0.9944968091117012,-0.0837813168391842,-0.7792083925189394,-2.815010106563568,-0.0253355190578726,0.0,0.0,0.0,0.0,0.041993148005514944,0.0244168359786272,-2512.7426279079723,-2132.024047921915
11.8250000000001,23.657733069525825,0.9734257724550036,-0.0832232264656229,-0.7888661517518939,-2.821538293361664,-0.0218908367011528,0.0,0.0,0.0,0.0,0.04114619814139758,0.0202696584165096,-2518.569837271191,-2136.9683467755553
11.8500000000001,23.63308376736111,0.9518540567821928,-0.0827589292967028,-0.7983580988103693,-2.8267492771148683,-0.0184055780683635,0.0,0.0,0.0,0.0,0.04027633744931619,0.0170389600098133,-2523.221280965649,-2140.9150262738835
11.8750000000001,23.60841963026259,0.929872923427158,-0.0823584980596742,-0.8077311290394176,-2.829732406139374,-0.0148848416565759,0.0,0.0,0.0,0.0,0.03938734307463745,0.0153948031365871,-2525.884090398179,-2143.1743797317877
11.900000000000102,23.58374065823025,0.9075780047310724,-0.0819736546374009,-0.8171900431315104,-2.829314756393433,-0.0113293848022251,0.0,0.0,0.0,0.0,0.03848320832065909,0.0158374439924955,-2525.511286649548,-2142.858061399616
11.925000000000102,23.55904261271159,0.8850677808125814,-0.0815394844783124,-0.8274772967714252,-2.823212105035782,-0.0077511061657633,0.0,0.0,0.0,0.0,0.037568070798217904,0.0198076665401458,-2520.063919986858,-2138.236053322182
11.950000000000102,23.5343254937066,0.8624610635969374,-0.0809355627668664,-0.8370984441583806,-2.8084051072597505,-0.0041482992369966,0.0,0.0,0.0,0.0,0.036646942094328186,0.0296858754009008,-2506.8468539392366,-2127.0215730393516
11.975000000000104,23.509599897596573,0.8398863342073228,-0.0799838655065698,-0.846485068581321,-2.7803758442401887,-0.00052775803505,0.0,0.0,0.0,0.0,0.03572525001980939,0.048200037330389,-2481.8272904734145,-2105.7928525228967
12.000000000000105,23.484878540039062,0.8174620734320747,-0.0784138987544545,-0.8556916762843276,-2.733125346899033,0.0031080948639917,0.0,0.0,0.0,0.0,0.03480801793538742,0.0800332799553871,-2439.6504121090547,-2070.006410274349
12.025000000000103,23.46016354031033,0.7952861653433906,-0.0758475352476212,-0.8647880785392993,-2.659707486629486,0.0067609739513537,0.0,0.0,0.0,0.0,0.033899429728053404,0.1288209855556488,-2374.1159450323858,-2014.4014079062663
12.050000000000104,23.435465494791668,0.7733912600411309,-0.071784691590002,-0.8737900150183475,-2.5529489099979403,0.0104292080056768,0.0,0.0,0.0,0.0,0.033000891755830944,0.2003204673528671,-2278.820789334227,-1933.544912162374
12.075000000000104,23.410797119140625,0.7516394721137153,-0.0656112636401705,-0.8835196570194129,-2.406934177875519,0.0140757603136936,0.0,0.0,0.0,0.0,0.03210653051617692,0.297094464302063,-2148.4846882839674,-1822.9567052106386
12.100000000000104,23.38618172539605,0.7296003897984823,-0.0567155482628709,-0.8905649913441052,-2.223738688230515,0.0175841213487907,0.0,0.0,0.0,0.0,0.031197926979511077,0.416940301656723,-1984.9601897401892,-1684.2086458401602
12.125000000000105,23.361644744873047,0.7063266966078017,-0.0446607287826812,-0.8941795487837358,-2.015712314844132,0.0207969594080109,0.0,0.0,0.0,0.0,0.03023445927379802,0.5480925440788269,-1799.271074479721,-1526.6542450130964
12.150000000000103,23.33719041612413,0.6803820530573527,-0.0293156299517529,-0.9038168982303504,-1.797660303115845,0.0237262946065165,0.0,0.0,0.0,0.0,0.029154411517646233,0.6781612038612366,-1604.632844338652,-1361.5066558024923
12.175000000000106,23.31288867526584,0.6501069333818223,-0.0107501659904842,-0.9047592717950994,-1.5702844798564912,0.0264074965323865,0.0,0.0,0.0,0.0,0.02788615955909244,0.8045697808265686,-1401.671966035835,-1189.2974257273752
12.200000000000106,23.28868230183919,0.6138861841625638,0.0108435233105564,-0.9099855735085227,-1.3341971546411515,0.0289227512731281,0.0,0.0,0.0,0.0,0.026359850514774852,0.9216910600662231,-1190.935001150995,-1010.4903040069048
12.225000000000106,23.264611562093098,0.5703558524449667,0.0351955380181601,-0.9143915904651989,-1.0804278388619424,0.0313544722212092,0.0,0.0,0.0,0.0,0.02451602731138195,1.0244393348693848,-964.4146856726684,-818.2912484495366
12.250000000000108,23.24054718017578,0.518669585386912,0.0619515518313728,-0.9215492757161459,-0.7958597019314767,0.0337757808336064,0.0,0.0,0.0,0.0,0.02231744293134965,1.1132259368896484,-710.4026355765395,-602.7658726103971
12.275000000000109,23.216467963324654,0.4585546255111694,0.0906310919985441,-0.9241290098248106,-0.4645513378083706,0.0362560867865273,0.0,0.0,0.0,0.0,0.0197512656204016,1.174136757850647,-414.6691859617341,-351.84052142207736
12.300000000000107,23.19225311279297,0.3904723458819919,0.120335316684637,-0.9316419011896306,-0.0771961484104395,0.0388939967402239,0.0,0.0,0.0,0.0,0.016836326508811915,1.193987488746643,-68.90705378603985,-58.466591091185315
12.325000000000108,23.16775851779514,0.3157267636722988,0.1497900114989679,-0.9355408454663826,0.3721453458070755,0.0417784061796453,0.0,0.0,0.0,0.0,0.013627851111698583,1.1508526802062988,332.18547670811904,281.85434387355554
12.350000000000108,23.14288881089952,0.2363166875309414,0.1772592864311311,-0.9384742320667614,0.8606257140636445,0.0448389774833916,0.0,0.0,0.0,0.0,0.010211200920588798,1.031575322151184,768.2142644387778,651.8181637662357
12.375000000000108,23.117601606580948,0.1544225712617238,0.2008431924251936,-0.9322713955965909,1.3440991044044497,0.047869261571522,0.0,0.0,0.0,0.0,0.006679869905611831,0.8430334329605103,1199.7737087675787,1017.9898134997635
12.400000000000109,23.091841803656685,0.0720204247368706,0.2191561200555009,-0.9255999755859375,1.77279349565506,0.0507829262516369,0.0,0.0,0.0,0.0,0.0031188687913783425,0.6195526123046875,1582.4361612855412,1342.6731065453075
12.425000000000107,23.065579732259117,-0.0095474844177563,0.2319590006799478,-0.9252742513020833,2.112873125076294,0.0535866939248939,0.0,0.0,0.0,0.0,-0.0004139277888776997,0.4107629060745239,1885.999043613184,1600.2416127627014
12.45000000000011,23.03871790568034,-0.0896742939949035,0.2401050278880117,-0.926813779888731,2.3554239451885226,0.0562890076441865,0.0,0.0,0.0,0.0,-0.003892330049008228,0.2490122467279434,2102.505472385493,1783.9440371755695
12.47500000000011,23.011207580566406,-0.1682942774560716,0.2448129307735402,-0.9295159357244318,2.5168966829776767,0.0588965128286723,0.0,0.0,0.0,0.0,-0.007313578692767115,0.1338221132755279,2246.6397440677783,1906.2397828453875
12.50000000000011,22.983055114746094,-0.2454514139228397,0.2471058458930712,-0.9330704567649147,2.6201286017894745,0.0614136910791231,0.0,0.0,0.0,0.0,-0.010679668681878429,0.0543220601975917,2338.7869240563427,1984.4252688962904
12.52500000000011,22.954224480523003,-0.3211796283721924,0.2477488328487572,-0.9374666526100852,2.6852185845375063,0.0638457584462053,0.0,0.0,0.0,0.0,-0.013992179463293043,0.0007800938328728,2396.887736525692,2033.722927961193
12.55000000000011,22.92470932006836,-0.3954806923866272,0.2472863915702217,-0.9439422237511838,2.725935637950897,0.066181323674475,0.0,0.0,0.0,0.0,-0.01725128492863472,-0.0350284203886985,2433.2327128922357,2064.5610897267447
12.575000000000111,22.89450963338216,-0.4683483309215969,0.2461155993759956,-0.9498400324041193,2.749425953626633,0.0684254613341655,0.0,0.0,0.0,0.0,-0.020456796778853252,-0.0572771690785884,2454.200707786396,2082.352115697548
12.600000000000112,22.86365720960829,-0.5398381418652005,0.2445157219958873,-0.9570337099017519,2.7575987458229068,0.0705751691272667,0.0,0.0,0.0,0.0,-0.02361118944865642,-0.0690669044852256,2461.49592967307,2088.542000934726
12.625000000000112,22.832156287299263,-0.6101338068644205,0.2427098491054614,-0.9642399273496686,2.75256884098053,0.0726287347244214,0.0,0.0,0.0,0.0,-0.026722566155690554,-0.0744562372565269,2457.0061211703255,2084.7324664475486
12.650000000000112,22.800042894151478,-0.679458909564548,0.2408214848002703,-0.9711490700461648,2.735795676708221,0.0745795376736072,0.0,0.0,0.0,0.0,-0.0298007733020028,-0.0760638937354087,2442.034009782994,2072.0288567855705
12.675000000000113,22.76734881930881,-0.7480477624469333,0.2389191888336267,-0.978042158647017,2.7095906376838688,0.0764214797520469,0.0,0.0,0.0,0.0,-0.03285616469373543,-0.0758913308382034,2418.6427905227324,2052.1817616556514
12.700000000000111,22.734105851915142,-0.8160886499616835,0.2370318398586012,-0.9847918701171875,2.6776675939559937,0.0781460055547385,0.0,0.0,0.0,0.0,-0.0358971078641712,-0.0751304700970649,2390.147549031211,2028.0039809961786
12.725000000000112,22.70032246907552,-0.8836763434939914,0.2351583559660009,-0.992520751953125,2.644707435369492,0.0797464072446864,0.0,0.0,0.0,0.0,-0.03892792028385575,-0.0749061107635498,2360.726555014244,2003.0407133454185
12.750000000000114,22.66600079006619,-0.9507895840538872,0.2332839899012895,-1.0002723277698864,2.6143483877182008,0.0812164971335454,0.0,0.0,0.0,0.0,-0.041947831594119994,-0.075190283358097,2333.627372315673,1980.0474674193583
12.775000000000114,22.63114293416341,-1.0173329379823473,0.2313998700090856,-1.0088125887784092,2.5886877536773683,0.0825525884076813,0.0,0.0,0.0,0.0,-0.044952786562388186,-0.0755762755870819,2310.722101438241,1960.6126921294162
12.800000000000114,22.59574466281467,-1.083177924156189,0.2295094750435634,-1.0177642452355586,2.56815077662468,0.0837516267542191,0.0,0.0,0.0,0.0,-0.047937252802238976,-0.075639821588993,2292.3903243805544,1945.058457050167
12.825000000000117,22.55980173746745,-1.1481822861565485,0.227639553128921,-1.0277640787760416,2.5552208662033085,0.0848080861138967,0.0,0.0,0.0,0.0,-0.0508950521603938,-0.0731057226657867,2280.8487895863964,1935.2656396490631
12.850000000000117,22.523295084635414,-1.2121915817260742,0.2258639237616243,-1.0376942027698863,2.547315311431885,0.0857218374898489,0.0,0.0,0.0,0.0,-0.05381946012655084,-0.0689636468887329,2273.7921099584614,1929.2781539041487
12.875000000000115,22.486243777804905,-1.2751979298061795,0.2241900604374823,-1.047445438269413,2.540982806682587,0.0864982904280399,0.0,0.0,0.0,0.0,-0.05671013542354577,-0.0649585127830505,2268.1395708830637,1924.4820601432052
12.900000000000116,22.44866689046224,-1.3372295432620578,0.222616082298975,-1.0566801498875473,2.5353594303131106,0.0871369455857653,0.0,0.0,0.0,0.0,-0.059568327588762356,-0.0609991401433944,2263.1200160745716,1920.2230439420605
12.925000000000116,22.41058137681749,-1.398333575990465,0.2211391763822011,-1.0656710907907196,2.529733717441559,0.0876372328801043,0.0,0.0,0.0,0.0,-0.062396131205992,-0.0571964532136917,2258.098375650703,1915.962258127869
12.950000000000117,22.372008429633247,-1.45856777826945,0.2197548985370916,-1.074506484522964,2.523803967237473,0.087998582228136,0.0,0.0,0.0,0.0,-0.06519610355311138,-0.0535851903259754,2252.805344525908,1911.4712014159215
12.975000000000117,22.33295652601454,-1.5179916222890215,0.2184586714555227,-1.0832341049656724,2.517498916387558,0.0882214846501865,0.0,0.0,0.0,0.0,-0.06797092093564903,-0.0501462295651435,2247.177311431189,1906.6959006082814
13.000000000000115,22.29344262017144,-1.576661268870036,0.2172464338168323,-1.0918988037109374,2.5109044313430786,0.0883039136471136,0.0,0.0,0.0,0.0,-0.07072309538426556,-0.0468567162752151,2241.29092273165,1901.7013889844297
13.025000000000118,22.253475189208984,-1.6346283753712971,0.2161147734458736,-1.1004926091974432,2.504165375232697,0.0882464850749196,0.0,0.0,0.0,0.0,-0.07345497103139877,-0.0436907857656478,2235.275486580662,1896.5973825532885
13.050000000000118,22.21306694878472,-1.6919383737776017,0.215060710931177,-1.1090343313506155,2.497436833381653,0.0880483833405205,0.0,0.0,0.0,0.0,-0.07616860731922333,-0.0406485125422477,2229.269435698869,1891.501339380858
13.075000000000118,22.172224256727432,-1.7486321926116943,0.2140814000193276,-1.117516553474195,2.490807592868805,0.0877115184297607,0.0,0.0,0.0,0.0,-0.07886588969896105,-0.0377182997763156,2223.3520234705975,1886.4805047629307
13.10000000000012,22.13095982869466,-1.8047469192081027,0.2131738612988559,-1.125953369140625,2.48434249162674,0.0872348167558257,0.0,0.0,0.0,0.0,-0.0815485154361943,-0.0349087081849575,2217.5811257225573,1881.5839854615635
13.12500000000012,22.089277903238933,-1.860316594441732,0.2123349655554809,-1.1343584650213068,2.4780727803707125,0.0866193643890976,0.0,0.0,0.0,0.0,-0.08421808094364891,-0.0322280414402484,2211.9846375604147,1876.8354500512608
13.15000000000012,22.04718695746528,-1.915372610092163,0.2115613671930833,-1.1427364649917142,2.4719990432262424,0.0858662682059044,0.0,0.0,0.0,0.0,-0.0868760542461681,-0.0296829026192426,2206.563080388015,1872.235340935285
13.17500000000012,22.00469758775499,-1.9699450333913169,0.2108497039707869,-1.151097060694839,2.4661166071891785,0.0849768972374941,0.0,0.0,0.0,0.0,-0.0895238403315998,-0.0272711850702762,2201.312282974603,1867.7801188875414
13.20000000000012,21.961809794108078,-2.0240615473853216,0.2101966302924722,-1.1594479462594698,2.4604091167449957,0.0839525331301411,0.0,0.0,0.0,0.0,-0.09216278468673095,-0.024994920939207,2196.2176460125415,1863.4573966167015
13.22500000000012,21.918536292182075,-2.0777486430274115,0.2095986008249381,-1.1678713341915246,2.455008292198181,0.0827946531060127,0.0,0.0,0.0,0.0,-0.09479413293525922,-0.0229471586644649,2191.3967460687045,1859.3669360582944
13.25000000000012,21.87487072414822,-2.131012545691596,0.209041783775273,-1.1765753543738162,2.4506507158279422,0.0815051796345208,0.0,0.0,0.0,0.0,-0.09741829209253876,-0.0216305628418922,2187.5070733906796,1856.0666077254248
13.27500000000012,21.8308236863878,-2.183858421113756,0.2085164419607412,-1.1852477287523675,2.446398428082466,0.0800862057938345,0.0,0.0,0.0,0.0,-0.10003554847430975,-0.0203875638544559,2183.7113837555785,1852.8460225804906
13.300000000000122,21.786393059624565,-2.2362889183892145,0.2080122889216324,-1.1942289410215436,2.4434348672628405,0.0785398995635289,0.0,0.0,0.0,0.0,-0.1026461292729358,-0.0202700849622488,2181.066041351831,1850.601489631856
13.325000000000122,21.741585201687283,-2.288271851009793,0.2075008454790395,-1.2030656109434186,2.4411502063274386,0.0768683914724758,0.0,0.0,0.0,0.0,-0.10524862054824818,-0.020655183121562,2179.02670056605,1848.871139874224
13.350000000000122,21.69635984632704,-2.3398205969068737,0.2069744384000717,-1.2206210049715909,2.435330417752266,0.0750758010979867,0.0,0.0,0.0,0.0,-0.1078439246712153,-0.0217093620449304,2173.831823714933,1844.4633655763064
13.375000000000124,21.650339762369796,-2.391102843814426,0.2064107803553564,-1.258754901308002,2.42063279747963,0.0731680331675408,0.0,0.0,0.0,0.0,-0.11044181615894888,-0.0233152713626623,2160.712390537145,1833.331725304244
13.400000000000125,21.603187984890408,-2.442277272542318,0.2058164626685917,-1.3076267126834753,2.4005083590745926,0.0711481981700676,0.0,0.0,0.0,0.0,-0.11305170673191767,-0.0240223295986652,2142.748854944452,1818.0899375286258
13.425000000000123,21.554749806722004,-2.4934336874220104,0.2052204305718751,-1.3604680656664299,2.377528423070908,0.0690168786720556,0.0,0.0,0.0,0.0,-0.11567908279057895,-0.0234565697610378,2122.236436659196,1800.6854614078022
13.450000000000124,21.504991319444443,-2.544621891445584,0.2046519621924409,-1.4131033232717802,2.35351911187172,0.0667770644879473,0.0,0.0,0.0,0.0,-0.11832703643757254,-0.0218972861766815,2100.8051744494287,1782.501360138909
13.475000000000124,21.45395278930664,-2.595864666832818,0.2041293334732696,-1.463070401278409,2.32977791428566,0.0644317766411043,0.0,0.0,0.0,0.0,-0.12099703454771667,-0.0198886822909116,2079.613236604167,1764.5203219671719
13.500000000000124,21.40170839097765,-2.6471630732218423,0.2036567888273487,-1.5090711004083808,2.307180580496788,0.0619846728168361,0.0,0.0,0.0,0.0,-0.1236893347419784,-0.0179677121341228,2059.4423378368874,1747.4056199828133
13.525000000000125,21.348353491889107,-2.6984993616739907,0.2032269879169236,-1.5505546431107955,2.286283051967621,0.0594377503859604,0.0,0.0,0.0,0.0,-0.1264031609135212,-0.0165127590298652,2040.7887242563438,1731.5783114902306
13.550000000000123,21.29399405585395,-2.749840153588189,0.202825699474919,-1.5873939098011363,2.26740572154522,0.056795397322492,0.0,0.0,0.0,0.0,-0.12913688932078143,-0.0157048795372247,2023.9383858711026,1717.2810546785108
13.575000000000124,21.238731808132595,-2.8011380301581488,0.2024361289417109,-1.6197864879261363,2.2506636619567875,0.0540616437381743,0.0,0.0,0.0,0.0,-0.13188819631337664,-0.0155699709430336,2008.9940392384767,1704.6010029902225
13.600000000000126,21.18266847398546,-2.8523376252916126,0.2020421641927041,-1.648131473425663,2.236010727286339,0.0512396729427477,0.0,0.0,0.0,0.0,-0.13465431084825705,-0.0160419456660747,1995.9144934547733,1693.5032065676862
13.625000000000126,21.125897301567925,-2.9033724466959634,0.2016312550812617,-1.669234101266572,2.2257653117179874,0.0484161937162348,0.0,0.0,0.0,0.0,-0.137431911423733,-0.0165976975113153,1986.7692003777775,1685.7435639569017
13.650000000000126,21.069024403889973,-2.9538045989142523,0.2011802487506568,-1.6417424982244317,2.244349703192711,0.0456452723899537,0.0,0.0,0.0,0.0,-0.14019655311467064,-0.0213705766946077,2003.358054735133,1699.81895553284
13.675000000000129,21.01296530829536,-3.0030454529656305,0.2004769411962805,-1.593283876361269,2.270112267136574,0.0426601808971651,0.0,0.0,0.0,0.0,-0.14291392999064764,-0.0360183455049991,2026.3543105833844,1719.3309301919624
13.700000000000127,20.957919226752388,-3.050909307267931,0.1993612930813758,-1.5435031220407196,2.294898319244385,0.039551011064714,0.0,0.0,0.0,0.0,-0.1455731017120012,-0.0529679544270038,2048.478909555029,1738.1033171982062
13.725000000000128,20.903608534071186,-3.0973227818806968,0.1979284291911291,-1.5366756369850851,2.305648419260979,0.0361046132577452,0.0,0.0,0.0,0.0,-0.1481716793936469,-0.0584378615021705,2058.074695553448,1746.2451962271675
13.750000000000128,20.84911134507921,-3.1425629721747503,0.196537260416699,-1.5507716693300189,2.3100195765495304,0.0327508071120351,0.0,0.0,0.0,0.0,-0.15072886897486187,-0.0519847683608531,2061.976490870851,1749.5558104358736
13.775000000000128,20.79439375135634,-3.186719152662489,0.195341717469092,-1.5546743312026514,2.31727047264576,0.0293882562272145,0.0,0.0,0.0,0.0,-0.15324895694324492,-0.0438134670257568,2068.448807140355,1755.0474727251492
13.800000000000129,20.73973125881619,-3.2298053635491266,0.1943286509904258,-1.545468028675426,2.3279958933591844,0.0259936933138532,0.0,0.0,0.0,0.0,-0.15573033822104992,-0.0377132073044776,2078.022563826354,1763.1706602163003
13.825000000000127,20.685371822781036,-3.2718356450398765,0.1934300338596059,-1.5279339044744318,2.340245443582535,0.0225630736960458,0.0,0.0,0.0,0.0,-0.15817146885590747,-0.0346946939826011,2088.956793492935,1772.4481884182476
13.85000000000013,20.631434122721355,-3.3128409915500217,0.192570481973026,-1.5077590479995264,2.3519380301237107,0.0191004165624139,0.0,0.0,0.0,0.0,-0.16057250173906218,-0.0344711691141128,2099.393864594034,1781.303885110089
13.87500000000013,20.57793935139974,-3.352862728966607,0.1916905901936206,-1.489344981800426,2.3617306023836138,0.0156083299382907,0.0,0.0,0.0,0.0,-0.16293481440057508,-0.0361491739749908,2108.134939340783,1788.7205545921795
13.90000000000013,20.52481969197591,-3.391942448086209,0.1907557041377051,-1.4752537027994792,2.369074666500092,0.0120922579595256,0.0,0.0,0.0,0.0,-0.16526052355101925,-0.0387149415910244,2114.690419523443,1794.2827802017086
13.92500000000013,20.471981896294487,-3.430116706424289,0.1897542390545376,-1.466487001361269,2.373988476395607,0.0085564892517413,0.0,0.0,0.0,0.0,-0.16755176532493682,-0.0413685627281665,2119.076599012145,1798.0043870406073
13.95000000000013,20.41931364271376,-3.4674154387580023,0.1886904726466191,-1.4629457970821496,2.376788628101349,0.0050054515153057,0.0,0.0,0.0,0.0,-0.16981057734990435,-0.0436490401625633,2121.5760786904666,1800.1251576767593
13.975000000000133,20.366717444525825,-3.503862486945258,0.1875761228227459,-1.4639294618548768,2.3778832793235782,0.0014449358252182,0.0,0.0,0.0,0.0,-0.17203864572133237,-0.0454141870141029,2122.553189494571,1800.9542213893328
14.000000000000131,20.31410853068034,-3.539476924472385,0.1864234401239323,-1.4685048976089015,2.377650943398476,-0.0021208365521488,0.0,0.0,0.0,0.0,-0.17423737394760508,-0.046739999204874,2122.345801115525,1800.7782554919602
14.025000000000132,20.26142756144206,-3.5742746459113226,0.1852414127188575,-1.4757346598307293,2.3764066100120544,-0.0056850179898501,0.0,0.0,0.0,0.0,-0.17640783874050642,-0.0477916933596134,2121.235080576334,1799.8358259435558
14.050000000000132,20.20863215128581,-3.6082667774624295,0.1840347177841858,-1.4848024680397727,2.3743992626667025,-0.0092438243414352,0.0,0.0,0.0,0.0,-0.17855076733794906,-0.048739168792963,2119.443276265606,1798.3155071344531
14.075000000000133,20.155692630343967,-3.641459676954481,0.1828042707815419,-1.4950421882398202,2.3718384563922883,-0.0127908761137442,0.0,0.0,0.0,0.0,-0.18066656124098365,-0.0497060380876064,2117.1574418124605,1796.3760112348148
14.100000000000133,20.102598402235245,-3.673855463663737,0.1815486901961104,-1.5059517600319603,2.3688951939344407,-0.0163218667360258,0.0,0.0,0.0,0.0,-0.1827552533335807,-0.0507577024400234,2114.5302181923003,1794.146851799527
14.125000000000131,20.04934522840712,-3.705450428856744,0.1802655625381534,-1.517155595259233,2.365719595551491,-0.0198298927953921,0.0,0.0,0.0,0.0,-0.18481653074668186,-0.0519086793065071,2111.695606193093,1791.7417264668668
14.150000000000134,19.99593734741211,-3.736236890157064,0.1789524909626899,-1.528400176077178,2.3624284863471985,-0.0233112607162764,0.0,0.0,0.0,0.0,-0.18684979979898822,-0.0531518422067165,2108.757886583688,1789.2491158891894
14.175000000000134,19.942381117078995,-3.766203456454807,0.1776074115198749,-1.539506854433002,2.359117224812508,-0.0267596777403061,0.0,0.0,0.0,0.0,-0.18885425137268919,-0.0544661730527877,2105.802178541657,1786.7412423989815
14.200000000000134,19.888689253065323,-3.795336617363824,0.1762287928920818,-1.5503684488932292,2.355850794911385,-0.0301703933498571,0.0,0.0,0.0,0.0,-0.19082889621692248,-0.0558308884501457,2102.8864882446705,1784.2673233591142
14.225000000000136,19.834872351752388,-3.823620213402642,0.1748155864596312,-1.5609236098780777,2.352670669555664,-0.0335381706883171,0.0,0.0,0.0,0.0,-0.1927726150990243,-0.0572296530008316,2100.047835365671,1781.8587694011749
14.250000000000137,19.78094948662652,-3.8510375552707248,0.1733670764979803,-1.5711477013790247,2.3495946645736696,-0.0368579206212904,0.0,0.0,0.0,0.0,-0.19468416103455144,-0.0586540587246418,2097.302122721907,1779.529073824648
14.275000000000135,19.72693337334527,-3.877571953667535,0.1718827470196678,-1.5810372832327177,2.3466219037771228,-0.0401246060292467,0.0,0.0,0.0,0.0,-0.19656232827890274,-0.0600931718945503,2094.6485682076122,1777.2775730246403
14.300000000000136,19.67283672756619,-3.9032064543830014,0.1703623317085848,-1.5906092603278883,2.343742457032204,-0.0433336984980353,0.0,0.0,0.0,0.0,-0.19840587854387606,-0.0615402907133102,2092.078307957435,1775.096746145702
14.325000000000136,19.61867438422309,-3.927925162845188,0.168805664117163,-1.599882609049479,2.340940845012665,-0.0464791226914197,0.0,0.0,0.0,0.0,-0.20021358660215796,-0.0629923790693283,2089.577524769502,1772.9748695013952
14.350000000000136,19.564461178249783,-3.951712184482151,0.1672126776663753,-1.6088880504261365,2.338194870948792,-0.049556636277007,0.0,0.0,0.0,0.0,-0.20198420740947118,-0.0644459500908851,2087.126405297733,1770.8951317677734
14.375000000000137,19.51020770602756,-3.97455268436008,0.1655833557114648,-1.617657674153646,2.33548233807087,-0.0525620635014319,0.0,0.0,0.0,0.0,-0.20371657463862702,-0.0658971071243286,2084.705136196047,1768.840721620888
14.400000000000135,19.45592668321397,-3.996432622273763,0.1639178314104861,-1.6262160607540246,2.3327867448329926,-0.055489686890729,0.0,0.0,0.0,0.0,-0.2054095231414381,-0.067342035472393,2082.2989878058434,1766.7991411685941
14.425000000000136,19.401628706190323,-4.0173384878370495,0.162216287855764,-1.634594208688447,2.33008925318718,-0.0583358383566157,0.0,0.0,0.0,0.0,-0.20706191983538316,-0.0687790885567665,2079.891144853147,1764.7561229057
14.450000000000138,19.34732437133789,-4.037257830301921,0.1604790246529213,-1.6428101140802558,2.3273749679327014,-0.0610957637404273,0.0,0.0,0.0,0.0,-0.20867266981283053,-0.0702013969421386,2077.468311539928,1762.7003855490293
14.475000000000138,19.29302215576172,-4.056178463829888,0.1587064079866077,-1.6508866743607955,2.32463293671608,-0.0637647421730127,0.0,0.0,0.0,0.0,-0.21024069899896636,-0.0716054663062095,2075.0207115441076,1760.6236340374244
14.50000000000014,19.23873477511936,-4.074088997311062,0.1568989538442846,-1.6588401285807293,2.321849870681763,-0.0663395653774962,0.0,0.0,0.0,0.0,-0.21176491307421672,-0.0729887932538986,2072.5364829282294,1758.5158036966793
14.52500000000014,19.184466467963325,-4.090979364183214,0.1550571948581698,-1.6666794655539772,2.3190181761980058,-0.0688150797210495,0.0,0.0,0.0,0.0,-0.21324436470593824,-0.0743484497070312,2070.0088474423183,1756.371143284391
14.55000000000014,19.13022783067491,-4.106839232974583,0.1531817635290224,-1.6744204619436553,2.31612763106823,-0.071188578350096,0.0,0.0,0.0,0.0,-0.21467800955247138,-0.0756829679012298,2067.4286805191005,1754.181910743479
14.57500000000014,19.0760252210829,-4.121659331851536,0.1512733256471148,-1.6820672607421876,2.3131731241941456,-0.073455379926782,0.0,0.0,0.0,0.0,-0.21606489213991292,-0.0769887641072273,2064.791419874938,1751.944235045402
14.60000000000014,19.02186499701606,-4.135431448618571,0.1493326135817468,-1.6896306633226799,2.3101469159126284,-0.0756129565286665,0.0,0.0,0.0,0.0,-0.21740410045320435,-0.0782638788223266,2062.0901569088956,1749.6522543469414
14.62500000000014,18.96775775485569,-4.148147371080187,0.1473604429260022,-1.6971084132339016,2.30704827606678,-0.0776562419078946,0.0,0.0,0.0,0.0,-0.218694661999164,-0.0795038416981697,2059.324239866167,1747.30541564402
14.65000000000014,18.913707733154297,-4.159799946679009,0.1453576625624786,-1.7045151034268466,2.303866982460022,-0.0795842415402466,0.0,0.0,0.0,0.0,-0.21993572097908626,-0.0807107463479042,2056.4845441794787,1744.8959768795576
14.67500000000014,18.85971917046441,-4.170382552676731,0.1433251713080438,-1.7118512147845641,2.300602304935456,-0.081392498792086,0.0,0.0,0.0,0.0,-0.22112643963478687,-0.0818803235888481,2053.570418094026,1742.4233850494766
14.70000000000014,18.80580054389106,-4.179889096154107,0.1412639678481065,-1.719120742335464,2.297248548269272,-0.0830791286447036,0.0,0.0,0.0,0.0,-0.22226594855127912,-0.0830098241567611,2050.5767779223256,1739.883326721973
14.725000000000142,18.75195821126302,-4.188314808739556,0.1391750508680756,-1.7263244998816287,2.2938035219907764,-0.0846408146303045,0.0,0.0,0.0,0.0,-0.22335346322518582,-0.0840966179966926,2047.5016683999636,1737.2741428848174
14.750000000000142,18.69819641113281,-4.195654657151964,0.1370595272442791,-1.7334635601621686,2.2902647435665133,-0.0860747895580684,0.0,0.0,0.0,0.0,-0.22438820113440958,-0.0851386785507202,2044.342873560601,1734.593953324146
14.775000000000142,18.64451726277669,-4.2019051975674095,0.1349185371425588,-1.7405462461529355,2.2866269558668137,-0.0873793556628006,0.0,0.0,0.0,0.0,-0.2253694819954608,-0.0861334055662155,2041.0957007696395,1731.838776410603
14.800000000000145,18.590929243299698,-4.207062986161974,0.1327532456958914,-1.7475766268643467,2.2828865081071856,-0.0885529275314144,0.0,0.0,0.0,0.0,-0.22629654123815404,-0.0870812386274337,2037.7568912530535,1729.0058471238028
14.825000000000143,18.53743447197808,-4.211126168568929,0.1305649179057949,-1.7545478774562027,2.279044860601425,-0.0895919515083304,0.0,0.0,0.0,0.0,-0.2271687689542279,-0.0879759937524795,2034.3277485204526,1726.096271471899
14.850000000000144,18.484037187364365,-4.21409289042155,0.128354818773787,-1.761480213512074,2.2750916451215746,-0.0904970018376586,0.0,0.0,0.0,0.0,-0.2279855232763918,-0.0888214334845542,2030.7990176536025,1723.1021967969957
14.875000000000144,18.43073950873481,-4.215962092081706,0.1261243214923048,-1.768370157877604,2.271029928326607,-0.0912657482534452,0.0,0.0,0.0,0.0,-0.2287462252984288,-0.0896100997924804,2027.1734360226847,1720.025945716217
14.900000000000144,18.37765163845486,-4.216639730665419,0.1238926757226024,-1.7559515565814394,2.2832891166210176,-0.0916559304814663,0.0,0.0,0.0,0.0,-0.22944388182014433,-0.0881283953785896,2038.1162688526956,1729.3107735719836
14.925000000000145,18.325928582085503,-4.215272267659505,0.1216411061789949,-1.679410418886127,2.332618370652199,-0.0919599927377369,0.0,0.0,0.0,0.0,-0.2300168446460138,-0.0947576910257339,2082.1486931477416,1766.6716184283864
14.950000000000143,18.27635023328993,-4.211571746402317,0.1190572323879944,-1.6272976592092803,2.3561825782060626,-0.092518058144163,0.0,0.0,0.0,0.0,-0.23043833657395343,-0.1106320545077323,2103.1826456281988,1784.5186084118045
14.975000000000144,18.227161831325954,-4.206468794080946,0.1162374691034401,-1.6581826689749053,2.341767090559006,-0.092857220031363,0.0,0.0,0.0,0.0,-0.23078024066541916,-0.1131516247987747,2090.3150505071785,1773.6006489151814
15.000000000000146,18.17734188503689,-4.200412962171766,0.113452534972517,-1.7021623091264204,2.3211216121912006,-0.0929809446699432,0.0,0.0,0.0,0.0,-0.23107960386823312,-0.1090596914291381,2071.8864226854243,1757.9642374300565
15.025000000000146,18.12687767876519,-4.19348849190606,0.1108000931058253,-1.7388034520004736,2.302079120278359,-0.0929407392598614,0.0,0.0,0.0,0.0,-0.2313409163023448,-0.1030378341674804,2054.8886573632235,1743.5418910960682
15.050000000000146,18.0759769015842,-4.18569803237915,0.1082974873399642,-1.7652495598070546,2.286162722110749,-0.0927484923186713,0.0,0.0,0.0,0.0,-0.23156137315114136,-0.0973639190196991,2040.6813150644311,1731.487176418305
15.075000000000149,18.02483876546224,-4.177031781938341,0.1059182358668442,-1.7834248120857008,2.2729734599590303,-0.0924090474706055,0.0,0.0,0.0,0.0,-0.23173753930837024,-0.0932973772287368,2028.90827696343,1721.4979319689703
15.100000000000149,17.97361161973741,-4.167478879292806,0.1036163991576615,-1.7957676188151042,2.262079519033432,-0.0919267032241109,0.0,0.0,0.0,0.0,-0.23186652563007207,-0.0909581556916236,2019.1840952683672,1713.247111136796
15.125000000000147,17.92286554972331,-4.156625535753038,0.1013902128681938,-1.7533646462180394,2.292019164562225,-0.0909354621828158,0.0,0.0,0.0,0.0,-0.23191746454947926,-0.088910087943077,2045.908910006773,1735.9227115208982
15.150000000000148,17.874105241563583,-4.143540859222412,0.0990282053631321,-1.6621377470999052,2.338509860634804,-0.0900998579401006,0.0,0.0,0.0,0.0,-0.23181808561735565,-0.1028996035456657,2087.4075723207393,1771.1336977266874
15.175000000000148,17.826976776123047,-4.1285702917310925,0.0962756203170751,-1.6567612156723486,2.3364030659198765,-0.0894687511795899,0.0,0.0,0.0,0.0,-0.2315911634136857,-0.1142394989728927,2085.526999005529,1769.5380597622668
15.200000000000149,17.779517703586155,-4.112611081865099,0.0934211277474304,-1.7014113732540246,2.313665980100632,-0.0885211402070908,0.0,0.0,0.0,0.0,-0.23131173468420796,-0.1129250079393386,2065.231354368515,1752.3175127975276
15.225000000000149,17.731266021728516,-4.095904562208387,0.0906647560191984,-1.746941546815814,2.289161622524261,-0.087394003048796,0.0,0.0,0.0,0.0,-0.23099899111485453,-0.1072023138403892,2043.3582024007544,1733.7584747642761
15.25000000000015,17.682345708211262,-4.078489939371745,0.0880690561284823,-1.7828291644472065,2.267399150133133,-0.0861163681605873,0.0,0.0,0.0,0.0,-0.23065321799911373,-0.1004803329706192,2023.9325200778544,1717.2760776418154
15.27500000000015,17.63297398885091,-4.060362180074056,0.085632638238088,-1.8085124992601795,2.2493048399686817,-0.0846899874031193,0.0,0.0,0.0,0.0,-0.23027097882871986,-0.0945468917489051,2007.781123545815,1703.5718624025096
15.30000000000015,17.58384068806966,-4.041095309787327,0.0833584651147285,-1.772864102450284,2.2743638247251514,-0.0827684833871135,0.0,0.0,0.0,0.0,-0.22981869441805974,-0.0893971398472786,2030.1493484636803,1722.5509623328194
15.32500000000015,17.53655327690972,-4.019733270009358,0.0810093323290616,-1.6832307572798295,2.3188573956489567,-0.0809653069472913,0.0,0.0,0.0,0.0,-0.2292202581964677,-0.1016218587756156,2069.8653310341915,1756.2493717865866
15.35000000000015,17.490922080145943,-3.9965393808152943,0.0782841445527188,-1.6758605217211173,2.316621071100235,-0.0794703747588889,0.0,0.0,0.0,0.0,-0.2284922065573542,-0.1131563857197761,2067.8691364165215,1754.5556308988664
15.375000000000153,17.444886101616753,-3.9724689059787326,0.0754644062352997,-1.7249621951941287,2.2905957967042925,-0.0776446363512067,0.0,0.0,0.0,0.0,-0.22771538219504758,-0.1111807599663734,2044.6383791893236,1734.8446853727592
15.400000000000151,17.397922939724392,-3.9478098021613226,0.072760432201515,-1.7749421460700758,2.2621265411376954,-0.0756494792863034,0.0,0.0,0.0,0.0,-0.2269127076742795,-0.1047687828540802,2019.2260682778283,1713.282724599369
15.425000000000152,17.350180943806965,-3.92260471979777,0.070222656064508,-1.8103753107244318,2.23888418674469,-0.0735199990339192,0.0,0.0,0.0,0.0,-0.22608436952341518,-0.1001858711242675,1998.4794093155472,1695.6794988131912
15.450000000000152,17.302609549628365,-3.8962830437554254,0.0676603622007156,-1.7659209465258046,2.2676582098007203,-0.0709221353248173,0.0,0.0,0.0,0.0,-0.22518470595894086,-0.1065743267536163,2024.1637626827742,1717.4722834884142
15.475000000000152,17.257424460517036,-3.867389890882704,0.0647337520609894,-1.6412221272786458,2.3308464258909227,-0.0684179982413295,0.0,0.0,0.0,0.0,-0.22410006196062676,-0.1308754533529281,2080.567014586242,1765.3295881337808
15.500000000000153,17.214988072713215,-3.8358386357625327,0.0610975093592981,-1.5894108812736742,2.3485744893550877,-0.0662458678802066,0.0,0.0,0.0,0.0,-0.22281970917206537,-0.1542708873748779,2096.3914909079435,1778.7564165279516
15.525000000000151,17.17258135477702,-3.8028176625569663,0.0573031081783696,-1.6489124274976326,2.3203650236129763,-0.0637907017518571,0.0,0.0,0.0,0.0,-0.22144706052006033,-0.1466713547706604,2071.2110743561734,1757.3912146052376
15.550000000000152,17.128819359673393,-3.769079049428304,0.0538200763019527,-1.7256262946851324,2.2798382490873337,-0.0611694979325143,0.0,0.0,0.0,0.0,-0.22004313141989792,-0.1315705776214599,2035.0359452918906,1726.69716570221
15.575000000000154,17.083713743421768,-3.7348903550042047,0.0507300812293502,-1.7882656952829072,2.241454631090164,-0.0584342400782995,0.0,0.0,0.0,0.0,-0.21862285982416185,-0.1155353263020515,2000.773846932122,1697.6262943666488
15.600000000000154,17.03815672132704,-3.6998796463012695,0.0480520105983557,-1.773859881776752,2.2512695461511614,-0.0552003614860217,0.0,0.0,0.0,0.0,-0.2171525774070412,-0.1009457483887672,2009.534865375914,1705.0598857735024
15.625000000000156,16.994011137220596,-3.663050863477919,0.0455129403315066,-1.6969514604048295,2.285668843984604,-0.0521454951726731,0.0,0.0,0.0,0.0,-0.21554951529100963,-0.1054726839065551,2040.240468114126,1731.1131244604703
15.650000000000157,16.951781378851997,-3.624261485205756,0.0429991035159859,-1.6361555989583334,2.3189759731292727,-0.0498200811654647,0.0,0.0,0.0,0.0,-0.21379826722678022,-0.0767823979258537,2069.9711760145724,1756.3391796487276
15.675000000000155,16.911109288533527,-3.583673636118571,0.0421105731077946,-1.5691358901515151,2.356653237342835,-0.0471482190287615,0.0,0.0,0.0,0.0,-0.21191239291135433,0.0047390391118824,2103.6027667756944,1784.875074839983
15.700000000000156,16.870978673299152,-3.542784055074056,0.0424048107963563,-1.610246600526752,2.328843313455582,-0.0437586724289847,0.0,0.0,0.0,0.0,-0.2099928002802257,0.0053676823154091,2078.7789904533843,1763.8124767483257
15.725000000000156,16.829229990641277,-3.502803643544515,0.0422243982772603,-1.6654968631628788,2.305262750387192,-0.0401148958942409,0.0,0.0,0.0,0.0,-0.20813808151011198,-0.0196906588971614,2057.7304386652886,1745.9530994735778
15.750000000000156,16.78720368279351,-3.462591701083713,0.0413752660084453,-1.6414262991240531,2.318502977490425,-0.0366167953114217,0.0,0.0,0.0,0.0,-0.2062637569968123,-0.0493229702115058,2069.5489692516994,1755.980943607502
15.775000000000157,16.746082305908203,-3.421509265899658,0.0397398187830276,-1.6176702510949337,2.3194273561239243,-0.03342170212341,0.0,0.0,0.0,0.0,-0.20431699805347975,-0.079148918390274,2070.374090835208,1756.6810467692671
15.800000000000155,16.70438660515679,-3.380164570278592,0.0376465283931441,-1.694709121241714,2.2758586019277574,-0.0302163089518231,0.0,0.0,0.0,0.0,-0.202351912116013,-0.0853373259305954,2031.4836209010884,1723.683072279711
15.825000000000156,16.66089375813802,-3.33909273147583,0.0357188824618743,-1.7527558852687026,2.2451695233583453,-0.0272062804924367,0.0,0.0,0.0,0.0,-0.20041498253026485,-0.0561863631010055,2004.089845030523,1700.4398685107467
15.850000000000158,16.617860794067383,-3.2971596717834477,0.0351057104268296,-1.6597193677497633,2.294698840379715,-0.0237408421239711,0.0,0.0,0.0,0.0,-0.1984105964445521,0.0053762909956276,2048.300850142221,1737.9522364843085
15.875000000000158,16.57763163248698,-3.253584702809652,0.0354510683247532,-1.5525569661458334,2.347064670920372,-0.0198803305697247,0.0,0.0,0.0,0.0,-0.19626354203899923,-0.0005499275866895,2095.0437923215454,1777.6129146970686
15.900000000000158,16.53835932413737,-3.2094330257839627,0.0345486145774879,-1.5523818692294034,2.3398828476667406,-0.0161182680706893,0.0,0.0,0.0,0.0,-0.19405994046216338,-0.0726056918501854,2088.6331320566237,1772.1735665934984
15.92500000000016,16.49850845336914,-3.165162139468723,0.0319558982594304,-1.626715420809659,2.2898945540189746,-0.0127231387154477,0.0,0.0,0.0,0.0,-0.19184535065182629,-0.1280221939086914,2044.0124338743144,1734.3135802569936
15.95000000000016,16.456385718451607,-3.121167288886176,0.0288348731989393,-1.7253743859493371,2.2390594244003297,-0.0096976574198808,0.0,0.0,0.0,0.0,-0.18966298811206092,-0.1028679311275482,1998.635830468819,1695.8122197917248
15.97500000000016,16.413449181450737,-3.07668579949273,0.0271531514689869,-1.7077761933297821,2.245387548208237,-0.0061083319964189,0.0,0.0,0.0,0.0,-0.18744907091007856,-0.0322129428386688,2004.2844590153854,1700.6049955282056
16.00000000000016,16.371960110134548,-3.0310506290859647,0.0269832209854938,-1.6163872736150569,2.2896845608949663,-0.0024675049320879,0.0,0.0,0.0,0.0,-0.18513669766454463,0.0126342941075563,2043.8249891923103,1734.1545362843842
16.02500000000016,16.33174154493544,-2.9847206009758844,0.0270498104157188,-1.6175122995087594,2.2881500631570817,0.0015140640359872,0.0,0.0,0.0,0.0,-0.1827558067070601,-0.0234995987266302,2042.4552612934935,1732.992342915691
16.050000000000157,16.290468639797634,-2.9387940300835504,0.0256444519861056,-1.6799772505326704,2.246863925457001,0.0053122333037764,0.0,0.0,0.0,0.0,-0.18039960022415027,-0.0870899930596351,2005.6023072317003,1701.7231697723514
16.075000000000156,16.24874644809299,-2.8924759229024253,0.0232407972189032,-1.6391952607125948,2.270558100938797,0.0085654802812379,0.0,0.0,0.0,0.0,-0.17801225049221545,-0.0875618681311607,2026.7522720675004,1719.6685944815151
16.100000000000154,16.209077835083008,-2.843937873840332,0.0216040371382919,-1.546846572413589,2.327660167217255,0.0116718413109767,0.0,0.0,0.0,0.0,-0.17545340350484953,-0.0407013073563575,2077.722886966878,1762.916388941593
16.125000000000153,16.170376671685112,-2.794275548723009,0.0212577637787436,-1.5463754364938447,2.326036882400513,0.0148623707147297,0.0,0.0,0.0,0.0,-0.17280213104843017,0.0109901875257492,2076.2739056837368,1761.6869502771096
16.15000000000015,16.131314171685112,-2.744975354936388,0.0217624015963945,-1.5719453568892046,2.311199364066124,0.0189423688748393,0.0,0.0,0.0,0.0,-0.1701643973777768,0.0100949043408036,2063.029596285254,1750.4493544238512
16.17500000000015,16.09125985039605,-2.696108023325602,0.0213266605883817,-1.6173878432765152,2.292247849702836,0.0227361219505494,0.0,0.0,0.0,0.0,-0.16755108353179962,-0.0468873381614685,2046.113039611794,1736.0959123978853
16.20000000000015,16.050551732381184,-2.647218174404568,0.0194807570578206,-1.6127763412937974,2.285683739185333,0.0261082685376727,0.0,0.0,0.0,0.0,-0.16493004219063312,-0.0898574367165565,2040.253763912154,1731.1244057436454
16.225000000000147,16.01142141554091,-2.5967582066853843,0.0176039566974253,-1.509641816110322,2.3373138636350634,0.0289486629982968,0.0,0.0,0.0,0.0,-0.16218161644068244,-0.0494427047669887,2086.3399979496594,1770.2278770481955
16.250000000000146,15.973546769883898,-2.5451151529947915,0.0173686320853058,-1.5003372099905303,2.3378039449453354,0.0319022511679248,0.0,0.0,0.0,0.0,-0.15933312680395342,0.0301680583506822,2086.777455774976,1770.5990533848276
16.275000000000144,15.934606128268772,-2.4944061703152127,0.0183387644540702,-1.5964579079367898,2.284271469712257,0.0356707541475496,0.0,0.0,0.0,0.0,-0.15654018368800557,0.0342631638050079,2038.9931397677444,1730.0547852574798
16.300000000000143,15.893806881374784,-2.4449335204230414,0.0188456909257829,-1.629988458806818,2.271066728234292,0.0392697854147909,0.0,0.0,0.0,0.0,-0.15382932098465005,0.003978825174272,2027.2062844648722,1720.0538171217095
16.32500000000014,15.853009753757052,-2.3955212699042425,0.0184708093904623,-1.5996906812263259,2.274355500936508,0.0425751241092561,0.0,0.0,0.0,0.0,-0.15110829470955955,-0.0344227962195873,2030.1419184588997,1722.5446580863388
16.35000000000014,15.812725490993923,-2.345752716064453,0.0176459888695673,-1.5860118519176136,2.281662327051163,0.0449245523393564,0.0,0.0,0.0,0.0,-0.1483458823970901,-0.007941554300487,2036.664159146489,1728.07868048793
16.37500000000014,15.773024029201933,-2.2954702377319336,0.0184837652530466,-1.542067168264678,2.300062280893326,0.0475987925956893,0.0,0.0,0.0,0.0,-0.14553139800472856,0.0731861889362335,2053.0883802400267,1742.0143832339616
16.400000000000137,15.73351436191135,-2.245861954159207,0.0205544042095022,-1.5707121508049242,2.279264345765114,0.0511086745454402,0.0,0.0,0.0,0.0,-0.14274382077001985,0.0741674378514289,2034.5236660149255,1726.2625044975123
16.425000000000136,15.693141089545357,-2.197287347581652,0.0218351454254511,-1.5836205314867424,2.274117615818977,0.0542924357749541,0.0,0.0,0.0,0.0,-0.14001577727772213,0.0258226171135902,2029.929576743333,1722.3644893579792
16.450000000000134,15.65275404188368,-2.1490846739874945,0.0218216798171894,-1.579815340909091,2.2613271653652194,0.0570651484931872,0.0,0.0,0.0,0.0,-0.13729754318230314,-0.0251827910542488,2018.512527116987,1712.677295735625
16.475000000000133,15.611629486083984,-2.101326518588596,0.0212281236280488,-1.6288383345170454,2.23866061270237,0.0591036381018586,0.0,0.0,0.0,0.0,-0.13460007620996212,0.0014579339185729,1998.2798419941648,1695.5101689647456
16.50000000000013,15.570230484008787,-2.0536592271592884,0.0223181575428128,-1.6068027565696024,2.2441417545080187,0.0613808988276069,0.0,0.0,0.0,0.0,-0.13189652068853275,0.0841781795024871,2003.1724349665842,1699.6614599716468
16.52500000000013,15.529294543796116,-2.006576326158312,0.0247840491363337,-1.595626553622159,2.248388639092445,0.0645523221311332,0.0,0.0,0.0,0.0,-0.12921232967146792,0.089749664068222,2006.9633016161254,1702.877952886409
16.55000000000013,15.487932629055448,-1.9603837860955131,0.0263478822955634,-1.610704345703125,2.2391793161630638,0.0672039442435518,0.0,0.0,0.0,0.0,-0.12657491694003253,0.0333527848124504,1998.7428486078497,1695.9030230612057
16.575000000000127,15.446204079522026,-1.9149197472466364,0.0264889133200399,-1.6436592425722065,2.207964524626732,0.069333231000638,0.0,0.0,0.0,0.0,-0.12397348483731108,-0.0163955315947532,1970.8798092774682,1672.2616563566394
16.600000000000126,15.403368208143446,-1.8701150682237413,0.0266492314564735,-1.6786487926136364,2.1972618848085403,0.0708529680378809,0.0,0.0,0.0,0.0,-0.12140948933721195,0.0434211306273937,1961.326387341394,1664.1557225926977
16.625000000000124,15.360430611504448,-1.825711064868503,0.0287641600302139,-1.6465803296638257,2.20466377735138,0.0729301130136559,0.0,0.0,0.0,0.0,-0.11885806531368376,0.1213825717568397,1967.9334865046337,1669.7617461251436
16.650000000000123,15.3178342183431,-1.7821162276797824,0.0316339324866129,-1.655090849905303,2.205420657992363,0.0754653799535732,0.0,0.0,0.0,0.0,-0.11634257182034906,0.093156948685646,1968.609095535806,1670.3349901515928
16.67500000000012,15.274699529012045,-1.739567518234253,0.0331853736243953,-1.6707017563328599,2.189818519353867,0.0774942551345905,0.0,0.0,0.0,0.0,-0.11388554746561137,0.0309394802898168,1954.682268505214,1658.5182884286662
16.70000000000012,15.231029722425673,-1.6979139380984836,0.0334288448046774,-1.7139842640269887,2.159880918264389,0.0786727621735994,0.0,0.0,0.0,0.0,-0.11147729136123544,0.0111532658338546,1927.9592786802625,1635.8442364559799
16.72500000000012,15.18657472398546,-1.6567715009053547,0.0346601531734863,-1.7206306966145832,2.16152932047844,0.0798030410297426,0.0,0.0,0.0,0.0,-0.10909448187079825,0.0908634066581726,1929.430680328706,1637.0926984607202
16.750000000000117,15.142447153727211,-1.6162896156311035,0.0377654843088974,-1.687705078125,2.172458747029305,0.081697880145334,0.0,0.0,0.0,0.0,-0.10673899662468128,0.1376505196094513,1939.1865373073058,1645.370395291047
16.775000000000116,15.098258124457466,-1.5768518712785509,0.0405876569220004,-1.70896103367661,2.1666639298200607,0.0833953915077181,0.0,0.0,0.0,0.0,-0.10443932394586827,0.0820929929614067,1934.0139504705298,1640.9815337325704
16.800000000000114,15.053657955593533,-1.5384595923953586,0.0418206297664906,-1.7215521425189393,2.145832115411759,0.0846770502658864,0.0,0.0,0.0,0.0,-0.10219838905159317,0.0180796515196561,1915.4189948224634,1625.2039956069384
16.825000000000113,15.008230209350586,-1.5009971459706624,0.0422966573277747,-1.7722227524266099,2.1237844437360764,0.0849954062070701,0.0,0.0,0.0,0.0,-0.10001160196993082,0.0459134578704834,1895.7387370726126,1608.5055950919134
16.85000000000011,14.962453842163086,-1.4639957745869954,0.0445143797584029,-1.7524067826704546,2.130780223011971,0.0856880070216265,0.0,0.0,0.0,0.0,-0.09784463096965845,0.1299341022968292,1901.9833302131447,1613.8040377566072
16.87500000000011,14.917227427164711,-1.4277825090620253,0.0479874996821377,-1.740947413589015,2.14137699007988,0.0871531700624688,0.0,0.0,0.0,0.0,-0.09571366502477473,0.1232567355036735,1911.4422477024505,1621.8297859293516
16.90000000000011,14.871659808688694,-1.3926511340671115,0.0502494222644829,-1.7524995191169508,2.132583272457123,0.0880383091014594,0.0,0.0,0.0,0.0,-0.09364463361738963,0.0564128570258617,1903.59277352935,1615.169626024903
16.925000000000107,14.825704362657335,-1.3585179381900363,0.0509007066314402,-1.8052576053503788,2.092214503884316,0.0882132912686453,0.0,0.0,0.0,0.0,-0.09163260678607905,0.0080247865989804,1867.5586842049345,1584.5952472041865
16.950000000000106,14.77852291531033,-1.3252682156032989,0.0518875534569367,-1.8269558253432765,2.0909748435020448,0.0880280725760195,0.0,0.0,0.0,0.0,-0.08967528238091649,0.0814506933093071,1866.4521348964975,1583.6563568818763
16.975000000000104,14.73175154791938,-1.2923873795403376,0.0549198994143174,-1.7802993312026516,2.112837201356888,0.0886073933368958,0.0,0.0,0.0,0.0,-0.08772801898921967,0.1434601545333862,1885.9669772767631,1600.2144049621018
17.000000000000103,14.68532986111111,-1.2602419323391385,0.057921494183486,-1.7892245575875947,2.1176258623600006,0.089110818167894,0.0,0.0,0.0,0.0,-0.08581638575762894,0.0884316712617874,1890.2414459918368,1603.8412269021642
17.0250000000001,14.638786315917969,-1.2289306852552626,0.0592442654909824,-1.7999345999053031,2.099878960847855,0.0890632890648145,0.0,0.0,0.0,0.0,-0.08395031245991645,0.0190991591662168,1874.4001543961592,1590.4001310028013
17.0500000000001,14.590849346584744,-1.1989790863460963,0.0593835987502639,-1.9039188639322917,2.0406734585762027,0.0883399453844245,0.0,0.0,0.0,0.0,-0.08217335796334155,0.0174106378108263,1821.551964253676,1545.5592423970584
17.0750000000001,14.542003207736546,-1.169648700290256,0.0609583924818551,-1.879530029296875,2.057647854089737,0.0877171568411311,0.0,0.0,0.0,0.0,-0.08043243310990242,0.1108804047107696,1836.7036992653473,1558.4152599827187
17.100000000000097,14.494380950927734,-1.1403184466891818,0.0642219216278006,-1.8301025390625,2.0950332015752795,0.0878961920066009,0.0,0.0,0.0,0.0,-0.07867313895983906,0.1195873990654945,1870.074718455311,1586.7300641439
17.125000000000096,14.447046915690104,-1.111512581507365,0.0663441364438359,-1.8247784238873106,2.0975623190402986,0.0875153433259628,0.0,0.0,0.0,0.0,-0.07693700920291298,0.0480064190924167,1872.332266749906,1588.6455596665865
17.150000000000095,14.39915657043457,-1.0837302605311077,0.0667554866413339,-1.9226758922230114,2.029258477687836,0.0864924273124525,0.0,0.0,0.0,0.0,-0.07526345416344066,-0.0068594831973314,1811.3626903295522,1536.9137978553772
17.175000000000093,14.34857898288303,-1.057945688565572,0.066620118995363,-2.017959650213068,1.972795006632805,0.085164288070884,0.0,0.0,0.0,0.0,-0.07373173955606586,0.02242311835289,1760.9621001828893,1494.1496607612391
17.20000000000009,14.298087226019966,-1.032158997323778,0.0685091657355835,-1.9207482170336174,2.0372620195150377,0.084234715853581,0.0,0.0,0.0,0.0,-0.0721886068400417,0.127161905169487,1818.5068354523576,1542.9754967474548
17.22500000000009,14.249662823147244,-1.0055251916249592,0.0714920434757159,-1.8719531619910037,2.081159344315529,0.0835793285540693,0.0,0.0,0.0,0.0,-0.07056484101445387,0.091414138674736,1857.6905950488615,1576.2223230717611
17.25000000000009,14.20164638095432,-0.9792661666870116,0.0727976582001272,-1.901400331439394,2.0552142411470413,0.0821800953949633,0.0,0.0,0.0,0.0,-0.06895441137024051,0.0157723147422075,1834.5314004992854,1556.5720973933328
17.275000000000087,14.15138668484158,-0.955007274945577,0.0726337323126545,-2.063808741714015,1.9438488125801088,0.0806745521740927,0.0,0.0,0.0,0.0,-0.06748506674392157,-0.0236716922372579,1735.1240630325726,1472.2264777246066
17.300000000000086,14.09804556104872,-0.9331709808773464,0.0719202797790006,-2.1655645566998105,1.868552988767624,0.0788526961559371,0.0,0.0,0.0,0.0,-0.06619151405323803,-0.0112745789811015,1667.9132825966742,1415.1991488699052
17.325000000000085,14.045483271280924,-0.910416841506958,0.0731665642677521,-1.9891628565932764,2.00952277481556,0.0772781812240226,0.0,0.0,0.0,0.0,-0.0648191894805432,0.1109732985496521,1793.746148995201,1521.9664294504732
17.350000000000083,13.99682468838162,-0.8849847979015775,0.0759493429026679,-1.8803079870975379,2.088588690757752,0.0758522581973669,0.0,0.0,0.0,0.0,-0.06322754036036324,0.081308476626873,1864.3222001927804,1581.8491395575104
17.37500000000008,13.947878943549265,-0.8603904644648234,0.0769758333777037,-2.0151820697206437,1.9987741351127624,0.0737109476840779,0.0,0.0,0.0,0.0,-0.061686114996197625,0.007600778248161,1784.1516665063923,1513.8256564296657
17.40000000000008,13.895420498318142,-0.838785900010003,0.0766019671725486,-2.183178895892519,1.8701584577560424,0.0717140366779254,0.0,0.0,0.0,0.0,-0.06036419697493336,-0.0337634086608886,1669.3463610625658,1416.4150942349042
17.42500000000008,13.840083016289604,-0.8196845319535997,0.0754683260755292,-2.276989043264678,1.7891960322856904,0.0698994232095781,0.0,0.0,0.0,0.0,-0.05922540572833568,-0.0500283017754554,1597.0774419337024,1355.0960113376866
17.450000000000077,13.784809112548828,-0.8000797695583768,0.0744755911673101,-2.168432099313447,1.885158070921898,0.0675367790425683,0.0,0.0,0.0,0.0,-0.058040685440470426,-0.0095907896757125,1682.7353600278254,1427.775456993306
17.475000000000076,13.733641306559244,-0.7763436767790053,0.0755323917445024,-1.9850274473248106,2.0401381075382234,0.0645700966508149,0.0,0.0,0.0,0.0,-0.05652861170971608,0.0891542509198188,1821.0740976304307,1545.153779807638
17.500000000000075,13.683161205715605,-0.7523256540298462,0.0773607766685179,-2.108321348248106,1.9535987436771396,0.0623334179227712,0.0,0.0,0.0,0.0,-0.05498186001898389,0.0419138185679912,1743.8270752986928,1479.6108517685875
17.525000000000073,13.629314634535048,-0.7316677437888252,0.0775867874989031,-2.2691952977035985,1.819268420338631,0.059886977808181,0.0,0.0,0.0,0.0,-0.05368338492493723,-0.0203136019408702,1623.9207456957124,1377.8721478630287
17.55000000000007,13.573301103379992,-0.7129434082243178,0.0767778107058995,-2.294104817708333,1.8087766498327256,0.05776468809074,0.0,0.0,0.0,0.0,-0.052525424934895336,-0.039062138646841,1614.5555505474083,1369.9259216765888
17.57500000000007,13.518382178412544,-0.6927410099241469,0.0755084232946916,-2.233574144767992,1.8512557178735731,0.0548859773999325,0.0,0.0,0.0,0.0,-0.0512443723502937,-0.0682517141103744,1652.4733416100994,1402.098592881296
17.60000000000007,13.463035159640842,-0.6726054350535074,0.0733416171751543,-2.338338031190814,1.760662230849266,0.0519309962722186,0.0,0.0,0.0,0.0,-0.04995942052278283,-0.1015371084213256,1571.6075158974188,1333.4851650038702
17.625000000000068,13.405419455634224,-0.6540324952867296,0.0705495091540448,-2.4433423961292613,1.6616774886846544,0.0490317022590172,0.0,0.0,0.0,0.0,-0.048788663230664026,-0.1202107593417167,1483.2514632603186,1258.516393069361
17.650000000000066,13.346038394504124,-0.6366110510296292,0.0673742388311002,-2.517233035925663,1.5811535954475404,0.0460682905619775,0.0,0.0,0.0,0.0,-0.047700376112493774,-0.1328386217355728,1411.3739880675175,1197.529444420924
17.675000000000065,13.286061816745336,-0.6188512510723538,0.0642628302788578,-2.484840457800663,1.6285488098859788,0.0434349672790802,0.0,0.0,0.0,0.0,-0.04657898326894529,-0.1072212383151054,1453.6800442342876,1233.4254920775772
17.700000000000063,13.22905010647244,-0.5961067808998955,0.0629882621870919,-2.289929606119792,1.8640782952308657,0.0393718219352437,0.0,0.0,0.0,0.0,-0.045060437151738096,0.0133063923567533,1663.9190684478795,1411.810118683049
17.725000000000062,13.174562454223633,-0.5697913302315606,0.0637223250908694,-2.3130475778290718,1.857445988059044,0.0363158965992429,0.0,0.0,0.0,0.0,-0.04324935512745558,0.006620590109378,1657.9989188494253,1406.786961447997
17.75000000000006,13.117867575751411,-0.5459291736284891,0.0628665973371673,-2.451436064749053,1.717043387889862,0.0332032011992393,0.0,0.0,0.0,0.0,-0.041617219450945514,-0.071842536330223,1532.6723355836557,1300.4492544346167
17.77500000000006,13.058592478434244,-0.5247857835557725,0.0603482997268207,-2.5581791548295456,1.593513983488083,0.0299959729432137,0.0,0.0,0.0,0.0,-0.04018700977325357,-0.125655859708786,1422.407154113543,1206.8909186417939
17.800000000000058,12.997807396782768,-0.5046438177426656,0.0570086166572665,-2.5847391394412877,1.5877746582031251,0.0271725290868092,0.0,0.0,0.0,0.0,-0.038825303556011735,-0.1275966763496399,1417.2841006419699,1202.5440853931864
17.825000000000056,12.938020494249132,-0.4813259177737766,0.0540639677623443,-2.5273842551491477,1.6768101364374162,0.0235176442574872,0.0,0.0,0.0,0.0,-0.03720243896566116,-0.1268828958272934,1496.7592119511035,1269.977513170633
17.850000000000055,12.877960205078123,-0.4573769701851738,0.0502762328065195,-2.6088284949100378,1.5783404469490052,0.0200285692940499,0.0,0.0,0.0,0.0,-0.035516259011642064,-0.1748798191547393,1408.8629071536614,1195.398830312197
17.875000000000053,12.816180123223198,-0.4346616400612725,0.045440269323261,-2.6875897401751896,1.473017650842667,0.0165978492875529,0.0,0.0,0.0,0.0,-0.03391506953570792,-0.209578201174736,1314.849362104643,1115.6297617857574
17.900000000000052,12.753060658772789,-0.4125736819373237,0.0398954722263644,-2.7446000162760416,1.389419212937355,0.0131357237458417,0.0,0.0,0.0,0.0,-0.03235095425140283,-0.2325035631656646,1240.2274777776884,1052.3142235689475
17.92500000000005,12.689010832044811,-0.3904220461845398,0.0338658841037216,-2.786133515329072,1.3241737067699433,0.0096478479851179,0.0,0.0,0.0,0.0,-0.03076851705402981,-0.2492360919713974,1181.98784153481,1002.8987746355963
17.95000000000005,12.624295552571615,-0.3677109877268473,0.0274496216355562,-2.8181228175307766,1.2706812441349031,0.0061412367300807,0.0,0.0,0.0,0.0,-0.029127248027074525,-0.2639879882335663,1134.2392416909097,962.3848111316807
17.975000000000048,12.559064229329428,-0.3441175487306382,0.02066406610917,-2.8449291252367424,1.2235421687364578,0.0026236114574084,0.0,0.0,0.0,0.0,-0.027399935412943728,-0.2789181172847748,1092.1618211098382,926.6827573053172
18.000000000000046,12.493393156263563,-0.3194476167360942,0.0134992712420701,-2.8691363340435605,1.178079168498516,-0.000899333765623,0.0,0.0,0.0,0.0,-0.025569323941105553,-0.2943210303783417,1051.5805036843312,892.2501243382202
18.025000000000045,12.427306705051,-0.2936108907063802,0.0059506540044976,-2.8924111476089016,1.1304476022720338,-0.0044212815385988,0.0,0.0,0.0,0.0,-0.023626268963575503,-0.3093425333499908,1009.0634744870861,856.1750692617697
18.050000000000043,12.360801696777344,-0.2666177517837948,-0.0019557522936316,-2.915659512606534,1.0769809141755105,-0.0079364234265584,0.0,0.0,0.0,0.0,-0.021569616463736837,-0.3227352797985077,961.3378815878123,815.6806268017799
18.07500000000004,12.293859057956272,-0.2385916146967146,-0.010165319170346,-2.9392255933357005,1.013207623362541,-0.0114363299654918,0.0,0.0,0.0,0.0,-0.019407381650622082,-0.3335590362548828,904.4123785588584,767.3801999893343
18.10000000000004,12.22646395365397,-0.2098126709461212,-0.0186015685193906,-2.9622660688920455,0.9326499238610269,-0.0149097807037683,0.0,0.0,0.0,0.0,-0.017160535682388945,-0.3410184383392334,832.5047271185724,706.367647252122
18.12500000000004,12.158612145317925,-0.1807721455891927,-0.0271917464988471,-2.983693514737216,0.8262407273054123,-0.018339388112302,0.0,0.0,0.0,0.0,-0.014867827300404922,-0.3457550704479217,737.5214360947492,625.7757639591811
18.15000000000004,12.090329064263235,-0.1522488560941484,-0.0358895120251536,-3.0016565681226326,0.6828585758805276,-0.0217018906232982,0.0,0.0,0.0,0.0,-0.012592614748937456,-0.3497845828533172,609.5352369949954,517.1814132078749
18.17500000000004,12.02169100443522,-0.1252963725063536,-0.0446801157631791,-3.012517903645833,0.4940490923821926,-0.0249660501894081,0.0,0.0,0.0,0.0,-0.010422524789576391,-0.3524809181690216,440.9995586919736,374.1814437386442
18.200000000000035,11.952837838066948,-0.101002049114969,-0.0534252793151052,-3.0163529829545452,0.2697792287915945,-0.0281384399291268,0.0,0.0,0.0,0.0,-0.008450047635825986,-0.344400405883789,240.81113127380857,204.32459623232236
18.225000000000037,11.883926391601562,-0.0799515760607189,-0.0616571518564322,-3.01062255859375,0.0430483029223978,-0.0312829975548596,0.0,0.0,0.0,0.0,-0.006727707108420087,-0.3088264763355255,38.425903182369844,32.60379663958653
18.250000000000032,11.81510395473904,-0.0621590432193544,-0.0686289622115558,-3.0001657196969695,-0.1617136895656585,-0.0344347623602924,0.0,0.0,0.0,0.0,-0.005260981490934949,-0.2459498941898346,-144.34935076803453,-122.478237015302
18.27500000000003,11.74648814731174,-0.0474427847398652,-0.0738615494437219,-2.98663056344697,-0.3381741389632225,-0.037571306575917,0.0,0.0,0.0,0.0,-0.004038890955738357,-0.1727941632270813,-301.86199781225355,-256.1253314770636
18.30000000000003,11.678211424085829,-0.0356495049264695,-0.0773372742718979,-2.9627945963541666,-0.4872230015695095,-0.040667372823567,0.0,0.0,0.0,0.0,-0.003052651098004945,-0.1081995815038681,-434.90643336819335,-369.01151922149734
18.325000000000028,11.610376569959852,-0.0265669408771726,-0.0794076656375959,-2.9406953198982007,-0.6089558184146882,-0.0437126892076942,0.0,0.0,0.0,0.0,-0.0022882066500677215,-0.0596542097628116,-543.5679395521274,-461.20916083210807
18.350000000000023,11.542992062038843,-0.0198979737857977,-0.0804246852460052,-2.9161702843868373,-0.7040474370121956,-0.0467046258567222,0.0,0.0,0.0,0.0,-0.0017238142137544806,-0.0237405840307474,-628.4489007428533,-533.2293703272694
18.375000000000025,11.476055781046549,-0.015241229492757,-0.0806722427140849,-2.8953390965317234,-0.7741242453455925,-0.049638497271608,0.0,0.0,0.0,0.0,-0.001328089526885089,0.0028603812679648,-691.0010681814347,-586.303936638793
18.400000000000023,11.409496731228298,-0.0123036259578333,-0.080367826756732,-2.873987556226326,-0.8450966641306877,-0.05279275983086,0.0,0.0,0.0,0.0,-0.001078367104848519,0.0107473786920309,-754.3526780641959,-640.0568177514389
18.425000000000026,11.344195471869575,-0.0137385539710521,-0.0813620680154426,-2.7419570460464016,-1.1130703061819078,-0.0553962245006294,0.0,0.0,0.0,0.0,-0.0012110646369872472,-0.0882805809378624,-993.5521011738506,-843.0139040262973
18.45000000000002,11.280764473809135,-0.0185715407133102,-0.0832965466193842,-2.7439143880208334,-1.1025898531079292,-0.0579152648832488,0.0,0.0,0.0,0.0,-0.0016463016098269105,-0.0565008260309696,-984.1970082250288,-835.0762494030545
18.47500000000002,11.21654298570421,-0.0217212922871112,-0.0841644541738842,-2.7876281368371214,-1.0367672309279443,-0.0605949479750595,0.0,0.0,0.0,0.0,-0.001936540725141033,-0.0150017458945512,-925.4422249840421,-785.223706047066
18.500000000000018,11.151410208808052,-0.0233468599617481,-0.0841204620816274,-2.8372744288589016,-0.9711347416043282,-0.063184483063971,0.0,0.0,0.0,0.0,-0.002093623992354559,0.0180742591619491,-866.8571586943552,-735.5151649527862
18.525000000000016,11.085053549872503,-0.0233911350369453,-0.0833354703831913,-2.8925522312973486,-0.9086075365543366,-0.0659377817539765,0.0,0.0,0.0,0.0,-0.002110150837946501,0.0349807888269424,-811.0439404161251,-688.1584948985302
18.55000000000001,11.018375820583769,-0.0246025932331879,-0.0835421067166463,-2.8264773097182765,-1.0685966685414314,-0.0682342546902762,0.0,0.0,0.0,0.0,-0.00223286931157558,-0.072239801287651,-953.8539115095238,-809.3305915838381
18.575000000000014,10.95307985941569,-0.0296238395902845,-0.0870660264381743,-2.780671201763731,-1.185679444670677,-0.0696209917982049,0.0,0.0,0.0,0.0,-0.0027046127637623957,-0.2177948057651519,-1058.36468462817,-898.0063990784471
18.60000000000001,10.887311299641928,-0.0330350692901346,-0.0921916960749522,-2.8841492069128787,-1.0043040901422502,-0.0721283142720279,0.0,0.0,0.0,0.0,-0.0030342725013494456,-0.1605610251426696,-896.4648804630415,-760.6368682716713
18.62500000000001,10.819305843777126,-0.0306277929080857,-0.0954764389634559,-2.9467316968513257,-0.887204958498478,-0.074902458439347,0.0,0.0,0.0,0.0,-0.0028308463916566053,-0.1238881200551986,-791.9395080367564,-671.9486734857325
18.65000000000001,10.751606623331703,-0.0275204392770926,-0.0991902587154634,-2.878337735262784,-0.9587885186076164,-0.0762267985151729,0.0,0.0,0.0,0.0,-0.0025596583135185963,-0.1773793995380401,-855.8366366915527,-726.1644190110144
18.675000000000008,10.68445841471354,-0.0242360557119051,-0.1044658143873423,-2.866841560132576,-0.9716632291674616,-0.0775034097508376,0.0,0.0,0.0,0.0,-0.002268346674318063,-0.2586979269981384,-867.328898822431,-735.9154293038807
18.700000000000006,10.617221196492514,-0.0190635335942109,-0.110637548733168,-2.9086979906486743,-0.9138302758336068,-0.0801141356957667,0.0,0.0,0.0,0.0,-0.001795529474370252,-0.21970134973526,-815.705877362949,-692.1140777625021
18.725000000000005,10.549728605482311,-0.0127998936093515,-0.1154870735320398,-2.8526517740885415,-0.99945088326931,-0.0817116079085155,0.0,0.0,0.0,0.0,-0.0012132912691896036,-0.1730403900146484,-892.1327966231793,-756.9611607711822
18.750000000000004,10.48281881544325,-0.0061914707637495,-0.1198534592972792,-2.8842474920099432,-0.934913556277752,-0.0823116680363808,0.0,0.0,0.0,0.0,-0.0005906303326189563,-0.1975816190242767,-834.5252973659606,-708.0820704923301
18.775,10.415875116984049,0.0025553199359112,-0.1261480902050337,-2.859594763553504,-0.9210923433303834,-0.0841823597710258,0.0,0.0,0.0,0.0,0.0002453293561233769,-0.2756568193435669,-822.1881654809733,-697.6142010141591
18.8,10.348705715603298,0.0139655638486146,-0.1323239025162786,-2.872002101089015,-0.8691042229533196,-0.0858612498117253,0.0,0.0,0.0,0.0,0.0013494985974485652,-0.222978875041008,-775.7823760624303,-658.2395918105469
18.825,10.282485749986437,0.0255588131646315,-0.1383181205306937,-2.8057330507220644,-0.986347122490406,-0.0860239106976803,0.0,0.0,0.0,0.0,0.0024856648271713105,-0.2520221471786499,-880.4360790098789,-747.0366730992911
18.85,10.216715070936417,0.0358029413554403,-0.1445389735538746,-2.7781137917258523,-1.113537971675396,-0.0868222390075128,0.0,0.0,0.0,0.0,0.003504349598364474,-0.2268780916929245,-993.9695501266445,-843.3681031377588
18.875,10.151309967041016,0.0441971462633874,-0.1487342179295628,-2.7777309718276517,-1.2144179821014405,-0.0883191935338679,0.0,0.0,0.0,0.0,0.004353836737020684,-0.1148439720273017,-1084.0173627118597,-919.7723077555171
18.899999999999995,10.086626476711697,0.0507361690203348,-0.1507386627687678,-2.7508404356060607,-1.2395239889621736,-0.088523416377585,0.0,0.0,0.0,0.0,0.005030043408217403,-0.0474602431058883,-1106.4275606391861,-938.7870211484002
18.924999999999997,10.021501117282444,0.0580011308193206,-0.1524678865540698,-2.747422799775095,-1.262560585141182,-0.0884408459002249,0.0,0.0,0.0,0.0,0.005787668947049813,-0.120150588452816,-1126.9905550973338,-956.2344103856163
18.949999999999992,9.9571598900689,0.0642084123359786,-0.15563581653926,-2.709650139086174,-1.322649431228638,-0.0896577981662826,0.0,0.0,0.0,0.0,0.006448466535123029,-0.1092574968934059,-1180.627238203268,-1001.7443233239848
18.97499999999999,9.894095526801216,0.0687320199277665,-0.1576854851827258,-2.6498380533854164,-1.3797109007835389,-0.0896625211160283,0.0,0.0,0.0,0.0,0.0069467714094314705,-0.0381499864161014,-1231.5616155354703,-1044.9613707573687
18.99999999999999,9.8304992251926,0.0746182021167543,-0.1575020932521603,-2.7183311508641097,-1.3024633675813675,-0.0893252816982402,0.0,0.0,0.0,0.0,0.007590479426063163,0.0169741455465555,-1162.6086945050076,-986.4558620042487
19.024999999999988,9.767548243204752,0.078670150703854,-0.158507186892313,-2.6121344179095645,-1.456692510843277,-0.0895479136429925,0.0,0.0,0.0,0.0,0.008054237229755639,-0.0713527277112007,-1300.2771674658431,-1103.2654754255639
19.049999999999983,9.706703821818031,0.07911360098256,-0.1598480885011679,-2.500775997277462,-1.6038236528635026,-0.0894414288112813,0.0,0.0,0.0,0.0,0.008150408463554243,-0.0250373911112546,-1431.6098016134051,-1214.699225611374
19.074999999999985,9.646378623114693,0.0788624584674835,-0.1589674643524627,-2.5985106312144888,-1.4816962957382205,-0.0889701741340134,0.0,0.0,0.0,0.0,0.008175343468119005,0.09239262342453,-1322.596119720428,-1122.2027682476357
19.099999999999984,9.584016799926758,0.081388759944174,-0.1555597832901382,-2.6868447413589016,-1.3498569756746293,-0.0885707665495288,0.0,0.0,0.0,0.0,0.00849213452388731,0.1731782853603363,-1204.913316811206,-1022.3506930519322
19.124999999999982,9.521125157674154,0.0837684257162941,-0.1515084328370984,-2.5903082090435605,-1.5020908921957017,-0.0878709876835968,0.0,0.0,0.0,0.0,0.008798164537179267,0.0868179053068161,-1340.8008045910813,-1137.6491675318264
19.14999999999998,9.463061226738825,0.0772040834029515,-0.1516315374584873,-2.3925174597537877,-1.75367711186409,-0.0868031141819347,0.0,0.0,0.0,0.0,0.008158468127079602,-0.0095253903418779,-1565.3724383770443,-1328.1947961987041
19.17499999999998,9.404354095458984,0.0713812228706148,-0.1503144045623613,-2.5529306492660986,-1.5540471047163011,-0.0860845475467501,0.0,0.0,0.0,0.0,0.007590231306271438,0.1116773784160614,-1387.178112324633,-1176.999610457264
19.199999999999974,9.342841042412651,0.0694879227214389,-0.1465151389512543,-2.6489623653527463,-1.4196263879537585,-0.0854725531282499,0.0,0.0,0.0,0.0,0.007437558062477178,0.1716981828212738,-1267.1910954767566,-1075.192444646945
19.224999999999977,9.281614091661242,0.0661882302827305,-0.1426592645222263,-2.548727287523674,-1.527414193749428,-0.0842307960133516,0.0,0.0,0.0,0.0,0.00713111207049592,0.1468769162893295,-1363.404964748465,-1156.8284549380912
19.24999999999997,9.22128995259603,0.0604003253910276,-0.1396166112991891,-2.5396021247632574,-1.5862169414758684,-0.0821422202508353,0.0,0.0,0.0,0.0,0.0065500950194092265,0.0532625578343868,-1415.893646940345,-1201.364306494838
19.274999999999974,9.161144892374674,0.0532377552655008,-0.138414002652315,-2.600628144235322,-1.4976216018199922,-0.0812049248663712,0.0,0.0,0.0,0.0,0.005811255677204005,0.0792650058865547,-1336.8114134278455,-1134.2642295751414
19.29999999999997,9.099991056654188,0.0468803072969118,-0.1362335727993263,-2.562787420099432,-1.5641932189464571,-0.0800630238087832,0.0,0.0,0.0,0.0,0.005151687183541955,0.0827698335051536,-1396.2347667481083,-1184.684044513546
19.32499999999997,9.03919537862142,0.0395542714330885,-0.1332741600051109,-2.6552628950639203,-1.4216414749622346,-0.0781380535221711,0.0,0.0,0.0,0.0,0.004375861985087546,0.160909816622734,-1268.989808388421,-1076.718625299266
19.34999999999997,8.975974188910591,0.0357622239324781,-0.1285743215042584,-2.7452531294389204,-1.2911858022212983,-0.076023253945296,0.0,0.0,0.0,0.0,0.003984216440446175,0.1788878738880157,-1152.542080835241,-977.9144928299012
19.374999999999968,8.913166258070204,0.02952651017242,-0.1264076402203972,-2.6422834916548297,-1.4808704882860184,-0.0745197746742702,0.0,0.0,0.0,0.0,0.0033126847763762916,0.0237617623060941,-1321.8589850356345,-1121.5773206362958
19.399999999999967,8.85208076900906,0.0190437481635146,-0.1257243396637101,-2.6260341574928976,-1.5103124588727952,-0.0722933928089099,0.0,0.0,0.0,0.0,0.002151330140387596,0.0664740353822708,-1348.1395636987493,-1143.8759934413627
19.424999999999965,8.789141443040636,0.0117684466143449,-0.1226487964012105,-2.7771683756510415,-1.2661555856466291,-0.0703057071592211,0.0,0.0,0.0,0.0,0.0013389756770456026,0.1732658594846725,-1130.1995350567042,-958.9571812602337
19.449999999999964,8.723857137891981,0.0089518032554123,-0.1174256633909141,-2.863314615885417,-1.0834804058074952,-0.0682164864123783,0.0,0.0,0.0,0.0,0.0010261290520829642,0.2320725470781326,-967.1394769871822,-820.6031925951847
19.47499999999996,8.658899201287163,0.0033714642955197,-0.1141822327888203,-2.687445623224432,-1.466998675465584,-0.065519091218724,0.0,0.0,0.0,0.0,0.00038936407702015117,-0.014694532379508,-1309.47668654264,-1111.0711279755733
19.49999999999996,8.596340815226236,-0.0086415998844636,-0.1141111097429583,-2.7525065104166666,-1.3707993358373642,-0.0630412674151628,0.0,0.0,0.0,0.0,-0.0010052649226234955,0.0633478239178657,-1223.606948136795,-1038.211955994856
19.52499999999996,8.531245125664604,-0.0154801644384861,-0.1109453768656675,-2.8773422333688448,-1.1148941650986672,-0.0607001761276312,0.0,0.0,0.0,0.0,-0.0018145258060768893,0.1805742979049682,-995.1801195020072,-844.3952529107938
19.54999999999996,8.464462492201063,-0.0184044055640697,-0.1058425771247508,-2.920055560487689,-1.0256888523697854,-0.0586522884731444,0.0,0.0,0.0,0.0,-0.0021743147401299305,0.1942134350538253,-915.5534100251609,-776.8331963849848
19.57499999999996,8.398493131001791,-0.0247586808270878,-0.1024054930995161,-2.847046527284564,-1.194948859512806,-0.0549826771952322,0.0,0.0,0.0,0.0,-0.0029479908408443895,0.0981964766979217,-1066.6387770569227,-905.026841139207
19.599999999999955,8.333109219868978,-0.034576008717219,-0.1011099068410846,-2.8505679228811553,-1.2206227093935014,-0.0521822613598784,0.0,0.0,0.0,0.0,-0.00414923263393428,0.0524974688887596,-1089.5558446963305,-924.4716258029468
19.624999999999957,8.26661851671007,-0.0415193082557784,-0.0983517707686304,-2.944319032611269,-0.9979228109121324,-0.0496345441418649,0.0,0.0,0.0,0.0,-0.005022526220588459,0.159931793808937,-890.7688041666494,-755.8038338383691
19.649999999999952,8.19894684685601,-0.046529873377747,-0.094522095186826,-2.9361260431463068,-1.054279825091362,-0.0470372754828191,0.0,0.0,0.0,0.0,-0.005675103674515156,0.1192871481180191,-941.0743684626996,-798.487342938048
19.67499999999995,8.13170380062527,-0.0527569486035241,-0.0910222437836495,-2.9744424715909092,-0.9094645947217942,-0.0438514190945413,0.0,0.0,0.0,0.0,-0.006487809922376594,0.1770262569189071,-811.8089702065852,-688.8076110843751
19.69999999999995,8.06330680847168,-0.0565373193886545,-0.0865922584026277,-2.9941371848366476,-0.9144576266407968,-0.0400060516682515,0.0,0.0,0.0,0.0,-0.007011679045779803,0.1282606422901153,-816.2658650916621,-692.5892188656526
19.724999999999948,7.995578977796766,-0.0628487889965375,-0.0842458886465918,-2.9844893022017045,-0.895036767423153,-0.0373467958542395,0.0,0.0,0.0,0.0,-0.007860442523432603,0.1068524345755577,-798.9303604293555,-677.8803058188469
19.749999999999947,7.927027278476292,-0.0684285288055737,-0.0813345375876739,-3.0009266246448862,-0.9037763074040414,-0.0343570812802461,0.0,0.0,0.0,0.0,-0.008632306462647472,0.1135969907045364,-806.7314743959025,-684.4994328207656
19.774999999999945,7.858453856574164,-0.0731302549441655,-0.0775485378477469,-3.045671534682765,-0.6971639558672905,-0.0311003712831074,0.0,0.0,0.0,0.0,-0.00930593425613701,0.1922875642776489,-622.3045474913765,-528.0159796896528
19.799999999999944,7.788853115505642,-0.073284904162089,-0.0721143992553322,-3.0851239198626894,-0.5130271479487419,-0.0275864758663699,0.0,0.0,0.0,0.0,-0.009408946744187184,0.2315237075090408,-457.93980665260653,-388.5549874628176
19.824999999999942,7.718944549560547,-0.0734312915139728,-0.0671302516633569,-3.0442706113873106,-0.627564013004303,-0.0236696982721631,0.0,0.0,0.0,0.0,-0.009513125925765767,0.1296547949314117,-560.1780411161361,-475.30258034096386
19.84999999999994,7.649860382080078,-0.0761151396565967,-0.0639726081378772,-3.069246789180871,-0.5611040003597737,-0.021280780356524,0.0,0.0,0.0,0.0,-0.009949873050611178,0.1579636037349701,-500.8543085178636,-424.967292075763
19.87499999999994,7.580783632066515,-0.0766035666068395,-0.0588841603385224,-3.0490234375,-0.3926151119172573,-0.0177436675846271,0.0,0.0,0.0,0.0,-0.010104966758688168,0.2404385209083557,-350.4572597359781,-297.3576749274965
19.899999999999935,7.511168056064182,-0.0738501714335547,-0.0527850012935906,-3.0927044862689392,-0.2467763658612966,-0.014371831526248,0.0,0.0,0.0,0.0,-0.009832048874732787,0.2377355843782425,-220.27824788766557,-186.9027557834738
19.924999999999937,7.440742386711968,-0.0698706010977427,-0.0472100314137811,-3.1351236609256627,-0.1996070984750986,-0.0099934987267317,0.0,0.0,0.0,0.0,-0.00939027283386681,0.208095446228981,-178.1738772453954,-151.1778352385173
19.949999999999932,7.369893921746148,-0.0662913794318835,-0.0425184403899294,-3.1352146957859843,-0.1462703691795468,-0.0071777294035895,0.0,0.0,0.0,0.0,-0.00899488922578374,0.1797701120376587,-130.5642885545299,-110.78182059172232
19.97499999999993,7.2979667451646595,-0.0604025936788982,-0.0373011663340313,-3.1848618016098484,0.05080885309726,-0.0042862802723336,0.0,0.0,0.0,0.0,-0.008276633175797703,0.2531585097312927,45.35314837943946,38.48145923103954
19.99999999999993,7.225795851813422,-0.0520723602837986,-0.0316775230241115,-3.2070202266808714,0.0762246609665453,-0.0001271638614566,0.0,0.0,0.0,0.0,-0.007206453289256748,0.1680133640766143,68.03988179718675,57.730808797612994
