AY,Alphaf,Alphar,Beta,BetaR,Fxf,Fxr,Fyf,Fyr,Myf,Myr,Time,Vx,Vy,YawAcc,YawR,delta,phi,t,yaw,global_x_m,global_y_m
1.1877478660830683e-17,0.0,0.0,-0.0,-0.0,1.374053716659546,0.2894238531589508,0.0,0.0,0.0,0.0,0.0,25.0,-0.0,-2.4813099685936268e-19,0.0,0.0,0.0,1,0.0,0.0,0.0
0.03230800298042596,-0.06674277782440186,0.0002738833427429199,7.981510874663374e-06,0.0011212801544540666,-67.75234985351562,-59.531463623046875,59.42665100097656,-0.18141937255859375,0.0,0.0,0.025,24.994195302327473,0.00019949144593233036,0.021772287786006927,0.0001488394635071144,0.0011270406707201515,2.1727960294855503e-06,2,4.553554390440695e-05,0.6249274408416371,1.672019653595812e-05
0.17201258912682535,-0.21821165084838867,0.001433350145816803,8.328436512810318e-05,0.005134051832279113,-87.62598419189453,-80.12049865722656,317.00904083251953,-1.6017532348632812,1.485666275024414,-0.004535484313964844,0.05,24.987865024142796,0.0020810983712888425,0.11471844464540482,0.0017111224822307805,0.003951129576469814,3.452574848521386e-05,3,0.001098504289984703,1.2497029774517123,0.00040256999959273544
0.38933634236454967,-0.39486709982156754,0.0011577755212783813,0.00026770311789352236,0.00926253876972824,-112.75553512573242,-106.29964065551758,716.5527954101562,-2.5026321411132812,9.410892295837403,-0.04457931518554688,0.07500000000000001,24.980860816107857,0.006687454361882474,0.25745052099227905,0.006306386267253652,0.007590379972713568,0.00017129780800318137,4,0.006411128677427769,1.8743048801605,0.0028572212681124993
0.6303394854068757,-0.5555830001831055,-0.006332796066999435,0.0005243015822495249,0.010629907622510402,-140.18226623535156,-134.53705596923828,1150.4788208007812,5.914939880371094,27.32471218109131,-0.10714511871337891,0.1,24.973042805989582,0.013093406127558814,0.40714743733406067,0.014639053214056305,0.011316860923094958,0.0005017223519561744,5,0.020961960777640343,2.4986497113330417,0.011649444647871135
0.8564089119434357,-0.6796533763408661,-0.027789443731307983,0.0007645722228670827,0.007971223451865208,-167.31800842285156,-161.92543029785156,1534.4710998535156,37.130592346191406,56.086682701110846,0.04072837829589844,0.125,24.96435589260525,0.01908705673284001,0.5278750658035278,0.026412526369835935,0.01460997326345805,0.0010851517995313221,6,0.05000009387731552,3.122393271492391,0.034190687769885236
1.0620677515864374,-0.7865672409534454,-0.06769488472491503,0.0008928165631078207,0.0019903581734546536,-191.05577087402344,-186.37973022460938,1846.0569458007812,103.46910858154297,94.44846019744874,0.9689931869506837,0.15,24.954842461480034,0.02228010238872634,0.6066528558731079,0.04067914482782306,0.01760948275668724,0.0019300444667339767,7,0.09781514108181,3.7444630607269787,0.08076578492479788
1.2714298009872438,-0.8890956342220306,-0.12699364684522152,0.0008496220537878908,-0.0054036131487169205,-210.5562973022461,-206.08543395996094,2122.8078002929688,211.43754148483276,140.59988384246827,3.555720901489261,0.175,24.944595760769314,0.021193484879202314,0.6543366312980652,0.05649354881887761,0.02041255083000946,0.0030049895193355425,8,0.1672675758600235,4.362291872377127,0.163679973765366
1.501827597618103,-0.9976271986961365,-0.20372866466641426,0.0006182637701835536,-0.012885907792322052,-224.18267059326172,-219.92042541503906,2396.89453125,360.54183197021484,193.6700788497925,8.841659438610085,0.19999999999999998,24.93374294704861,0.015415632062488131,0.6828237771987915,0.07323489931684786,0.02315184971908919,0.004268723694936466,9,0.2600969672203064,4.970842594799815,0.29619378173430355
1.7654795140028001,-1.1215539872646332,-0.2949202284216881,0.0002083088714403102,-0.019631506539681317,-230.6076431274414,-227.81798553466797,2695.2891845703125,546.1650848388672,253.5924421310425,17.855205237865462,0.22499999999999998,24.92241753472222,0.005191560938126511,0.7037190198898315,0.09057572321500575,0.0260027439003703,0.005693747904724241,10,0.37736114859580994,5.561568864132803,0.49138338041390595
2.0577585458755494,-1.26203054189682,-0.397838294506073,-0.00036098807228472244,-0.0256720323481448,-231.0044403076172,-229.73757934570312,3014.82568359375,763.0117492675781,320.9746717453003,31.50933235883715,0.24999999999999997,24.910731845431858,-0.008992477216654353,0.7190892696380615,0.10836961739361337,0.029019176429940452,0.007274935823674789,11,0.5198103189468384,6.121466281818868,0.7608045846125207
2.374475345015526,-1.4093570709228516,-0.5107890963554382,-0.0010727241479014944,-0.03107299377904195,-225.75208282470703,-226.03871154785156,3355.875,1002.9787292480469,396.3453138351441,50.58462609052661,0.27499999999999997,24.898787604437935,-0.02670954292019208,0.7319983839988708,0.1265176953524447,0.032050184564992285,0.009022575471944492,12,0.6880106329917908,6.632420879098538,1.1127530820165517
2.7064848423004153,-1.561380684375763,-0.6326791346073151,-0.0019135835824689,-0.03609342694086961,-215.64533233642578,-217.50537872314453,3703.7484130859375,1263.9872436523438,480.24218883514413,75.65909432172779,0.3,24.88666746351454,-0.04762277834945255,0.7378947734832764,0.14491269827859685,0.035061995053654926,0.010952593281060135,13,0.8824074864387512,7.071154190457636,1.5499921312345413
3.0396355748176576,-1.71878319978714,-0.7629364430904388,-0.002879601445371347,-0.041047684710798,-201.09142303466797,-205.316162109375,4034.612060546875,1543.9207763671875,572.8358991622927,107.2587754130364,0.325,24.874437120225693,-0.07162866493066151,0.7306188941001892,0.1632985132989882,0.03805039261126549,0.0130768127499941,14,1.1031930446624756,7.410193790738739,2.0670033239273486
3.378459626436234,-1.8767790794372559,-0.900500625371933,-0.003962950149606037,-0.04544875398804649,-183.87916564941406,-189.8143310546875,4359.6092529296875,1839.9463500976562,673.7012006759645,145.8567948222161,0.35000000000000003,24.862138960096573,-0.09852793481614855,0.7143296599388123,0.18136634688522407,0.04091060681606457,0.015395234919043686,15,1.3501198291778564,7.62037194396441,2.647122874971105
3.7143937170505525,-2.0397836565971375,-1.0443633496761322,-0.005151388386797149,-0.04948819511758665,-165.24993515014648,-172.61679077148438,4674.612060546875,2140.5716552734375,782.6914319992068,191.8554535746575,0.37500000000000006,24.849779340955948,-0.12801200151443481,0.692924439907074,0.19896741155615316,0.043717432963385976,0.017899538450099697,16,1.6226170063018799,7.675108073088543,3.260381714557748
4.042211967706681,-2.2092095613479614,-1.1937795877456665,-0.0064381102719284445,-0.053180343396223656,-145.5403289794922,-155.36730194091797,4966.7025146484375,2449.1398315429688,899.5567335128786,245.36974495649343,0.4000000000000001,24.837337070041233,-0.1599077218108707,0.6609983444213867,0.21589837496254785,0.04648345865056953,0.020572422158752327,17,1.9198875427246094,7.5563016367458555,3.8630941430033063
4.377434885501862,-2.382040500640869,-1.3467666506767273,-0.007801320536250609,-0.05571487380565207,-125.64669609069824,-138.38781356811523,5267.728271484375,2762.2900390625,1023.7242963790895,306.59824074506764,0.4250000000000001,24.82476128472222,-0.19366984566052756,0.6308892369270325,0.23203182149100468,0.049172171522951315,0.023390129815840224,18,2.240849256515503,7.261173369124876,4.400238973143691
4.692382806539536,-2.5584909915924072,-1.5028709173202515,-0.009228030027665698,-0.05839012731155595,-106.05676651000977,-122.06423759460449,5545.141845703125,3061.8770751953125,1155.417503166199,375.65549172163014,0.4500000000000001,24.81199900309245,-0.22897236877017552,0.5994361639022827,0.2474470800524944,0.05180210343664801,0.026329666689826243,19,2.5844368934631348,6.808629841482618,4.811388142229852
4.997983551025391,-2.73842990398407,-1.6617360711097717,-0.010717811704131731,-0.060573511608879006,-85.2802723646164,-104.6251106262207,5803.657958984375,3363.1007080078125,1294.0460493087771,452.20241860151293,0.47500000000000014,24.799007839626736,-0.2658012840482924,0.5608372092247009,0.2619738248505496,0.054351932458182164,0.029358781483790595,20,2.949525833129883,6.243246340072343,5.0402511303102235
5.296284186840058,-2.9204792976379395,-1.8211345672607422,-0.012251070525690608,-0.06193970076452204,-56.7778844833374,-79.27319264411926,6050.6644287109375,3661.922119140625,1439.1374982833865,536.2799363017082,0.5000000000000001,24.78589587741428,-0.3036689758300781,0.5202422738075256,0.27545168365327716,0.0568125934368745,0.032441802403288436,21,3.334728717803955,5.634801328244711,5.046943972387743
5.563460278511048,-3.1038898229599,-1.9813979864120483,-0.013823442445165424,-0.06366033585530861,-33.35210418701172,-58.64332103729248,6270.81103515625,3930.7677001953125,1590.40410900116,627.8279892802237,0.5250000000000001,24.772699144151474,-0.3424658046828376,0.4838692843914032,0.2879907448822381,0.059174694568693294,0.03554338014603816,22,3.738598585128784,5.071508284745267,4.820662288599275
5.822249495983124,-3.2882707118988037,-2.142230749130249,-0.015431732709545381,-0.06476830657613325,12.920120239257812,-15.140514373779297,6477.4580078125,4196.12646484375,1747.174384880066,726.0971817851065,0.5500000000000002,24.75955327351888,-0.38211315870285034,0.44572845101356506,0.29960242684060623,0.06143412251811112,0.03862166979341191,23,4.159827709197998,4.646497352239693,4.389192744313986
6.059214615821839,-3.471951484680176,-2.302699565887451,-0.017062923038408118,-0.06587817063804537,82.01034116744995,50.870534896850586,6672.2476806640625,4431.583984375,1909.1108350753786,831.0003434062003,0.5750000000000002,24.747157626681858,-0.4222998023033142,0.4181528687477112,0.3104057395395944,0.06358737772500805,0.04163964716447377,24,4.597121238708496,4.43916603434541,3.8215837772385215
6.2751482963562015,-3.6559417247772217,-2.463371515274048,-0.018726680914570082,-0.06708744134883389,167.6535415649414,133.52663230895996,6835.6668701171875,4658.3328857421875,2075.9170270919803,941.7899430155752,0.6000000000000002,24.7360356648763,-0.46327802870008683,0.38398265838623047,0.3204631673962786,0.06563893554837219,0.04456212108213186,25,5.049408912658691,4.4951243727174806,3.221183105091751
6.478693842887879,-3.8396706581115723,-2.622223138809204,-0.020414124279676937,-0.06783859841785836,264.5164489746094,227.28001403808594,6977.1964111328125,4883.0235595703125,2246.80869884491,1058.24826515913,0.6250000000000002,24.726573096381294,-0.5048414402537875,0.3431616723537445,0.3295830959702277,0.06758497601651493,0.04735674662270934,26,5.515449523925781,4.80990166814778,2.708261668693304
6.64587231874466,-4.023399353027344,-2.7791993618011475,-0.022127100701734927,-0.06906042343647308,368.2747344970703,328.2444839477539,7085.783203125,5073.0269775390625,2421.23860912323,1180.3238541483877,0.6500000000000002,24.71902847290039,-0.547049707836575,0.30589503049850464,0.3377242795540591,0.06942491656294786,0.049998872901366155,27,5.993810176849365,5.322088545209903,2.394336784316656
6.803049397468567,-4.20674729347229,-2.933335304260254,-0.02386339018630412,-0.06966042114650033,475.45716857910156,432.8600158691406,7176.7447509765625,5261.5888671875,2598.383189201355,1307.149528586864,0.6750000000000003,24.71356709798177,-0.5898614724477133,0.2631162405014038,0.34485156442138365,0.07115670156020454,0.05246463133683247,28,6.483065128326416,5.920511249176844,2.353722235167177
6.939008116722108,-4.38849401473999,-3.0826460123062134,-0.02560899033171558,-0.0699570390352863,581.3240356445312,537.1667633056641,7238.85205078125,5439.749755859375,2777.801807975769,1438.6892502665517,0.7000000000000003,24.710250430636936,-0.6329429149627686,0.2140585035085678,0.350821772374096,0.07277439715248113,0.05474085176528001,29,6.981645584106445,6.466381076252811,2.600393888727235
7.048658990859986,-4.568395137786865,-3.2270601987838745,-0.02736253002612684,-0.07016579757523489,680.869384765625,636.3616638183594,7280.9820556640625,5589.77392578125,2958.7731092453,1574.682994163036,0.7250000000000003,24.70902548895942,-0.6762702597512139,0.16923949122428894,0.3556203891842553,0.07427566267085083,0.05682118837317381,30,7.487839221954346,6.826488738427829,3.078319064270482
7.147803199291229,-4.74491810798645,-3.3653554916381836,-0.029111542346684966,-0.06969197960541776,770.5140075683594,726.8450622558594,7310.5875244140625,5733.5330810546875,3140.7976606369016,1714.4273423075672,0.7500000000000003,24.709720611572266,-0.7195413112640381,0.12204714864492416,0.35928067107597383,0.0756564992124893,0.058703273443857236,31,8.000020027160645,6.908911275678465,3.670575095699172
7.232704675197602,-4.916949033737183,-3.4959603548049927,-0.030841729447287594,-0.06855588756795757,847.5828857421875,805.119384765625,7322.0638427734375,5870.0926513671875,3323.562348747253,1857.7656693339343,0.7750000000000004,24.712073008219402,-0.7624047994613647,0.07094596326351166,0.36169196370595885,0.07691181764300098,0.06039382729789352,32,8.516508102416992,6.690368471017189,4.226879704916886
7.300633215904236,-5.0828633308410645,-3.618552803993225,-0.032537855133667026,-0.06702740787219863,913.3043518066406,872.3495483398438,7333.0753173828125,5976.8275146484375,3506.613944816589,2004.517985618114,0.8000000000000004,24.715802934434677,-0.8044831620322334,0.03188302740454674,0.36295423548362915,0.0780389714460526,0.061905075509161814,33,9.03555965423584,6.225849889069781,4.602830575330006
7.356017076969147,-5.241154432296753,-3.7332786321640015,-0.0341898389249784,-0.06511366031286768,982.8478088378906,944.4833374023438,7335.134765625,6069.0611572265625,3689.9408277511593,2153.9386734843247,0.8250000000000004,24.720759921603733,-0.8455283111996121,-0.0018186765955761075,0.36330623880071033,0.07903608392531349,0.06325114531500714,34,9.555757522583008,5.636082663056913,4.69948962552311
7.399709665775299,-5.391045570373535,-3.84044349193573,-0.03579094177530705,-0.06290058176939024,1072.2227172851562,1037.173828125,7330.345947265625,6144.8756103515625,3873.3191968917845,2305.665202414989,0.8500000000000004,24.727503458658855,-0.885398719045851,-0.02933977171778679,0.362903602133404,0.07990303856748596,0.0644466258447761,35,10.075911521911621,5.075779389992531,4.491074772927826
7.439444220066071,-5.5313801765441895,-3.9395737648010254,-0.03733011572731834,-0.060185418297838,1159.0654296875,1128.1611328125,7324.2186279296875,6214.9090576171875,4056.5778455734253,2459.287092673778,0.8750000000000004,24.736287858751083,-0.9238376220067342,-0.05586646869778633,0.36182798465863464,0.080636007078503,0.0655062726753834,36,10.595001220703125,4.692012610455459,4.032316410756624
7.46598688364029,-5.66164755821228,-4.03047776222229,-0.03879979365844618,-0.05737624940099517,1236.2577514648438,1211.2030029296875,7308.216796875,6271.4344482421875,4239.683311271668,2614.6598191142075,0.9000000000000005,24.746990203857422,-0.9606603119108412,-0.08131850510835648,0.3601179023436675,0.08123509348809474,0.06644629363877573,37,11.112072944641113,4.5848351344122875,3.4434567926744126
7.488822102546693,-5.781452178955078,-4.1131110191345215,-0.04019392519958903,-0.05410398591891198,1299.7127685546875,1280.9786376953125,7290.0423583984375,6324.5860595703125,4422.388731193542,2771.445680320262,0.9250000000000005,24.759371015760635,-0.9957126114103529,-0.10753872245550156,0.3577523827949182,0.0816963987619777,0.06727960506623992,38,11.626199722290039,4.781303794998532,2.8775173152771876
7.403423535823823,-5.904865741729736,-4.191811800003052,-0.04153438988357759,-0.05393450900504206,1287.1039428710938,1347.1591186523438,7081.0135498046875,6375.8048095703125,4604.639790153503,2929.56033180952,0.9500000000000005,24.772858089870876,-1.029517584376865,-0.21076230704784393,0.35396060732437706,0.08224963718892804,0.06796738722369891,39,12.136204719543457,5.229826322635422,2.4793824471389225
7.311112427711487,-6.0432329177856445,-4.265359163284302,-0.04286407708752973,-0.051600714362778376,1276.83154296875,1423.0795288085938,6868.1058349609375,6418.0751953125,4781.66512889862,3088.9554520487777,0.9750000000000005,24.787074195014107,-1.0631261931525335,-0.30293354392051697,0.3475050382629977,0.08264834569362653,0.06838384736153845,40,12.63914680480957,5.815893813851334,2.347825736466425
7.300886726379395,-6.168231964111328,-4.326073884963989,-0.044071129884472926,-0.044337075647641756,1303.2464599609375,1489.74072265625,6815.3450927734375,6448.398681640625,4953.367774772644,3249.4073319315903,1.0000000000000004,24.802402920193142,-1.0937781466378107,-0.3386232554912567,0.3393327289839261,0.08278865683237087,0.06839767499326085,41,13.131905555725098,6.394963870429996,2.5116923417602677
7.378585350513458,-6.25874924659729,-4.364499568939209,-0.045046188060956595,-0.03346164745916667,1369.3461303710938,1525.6349487304688,6934.7259521484375,6465.5635986328125,5123.75140209198,3410.617298972606,1.0250000000000004,24.81903076171875,-1.118759446673923,-0.3045053482055664,0.3311513982466618,0.08264471297545209,0.0680209375675555,42,13.613248825073242,6.831362798171664,2.927912112956321
7.520513832569123,-6.302917242050171,-4.3774919509887695,-0.0457290184032637,-0.02144259964196271,1437.3036499023438,1519.8170776367188,7179.7037353515625,6475.8004150390625,5297.119550895691,3572.2563889384264,1.0500000000000003,24.83666949801975,-1.1365487840440538,-0.2165122926235199,0.32456110652363807,0.08226586998800992,0.0674218678027206,43,14.084165573120117,7.0293101490158465,3.4988101180093976
7.677316486835481,-6.3016510009765625,-4.369380950927734,-0.04612721092050099,-0.011142676403864541,1464.3895263671875,1482.5772094726562,7451.8680419921875,6490.1041259765625,5476.61214427948,3734.151399314403,1.0750000000000002,24.85444598727756,-1.1472801367441814,-0.11471561342477798,0.3204483202732014,0.08173800233163178,0.0668539570226396,44,14.547386169433594,6.9491926148303085,4.098703705618542
7.790901446342469,-6.26731276512146,-4.349567651748657,-0.04631428966470065,-0.004643409654364599,1448.1978149414062,1434.9523315429688,7638.95068359375,6513.833984375,5662.908845329285,3896.404002463817,1.1,24.871495564778645,-1.1527299880981445,-0.048891469836235046,0.3185155311120764,0.081125013388912,0.06655204610118709,45,15.006121635437012,6.6103286865212105,4.6010518958347255
7.827298891544342,-6.21835994720459,-4.328025579452515,-0.0463906890984723,-0.002132666552979397,1405.2183227539062,1387.4092407226562,7683.1556396484375,6540.8389892578125,5853.882612419129,4059.249852073192,1.125,24.887419806586372,-1.1553735203213162,-0.04293949902057648,0.317497238179771,0.08045597322762445,0.06663848648450618,46,15.462522506713867,6.083956034352709,4.902376148385686
7.781484758853913,-6.172228097915649,-4.31249213218689,-0.04644393567551707,-0.002438410319799591,1345.4631958007812,1344.1577758789062,7585.4720458984375,6560.0054931640625,6045.96150341034,4222.770826804637,1.15,24.902129703097874,-1.1573852433098688,-0.09156762063503265,0.31590799679926623,0.0797360874954624,0.06708083754156834,47,15.916858673095703,5.478185978513735,4.941576450898492
7.677458429336548,-6.138549566268921,-4.305858850479126,-0.04652007295436891,-0.0036127686531728606,1277.4428100585938,1309.6644287109375,7398.58837890625,6562.01416015625,6235.5983045578005,4386.770964133739,1.1749999999999998,24.9157100253635,-1.1599173810746934,-0.1684604287147522,0.3126878355671969,0.07894273596791701,0.06771234377624258,48,16.367664337158203,4.915692681454286,4.711754147148104
7.562702882289887,-6.115721225738525,-4.305288314819336,-0.04661340426700858,-0.003469549883472744,1201.431884765625,1271.9237060546875,7208.580078125,6548.1221923828125,6420.5630140304565,4550.821318137645,1.1999999999999997,24.928194681803387,-1.16283032629225,-0.24157103896141052,0.307514378833609,0.07802323798967511,0.0683025668528314,49,16.812543869018555,4.507657022211402,4.2605183008904035
7.485067927837372,-6.092077016830444,-4.303750038146973,-0.0466691475575753,-0.0005349979516057666,1140.3162231445312,1232.0514526367188,7098.1513671875,6521.7591552734375,6600.777515983582,4714.524372947215,1.2249999999999996,24.939592149522568,-1.1647552914089627,-0.27850252389907837,0.3009147993362836,0.07692265337968625,0.06865042562546618,50,17.249225616455078,4.330845966973839,3.677526174563069
7.47096655368805,-6.051304578781128,-4.29338526725769,-0.04661402428419986,0.005229331101614551,1106.0828857421875,1184.0342407226562,7111.90185546875,6486.04638671875,6778.231300163269,4877.568351829051,1.2499999999999996,24.95009528266059,-1.1638674471113417,-0.26278752088546753,0.29403345739562786,0.07560264510182087,0.06866141948734117,51,17.67655372619629,4.414491133751207,3.073187140892099
7.519563460350037,-5.980023145675659,-4.268873929977417,-0.04639102199360856,0.012562948535582204,1087.296630859375,1122.1728515625,7245.280029296875,6444.963623046875,6956.028846549988,5039.719511497019,1.2749999999999995,24.959776136610245,-1.1587409178415935,-0.19585993885993958,0.28820985646092434,0.07407033295080573,0.06837735590638139,52,18.09503746032715,4.739295915603153,2.5557751610753314
7.601192080974579,-5.872854232788086,-4.230260610580444,-0.04598740744683944,0.019319136469166436,1060.7061767578125,1049.8801879882812,7439.27734375,6404.66552734375,7137.16084728241,5200.843602073191,1.2999999999999994,24.968427022298176,-1.1490433745914035,-0.1016974151134491,0.28446898065671733,0.07236769916451241,0.0679513708064556,53,18.506797790527344,5.245820061524884,2.21310138347812
7.675617265701295,-5.7345640659332275,-4.182339429855347,-0.045442612072782496,0.0236521578193742,1018.2545776367188,977.9683837890625,7613.7203369140625,6371.791259765625,7323.14278087616,5360.960240256784,1.3249999999999993,24.97576395670573,-1.13574571079678,-0.01613716594874859,0.2830562402774575,0.07055061394977834,0.06757937297525277,54,18.91484832763672,5.847401521572826,2.100882612884101
7.707979571819306,-5.577065706253052,-4.132484674453735,-0.04483051778574141,0.024742258313165486,968.52978515625,914.8939819335938,7702.06298828125,6348.1094970703125,7513.485789299011,5520.255021750925,1.3499999999999992,24.98172336154514,-1.1206944783528645,0.030677594244480133,0.28334539299281286,0.06865472413391313,0.06741906732238681,55,19.321956634521484,6.444305020534313,2.2367027059390696
7.680337584018708,-5.415390253067017,-4.087626934051514,-0.04422940071581849,0.022963004550072753,919.0756530761719,863.9859008789062,7670.8204345703125,6333.5909423828125,7706.0373640060425,5678.957759177683,1.3749999999999991,24.986493852403427,-1.1058588160408869,0.024488694965839386,0.2841504000113166,0.06670219429120791,0.06753040826189814,56,19.72966194152832,6.938382090848633,2.5982602680875235
7.599375450611115,-5.2619712352752686,-4.051744222640991,-0.04369529127563549,0.019726866432057566,873.8434143066406,825.6380615234375,7538.58837890625,6321.6685791015625,7897.8078748703,5837.297532737253,1.399999999999999,24.990382724338108,-1.0926575130886502,-0.023834843188524246,0.28422426944205265,0.06469572503345558,0.06785819761900566,57,20.1378173828125,7.24821910883636,3.1263874917907244
7.488815093040467,-5.121370553970337,-4.024832248687744,-0.04324301994351278,0.016683168750530428,834.9075927734375,798.8336486816406,7355.703857421875,6305.4718017578125,8086.272584342956,5995.3392472147925,1.424999999999999,24.99370786878798,-1.0814776023228962,-0.09038560837507248,0.2828042719488224,0.06261068420116751,0.06826128369474596,58,20.54491424560547,7.323022907328692,3.73425450144627
7.377207398414613,-4.990544557571411,-4.003169298171997,-0.04284987494877904,0.01509876475247442,804.7469787597656,780.9008178710938,7178.1212158203125,6281.3709716796875,8270.165180778502,6152.976042258738,1.4499999999999988,24.99675750732422,-1.071763965818617,-0.15050654113292694,0.27976091132362074,0.06041681994883607,0.06857253232477056,59,20.948837280273438,7.1516406094776395,4.32252116966962
7.294988811016084,-4.860314846038818,-3.9808269739151,-0.042468239803381484,0.01580952811760564,786.612548828125,767.4410095214844,7061.4471435546875,6249.5247802734375,8449.618211174009,6310.01031655073,1.4749999999999988,24.999773237440323,-1.062335107061598,-0.1821153163909912,0.27552776683666935,0.058080636783969714,0.06866242233393914,60,21.3476619720459,6.7636267581875895,4.797225676880677
7.255048060417176,-4.719113826751709,-3.951894164085388,-0.04204103963620835,0.01856150458974172,778.5250549316406,753.2677307128906,7027.123779296875,6212.3759765625,8626.154389762876,6466.248436057565,1.4999999999999987,25.00290764702691,-1.051767932044135,-0.1776915043592453,0.2709600793825336,0.05558635755770433,0.06848652054393942,61,21.740327835083008,6.222099979806222,5.085650770226185
7.2465361833572395,-4.558603048324585,-3.912811756134033,-0.04153019956604992,0.0221758635974132,773.687744140625,735.4500427246094,7053.4892578125,6172.134033203125,8801.832484245298,6621.557835471628,1.5249999999999986,25.006190405951607,-1.0391095611784193,-0.14663822948932648,0.2668754394158677,0.05294291634325929,0.06809641321732404,62,22.12689971923828,5.6111467970341,5.146524566108164
7.2416540622711185,-4.377667427062988,-3.863918662071228,-0.04093502467430924,0.025191433720520975,764.8677978515625,714.52490234375,7087.5950927734375,6131.1258544921875,8978.16971569061,6775.861186301706,1.5499999999999985,25.009551578097874,-1.0243388017018635,-0.11115522682666779,0.2636664301708631,0.050183966758315865,0.06760915044519121,63,22.50826072692871,5.021612688331521,4.973671239055122
7.222175812721253,-4.1807920932769775,-3.8079071044921875,-0.04027869278484841,0.02702368646990089,750.3361511230469,692.4195251464844,7088.66845703125,6096.722900390625,9155.359593009945,6929.139332664011,1.5749999999999984,25.012906392415363,-1.0080323616663616,-0.09209761023521423,0.2611742939570374,0.04734321027423117,0.06715388721803137,64,22.885438919067383,4.537964112653141,4.594337478547568
7.159345519542694,-3.9765535593032837,-3.7485216856002808,-0.03959822183681954,0.02713826481461235,730.3722229003906,670.0269775390625,7005.1953125,6067.656494140625,9332.576304435726,7081.557405173777,1.5999999999999983,25.01620610555013,-0.9911153713862101,-0.10984166711568832,0.25872463516259847,0.04444655445498463,0.06682278139312886,65,23.2589054107666,4.227248214945719,4.063667104410046
7.0570458650589,-3.774566650390625,-3.688712954521179,-0.038926447774225464,0.026543553895467833,707.2470397949219,648.3018798828125,6846.3604736328125,6041.7244873046875,9507.706187248226,7233.248817527292,1.6249999999999982,25.019452836778427,-0.9744106398688422,-0.1601228266954422,0.25539724840713984,0.041512460416476465,0.06663564855346957,66,23.628013610839844,4.130600230335109,3.4560453461906153
6.917348158359528,-3.5799602270126343,-3.62932813167572,-0.038270065950494196,0.0259506135623293,682.1605834960938,627.3973083496094,6622.3453369140625,6012.48291015625,9678.865199089047,7384.291929709909,1.6499999999999981,25.02267837524414,-0.9580873118506538,-0.23524728417396545,0.2504953841704695,0.038535553982850676,0.06654054041304011,67,23.991044998168945,4.258338230125942,2.8537709924265346
6.759103882312775,-3.3941816091537476,-3.5687789916992188,-0.03761700475574713,0.026532193848942964,656.6157836914062,607.2291564941406,6373.888427734375,5973.6888427734375,9844.423832511899,7534.604002463815,1.674999999999998,25.02591874864366,-0.9418444501029121,-0.3156089186668396,0.2435822840338146,0.03550358045190369,0.06643720976274503,68,24.34549331665039,4.590032507240453,2.3344434733865387
6.603674507141114,-3.212079644203186,-3.5034000873565674,-0.03692477844821908,0.02898238735619453,632.1962585449219,586.7686462402344,6143.6444091796875,5921.804931640625,10003.771043205257,7683.946223533151,1.699999999999998,25.02921634250217,-0.9246184428532919,-0.3823603689670563,0.23483183577160036,0.032395630888186484,0.06621912183660277,69,24.68868637084961,5.08004011059141,1.959680175554221
6.446198356151581,-3.0274256467819214,-3.429128050804138,-0.03615370176647867,0.03280284590391372,608.4127197265625,564.7624206542969,5930.400634765625,5849.180908203125,10157.36215343475,7831.991346824167,1.7249999999999979,25.03259023030599,-0.9054152170817057,-0.43193209171295166,0.22460516402764158,0.029198525765195077,0.06581358482042174,70,25.018341064453125,5.6671676028941125,1.7678726814310868
6.294977605342866,-2.834281086921692,-3.3426480293273926,-0.03527142146447063,0.03782742361018781,583.5240783691406,540.4209289550781,5746.5074462890625,5758.72900390625,10305.62216930389,7978.220869529245,1.7499999999999978,25.036029815673828,-0.8834226926167806,-0.4607779383659363,0.21340933467348935,0.02591322631763541,0.06519766640050287,71,25.332712173461914,6.28564527308555,1.7722523469344142
6.126839411258698,-2.630051016807556,-3.2420250177383423,-0.03425934118764566,0.042937696846913606,556.7958221435547,514.792724609375,5542.600830078125,5657.34521484375,10449.284855461116,8122.1890946269,1.7749999999999977,25.039503309461807,-0.8581727080874972,-0.49264153838157654,0.20152980528848652,0.02257277238778128,0.06440021194040306,72,25.630626678466797,6.874670366819891,1.9636455898910463
5.928991425037385,-2.418437957763672,-3.1271579265594482,-0.03312198622926228,0.04790274874163523,526.1391754150391,489.28684997558594,5291.310546875,5548.9512939453125,10587.849876213068,8263.622724997995,1.7999999999999976,25.0429810418023,-0.8297767241795858,-0.5385080575942993,0.1886640574175569,0.019225492027039225,0.06346401927107774,73,25.910823822021484,7.385032455755986,2.316034669132388
5.68896256685257,-2.208032786846161,-2.998675227165222,-0.03186296642095431,0.05260641553655477,503.5605163574219,472.0014343261719,4974.188232421875,5428.8436279296875,10720.132639884941,8402.346507346627,1.8249999999999975,25.04649480183919,-0.7983258035447862,-0.604198157787323,0.1744096374857191,0.015929584667903174,0.06241324409585176,74,26.171558380126953,7.782684318314673,2.7931256044955064
5.413886177539826,-1.9968226552009583,-2.8582080602645874,-0.03048581669294992,0.05762488877826769,550.7288513183594,515.5256652832031,4629.9720458984375,5270.259521484375,10844.487345695488,8538.067598044869,1.8499999999999974,25.050994025336372,-0.7639367050594754,-0.6617502570152283,0.1585585193223243,0.012612490874013109,0.06123279794267414,75,26.41057777404785,8.049664047338695,3.354916692417118
5.117143988609314,-1.7883645296096802,-2.7048155069351196,-0.02897151208821184,0.0633007841410127,683.9601745605469,637.8294067382812,4259.4295654296875,5097.3245849609375,10960.236646842948,8669.824086081977,1.8749999999999973,25.058697594536675,-0.7261916001637777,-0.7220213413238525,0.1413101736930194,0.009365796339137934,0.05988724412429001,76,26.625734329223633,8.182632412880348,3.963535288173963
4.795261329412461,-1.579289436340332,-2.536206841468811,-0.027310563014762066,0.06961738612776032,830.3154907226562,776.6366577148438,3855.810302734375,4912.2398681640625,11066.72238597869,8797.257200706,1.8999999999999972,25.07100847032335,-0.6848736604054769,-0.790932834148407,0.12238742378497604,0.006132008642836771,0.05834248169517875,77,26.814786911010742,8.189744062157533,4.587516623135391
4.437107980251312,-1.3716870546340942,-2.3519158363342285,-0.02548886304120159,0.07596494736218012,981.6554565429688,923.2670288085938,3434.1885986328125,4679.7015380859375,11163.117643547048,8920.063197410102,1.9249999999999972,25.087935129801433,-0.6396014822853936,-0.8454373478889465,0.10195387091290914,0.002970258738817858,0.056568520964752546,78,26.9753360748291,8.08697107386607,5.204150573858676
4.058307838439942,-1.1660815179347992,-2.151898980140686,-0.02350356799470999,0.08281295817731785,1110.6829223632812,1052.9913940429688,2993.0161743164062,4430.05615234375,11248.972358512867,9037.05573586225,1.949999999999997,25.109456380208332,-0.5902704927656386,-0.9007940292358398,0.08012095172368168,-8.681866142509537e-05,0.05453754022199848,79,27.105335235595703,7.894527615196536,5.800140853550644
3.6496220827102666,-0.9574873745441437,-1.93634432554245,-0.02134419375908968,0.08958799005620899,1219.0375366210938,1158.7515258789062,2546.594970703125,4131.941162109375,11323.797762870776,9147.807139670842,1.974999999999997,25.134756300184463,-0.5365626017252604,-0.9355910420417786,0.0571097418772839,-0.0031055503455579138,0.052225042546077016,80,27.202899932861328,7.63400865597279,6.370928467753286
3.213766020536423,-0.7571602761745453,-1.707920491695404,-0.01902408942930468,0.09596854952101055,1307.7803344726562,1252.5819091796875,2081.541015625,3803.1187744140625,11387.462637138353,9251.105668723576,1.999999999999997,25.163307189941406,-0.4787667592366536,-0.9604021906852722,0.03338399342685024,-0.00587885970680239,0.049607267546637614,81,27.266769409179688,7.326564213222767,6.91910971028896
2.749684137105942,-0.555304542183876,-1.4684441685676575,-0.016551020824705557,0.10146695351948018,1384.0401611328125,1341.058837890625,1621.9949645996094,3417.514404296875,11439.501162528977,9346.183638083927,2.024999999999997,25.194617377387154,-0.4170347253481547,-0.9574794769287109,0.009329490223413912,-0.008548303672429883,0.0466627351650131,82,27.296199798583984,6.992095511827033,7.452395203858514
2.2563736349344254,-0.3570268005132675,-1.2225127220153809,-0.01396166466692974,0.10535377055142357,1451.1832885742188,1413.7942504882812,1155.763442993164,2985.3068237304688,11480.051036643967,9431.621498191347,2.0499999999999967,25.22833506266276,-0.3522524568769667,-0.9339956045150757,-0.014322060062336614,-0.011023692920232796,0.04337408491984751,83,27.291336059570312,6.649297736532427,7.981397935290441
1.739873641729355,-0.1606227494776249,-0.9732182025909424,-0.011296120255734341,0.10753808695512816,1516.0625,1491.9046630859375,684.9368300437927,2515.3483276367188,11508.945122718795,9506.254168784608,2.0749999999999966,25.264163547092014,-0.2853991587956746,-0.8939246535301208,-0.03720797650182458,-0.013345000873994836,0.039726889968173196,84,27.253095626831055,6.316183905966337,8.517431105891285
1.2023149743676187,0.03730060160160065,-0.7246979773044586,-0.008601620209468135,0.10768842239866314,1575.564453125,1570.8216552734375,207.80067443847656,2013.2969360351562,11526.068543469888,9569.137876975525,2.0999999999999965,25.301988389756943,-0.21764346294932896,-0.8402438163757324,-0.05889846234581403,-0.015589742426268446,0.03571502087829377,85,27.182941436767578,6.010811375128189,9.070472405489667
0.6490693971514703,0.23615344904828817,-0.48053693771362305,-0.005929375243358205,0.10578969673235591,1636.9807739257812,1638.8840942382812,-279.3683166503906,1492.821533203125,11531.263560330848,9619.470300376403,2.1249999999999964,25.34158918592665,-0.15026155445310804,-0.7789015173912048,-0.07914233156924004,-0.017778276195230522,0.031340693483459955,86,27.08283233642578,5.7517991795013,9.647299677206865
0.07959096264094115,0.4340147227048874,-0.24400089494884014,-0.003332770033916004,0.10169127490704892,1701.0494995117188,1706.3359985351562,-773.6603164672852,950.0137023925781,11524.279352414587,9656.790838706478,2.1499999999999964,25.382840898301865,-0.08459548155466716,-0.7123879790306091,-0.09779035976608491,-0.019913868194256966,0.0266163934318761,87,26.954994201660156,5.5583337862711755,10.249821205618478
-0.4952975146472454,0.6328530162572861,-0.018352679908275604,-0.0008632526792089453,0.09569011602904276,1756.6925048828125,1775.2459106445312,-1268.6111145019531,398.006103515625,11504.937844502903,9680.541181266291,2.1749999999999963,25.425588819715713,-0.021948712981409498,-0.6395844221115112,-0.11469646422817939,-0.022063592632114944,0.021563950322102454,88,26.801834106445312,5.449495284142093,10.873704116932286
-1.0716403275728226,0.8435099124908447,0.19399138912558556,0.0014338166725370765,0.0878939865763232,1814.9473876953125,1841.8673095703125,-1766.7572631835938,-152.7686004638672,11473.222566640352,9690.49133385418,2.199999999999996,25.469701555040146,0.036518904897901744,-0.5698063373565674,-0.12978858148090164,-0.024448836217687602,0.016216748334819377,89,26.625947952270508,5.442800416912957,11.507465529111627
-1.6495592206716538,1.0599539875984192,0.3916368708014488,0.0035139219443186117,0.07854738970409474,1859.8452758789062,1909.22119140625,-2279.4357299804688,-691.6766014099121,11429.05363506076,9686.67211884258,2.224999999999996,25.514990488688152,0.08965806000762516,-0.5126467943191528,-0.14330999128983035,-0.027025355106771395,0.010618310388200948,90,26.429792404174805,5.552165051730858,12.132279125704159
-2.2045516252517703,1.2788923978805542,0.5741593688726425,0.005353857809413674,0.06877931846103681,1913.5090942382812,1970.780517578125,-2771.7039794921875,-1208.3765869140625,11372.067741811246,9669.38020380733,2.249999999999996,25.56137932671441,0.13685329092873466,-0.4563119411468506,-0.15541249383710007,-0.029757972686436658,0.004821400361344363,91,26.215465545654297,5.785625616869342,12.72265603699822
-2.7222752153873446,1.4916227459907532,0.7422851175069809,0.00695068191694408,0.05929131189611434,1962.4640502929688,2033.6007080078125,-3238.0977783203125,-1682.6718139648438,11302.77514232394,9639.170789134476,2.274999999999996,25.60875998602973,0.17800120843781364,-0.4104871451854706,-0.16623376622868946,-0.03248916089761061,-0.0011046550332526241,92,25.98491668701172,6.143012350956701,13.248084024059475
-3.196998989582062,1.7034322023391724,0.8981443643569946,0.008319686117083117,0.05052002855955944,2066.324951171875,2163.7728271484375,-3657.8216552734375,-2122.48876953125,11221.822697865931,9597.103993785353,2.299999999999996,25.657742818196613,0.21346930000517103,-0.37229713797569275,-0.17600154202731397,-0.035297953206830546,-0.007072096055219173,93,25.739788055419922,6.613979008522742,13.675645457213582
-3.626863092184067,1.9106554985046387,1.042884111404419,0.00947986935943552,0.0426696080713051,2232.4447021484375,2355.0440673828125,-4036.441162109375,-2518.2578125,11130.377156484094,9544.04177454707,2.3249999999999957,25.710250006781685,0.2437371015548706,-0.3404169976711273,-0.18486678917726743,-0.03810350811085036,-0.01298015040539723,94,25.481462478637695,7.176870733653658,13.973468081388125
-4.011693453788758,2.1155630946159363,1.1782380044460297,0.010458112926254275,0.03591798288168223,2406.491943359375,2576.7747802734375,-4369.4910888671875,-2875.61865234375,11029.466127431358,9481.085329234567,2.3499999999999956,25.767381456163193,0.26948801345295376,-0.3139793276786804,-0.19306429861815394,-0.040928216968772725,-0.01872300450390901,95,25.211076736450195,7.7987051056561345,14.114708866478136
-4.347540801763535,2.316551685333252,1.3043842017650604,0.011284024719017797,0.03040567843067915,2579.669189453125,2805.132080078125,-4638.932373046875,-3205.8695068359375,10920.228850209678,9409.194862925971,2.3749999999999956,25.829378763834637,0.291471713119083,-0.2752847373485565,-0.20045536959145085,-0.04371098728131015,-0.024197523276351992,96,24.929656982421875,8.436512902487953,14.081721658999648
-4.6260778427124025,2.516542434692383,1.4212214946746826,0.011986815245635595,0.026232348957929863,2727.5838623046875,3010.1240234375,-4847.673583984375,-3491.9107055664062,10804.255540883505,9329.04812525507,2.3999999999999955,25.89601728651259,0.31042565902074176,-0.239964559674263,-0.20689978666576547,-0.04647115193350092,-0.029307066224372617,97,24.63856315612793,9.040292608219682,13.870053118737644
-4.861412084102631,2.7148197889328003,1.5296294689178467,0.01259939639181346,0.022847107108383866,2847.9512939453125,3201.7542724609375,-5009.4429931640625,-3746.4638671875,10683.063701283894,9241.750357615909,2.4249999999999954,25.966637929280598,0.32718128628200954,-0.19858300685882568,-0.21237762606719265,-0.0491720238007346,-0.033964352404432754,98,24.339160919189453,9.55765013027682,13.49141862058899
-5.060175979137421,2.9107701778411865,1.6279257535934448,0.01313164682071991,0.019880611970144603,2925.5723876953125,3366.4661865234375,-5129.0574951171875,-3977.9791259765625,10557.827626454791,9148.08876093622,2.4499999999999953,26.04053285386827,0.341974761750963,-0.14998142421245575,-0.21677625272637885,-0.051810796160893596,-0.03810265714765829,99,24.032922744750977,9.93970532434773,12.974774266599734
-5.223252141475678,3.104467272758484,1.7144123315811157,0.01359288551557562,0.016990754493758874,2966.21728515625,3497.0489501953125,-5211.5142822265625,-4183.248840332031,10429.60118907686,9048.639282786804,2.474999999999995,26.116792890760635,0.35502443710962933,-0.09597811847925186,-0.21981200669771697,-0.05438596266348633,-0.04168431753057064,100,23.721561431884766,10.147484624258942,12.365042102974483
-5.342485010623932,3.292632222175598,1.7891136407852173,0.013987951939423962,0.014831742281599244,2981.253173828125,3580.029052734375,-5269.9676513671875,-4333.9801025390625,10299.313332021196,8944.058061778502,2.499999999999995,26.19442621866862,0.36643024947908187,-0.056758493185043335,-0.2217510875769173,-0.05688259088105695,-0.044701525081629896,101,23.406816482543945,10.157688537992723,11.71923124833178
-5.4224704861640936,3.475141406059265,1.8527862429618835,0.014340019754937837,0.013284288603370784,2975.7901611328125,3631.3902587890625,-5291.591003417969,-4451.353515625,10167.564140737017,8835.708559215025,2.524999999999995,26.27266565958659,0.3767763574918111,-0.014692755416035652,-0.22263432495244206,-0.05929583510877827,-0.04717131570943416,102,23.090045928955078,9.966531236002682,11.10036869292523
-5.4838574051857,3.6494652032852173,1.9054228067398071,0.014651950819991775,0.011656677937520142,2960.336669921875,3647.6361083984375,-5313.7567138671875,-4535.4512939453125,10035.274365651567,8724.4247213244,2.549999999999995,26.35088390774197,0.38611945178773666,0.01490014512091875,-0.2226041480083401,-0.06161177200757622,-0.04913249666449294,103,22.772567749023438,9.591002054813275,10.570303367868506
-5.524690115451813,3.813127279281616,1.9481810331344604,0.014926933645812764,0.010311434127731656,2941.959228515625,3636.8673095703125,-5333.599670410156,-4585.1439208984375,9902.430447804887,8611.038438975767,2.574999999999995,26.428585052490234,0.3945270511839125,0.03122631646692753,-0.22198502963392394,-0.06381409595755787,-0.05064675757674438,104,22.455347061157227,9.067374051514761,10.182581688856793
-5.564385533332825,3.964278817176819,1.982524335384369,0.015167024900164514,0.00891154974251531,2923.78662109375,3606.727294921875,-5380.209533691406,-4606.7347412109375,9769.090456044632,8496.409840953307,2.5999999999999948,26.505468156602646,0.4020399186346266,0.025049341842532158,-0.22123961084481075,-0.06589726425470448,-0.051788779308819206,105,22.138851165771484,8.44721151772194,9.97653930575948
-5.607279622554779,4.101061105728149,2.010533094406128,0.015374434174513946,0.007787518911960733,2904.6173095703125,3565.4046630859375,-5452.616149902344,-4609.1497802734375,9634.585217702346,8381.241472423033,2.6249999999999947,26.58131281534831,0.40870484378602767,3.404476592550054e-05,-0.22090282083545662,-0.0678559443350521,-0.052643083935813795,106,21.82285499572754,7.791812326307608,9.973427770218143
-5.517797434329987,4.251694917678833,2.043393611907959,0.015610605588636235,0.011739317074502062,2639.9150390625,3537.87109375,-5300.963928222656,-4608.7471923828125,9498.269813954788,8266.012727916197,2.6499999999999946,26.654603746202255,0.4161282711558872,0.023945586755871773,-0.22054229540288714,-0.07014242417548025,-0.053204191171547476,107,21.5068302154541,7.166098480671635,10.17457400724292
-5.460481870174409,4.41408371925354,2.080342948436737,0.015940385034480208,0.013836575158290877,2478.2623291015625,3522.3734130859375,-5196.8902587890625,-4614.365234375,9365.745715749223,8150.794048106627,2.6749999999999945,26.72435548570421,0.4260326094097561,0.06005876883864403,-0.2194283284084206,-0.07218804814304054,-0.05338599768902662,108,21.191198348999023,6.632242593555809,10.56101612833265
-5.500111281871796,4.555043697357178,2.1126490235328674,0.016267928881424733,0.01181346322432015,2488.6834716796875,3491.633056640625,-5257.439453125,-4622.5499267578125,9235.823459279496,8035.434917247252,2.6999999999999944,26.792558034261067,0.43589787350760567,0.056483425199985504,-0.2178878395206211,-0.07386140380209981,-0.053097419217781314,109,20.876909255981445,6.24313480709655,11.095132330632095
-5.622931849956513,4.659765005111694,2.1300371289253235,0.016507793350964906,0.007093273387371807,2660.8759765625,3455.49609375,-5467.986999511719,-4622.4715576171875,9104.38747295137,7919.871169078307,2.7249999999999943,26.861305236816406,0.44346117311053806,0.007906491868197918,-0.2169688159179484,-0.07516828352802894,-0.05242733459800375,110,20.5639705657959,6.0370541638735515,11.724850652978105
-5.825622820854187,4.723715305328369,2.1301510334014893,0.016609158879658747,0.0011301297035177507,2869.677001953125,3426.12451171875,-5825.263366699219,-4619.76513671875,8967.687797963576,7804.309380137877,2.7499999999999942,26.93198733859592,0.4473588201734755,-0.10532664507627487,-0.21803536200025467,-0.07624009351467734,-0.051621536953551435,111,20.250911712646484,6.034769048420273,12.38913849079585
-6.055545139312745,4.752909421920776,2.120731830596924,0.016581260186645564,-0.002475557255816993,2941.0418701171875,3393.416748046875,-6234.1434326171875,-4625.6248779296875,8822.056213796093,7688.815251719909,2.774999999999994,27.003743913438583,0.44779714610841537,-0.26405733823776245,-0.2226542154368336,-0.07726557698192597,-0.05100102041956297,112,19.93410873413086,6.238816385312123,13.022949259200393
-6.197744655609132,4.764993906021118,2.116491734981537,0.016542161652891837,0.0005068798208806948,2911.2437744140625,3364.0546875,-6468.7763671875,-4652.021728515625,8666.202627980661,7573.174629771666,2.799999999999994,27.074640062120224,0.4479139380984836,-0.36251163482666016,-0.23070864654815562,-0.07833002998606305,-0.05083642041943926,113,19.608501434326172,6.633307262542832,13.560945592517916
-6.212316834926606,4.786324739456177,2.130190432071686,0.016658458568744237,0.009277092528966604,2855.9964599609375,3367.2149658203125,-6447.673828125,-4701.3057861328125,8504.483218800973,7456.874086558775,2.824999999999994,27.144415113661026,0.4522259367836846,-0.348684698343277,-0.2398143272102728,-0.07942231718478063,-0.05121460593898733,114,19.270803451538086,7.1823400090617575,13.941803193357696
-6.134771251678467,4.837644577026367,2.167448401451111,0.017028263453236957,0.020119424699113653,2761.8056640625,3392.9462890625,-6242.9210205078125,-4767.796142578125,8343.291373097849,7339.341441905454,2.849999999999994,27.21326404147678,0.46343942483266193,-0.2540743947029114,-0.2474633419799007,-0.08052467446137009,-0.052002202541864634,115,18.921289443969727,7.828547330549698,14.11586194359783
-6.019871425628662,4.923881769180298,2.2262301445007324,0.017658990505232893,0.029706631934046976,2620.41552734375,3427.9970703125,-5968.2003173828125,-4839.42724609375,8187.218347585155,7220.146538341,2.874999999999994,27.28090498182509,0.48180335097842747,-0.1309051662683487,-0.25227906960006374,-0.08158255278656602,-0.052919141388746524,116,18.562923431396484,8.49622435476606,14.055385253583752
-5.929803943634034,5.0334484577178955,2.298232913017273,0.018486665601921293,0.03563314531953064,2475.843505859375,3456.663818359375,-5742.340881347656,-4908.61279296875,8038.013339650586,7099.160857188656,2.8999999999999937,27.34694586859809,0.5056114660369025,-0.023709766566753387,-0.25415078914844186,-0.08249151463374528,-0.053660174284439484,117,18.199657440185547,9.101001705121243,13.762934480258455
-5.905945336818696,5.144787788391113,2.371212959289551,0.0194042660778865,0.0369698982227499,2404.5718383789062,3465.0877685546875,-5638.084045410156,-4972.77294921875,7894.4548176168955,6976.445537364437,2.9249999999999936,27.41161134507921,0.5319690042071872,0.046991217881441116,-0.2537666780954684,-0.08313136821396123,-0.0540135799222822,118,17.83501434326172,9.563544744081012,13.273642441283942
-5.957615911960602,5.236572980880737,2.4334558248519897,0.020301048124267855,0.03424912962934089,2461.1812744140625,3455.8934326171875,-5673.2158203125,-5026.752197265625,7753.502716481641,6852.126213633967,2.9499999999999935,27.475944095187717,0.5578670899073283,0.07487940043210983,-0.2521503057613584,-0.08342919700880537,-0.053931583689032184,119,17.471431732177734,9.822720427490934,12.650407151739383
-6.071947968006135,5.296388864517212,2.4776153564453125,0.021093276130728377,0.028927110118818572,2629.211669921875,3441.858154296875,-5829.698303222656,-5066.11767578125,7611.6723209738275,6726.457408702327,2.9749999999999934,27.541425493028427,0.5810250838597616,0.05699654668569565,-0.250398861225711,-0.08341434988572817,-0.05353238000281851,120,17.11002540588379,9.84467435554781,11.974050032118122
-6.233529353141785,5.321761608123779,2.5034682750701904,0.02173741989701289,0.022760548131172485,2810.9068603515625,3433.0653076171875,-6081.949523925781,-5095.946044921875,7465.929863393259,6599.8044668077955,2.9999999999999933,27.608909606933594,0.6002410252888998,-0.010731824673712254,-0.24971957205541584,-0.08319892095948678,-0.053046773383988576,121,16.750423431396484,9.626529851347536,11.331615135662306
-6.399651730060578,5.319376230239868,2.5181790590286255,0.02224396561991357,0.018425394171498053,2889.2803955078125,3425.818603515625,-6347.857421875,-5129.148193359375,7313.881125295113,6472.405815684749,3.0249999999999932,27.67774158053928,0.6157643265194364,-0.10380306094884872,-0.25116471977619054,-0.08292584291802357,-0.05273625712326374,122,16.390573501586914,9.195446182873752,10.805560029611748
-6.495495629310608,5.303455352783203,2.533021926879883,0.022695490018574294,0.01850748819269435,2873.298828125,3415.9652099609375,-6478.9066162109375,-5175.72119140625,7155.184689748236,6344.177110850764,3.049999999999993,27.746425204806858,0.6298268503612943,-0.15212108194828033,-0.25452220025196703,-0.0826585614131205,-0.05279429739027065,123,16.027568817138672,8.6050591453543,10.46489607102773
-6.487800943851472,5.292958736419678,2.5577189922332764,0.023204492923699492,0.022587744346534572,2812.4454345703125,3423.131103515625,-6414.2763671875,-5231.1207275390625,6993.212024342964,6214.784081065607,3.074999999999993,27.81433317396376,0.6455333365334405,-0.12073853611946106,-0.2580861755807656,-0.08238987758745593,-0.05325832824308174,124,15.65981674194336,7.9306014802835065,10.357123833410839
-6.4050963640213014,5.301880598068237,2.5963271856307983,0.023837882096488204,0.02795860373473542,2709.2303466796875,3447.9053955078125,-6213.9814453125,-5287.58837890625,6832.855115163277,6084.00606287713,3.099999999999993,27.881348927815754,0.664758218659295,-0.03413492068648338,-0.2600958468736098,-0.08209695899587163,-0.05399367695432306,125,15.288224220275879,7.261286599280658,10.500237265180822
-6.297909915447236,5.330929517745972,2.6465314626693726,0.024593052632499196,0.031975229063874164,2574.92236328125,3477.9033203125,-5979.3179931640625,-5336.005859375,6677.505579030467,5951.816353404473,3.124999999999993,27.947184244791668,0.6874451372358534,0.06524409353733063,-0.2596850875649787,-0.08171718806323713,-0.05476117501334868,126,14.915517807006836,6.6882438572035765,10.877399415486604
-6.217051756381989,5.3682966232299805,2.7011550664901733,0.02541217440478032,0.03293968661086255,2459.89794921875,3494.4693603515625,-5804.751281738281,-5371.5640869140625,6528.022629201367,5818.416206920098,3.149999999999993,28.011688656277126,0.7119911909103394,0.14342539012432098,-0.25701508547984936,-0.08115647197928856,-0.055321379271025255,127,14.544886589050293,6.289842172327186,11.438036162204199
-6.193375396728516,5.396184921264648,2.750267267227173,0.02620950819039323,0.030315166323724684,2427.36279296875,3493.53857421875,-5735.7796630859375,-5400.6834716796875,6382.903847157911,5684.127104747246,3.1749999999999927,28.075286017523872,0.7360080215666029,0.1910618245601654,-0.252767160448848,-0.08032331867701409,-0.05552774512718197,128,14.178918838500977,6.1189926862878234,12.10620215466347
-6.2263054728508,5.399626016616821,2.7848976850509644,0.026901803157543133,0.024791668273764864,2508.0560302734375,3482.624267578125,-5772.836486816406,-5419.677734375,6239.509355580762,5549.110017955254,3.1999999999999926,28.13911861843533,0.7571757502026029,0.20527595281600952,-0.24773694849239272,-0.07918590338138726,-0.05537374367595894,129,13.819292068481445,6.196097401037231,12.793529039776192
-6.302926969528198,5.371423959732056,2.8004367351531982,0.027432481697228055,0.017634930509259707,2673.29345703125,3469.58837890625,-5897.449157714844,-5425.781982421875,6095.18844341035,5413.618074595879,3.2249999999999925,28.204494052463108,0.7739133967293633,0.18322215974330902,-0.24280061296436273,-0.0777939523033869,-0.05498158072187716,130,13.46666431427002,6.508534105246764,13.412846969540848
-6.409115731716157,5.311956882476807,2.798169255256653,0.027778162087314942,0.010281651456306704,2834.9678955078125,3463.510986328125,-6083.361572265625,-5426.0123291015625,5947.752214467478,5277.973525035332,3.2499999999999925,28.27201419406467,0.7855466339323256,0.12465259432792664,-0.23888426813383307,-0.07625117060033638,-0.054550489842798984,131,13.120502471923828,7.015375348707996,13.88940021883111
-6.508872687816621,5.2282984256744385,2.784837245941162,0.027958790988249566,0.0047956119114058796,2904.3265380859375,3460.4171142578125,-6259.8232421875,-5431.2342529296875,5795.668175160836,5142.323216807793,3.2749999999999924,28.341047498914932,0.7925879293017917,0.05288872867822647,-0.23669278616232048,-0.0746693527813702,-0.05428672038158345,132,12.779030799865723,7.654916408368574,14.168166451591505
-6.543718111515045,5.132680892944336,2.769837975502014,0.02804755955692787,0.002994298644049421,2888.040771484375,3455.3973388671875,-6313.1865234375,-5446.6734619140625,5639.172594106148,5006.542360484551,3.2999999999999923,28.410301208496094,0.7970486084620158,0.021799657493829727,-0.23589134112177476,-0.07309035624868382,-0.05432511983555103,133,12.439993858337402,8.35266033051237,14.217744705125478
-6.491177189350129,5.039942026138306,2.7607016563415527,0.028134929966033884,0.004329332716053411,2826.5250244140625,3464.5850830078125,-6207.9688720703125,-5463.2705078125,5481.342931020211,4870.375523936699,3.324999999999992,28.479143778483074,0.8014702134662204,0.052858155220746994,-0.23507135382213937,-0.07150202824920915,-0.05466631654427142,134,12.10233211517334,9.02904083741224,14.032498958848326
-6.377335798740387,4.9598493576049805,2.760511636734009,0.028273041916284315,0.006644425153517423,2728.601318359375,3488.5040283203125,-6001.433837890625,-5470.958984375,5326.143709218455,4733.793761241387,3.349999999999992,28.547386593288845,0.8073365688323975,0.12210745364427567,-0.23293122092539487,-0.06987763106172071,-0.055174884605124874,135,11.766925811767578,9.60786091909225,13.633320239975175
-6.250526821613312,4.890697956085205,2.766700506210327,0.028457372195015228,0.007708173876381835,2618.4501953125,3514.992919921875,-5782.220886230469,-5468.3321533203125,5176.1078632711915,4597.019786632012,3.374999999999992,28.614860110812717,0.8145236306720309,0.19698268175125122,-0.2289215655881716,-0.06815020699074904,-0.0556433096737346,136,11.43592643737793,10.025529564046733,13.065287125237532
-6.153893768787385,4.821715831756592,2.77244234085083,0.02863611607724078,0.0061384162240239615,2544.8193359375,3529.4620361328125,-5623.759216308594,-5458.2158203125,5031.552341115431,4460.311482799005,3.399999999999992,28.681657579210068,0.8215558528900146,0.2544008195400238,-0.22323015731207688,-0.06624444267290452,-0.05588301497778774,137,11.111723899841309,10.238954966431688,12.391149011914267
-6.104221487045288,4.738762855529785,2.769452214241028,0.028739513306563106,0.0018002333087210529,2556.50537109375,3527.162353515625,-5554.092529296875,-5440.681640625,4890.958360707717,4323.856087291192,3.424999999999992,28.748395707872177,0.8264424403508505,0.2862526774406433,-0.21641492834548234,-0.06409689453699985,-0.05579797691523015,138,10.796225547790527,10.229666215758044,11.681950081963347
-6.098731875419617,4.631603479385376,2.7510401010513306,0.028705907542557668,-0.004627101433728417,2664.0618896484375,3515.23876953125,-5571.005554199219,-5412.7239990234375,4752.106047475295,4187.839046275567,3.4499999999999917,28.81615956624349,0.8274212810728285,0.2892123758792877,-0.20915951214021133,-0.06170754801887279,-0.055411710366249374,139,10.49059009552002,10.003417117047476,11.00742001332859
-6.1261974573135385,4.495906591415405,2.714753031730652,0.028496175284335522,-0.01201405439016006,2822.3094482421875,3501.0421142578125,-5658.871032714844,-5372.49072265625,4612.8309086203135,4052.5209462999815,3.4749999999999917,28.885921902126736,0.8233611451254951,0.2587924003601074,-0.2022453966733908,-0.05913242728936129,-0.05484865985515778,140,10.19507122039795,9.586227129257503,10.428354898384486
-6.168449008464814,4.334213018417358,2.663304328918457,0.028104996451500313,-0.018918493011488437,2946.38330078125,3487.41796875,-5779.056823730469,-5330.053955078125,4471.359132802441,3918.2086782335755,3.4999999999999916,28.957805633544922,0.8140734169218276,0.20250508189201355,-0.19644714570331348,-0.05646889793403757,-0.05428476046146872,141,9.908833503723145,9.018597048688882,9.992076916168328
-6.18611296415329,4.154163718223572,2.6031692028045654,0.027565735459083692,-0.02359522234810075,2986.498291015625,3464.978271484375,-5851.028076171875,-5295.8514404296875,4326.882712209179,3784.9573293566227,3.5249999999999915,29.030846489800346,0.8004593849182129,0.15267018973827362,-0.19207844631687707,-0.053798286234689914,-0.05388358853276191,142,9.63015365600586,8.349726522893206,9.730817411180272
-6.1259789943695075,3.967415452003479,2.542120575904846,0.026952095290253598,-0.024873273355229777,2970.8388671875,3450.9632568359375,-5785.602783203125,-5259.3040771484375,4180.607010304882,3652.561043345881,3.5499999999999914,29.104075961642796,0.7846058739556206,0.15008233487606049,-0.18841704922645205,-0.05113419719941835,-0.05372930828186226,143,9.357457160949707,7.632871081082946,9.661704401763496
-5.990788400173187,3.7866926193237305,2.4856748580932617,0.026338442637855893,-0.024074845176856412,2925.98974609375,3457.09619140625,-5592.171142578125,-5214.374267578125,4035.966940724806,3521.0784414171703,3.5749999999999913,29.177265167236328,0.7686614990234375,0.19554497301578522,-0.1841680589310147,-0.04846971077057787,-0.05378199309836459,144,9.09060287475586,6.921542867045118,9.786938309462448
-5.8206676840782166,3.6163982152938843,2.4344552755355835,0.025746661195910465,-0.023409874658609643,2863.4005126953125,3475.083251953125,-5344.670654296875,-5160.140625,3896.162662160355,3390.7190847277175,3.599999999999991,29.250384436713325,0.7532662153244019,0.26116952300071716,-0.17847095814808994,-0.045771618577731966,-0.053899450986004696,145,8.830981254577637,6.265540855738355,10.094254856819175
-5.641896653175355,3.452228307723999,2.384960174560547,0.025157014444026304,-0.02403427982390854,2806.6009521484375,3493.908935546875,-5093.271423339844,-5093.774169921875,3762.5458958029353,3261.7155691027183,3.624999999999991,29.323435889350044,0.7378457652197944,0.32814761996269226,-0.17107850565997754,-0.04297980183986668,-0.053907045156300626,146,8.580705642700195,5.706797269129248,10.558834703072831
-5.487352812290192,3.285185933113098,2.3310773372650146,0.02452395400518465,-0.02690479921376947,2796.398681640625,3502.869873046875,-4897.8809814453125,-5014.363525390625,3635.214110219441,3134.371214854672,3.649999999999991,29.396718343098957,0.7210683160358005,0.37603622674942017,-0.16222279595567793,-0.04004448025054355,-0.053665704504890596,147,8.341944694519043,5.276127772601227,11.146991400244705
-5.365507733821869,3.1046292781829834,2.2664125561714172,0.023791070798546258,-0.03180711285887371,2856.0341796875,3494.513671875,-4773.52978515625,-4922.146728515625,3512.7670856833092,3009.0121267199074,3.674999999999991,29.470865461561417,0.7012757990095351,0.3995973467826843,-0.15248140209660202,-0.036937037311611846,-0.053122860728569976,148,8.116338729858398,4.99188174839467,11.820845038660833
-5.2645883679389955,2.9044198989868164,2.187087297439575,0.02292032531300963,-0.0378236951846617,2968.0037841796875,3463.461669921875,-4702.096496582031,-4814.83837890625,3393.4288410544036,2885.958458507018,3.699999999999991,29.546470642089844,0.6773333417044746,0.3986225426197052,-0.14243848846785873,-0.03367555339015967,-0.052322951166840256,149,7.904801845550537,4.860654926860718,12.542775627089723
-5.170287728309631,2.683712124824524,2.0927716493606567,0.021894290488191564,-0.04384897231528988,3069.6312255859375,3415.2236328125,-4660.651184082031,-4691.217041015625,3275.876428639853,2765.5874990343627,3.7249999999999908,29.623572031656902,0.6486907270219591,0.3728557527065277,-0.13273913094211404,-0.030327826741875567,-0.05138033362138512,150,7.707458972930908,4.8794786755917965,13.278710286966382
-5.031903719902039,2.4481486082077026,1.9880105257034302,0.02074230270797496,-0.04785884819554095,3123.575439453125,3365.7554931640625,-4557.8541259765625,-4550.2103271484375,3159.3601490378032,2648.3070730089735,3.7499999999999907,29.701548682318794,0.6161669227812026,0.3537198305130005,-0.12369073321056878,-0.026964260526889296,-0.05042907744714403,151,7.523672103881836,5.038649788083172,13.999918329297493
-4.840587425231934,2.206921696662903,1.8776277303695679,0.019513626291337082,-0.050034022466566,3142.67578125,3331.8304443359375,-4361.055419921875,-4407.29443359375,3045.413795888391,2534.551814830264,3.7749999999999906,29.779915279812283,0.5811879369947646,0.36645758152008057,-0.11477925524856723,-0.023624637794578515,-0.04955928487393495,152,7.352921962738037,5.324219931443785,14.68359525973567
-4.573717123270035,1.9718129634857178,1.7653768062591553,0.01825481870367848,-0.0504711761983133,3142.636474609375,3307.9473876953125,-4045.6876220703125,-4244.8492431640625,2936.387410390347,2424.369453990422,3.7999999999999905,29.858567979600693,0.5451233188311259,0.41530904173851013,-0.10503070414406174,-0.02035803873129825,-0.04878422177293783,153,7.1957221031188965,5.719590904689834,15.31299156992224
-4.267904049158097,1.7457475662231445,1.652910828590393,0.01698652152404187,-0.05104480029117035,3136.9208984375,3296.1224365234375,-3677.14111328125,-4064.3297119140625,2835.245219838593,2318.248222911322,3.8249999999999904,29.937428368462456,0.5085816979408264,0.4797252416610718,-0.09382355635527667,-0.017121905294620918,-0.04803404674456534,154,7.053717613220215,6.206610301425525,15.877619092610907
-3.9403381407260896,1.5306199789047241,1.5391531586647034,0.015695002828056526,-0.05243760441295737,3134.59130859375,3285.5704345703125,-3293.82080078125,-3858.5821533203125,2743.3166920065655,2216.6399801134726,3.8499999999999903,30.01657485961914,0.47114892138375175,0.5383447408676147,-0.08106654035822794,-0.013945831342011378,-0.04719601652854465,155,6.929021835327148,6.766793195848646,16.37335782801927
-3.604600608348847,1.3197792172431946,1.4214080572128296,0.014354712914014509,-0.05482418374026427,3131.2249755859375,3272.5455322265625,-2916.0667114257812,-3632.4330444335938,2660.971171987038,2120.175426280467,3.8749999999999902,30.09596718682183,0.43204863866170246,0.5842694044113159,-0.06700622325796489,-0.01077138155356273,-0.04616028405228841,156,6.823575973510742,7.382703367452804,16.802060615531353
-3.2596201658248902,1.112195461988449,1.296929031610489,0.012946153489606689,-0.0578943881970161,3145.513916015625,3255.2994384765625,-2545.7175903320312,-3381.8841552734375,2588.069504201397,2029.3646001696297,3.89999999999999,30.17563925849067,0.39068029986487496,0.6169686913490295,-0.05196523453698297,-0.007645546418426989,-0.04485300069100656,157,6.7389373779296875,8.039064812337749,17.17063848803017
-2.8964395403862,0.9054000973701477,1.163837730884552,0.011456553865168298,-0.06108410200768524,3156.3004150390625,3218.5985107421875,-2172.2518920898438,-3101.189208984375,2524.4265644431002,1944.8174962877968,3.92499999999999,30.25551478068034,0.34663909011416966,0.6344999670982361,-0.0362667196652389,-0.004608764056315741,-0.04324691897779623,158,6.67626953125,8.723300809881156,17.489907140498186
-2.5013168871402742,0.7033874243497849,1.023610234260559,0.009897294893170221,-0.06344741196496757,3130.182373046875,3191.432373046875,-1776.4230346679688,-2783.9431762695312,2470.1202671408582,1867.2877660631907,3.94999999999999,30.335089365641277,0.30024511946572197,0.6342592239379883,-0.02041840822396168,-0.0017333260676706656,-0.041340919552761736,159,6.636181831359863,9.425501722342602,17.7733841484083
-2.0882269710302355,0.5111676007509232,0.878250390291214,0.00828734795533872,-0.06528373227679367,3120.50341796875,3172.640869140625,-1366.9366760253906,-2446.7418212890625,2425.709691274163,1797.6891866564558,3.97499999999999,30.41437996758355,0.2520603272649977,0.6318756341934204,-0.0045775978463719665,0.0009107381548204003,-0.039137049720991086,160,6.618749141693115,10.137950065912861,18.036164345762565
-1.6660771220922472,0.32169828563928604,0.7286504805088043,0.006635296544702796,-0.06676959723392215,3109.2271728515625,3157.0111083984375,-953.9027862548828,-2096.204345703125,2391.5362743735327,1736.520641124233,3.99999999999999,30.493460761176216,0.20233612921502855,0.6242876648902893,0.011134123079457263,0.003454084498705963,-0.03663224684723069,161,6.62389612197876,10.854300219501594,18.29408707783196
-1.2257672488689424,0.13437534123659134,0.5761446058750153,0.004955475958067642,-0.06743170069280788,3092.8292236328125,3143.819580078125,-532.3749008178711,-1720.6123962402344,2367.688704717165,1684.1155324816586,4.02499999999999,30.572263929578995,0.1515013641781277,0.6069559454917908,0.026543379125521297,0.005911836643598777,-0.03382401213736398,162,6.651328086853027,11.568579253228327,18.56313844595817
-0.7716884419322014,-0.050943151116371155,0.4227888062596321,0.0032709402239165563,-0.06720302254014333,3056.634521484375,3113.629150390625,-100.35931396484375,-1329.9240417480469,2354.3793321967228,1641.100222575657,4.04999999999999,30.65052032470703,0.10025637845198314,0.5846278667449951,0.041449289403181946,0.008298697989002068,-0.030708494410783372,163,6.700442790985107,12.2741981361821,18.858847456103124
-0.3105262003839016,-0.23577441461384296,0.2699175961315632,0.0016019665571626455,-0.0662297994480983,3004.885009765625,3076.197265625,336.4989318847656,-930.739824295044,2351.870349347606,1607.8521215319597,4.07499999999999,30.727575090196396,0.04922459108961953,0.5605384707450867,0.05577286829957775,0.01065803414063246,-0.027283513204346348,164,6.770439624786377,12.963056865573467,19.195636419664336
0.15299285985529423,-0.4199463054537773,0.11833842098712921,-3.458684563332992e-05,-0.06460660276369501,2943.1053466796875,3029.5712890625,771.7845077514648,-525.2283020019531,2360.2828226447295,1584.5836259245875,4.099999999999991,30.80310821533203,-0.0010653823846951127,0.5324826836585999,0.06944779686178192,0.012992710174784263,-0.023553699921636133,165,6.860427379608154,13.624821799847588,19.586124131966475
0.6180848240852357,-0.6054933220148087,-0.030840247869491577,-0.0016213450852450126,-0.06227530067376406,2884.9483642578125,2986.3839111328125,1204.486083984375,-114.07940673828125,2379.5774353385204,1571.4529183745426,4.124999999999991,30.877117580837673,-0.0500625040796068,0.5036621689796448,0.08238136795553529,0.015347584101179984,-0.019532819776537067,166,6.96939754486084,14.246478529585266,20.04030143769227
1.0823789641261101,-0.7963780462741852,-0.1770075038075447,-0.003142209674724851,-0.059353671477514226,2800.287841796875,2917.8785400390625,1638.4965209960938,294.8210144042969,2409.6895874381335,1568.6009332060892,4.1499999999999915,30.94912846883138,-0.0972489681508806,0.47466158866882324,0.09460762426970962,0.01780536345634907,-0.015243224596854406,167,7.096316337585449,14.812223290752833,20.564567555236824
1.5439116507768633,-0.9991804957389832,-0.3194899596273899,-0.004583368895648222,-0.055921668264296724,2657.821044921875,2775.0806884765625,2076.8076171875,695.4296264648438,2450.6520004630397,1575.9714585662002,4.174999999999992,31.01790534125434,-0.14216749204529655,0.44872182607650757,0.10613072283231897,0.020492012378886048,-0.010715808091530367,168,7.240176677703857,15.303744593194619,21.16069271664129
1.9984530121088029,-1.2037843763828278,-0.4580337479710579,-0.00593456996792981,-0.05227625014041219,2409.3759765625,2522.049560546875,2520.2344970703125,1081.353624343872,2502.5721908927308,1593.3571992278244,4.199999999999992,31.08114242553711,-0.18445538149939644,0.4289242923259735,0.11710155668625155,0.023249899820285344,-0.005989564764588597,169,7.400086402893066,15.700943213501015,21.82478343976109
2.4403048306703568,-1.4073115587234497,-0.5929991379380226,-0.00719593616679976,-0.04872522027122496,2043.2909545898438,2140.039794921875,2961.5872802734375,1450.9151458740234,2565.578053319492,1620.3910398364242,4.2249999999999925,31.13514158460829,-0.2240503662162357,0.4135670065879822,0.12762035223465681,0.02602475034947168,-0.0011125458183164473,170,7.575372219085693,15.983094234603925,22.546359553149436
2.8649356067180634,-1.6130415797233582,-0.7250171601772308,-0.008372723594370426,-0.04553517772660876,1658.2081298828125,1735.6992797851562,3393.751708984375,1801.2731018066406,2639.6177353263315,1656.6639184832775,4.249999999999993,31.17801030476888,-0.26105095942815143,0.4037245213985443,0.1378146416042359,0.028879368795089698,0.003858556575543857,171,7.765553951263428,16.130489275768173,23.307685220065004
3.2781889319419864,-1.813005268573761,-0.8551626801490784,-0.009474886335364629,-0.04274643610756468,1292.1715698242188,1357.2808227539062,3830.3189697265625,2128.7368774414062,2724.461528050944,1701.695746028446,4.274999999999993,31.209759182400173,-0.2957177824444241,0.40714073181152344,0.14792446715536745,0.031679061623819435,0.008861511442346242,172,7.970442295074463,16.12649745995435,24.0835083175296
3.684212535619736,-2.0093157291412354,-0.98459193110466,-0.010511841160949323,-0.04058014597548857,984.2169189453125,1034.1708984375,4278.231689453125,2432.2822875976562,2820.219502294111,1754.914167964483,4.299999999999994,31.23149236043294,-0.32831258243984646,0.4266190230846405,0.15837179844039612,0.03448019318371619,0.013837509345267007,173,8.190351486206055,15.959857252247836,24.84128736106933
4.055503743886948,-2.2024810314178467,-1.1155597567558289,-0.011519686387462688,-0.04020412011313699,743.8882446289062,777.0037231445312,4695.8734130859375,2702.0831909179688,2927.1752945304415,1815.7212251544263,4.324999999999994,31.244896782769096,-0.3599473502900865,0.45486050844192505,0.16937884296277536,0.03727053061881972,0.018735136451031083,174,8.426080703735352,15.627210653537068,25.541964209518504
4.4106102943420415,-2.392425537109375,-1.2503989934921265,-0.012534298747917836,-0.04115868443279466,574.1372375488281,595.7777709960938,5103.26318359375,2951.226318359375,3044.5721298575927,1883.273304927377,4.349999999999994,31.25182893541124,-0.39174026913113064,0.4915313720703125,0.1812022961620752,0.04002435673955664,0.023502673339031294,175,8.678688049316406,15.135996561146959,26.141527869134876
4.741290175914765,-2.5827900171279907,-1.3906599283218384,-0.013593736478767684,-0.04371247698704491,470.5696105957031,483.99920654296875,5478.5899658203125,3185.8131713867188,3172.153709447439,1957.0539628863628,4.374999999999995,31.254196166992188,-0.4248874717288547,0.5265591144561768,0.19395189691996373,0.042776138676097475,0.028096759377472483,176,8.94944953918457,14.50751125953525,26.593793083780287
5.062225675582886,-2.7730958461761475,-1.5373474955558777,-0.014731618867882575,-0.04726898298122362,422.8424835205078,429.09649658203125,5832.4530029296875,3421.9428100585938,3309.1184585929486,2036.699292171032,4.399999999999995,31.25366422865126,-0.4604503843519423,0.5558698773384094,0.2075192212905611,0.04547252478137005,0.03247975452941666,177,9.239544868469238,13.77964617522551,26.85491053126782
5.343863546848297,-2.9673523902893066,-1.6911193132400513,-0.01597973532018073,-0.05264044158066974,415.6554412841797,415.8174285888672,6133.244873046875,3637.2789916992188,3454.9297836661926,2122.247862422498,4.424999999999995,31.251519521077473,-0.4994335108333164,0.5776448845863342,0.22172387339952804,0.04813939349102938,0.036619817375080584,178,9.549864768981934,13.008347786680638,26.889976807812786
5.614960289001465,-3.167401671409607,-1.853477418422699,-0.017372459339075587,-0.05858292769091007,432.3236541748047,423.4006042480469,6404.9720458984375,3861.0068359375,3608.2609054923655,2213.1798372149797,4.449999999999996,31.248577965630425,-0.5429192715220981,0.5860214233398438,0.23631170445508695,0.05075340261423985,0.040478995788336,179,9.880969047546387,12.26632487893011,26.681451405123212
5.871356928348542,-3.3739914894104004,-2.0227819681167603,-0.018916466512346453,-0.06481855709695168,459.63743591308594,443.16807556152344,6635.1175537109375,4098.542907714844,3768.3852066398276,2309.7050081134184,4.474999999999996,31.245237986246746,-0.5911199914084541,0.5720727443695068,0.25085143216345634,0.05330595097291833,0.0440242124762063,180,10.232930183410645,11.637513813558847,26.23819004095298
6.105216252803803,-3.588594675064087,-2.197988748550415,-0.020619963745399445,-0.07117198976933727,482.870361328125,459.8872985839844,6830.653076171875,4329.363220214844,3934.263145482602,2412.1685808062907,4.4999999999999964,31.241588592529297,-0.6442917717827691,0.547301173210144,0.2648897698623478,0.05579417358829838,0.047232002492774344,181,10.605165481567383,11.20628854278407,25.602841459435766
6.328328835964204,-3.809661030769348,-2.3769606351852417,-0.022474495501773554,-0.07696951669249323,460.2606964111328,428.98289489746094,6995.0972900390625,4574.30517578125,4105.029472386899,2520.4026613116625,4.524999999999997,31.23711903889974,-0.7021566894319322,0.4985199272632599,0.27803486668686994,0.058195716551980164,0.05008954105291574,182,10.996609687805176,11.041849464363432,24.85429891322275
6.5372500896453865,-4.037114381790161,-2.5566070079803467,-0.02446275747616707,-0.08182504192619613,351.7212677001953,312.1097106933594,7136.0989990234375,4822.4244384765625,4279.906904637876,2634.7602907061946,4.549999999999997,31.22950659857856,-0.7641122738520304,0.43489015102386475,0.28968984165770867,0.06051235461115886,0.05260244576205487,183,11.405536651611328,11.18030804625579,24.10199785713408
6.724879384040833,-4.267994403839111,-2.735302686691284,-0.026562560127153672,-0.08589581681043676,229.6190948486328,181.6788330078125,7260.2193603515625,5049.7781982421875,4458.309379613463,2755.3209016681094,4.5749999999999975,31.217532687717014,-0.8294126722547743,0.3751918375492096,0.29983328961760247,0.06272933635010894,0.05479448533292068,184,11.829828262329102,11.609247654859667,23.470367232775356
6.89045501947403,-4.5004189014434814,-2.912046194076538,-0.02875524260175139,-0.08928209271549976,118.2403678894043,62.475833892822266,7367.0577392578125,5253.700927734375,4639.814863622252,2881.5653566241645,4.599999999999998,31.20119306776259,-0.8974452151192559,0.32129165530204773,0.30850197883435126,0.06484428156860617,0.05670312295191003,185,12.26746654510498,12.260774164506035,23.074995264568532
7.0274400472641,-4.732048034667969,-3.087231755256653,-0.031027813667267676,-0.092491135250018,29.41964340209961,-33.14349365234375,7464.67919921875,5413.1883544921875,4823.991307103698,3012.907879817524,4.624999999999998,31.180951860215927,-0.9677873717414008,0.28553497791290283,0.3160348964252085,0.06684838102910726,0.05837384041701443,186,12.716646194458008,13.017372641817822,22.995816220084883
7.143940961360932,-4.9620513916015625,-3.2625486850738525,-0.03338149255213909,-0.09562297940243755,-25.75357437133789,-93.18911933898926,7553.0399169921875,5542.0892333984375,5010.608287084167,3148.237588679829,4.649999999999999,31.157610151502823,-1.040474043952094,0.2626037299633026,0.3228605782990816,0.06873894660338689,0.059850018125677744,187,13.176132202148438,13.731282700228597,23.254583300148226
7.253556203842163,-5.18933367729187,-3.437942385673523,-0.035807977683905146,-0.09838981236032653,-44.76057052612305,-117.2666642665863,7632.1435546875,5664.9022216796875,5199.434285008972,3286.78981951479,4.674999999999999,31.13220002916124,-1.115257740020752,0.24078644812107086,0.3291569236167878,0.07051145507878116,0.06117149946452108,188,13.6450777053833,14.25416125972852,23.80335199794544
7.34448585510254,-5.414044141769409,-3.614101529121399,-0.038305103163585555,-0.101221310198434,-63.14938545227051,-139.69919967651367,7700.5791015625,5764.0506591796875,5390.23787387616,3428.4123750567824,4.699999999999999,31.10520256890191,-1.1920710404713948,0.2230275422334671,0.33495582373238086,0.0721646789044751,0.062375106796803984,189,14.122705459594727,14.470832063035537,24.52830299888684
7.434286391735077,-5.636135816574097,-3.7907443046569824,-0.040866581434294204,-0.10354207199611311,-77.77569484710693,-158.13726234436035,7758.269287109375,5871.488525390625,5582.752351415223,3572.5136415362745,4.725,31.076636844211155,-1.2707034746805828,0.19777539372444153,0.34023018098176916,0.0736980854482507,0.0634877963061851,190,14.608296394348145,14.329189049375683,25.270209311773918
7.5170131683349615,-5.855215311050415,-3.9671053886413574,-0.04347908420701309,-0.10537728127042192,-86.72817707061768,-170.77684783935547,7807.2294921875,5974.148193359375,5776.709083592957,3719.3008546710403,4.75,31.04665756225586,-1.3507314523061116,0.1711990386247635,0.34481361437585,0.07510696008274066,0.06453105637371002,191,15.100942611694336,13.857902565094271,25.858796099521843
7.591019535064698,-6.070782661437988,-4.1433210372924805,-0.04613359418473877,-0.10685465324038658,-90.60000228881836,-178.37943267822266,7848.1070556640625,6068.39208984375,5971.889820897644,3868.6545595050247,4.775,31.015423668755425,-1.4318688710530598,0.14518125355243683,0.3487781957116237,0.07638903079864003,0.06551856898947901,192,15.59969425201416,13.165292411628341,26.153722186806966
7.661935293674469,-6.2822606563568115,-4.318671226501465,-0.04881743638515816,-0.10771992260093173,-90.5932388305664,-181.97164726257324,7882.44482421875,6163.0760498046875,6168.092497289246,4020.3643617511184,4.800000000000001,30.98307927449544,-1.5137171745300293,0.11665984243154526,0.35204486239422855,0.07754058165399029,0.06645642197329643,193,16.103612899780273,12.41714221965307,26.08160464574317
7.7225429892539985,-6.488836050033569,-4.492583990097046,-0.05151712855525272,-0.1082286363034073,-87.85263538360596,-182.77935600280762,7910.6866455078125,6244.628173828125,6365.153617894715,4174.441262996235,4.825000000000001,30.949745178222656,-1.5958540969424777,0.09162350744009018,0.35463741642590707,0.07856057651267984,0.06734779031252436,194,16.611698150634766,11.79745868278039,25.658198759616067
7.71602122783661,-6.696394920349121,-4.666894435882568,-0.054238600389637084,-0.10987852285536023,-83.91219425201416,-180.7242603302002,7821.6502685546875,6319.9808349609375,6562.920784032411,4330.556967341939,4.850000000000001,30.915557013617622,-1.6784626907772489,0.015940837562084198,0.3561679351043756,0.0795480433553676,0.06816526009269179,195,17.12291145324707,11.461727034892267,24.988092880264176
7.692049300670624,-6.912747859954834,-4.840231418609619,-0.05699481815386857,-0.1101186484395229,-78.09235191345215,-178.01862907409668,7705.4786376953125,6390.105712890625,6758.462040746278,4488.556488215962,4.875000000000002,30.880745781792534,-1.7619506518046062,-0.05806800350546837,0.355613831150071,0.08042891717542493,0.06882269885848068,196,17.63497543334961,11.494988710613237,24.24013117621327
7.708859264850617,-7.123060464859009,-5.008436918258667,-0.05972235284092207,-0.10770703123678006,-72.21449089050293,-175.2956485748291,7682.79638671875,6441.5306396484375,6951.099006688661,4648.309131038228,4.900000000000002,30.845366583930122,-1.8443512916564941,-0.0889788493514061,0.3536689911850134,0.0811239980587464,0.06922534384816544,197,18.14535903930664,11.887887028683469,23.603478646303103
7.778061199188233,-7.315218687057495,-5.166760683059692,-0.062362656518707864,-0.10340195643326132,-66.94272422790527,-173.11870765686035,7764.3677978515625,6484.8936767578125,7143.16891635663,4809.347397029439,4.9250000000000025,30.809383392333984,-1.9238497151268854,-0.07200810313224792,0.351573083407121,0.08161580901067839,0.06936402796193132,198,18.652969360351562,12.539816433251408,23.23747645578688
7.884996473789216,-7.482028007507324,-5.313198566436768,-0.0648856978847461,-0.09859184641852267,-62.73771858215332,-171.81897735595703,7918.2352294921875,6525.3087158203125,7337.278111302919,4971.4697389483845,4.950000000000003,30.77271991305881,-1.9995162222120497,-0.023899246007204056,0.3503276894128591,0.08191238112638313,0.06933215741382363,199,19.15825080871582,13.286888902082008,23.231722188921346
7.997011303901673,-7.623451232910156,-5.4496259689331055,-0.06729906278695431,-0.09479454488871955,-59.79140090942383,-171.33029747009277,8084.614501953125,6562.637939453125,7535.233992040223,5134.6024568438925,4.975000000000003,30.735306209988064,-2.0715857876671686,0.0295733492821455,0.3504234966330747,0.08204526454239967,0.06928300128576566,200,19.662660598754883,13.943803713877104,23.586064845307003
8.08724058866501,-7.745805025100708,-5.5802953243255615,-0.06963795072480278,-0.09265094988255797,-57.72909927368164,-171.20343589782715,8203.150024414062,6607.847900390625,7737.349354589051,5298.668405330221,5.0000000000000036,30.697123209635418,-2.1411470572153726,0.05842484161257744,0.3515974180415816,0.08205088630901326,0.06936384070841717,201,20.16783332824707,14.348432570147509,24.21221274652237
8.134669244289398,-7.858519554138184,-5.709740877151489,-0.07194418997216255,-0.09207822044537961,-56.04945755004883,-170.99580001831055,8235.496459960938,6660.639892578125,7942.428105199402,5463.864602839986,5.025000000000004,30.658234490288628,-2.2094953060150146,0.047157276421785355,0.35300603052115176,0.08195688920610107,0.0696591062107121,202,20.67464828491211,14.400540760492028,24.954922270367675
8.129840278625489,-7.970423698425293,-5.841366529464722,-0.07425011296914288,-0.09247972526922268,-54.44698524475098,-170.41772842407227,8176.992431640625,6708.3026123046875,8148.315516698425,5630.380600154439,5.050000000000004,30.618765089246963,-2.277633878919813,9.736662468640134e-05,0.35365640774886276,0.08177520336310883,0.07016052950970358,203,21.182720184326172,14.087124509387683,25.629231053917334
8.086560666561127,-8.086222648620605,-5.976266145706177,-0.07656723788745835,-0.09276660597527306,-52.92217254638672,-169.39263534545898,8057.005615234375,6746.811767578125,8352.74032748944,5798.088165462056,5.075000000000005,30.57887183295356,-2.3459259668986,-0.06774382293224335,0.3528326587341876,0.08149609575849012,0.07077298998139456,204,21.690519332885742,13.486974906657453,26.06688548934655
8.029077458381654,-8.20496654510498,-6.112206220626831,-0.07887876184510625,-0.09191429455790683,-51.603553771972656,-168.06555366516113,7922.7259521484375,6773.5037841796875,8554.1654678703,5966.758459651509,5.100000000000005,30.538705190022785,-2.413863605923123,-0.1346718966960907,0.3502763902723614,0.08109640105195046,0.07135549821320054,205,22.195850372314453,12.750668315880635,26.1600288868184
7.985380780696869,-8.320479393005371,-6.245083570480347,-0.08114696782314834,-0.08930262402302859,-50.542484283447266,-166.7576560974121,7829.019287109375,6784.9320068359375,8752.233616674012,6136.096054256001,5.125000000000005,30.49836688571506,-2.4802962938944497,-0.17632342875003815,0.3463106770931244,0.0805473487813386,0.07177765085787013,206,22.69655418395996,12.060421340708157,25.888412409903424
7.976399850845337,-8.423564910888672,-6.370596170425415,-0.08332804682165279,-0.0850219421106193,-49.81425666809082,-165.87861442565918,7811.3636474609375,6784.0565185546875,8947.959098851747,6305.719354426899,5.150000000000006,30.457888709174263,-2.5438870324028864,-0.17971839010715485,0.3417808398159814,0.07982371797889362,0.07196899898219232,207,23.191265106201172,11.58251601936093,25.321503273951592
8.008811223506928,-8.505807399749756,-6.485514879226685,-0.08538682014709537,-0.0796916335112041,-49.66676139831543,-165.5970802307129,7871.8138427734375,6781.0865478515625,9143.24319003827,6475.320767390766,5.175000000000006,30.41724099053277,-2.6035618782043457,-0.14924973249435425,0.3376108288916217,0.07891463129603826,0.07194382378751267,208,23.679834365844727,11.427361365026384,24.596752683529783
8.070373380184174,-8.562983512878418,-6.5889856815338135,-0.08730963909888939,-0.07431715804958564,-50.40128135681152,-165.81578636169434,7981.11181640625,6782.8206787109375,9340.038536107606,6644.847931087055,5.200000000000006,30.37636227077908,-2.658908896976047,-0.10102356970310211,0.3344675997255421,0.07783088701875494,0.07179238146764963,209,24.163190841674805,11.627142225624608,23.88343131507407
8.136067640781404,-8.596485614776611,-6.682816982269287,-0.08910824655296644,-0.06986984547672143,-51.99949264526367,-166.17106437683105,8090.867431640625,6791.718017578125,9539.56633151776,6814.418448054828,5.225000000000007,30.33521016438802,-2.7102944586012097,-0.05693850293755531,0.33251956396717636,0.07659946629783752,0.0716418296422761,210,24.64283561706543,12.133169459993379,23.343195301888244
8.184843289852143,-8.612102508544922,-6.770532608032227,-0.09081227017645363,-0.06673820938376203,-54.012672424316406,-166.2761573791504,8159.966064453125,6810.225341796875,9741.838017308775,6984.211398494282,5.250000000000007,30.293782552083332,-2.7586346202426486,-0.03536072373390198,0.33142790094683927,0.07524910214473443,0.07160442055133888,211,25.12015724182129,12.83002522716346,23.095631130258464
8.201341331005096,-8.617438316345215,-6.855604648590088,-0.09245381770524326,-0.06478312457088602,-55.97714042663574,-165.82839965820312,8162.5599365234375,6835.975830078125,9945.837168920103,7154.467032039203,5.2750000000000075,30.252147250705296,-2.8049230575561523,-0.04551825299859047,0.3304833442872154,0.07380040076838018,0.0717363635385955,212,25.595834732055664,13.562219166945379,23.19394437338012
8.182519638538361,-8.61911678314209,-6.940508604049683,-0.09405554265335779,-0.06341429722128812,-57.67344665527344,-164.69604301452637,8100.118896484375,6861.9281005859375,10149.90116733319,7325.366427791157,5.300000000000008,30.21042717827691,-2.8498665491739907,-0.08290240913629532,0.3289221326771837,0.07226187180069538,0.07202043128074448,213,26.069547653198242,14.168600016972654,23.61464652735144
8.139131963253021,-8.620231628417969,-7.025480031967163,-0.0956218808484879,-0.061820249667253586,-59.139413833618164,-162.97186660766602,7999.3843994140625,6881.099853515625,10352.4041397453,7496.914630305805,5.325000000000008,30.16876008775499,-2.8936184777153864,-0.13250310719013214,0.32623526945340275,0.07062727137728059,0.0723770451954629,214,26.540111541748047,14.518039126747494,24.263990042747967
8.086592209339143,-8.619858264923096,-7.106748580932617,-0.09713816825988132,-0.05942585146543378,-60.6729097366333,-160.7091407775879,7898.78515625,6883.3817138671875,10552.388749730653,7668.942126643696,5.3500000000000085,30.12727949354384,-2.9357483651902943,-0.16726532578468323,0.3223784129837227,0.06888053314662203,0.07269791449492542,215,27.005945205688477,14.537958452545132,25.000621095850395
8.021035218238831,-8.613475799560547,-7.187122106552124,-0.09859763879389359,-0.05711260893664494,-62.40422821044922,-157.73377799987793,7838.559814453125,6821.5107421875,10749.858378636904,7841.026669490376,5.375000000000009,30.08607228597005,-2.9760660065544977,-0.16742374002933502,0.31810956549340746,0.06700254476670921,0.07286822364663599,216,27.46590232849121,14.22800712264916,25.668724314728614
8.011779749393463,-8.595055103302002,-7.264601945877075,-0.09997908703034494,-0.05320641740777121,-64.46924114227295,-155.95636177062988,7841.77294921875,6799.4261474609375,10945.822373998231,8011.564438045064,5.400000000000009,30.045110914442276,-3.013931645287408,-0.1509031057357788,0.31412138189247296,0.06497962008625263,0.07282084434636779,217,27.919998168945312,13.65601919004535,26.13203852394711
8.062567710876465,-8.556753635406494,-7.332577228546143,-0.10124224930250474,-0.04772599806903803,-66.92868423461914,-155.21323013305664,7905.4361572265625,6826.9703369140625,11141.8666977287,8181.550091731588,5.42500000000001,30.004333919949,-3.0481277571784124,-0.13242048025131226,0.31058267330451655,0.06280236522062596,0.0725763328687849,218,28.368728637695312,12.939882361133275,26.30026205782522
8.150275325775148,-8.49423360824585,-7.386229515075684,-0.10235517599967045,-0.041383800607501214,-69.99534034729004,-154.91509246826172,7999.879638671875,6891.4576416015625,11339.502601659362,8352.224350154438,5.45000000000001,29.963707394070095,-3.077696164449056,-0.118807353079319,0.30745692113309053,0.06047988693240051,0.07225559672737689,219,28.812679290771484,12.221611993900362,26.143837250670277
8.230339074134827,-8.40901231765747,-7.424355506896973,-0.1033117668184701,-0.03551509238183448,-73.63589286804199,-154.0311679840088,8085.468994140625,6950.888427734375,11539.499592626158,8524.510791194476,5.47500000000001,29.923250410291885,-3.1024694442749023,-0.10768526047468185,0.30461772509495705,0.05803723349998523,0.07202061437306942,220,29.25230598449707,11.63917523975215,25.69628154081505
8.259324550628662,-8.307990550994873,-7.4541003704071045,-0.10414565249004434,-0.031603768026078546,-77.54131841659546,-152.08609580993652,8125.33203125,6962.544677734375,11741.636317479673,8698.283001887834,5.500000000000011,29.883030785454643,-3.1234886911180286,-0.09604166448116302,0.3020895196931176,0.05550564089013431,0.07198804058398639,221,29.68798828125,11.301013403381939,25.044906812432924
8.243909478187561,-8.200109481811523,-7.483927249908447,-0.10490348826774003,-0.029258721528209273,-81.22291803359985,-149.5604648590088,8102.03564453125,6956.0557861328125,11944.769618260923,8872.346618831194,5.525000000000011,29.84312693277995,-3.1421828269958496,-0.10205909609794617,0.2996617820434013,0.052909959724769556,0.0721758267303506,222,30.120067596435547,11.267466709701074,24.312389789847337
8.197894990444183,-8.091508388519287,-7.516112327575684,-0.10561287948073148,-0.027547274343183478,-84.45521712303162,-146.6540069580078,8025.1549072265625,6947.1197509765625,12147.320509374205,9046.248013484514,5.550000000000011,29.803625742594402,-3.1594022115071616,-0.12845206260681152,0.2968129986253436,0.05025555169617935,0.07250905476174677,223,30.54834747314453,11.541731956491581,23.632994378312603
8.122796893119812,-7.984307527542114,-7.54785680770874,-0.10628168245423443,-0.026170282740368804,-87.45223224163055,-143.05847549438477,7926.4329833984375,6906.7813720703125,12347.94938205487,9219.926007258928,5.575000000000012,29.764622582329643,-3.1753993034362793,-0.1480247527360916,0.29329403071896737,0.04753390925303766,0.0728594019255251,224,30.97202491760254,12.071476625875347,23.127658928111686
8.052176702022553,-7.8765034675598145,-7.582337856292725,-0.10691615561681059,-0.024415220050709157,-90.57780632004142,-139.64648628234863,7846.6639404296875,6855.7349853515625,12546.110206639833,9392.595541560686,5.600000000000012,29.726178910997177,-3.190374639299181,-0.1542249619960785,0.2894980274801957,0.044727952794259736,0.07308400627395965,225,31.390451431274414,12.760869913866893,22.8826953830312
8.031674480438234,-7.761289596557617,-7.614845514297485,-0.10748667130133281,-0.02095929208016757,-93.99280166625977,-137.01074981689453,7821.6240234375,6841.8070068359375,12742.276805150575,9563.988916194476,5.625000000000012,29.68828625149197,-3.203441301981608,-0.15316137671470642,0.28564576496339605,0.041818180906644555,0.07308428923482548,226,31.80342674255371,13.490030697805173,22.936520424986302
8.072662568092348,-7.630146503448486,-7.637662172317505,-0.10794514280536836,-0.01552472072407578,-97.97058010101318,-135.1561279296875,7860.1026611328125,6877.0634765625,12937.817405736514,9735.034091365374,5.650000000000013,29.65091281467014,-3.213161892361111,-0.14821170270442963,0.2818721988568083,0.038791427587553044,0.07286588505830376,227,32.210975646972656,14.136962051744199,23.276148549689154
8.154653930664063,-7.477086544036865,-7.645019292831421,-0.10824918425569294,-0.008836850154533189,-102.58305263519287,-133.63499450683594,7940.138671875,6945.9752197265625,13134.319972264833,9906.960678279436,5.675000000000013,29.61404588487413,-3.218276765611437,-0.14216271042823792,0.27824573911093375,0.0356520464811891,0.07254219447256144,228,32.613250732421875,14.597687528165785,23.842600521273447
8.226881051063538,-7.302515029907227,-7.634680509567261,-0.10838721922394311,-0.0026302606476437513,-107.68573570251465,-131.59021759033203,8022.2283935546875,6995.0860595703125,13332.823439061707,10080.6100587726,5.7000000000000135,29.577708774142796,-3.2184587584601507,-0.1271495223045349,0.27484741240193816,0.03242346820365892,0.0722763527391227,229,33.010475158691406,14.801640075200622,24.54315365226324
8.252199387550355,-7.112663507461548,-7.616102933883667,-0.10839534186526785,0.0015666381908642257,-112.7313175201416,-129.00787925720215,8067.7900390625,6994.9500732421875,13533.379148900573,10255.487210261857,5.725000000000014,29.5419438680013,-3.214809629652235,-0.10672294348478317,0.2719455155648901,0.029138428830424456,0.07219147280175482,230,33.40312194824219,14.720469587165171,25.267700176124706
8.236588633060457,-6.916634798049927,-7.5969250202178955,-0.10832092315755695,0.004137087075234942,-117.14526462554932,-126.19684505462646,8049.39306640625,6983.9324951171875,13735.073899877134,10430.360962092913,5.750000000000014,29.506778717041016,-3.2087614801194935,-0.1072782501578331,0.269326313277554,0.025825653050555737,0.07231691601147595,231,33.79178237915039,14.369776662233203,25.906215644658438
8.190964925289155,-6.721146106719971,-7.579253435134888,-0.10819320793853084,0.006009297643939053,-120.78054237365723,-123.22645282745361,7973.3997802734375,6975.6539306640625,13936.30872653729,10604.959274470843,5.775000000000015,29.472266303168404,-3.2011996375189886,-0.13225223124027252,0.26637368322174,0.02249513708081627,0.07259359348159997,232,34.17642593383789,13.804602157248793,26.36492368767158
8.127395129203798,-6.528575897216797,-7.56223201751709,-0.10801837973534555,0.008046108212766873,-123.93854713439941,-120.17755222320557,7862.26318359375,6969.7506103515625,14135.643721044127,10779.350622737444,5.800000000000015,29.43847868177626,-3.192322254180908,-0.17175234854221344,0.26258452097801843,0.01913947660516752,0.07291337254949123,233,34.55623245239258,13.109582275214862,26.579467721900556
8.058097398281099,-6.337684392929077,-7.540748596191406,-0.1077823986956293,0.010774888655838094,-127.2394905090332,-116.89720153808594,7757.3853759765625,6947.185546875,14332.200300633973,10953.594387996232,5.825000000000015,29.405492146809895,-3.1817248132493763,-0.20207281410694122,0.2578624534044421,0.01574759921928829,0.07315866633064434,234,34.92994689941406,12.38481034673091,26.52314023356524
8.001032423973085,-6.143064737319946,-7.517840385437012,-0.10747212378387826,0.014218164530607199,-131.15914726257324,-113.95311069488525,7690.5093994140625,6909.0970458984375,14526.134935033388,11127.274026668108,5.850000000000016,29.37336179945204,-3.169028229183621,-0.20439165830612183,0.252778728554833,0.012302398794512684,0.07323395056570953,235,35.29664993286133,11.729926314870808,26.2083708090578
7.991273438930512,-5.939011812210083,-7.48714542388916,-0.10705560538938987,0.019296351877684047,-135.93868827819824,-111.40594005584717,7676.07666015625,6905.2784423828125,14718.39767001874,11300.00145281557,5.875000000000016,29.342085520426433,-3.153290483686659,-0.20283551514148712,0.24767889158062897,0.00879794095488821,0.07310253188829252,236,35.656124114990234,11.229957855990325,25.681593237386274
8.023066222667694,-5.719114303588867,-7.443186044692993,-0.10649247997689261,0.025776349200281046,-141.3815402984619,-109.26164817810059,7699.393310546875,6939.9173583984375,14910.299586522646,11472.63341387514,5.900000000000016,29.311661190456814,-3.133325046963162,-0.20326395332813263,0.24262263057976136,0.005234233437626048,0.07281760694116766,237,36.00836944580078,10.945303250281848,25.013803486317208
8.057151114940645,-5.482034683227539,-7.381319522857666,-0.10576144225766586,0.03246147650584139,-147.14432525634766,-107.14113426208496,7724.775146484375,6976.8421630859375,15102.784419286318,11646.1313478351,5.925000000000017,29.282107883029514,-3.108516799079047,-0.20412024855613708,0.23751222418498105,0.0016265559994433623,0.07249918442095667,238,36.35331344604492,10.906360669405819,24.289257318875382
8.054790663719178,-5.231537103652954,-7.306550979614258,-0.10487674014354154,0.037979123923781444,-152.58065795898438,-105.05211734771729,7713.2412109375,6984.12060546875,15295.903797948427,11820.552401912248,5.950000000000017,29.253467983669704,-3.0793062845865884,-0.20803554356098175,0.23239749015342936,-0.0019964535354144376,0.07226396071767541,239,36.69084548950195,11.11260670913805,23.59393730242804
8.017278122901917,-4.974883079528809,-7.224152565002441,-0.10386630353645185,0.04267095629660695,-157.24596405029297,-103.04813575744629,7644.181884765625,6984.7388916015625,15488.734828221865,11995.155417048967,5.975000000000017,29.225777520073784,-3.0465369754367404,-0.2323114275932312,0.2269469148636619,-0.005607105183580145,0.07216802866178372,240,37.02070999145508,11.535600927563515,23.00517950420403
7.939963853359223,-4.717994213104248,-7.135708808898926,-0.10274523755320458,0.046979871877760294,-161.09598541259766,-101.08528995513916,7500.9559326171875,6986.8143310546875,15679.839375341006,12169.773889339007,6.000000000000018,29.199093712700737,-3.0106692843967013,-0.2869393527507782,0.22050231469702233,-0.009195867676165138,0.07219441060133232,241,37.34196472167969,12.124934537902401,22.583412492318203
7.8375053167343145,-4.464081287384033,-7.040251970291138,-0.10150854044437745,0.0519547608237584,-164.4661750793457,-99.16627979278564,7313.012939453125,6987.7144775390625,15867.363273656438,12344.444247615374,6.025000000000018,29.17350345187717,-2.971573140886095,-0.35865476727485657,0.21246983801993666,-0.012758007400376395,0.0722709848050505,242,37.65276336669922,12.816291160959643,22.366552236983722
7.716906762123108,-4.212542295455933,-6.935086250305176,-0.10013467389465441,0.05814564080110827,-167.9411392211914,-97.30327415466309,7100.11474609375,6980.4779052734375,16050.18859714277,12519.13710955385,6.0500000000000185,29.149112701416016,-2.9286318355136447,-0.4358244836330414,0.20251599048489968,-0.01630501600034734,0.0723013448414774,243,37.95064163208008,13.540856945506928,22.367780759380246
7.592670273780823,-3.9590433835983276,-6.815994739532471,-0.09858346578346733,0.0660030895379269,-172.1360092163086,-95.5727128982544,6887.25732421875,6966.6468505859375,16227.691465795117,12693.649057185687,6.075000000000019,29.126029544406467,-2.8806832101609974,-0.5088657736778259,0.19070335637752828,-0.019849774437256627,0.07219826386253453,244,38.232948303222656,14.234607496286497,22.57726750660561
7.476192724704743,-3.69894015789032,-6.6781675815582275,-0.09681188109207617,0.07581129961203936,-177.4859848022461,-94.04204750061035,6693.8468017578125,6947.6807861328125,16399.87289890059,12867.815228450336,6.100000000000019,29.104353586832683,-2.8264832496643066,-0.5706918239593506,0.17717015375839754,-0.02339251833844289,0.07191187417681012,245,38.497135162353516,14.845625040647606,22.96733552836446
7.348521578311921,-3.427030920982361,-6.517259836196899,-0.0947781997375292,0.08685557013303087,-183.96807479858398,-92.73327350616455,6485.8253173828125,6922.935546875,16567.219068944538,13041.507248103657,6.1250000000000195,29.084159003363716,-2.7648282051086426,-0.6349512934684753,0.16206896511321223,-0.02694192950503006,0.07144185121154636,246,38.74086380004883,15.338225033844028,23.49955370063189
7.210249137878418,-3.1418055295944214,-6.330117702484131,-0.09244920710760605,0.09919678346013416,-190.76584243774414,-91.8434362411499,6260.2493896484375,6896.4697265625,16729.364701879113,13214.580636775532,6.15000000000002,29.06551784939236,-2.6947657267252603,-0.7052832245826721,0.1453639209910403,-0.030473012713771522,0.07082558741292362,247,38.961788177490234,15.693829563499875,24.131954677482742
7.041762804985047,-2.84433114528656,-6.11453914642334,-0.08979924530967952,0.11271259230839531,-197.67457580566406,-91.24501895904541,5979.0411376953125,6870.4417724609375,16885.87093662033,13386.992379939595,6.17500000000002,29.048480987548828,-2.615565988752577,-0.7992570400238037,0.12656037250891322,-0.03395434890558814,0.07011473146133262,248,39.157196044921875,15.90943765291185,24.825072567966867
6.8076861858367925,-2.541399121284485,-5.869194030761719,-0.08680349701134142,0.12674020246152085,-203.13373565673828,-91.04329299926758,5584.886474609375,6837.3939208984375,17035.34696506272,13558.75342425112,6.200000000000021,29.03310775756836,-2.526524066925049,-0.9336165189743042,0.10500878299933902,-0.0373187900106044,0.06933487050918416,249,39.32360076904297,15.994824233520461,25.54628302229976
6.521582674980164,-2.2378567457199097,-5.591965436935425,-0.08343486454850019,0.14261921723733423,-207.08433532714844,-91.4605712890625,5109.38671875,6790.568115234375,17174.96912692796,13729.68827227358,6.225000000000021,29.01945537990994,-2.426868544684516,-1.0938401222229004,0.07970916044012819,-0.04056027213585386,0.06846065459185202,250,39.45629119873047,15.969475900455466,26.272450973624245
6.196591007709504,-1.92984938621521,-5.279000520706177,-0.07963876976356603,0.16125248985726437,-210.9765625,-92.42314910888672,4586.6793212890625,6719.8426513671875,17302.70379489672,13899.452475154441,6.250000000000021,29.007587432861328,-2.315025064680311,-1.2604693174362183,0.050243721435274516,-0.0437118257609346,0.06742395255851143,251,39.54960250854492,15.859782627871782,26.991026178024917
5.820026898384095,-1.6224313974380493,-4.925684452056885,-0.07534676109414548,0.18218746602832275,-212.00918579101562,-93.81276893615723,4017.1866455078125,6601.7012939453125,17417.370777928958,14067.448541438622,6.275000000000022,28.997535705566406,-2.1890144877963595,-1.4206944704055786,0.016688549168170228,-0.04660812163731506,0.06614902244328483,252,39.59763717651367,15.696727060066825,27.69950410344671
5.393223321437836,-1.3080242276191711,-4.528388738632202,-0.07049871767863002,0.20515075561985593,-211.34396362304688,-96.10277557373047,3413.1818237304688,6426.2861328125,17517.800444066666,14232.491073787258,6.300000000000022,28.989283243815105,-2.0470998022291393,-1.5657899379730225,-0.02062628459179918,-0.049297833195105625,0.06456928938010947,253,39.59477996826172,15.514544426613378,28.403067919101634
4.8959301054477695,-0.9861067831516266,-4.085962176322937,-0.06506593979508482,0.22908626545683616,-209.48255920410156,-99.2420768737793,2757.6743774414062,6173.4521484375,17603.12998965994,14393.148227107575,6.325000000000022,28.982675340440537,-1.888450649049547,-1.6933746337890625,-0.061430113212313786,-0.051744289954452675,0.06262356308175156,254,39.53584289550781,15.350695699859678,29.110398808913423
4.314161533117295,-0.6707935929298401,-3.599448323249817,-0.059033842475352524,0.2529690447042328,-202.17115783691406,-103.47600936889648,2049.7659912109375,5818.7403564453125,17672.07184909599,14547.484530818518,6.350000000000023,28.977474636501736,-1.7126415835486517,-1.7941534519195557,-0.10512117671971878,-0.05367675662341443,0.060243258827763164,255,39.416229248046875,15.246627350289211,29.827619925656546
3.6532290577888493,-0.3550243377685547,-3.0724103450775146,-0.05241053171600103,0.2759906408788819,-193.75758361816406,-109.4718246459961,1320.2119140625,5340.9228515625,17723.31599887628,14692.953039729658,6.375000000000023,28.973335689968533,-1.5198998981051974,-1.849507212638855,-0.15070940128629057,-0.05517828845789313,0.05734944302014784,256,39.232444763183594,15.247545576940057,30.550290010912708
2.916377204656601,-0.04034285992383957,-2.510584235191345,-0.045237086776844834,0.2972970281534655,-183.94683074951172,-116.62723159790039,571.3143463134766,4743.6470947265625,17756.32129672786,14826.476111018732,6.4000000000000234,28.96977530585395,-1.3114029831356473,-1.8603090047836304,-0.19706280196831255,-0.05621215880198092,0.05385192604411439,257,38.982608795166016,15.398428618951305,31.254125704828496
2.045719134807587,0.2835297118872404,-1.9225398302078247,-0.03758838409640718,0.3132456013680004,-173.15764617919922,-123.64798355102539,-219.65489196777344,3943.4879150390625,17770.604155385714,14945.06728838691,6.425000000000024,28.966233995225693,-1.0893070035510592,-1.7969213724136353,-0.2429047425629848,-0.056979057649761265,0.049654896518257996,258,38.66647720336914,15.73344168759459,31.88716614827027
1.0881566226482393,0.6149265915155411,-1.320897400379181,-0.02961090793761544,0.32398965873273433,-161.51306533813477,-127.00132751464844,-1050.6772766113281,3024.1707763671875,17765.112783086537,15043.654486262905,6.450000000000024,28.962090810139973,-0.8578445514043173,-1.6883052587509155,-0.28647280963992017,-0.05752321844246472,0.04464449182241017,259,38.28616714477539,16.257475634322862,32.36917465541447
0.03180639888159931,0.9706053733825684,-0.7150070369243622,-0.0214441226372111,0.32795107756471353,-148.2737808227539,-130.24681282043457,-1928.5264282226562,1970.5807495117188,17738.845851171274,15119.258755672106,6.4750000000000245,28.95676718817817,-0.621047682232327,-1.5291334390640259,-0.3268113444867005,-0.05819639274522569,0.03870911718451818,260,37.845638275146484,16.924043646280214,32.60594459018446
-1.1212074667215348,1.3849786520004272,-0.11980240605771542,-0.013278578411486627,0.32432788019117437,-136.91508674621582,-127.69928741455078,-2904.3748779296875,837.0447082519531,17690.63269046573,15168.523274409925,6.500000000000025,28.949627346462673,-0.38443247477213544,-1.3661565780639648,-0.3629857273635193,-0.05975877781061271,0.03175000469824832,261,37.35041427612305,17.621708546304838,32.52295383646916
-2.3090443789958957,1.8114397525787354,0.45730021595954895,-0.005278618827281083,0.31520172647817724,-128.2141466140747,-127.84038162231445,-3883.9969482421875,-357.28492736816406,17618.02331851751,15189.449392116252,6.525000000000025,28.940080006917317,-0.15276508198844063,-1.1805644035339355,-0.39496420007437744,-0.06154786654438733,0.02368959187744663,262,36.80647277832031,18.185619857213517,32.111891548803
-3.480577325820923,2.2399388551712036,1.0067912936210632,0.002430179487555565,0.30106114003818346,-122.53241682052612,-128.38637828826904,-4750.233154296875,-1635.8084716796875,17520.923394811478,15180.517268932077,6.550000000000026,28.92770767211914,0.0702996551990509,-0.9198511242866516,-0.42139720573687717,-0.06337271237698545,0.014509929432484893,263,36.220664978027344,18.445301386540905,31.469012693031015
-4.581179910898209,2.6640067100524902,1.5204241275787354,0.009719192874379268,0.2824636869349149,-117.87106466293335,-132.9158592224121,-5537.4173583984375,-2864.1151123046875,17402.167565954078,15139.622057140117,6.575000000000026,28.912281460232204,0.2810128861003452,-0.6566983461380005,-0.4411795657881492,-0.06515565711490147,0.004270110931387099,264,35.60193634033203,18.300988047188458,30.794792433976678
-5.496171355247498,3.082317352294922,2.000787079334259,0.01654993787521541,0.2640144221015524,-112.51916456222534,-138.73909759521484,-6149.4849853515625,-3927.8829345703125,17263.732131994137,15068.019179332532,6.600000000000026,28.89375262790256,0.4782334632343716,-0.4075062572956085,-0.4545267632498947,-0.06684059960529717,-0.00687463930514661,265,34.95966720581055,17.792435179184743,30.333684439737326
-6.204442238807679,3.496687889099121,2.455310106277466,0.02293855132171986,0.24755214175749804,-106.56501960754395,-144.92937183380127,-6638.6734619140625,-4736.1912841796875,17109.995007360365,14969.822105968302,6.625000000000027,28.872256808810764,0.6624039676454332,-0.229342982172966,-0.4623645794960524,-0.06840895389659625,-0.018645344229808777,266,34.302494049072266,17.111097127766904,30.26985493278875
-6.787314224243165,3.9078928232192993,2.892723560333252,0.02892691662352062,0.2314698112772139,-100.22648239135742,-148.8517608642578,-7040.815673828125,-5402.0614013671875,16944.028170812526,14851.41732386383,6.650000000000027,28.84797626071506,0.83471589618259,-0.08249787241220474,-0.4662930749990556,-0.06987143297040246,-0.03066150210111108,267,33.6368293762207,16.53321158235986,30.633616609596306
-7.266038382053376,4.315418481826782,3.312597393989563,0.034512143834716034,0.2157460587929521,-94.15541648864746,-151.71053838729858,-7375.50244140625,-5944.783935546875,16768.007778966832,14716.36578882967,6.675000000000027,28.821114434136284,0.9950735171635946,0.03558168187737465,-0.46673928763969835,-0.07123757011118047,-0.042505653055507894,268,32.96772003173828,16.301054793122642,31.27478081274564
-7.6302704334259035,4.719075441360474,3.719372510910034,0.03972929929672188,0.20182524972191718,-88.58275985717773,-152.41394186019897,-7649.4510498046875,-6338.575622558594,16583.620217931686,14567.746190441012,6.700000000000028,28.791895972357857,1.1444841490851507,0.11040769517421722,-0.464859395515725,-0.07252362724633654,-0.05375980147634366,269,32.29914474487305,16.512824724928386,31.9224200841754
-7.9051155090332035,5.118525743484497,4.112871527671814,0.04462111842265552,0.18960077439672185,-83.74037551879883,-151.06977939605713,-7862.1749267578125,-6629.749572753906,16392.383941686578,14409.281799877059,6.725000000000028,28.76055187649197,1.2841803497738309,0.16031579673290253,-0.46141323177564886,-0.07374026326201483,-0.06402012891857832,270,31.633634567260742,17.07773880374187,32.302948192211176
-8.125763666629792,5.510668992996216,4.490217685699463,0.04921514620444787,0.1781828540524138,-79.30975341796875,-149.76184701919556,-8045.924072265625,-6850.431091308594,16195.829568517638,14243.53806055822,6.750000000000028,28.727313147650825,1.4149615499708388,0.1874251365661621,-0.45698113251051176,-0.0748834959001478,-0.07293362089615424,271,30.972888946533203,17.75729702668545,32.25831429175348
-8.301213943958283,5.8920488357543945,4.849433183670044,0.05353524290099034,0.16797129574764122,-74.93097114562988,-147.84721851348877,-8211.202880859375,-7006.488525390625,15994.681466711003,14072.27728327551,6.775000000000029,28.692372639973957,1.537522210015191,0.1887168139219284,-0.4521943667672033,-0.07596239239200933,-0.08023558416385279,272,30.317848205566406,18.26971130327662,31.809784437932485
-8.436229884624481,6.258364200592041,5.189482688903809,0.05762118948106601,0.15936144574622638,-70.50986289978027,-145.79035067558289,-8367.358520507812,-7097.2288818359375,15789.401394689523,13897.11507014075,6.800000000000029,28.65589353773329,1.6530165407392714,0.15898558497428894,-0.4477754834389757,-0.07695963386813552,-0.08576870080265592,273,29.66862678527832,18.40756710555004,31.1429508501319
-8.531291639804842,6.60550594329834,5.510100841522217,0.06151612083195574,0.15293167605790717,-66.49504089355469,-145.4182243347168,-8523.447631835938,-7114.511474609375,15580.217431676832,13719.684348094854,6.8250000000000295,28.618009355333115,1.7626930607689753,0.09532737731933594,-0.44455399062636136,-0.07787750066020974,-0.08949664363081927,274,29.024402618408203,18.118306639860684,30.526711093221852
-8.52148300409317,6.9348602294921875,5.814583778381348,0.06530938184704249,0.15163137101091917,-62.244049072265625,-144.12224555015564,-8596.2490234375,-7022.3619384765625,15367.131240880939,13541.821561229619,6.85000000000003,28.57883029513889,1.8691239092085097,0.009831509552896023,-0.4432316645661098,-0.07876030943324658,-0.09152657159270491,275,28.38336753845215,17.519028430949113,30.204634188297252
-8.394758141040803,7.250611066818237,6.106292724609375,0.069146123128114,0.15603422543833587,-57.324485778808594,-142.33999109268188,-8525.799682617188,-6858.431579589844,15152.225015295004,13366.262512767702,6.87500000000003,28.538487752278645,1.9764767752753363,-0.05444725230336189,-0.44385444478702485,-0.07961553784424429,-0.09208149114009337,276,27.743120193481445,16.846370281259038,30.301946922344985
-8.210678577423096,7.556427240371704,6.385659456253052,0.07313883410290166,0.16331485845017854,-51.66851043701172,-141.52159929275513,-8337.709594726562,-6706.2247314453125,14939.080023229571,13194.801723277951,6.9000000000000306,28.497068617078995,2.08796673350864,-0.0650225505232811,-0.4454805709486272,-0.08040732060346006,-0.09147081165738138,277,27.10181427001953,16.364076524829283,30.77956908596348
-8.04729107618332,7.852917671203613,6.649768590927124,0.07730488357513987,0.16949562257657533,-45.92839431762695,-142.49612855911255,-8113.2796630859375,-6627.707275390625,14730.637283361402,13027.146104991814,6.925000000000031,28.45460255940755,2.2040720780690513,-0.022715164348483086,-0.446666876056203,-0.08108139580368355,-0.09004896659614489,278,26.459156036376953,16.261196659515264,31.449559965674236
-7.945707559585572,8.13770580291748,6.896146297454834,0.08158628953447053,0.1722947213955463,-40.71926498413086,-144.989107131958,-7931.4403076171875,-6619.636291503906,14527.805291784247,12861.453423107047,6.950000000000031,28.411083221435547,2.3231116930643716,0.03971237689256668,-0.44645505488100085,-0.0815872798975009,-0.08816573719843057,279,25.816425323486328,16.577502952285222,32.048177169108484
-7.908027958869934,8.40692663192749,7.125248670578003,0.08589075680436561,0.1715829749494658,-36.54521942138672,-147.90062713623047,-7830.80126953125,-6647.548095703125,14329.51928409381,12695.962515819449,6.975000000000032,28.366483052571613,2.442427476247152,0.08981506526470184,-0.44478435406065325,-0.08190500749911497,-0.08612256833250019,280,25.175533294677734,17.187432295144166,32.3406850865827
-7.910697996616364,8.658576965332031,7.340498924255371,0.09014576417939087,0.16862689942899148,-33.49777603149414,-150.432635307312,-7800.221435546875,-6679.546142578125,14133.749252355527,12529.773813426871,7.000000000000032,28.32079569498698,2.559937900967068,0.1156780868768692,-0.4421713602676084,-0.08204342113558263,-0.08414810902269385,281,24.53803062438965,17.85154106963611,32.21452058193331
-7.931255125999451,8.892847537994385,7.546181678771973,0.09431224641530621,0.16468928259925483,-31.367671966552734,-152.34946632385254,-7809.60546875,-6704.559814453125,13938.743716466854,12362.785159862418,7.025000000000032,28.274050818549263,2.6745237244500055,0.12314271181821823,-0.439154498095253,-0.08201761760133329,-0.08238949059686003,282,23.904747009277344,18.312981911683938,31.721060224787824
-7.9591377735137945,9.111263275146484,7.746140718460083,0.09837562270514345,0.16043802861689088,-29.84459686279297,-153.76863861083984,-7835.509521484375,-6726.6307373046875,13743.503579748103,12195.171164501091,7.050000000000033,28.226292928059895,2.785771687825521,0.12330412864685059,-0.43607182255445903,-0.08183880297889129,-0.08092009146540881,283,23.27593994140625,18.397131351171662,31.05111503466126
-7.989516389369965,9.315502166748047,7.942294597625732,0.10233094123375072,0.1560735902881986,-28.700782775878906,-154.74646854400635,-7863.7161865234375,-6751.08203125,13547.615841710995,12027.005396068475,7.075000000000033,28.17758348253038,2.893545627593994,0.12399329990148544,-0.4329820896367763,-0.08151318576254786,-0.07975699747120873,284,22.651634216308594,18.075042241604294,30.458144972709075
-8.01792416572571,9.50679063796997,8.135853290557861,0.10617728653950333,0.15172245112019989,-27.82425308227539,-155.34040069580078,-7887.6495361328125,-6776.276611328125,13351.02293704791,11858.228345287225,7.100000000000033,28.127996656629776,2.997828059726291,0.1269628405570984,-0.4298528420664196,-0.08104317944204091,-0.0788793194444595,285,22.0318546295166,17.469302392353175,30.16174516401623
-8.042927658557893,9.686038970947266,8.327011585235596,0.10991481674759097,0.14736846569878614,-27.148223876953125,-155.54787826538086,-7905.214111328125,-6801.6658935546875,13153.83169864459,11688.821430004024,7.125000000000034,28.077608744303387,3.098633819156223,0.13239188492298126,-0.42661353936401536,-0.08043199645543533,-0.0782437726950689,286,21.416706085205078,16.803834675875148,30.268184473011537
-8.061230063438416,9.8535475730896,8.515581130981445,0.11354456383293605,0.1431102708528312,-26.67272186279297,-155.40384674072266,-7916.3719482421875,-6821.2374267578125,12956.201345861387,11518.779782665157,7.150000000000034,28.026506635877823,3.196003966861301,0.13739460706710815,-0.4232416445288388,-0.07968102247873582,-0.07779775146912947,287,20.806354522705078,16.319244630746457,30.73588767534219
-8.048499631881715,10.010737895965576,8.699773788452148,0.11708025971990932,0.14000710561640045,-26.492431640625,-154.42613124847412,-7920.6312255859375,-6790.8985595703125,12758.292047155333,11348.248846996212,7.1750000000000345,27.974775102403427,3.2903422249688044,0.12139257788658142,-0.41999741497841786,-0.07879477240222789,-0.07747520104922884,288,20.200883865356445,16.18632595801495,31.395652668410815
-8.02250955104828,10.156877040863037,8.88801908493042,0.12054767881443568,0.13770114932990649,-26.915287017822266,-153.08572387695312,-7900.2841796875,-6760.863952636719,12560.276266515684,11178.476383006953,7.200000000000035,27.922462887234158,3.38238795598348,0.11536969244480133,-0.4170850485893345,-0.0777929120060861,-0.07719769134126418,289,19.59988784790039,16.448786470631383,32.01482766673391
-7.978866612911225,10.303877830505371,9.075740814208984,0.12396891703118437,0.1357010071603377,-27.2392578125,-151.95855808258057,-7820.5228271484375,-6757.7318115234375,12362.769162023496,11009.454784191033,7.225000000000035,27.86966111924913,3.47278012169732,0.14603857696056366,-0.4138404528542637,-0.07670764889474359,-0.07687082992934899,290,19.0032901763916,17.01287439746714,32.379995052477966
-7.974347817897797,10.44074010848999,9.259169101715088,0.12731403045264883,0.13161575133766978,-26.921459197998047,-151.04931926727295,-7777.9739990234375,-6789.068176269531,12167.256091344783,10840.511488902948,7.2500000000000355,27.81646940443251,3.560685846540663,0.1751144379377365,-0.4098150848666089,-0.07547016948234624,-0.07642842061563798,291,18.41194725036621,17.684291546498446,32.369204122185174
-8.012913537025453,10.560211658477783,9.43101167678833,0.1305294978632969,0.12544406692611448,-26.682601928710938,-150.57939624786377,-7789.2763671875,-6845.6053466796875,11972.806741369195,10670.78478449621,7.275000000000036,27.76295344034831,3.6446068021986218,0.19332252442836761,-0.4051781885136447,-0.07406747421382309,-0.07587465787884803,292,17.8267822265625,18.237786235055975,31.98968954093712
-8.07863700389862,10.656049251556396,9.587144374847412,0.13357260049476796,0.11806274978030999,-27.130260467529297,-150.31509971618652,-7846.32861328125,-6906.3272705078125,11778.074832189508,10499.644650829221,7.300000000000036,27.709168328179253,3.723355664147271,0.1945781409740448,-0.40029098830772664,-0.07249997920809448,-0.07529457978153674,293,17.24836540222168,18.493473192841204,31.36959046458455
-8.132277834415437,10.727478504180908,9.726985454559326,0.136434042250382,0.11129281119700363,-28.666866302490234,-149.60673141479492,-7920.54345703125,-6927.9351806640625,11581.91661685748,10326.986469066527,7.325000000000037,27.655167049831814,3.7966932190789118,0.17168700695037842,-0.39565808669639757,-0.07078423559521634,-0.07480573159631748,294,16.676713943481445,18.372807957960788,30.710184160000594
-8.151482129096985,10.77924919128418,9.860154151916504,0.13915085771404795,0.10645472134606233,-31.083538055419922,-148.37056159973145,-7977.3043212890625,-6904.019287109375,11383.9030304317,10153.788089549926,7.350000000000037,27.600989871554905,3.8656841384039984,0.1365162581205368,-0.39181464590070886,-0.06894861020198718,-0.07449075454076676,295,16.111106872558594,17.917751533287298,30.218597161660277
-8.145455706119538,10.818528175354004,9.992858409881592,0.1417676881235382,0.10316606693970755,-33.83757019042969,-146.7285671234131,-7992.023681640625,-6875.93505859375,11184.470422399476,9981.18760737219,7.375000000000037,27.54665798611111,3.9316007826063366,0.11669345945119858,-0.3886974824237983,-0.06701512196107604,-0.0743622237286568,296,15.550458908081055,17.27157534997548,30.044270794028403
-8.119172978401185,10.851107597351074,10.126648426055908,0.14431521808803757,0.10077349133875876,-36.530372619628906,-144.6830930709839,-7960.4793701171875,-6856.97314453125,10984.66983035846,9809.289230907345,7.400000000000038,27.492224375406902,3.99532159169515,0.11995051056146622,-0.3857832851114655,-0.06499308361391974,-0.07437246857647521,297,14.994139671325684,16.63134283386589,30.236994483591594
-8.067757666110992,10.880303859710693,10.259143829345703,0.14680910200132863,0.09904252817636973,-39.060842514038086,-141.96781063079834,-7899.3013916015625,-6821.5850830078125,10785.657846105529,9637.864902294063,7.425000000000038,27.437767452663845,4.057304594251844,0.12913621962070465,-0.3826454488465933,-0.06287922654639917,-0.07443665908112453,298,14.442221641540527,16.18750507351227,30.73614967509683
-8.009800732135773,10.90628719329834,10.394668102264404,0.14926670034476738,0.09750239715084169,-41.45515441894531,-139.16665363311768,-7836.80419921875,-6775.531494140625,10588.175311315488,9467.325275218865,7.450000000000038,27.383363511827255,4.118054178025988,0.12936896085739136,-0.3794347085468801,-0.060662879388802576,-0.07445009139987262,299,13.894937515258789,16.068252118383995,31.392700904955277
-7.982520318031312,10.92555570602417,10.52967357635498,0.15167338237711517,0.09482227505357001,-43.64548873901367,-136.6596393585205,-7801.2254638671875,-6758.772705078125,10392.255206335018,9297.936987865349,7.475000000000039,27.329031626383465,4.177167680528429,0.13304327428340912,-0.3761565236925607,-0.05833241993968529,-0.07432565519793866,300,13.35234260559082,16.304859666700153,32.0159427597063
-8.000368857383728,10.931609153747559,10.657784938812256,0.15399166410602916,0.09044112538903747,-45.9219856262207,-134.65530490875244,-7807.656494140625,-6782.729736328125,10197.224569738337,9128.967670238395,7.500000000000039,27.27478239271376,4.233606656392415,0.13736990094184875,-0.37277570726773235,-0.05587478206494911,-0.07404654759331995,301,12.814542770385742,16.826826008167984,32.429581672010556
-8.055252707004549,10.918610095977783,10.773457527160645,0.156180899035372,0.08464373994631441,-48.69022750854492,-132.9811248779297,-7852.34814453125,-6836.3695068359375,10002.033157384822,8959.399426830192,7.525000000000039,27.220630645751953,4.286249743567573,0.1397557556629181,-0.36930427678681405,-0.05328681782496179,-0.07367934761326847,302,12.281658172607422,17.4859257225398,32.520474175272895
-8.117175853252412,10.884729862213135,10.873826026916504,0.15821806746647127,0.07857853204409186,-52.22948455810547,-131.18878650665283,-7913.922119140625,-6886.1546630859375,9805.724453771541,8788.490189159296,7.55000000000004,27.166608174641926,4.334477053748237,0.1337386816740036,-0.3658521209342852,-0.05058128750641507,-0.07334211651785877,303,11.753740310668945,18.10036939178307,32.26700724028733
-8.146255373954773,10.833271503448486,10.96404504776001,0.16012046330165575,0.07399563960460741,-56.41481590270996,-128.90572929382324,-7963.1788330078125,-6888.2177734375,9607.876400793028,8616.33632258215,7.57500000000004,27.11276372273763,4.378794564141168,0.11304844170808792,-0.3627543985333323,-0.047780334877654054,-0.07313806012170986,304,11.230555534362793,18.5053412954239,31.740839017430176
-8.14591716527939,10.77091646194458,11.052521705627441,0.161928533299981,0.07091924745951034,-60.75096130371094,-126.23955631256104,-7977.399658203125,-6871.5142822265625,9408.796929967833,8444.130878246213,7.6000000000000405,27.05911848280165,4.4203464190165205,0.09813258796930313,-0.36014603198268147,-0.044908078191300764,-0.07310551962214046,305,10.711464881896973,18.59570855714103,31.08381930871775
-8.123854160308838,10.703680992126465,11.142113208770752,0.1636729204587397,0.06877461215604794,-64.8470401763916,-123.17444229125977,-7950.70751953125,-6855.9837646484375,9209.361938512757,8272.343021190549,7.625000000000041,27.005704243977863,4.45999993218316,0.10032057017087936,-0.35770078404879796,-0.04197786238113003,-0.07321220419093334,306,10.19599437713623,18.35073673042104,30.46838564705983
-8.08907824754715,10.634671211242676,11.232838153839111,0.16536832209819777,0.06688013922510644,-68.64272212982178,-119.79288387298584,-7896.5460205078125,-6844.6856689453125,9010.594250524475,8100.943427074337,7.650000000000041,26.952573988172745,4.498180283440484,0.1152435839176178,-0.3550219768873145,-0.03898933582665416,-0.07338395311410824,307,9.684194564819336,17.836323956518406,30.052351265112332
-8.050000250339508,10.564079761505127,11.321159839630127,0.1670130737426739,0.06477021656197754,-72.3470458984375,-116.11646938323975,-7840.2666015625,-6827.6856689453125,8813.180600011778,7929.826285350704,7.675000000000042,26.89979977077908,4.534861246744792,0.12706667184829712,-0.35195704465728317,-0.03593572931333679,-0.0735350542164566,308,9.176509857177734,17.185245893298173,29.939259910450687
-8.011152398586274,10.488908290863037,11.410463333129883,0.1686074583530339,0.0626574226782984,-76.05464172363281,-112.49271821975708,-7806.99658203125,-6788.15478515625,8617.173934972712,7759.13414362707,7.700000000000042,26.847428215874565,4.570065604315864,0.1197500228881836,-0.3488504006666785,-0.03280750123433485,-0.073587044114362,309,8.673267364501953,16.561172800315802,30.154321060778358
-8.008765077590944,10.405426502227783,11.496357440948486,0.1701356301207918,0.059460214565874206,-79.99879217147827,-109.0734794139862,-7812.9361572265625,-6776.2503662109375,8421.99902042193,7589.430273998162,7.725000000000042,26.795448727077908,4.603363143073188,0.1077861562371254,-0.34600111790591637,-0.02959939288679275,-0.07349910986411895,310,8.1742582321167,16.11690103767713,30.641500162619725
-8.044424772262573,10.308383464813232,11.574745655059814,0.17156934289363596,0.055165251452119354,-84.33190155029297,-105.88528442382812,-7855.8564453125,-6797.1275634765625,8226.675616491266,7420.024014842888,7.750000000000043,26.74384011162652,4.633981386820476,0.09563634544610977,-0.34346126117430775,-0.02631028699140941,-0.07329377182169543,311,7.6790947914123535,15.957960820334947,31.28057237776802
-8.10191674232483,10.19499397277832,11.641988277435303,0.1728867254611141,0.0503185021664461,-89.15286898612976,-102.82963466644287,-7918.975341796875,-6837.8958740234375,8030.279205358455,7250.095825755975,7.775000000000043,26.692583296034073,4.661328527662489,0.08438987284898758,-0.3412066622849603,-0.022946589698963234,-0.07305566857548554,312,7.187373638153076,16.11960148624945,31.918106537279755
-8.144210934638977,10.066781520843506,11.698612689971924,0.1740907073004253,0.04631363219680654,-94.27610282227397,-99.76802921295166,-7976.03662109375,-6857.009765625,7832.304821813536,7079.148428905391,7.800000000000043,26.641688876681858,4.685501522488064,0.06745554506778717,-0.33929824104780953,-0.01952470441729343,-0.07288549258182947,313,6.698694705963135,16.561159576749677,32.404374462311196
-8.160230576992035,9.929113864898682,11.75168752670288,0.1752119646983759,0.04364239007729459,-99.21450662612915,-96.64543303847313,-8003.58056640625,-6857.641357421875,7632.903906286195,6907.723184764766,7.825000000000044,26.59115261501736,4.707357618543837,0.054456062614917755,-0.3377992142492312,-0.016067940047721996,-0.07284742602299815,314,6.212515830993652,17.177917174838488,32.62761050423752
-8.15288578271866,9.788008689880371,11.804917812347412,0.17628007538782262,0.04196384125410968,-103.66256999969482,-93.29197120666504,-7991.250244140625,-6855.4697265625,7432.81439212604,6736.282150829219,7.850000000000044,26.540982988145615,4.72771856519911,0.05640800669789314,-0.3364467278896344,-0.012591418871962183,-0.0729440738034328,315,5.728420734405518,17.826766526795815,32.53831529240432
-8.127829134464264,9.647693634033203,11.859534740447998,0.17731319879844842,0.040737230867911214,-107.62755537033081,-89.68911099433899,-7946.285400390625,-6853.5955810546875,7233.033136022524,6564.895407665156,7.875000000000044,26.491211785210503,4.747095637851292,0.0715394839644432,-0.33486717375759484,-0.00910152415425178,-0.07312806494524365,316,5.2464518547058105,18.35953861151254,32.15897310282473
-8.096025836467744,9.50935411453247,11.914884567260742,0.17831499677675217,0.03936383869375735,-111.3733491897583,-85.88694334030151,-7890.0166015625,-6850.759033203125,7034.376001012756,6393.555518138789,7.900000000000045,26.44188986884223,4.765602217780219,0.09032461792230606,-0.33283924316652674,-0.005594964393931016,-0.07332668682829313,317,4.767064571380615,18.656719544608897,31.577376679238043
-8.070343589782716,9.371215343475342,11.96910047531128,0.179275665560971,0.03741422584468361,-115.22393321990967,-81.98101472854614,-7847.23779296875,-6845.721435546875,6837.125585973691,6222.2865423087105,7.925000000000045,26.3930786980523,4.78298823038737,0.10199086368083954,-0.3304115055168105,-0.002066068930413164,-0.07347006476348027,318,4.290830135345459,18.653821132886893,30.925108103495756
-8.059772670269012,9.229702472686768,12.01921558380127,0.18017857703904874,0.034805089474030146,-119.49108028411865,-78.08954095840454,-7836.7364501953125,-6836.1553955078125,6640.94464114947,6051.143506420039,7.9500000000000455,26.34481218126085,4.798813396030003,0.09788785874843597,-0.3278726807601243,0.0014900154832843907,-0.0735154383705525,319,3.818098306655884,18.354149585187645,30.346667595270716
-8.068654298782349,9.08059549331665,12.06567907333374,0.18101161382802552,0.03178992922805889,-124.20914554595947,-74.39153861999512,-7863.5421142578125,-6824.9876708984375,6445.026229894586,5880.239621532342,7.975000000000046,26.2970945570204,4.812758763631185,0.07805263996124268,-0.32565673099609665,0.005075373407896731,-0.07345860484841452,320,3.3487229347229004,17.82560450920455,29.96724702699175
-8.099569141864777,8.921650409698486,12.105598449707031,0.18176364058559347,0.028450123403423167,-129.27982902526855,-70.7511796951294,-7915.703125,-6828.912353515625,6248.437677038142,5709.614929759881,8.000000000000046,26.24989191691081,4.824524455600315,0.05459665134549141,-0.32399372005339666,0.00868183727425944,-0.07333678187330021,321,2.8820855617523193,17.183677126827526,29.86668331044486
-8.13345776796341,8.752766609191895,12.138979434967041,0.1824362718531634,0.025533154739080972,-134.40119743347168,-67.35801982879639,-7971.7647705078125,-6834.49853515625,6050.545098913145,5538.892120921991,8.025000000000047,26.20316399468316,4.834158685472277,0.03116140142083168,-0.3229306527252643,0.012298279737350117,-0.07321281172455701,322,2.417424201965332,16.565687922339222,30.064330200721347
-8.158890008926392,8.576963901519775,12.168421268463135,0.18304537008397817,0.02337534094941188,-139.1695728302002,-64.14008808135986,-8010.22802734375,-6842.32568359375,5851.250979650452,5368.029657543085,8.050000000000047,26.156864166259766,4.842093255784777,0.016407383605837822,-0.32236299993891393,0.015907846095356754,-0.07314707325752409,323,1.9539920091629028,16.101927939510336,30.516684397142292
-8.168099915981294,8.398643970489502,12.196046352386475,0.1836106426701043,0.021994258897610412,-143.32036209106445,-60.99322319030762,-8016.3157958984375,-6852.94677734375,5650.99527896686,5196.971515453241,8.075000000000047,26.110971238878037,4.848864343431261,0.016387149691581726,-0.32198662869785843,0.019497271777471015,-0.07317168253047211,324,1.4913147687911987,15.88904029779275,31.127471425022343
-8.158736383914949,8.222266674041748,12.223647594451904,0.18414900068446383,0.021143539135114423,-146.86505699157715,-57.814022064208984,-7988.3272705078125,-6863.7437744140625,5450.5873840693985,5025.647846019649,8.100000000000048,26.06548309326172,4.854935540093316,0.03028831072151661,-0.32142573368277416,0.023055111432789363,-0.07328122167505843,325,1.029381513595581,15.970438236096859,31.76813546567415
-8.13607932329178,8.050380229949951,12.251710414886475,0.184668250518002,0.020388932440240468,-150.02290534973145,-54.55971717834473,-7939.1605224609375,-6871.467529296875,5250.879202306702,4854.054251659298,8.125000000000048,26.020435757107204,4.860526190863715,0.05110611394047737,-0.32041319983632605,0.026579020751344423,-0.07343749097439724,326,0.5686190724372864,16.327700642831434,32.304966599298105
-8.108949029445649,7.883211612701416,12.279719352722168,0.18516562914108795,0.019339809257128176,-153.14027976989746,-51.21142387390137,-7886.8638916015625,-6874.2034912109375,5052.400189245176,4682.267563426876,8.150000000000048,25.975877973768448,4.865574836730957,0.07046909630298615,-0.3188804507604445,0.030070246009302564,-0.07358620355414294,327,0.10967741906642914,16.885150438176336,32.62729778458271
-8.088527417182924,7.7187819480896,12.306067943572998,0.1856296350267638,0.017702391708622776,-156.54528427124023,-47.82108688354492,-7851.6357421875,-6872.2249755859375,4855.228591955134,4510.412476146603,8.175000000000049,25.93186272515191,4.86978636847602,0.08033084869384766,-0.31696939965171733,0.03353158976759218,-0.073678498730671,328,-0.3468383550643921,17.526778810223792,32.670353807839696
-8.082091522216798,7.553781747817993,12.32907772064209,0.1860446221036254,0.01546357100843674,-160.4209804534912,-44.45857238769531,-7844.75390625,-6867.5831298828125,4658.937698400445,4338.606851756955,8.200000000000049,25.888426038953995,4.872752295600043,0.07730872184038162,-0.31497455883719344,0.036965160708842,-0.07368975058627658,329,-0.8006172180175781,18.121351445536366,32.42754449651931
-8.090488910675049,7.385325908660889,12.347251892089844,0.18639842305444243,0.012853775089294564,-164.71720504760742,-41.22530937194824,-7864.7550048828125,-6863.3099365234375,4462.818850744195,4166.917273509885,8.22500000000005,25.84557427300347,4.874155786302355,0.06368805468082428,-0.3131941357799346,0.04036806264536659,-0.07362770725525615,330,-1.2517458200454712,18.54957391789906,31.950019267848695
-8.108393526077272,7.211973667144775,12.360170841217041,0.1866860777416846,0.010242397918255156,-169.09029388427734,-38.185686111450195,-7898.982666015625,-6862.32373046875,4266.199975622125,3995.3345250967986,8.25000000000005,25.803292592366535,4.873868624369304,0.04613874480128288,-0.31182190873875765,0.04373331830316938,-0.07352754743113395,331,-1.700639009475708,18.727410286237372,31.33465005098442
-8.125192391872407,7.034772634506226,12.368465900421143,0.1869127793294776,0.00800719069074349,-173.19168853759766,-35.371137619018555,-7926.311279296875,-6866.31494140625,4068.7254089717358,3823.77643183508,8.27500000000005,25.761547088623047,4.872031741672092,0.03407911956310272,-0.31083567360807407,0.04704789899885501,-0.07343628422952829,332,-2.1478278636932373,18.62142457745263,30.70383238116957
-8.134188508987428,6.856457233428955,12.37327241897583,0.1870891638174249,0.0062205893078151175,-176.75302124023438,-32.77706527709961,-7934.73876953125,-6875.01806640625,3870.567626989315,3652.118558299924,8.30000000000005,25.720305972629124,4.868931770324707,0.03219909220933914,-0.31003326317163316,0.05029867618048722,-0.07339302450657131,333,-2.5936801433563232,18.254053513321658,30.181303292210053
-8.127702963352204,6.68034291267395,12.375878810882568,0.18722698240383653,0.004901052804775651,-179.67330169677734,-30.33526039123535,-7912.401123046875,-6886.20703125,3672.1991577510344,3480.2431066397685,8.32500000000005,25.67956076727973,4.864884482489692,0.04401133954524994,-0.3091105777224616,0.053477677009552596,-0.07341450456523849,334,-3.038231611251831,17.698309592874534,29.868271745292024
-8.107148170471191,6.5097010135650635,12.377145767211914,0.1873345408223621,0.003715132607201155,-182.12045669555664,-27.965435028076172,-7865.0419921875,-6896.699462890625,3474.3891296748616,3308.087930858519,8.350000000000051,25.639317830403645,4.860117700364855,0.06553594768047333,-0.3077539301736616,0.05657506027358545,-0.07348886501630054,335,-3.4810893535614014,17.062872950069572,29.824109719766973
-8.077433705329895,6.345559120178223,12.376941204071045,0.1874103410448885,0.0023343314356709076,-184.3190155029297,-25.59864044189453,-7804.318359375,-6903.8150634765625,3277.7630798701716,3135.6704442862538,8.375000000000052,25.59962378607856,4.854603343539768,0.09064960479736328,-0.3058064603370275,0.05959196197723827,-0.07358212558872376,336,-3.921548366546631,16.4702695338389,30.055447584944925
-8.045022916793824,6.187682867050171,12.374313354492188,0.187446609969984,0.00048466293914093355,-186.66031646728516,-23.206876754760742,-7743.123291015625,-6906.483642578125,3082.6551208857936,2963.0750676993403,8.400000000000052,25.560533735487198,4.84815067715115,0.11361923068761826,-0.3032375751495371,0.06252680711039763,-0.07365240807436663,337,-4.358781337738037,16.032603083876666,30.516094844064323
-8.020606470108033,6.033657550811768,12.36765718460083,0.18742721882829685,-0.002108055719585432,-189.37269973754883,-20.817283630371094,-7700.242919921875,-6905.517578125,2889.0770386104,2790.4129766348874,8.425000000000052,25.522113376193577,4.840350680881077,0.12739154696464539,-0.30020323598252807,0.06538351759388757,-0.07366618161062939,338,-4.792031764984131,15.830179165577013,31.117676810752965
-8.004674446582795,5.880670785903931,12.355249881744385,0.18733507345458011,-0.005264349069205841,-192.4614715576172,-18.496917724609375,-7674.4404296875,-6903.0560302734375,2696.570965612351,2617.7750371817624,8.450000000000053,25.48441145155165,4.830767843458387,0.13357166945934296,-0.29693230824217914,0.06816170851770682,-0.0736118947362838,339,-5.220813751220703,15.897574412724774,31.748162827447047
-7.997823238372804,5.72685170173645,12.335862159729004,0.18715822291344203,-0.00887838922575462,-195.8633270263672,-16.3404598236084,-7664.1796875,-6901.7403564453125,2504.709954870162,2445.1986364249265,8.475000000000053,25.447463989257812,4.819101757473415,0.13423287868499756,-0.2935756932937569,0.070856827540867,-0.07350176470283062,340,-5.6448798179626465,16.21947137726585,32.29372944458313
-7.996786415576936,5.571156978607178,12.308789253234863,0.18688716304874242,-0.012742697345000342,-199.21808624267578,-14.420896530151367,-7661.3040771484375,-6903.7562255859375,2313.1054626826617,2272.6551275137936,8.500000000000053,25.411287943522137,4.805116653442383,0.13380955159664154,-0.2902306963855901,0.07346162587177608,-0.07336588523058774,341,-6.064143180847168,16.73604161175453,32.65928938519182
-7.988561344146729,5.414529800415039,12.274139881134033,0.18652116149118145,-0.016454518685893014,-202.24470138549805,-12.78056526184082,-7641.043212890625,-6910.01806640625,2121.5728607539504,2100.0612218741453,8.525000000000054,25.375889672173393,4.788804584079319,0.1426054984331131,-0.2867949522632789,0.0759675980397026,-0.07323979287535089,342,-6.478527545928955,17.35582631284896,32.78409253882924
-7.973065662384034,5.259213447570801,12.232385158538818,0.18606193265071092,-0.020225214612227847,-204.83349990844727,-11.399713516235352,-7603.965087890625,-6919.8023681640625,1930.5467804316836,1927.3107702139894,8.550000000000054,25.3412840101454,4.770222240024143,0.16001589596271515,-0.28303030774634286,0.07836334862801346,-0.07314812187720332,343,-6.88769006729126,17.973130860493463,32.65027045915507
-7.9461731076240545,5.106867074966431,12.18372917175293,0.1855067967214839,-0.024092178610482545,-206.92343139648438,-10.219324111938477,-7544.58154296875,-6931.016845703125,1740.447653234416,1754.3157110098882,8.575000000000054,25.30750062730577,4.749317699008518,0.18710239231586456,-0.27871926579750667,0.08064501189193884,-0.07309721388849078,344,-7.29099702835083,18.486691357694834,32.28345924071273
-7.905113756656648,4.959468841552734,12.128053188323975,0.18485349001657383,-0.02819493015315553,-208.77634811401367,-9.165487289428711,-7460.2786865234375,-6941.1541748046875,1551.833114660194,1581.0402898673108,8.600000000000055,25.274588267008465,4.726050164964464,0.22355560958385468,-0.27358895227357805,0.08280776085200299,-0.07307300408970627,345,-7.687492370605469,18.816347646847923,31.745848962226656
-7.861144876480103,4.8169145584106445,12.064488410949707,0.18408826396685318,-0.03306277458749465,-210.59524536132812,-8.182096481323242,-7373.4765625,-6948.4569091796875,1365.3261474971034,1407.5114354971943,8.625000000000055,25.242633819580078,4.700085851881239,0.2595665454864502,-0.2675416458073078,0.0848509713298254,-0.0730461644193453,346,-8.075940132141113,18.914811326123868,31.12334938518949
-7.816705191135407,4.67733907699585,11.991341590881348,0.18319029598154893,-0.038736123302447266,-212.58309936523438,-7.264839172363281,-7289.0364990234375,-6952.533203125,1180.9892334345986,1233.8000127677024,8.650000000000055,25.21172841389974,4.670911365085178,0.2929917871952057,-0.26063781680019776,0.08677841336282424,-0.07298685915082061,347,-8.455102920532227,18.772574231235723,30.509700095010437
-7.7731072306633004,4.539096832275391,11.906806468963623,0.18214097722254408,-0.04524952873256255,-214.99079132080078,-6.438547134399414,-7208.3060302734375,-6954.4227294921875,998.7633209590081,1059.9866826895775,8.675000000000056,25.18196529812283,4.638071060180664,0.32379448413848877,-0.2529085576579744,0.0885895792859167,-0.07287455697660333,348,-8.82380199432373,18.415650168463593,29.990970470242782
-7.738117527961731,4.399490833282471,11.80879831314087,0.18091537384413278,-0.05278943296009206,-217.70339584350586,-5.781862258911133,-7143.5975341796875,-6956.1080322265625,818.5556702021677,886.1261144522729,8.700000000000056,25.153433481852215,4.600949817233616,0.34814271330833435,-0.2444942336148418,0.09028313335736851,-0.07270398983116216,349,-9.180944442749023,17.897578892707127,29.633445479420228
-7.70602742433548,4.256098747253418,11.695615768432617,0.179490615950454,-0.06103609020665816,-220.53583526611328,-5.362451553344727,-7082.354736328125,-6959.669677734375,639.9657318476719,712.2234136466088,8.725000000000056,25.126219855414497,4.558984968397352,0.37213340401649475,-0.23550671408134008,0.0918591754457206,-0.072488606678002,350,-9.525618553161621,17.288127257075036,29.476646963564157
-7.6676690697669985,4.109097003936768,11.566033363342285,0.17785465273757517,-0.06977389261488372,-223.3954086303711,-5.248542785644531,-7006.21923828125,-6966.615478515625,462.90686343946527,538.2316717032496,8.750000000000057,25.100375281439888,4.511892530653212,0.4037741720676422,-0.2258077477073805,0.09330937901137723,-0.07225162695287698,351,-9.856892585754395,16.661373803672333,29.531750624854
-7.626863813400269,3.9585886001586914,11.419068813323975,0.1759901903031675,-0.07928840595503088,-225.96002960205078,-5.46220588684082,-6921.7984619140625,-6977.39453125,287.7513824824297,364.0662847403594,8.775000000000057,25.075969696044922,4.459258185492621,0.4406740367412567,-0.21525705248254315,0.0946254050311751,-0.07201425607596686,352,-10.173596382141113,16.085292732991533,29.784492495149323
-7.573736429214478,3.804581880569458,11.253783702850342,0.17387926895462982,-0.08935397309779668,-228.18071746826172,-5.986835479736328,-6811.9296875,-6991.0208740234375,114.70642093457329,189.63142145910996,8.800000000000058,25.05307939317491,4.400650395287408,0.4890933930873871,-0.2036723683197257,0.09580841447690193,-0.0717906753800763,353,-10.474371910095215,15.614110427991763,30.201243197236288
-7.505444562435151,3.649095058441162,11.069177150726318,0.1715090555844593,-0.10021351178529916,-230.26569366455078,-6.7789306640625,-6673.24365234375,-7005.6177978515625,-55.59182125293296,14.855899608524794,8.825000000000058,25.031774308946396,4.335772196451823,0.5493738651275635,-0.19068847596493746,0.09684705562441123,-0.07157939515947055,354,-10.757475852966309,15.284008279219552,30.736722482373786
-7.432577240467072,3.4911714792251587,10.863371849060059,0.1688505550262877,-0.11242155873552008,-232.18819427490234,-7.817054748535156,-6526.8389892578125,-7019.5872802734375,-222.42291256153462,-160.28454533776346,8.850000000000058,25.012166765001083,4.263917869991726,0.612282931804657,-0.17615876840016953,0.09774424546733451,-0.07136368743355254,355,-11.020784378051758,15.112140833461359,31.341905866509915
-7.3473632574081424,3.3290443420410156,10.634146213531494,0.16587147645189781,-0.1257623396435142,-234.13117218017578,-9.085329055786133,-6359.961181640625,-7031.3880615234375,-385.5938872929885,-335.77422734459856,8.875000000000059,24.994375440809463,4.184299310048421,0.6820357441902161,-0.16000122026384747,0.09850506897887812,-0.07112221362408801,356,-11.262063026428223,15.09855948128716,31.970977499858222
-7.253192877769471,3.161880135536194,10.378846645355225,0.16254212561513526,-0.14052818637318806,-236.33404541015625,-10.58309555053711,-6178.527099609375,-7041.3271484375,-544.5929168340139,-511.5589288826838,8.900000000000059,24.978497823079426,4.096195432874891,0.75655198097229,-0.14202812863339115,0.09912364639869786,-0.07083157120299789,357,-11.478862762451172,15.230132536158694,32.58641818497236
-7.152196407318116,2.987372636795044,10.094339847564697,0.1588233873374895,-0.1568930616003728,-238.67386627197266,-12.345745086669922,-5986.1580810546875,-7049.733154296875,-699.0560943242589,-687.5921075936208,8.92500000000006,24.964641994900173,3.9986475308736167,0.8342905044555664,-0.12215674410030473,0.09960163804128586,-0.0704712871194022,358,-11.66853141784668,15.485306303255047,33.16186175129877
-7.031776595115662,2.80466890335083,9.777330875396729,0.15467885953581048,-0.174574753473304,-241.18152618408203,-14.416532516479492,-5758.6612548828125,-7057.6217041015625,-848.7100463506374,-863.8354364510421,8.95000000000006,24.952896965874565,3.8907647132873535,0.9252686500549316,-0.10018629760790992,0.09992693484606062,-0.07002688043487364,359,-11.828245162963867,15.838730704605622,33.6829023154273
-6.90241323709488,2.611852288246155,9.424234390258789,0.15006747959504058,-0.19424684201069,-243.79143524169922,-16.84562587738037,-5514.7242431640625,-7065.625244140625,-992.676577722721,-1040.2759790535808,8.97500000000006,24.9433347913954,3.771537674797906,1.0223459005355835,-0.07585594917219023,0.1001050711946625,-0.06948519346915152,360,-11.954773902893066,16.2649397196429,34.14638626404869
-6.752081525325775,2.4082815647125244,9.031121253967285,0.14494099436517893,-0.21565770842378876,-245.77169036865234,-19.716930866241455,-5232.7252197265625,-7073.3343505859375,-1130.5446838018374,-1216.9166101570959,9.00000000000006,24.936023288302952,3.6397756470574274,1.1333657503128052,-0.0489536445913481,0.10011036006613983,-0.06883722556998922,361,-12.044600486755371,16.74069298425131,34.55880741625512
-6.579207825660706,2.1926807165145874,8.594030380249023,0.13925465441753376,-0.23912580019994645,-247.3816375732422,-23.20940673351288,-4911.4949951171875,-7079.0440673828125,-1261.3628142950186,-1393.7499689217439,9.02500000000006,24.930994245741104,3.4943736924065485,1.2581034898757935,-0.019075201316288187,0.09994724977175089,-0.06807265282697349,362,-12.093737602233887,17.245830468532084,34.93436552382804
-6.381508791446686,1.9648852348327637,8.108631610870361,0.13295174274326482,-0.2648680817442205,-248.33885955810547,-27.30755853652954,-4550.2042236328125,-7079.4619140625,-1384.1501891729677,-1570.726070606314,9.050000000000061,24.928256140814888,3.333921962314182,1.3946205377578735,0.014058282278742673,0.09958144795127169,-0.06717791392449093,363,-12.097702026367188,17.762598615023062,35.29305525056516
-6.154465627670288,1.723695456981659,7.5705859661102295,0.12597599174196578,-0.293063001494403,-247.9389877319336,-32.03513526916504,-4146.242431640625,-7069.030517578125,-1497.9052947638097,-1747.7126184578765,9.075000000000061,24.927772945827908,3.1570193502638073,1.5412596464157104,0.0507621806428641,0.09899504484637146,-0.06613643900713422,364,-12.051590919494629,18.273563020810993,35.65874752258879
-5.885527229309083,1.4684967994689941,6.97576642036438,0.11826688940024298,-0.3232905456570749,-244.80419158935547,-37.58193016052246,-3685.7573852539062,-7038.740966796875,-1601.5613555548498,-1924.4383813973302,9.100000000000062,24.92945777045356,2.9621529579162598,1.6985641717910767,0.0912214648779443,0.09816250740009906,-0.06492701433234516,365,-11.950149536132812,18.75825021430581,36.05682659124866
-5.562467849254609,1.2009927034378052,6.32118034362793,0.10977942829567407,-0.3553636937446853,-240.01812744140625,-44.30374526977539,-3164.29052734375,-6970.589599609375,-1693.7052901862262,-2100.406905567254,9.125000000000062,24.933109283447266,2.748191091749403,1.8591845035552979,0.13570348722910283,0.09702691886653246,-0.06351917583396681,366,-11.787782669067383,19.18890259549709,36.51047389580576
-5.1758743047714235,0.9207314550876617,5.605126857757568,0.10047007406681467,-0.3887996146516029,-233.74910736083984,-51.92850685119629,-2590.7979125976562,-6838.474365234375,-1772.8125533698524,-2274.6716455574924,9.150000000000063,24.93842018975152,2.514029608832465,2.009554386138916,0.18408676593874002,0.09556508893824195,-0.061868806584066294,367,-11.55876636505127,19.52651027343028,37.034166031467464
-4.698094093799591,0.6304382681846619,4.8295300006866455,0.09032607682994605,-0.42195723522460715,-222.51959228515625,-60.959686279296875,-1967.755126953125,-6589.685546875,-1837.5825011848294,-2445.63350468836,9.175000000000063,24.94496027628581,2.2593283653259277,2.1268458366394043,0.23588568190445836,0.09369800495463625,-0.05991713810752615,368,-11.257793426513672,19.71992050311245,37.62300307857988
-4.095745027065277,0.3347610831260681,4.001963019371033,0.07937941948528435,-0.4522861459562702,-209.877685546875,-72.28409004211426,-1298.772933959961,-6159.2000732421875,-1886.7763793586962,-2610.3756433602507,9.200000000000063,24.9521361456977,1.9848567909664578,2.182605028152466,0.2899038932303238,0.09133604322265576,-0.05758244464839456,369,-10.880742073059082,19.713088572921297,38.23848207206027
-3.3424982309341433,0.03523845970630646,3.1378241777420044,0.06774115168909667,-0.4768158569667175,-195.79238510131836,-85.46645736694336,-599.5530452728271,-5483.172119140625,-1919.2457027077369,-2764.3556451913323,9.225000000000064,24.959142473008896,1.6933520634969075,2.145061492919922,0.34417398966104024,0.08847541289893636,-0.054748936955901925,370,-10.425750732421875,19.466568049773443,38.79676137348735
-2.421781334280968,-0.2712796814739704,2.2553642988204956,0.05558381715169575,-0.4928404634303742,-180.12722396850586,-99.18648147583008,145.11312866210938,-4546.337158203125,-1934.2345288396023,-2901.434948169891,9.250000000000064,24.965074327256943,1.389085054397583,2.0120091438293457,0.3965020757353573,0.08524026722454614,-0.051264723301751254,371,-9.894067764282227,18.99425365184394,39.17368119522219
-1.3223751842975617,-0.5824290812015533,1.3824505805969238,0.04319638133492277,-0.4965149266548974,-164.05961227416992,-109.25943851470947,928.3426666259766,-3321.00732421875,-1930.6067006230971,-3015.093377125029,9.275000000000064,24.96900134616428,1.0792417658699884,1.7603124380111694,0.4437315731922313,0.0817376403081711,-0.04694056528454641,372,-9.290692329406738,18.400567250399302,39.24423248376236
-0.08561501260846854,-0.9029718935489655,0.5405771732330322,0.03088001030736288,-0.48698623614313474,-146.82164573669434,-112.98918056488037,1743.7073364257812,-1876.305908203125,-1907.3981339574977,-3098.118560230576,9.300000000000065,24.970137278238933,0.7713232437769572,1.4076014757156372,0.48346390599588235,0.07818978542634594,-0.04156491220638342,373,-8.624740600585938,17.882523987759704,38.95850734629153
1.2085798665881158,-1.2617647647857666,-0.24722814559936523,0.018950742227813615,-0.4659220633696939,-133.2859435081482,-108.65117236971855,2614.4810791015625,-381.0022659301758,-1863.8054505469054,-3145.0262079357462,9.325000000000065,24.96786117553711,0.47321614291932845,1.0461761951446533,0.5141010110446947,0.07529554933862109,-0.034949549318410135,374,-7.908447742462158,17.66090430019935,38.415918684413924
2.5448421239852905,-1.6240091919898987,-0.9684194624423981,0.007686003580455575,-0.4338759130776342,-123.35716313123703,-107.07576608657837,3494.530029296875,1182.7701721191406,-1798.443423569422,-3154.5512645840963,9.350000000000065,24.961702558729385,0.19185952014393276,0.6589071750640869,0.5355521411245241,0.07270937024880196,-0.026966083127760318,375,-7.154916763305664,17.852442452812223,37.86666958500008
3.8277911722660067,-1.972267746925354,-1.6052077412605286,-0.00265536952337048,-0.3933686003967701,-118.2548336982727,-107.02159261703491,4266.3865966796875,2757.679931640625,-1711.080172837058,-3124.9820102812205,9.375000000000066,24.951566060384113,-0.06625578635268742,0.23254933953285217,0.5465654107859514,0.07020183971551883,-0.01756350161599134,376,-6.378201961517334,18.365473692621165,37.59896288589162
4.840062004327774,-2.2972869873046875,-2.164732575416565,-0.01198327511392093,-0.3542880429804023,-115.00444507598877,-111.99607467651367,4900.8773193359375,3974.608154296875,-1604.4205079201165,-3056.0400119903084,9.400000000000066,24.937625461154514,-0.2988487482070923,-0.07269435375928879,0.5482414379284792,0.06765380832772049,-0.006807516202406305,377,-5.592991828918457,18.91863590545774,37.7641352872663
5.631019067764282,-2.5942840576171875,-2.6690784692764282,-0.020355907162128886,-0.3177919502439019,-111.75033760070801,-118.34223651885986,5450.94287109375,4870.988525390625,-1481.8985749367598,-2956.6748081329665,9.425000000000066,24.920272827148438,-0.5073448684480455,-0.26102909445762634,0.543788599296353,0.06497951189533335,0.00505133207225638,378,-4.810317516326904,19.198156740780473,38.269113650553706
6.224738848209381,-2.8694489002227783,-3.1364660263061523,-0.027895195533656315,-0.2858608485109336,-108.7308292388916,-123.33476901054382,5880.1309814453125,5527.246337890625,-1345.6250031594523,-2834.9000949982596,9.450000000000067,24.8999998304579,-0.6947705480787489,-0.3903922736644745,0.5356149584367363,0.062202097033300506,0.017612630696319496,379,-4.036862373352051,19.047074575165066,38.82682769490379
6.713387882709504,-3.1245957612991333,-3.5717952251434326,-0.0346449211404079,-0.25526687002702364,-106.03160858154297,-127.18879723548889,6242.12353515625,6058.5357666015625,-1198.6217286233477,-2696.718936551037,9.475000000000067,24.877264234754776,-0.8622158235973783,-0.49059921503067017,0.5244485570126295,0.05933009417948862,0.030393128284042153,380,-3.277184009552002,18.55256990906478,39.12786481680599
7.0921716690063485,-3.3616851568222046,-3.9826719760894775,-0.04066888749643705,-0.2274531318526155,-103.72487258911133,-128.99883270263672,6556.0379638671875,6436.9140625,-1042.5686402444658,-2545.255542386034,9.500000000000068,24.85250473022461,-1.0112812783983018,-0.5412764549255371,0.5114109187380921,0.05638739272111353,0.042891366166324635,381,-2.534580707550049,17.983545079925317,39.01375831036422
7.390198349952699,-3.580162525177002,-4.370297431945801,-0.04602723002751453,-0.20217134415032978,-102.14508056640625,-128.65329122543335,6819.9549560546875,6717.51025390625,-878.6676911478073,-2384.3326908235595,9.525000000000068,24.826119740804035,-1.1434851752387152,-0.56504887342453,0.49752523010393257,0.05338770793778916,0.054613644211336694,382,-1.8106755018234253,17.63356169118941,38.54889295230066
7.641055142879487,-3.7801471948623657,-4.733309745788574,-0.05077818457653979,-0.17852811624298576,-101.52610969543457,-126.55450534820557,7058.740478515625,6936.903503417969,-708.1688172464579,-2216.394934475922,9.550000000000068,24.798446231418186,-1.2603035238054063,-0.5674047470092773,0.4832960602681801,0.0503542301369452,0.06511862045039796,383,-1.1061161756515503,17.67077878899369,37.966676443919894
7.849730479717255,-3.956851601600647,-5.068349123001099,-0.0549590936554228,-0.1566644292207895,-101.54371643066406,-124.38790702819824,7273.1932373046875,7103.325012207031,-531.7003052835835,-2042.9723468904876,9.575000000000069,24.769819047715927,-1.3626991377936468,-0.5525839328765869,0.4692904628059398,0.047282044954132615,0.07405361329258707,384,-0.4208697974681854,18.07125314815811,37.54045978164063
8.016573083400727,-4.108915090560913,-5.372656345367432,-0.05862466441861866,-0.1372344553160053,-102.03634071350098,-121.01473188400269,7468.6568603515625,7211.9808349609375,-349.87047435098077,-1865.389221585323,9.600000000000069,24.740524291992188,-1.4520688851674397,-0.5138259530067444,0.45592196005547364,0.04419144858969026,0.08117776062325238,385,0.24564996361732483,18.651283672113316,37.456015904266735
8.16940017938614,-4.229861736297607,-5.644435167312622,-0.061823865740671204,-0.11931547578994804,-103.48308753967285,-117.75444793701172,7678.48779296875,7280.455383300781,-163.15405284220492,-1685.089700711307,9.62500000000007,24.710780249701607,-1.5296653906504314,-0.44861921668052673,0.4438265148850926,0.04105062459097009,0.08637230626372237,386,0.8946459889411926,19.16388275774549,37.74257762505205
8.274451649188997,-4.317589998245239,-5.883690357208252,-0.06461092623927718,-0.1047907450074672,-106.31118869781494,-115.55970621109009,7868.5487060546875,7281.046325683594,28.808141981999313,-1503.0783161287923,9.65000000000007,24.680779774983723,-1.5968706872728136,-0.3603406250476837,0.43368389916303945,0.037896568010583595,0.08965894665450279,387,1.5281003713607788,19.40520609523421,38.278914789951095
8.256438386440278,-4.376189947128296,-6.0950446128845215,-0.0671169067295821,-0.09716163736698764,-108.88703918457031,-111.63185501098633,7942.3966064453125,7172.1846923828125,225.52185963335336,-1321.0521579867025,9.67500000000007,24.65069029066298,-1.656967004140218,-0.2629801332950592,0.4259030079851822,0.03478488377955647,0.09120303913215232,388,2.1486616134643555,19.287351969230645,38.85570726344969
8.112672829627991,-4.411959886550903,-6.2831456661224365,-0.06952594815620813,-0.09651770998254171,-110.51666164398193,-106.75359582901001,7863.1639404296875,6985.800231933594,424.0817747944811,-1141.7475406771246,9.70000000000007,24.6206537882487,-1.7145378059811063,-0.1918463110923767,0.42031353219981027,0.03171604627345791,0.09127750777413367,389,2.759206771850586,18.858853001450072,39.259842370003874
7.915928256511688,-4.431035041809082,-6.448971748352051,-0.07196968141722165,-0.09902444364809242,-111.06234693527222,-102.48989629745483,7666.75830078125,6819.32763671875,620.6608733052287,-967.1025348787718,9.72500000000007,24.59072748819987,-1.7728487650553386,-0.1795855313539505,0.41580113862780727,0.028657820840124925,0.09023230859244004,390,3.3618674278259277,18.276520015674713,39.34902401962788
7.73933893442154,-4.435572624206543,-6.590389728546143,-0.0744690248107474,-0.1004174683129072,-115.75580944120884,-102.96527624130249,7434.1788330078125,6725.995666503906,812.3298308247736,-796.6193439607915,9.750000000000071,24.560905032687717,-1.832415262858073,-0.22137852013111115,0.4108679323140581,0.025553101399526747,0.08844525259959121,391,3.9570562839508057,17.74457933780898,39.095671057282225
7.628806614875794,-4.424248695373535,-6.7054603099823,-0.07695777381656166,-0.09803995621687418,-137.29023361206055,-117.62492191791534,7251.9267578125,6703.822021484375,998.1843016499854,-628.4694522981872,9.775000000000071,24.530906677246094,-1.8915796279907227,-0.2809755504131317,0.40458783227900136,0.02235527118931667,0.08626981617364636,392,4.543582439422607,17.442612219068913,38.589550340943916
7.578149497509004,-4.394456624984741,-6.795381307601929,-0.07933849835065959,-0.0920496413979317,-164.2765407562256,-136.99127864837646,7143.735595703125,6717.3568115234375,1179.4824705953108,-460.87390176107624,9.800000000000072,24.500501420762802,-1.9479217794206407,-0.3288494348526001,0.39692175663364015,0.019057294678849306,0.08399739074975218,393,5.119668483734131,17.46674154525956,38.000394972162404
7.559925365447999,-4.345272541046143,-6.86423134803772,-0.08153889358944554,-0.08391128742275855,-192.30826950073242,-156.4438991546631,7091.526123046875,6734.3204345703125,1358.0758604878965,-292.93998147299124,9.825000000000072,24.46969985961914,-1.9996657636430528,-0.35587456822395325,0.38832184355204263,0.015676309725858234,0.08183777516515808,394,5.683839797973633,17.804155484410558,37.51636313019976
7.554921746253968,-4.277724027633667,-6.916527509689331,-0.08352152547484705,-0.07477956603860744,-219.23101043701172,-174.0087833404541,7067.0458984375,6747.7637939453125,1535.3640135640721,-124.58197060873462,9.850000000000072,24.438610076904297,-2.045909431245592,-0.36946821212768555,0.3792367025198327,0.012233952433605744,0.0799175694401837,395,6.235218524932861,18.346519741615708,37.28298946439934
7.555223739147187,-4.193755388259888,-6.955088376998901,-0.08526887540031848,-0.06514572227567872,-243.85144805908203,-189.07376098632812,7051.1181640625,6762.3876953125,1712.0401610250115,44.11212423989724,9.875000000000073,24.407376183403862,-2.086248265372382,-0.379817396402359,0.3698695327281834,0.008745356527075405,0.07829426456486112,396,6.773320198059082,18.93187441860286,37.36341029824744
7.551892471313477,-4.095684051513672,-6.981309175491333,-0.08677201345382964,-0.05531199995056113,-265.67407989501953,-201.5158462524414,7024.3455810546875,6781.2523193359375,1888.318115126575,213.1718166227087,9.900000000000073,24.376161363389755,-2.120493385526869,-0.3961407542228699,0.3601886092706091,0.005222826902815549,0.07697513429791762,397,7.2977423667907715,19.396715825562797,37.728795033333704
7.541474008560181,-3.985759973526001,-6.995368957519531,-0.088026403939149,-0.04521750422045435,-284.66075134277344,-211.48086547851562,6981.486328125,6803.3062744140625,2063.926754652944,382.7031246061058,9.925000000000074,24.345130920410156,-2.1485665109422474,-0.42003965377807617,0.3499967583579031,0.0016771811573272498,0.07593168281568935,398,7.807882785797119,19.62095970641096,38.27632028324603
7.520761501789093,-3.8650612831115723,-6.9966278076171875,-0.08902484799895492,-0.03481763129828874,-301.0063247680664,-219.22758865356445,6919.5291748046875,6825.71337890625,2238.463912856072,552.7857814664558,9.950000000000074,24.314452277289497,-2.170326974656847,-0.4513183832168579,0.3391080247669506,-0.0018874745909246032,0.07511357637357383,399,8.302868843078613,19.554358506947064,38.864666929384136
7.490254378318787,-3.7341434955596924,-6.983751058578491,-0.08975745032532209,-0.02395900183062717,-315.005859375,-225.02191543579102,6842.9765625,6844.9100341796875,2411.4521422261937,723.4286159391104,9.975000000000074,24.284290737575954,-2.1855682796902127,-0.4865301847457886,0.32738382425252666,-0.005460704274474006,0.07446140983450546,400,8.78158950805664,19.220390282807255,39.35417742541071
7.439613032341004,-3.5932198762893677,-6.955053806304932,-0.09021632962589955,-0.012916083696126712,-327.0479965209961,-229.18904495239258,6735.0794677734375,6858.726806640625,2582.5265562886993,894.5513667936012,10.000000000000075,24.254803127712673,-2.1941351890563965,-0.5311931371688843,0.3146624363574362,-0.0090381812318283,0.07391626908174463,401,9.24275016784668,18.700664257592383,39.63995188080599
7.373797273635865,-3.4424960613250732,-6.908473491668701,-0.09039206496833116,-0.0012819283252063162,-337.53356170654297,-232.15259170532227,6605.54296875,6866.54345703125,2750.9035429830433,1066.0195369596158,10.025000000000075,24.22614203559028,-2.1958347161610923,-0.5811886787414551,0.3007547100652562,-0.012612812065804736,0.0734229684240779,402,9.684774398803711,18.107747870905094,39.670484885441404
7.299214375019074,-3.2809431552886963,-6.841559410095215,-0.09026575623125575,0.011286596333945405,-346.74049377441406,-234.31478118896484,6465.686279296875,6868.787353515625,2916.042117201803,1237.6831233853966,10.050000000000075,24.19844733344184,-2.190242873297797,-0.6324202418327332,0.2855814829125843,-0.016178164748229553,0.07293584297118878,403,10.1058931350708,17.555815343344236,39.449969832096016
7.19720561504364,-3.108076333999634,-6.751830816268921,-0.08982080026975235,0.024145450154662535,-355.27085876464844,-236.00003814697266,6280.3387451171875,6866.45166015625,3077.6842741842356,1409.402807223287,10.075000000000076,24.171841939290363,-2.176991833580865,-0.6991451978683472,0.26896775192628847,-0.019730477824137338,0.07242169475561376,404,10.50421142578125,17.13703329052584,39.02721766208509
7.079597198963166,-2.924812436103821,-6.63667106628418,-0.08904168417047127,0.03815890810330781,-356.82398986816406,-233.28034210205078,6069.9300537109375,6860.8726806640625,3234.692742812179,1581.0640987271934,10.100000000000076,24.1464720831977,-2.1557429101732044,-0.7731881737709045,0.2505658247813021,-0.023257765508176785,0.07185153693336302,405,10.877386093139648,16.908129830465843,38.47710823052851
6.941867411136628,-2.7297736406326294,-6.4929139614105225,-0.08789451920854123,0.053348909009658066,-336.71022033691406,-214.78307342529297,5828.62890625,6849.9716796875,3386.440994154968,1752.5859157437953,10.125000000000076,24.122850630018448,-2.1257432301839194,-0.8564642071723938,0.23024144486917167,-0.026751947291063834,0.07120282418133334,406,11.222748756408691,16.887805608319535,37.880787492932065
6.776846110820771,-2.524148941040039,-6.317442178726196,-0.08635583627685592,0.06974361164105168,-311.4723587036133,-192.1726417541504,5541.0634765625,6835.7945556640625,3532.1567168112365,1923.8352077359837,10.150000000000077,24.101376003689236,-2.086483637491862,-0.9566181898117065,0.2075868489374923,-0.030196420548026175,0.07045639838443297,407,11.537253379821777,17.062808623630218,37.30942887477914
6.593514227867127,-2.3066269159317017,-6.106190919876099,-0.08438099413764287,0.08797903296125921,-285.66844177246094,-169.68854141235352,5223.7994384765625,6818.1571044921875,3670.683303725321,2094.7300716275863,10.175000000000077,24.08220926920573,-2.0369176069895425,-1.0670536756515503,0.18232576731268194,-0.03358317811073945,0.06959338022724679,408,11.817317962646484,17.398902177139167,36.814213433246884
6.3736528873443605,-2.0788262486457825,-5.855926275253296,-0.08193547156527195,0.10764565369603214,-262.76416778564453,-149.64249801635742,4853.1689453125,6787.234619140625,3801.278289687259,2265.1839992398923,10.200000000000077,24.06538857354058,-1.9762334558698866,-1.1915792226791382,0.15408940211803507,-0.03687200936763538,0.06859682118614993,409,12.05894947052002,17.852927923663895,36.422818767222445
6.129364001750947,-1.8384647965431213,-5.562943935394287,-0.07896737853037865,0.1294472308081807,-243.9641342163086,-133.19159698486328,4456.76123046875,6737.533447265625,3922.6075133200998,2434.8648647184104,10.225000000000078,24.050886366102432,-1.903193261888292,-1.3174430131912231,0.12273774598161916,-0.04006577305569658,0.0674454451007462,410,12.257736206054688,18.383043123855565,36.14106735094365
5.834264957904816,-1.5876455903053284,-5.224903345108032,-0.07544331732841766,0.15231948190232522,-228.47565460205078,-120.91445922851562,3995.1328125,6660.13525390625,4034.026544081849,2603.303200900055,10.250000000000078,24.03861363728841,-1.8170012368096247,-1.4539376497268677,0.0880877648351401,-0.043101306484006945,0.06611662342414834,411,12.409131050109863,18.955466655418828,35.95759532748345
5.488796186447144,-1.328437626361847,-4.840161561965942,-0.07132979870868128,0.17638060971897312,-216.40796661376953,-113.23320388793945,3486.2530517578125,6537.8271484375,4133.904864394385,2769.8065822477174,10.275000000000079,24.028430514865452,-1.7168558968438044,-1.5867571830749512,0.050104983226049,-0.045933532530224974,0.06457582244715857,412,12.508339881896973,19.547290865060372,35.84926506365878
5.085349452495575,-1.0573962330818176,-4.408369779586792,-0.06660617485034295,0.20115619707706203,-207.59947967529297,-109.63165664672852,2935.8394775390625,6350.9088134765625,4221.0611906883705,2933.2522609586645,10.300000000000079,24.020139906141495,-1.6022597418891058,-1.705043911933899,0.008939871836529922,-0.04859023545466078,0.06277853409005896,413,12.55066967010498,20.145796265075855,35.78568060780031
4.607038271427155,-0.783466249704361,-3.93133008480072,-0.06126572959402865,0.22546544828352125,-199.24117279052734,-109.58566284179688,2334.78076171875,6077.655029296875,4294.45717762689,3092.024981295593,10.32500000000008,24.01348114013672,-1.4730469385782878,-1.803288221359253,-0.034924440702757735,-0.050900585956953355,0.06066951024379796,414,12.531900405883789,20.745052181468548,35.732193816360684
4.056350433826447,-0.502494215965271,-3.413214921951294,-0.055329468622836366,0.2487054736018273,-192.6468505859375,-113.0891227722168,1709.8075561523438,5695.8060302734375,4352.826696669906,3243.9663570280363,10.35000000000008,24.008140563964844,-1.3297148545583088,-1.8630985021591187,-0.08077208628782766,-0.052918282103176055,0.05818023276695487,415,12.448633193969727,21.340479498319212,35.65168884943482
3.422255313396454,-0.22448655031621456,-2.8594725131988525,-0.04883762647517232,0.269735657781856,-185.73826599121094,-119.1556167602539,1048.3459777832031,5197.80126953125,4395.571885573763,3386.361507784902,10.37500000000008,24.00371551513672,-1.173217429055108,-1.8860057592391968,-0.12773917915354477,-0.054466999742625005,0.055232404723481385,416,12.298690795898438,21.9220332590841,35.50642724224697
2.6714203715324403,0.057138435542583466,-2.2822424173355103,-0.041882415103780504,0.2852648330589739,-178.99942779541016,-127.08970642089844,368.36041259765625,4504.57958984375,4421.780535018396,3516.3065395232234,10.40000000000008,23.99974822998047,-1.0057555966907077,-1.8319584131240845,-0.17434169358840845,-0.0556750803533014,0.05173731372075342,417,12.081399917602539,22.467058307147408,35.26194811097375
1.8328360497951508,0.3448077440261841,-1.6953933835029602,-0.0346130297863542,0.29516783086194714,-172.52970123291016,-133.8531723022461,-346.72674560546875,3685.6573486328125,4430.989545333392,3628.9210292693724,10.42500000000008,23.99574915568034,-0.8308974901835123,-1.73215651512146,-0.21893151570706634,-0.056655240147748254,0.047583964197963534,418,11.79859447479248,22.935186544539725,34.89517596225306
0.9108661308884621,0.6372707635164261,-1.1084219217300415,-0.02717218474840263,0.29850966526631945,-165.85337448120117,-137.53902435302734,-1091.0788879394531,2743.1315307617188,4422.321376693312,3721.062462985258,10.450000000000081,23.991239335801865,-0.6520548794004652,-1.5807642936706543,-0.2604893622141826,-0.05745419471655583,0.04266053251765281,419,11.453924179077148,23.269154621351483,34.406835961637405
-0.08250919897109271,0.9502970576286316,-0.5372718423604965,-0.019749557396782882,0.294378969257552,-157.48521423339844,-139.85210800170898,-1874.5791015625,1708.72998046875,4395.044404494885,3789.6407512543765,10.475000000000081,23.985782199435764,-0.4737702012062073,-1.3956191539764404,-0.2976965688960046,-0.05843117328185679,0.036868236209325334,420,11.052802085876465,23.405773811853596,33.8346224150257
-1.1294223159551622,1.2982249855995178,0.009588334709405899,-0.012518707812270564,0.28337715118881207,-151.24761199951172,-139.14001083374023,-2727.2430419921875,644.6499328613281,4348.179926955885,3832.359000766178,10.500000000000082,23.978958129882812,-0.300201243824429,-1.2195854187011719,-0.3303574433466819,-0.05999370815005513,0.030129352581042813,421,10.601785659790039,23.298538853488544,33.259596324506994
-2.1947244435548785,1.6469395756721497,0.5245151668787003,-0.005631630192446793,0.26706339200980006,-146.77531242370605,-139.94644165039062,-3584.48095703125,-449.1810073852539,4279.99885090615,3848.475249087798,10.525000000000082,23.970364464653862,-0.13499365084701115,-1.033820390701294,-0.35858392155578184,-0.06169057036692354,0.02240345359910109,422,10.10728645324707,22.9464927732506,32.796561016098345
-3.2364890873432164,1.9966605305671692,0.9997282326221466,0.0007939448220997713,0.24646805210151085,-143.84155654907227,-141.3468246459961,-4356.70947265625,-1585.4656372070312,4190.386826980439,3837.245723903256,10.550000000000082,23.95976384480794,0.01902273545662562,-0.8011668920516968,-0.38157159571604604,-0.06351956906634651,0.013703805134680119,423,9.576153755187988,22.416881717655663,32.56348290187944
-4.185709410905838,2.340333938598633,1.431017518043518,0.0066675764497983485,0.22361992758236676,-142.07777214050293,-145.25978088378906,-5020.941650390625,-2660.7127685546875,4081.4690901640956,3797.609082973173,10.575000000000083,23.94707573784722,0.1596713231669532,-0.5590205192565918,-0.39849368746705943,-0.06534034317530926,0.0041114606516010595,424,9.016589164733887,21.845307964057792,32.635073941310914
-4.999081122875214,2.672717571258545,1.8230881094932556,0.011964998130642961,0.20100409728930488,-138.88781642913818,-150.41005516052246,-5615.7593994140625,-3556.8673095703125,3955.9455489043844,3731.0912637593938,10.600000000000083,23.93228318956163,0.2863633963796828,-0.37687447667121887,-0.41009125467165014,-0.06706366015253733,-0.0062047492209643005,425,8.436938285827637,21.402099747650333,32.99983812972463
-5.670452213287354,2.9961612224578857,2.1847455501556396,0.016729124924091107,0.1802991849469157,-135.3270754814148,-155.70363426208496,-6096.5194091796875,-4307.17822265625,3815.5515639190817,3642.169581020209,10.625000000000083,23.91551335652669,0.4001229339175754,-0.22010500729084015,-0.4175089572558478,-0.06868353204676723,-0.01698493507065813,426,7.8437581062316895,21.232483911829164,33.54659198376003
-6.210810959339143,3.31235134601593,2.5232962369918823,0.02100380848226393,0.16198843777975097,-131.06899905204773,-159.86487579345703,-6503.478759765625,-4891.453369140625,3663.13857868963,3534.4901254538654,10.650000000000084,23.896925184461807,0.5020002524058024,-0.11069051176309586,-0.42157423937034016,-0.07019943246756476,-0.02790066125567478,427,7.2423882484436035,21.396913325076888,34.093739714001146
-6.662483680248261,3.621018409729004,2.844900965690613,0.02483663200370057,0.14517260615623176,-126.48225665092468,-161.89572525024414,-6862.5833740234375,-5361.22705078125,3500.5516096955234,3412.2037912253986,10.675000000000084,23.876675499810112,0.5931382046805488,-0.03459324315190315,-0.423387685625116,-0.07161400793126317,-0.03858943722184354,428,6.636592864990234,21.840735124095364,34.45215954264866
-7.053784108161927,3.9211597442626953,3.150513529777527,0.028258569300235414,0.12934289315009845,-122.15653896331787,-162.745361328125,-7196.114501953125,-5746.068603515625,3328.9870253449676,3278.1731149559064,10.700000000000085,23.85491689046224,0.6742853588528104,0.012670841068029404,-0.4236440148800361,-0.07294007906179768,-0.04869466882009471,429,6.028923511505127,22.408902028680192,34.495565509112026
-7.373284411430359,4.212482929229736,3.440348982810974,0.031314679809155845,0.11557489126898522,-118.35575199127197,-161.95740222930908,-7468.16015625,-6060.779724121094,3149.084162796167,3134.521399868048,10.725000000000085,23.83180194430881,0.7465293010075887,0.05017935484647751,-0.4228109115120321,-0.0741813409951808,-0.05789536607647887,430,5.421023368835449,22.900577631308188,34.208613854729705
-7.6394972801208505,4.493534564971924,3.7134413719177246,0.03404789451947177,0.10327433276039767,-115.0349235534668,-160.23494720458984,-7698.3109130859375,-6319.63037109375,2962.38015888994,2983.001906765047,10.750000000000085,23.807493845621746,0.8109084102842543,0.07619045674800873,-0.4212639478138323,-0.07533964129941872,-0.06591908345029171,431,4.814103603363037,23.141835074661902,33.69348142969381
-7.867879259586335,4.761133432388306,3.9666049480438232,0.03648158683093786,0.0920332379900925,-112.2517957687378,-158.95569896697998,-7917.5345458984375,-6519.987060546875,2769.9223860628113,2825.0111474877253,10.775000000000086,23.782143063015408,0.8679954210917155,0.07792900502681732,-0.41925332776984975,-0.07641773052057484,-0.07256349976128208,432,4.209037780761719,23.048245176504828,33.132815639405344
-8.032654643058777,5.012807846069336,4.20185112953186,0.03867205347228485,0.08365744655898197,-109.76840686798096,-157.35937404632568,-8101.131103515625,-6639.202453613281,2571.984022415369,2662.0114709740706,10.800000000000086,23.75587887234158,0.9191468689176772,0.053514547646045685,-0.4175461749320817,-0.07741720239411395,-0.07771730735945226,433,3.6060149669647217,22.654004158360415,32.72389866689578
-8.134165143966676,5.2460243701934814,4.4205474853515625,0.040691041667755154,0.07866365333043351,-107.48590087890625,-156.11263179779053,-8252.7099609375,-6674.251647949219,2369.455744827494,2496.031409633749,10.825000000000086,23.728817833794487,0.9660835398568047,0.00040542459464631975,-0.4168266886740832,-0.07833619686846226,-0.08136259232528228,434,3.0043394565582275,22.098181419309622,32.60924168032168
-8.158748066425325,5.461706876754761,4.626428127288818,0.04264069196753172,0.07807597690163709,-105.3011827468872,-154.8846263885498,-8342.771362304688,-6629.490661621094,2163.1379958040693,2329.1751184350214,10.850000000000087,23.70105743408203,1.0112424691518147,-0.06604880094528198,-0.4176270018711656,-0.0791885207693961,-0.0835852499263056,435,2.402498245239258,21.57523158443059,32.82808835407727
-8.094438767433168,5.663158416748047,4.821616888046265,0.04463891999006702,0.0825518768443276,-102.51364135742188,-153.22372817993164,-8327.010498046875,-6527.101257324219,1954.5687117464597,2163.4378518944904,10.875000000000087,23.672703637017143,1.0574263334274292,-0.11951011419296265,-0.42000996512505484,-0.07998844281469343,-0.08456785650000397,436,1.798567295074463,21.268060187654722,33.30359593547658
-7.978434944152832,5.854682207107544,5.006985187530518,0.046795610258651234,0.08992900783379364,-98.93382358551025,-152.40511894226074,-8210.370727539062,-6430.234130859375,1746.3934492952865,2000.260320461376,10.900000000000087,23.643856048583984,1.10723700788286,-0.1298540234565735,-0.4232262647735436,-0.0807136174183328,-0.08456000017478824,437,1.1910123825073242,21.28507689800477,33.8684971424831
-7.871639859676361,6.037421464920044,5.179679870605469,0.04913299600719733,0.09663399025363728,-95.04088497161865,-152.95246505737305,-8053.4595947265625,-6390.044250488281,1541.1341811067998,1839.5044671898831,10.925000000000088,23.61454857720269,1.1611880196465387,-0.09532340615987778,-0.42612181995824583,-0.08132282384006684,-0.08384705530621721,438,0.5795609951019287,21.620818652451323,34.32191985171733
-7.803701972961426,6.21014666557312,5.337559461593628,0.051607089304637754,0.10066237926465361,-91.43035888671875,-154.50079345703125,-7918.813720703125,-6398.574279785156,1339.797691238622,1679.7533609276725,10.950000000000088,23.584764268663193,1.2182227770487468,-0.04344222694635391,-0.42784801439780795,-0.08177365540072522,-0.08271489559255409,439,-0.03472044691443443,22.15500957157022,34.50070753052426
-7.787945187091828,6.369792222976685,5.480932712554932,0.05413943092854526,0.1014144726012488,-88.64373111724854,-156.3695249557495,-7850.1263427734375,-6436.793701171875,1141.8273482210323,1519.7890039330443,10.975000000000088,23.554456498887802,1.2764722771114774,-0.0011481422698125243,-0.42836992739243623,-0.0820490137738718,-0.08141287613561435,440,-0.6502286195755005,22.6941800260143,34.340153260163724
-7.80796959400177,6.514192342758179,5.612079381942749,0.05665894360613914,0.09989229294594358,-86.8011360168457,-157.9863166809082,-7837.825439453125,-6484.2945556640625,945.5741896516903,1358.8691614037507,11.000000000000089,23.52358076307509,1.3342491785685222,0.024548808112740517,-0.42804465555479665,-0.08215158292654268,-0.08013471693756603,441,-1.2656362056732178,23.042442107725556,33.899165561434174
-7.848418533802033,6.643309593200684,5.734379291534424,0.059122155393813075,0.09709504169497885,-85.73804950714111,-159.1992130279541,-7864.184814453125,-6530.6683349609375,749.6285536653611,1196.7617975121534,11.02500000000009,23.49212434556749,1.390525499979655,0.035249076783657074,-0.42726834409703857,-0.08209254813531619,-0.07900938157419624,442,-1.880120873451233,23.073858817842165,33.33871098447751
-7.894798684120179,6.758264780044556,5.851483106613159,0.061509404672581695,0.0939178738697575,-85.14837741851807,-160.0441608428955,-7908.340087890625,-6570.1756591796875,553.0239333040353,1033.495089138134,11.05000000000009,23.46009784274631,1.4448392391204834,0.036432135850191116,-0.4263644672230657,-0.08188210015255108,-0.07810453098194979,443,-2.493326187133789,22.778168591120295,32.86224181278176
-7.940944600105286,6.860703468322754,5.965898513793945,0.0638163221937816,0.0907203911188459,-84.78796672821045,-160.54542350769043,-7952.96337890625,-6608.7852783203125,355.31543110677353,869.2406976586453,11.07500000000009,23.427533043755425,1.4970918496449788,0.03723525628447533,-0.42545053691597773,-0.08152653069632268,-0.07743750899742581,444,-3.105189323425293,22.263344707261748,32.64141913554165
-7.9826499938964846,6.952412128448486,6.078918933868408,0.0660447222359054,0.08762943481153747,-84.52912044525146,-160.73928451538086,-7989.269775390625,-6647.544677734375,156.49134663412121,704.021065700641,11.10000000000009,23.394476572672527,1.5473322073618572,0.041343554854393005,-0.4244749877191681,-0.0810312576349736,-0.07699068050078095,445,-3.715667486190796,21.715319171606076,32.75462566572712
-8.018795680999757,7.034344434738159,6.190823078155518,0.0681969142589609,0.08461905577196074,-84.32332229614258,-160.65779304504395,-8016.8668212890625,-6684.784912109375,-43.24039775064119,537.832448757285,11.12500000000009,23.36098353068034,1.5956213739183214,0.047958966344594955,-0.42336238559476025,-0.08039712568991211,-0.07672632847307696,446,-4.324615955352783,21.330380348874858,33.159981120147975
-8.045606458187104,7.106900930404663,6.301596403121948,0.07027668494512307,0.08184028852343685,-84.1810712814331,-160.33155250549316,-8036.091064453125,-6713.2529296875,-243.66206828286528,370.712825954554,11.150000000000091,23.327104780409073,1.6420556439293756,0.053629789501428604,-0.42209345591436476,-0.07962499622730328,-0.07659916253102568,447,-4.931818008422852,21.244935306112854,33.711835585318724
-8.066157746315003,7.170090198516846,6.410957098007202,0.07228850341159618,0.07917383177150863,-84.13907146453857,-159.78972053527832,-8048.311767578125,-6737.2095947265625,-444.56434489419166,202.88150271236904,11.175000000000091,23.29289330376519,1.6867474714914958,0.05945371091365814,-0.4206794838231008,-0.0787155142314736,-0.07656433337739449,448,-5.5370707511901855,21.487869657218795,34.21402091617959
-8.081550037860872,7.223739862442017,6.518179655075073,0.07423464999006361,0.07657862290111844,-84.2145004272461,-159.0676727294922,-8055.296142578125,-6756.905029296875,-645.7721390836437,34.45126284420715,11.200000000000092,23.258397844102646,1.7297577857971191,0.06483249366283417,-0.41912466379968527,-0.07767167159746023,-0.07658404076946107,449,-6.140174865722656,21.97204710253752,34.489978393877045
-8.090488910675049,7.268070220947266,6.619798898696899,0.0761165727743681,0.07410862421385402,-84.5843334197998,-158.0528106689453,-8058.0140380859375,-6769.0128173828125,-847.1545426480961,-134.47136288821295,11.225000000000092,23.22366502549913,1.7711276478237576,0.05692753940820694,-0.41747107378934145,-0.07649410914840046,-0.07662963908075028,450,-6.7409443855285645,22.52692006434934,34.444382202755214
-8.043349981307983,7.30480432510376,6.723540544509888,0.07797488497113336,0.07452191352552069,-85.16444206237793,-155.97840309143066,-8057.1580810546875,-6681.920593261719,-1048.6048936002444,-303.6966833227822,11.250000000000092,23.188743591308594,1.8118131160736084,0.027570925652980804,-0.4163477191520324,-0.07518766218614846,-0.0766468331145381,451,-7.3395233154296875,22.959457904499047,34.09475327980682
-8.02429405450821,7.335553169250488,6.835402011871338,0.07983849852294356,0.07441512076580852,-85.80673122406006,-154.7859230041504,-8053.8753662109375,-6648.615295410156,-1250.0338456266118,-470.7446981543332,11.275000000000093,23.15361870659722,1.8524878554873996,0.009631352499127388,-0.4159523395986965,-0.07375896780748342,-0.07657558523300008,452,-7.936914443969727,23.120904761479053,33.563213924694026
-8.03978798389435,7.357828378677368,6.946479320526123,0.081682953959662,0.07286331344337615,-86.30845546722412,-154.2224521636963,-8048.39404296875,-6680.701843261719,-1451.3807297818855,-636.9600805395902,11.300000000000093,23.11827341715495,1.89257992638482,0.023435402661561966,-0.4156019008887557,-0.0722046388043939,-0.07637902729979541,453,-8.533636093139648,22.956776756483354,33.03323655157165
-8.085093927383424,7.3682029247283936,7.0483527183532715,0.08346424254427513,0.0693984534802098,-86.79353713989258,-154.04379177093506,-8043.1968994140625,-6767.0625,-1652.5905808561047,-803.9776266211302,11.325000000000093,23.082735273573135,1.9310691621568468,0.06202234700322151,-0.41457005912440453,-0.07052287546254948,-0.07608935027460045,454,-9.129253387451172,22.524551178749334,32.68647773850064
-8.133781373500824,7.362710952758789,7.136237144470215,0.08513882991533855,0.0647258374791249,-87.8260383605957,-153.41620540618896,-8027.5235595703125,-6870.09375,-1853.6705033414569,-973.1541891211223,11.350000000000094,23.04706785413954,1.966955264409383,0.11287714540958405,-0.4123922591429922,-0.06872029407278332,-0.07578532546903269,455,-9.72255802154541,21.972931783582833,32.640372459905294
-8.154024827480317,7.350266456604004,7.2091569900512695,0.0866990761294751,0.060000719753862605,-88.6800765991211,-152.49216747283936,-7983.2401123046875,-6949.5928955078125,-2054.358592330716,-1144.9065328711126,11.375000000000094,23.011404673258465,2.00008127424452,0.1670490801334381,-0.4088375050094681,-0.06682010366787658,-0.07553753497435763,456,-10.311880111694336,21.4892338281043,32.90859348301154
-8.162124311923982,7.3248748779296875,7.271651268005371,0.08813402893670182,0.054932162438899375,-90.10915756225586,-150.87231826782227,-7966.675537109375,-6979.24072265625,-2253.939595138337,-1318.6463552588004,11.400000000000095,22.97585169474284,2.0302136739095054,0.1858496069908142,-0.40435034488879357,-0.06478340337056264,-0.07537583116191937,457,-10.895600318908691,21.234243790662415,33.39902585125376
-8.155138754844666,7.2866551876068115,7.328237295150757,0.08944856525076493,0.050477393014982955,-92.21334791183472,-148.78143978118896,-7975.921875,-6955.5537109375,-2453.106483566073,-1493.127373325204,11.425000000000095,22.94046613905165,2.0574820041656494,0.16942590475082397,-0.3998437769816751,-0.06261967236984653,-0.07528917023557252,458,-11.473098754882812,21.289274581770943,33.94875482503139
-8.13920614719391,7.235893249511719,7.383927583694458,0.09066477266395527,0.04706407770247724,-94.78997993469238,-146.50960731506348,-8002.587890625,-6898.1220703125,-2652.5045304410723,-1667.0162160986438,11.450000000000095,22.90526072184245,2.0824093288845487,0.12964800000190735,-0.3960753041706721,-0.06033880181246436,-0.07524071734848989,459,-12.044866561889648,21.633509104208233,34.380460703951655
-8.12520524263382,7.173261404037476,7.441235303878784,0.09180780140381728,0.04454576344737389,-97.5798511505127,-144.39067554473877,-8035.3868408203125,-6838.1044921875,-2852.5692277066946,-1839.4692678564616,11.475000000000096,22.870222727457683,2.105584012137519,0.08544070273637772,-0.39339839451146535,-0.057949750738770726,-0.07518448303759719,460,-12.612131118774414,22.155579853861937,34.55888372617791
-8.123218047618867,7.099246978759766,7.499636173248291,0.09289381352921638,0.04238028058600321,-100.37007713317871,-142.62786197662354,-8064.6612548828125,-6803.597106933594,-3053.4538987271994,-2010.4218801611546,11.500000000000096,22.83532460530599,2.1273831526438394,0.053891003131866455,-0.39169610194268667,-0.05545851750300212,-0.07508727765780929,461,-13.17626667022705,22.691572553957442,34.430400667939274
-8.137093365192413,7.013889312744141,7.556107759475708,0.09392377443604771,0.03999389267339966,-103.05836200714111,-141.23046779632568,-8084.612548828125,-6807.4410400390625,-3255.070430099267,-2180.5118078344976,11.525000000000096,22.800555759006077,2.1478337711758084,0.04372555762529373,-0.39052347882521116,-0.05286888046495509,-0.07494509814511269,462,-13.73825740814209,23.076223317947,34.03650115637853
-8.162078166007996,6.917379140853882,7.606707572937012,0.09488768062546667,0.03708827989439313,-105.63705933094025,-140.0357313156128,-8090.791748046875,-6845.3974609375,-3457.185743819968,-2350.697833835474,11.550000000000097,22.765931023491753,2.1667129463619657,0.05515526235103607,-0.3893275863377111,-0.050185747747294854,-0.07478529183495113,463,-14.298421859741211,23.19270606697396,33.49906885712088
-8.18633280992508,6.8105714321136475,7.6489691734313965,0.09577300691797148,0.0337551257306988,-108.16525611281395,-138.77457523345947,-8080.435546875,-6898.572265625,-3659.4555375211394,-2521.8327703589075,11.575000000000097,22.731497022840713,2.183744642469618,0.0807923749089241,-0.3876460997149487,-0.04741464957047255,-0.0746525582217459,464,-14.856401443481445,23.007087487419067,32.98209049551712
-8.196564936637879,6.694986581802368,7.682686805725098,0.09657327850316189,0.03037273637635163,-110.72663938999176,-137.24248600006104,-8052.6873779296875,-6943.49951171875,-3861.466426193015,-2694.2970769995272,11.600000000000097,22.697327931722004,2.198795345094469,0.11009982973337173,-0.38525907514039703,-0.044558544540011666,-0.07458542159514067,465,-15.411388397216797,22.5771286961956,32.641142712889135
-8.18582228422165,6.573095321655273,7.710023880004883,0.0972923486422401,0.027273659508313057,-113.37013840675354,-135.3500747680664,-8011.53173828125,-6963.4814453125,-4062.78361064126,-2867.884564792492,11.625000000000098,22.663502163357204,2.2119690312279596,0.1334868222475052,-0.3821933439620387,-0.04162579664621075,-0.07459465943517188,466,-15.962447166442871,22.032700151518092,32.57650149763256
-8.157035994529725,6.446448802947998,7.733794450759888,0.09793868119404552,0.02454418362649624,-116.12914276123047,-133.168719291687,-7965.3802490234375,-6955.481201171875,-4263.071904098295,-3041.9716009253025,11.650000000000098,22.630083296034073,2.2234741846720376,0.14578887820243835,-0.3786787369819475,-0.038618093251291716,-0.07465548769894498,467,-16.508819580078125,21.53470748244012,32.80480520359518
-8.121402001380922,6.31538987159729,7.756059169769287,0.09851933353546685,0.02195358951493246,-119.03360557556152,-130.8649082183838,-7924.24853515625,-6929.9876708984375,-4462.206410323885,-3215.8586309546,11.675000000000098,22.597115834554035,2.233483526441786,0.14742542803287506,-0.3749955519048543,-0.035537218465125454,-0.07471804701742663,468,-17.050085067749023,21.22662272913221,33.257331959002194
-8.09076169729233,6.178566217422485,7.776602745056152,0.09903370645525884,0.01915778011602666,-122.13888931274414,-128.62540531158447,-7892.3204345703125,-6904.5006103515625,-4660.3126237027955,-3389.1083227270633,11.700000000000099,22.56461673312717,2.241992155710856,0.14451323449611664,-0.3713390317281755,-0.032382009235329655,-0.07473066374309087,469,-17.586149215698242,21.194031517948392,33.803430219775024
-8.077685463428498,6.033480405807495,7.793110132217407,0.09946963263619119,0.01565456959286586,-125.46558666229248,-126.57708930969238,-7877.031982421875,-6894.6087646484375,-4857.620634567056,-3561.720837985855,11.7250000000001,22.532598707411026,2.248730924394396,0.14148648083209991,-0.36777122810530993,-0.029155830923672445,-0.07466468392708416,470,-18.117069244384766,21.443281974245966,34.28999616505735
-8.083383023738861,5.877197504043579,7.80199933052063,0.09980727985052121,0.01131959664492177,-129.01671314239502,-124.75554275512695,-7874.353271484375,-6906.56640625,-5054.546434127605,-3734.0860571020667,11.7500000000001,22.501070234510635,2.253257433573405,0.14321064949035645,-0.36422686030003715,-0.02586038857742986,-0.07452977817311483,471,-18.642892837524414,21.903399974300527,34.58452611172793
-8.095680034160615,5.7085466384887695,7.800416707992554,0.10002990347289502,0.006511484521149331,-132.72558689117432,-123.07716846466064,-7867.489013671875,-6934.8831787109375,-5251.405265914715,-3906.7502172583154,11.7750000000001,22.470054626464844,2.2552042537265353,0.15418300032615662,-0.360522835987414,-0.02250400353471109,-0.07436987199441239,472,-19.163509368896484,22.448751097412064,34.60987811990469
-8.102180767059327,5.528539419174194,7.787402391433716,0.10012959724382645,0.0015796725958947522,-136.47203540802002,-121.44115209579468,-7847.37646484375,-6965.9349365234375,-5448.092491256512,-4080.122296726086,11.8000000000001,22.43959638807509,2.254407140943739,0.1721579134464264,-0.35645372557885474,-0.01909819708812264,-0.07424084183959805,473,-19.67852020263672,22.934892078509815,34.362199600312735
-8.087256360054017,5.340174913406372,7.76432728767395,0.1001099314636519,-0.00292579220597336,-140.10587120056152,-119.74205255508423,-7799.77490234375,-6985.3515625,-5644.276902877608,-4254.270670139169,11.8250000000001,22.409754859076607,2.2509638468424478,0.19618645310401917,-0.351865831389948,-0.01565576021312664,-0.07418320104675465,474,-20.18729591369629,23.237252037149602,33.90839878865146
-8.044981443881989,5.1476922035217285,7.733774900436401,0.09998546197220431,-0.0068700854037123055,-143.5935001373291,-117.94577217102051,-7721.3773193359375,-6985.5885009765625,-5839.271275436206,-4428.904459201667,11.850000000000101,22.380597856309677,2.245221402910021,0.2238689810037613,-0.34661684074994265,-0.012186101358511635,-0.07419989573783807,475,-20.688993453979492,23.282128160658885,33.365175861056116
-7.981600904464722,4.954028129577637,7.698035478591919,0.09976585105081366,-0.010557793173320798,-146.92573165893555,-116.07892990112305,-7620.6044921875,-6969.66064453125,-6032.3057084196125,-4603.544171726081,11.875000000000101,22.35218683878581,2.237412929534912,0.25291237235069275,-0.34066763848032827,-0.008695901573617769,-0.07425292593304428,476,-21.182641983032227,23.0622114353986,32.866609986988585
-7.907415795326234,4.760098457336426,7.657228231430054,0.09945271324089078,-0.014524056669829921,-150.33316040039062,-114.22990798950195,-7504.4979248046875,-6949.3812255859375,-6222.820820724311,-4777.785687839364,11.900000000000102,22.3245726691352,2.227588494618734,0.2854890823364258,-0.3339378969847253,-0.005182525655344921,-0.07428029823562325,477,-21.667200088500977,22.63381084592997,32.52999268242174
-7.841748404502869,4.56383752822876,7.608691692352295,0.09902633282799068,-0.01967130623381579,-153.9426326751709,-112.51828956604004,-7394.177978515625,-6939.0142822265625,-6410.433268844439,-4951.520218479014,11.925000000000102,22.297806209988064,2.215315898259481,0.31969884037971497,-0.3263790468627534,-0.0016460136551391723,-0.07422386418764879,478,-22.141508102416992,22.098406100691925,32.42914071572349
-7.785439288616181,4.361549139022827,7.547680854797363,0.09845464368811314,-0.026189499112109407,-157.99205017089844,-111.0089898109436,-7282.120849609375,-6947.627197265625,-6595.2877183073415,-5124.995575534679,11.950000000000102,22.27193832397461,2.1998884942796497,0.36260986328125,-0.3178542682134098,0.0019180616072188275,-0.07405786602795279,479,-22.604305267333984,21.57517134804929,32.58122861236377
-7.7426918148994455,4.149675369262695,7.468177556991577,0.09769720738458099,-0.03443759613013983,-162.43546295166016,-109.74157667160034,-7180.079833984375,-6971.1756591796875,-6777.340739547587,-5298.6862554663185,11.975000000000103,22.247032589382595,2.180414464738634,0.40760719776153564,-0.30820869821930624,0.0055037221283085426,-0.07379795815031787,480,-23.054073333740234,21.172608041168786,32.948678052338096
-7.676829910278321,3.926730513572693,7.367229461669922,0.09672921490736443,-0.0428301009776852,-167.29540634155273,-108.59927082061768,-7053.360595703125,-6977.197021484375,-6956.8427353972065,-5472.965646945809,12.000000000000103,22.2231568230523,2.1563582950168185,0.45508116483688354,-0.2974052856517772,0.009106339430382915,-0.0734864848160763,481,-23.489158630371094,20.966469133339707,33.45350520224873
-7.596993386745454,3.6946616172790527,7.247359752655029,0.0955449154929846,-0.05181706291183369,-172.26832580566406,-107.6870641708374,-6913.2467041015625,-6971.1494140625,-7133.176750289797,-5647.3955724829175,12.025000000000103,22.200389438205296,2.1276125642988415,0.5023503303527832,-0.28543477602603456,0.012703776702085055,-0.07315996462167576,482,-23.907848358154297,20.988451825713497,33.99868408496825
-7.484963369369507,3.455300211906433,7.108497142791748,0.09413470511676039,-0.06083286604834989,-177.24336624145508,-106.84793663024902,-6714.0009765625,-6965.4013671875,-7306.007917892351,-5821.674307834481,12.050000000000104,22.17879189385308,2.0939828289879694,0.5735872387886047,-0.2720342154739466,0.01628689714225909,-0.07283222103764948,483,-24.308303833007812,21.22653661558033,34.49007751690694
-7.346189749240875,3.2144683599472046,6.949218988418579,0.09249145982277585,-0.07060883106732639,-181.75175857543945,-106.20554256439209,-6467.030517578125,-6958.5208740234375,-7473.857942306434,-5995.809342014169,12.075000000000104,22.158434126112198,2.0553301440344915,0.663038432598114,-0.25660502525100437,0.01983150005472191,-0.07248570216793813,484,-24.688011169433594,21.634538952011305,34.85373926197667
-7.1762717247009284,2.97286593914032,6.7670371532440186,0.09059304208446968,-0.0814410057746283,-186.42623138427734,-105.79465675354004,-6165.5537109375,-6949.2034912109375,-7635.533705245913,-6169.772363864755,12.100000000000104,22.139400906032986,2.0111807187398276,0.7727521657943726,-0.23865883154755785,0.023349283582621134,-0.07207867960721155,485,-25.04373550415039,22.146936137434594,35.04573210352769
-6.995775187015534,2.728322386741638,6.557479619979858,0.08839213918060095,-0.09449357439602697,-191.32656478881836,-105.56945037841797,-5851.28125,-6933.39599609375,-7789.672548019381,-6343.502451145029,12.125000000000105,22.12177488538954,1.96049968401591,0.8842042088508606,-0.21797321047831494,0.02683231753963268,-0.07156055329475823,486,-25.371679306030273,22.69481463015643,35.053736743667486
-6.786417591571809,2.479618787765503,6.31639838218689,0.08584858731297988,-0.1091323966640825,-196.33033752441406,-105.55775833129883,-5497.3914794921875,-6904.4227294921875,-7935.954579269413,-6516.837351047375,12.150000000000105,22.105636596679688,1.90241363313463,1.0044224262237549,-0.19434755943416546,0.030266011235964008,-0.07089086814914418,487,-25.667829513549805,23.219103992625303,34.891657748680146
-6.554177463054658,2.225364089012146,6.039334058761597,0.08290849075904604,-0.1257289502613473,-200.91130828857422,-105.9053726196289,-5116.322509765625,-6860.811767578125,-8073.389366256755,-6689.447919284683,12.175000000000106,22.091055976019966,1.8357442484961615,1.1276991367340088,-0.16772139136885092,0.03361395634668128,-0.07003870653458927,488,-25.927919387817383,23.678651290288045,34.590120436796575
-6.297496354579926,1.962354063987732,5.72283411026001,0.07953221835282764,-0.1444285023029068,-205.25404357910156,-106.72661972045898,-4707.5489501953125,-6800.220458984375,-8201.297429000935,-6860.968213474141,12.200000000000106,22.078075408935547,1.7596299118465848,1.2533016204833984,-0.13794010978109225,0.03689891873791549,-0.0689823137539389,489,-26.14752960205078,24.052717496002934,34.18623113149928
-5.988689637184144,1.6965461373329163,5.364028215408325,0.07567575303493274,-0.1638729571461183,-208.42638397216797,-107.95100975036621,-4234.454833984375,-6708.569580078125,-8318.98615275586,-7030.973724948756,12.225000000000106,22.066703372531467,1.6731093989478216,1.387583613395691,-0.1049716069349972,0.039981779451629,-0.06770338057469878,490,-26.322128295898438,24.339144007080996,33.71520700277668
-5.639762258529664,1.4196293950080872,4.961318492889404,0.07131423586106113,-0.18483501433651142,-209.5464630126953,-109.91818618774414,-3726.9393310546875,-6577.994873046875,-8424.84752360552,-7198.687964450719,12.250000000000107,22.05691655476888,1.5756441487206354,1.5172427892684937,-0.06864870289313603,0.04299848974057847,-0.0661753710933198,491,-26.446956634521484,24.550247744372392,33.20529175924282
-5.22859513759613,1.147608369588852,4.51427960395813,0.06642369005902368,-0.2061188978998838,-207.99185180664062,-112.70606994628906,-3162.3133544921875,-6390.69140625,-8518.021006881942,-7363.137836276905,12.275000000000107,22.048638661702473,1.466709640291002,1.6399317979812622,-0.029135173740170214,0.045653422079008285,-0.0643627362704386,492,-26.51731300354004,24.70831288926137,32.676156144028354
-4.756930136680603,0.8678023219108582,4.024744510650635,0.06099482785451874,-0.22737290412477687,-205.43397521972656,-116.20392608642578,-2566.949951171875,-6123.412109375,-8597.078840744307,-7522.905121433175,12.300000000000107,22.041729821099175,1.3461012310451932,1.7390934228897095,0.01312252549398639,0.04813607078145059,-0.06221815922362505,493,-26.52889060974121,24.84180367293579,32.14030123417592
-4.218997848033905,0.5882565677165985,3.4969195127487183,0.05504799330156101,-0.24777193577121362,-199.8427963256836,-120.81880569458008,-1943.3960266113281,-5763.14794921875,-8661.252589523667,-7675.990424167579,12.325000000000108,22.035982343885635,1.2142634391784668,1.8076786994934082,0.05750201302228496,0.05029176860640983,-0.05968241374694929,494,-26.47818374633789,24.982592847585458,31.606801147327065
-3.6008230686187748,0.3109469711780548,2.936090588569641,0.048612880646304854,-0.26581340406265774,-193.20682525634766,-126.52452850341797,-1294.0823822021484,-5281.7689208984375,-8709.837490189017,-7820.069122898086,12.350000000000108,22.03110588921441,1.0718399286270142,1.833735704421997,0.10314459520341879,0.0520750379170837,-0.05668680276785489,495,-26.362747192382812,25.163608231066867,31.086634304164452
-2.871545279026032,0.0373913049697876,2.356921434402466,0.04179843814446974,-0.27823224021315845,-185.7483901977539,-132.92398834228516,-634.7277412414551,-4607.0201416015625,-8742.18954974414,-7952.1133459205985,12.375000000000108,22.026731703016495,0.9212195873260498,1.780598759651184,0.14842614012571112,0.053478053597175494,-0.05314831472292625,496,-26.181859970092773,25.415471764693336,30.59858895738803
-2.067542940378189,-0.2369086630642414,1.7723955512046814,0.034741194413814264,-0.28540584743869357,-177.96377563476562,-137.29291915893555,47.900909423828125,-3818.617431640625,-8758.057743275247,-8067.2888494607105,12.400000000000109,22.02246771918403,0.7653948333528307,1.683508276939392,0.19176688975885142,0.054620795214982476,-0.048965291759928,497,-25.937294006347656,25.760446526280077,30.173905861488514
-1.1835493579506875,-0.5136196911334991,1.1928483843803406,0.027583187486602115,-0.28580608726101886,-169.8964080810547,-138.9219093322754,751.9335556030273,-2904.968994140625,-8756.860220539726,-8162.754285251812,12.425000000000109,22.017911275227863,0.6074782874849107,1.5322892665863037,0.23212166988828123,0.05559329842129535,-0.044041597924697466,498,-25.63257598876953,26.203421925363035,29.856949778670003
-0.2412506114691496,-0.796006053686142,0.6339768171310425,0.020508934895078358,-0.2791426085422884,-160.90575408935547,-139.5010223388672,1484.8468322753906,-1913.2056274414062,-8738.061881649726,-8235.378510105427,12.45000000000011,22.01270209418403,0.45152035024431014,1.3491653203964233,0.26816668971514945,0.05652867757813144,-0.03829510382593015,499,-25.273061752319336,26.721858492979184,29.69880952290193
0.735837957262993,-1.1068264842033386,0.10392194334417582,0.013681466830739777,-0.2661879610252206,-153.90121841430664,-135.87081909179688,2259.14306640625,-898.4701538085938,-8700.94071084292,-8283.20865079157,12.47500000000011,22.006501091851128,0.3010999825265672,1.167797565460205,0.29958558234671145,0.05794191938069022,-0.031668405858567214,500,-24.865306854248047,27.259410256811933,29.742236560449538
1.7391865640878679,-1.4293528199195862,-0.3897455036640167,0.007255273164392137,-0.2475689862513928,-148.28398895263672,-134.8171558380127,3068.30419921875,130.14227294921875,-8644.462134182848,-8305.670404636894,12.50000000000011,21.998958587646484,0.15961125493049622,0.9934357404708862,0.32663491006448275,0.05969445830909809,-0.02414261430422052,501,-24.41581916809082,27.729701311876855,30.000747930237257
2.7357401847839355,-1.7440739870071411,-0.8403432369232178,0.0013534932373467647,-0.2245644343077202,-144.16240310668945,-135.66851997375488,3835.393798828125,1188.9024658203125,-8567.754529202468,-8302.416847813276,12.52500000000011,21.989837222629124,0.029763113707304,0.7915788292884827,0.3490513694604386,0.061494905008802975,-0.015741840133430995,502,-23.93097686767578,28.034487464782572,30.439438832664727
3.672499066591263,-2.0482592582702637,-1.243334710597992,-0.003935190856431164,-0.19884820180785848,-141.96020126342773,-136.61196327209473,4518.6190185546875,2222.5049438476562,-8471.86968423185,-8272.694286167885,12.55000000000011,21.979039510091145,-0.08649215930038029,0.572628915309906,0.3660895084559522,0.06328981732686753,-0.006543330102121794,503,-23.41798210144043,28.09494504903012,30.967991718972552
4.476792299747467,-2.3444994688034058,-1.6012399792671204,-0.00858583473822561,-0.17394080462056746,-139.8216314315796,-141.41938400268555,5100.995361328125,3114.68359375,-8358.904208768057,-8217.131662571808,12.575000000000111,21.966556972927517,-0.1886058681541019,0.3840191066265106,0.3779198692293294,0.0650989442672504,0.003304573555800465,504,-22.884531021118164,27.886333967963324,31.455473638372926
5.152894806861878,-2.630328416824341,-1.9238636493682861,-0.01263706347648127,-0.1508339540015222,-136.96092700958252,-145.8471622467041,5620.65283203125,3835.0579833984375,-8231.379324734919,-8139.264572728156,12.600000000000112,21.952457427978516,-0.27742935551537407,0.25336554646492004,0.3857624458759356,0.06683847115701971,0.013569038780549101,505,-22.33721160888672,27.45910709363949,31.76724439308928
5.717045569419861,-2.9048829078674316,-2.219482898712158,-0.016141859412728506,-0.1301054310715938,-133.89340162277222,-150.13445663452148,6056.42529296875,4434.4124755859375,-8090.863003934194,-8043.388123143274,12.625000000000112,21.93685531616211,-0.35413238737318253,0.14751102030277252,0.3907229495908581,0.06848178303003151,0.02395646974699699,506,-21.780685424804688,26.933060881739358,31.810627072172448
6.184535825252533,-3.170065402984619,-2.4938104152679443,-0.019156681562077,-0.1117663129164413,-130.47197890281677,-153.35545921325684,6430.9818115234375,4918.0147705078125,-7939.452371610024,-7932.527811253693,12.650000000000112,21.919898986816406,-0.4199639293882582,0.07118392735719681,0.39343408087007237,0.07003344887203096,0.03414395141103957,507,-21.21851348876953,26.464108434489127,31.570171123882048
6.579909944534302,-3.426387906074524,-2.7509713172912598,-0.021739465121506284,-0.09523531469388448,-127.20110082626343,-154.8365936279297,6773.791015625,5301.34912109375,-7778.677826321979,-7809.577441991051,12.675000000000113,21.901730431450737,-0.4762069384256999,0.028603238984942436,0.39463263651866254,0.0714996750967147,0.04380501351254676,508,-20.65323257446289,26.19526759700155,31.117664721303743
6.91139007806778,-3.6719528436660767,-2.9910826683044434,-0.023930599633720392,-0.08066311306497298,-124.14792537689209,-155.19565963745117,7060.965087890625,5623.214538574219,-7609.333050931393,-7677.043713963751,12.700000000000113,21.882474687364365,-0.523760716120402,-0.006159654352813959,0.39485151507075344,0.07287775276991143,0.052640433258291326,509,-20.08640480041504,26.20976565395435,30.59209121607214
7.19919456243515,-3.90567946434021,-3.214340090751648,-0.0257770586830402,-0.06756987714149096,-121.66879224777222,-154.68220138549805,7332.312255859375,5880.879821777344,-7432.808923734159,-7536.463350499431,12.725000000000113,21.862258911132812,-0.5636696020762125,-0.016424857079982758,0.39454981220876106,0.07417528230370087,0.06039949067639914,510,-19.519081115722656,26.503146106269163,30.156400310934824
7.4397158384323125,-4.124937534332275,-3.4193707704544067,-0.02731959487592772,-0.05628496504887556,-119.7069640159607,-153.94171905517578,7565.4375,6090.006408691406,-7249.501117337705,-7389.441354955026,12.750000000000114,21.84120602077908,-0.5968413750330607,-0.017582399770617485,0.3940452097612183,0.07538455301448939,0.0668949405751024,511,-18.95170021057129,26.983886639252997,29.94601520162183
7.6336133837699895,-4.32679009437561,-3.607173204421997,-0.028606378138599762,-0.047430399671606845,-118.08192014694214,-153.10027313232422,7788.7542724609375,6223.410461425781,-7060.365179837731,-7237.191194737765,12.775000000000114,21.81942409939236,-0.6243450111813016,0.013571908697485924,0.39397903020812985,0.07651415775798172,0.07201832571900764,512,-18.38424301147461,27.50196491208095,30.02616090665587
7.753793120384217,-4.511392593383789,-3.7797179222106934,-0.029724460549188297,-0.04264579774668411,-116.55334711074829,-152.18055248260498,7942.82958984375,6290.676818847656,-6865.646323026233,-7081.605933202135,12.800000000000114,21.797033945719402,-0.6480959388944838,0.051725421100854874,0.3947715869485374,0.07756798308489368,0.07574928124815415,513,-17.81586456298828,27.895578198510478,30.371520102161142
7.80300452709198,-4.678951263427734,-3.9397438764572144,-0.03077225631294475,-0.04197879656810615,-114.85598945617676,-151.20004653930664,8046.2020263671875,6278.2945556640625,-6667.075583280157,-6924.339012730951,12.825000000000115,21.774145762125652,-0.6702511840396457,0.10705156624317169,0.3967277453482279,0.07854694445685,0.07815617966234051,514,-17.245418548583984,28.04124505986518,30.873778338807075
7.768225693702698,-4.832636833190918,-4.090129852294922,-0.03186754580967249,-0.04627674741570894,-112.81507110595703,-149.6526975631714,8052.17529296875,6208.9337158203125,-6465.9205326209885,-6767.381648839349,12.850000000000115,21.75086127387153,-0.6933813624911838,0.15192453563213348,0.400026602990509,0.07946221050567218,0.07939667177572102,515,-16.67132568359375,27.892480249113348,31.374279703737102
7.6848038077354435,-4.976332187652588,-4.2311460971832275,-0.033114063325019295,-0.05343935245699068,-110.03550624847412,-148.55186557769775,7970.0980224609375,6137.9495849609375,-6264.616150296771,-6612.158305943833,12.875000000000115,21.727288564046223,-0.7197419802347819,0.16306394338607788,0.40404318254656657,0.08030017414266562,0.079692266011963,516,-16.09229850769043,27.49601024964269,31.71264784100545
7.598530220985413,-5.111346244812012,-4.360666513442993,-0.03454416626622964,-0.060546642810193625,-106.94250249862671,-148.58390617370605,7844.58984375,6104.7449951171875,-6065.363699735238,-6458.709566319801,12.900000000000116,21.70347001817491,-0.7500266366534762,0.13727325201034546,0.4078428143423235,0.08102541116414304,0.07930253735356511,517,-15.508070945739746,26.97985259205665,31.77813906222329
7.540799927711487,-5.2366368770599365,-4.477513790130615,-0.036128484959906976,-0.06556100895816294,-103.9815731048584,-149.62781810760498,7731.837646484375,6110.858093261719,-5869.248953641473,-6306.0909414418675,12.925000000000116,21.679390801323784,-0.7835844490263197,0.09491249173879623,0.41075917547304197,0.08159565221017784,0.07849052289244314,518,-14.919442176818848,26.51413084694607,31.54814494575635
7.5305748105049135,-5.350205659866333,-4.581417798995972,-0.037797995680142436,-0.06744656446064187,-101.75035524368286,-151.01851558685303,7673.28173828125,6149.81005859375,-5675.953012479351,-6153.319489110325,12.950000000000117,21.654997931586372,-0.8189056317011515,0.05628424882888794,0.4126220566555524,0.08199556329855608,0.07748852517705765,519,-14.327718734741211,26.25484262857515,31.098981990980075
7.55742530822754,-5.449797630310059,-4.6741838455200195,-0.03948137564399232,-0.06691545939906363,-100.37618017196655,-152.28271865844727,7670.87939453125,6200.625244140625,-5484.120969022313,-5999.5742376454855,12.975000000000117,21.630238427056206,-0.8544355630874634,0.03274677321314812,0.41369824005205347,0.08222417071100416,0.07648028567786727,520,-13.734110832214355,26.28974932653076,30.58223188441167
7.605241823196412,-5.535239934921265,-4.7589123249053955,-0.04113246894081419,-0.06504979854216543,-99.68443059921265,-153.24863624572754,7705.99853515625,6252.4093017578125,-5292.348984159032,-5844.558606541976,13.000000000000117,21.605076260036892,-0.8891716268327501,0.022658653557300568,0.41436849111939916,0.08229349196194108,0.07559207984243381,521,-13.139372825622559,26.60687772031883,30.173574786708127
7.6585643053054815,-5.607749938964844,-4.838897466659546,-0.042730161696590774,-0.06275033787201774,-99.40135049819946,-153.87933349609375,7752.32080078125,6303.0859375,-5099.69902078013,-5688.248373998036,13.025000000000118,21.579513549804688,-0.9226576487223307,0.01722010411322117,0.41485857933900094,0.08221189104166536,0.07489340785282993,522,-12.543851852416992,27.09771519059298,30.012362054465374
7.7087658047676095,-5.669196844100952,-4.916762590408325,-0.04426977257346841,-0.06048075870153859,-99.31726169586182,-154.25175857543945,7799.0478515625,6347.6136474609375,-4905.891000760605,-5530.671225560542,13.050000000000118,21.553573608398438,-0.9547955460018582,0.01436501182615757,0.41525109599416504,0.08198552651019783,0.07440527539215362,523,-11.947729110717773,27.594059156965844,30.15342681074061
7.754448509216309,-5.721282720565796,-4.99425196647644,-0.04575403963394284,-0.058318625597476526,-99.28447914123535,-154.3740348815918,7839.6624755859375,6389.9163818359375,-4710.9148044715475,-5371.980884374024,13.075000000000118,21.52729034423828,-0.9856483671400282,0.0101245678961277,0.41556022241769597,0.08161901312636488,0.07411327642338325,524,-11.351120948791504,27.92568933015541,30.54792042348058
7.793610620498658,-5.765032529830933,-5.0717973709106445,-0.04718627518461985,-0.056314276465623245,-99.26448917388916,-154.26841163635254,7871.3409423828125,6429.1346435546875,-4514.923242581904,-5212.23297482813,13.100000000000119,21.500704023573135,-1.0152918100357056,0.004016696475446224,0.4157405850025216,0.08111404865536144,0.07398296462229431,525,-10.754179954528809,27.978985324653312,31.0598929724052
7.826211833953858,-5.800862789154053,-5.149198055267334,-0.048569937173727325,-0.05442525469253801,-99.25704145431519,-153.96648597717285,7893.8133544921875,6465.4613037109375,-4318.139719022337,-5051.5046087392675,13.125000000000119,21.473859151204426,-1.0438048839569092,-0.003930312115699053,0.4157434146111798,0.08047054571221422,0.07397242849123169,526,-10.157122611999512,27.736181808470093,31.513067253924078
7.852437901496888,-5.828764915466309,-5.225860595703125,-0.04990742660743556,-0.05261212884933083,-99.30893278121948,-153.47886848449707,7908.201171875,6498.1131591796875,-4120.794385160035,-4889.868076146498,13.15000000000012,21.446793874104817,-1.0712438159518771,-0.012837381102144718,0.41553379054387696,0.07968879974135669,0.07404119630400458,527,-9.560225486755371,27.281482368383116,31.75170974883647
7.873169100284577,-5.848578453063965,-5.301025152206421,-0.05119995855299189,-0.05081992130424838,-99.4405288696289,-152.8451747894287,7916.2120361328125,6527.002197265625,-3923.0893558631615,-4727.41524716701,13.17500000000012,21.41955057779948,-1.0976394017537434,-0.02199617587029934,0.4150973650202402,0.07877154048290615,0.07415537101336331,528,-8.963800430297852,26.771761095040063,31.694367409759167
7.8883709669113165,-5.859878778457642,-5.373998165130615,-0.05244767865201844,-0.049055181769096574,-99.6970272064209,-152.0994415283203,7919.4990234375,6550.419921875,-3725.184054959842,-4564.240192235373,13.20000000000012,21.39216317070855,-1.1229991912841797,-0.03011864423751831,0.41443776659725484,0.07771922566767496,0.07428968587846578,529,-8.368168830871582,26.3821232125104,31.36163565272128
7.898606598377229,-5.862304449081421,-5.444529056549072,-0.05365232212041295,-0.04733793388632145,-100.10676336288452,-151.28367805480957,7919.4044189453125,6568.0601806640625,-3527.1965793739046,-4400.479694188501,13.22500000000012,21.364669799804688,-1.147365305158827,-0.03666500747203827,0.4136021998052425,0.07653255021426007,0.07442670551655035,530,-7.773615837097168,26.245528733184024,30.868366863335286
7.906856203079224,-5.8555920124053955,-5.512124061584473,-0.05481312746055124,-0.04554273444620187,-100.68441009521484,-150.3918285369873,7916.8243408203125,6584.4920654296875,-3329.211468900272,-4236.278189671901,13.25000000000012,21.33710225423177,-1.1707259549034967,-0.0433063842356205,0.41260238255299947,0.0752138360662369,0.0745554860000125,531,-7.1803789138793945,26.407612142949194,30.383432274074583
7.913790941238404,-5.839521646499634,-5.576256513595581,-0.055927614603668165,-0.043630846938444774,-101.41766834259033,-149.43659114837646,7912.25830078125,6600.45068359375,-3131.2908603797637,-4071.6658880361606,13.275000000000121,21.30948808458116,-1.1930329269833035,-0.05026806890964508,0.41143298851834564,0.07376550503572173,0.07467095067802425,532,-6.588697910308838,26.812100371296008,30.07150423297291
7.919705796241761,-5.813932657241821,-5.636515378952026,-0.05699256695050962,-0.041579563753568055,-102.3162727355957,-148.42394638061523,7905.8878173828125,6616.29931640625,-2933.484402860232,-3906.6546209463186,13.300000000000122,21.281861199273003,-1.2142229080200195,-0.057710692286491394,0.41008383111011154,0.07218963355612698,0.0747720675756632,533,-5.998823642730713,27.32124674448166,30.037226178292865
7.924597847461701,-5.778716564178467,-5.6925177574157715,-0.058004314332198326,-0.03937646790298921,-103.3770956993103,-147.36424446105957,7897.71875,6632.0347900390625,-2735.837207425661,-3741.2471380361644,13.325000000000122,21.254253387451172,-1.2342229154374864,-0.06567148864269257,0.40854212715506466,0.07048802758356687,0.07485998518114943,534,-5.4110236167907715,27.76353516339153,30.290802000278866
7.903043615818024,-5.7352564334869385,-5.741954565048218,-0.058969231690593676,-0.038339840771054276,-104.7269458770752,-145.77674770355225,7887.5450439453125,6601.3055419921875,-2538.39423867566,-3575.44626828519,13.350000000000122,21.226702796088325,-1.2531753381093342,-0.05190660431981087,0.40698507673423623,0.06866457991054103,0.07492586512861527,535,-4.8255391120910645,27.99174856743768,30.746183023288282
7.880117857456208,-5.685492992401123,-5.796389102935791,-0.05992166132019008,-0.0377668242118209,-106.17298603057861,-144.3839111328125,7875.125244140625,6570.2655029296875,-2341.205612577026,-3410.4136297353816,13.375000000000123,21.19923273722331,-1.2718156973520915,-0.040727946907281876,0.40585769406577843,0.06672796661653824,0.07493795754443991,536,-4.242062091827393,27.931355401875273,31.251473693846776
7.878819346427918,-5.62834095954895,-5.8513147830963135,-0.060848716018025065,-0.03621887431177995,-107.53583407402039,-143.3520107269287,7859.0250244140625,6582.461669921875,-2144.3274814735087,-3246.156992162136,13.400000000000123,21.17184109157986,-1.2898716661665175,-0.049089305102825165,0.4047835413296086,0.064676539870634,0.07486364702764829,537,-3.660248041152954,27.603588529059113,31.640088340004265
7.898932540416718,-5.561662435531616,-5.899418592453003,-0.061718891420640846,-0.03319799867243803,-108.89979946613312,-142.5644073486328,7839.45263671875,6637.314147949219,-1947.8518558631552,-3081.5954504140905,13.425000000000123,21.14455329047309,-1.3066779242621527,-0.07861591130495071,0.40322242958811777,0.06251186844115796,0.0747086676969625,538,-3.0804057121276855,27.116926793477134,31.78542156774652
7.930095052719117,-5.483139276504517,-5.935214042663574,-0.062495148782939304,-0.028804677529485984,-110.40002259612083,-141.8158893585205,7818.3798828125,6713.9097900390625,-1751.865539945184,-2915.662596715367,13.450000000000124,21.11740960015191,-1.3214564323425293,-0.1189250573515892,0.4007606034764485,0.060233979375839915,0.07451835986994111,539,-2.503493070602417,26.630249804672104,31.64159273431929
7.944913148880006,-5.391726493835449,-5.957217693328857,-0.06315369858624546,-0.02417610771611747,-112.36920583248138,-140.6540184020996,7775.4261474609375,6782.4674072265625,-1556.406042874869,-2747.8148519643996,13.475000000000124,21.09047571818034,-1.3337151209513347,-0.1622021496295929,0.39723071660960296,0.057854324267367224,0.07435162101856693,540,-1.9308280944824219,26.299903108721576,31.25676803400921
7.9346004128456125,-5.294133901596069,-5.96735405921936,-0.06370121121685213,-0.019700261868886595,-114.03778529167175,-139.2842502593994,7718.7122802734375,6818.76708984375,-1362.0203891883402,-2578.253166783744,13.500000000000124,21.063853369818794,-1.343610816531711,-0.202132910490036,0.3926011106601229,0.05538814763238598,0.07424160749841144,541,-1.363887071609497,26.229076356262386,30.7547805475075
7.909075295925141,-5.187462329864502,-5.969802618026733,-0.06413723726632535,-0.0153281367834386,-116.18617653846741,-137.64384841918945,7674.0518798828125,6815.2301025390625,-1169.0525821814972,-2407.7839895376546,13.525000000000125,21.037604014078777,-1.3511469629075792,-0.2155023068189621,0.3873319465748602,0.05281014735994583,0.07417958913452623,542,-0.8038947582244873,26.437045876601704,30.29257311930772
7.87481633424759,-5.071351051330566,-5.967749357223511,-0.0644680226796592,-0.011276470080019299,-118.75088930130005,-135.85672187805176,7643.739013671875,6781.4197998046875,-977.2012851844213,-2237.4032369741776,13.550000000000125,21.011767917209202,-1.356466876135932,-0.2084890455007553,0.3819971355687271,0.050128471058506735,0.07413186861674337,543,-0.25134432315826416,26.85753879168697,30.009753131314667
7.83744924068451,-4.945160150527954,-5.962810277938843,-0.06470231011536973,-0.00760356209996081,-121.63023900985718,-134.13449668884277,7616.8912353515625,6738.496826171875,-786.1078098426207,-2067.867741979056,13.575000000000125,20.986364152696396,-1.3597642050849066,-0.19491973519325256,0.37695583820423434,0.0473492689657111,0.07405959708266134,544,0.2938968241214752,27.36372146190987,29.987732541886054
7.806393623352052,-4.808548927307129,-5.9540557861328125,-0.06484480587844578,-0.0038479416419606944,-124.69586181640625,-132.65705013275146,7589.0997314453125,6708.11376953125,-595.6855289588283,-1899.405321324754,13.600000000000126,20.961405436197918,-1.3611466354793973,-0.18685433268547058,0.372205025135642,0.04448081976747879,0.07393573512483743,545,0.8321695923805237,27.808716391628217,30.229735879349608
7.78440889120102,-4.660779237747192,-5.938510417938232,-0.06488840265772822,0.00036765488255555877,-127.82676315307617,-131.48933601379395,7552.922119140625,6702.76611328125,-405.958035672692,-1731.702477086469,13.625000000000126,20.936912960476345,-1.360472838083903,-0.19349314272403717,0.36748021117719154,0.04152797749101538,0.07375807731299393,546,1.36362624168396,28.06818011997596,30.664632009000613
7.763727927207947,-4.501842260360718,-5.912620782852173,-0.06481936436765712,0.005063177937620729,-130.9436616897583,-130.5632495880127,7495.1632080078125,6721.4315185546875,-217.1349826941718,-1564.133324254437,13.650000000000126,20.912916395399307,-1.3574635982513428,-0.2199118286371231,0.3623574210833424,0.03849827596937337,0.07355043397175182,547,1.887952208518982,28.073250952801885,31.17091496714944
7.733266949653626,-4.333515405654907,-5.8736796379089355,-0.06462769999295548,0.010191337005839391,-134.04308700561523,-129.7374725341797,7408.111572265625,6751.5418701171875,-29.755902493969216,-1396.0975362905722,13.675000000000127,20.88947508070204,-1.3519214259253607,-0.26330724358558655,0.3563344492515328,0.03540008751522969,0.07334836662404205,548,2.4041972160339355,27.82592432324354,31.612655884689786
7.681541466712952,-4.158092021942139,-5.820516586303711,-0.0643054699846235,0.01542818321515501,-137.1022071838379,-128.7886037826538,7299.4918212890625,6764.3612060546875,155.4468868126824,-1227.3089895376463,13.700000000000127,20.866656833224827,-1.3436928060319688,-0.3083549737930298,0.3491703128926243,0.032242443989749986,0.07317609339102756,549,2.910874366760254,27.393920038473215,31.876728707536728
7.597970628738404,-3.9778504371643066,-5.757016897201538,-0.06385764696375906,0.02026458986506359,-140.1776123046875,-127.78937339782715,7155.5736083984375,6754.2459716796875,337.9341823449227,-1058.1999593862806,13.725000000000128,20.84453370836046,-1.3328950934939914,-0.35683202743530273,0.34085123014797564,0.02902616410691001,0.07302960288631638,550,3.406381130218506,26.88800314013861,31.9006178181808
7.502418792247773,-3.7947803735733032,-5.683656692504883,-0.06328330714635905,0.025729063526769926,-143.32306289672852,-126.79206848144531,7000.2896728515625,6733.658203125,516.8235225549017,-889.3438100942872,13.750000000000128,20.823169284396702,-1.3195208708445232,-0.40472933650016785,0.3313184117365234,0.025758467529977385,0.07287364983735703,551,3.889037609100342,26.43005130047507,31.683670182733128
7.399401831626893,-3.6069060564041138,-5.598411798477173,-0.06256025474921334,0.031979379850104406,-146.69303512573242,-125.82937049865723,6835.2293701171875,6709.2838134765625,691.8307643762107,-721.0023550161595,13.775000000000128,20.802608066134983,-1.3031170103285048,-0.4542180001735687,0.3206126040229457,0.022435000614748218,0.07266500781070613,552,4.357158660888672,26.122222533356645,31.280698624782794
7.283047533035279,-3.4137901067733765,-5.498432397842407,-0.06167570243790033,0.03890200911003478,-150.48720169067383,-124.97517967224121,6648.3328857421875,6682.4278564453125,862.7114986291615,-553.2702596792424,13.800000000000129,20.78290515475803,-1.2834280067019992,-0.5105107426643372,0.3085452219125514,0.01905647076338706,0.07236936364019371,553,4.808952331542969,26.025588326018873,30.782443383532588
7.164121329784394,-3.212995767593384,-5.380738019943237,-0.060600072479563345,0.0470840056375716,-154.52027130126953,-124.22263622283936,6458.999755859375,6653.4129638671875,1028.91982077274,-386.2095632681061,13.825000000000129,20.764102935791016,-1.2598488065931532,-0.5666269659996033,0.29509765656722353,0.01563793471887722,0.07196581151126263,554,5.2424211502075195,26.152298792033044,30.290420473556008
7.011906397342682,-3.0056958198547363,-5.243264436721802,-0.05932065244118645,0.055241322151943946,-158.82295989990234,-123.6352653503418,6220.5802001953125,6612.6358642578125,1190.3948146692485,-219.87423917142266,13.85000000000013,20.746254391140408,-1.2321269512176514,-0.6364908218383789,0.28005512404504723,0.012189870095558152,0.07144673644767098,555,5.655464172363281,26.470777048184765,29.89375090791417
6.851120007038117,-2.7922292947769165,-5.084445953369141,-0.05782116375060654,0.06471868439488451,-163.2077293395996,-123.30892181396484,5973.57861328125,6564.8607177734375,1345.909319674162,-54.55834256497212,13.87500000000013,20.72940190633138,-1.1999355422125921,-0.7067898511886597,0.2632632442265819,0.0087216863825157,0.07080188527922192,556,6.045626640319824,26.919934136308537,29.65342521825923
6.6564595937728885,-2.573640465736389,-4.901962518692017,-0.05608018044461608,0.07453130949074163,-167.53932571411133,-123.15036201477051,5671.5194091796875,6510.2301025390625,1495.2487850062253,109.56317537937002,13.90000000000013,20.713585747612846,-1.1628409226735432,-0.7949851751327515,0.24449135407191314,0.005255591976564767,0.07002182875118089,557,6.410281181335449,27.426918533542715,29.596269845275707
6.442549324035645,-2.3486063480377197,-4.694566011428833,-0.054079405774288394,0.08550038732283043,-171.6605453491211,-123.34989547729492,5362.1217041015625,6427.7991943359375,1637.0367702357566,272.31892794285363,13.92500000000013,20.698846181233723,-1.1204738087124295,-0.8742582201957703,0.22361603270927252,0.0017750905583134666,0.06909196525063371,558,6.746407508850098,27.92332003790748,29.717752360288056
6.194230556488038,-2.1207135915756226,-4.460645914077759,-0.05179681040398148,0.09695773077365004,-175.12189865112305,-123.81006813049316,5002.9920654296875,6332.215576171875,1771.0898128383358,433.0139078012628,13.95000000000013,20.68520228068034,-1.0723867681291368,-0.965637743473053,0.20062804229862888,-0.0016384911353198367,0.06799640735720236,559,7.0510454177856445,28.35636998839869,29.990789203665354
5.910888206958771,-1.8854333758354187,-4.199851989746094,-0.04922309407582607,0.10883390624015506,-178.59954452514648,-124.63633155822754,4619.3289794921875,6197.1282958984375,1896.1646144741246,591.3192972055721,13.975000000000131,20.672660403781467,-1.0183949602974787,-1.0494338274002075,0.17544432550348532,-0.005066823334418519,0.06671424509514053,560,7.321042537689209,28.6939455229795,30.376848279006943
5.582949626445771,-1.653611660003662,-3.911578893661499,-0.046350708392607486,0.12074825645641067,-180.03846740722656,-125.64599227905273,4181.423828125,6034.7447509765625,2011.647838961479,746.2475046030505,14.000000000000131,20.66120783487956,-0.9583480490578545,-1.1394301652908325,0.14805995547582523,-0.00832284680035731,0.06521804790522039,561,7.553292274475098,28.924133245163908,30.836081550049002
5.223170363903046,-1.4139803647994995,-3.5961557626724243,-0.04317267504003186,0.1332199230650358,-181.1383056640625,-127.22515869140625,3729.4287719726562,5828.225341796875,2116.1834346646615,897.1161233774859,14.025000000000132,20.65081278483073,-0.8921051687664456,-1.215641736984253,0.1186012159855888,-0.011587929370247317,0.06347455956332958,562,7.744664192199707,29.051314990856948,31.334588612948046
4.7997523784637455,-1.1808964014053345,-3.255876302719116,-0.03969853146375306,0.1442806968624074,-179.8002471923828,-129.2856101989746,3233.7685546875,5548.955078125,2209.4191539640374,1042.8217569224348,14.050000000000132,20.64141167534722,-0.8198644717534384,-1.2740594148635864,0.08738962547775424,-0.014602406140891942,0.061448156128699076,563,7.892396926879883,29.090893605438694,31.84818718619436
4.334334015846252,-0.9417078793048859,-2.895374059677124,-0.03595809258441235,0.1543731286426694,-178.41303253173828,-131.5359878540039,2727.248046875,5203.6683349609375,2290.26336783129,1181.5456338755964,14.075000000000133,20.632904900444878,-0.7422398196326362,-1.3082072734832764,0.05505146789454572,-0.017585304686970414,0.05909214905846844,564,7.9944257736206055,29.064308438461705,32.36307872492865
3.813309532403946,-0.7120268195867538,-2.5198166370391846,-0.031997868013734436,0.16224022301606114,-174.36135864257812,-134.07505416870117,2192.6688842773438,4784.698974609375,2358.4445690032317,1311.6373422496652,14.100000000000133,20.62516318427192,-0.6601866086324056,-1.3193708658218384,0.0221811150181877,-0.020277068231186832,0.05635564284749274,565,8.04956340789795,28.995383943634412,32.87425236553576
3.2459151208400727,-0.4824032038450241,-2.135500907897949,-0.027871824214496268,0.16751765954545986,-170.7077178955078,-136.08990478515625,1659.3895874023438,4279.484375,2413.2612911102356,1431.2548166149545,14.125000000000133,20.618036058213974,-0.574811167187161,-1.2920465469360352,-0.010434333810552308,-0.022834895058369633,0.05318445048996726,566,8.057580947875977,28.908301753571614,33.38261032463235
2.6459706068038944,-0.26300186291337013,-1.7466946840286255,-0.02363964096225083,0.1704979531870971,-166.0316619873047,-137.54005432128906,1112.676528930664,3728.080322265625,2454.746030795365,1538.2419259900219,14.150000000000134,20.611351860894096,-0.4873357547654046,-1.2464452981948853,-0.04223664049589626,-0.02509786001861022,0.04953135497200274,567,8.019330024719238,28.82682932414761,33.89159590811088
2.0125977575778964,-0.04749568551778793,-1.360602617263794,-0.019372177067345647,0.17013518071235786,-161.28807830810547,-137.3245086669922,575.0675964355469,3106.2762451171875,2482.5629440187045,1631.4439340467359,14.175000000000134,20.604936811659073,-0.39921243985493976,-1.163912296295166,-0.072468890963557,-0.027173182393514107,0.04536325819467654,568,7.936484336853027,28.77417885908823,34.403823385306495
1.3566348761320115,0.16585439816117287,-0.98446124792099,-0.015158898097650569,0.16632236626920505,-157.1006851196289,-136.35013580322266,28.93218994140625,2451.489990234375,2496.939633929665,1709.1008401747483,14.200000000000134,20.598634084065754,-0.3122764825820923,-1.0665392875671387,-0.10040843020995775,-0.029118596602681773,0.040661547158682525,569,7.811924934387207,28.77265229650716,34.91801138285149
0.6870651558041573,0.3774666115641594,-0.6236080527305603,-0.01108654924359382,0.15916402228566742,-152.89745330810547,-134.79014205932617,-522.8918857574463,1777.3110961914062,2497.662938678273,1770.388089930695,14.225000000000135,20.59226353963216,-0.22830650210380554,-0.9599719047546387,-0.12573693974461755,-0.03098917702551551,0.03542595554791168,570,7.649204254150391,28.84251494804428,35.426547368042456
0.011275778757408261,0.5877165049314499,-0.2828073054552078,-0.007231922651178106,0.14894557305157427,-149.53114318847656,-132.14667129516602,-1079.7434997558594,1096.5445556640625,2484.59064153441,1814.82086733557,14.250000000000135,20.58569378323025,-0.14887673987282646,-0.8511328101158142,-0.14835523346168777,-0.03283468108191317,0.029678772772331226,571,7.452188014984131,28.999995185408597,35.914092843312346
-0.6707542538642883,0.8044374287128448,0.03464073687791824,-0.0036700281770555153,0.13578444732624123,-146.11367416381836,-131.28533554077148,-1654.9396362304688,422.4389190673828,2457.597054040589,1842.2344812272636,14.275000000000135,20.578767988416885,-0.07552499572436015,-0.751996636390686,-0.16837927538188455,-0.034852485419055154,0.023464598457821565,572,7.224743843078613,29.25449166271363,36.357605937519125
-1.355748027563095,1.0291382372379303,0.32593297958374023,-0.00047016740404212567,0.12005526032888003,-143.8531150817871,-131.1178092956543,-2242.8313598632812,-244.76572513580322,2416.223563134905,1852.795454204039,14.300000000000136,20.57135687934028,-0.009671982584728135,-0.6603092551231384,-0.1860046580425174,-0.037153403545721275,0.016845225223753653,573,6.970451354980469,29.60548802715658,36.72806257174423
-2.034279328584671,1.248016357421875,0.5888704508543015,0.0023068512022469774,0.10242793023170005,-141.9730453491211,-131.90441513061523,-2832.5372314453125,-898.6520690917969,2360.1527791384024,1846.676311075734,14.325000000000136,20.563346015082466,0.04743666284614139,-0.5749565362930298,-0.20145019341664996,-0.0395479588324335,0.00989653755673523,574,6.692587375640869,30.03989479277316,36.993968980932465
-2.671718567609787,1.4591770768165588,0.8234570026397705,0.004641306173222356,0.08466109210529196,-141.24590682983398,-133.60433959960938,-3381.89501953125,-1517.9739379882812,2289.339348352349,1824.2100093485274,14.350000000000136,20.554661220974392,0.0954011662138833,-0.49147486686706543,-0.2147597737279981,-0.042024384476422344,0.002710819190024047,575,6.3942060470581055,30.530677730987286,37.12648276440234
-3.248622250556946,1.6604998111724854,1.032063752412796,0.006539851347947878,0.06791357056373329,-140.82089614868164,-135.3750877380371,-3885.807373046875,-2072.1507568359375,2204.791972864142,1786.260660898904,14.375000000000137,20.545272827148438,0.13436494602097404,-0.4216122031211853,-0.2261524439762208,-0.044503527376960915,-0.004593537281615012,576,6.078212261199951,31.037678777370186,37.10550619126665
-3.758623701334,1.855499804019928,1.218825876712799,0.008042986800715787,0.052817362862024264,-140.52725791931152,-137.93961715698242,-4331.52392578125,-2562.2355346679688,2107.646788538039,1734.4568919780813,14.400000000000137,20.535174475775825,0.16516769925753275,-0.361278772354126,-0.23589167401691102,-0.047026240009052096,-0.011871789573084789,577,5.7470903396606445,31.511193691988968,36.92554039123148
-4.206101816892624,2.0410647988319397,1.3874984979629517,0.00919107970783815,0.039599761476824744,-140.1877212524414,-140.94730758666992,-4741.931640625,-2973.2979736328125,1999.3586903935686,1670.4010036114491,14.425000000000137,20.524370405409073,0.18864644898308647,-0.32566332817077637,-0.244452738236107,-0.0495054245214827,-0.01896129084244385,578,5.402856349945068,31.898143879149124,36.59991416258301
-4.601960176229477,2.2192108631134033,1.5415629744529724,0.010030812890540263,0.028126210194058476,-139.58596229553223,-143.71943283081055,-5107.278564453125,-3334.9921875,1880.8103993779998,1596.0685542706851,14.450000000000138,20.51288604736328,0.20576781696743435,-0.2972422242164612,-0.2522216285443021,-0.051966788741150384,-0.02569757164687974,579,5.046802997589111,32.14994861077645,36.16226321121563
-4.947990000247955,2.388453722000122,1.6826372146606445,0.010606617446539818,0.018566167202243963,-138.90563583374023,-145.79146194458008,-5441.4627685546875,-3636.6614379882812,1753.1284352667217,1512.6937495832346,14.475000000000138,20.50075954861111,0.21745186713006762,-0.2863195538520813,-0.2594747311283761,-0.05437447778128537,-0.03192856548814893,580,4.679853916168213,32.230917125055946,35.66468849736473
-5.257327687740326,2.54769504070282,1.8135847449302673,0.01096729164162331,0.010671869054435961,-138.0450210571289,-147.37846183776855,-5755.87939453125,-3890.9227905273438,1617.0918660529003,1421.7772136335689,14.500000000000139,20.488031175401474,0.22470722595850626,-0.29082733392715454,-0.2666738214765919,-0.05671752482774248,-0.03752521308311266,581,4.302384376525879,32.12578884185248,35.17248202879729
-5.519354712963104,2.6984031200408936,1.9350311756134033,0.01116069643370921,0.005204059679434571,-137.0497283935547,-148.5832405090332,-6019.45068359375,-4109.326416015625,1473.1948811896625,1324.5041438704204,14.525000000000139,20.474747551812065,0.22852192322413126,-0.2935963571071625,-0.2739774076080797,-0.059016925160646716,-0.04239386270756261,582,3.9142935276031494,31.84501772963271,34.75578198733965
-5.7409520745277405,2.8406187295913696,2.0475871562957764,0.011243065093392918,0.0017000452665345694,-135.88810348510742,-149.4395580291748,-6243.592041015625,-4293.0186767578125,1322.7086140998554,1221.77098347006,14.55000000000014,20.460963779025608,0.2300536466969384,-0.2984531819820404,-0.28136573219650246,-0.061249875463164266,-0.04647963451769174,583,3.515488862991333,31.426714196193224,34.4789832581002
-5.915837502479554,2.9737234115600586,2.1533526182174683,0.011268272537288898,0.0007132365419267403,-134.46969413757324,-149.96136283874512,-6438.2396240234375,-4420.526672363281,1166.6188130744958,1114.4455165511401,14.57500000000014,20.446732838948567,0.23040908906194899,-0.31829503178596497,-0.2890532462886388,-0.06340740005018373,-0.049771651164922756,584,3.1057968139648438,30.93414922354302,34.38915902570758
-6.039134132862092,3.099765658378601,2.2545623779296875,0.011306535712310072,0.002630366497894109,-132.78937339782715,-149.9548511505127,-6574.051025390625,-4512.172180175781,1005.6628224739369,1003.9323497420758,14.60000000000014,20.432109832763672,0.2310262123743693,-0.3328254818916321,-0.297195961190097,-0.06549877837362836,-0.052303830502451326,585,2.68468976020813,30.448148586391042,34.505511680744824
-6.120326995849609,3.220128059387207,2.3520511388778687,0.011422604803053592,0.006832612334491098,-130.73236274719238,-149.6514434814453,-6660.33935546875,-4575.983581542969,841.3115468391901,891.1280452376939,14.62500000000014,20.41715410020616,0.233227229780621,-0.34174057841300964,-0.30563944684716593,-0.06751413385092422,-0.05415240967767019,586,2.2517125606536865,30.054747439261416,34.812061144025584
-6.17812796831131,3.335159659385681,2.4457443952560425,0.011661348872400789,0.01225600361549106,-128.32875442504883,-149.28292274475098,-6712.4197998046875,-4630.92138671875,674.8030629524835,776.7284556991285,14.65000000000014,20.401908026801216,0.23792453938060337,-0.3413729667663574,-0.3142000117236575,-0.0694389397705628,-0.05543138862999154,587,1.806622862815857,29.829346195963314,35.255796887979905
-6.225073552131653,3.4448500871658325,2.5352436304092407,0.012041295615279128,0.018052888675212424,-125.78777599334717,-149.0654640197754,-6739.408447265625,-4690.8526611328125,506.9925679573736,660.9554210311675,14.675000000000141,20.38638644748264,0.2454903887377845,-0.32836300134658813,-0.32260804404871485,-0.07125714850638175,-0.056281041047456896,588,1.3494685888290405,29.81981675400804,35.75235456294867
-6.270470619201661,3.549700140953064,2.6206300258636475,0.0125633272037997,0.023500598986213473,-123.40822410583496,-149.11402893066406,-6758.477294921875,-4755.7142333984375,338.50735677573675,543.6841045028556,14.700000000000141,20.37059572007921,0.2559359206093682,-0.30884191393852234,-0.3305691313638296,-0.07295029062010246,-0.05684606812342004,589,0.8806869983673096,30.032401881287946,36.20004514660598
-6.327519822120667,3.649489998817444,2.7033278942108154,0.013210806163230613,0.027959825043766574,-121.43347549438477,-149.33234024047852,-6793.86962890625,-4825.531982421875,169.54542440269253,424.79124866790374,14.725000000000142,20.354510413275825,0.2689151300324334,-0.291970819234848,-0.33807438536886364,-0.07450756990633708,-0.057254114336690615,590,0.40091201663017273,30.42498375431227,36.5008371922627
-6.404065966606141,3.7432758808135986,2.7842023372650146,0.013952334240438754,0.031096687590365248,-119.90769863128662,-149.57595252990723,-6853.2891845703125,-4907.0172119140625,-0.30131631995874386,304.1529491073667,14.750000000000142,20.338090260823567,0.283782250351376,-0.2782239615917206,-0.34519351430534984,-0.07592217033717073,-0.057606854184260814,591,-0.08929644525051117,30.911457843722882,36.58408783380426
-6.493838465213776,3.830726742744446,2.8641490936279297,0.014758995331650747,0.03329206027378286,-118.76654624938965,-149.75511169433594,-6929.837890625,-4995.5841064453125,-171.63354593420814,181.47751880952669,14.775000000000142,20.321305592854817,0.29994381798638237,-0.2673599123954773,-0.3520135702514201,-0.07719547342741885,-0.057978377639894475,592,-0.5894846320152283,31.37821705952937,36.4268501845591
-6.58682131767273,3.9127227067947388,2.9444286823272705,0.01561484063894784,0.03503229872690594,-117.89009475708008,-149.82792472839355,-7008.377685546875,-5087.9910888671875,-344.87949319982226,56.587916148406435,14.800000000000143,20.304137335883247,0.3170716431405809,-0.25540873408317566,-0.35854497282483944,-0.0783302422067124,-0.0584136338693651,593,-1.099267840385437,31.71026665702468,36.064445480328665
-6.679174482822419,3.9900381565093994,3.025932788848877,0.01650954209072757,0.03649791533737141,-117.13143491744995,-149.79792022705078,-7086.102783203125,-5179.993896484375,-520.088935338483,-70.61186107326012,14.825000000000143,20.28658125135634,0.33495260609520805,-0.24316608905792236,-0.3647799988584466,-0.07932823269689518,-0.0589304494072194,594,-1.618233561515808,31.821244064842116,35.58664469528688
-6.766912472248078,4.063555955886841,3.109437584877014,0.017439202733301094,0.03786427510177178,-116.38325214385986,-149.66813468933105,-7159.3353271484375,-5267.9498291015625,-697.24150491855,-200.11170848535642,14.850000000000144,20.268645816379124,0.35350484980477226,-0.23102547228336334,-0.3707020701744558,-0.08019177932511018,-0.059526186059502516,595,-2.1459453105926514,31.67929279653343,35.1181498826075
-6.847027039527894,4.133707761764526,3.1955455541610718,0.018404746350671533,0.039316979542139564,-115.58328056335449,-149.43454933166504,-7225.8365478515625,-5348.5711669921875,-876.2248880972506,-331.810454212883,14.875000000000144,20.25033738878038,0.37274443440967137,-0.21969418227672577,-0.3763450422082247,-0.08092124827600732,-0.06018484821491716,596,-2.6819722652435303,31.320391255467705,34.78668471937317
-6.922862887382508,4.200524806976318,3.2839648723602295,0.019405229393187052,0.04065320813551921,-114.72587394714355,-149.08617401123047,-7284.41748046875,-5429.157958984375,-1056.87080179353,-465.52473338767606,14.900000000000144,20.231672922770183,0.3926495379871792,-0.20572569966316223,-0.3816717638625467,-0.08151495426795924,-0.060884298346902045,597,-3.2258968353271484,30.84318741146955,34.68662307515398
-6.992323005199433,4.26377272605896,3.373749852180481,0.020437472712296366,0.04190991640322478,-113.82985520362854,-148.6532325744629,-7332.3807373046875,-5508.552490234375,-1238.9812388052403,-601.2536823622738,14.925000000000145,20.212663014729817,0.4131532708803813,-0.18861602246761322,-0.38661362544983857,-0.08197097899274328,-0.06160360567376484,598,-3.777217388153076,30.384395993931626,34.84886977591127
-7.054316830635071,4.323592901229858,3.4643378257751465,0.021500845887835185,0.043065216490047166,-112.94776374101639,-148.16227912902832,-7369.8780517578125,-5584.606689453125,-1422.2907572378506,-738.9674946181218,14.950000000000145,20.193333095974392,0.4342406657007005,-0.16934053599834442,-0.3910942275363288,-0.08228965950668489,-0.06232484379241794,599,-4.335324287414551,30.080030888874823,35.22739791419861
-7.113024950027467,4.379374980926514,3.5545618534088135,0.022588595309726636,0.04387334856164251,-112.08844164013863,-147.62755584716797,-7401.7237548828125,-5660.174072265625,-1606.5377085317905,-878.582661854439,14.975000000000145,20.173695882161457,0.4557729760805766,-0.14844809472560883,-0.3950736892846933,-0.08246973496945548,-0.06303375230746182,600,-4.8995280265808105,30.02336458302738,35.70891197401865
-7.163134157657624,4.430423974990845,3.6440563201904297,0.023695001423410852,0.044603524914704186,-112.74174785614014,-148.43752002716064,-7429.0087890625,-5724.5682373046875,-1791.5808024038563,-1020.0870136610688,15.000000000000146,20.153768327501083,0.4776329795519511,-0.13051557540893555,-0.39855896820328,-0.08250849228569454,-0.06372111834600047,601,-5.469102382659912,30.233295402181433,36.14501087650193
-7.209658002853394,4.476507902145386,3.732475161552429,0.024817066092066895,0.045080526194261804,-145.2696304321289,-178.51781463623047,-7455.0445556640625,-5786.386962890625,-1977.306022130415,-1163.2012195936766,15.025000000000146,20.13315200805664,0.49974838892618817,-0.1106768473982811,-0.4015727011613545,-0.08240868200146541,-0.06437967647168504,602,-6.043380260467529,30.644886936865948,36.398123133935705
-7.252511203289033,4.516726016998291,3.8195242881774902,0.02594758005540013,0.045299720996732136,-190.81377029418945,-220.4354705810547,-7481.900634765625,-5841.7109375,-2163.682136022013,-1307.8608936659332,15.050000000000146,20.11119630601671,0.5219539999961853,-0.09467319399118423,-0.40413419607682,-0.08216807788054437,-0.06500466212287778,603,-6.621706962585449,31.12715551870192,36.38663415687962
-7.293144142627717,4.550239562988281,3.905096411705017,0.027080201661064816,0.045268075152841425,-240.1612319946289,-265.1732940673828,-7510.401123046875,-5891.52490234375,-2350.7296518911494,-1453.903667103425,15.075000000000147,20.087731679280598,0.5441128545337253,-0.082255057990551,-0.40633972622308273,-0.08178702114044606,-0.0655937283888681,604,-7.203531265258789,31.52390789071694,36.113596497987196
-7.331167209148408,4.576355218887329,3.989183783531189,0.02820978975980033,0.04507570337597524,-289.64978790283203,-309.0691680908203,-7539.428466796875,-5935.8787841796875,-2538.489679967317,-1601.1917896620116,15.100000000000147,20.06273905436198,0.5661158429251777,-0.07305272668600082,-0.40827697617903363,-0.08126573232419826,-0.06614649660143847,605,-7.788422584533691,31.70486146420617,35.66810763977185
-7.364312243461609,4.594798564910889,4.07190477848053,0.029333729044192437,0.04488375187921857,-336.88134002685547,-349.97721099853516,-7566.794189453125,-5972.573974609375,-2726.9753916372347,-1749.5887592664974,15.125000000000147,20.03628412882487,0.5879075659645928,-0.0671241506934166,-0.4100166861611279,-0.0806067996914854,-0.06666390718934882,606,-8.376049995422363,31.60982733015812,35.19757052458513
-7.3909063100814825,4.605677604675293,4.153980851173401,0.03045579579344308,0.04487707733173656,-380.43504333496094,-386.71275329589844,-7590.3311767578125,-6000.56689453125,-2916.1452463735586,-1898.9031086317264,15.150000000000148,20.00847710503472,0.6095625956853231,-0.06393349170684814,-0.4116538644412541,-0.07981213738934098,-0.06714633049843827,607,-8.966188430786133,31.27041113129452,34.85926518711521
-7.414756155014039,4.609220027923584,4.235469579696655,0.03157796865301841,0.04487208806588187,-419.44935607910156,-418.72816467285156,-7608.4097900390625,-6028.3760986328125,-3105.9035257925007,-2048.9172809950032,15.175000000000148,19.97945785522461,0.6311204698350694,-0.0592346228659153,-0.41319540194873283,-0.0788835555350684,-0.06759283026113608,608,-9.55869197845459,30.80095917089563,34.76724093496104
-7.436155593395234,4.605656385421753,4.315886497497559,0.03269930303296928,0.04479942538001473,-453.4944152832031,-445.85060119628906,-7620.0919189453125,-6057.44140625,-3296.1137705434744,-2199.6266834608195,15.200000000000149,19.949378967285156,0.6525633732477824,-0.051957111805677414,-0.41458766927711266,-0.0778230306935392,-0.06800326499700932,609,-10.153368949890137,30.360911304422505,34.95271417987227
-7.455113971233368,4.595155954360962,4.39471960067749,0.0338172460437195,0.04459257682591044,-482.5633239746094,-468.2366638183594,-7625.1055908203125,-6088.0589599609375,-3486.6160685171053,-2351.0627186170655,15.225000000000149,19.91840150621202,0.673842363887363,-0.04180144518613815,-0.41576152410659234,-0.0766317238365411,-0.06837856681243953,610,-10.749937057495117,30.100708203782332,35.35211956157971
-7.470870757102967,4.577834129333496,4.471466302871704,0.0349279860359589,0.04422809826359787,-506.91505432128906,-486.1298522949219,-7623.6651611328125,-6118.658935546875,-3677.243708287612,-2503.2641926160845,15.25000000000015,19.886678059895832,0.6948841942681206,-0.02944873459637165,-0.41665161912192406,-0.07531077096872658,-0.06872027118624272,611,-11.348017692565918,30.10964932703429,35.82787949341992
-7.480828928947449,4.553839206695557,4.545891284942627,0.036028628902596616,0.043815666156907074,-526.9667663574219,-500.07545471191406,-7616.2603759765625,-6144.0484619140625,-3867.8353373159325,-2656.230666004752,15.27500000000015,19.854356977674698,0.7156348890728421,-0.017279835417866707,-0.41723025744777104,-0.07386235255323814,-0.06902964311993665,612,-11.947163581848145,30.38421659053361,36.21550680954186
-7.487712264060975,4.523276329040527,4.617897987365723,0.03711698377751714,0.043213546240386175,-543.2127532958984,-510.5733184814453,-7603.4459228515625,-6168.722412109375,-4058.2418467153475,-2809.8318775526,15.30000000000015,19.82156965467665,0.7360549767812093,-0.0036273289006203413,-0.41749154684022144,-0.0722885283787314,-0.06930644958692596,613,-12.546920776367188,30.828670769742825,36.38084992715018
-7.49232977628708,4.486040830612183,4.686794281005859,0.03818685881118603,0.042338265058618006,-556.2615509033203,-518.1495666503906,-7585.60498046875,-6193.8494873046875,-4248.327994786639,-2964.0499378553304,15.32500000000015,19.788436889648438,0.7560257779227363,0.011873681098222733,-0.417387716847222,-0.07059087761650897,-0.06955037849802041,614,-13.1467924118042,31.288243331328985,36.267126332705836
-7.494708335399628,4.442036151885986,4.751898765563965,0.03923096776130841,0.04114648382605073,-564.3894958496094,-521.5117950439453,-7563.0125732421875,-6219.098876953125,-4437.96811929836,-3118.896175037944,15.35000000000015,19.755064646402996,0.775408148765564,0.02849959209561348,-0.4168763233388995,-0.06877234222733757,-0.06976191255116757,615,-13.746216773986816,31.603333401801667,35.91477237679286
-7.496979415416718,4.390577793121338,4.812469005584717,0.04023905329649827,0.03946579615161535,-524.8423004150391,-485.5314483642578,-7535.6363525390625,-6245.291015625,-4627.043433629418,-3274.3736469617684,15.375000000000151,19.72212685479058,0.7940282424290975,0.04318110644817352,-0.4159863281921086,-0.06683304288570407,-0.06994258306399422,616,-14.344602584838867,31.665334857513155,35.446873985309736
-7.496437931060791,4.331739664077759,4.867395877838135,0.04120030048601635,0.03742624335910259,-466.72279357910156,-433.66392517089844,-7497.9847412109375,-6275.3289794921875,-4815.434342442899,-3430.5059223523895,15.400000000000151,19.69057295057509,0.8117168479495578,0.06443801522254944,-0.4146544480414464,-0.06477799174400381,-0.07009563160288972,617,-14.941346168518066,31.45403409097798,35.025537597729304
-7.491767263412476,4.26623797416687,4.91521430015564,0.04210545484507464,0.034945758475045975,-402.8551940917969,-377.20556640625,-7447.4127197265625,-6310.4932861328125,-5002.883960973178,-3587.3891468396896,15.425000000000152,19.660720825195312,0.8283130990134345,0.09355146437883377,-0.41268970094724045,-0.06261333487868997,-0.07022414577024284,618,-15.535637855529785,31.043449622877915,34.79514517701411
-7.483428287506104,4.194212913513184,4.9544689655303955,0.04294100499233019,0.03185663101039237,-339.98193359375,-321.76338958740234,-7387.015380859375,-6349.073974609375,-5189.069278966349,-3745.1514789930047,15.450000000000152,19.6326658460829,0.8435650004280938,0.12871812283992767,-0.40991761656857695,-0.06034173545085265,-0.0703297650745997,619,-16.126413345336914,30.574586870332656,34.83288899864302
-7.466604888439179,4.115486264228821,4.983969688415527,0.04369259066384258,0.028295393744089566,-283.0366439819336,-271.2984848022461,-7313.4444580078125,-6385.9403076171875,-5373.744663487842,-3903.8783283582334,15.475000000000152,19.60636986626519,0.8571986357371012,0.1689559370279312,-0.40620420461311135,-0.05796323715297846,-0.07041241461455464,620,-16.712413787841797,30.205527707414525,35.12404013272648
-7.4432439565658575,4.030286550521851,5.0029191970825195,0.04434771164724526,0.02407949114460184,-235.23512268066406,-228.37944412231445,-7232.7598876953125,-6418.8026123046875,-5556.580774938049,-4063.5268360486575,15.500000000000153,19.581695132785374,0.8689732021755643,0.21073797345161438,-0.40145445680895503,-0.05548476420390161,-0.07046836596458152,621,-17.292221069335938,30.057421426648133,35.57000088809681
-7.413134622573853,3.9373687505722046,5.010307788848877,0.04488876611220849,0.019230578040542894,-198.06876754760742,-194.25447463989258,-7146.6217041015625,-6445.666259765625,-5737.399772130444,-4223.9969013562695,15.525000000000153,19.558446672227646,0.8785447147157457,0.2523997128009796,-0.39566830657708074,-0.05290314993863844,-0.07049206809828322,622,-17.864370346069336,30.175829655184796,36.024709781566365
-7.375678741931916,3.836392045021057,5.0053136348724365,0.045301526952846345,0.01378804841009989,-171.67432403564453,-169.06835746765137,-7055.48876953125,-6464.928466796875,-5916.065314732996,-4385.138557850406,15.550000000000153,19.536410437689888,0.88563515080346,0.29284071922302246,-0.3888473185246289,-0.050226132088512385,-0.07047738742277417,623,-18.427404403686523,30.52003460362815,36.34467871849811
-7.332358241081239,3.726272702217102,4.9872636795043945,0.045570069298078004,0.007720663165626735,-154.9674777984619,-151.96840858459473,-6962.43017578125,-6476.1116943359375,-6092.452533971291,-4546.761769520325,15.575000000000154,19.51538297865126,0.8899333741929796,0.3304959237575531,-0.3810502153536358,-0.04745673791866881,-0.07041822363468238,624,-18.979900360107422,30.981583865017154,36.43415723154516
-7.274923515319824,3.60663378238678,4.955534219741821,0.04568353244408299,0.0014353716569274655,-140.5837059020996,-136.9704360961914,-6852.2208251953125,-6478.875,-6266.513288365836,-4708.664561878722,15.600000000000154,19.495247734917534,0.891231894493103,0.3703402876853943,-0.3722902795800382,-0.044599257615176253,-0.07030926705658451,625,-19.520505905151367,31.422695153166654,36.27069614909862
-7.203840696811676,3.4779012203216553,4.9097301959991455,0.04563625301235568,-0.005155785203339031,-113.93248510360718,-111.99957704544067,-6727.3214111328125,-6470.89892578125,-6437.818808995736,-4870.636436878722,15.625000000000155,19.47618908352322,0.8894378609127469,0.40997686982154846,-0.3625367849827592,-0.041660180552597195,-0.07014297761364427,626,-20.04781150817871,31.719455479942106,35.90520569264163
-7.123455095291138,3.3398876190185547,4.849045991897583,0.04541707485464216,-0.012314261304633844,-50.59441375732422,-56.861976623535156,-6592.0570068359375,-6454.826904296875,-6606.001844274076,-5032.408910023254,15.650000000000155,19.45882797241211,0.8843712011973063,0.4476737380027771,-0.35181569738242724,-0.03864768762890522,-0.06991048365048036,627,-20.560394287109375,31.795417832281206,35.4401023939695
-7.026016533374787,3.192401170730591,4.772306680679321,0.04501218698397685,-0.019836095568048245,155.8170166015625,114.76631736755371,-6426.7967529296875,-6431.928466796875,-6770.803269444995,-5193.779582630678,15.675000000000155,19.445247650146484,0.875864757431878,0.4849739968776703,-0.34019442804413486,-0.03557321379203086,-0.06960525210004365,628,-21.056856155395508,31.63674152749616,34.995729513241436
-6.900795209407807,3.038776159286499,4.67746376991272,0.04442142711398082,-0.02737133094129171,476.9434356689453,389.61468505859375,-6208.7613525390625,-6407.6910400390625,-6931.473188268263,-5354.577794300603,15.700000000000156,19.439290364583332,0.8640894624922011,0.5434533357620239,-0.32737829819326475,-0.03245516814300927,-0.06921987604555237,629,-21.535606384277344,31.28761116220525,34.677150377964196
-6.76076455116272,2.8813031911849976,4.560796737670898,0.043630468270227284,-0.03586946341557235,839.3807983398438,708.5024108886719,-5957.9068603515625,-6389.7115478515625,-7086.692222081773,-5514.7700703015835,15.725000000000156,19.442899492051865,0.8488414684931437,0.6204649806022644,-0.31286596775460956,-0.02931005291792325,-0.06874265838415619,630,-21.994373321533203,30.831082378533985,34.55072022306086
-6.592418992519379,2.7207988500595093,4.418871164321899,0.04261673184009942,-0.044952032832854684,1209.2614135742188,1044.7113037109375,-5662.8935546875,-6366.151611328125,-7235.639893590601,-5674.512858997875,15.750000000000156,19.45690155029297,0.8296918869018555,0.715894877910614,-0.2961954448580678,-0.026143767642765704,-0.06816301305052204,631,-22.43025779724121,30.36346606932364,34.63490346853404
-6.399499273300171,2.5579503774642944,4.250373125076294,0.04136653999468614,-0.055032917313077634,1556.5321044921875,1371.2681884765625,-5340.48779296875,-6328.1485595703125,-7377.212232457835,-5833.666649281082,15.775000000000157,19.481256273057724,0.806332164340549,0.8189618587493896,-0.2770123626310908,-0.02295222082825253,-0.06746357540210476,632,-22.839828491210938,29.970397847338244,34.90498764561146
-6.191684353351594,2.3900668621063232,4.053490042686462,0.039845242511492004,-0.06664992559362591,1869.9285888671875,1675.8399658203125,-5010.935546875,-6273.379150390625,-7510.724427282104,-5991.8703632703455,15.800000000000157,19.515397813585068,0.7780075073242188,0.9200896620750427,-0.25525538514482266,-0.01972674367697607,-0.06662085136466281,633,-23.219440460205078,29.710789135558876,35.30756914088563
-5.9583121895790105,2.214524745941162,3.8277246952056885,0.03802019070002831,-0.07903667065299115,2117.9566650390625,1929.0068969726562,-4673.389404296875,-6183.6468505859375,-7635.997815954031,-6148.70484203012,15.825000000000157,19.558205074734158,0.7439651754167345,1.0131547451019287,-0.23104979748379478,-0.016471367340976966,-0.06561228313152538,634,-23.565561294555664,29.611286153762716,35.77858603441278
-5.701817417144776,2.0281915068626404,3.574654698371887,0.035880274185122386,-0.09200261995993499,2304.6126708984375,2127.602294921875,-4335.372314453125,-6055.3056640625,-7752.832551061505,-6303.296013294782,15.850000000000158,19.608020782470703,0.7038431697421603,1.0922945737838745,-0.20471401384583976,-0.013169689452713313,-0.06441252073806628,635,-23.87501335144043,29.66998620806449,36.25899192385562
-5.426989281177521,1.8283985257148743,3.2944655418395996,0.03340640559189894,-0.10556561669376097,2437.1275634765625,2274.9114990234375,-4000.70458984375,-5892.6092529296875,-7861.216858922886,-6454.678654896365,15.875000000000158,19.66332329644097,0.6571254465315077,1.156866192817688,-0.17653727017009702,-0.009826912278912145,-0.06299688833231024,636,-24.145092010498047,29.865591091997224,36.70458183639232
-5.106546199321747,1.620300829410553,2.990505576133728,0.030608833929365562,-0.11794105164087178,2515.9765625,2378.1021728515625,-3639.0111083984375,-5675.0445556640625,-7961.234473669033,-6601.993886219632,15.900000000000158,19.722699059380425,0.6038774384392632,1.2059857845306396,-0.1469928268270305,-0.00655709674641493,-0.061345333143486794,637,-24.373628616333008,30.167732275496526,37.089435208276285
-4.743771833181381,1.3977513909339905,2.6662057638168335,0.027512478479065912,-0.12902155779744517,2560.713134765625,2440.208251953125,-3266.6011962890625,-5391.936767578125,-8052.209751379051,-6743.870000111268,15.925000000000159,19.784895579020183,0.5444688929451836,1.2308194637298584,-0.11645484962741784,-0.003261856542941608,-0.059434173843840275,638,-24.55902671813965,30.545404462407824,37.40454066918942
-4.332143837213517,1.1720010340213776,2.3276361227035522,0.02416780614365699,-0.13796370372387468,2579.5247802734375,2470.5921630859375,-2863.5374755859375,-5050.342529296875,-8133.874781286337,-6878.668419300766,15.95000000000016,19.848948584662544,0.4797989461157057,1.2383387088775635,-0.08557454803681074,-0.00012281164766157155,-0.057236653986793784,639,-24.70047378540039,30.972202462641274,37.653873892257465
-3.852502310276032,0.9404192864894867,1.9812374114990234,0.02064105265228151,-0.14335253528824435,2559.395751953125,2484.6988525390625,-2431.05908203125,-4613.6099853515625,-8205.463218176048,-7004.926982533242,15.97500000000016,19.91387261284722,0.41110167900721234,1.2111492156982422,-0.05489625137607534,0.002927030679909977,-0.054721597942836576,640,-24.79789161682129,31.428389406536503,37.84991775701934
-3.310635352134705,0.7126257419586182,1.6364156007766724,0.01702867645126538,-0.14463571288047178,2539.454345703125,2483.5660400390625,-1970.6359558105469,-4090.4603271484375,-8266.239695226897,-7120.267232167101,16.00000000000016,19.979192945692276,0.3402520881758796,1.1521989107131958,-0.025231062805898118,0.005771191536911579,-0.0518501152376751,641,-24.852235794067383,31.900600342301257,38.009799363621646
-2.7330131947994234,0.4892793446779251,1.3017647862434387,0.01343463861106797,-0.14244073551002848,2514.4661865234375,2479.5828857421875,-1498.8504638671875,-3512.6929931640625,-8315.505594122234,-7222.528740345895,16.02500000000016,20.04452175564236,0.26930712991290623,1.0705599784851074,0.0025919087872776836,0.008436913578871092,-0.048577610406618114,642,-24.86563491821289,32.380184825318665,38.152403841952406
-2.116608899831772,0.2739139199256897,0.9835732281208038,0.009948274662396523,-0.13599550284263,2479.8646240234375,2450.37890625,-1017.4950561523438,-2872.8881225585938,-8352.976855718987,-7310.346065175087,16.050000000000157,20.10946485731337,0.20006108615133497,0.9554736614227295,0.027947164625615688,0.010901868384672532,-0.044867731300786064,643,-24.841169357299805,32.861007767218354,38.29643613629521
-1.4921677678823473,0.06807685643434525,0.6884107738733292,0.006663820456393766,-0.12648622011731134,2442.727294921875,2439.19189453125,-529.6538619995117,-2224.1829223632812,-8378.414232122872,-7382.168268239151,16.075000000000156,20.17371071709527,0.1344359748893314,0.8402799963951111,0.05041234530535777,0.013185689225199804,-0.040697312579884445,644,-24.782814025878906,33.3373608676416,38.459119590082686
-0.8727274805307389,-0.13129453733563423,0.4184301495552063,0.0036496448518177262,-0.11451119144009395,2410.37646484375,2420.2012939453125,-46.094085693359375,-1580.03759765625,-8391.655578672937,-7437.772841298334,16.100000000000154,20.23729748196072,0.07385927769872877,0.720295786857605,0.0699284683102168,0.015390557222230584,-0.03606420290909519,645,-24.69472885131836,33.80236770511243,38.65527922729523
-0.2670726466923952,-0.32462597265839577,0.17551764845848083,0.0009605782783536625,-0.10056710467665603,2392.2703857421875,2414.141357421875,433.9158401489258,-957.5180816650391,-8392.807930815345,-7477.273781239839,16.125000000000153,20.30018064710829,0.019499920308589935,0.60952228307724,0.08654283179727151,0.01756067200733313,-0.03099244563963466,646,-24.581140518188477,34.24705114044084,38.896595258043405
0.3182121239602566,-0.5114410072565079,-0.03987202048301697,-0.001359546727340191,-0.08519694508375113,2378.3187255859375,2408.17431640625,903.9923553466797,-362.3092498779297,-8381.960034811695,-7501.211733281561,16.15000000000015,20.36253399319119,-0.0276838346487946,0.5075951218605042,0.10047874598511425,0.019728571999482247,-0.025530493658585496,647,-24.446014404296875,34.66009604312155,39.19088988708843
0.8737875223159791,-0.6989796012639999,-0.22862357273697853,-0.003286747021253747,-0.0691828872347247,2410.485595703125,2448.5576171875,1363.0211791992188,188.458740234375,-8359.360225928098,-7510.269464528597,16.17500000000015,20.424953036838108,-0.06713189598586825,0.4222527742385864,0.1120567972123417,0.02205082818423398,-0.019747277065099503,648,-24.292938232421875,35.028224661560834,39.54152020249421
1.4034621745347977,-0.8864075839519501,-0.3924848511815071,-0.0048076788399466506,-0.05283666245754893,2470.5941162109375,2528.5535888671875,1820.54736328125,692.1236572265625,-8325.284696448185,-7505.557996022821,16.20000000000015,20.488575829399956,-0.09850325683752696,0.3599655330181122,0.1217935804737804,0.024560963621958344,-0.013729236242495774,649,-24.12489128112793,35.33701871106426,39.94697191131141
1.8925183445215226,-1.0713197588920593,-0.5338707566261292,-0.005927895420447799,-0.03735778347433074,2565.597900390625,2632.888427734375,2259.081787109375,1138.8425369262695,-8279.771012366222,-7488.2549045922315,16.225000000000147,20.55416531032986,-0.12184436950418684,0.3159032464027405,0.13018981998863569,0.027234170863071526,-0.007573978125320313,650,-23.94407844543457,35.57196089415501,40.40072842305609
2.3381310552358627,-1.2477776408195496,-0.6567786633968353,-0.006679885247461558,-0.02335677996497079,2673.8883056640625,2754.39453125,2671.7318115234375,1530.8333892822266,-8223.29396768855,-7459.78384116914,16.250000000000146,20.62236997816298,-0.13775711258252463,0.2892896831035614,0.1377323083146604,0.029961565109989412,-0.0013908629270237033,651,-23.752029418945312,35.71957876284408,40.891366902999266
2.7363614022731784,-1.4172790050506592,-0.7640677094459534,-0.007105933285374041,-0.011320137599518191,2767.3460693359375,2871.568359375,3043.7247314453125,1876.3616943359375,-8156.500672400525,-7421.5130064371415,16.275000000000144,20.69324705335829,-0.14704730775621203,0.27295416593551636,0.14472780831991808,0.03274729818923955,0.004702312847982537,652,-23.549713134765625,35.768649176292065,41.40284684024476
3.0838483273983006,-1.5826186537742615,-0.8588223904371262,-0.0072590223958642645,-0.0015487934511147436,2860.7100830078125,2991.5279541015625,3366.9528198242188,2177.103240966797,-8080.407554114446,-7374.603964078792,16.300000000000143,20.76662275526259,-0.15074802769554985,0.2589338719844818,0.1513595954216766,0.03558920732273354,0.01058524349819733,653,-23.33774185180664,35.71144756753746,41.915020350681395
3.39175665974617,-1.7398955821990967,-0.9434621930122375,-0.007193496149480705,0.006383250193770113,2940.86376953125,3097.5699462890625,3660.0625,2435.6381225585938,-7996.233733618887,-7320.176383054665,16.32500000000014,20.84234873453776,-0.14993194076750013,0.25342684984207153,0.1577532626324684,0.0383912314577144,0.016139907814992183,654,-23.116579055786133,35.545030255814176,42.404448035569956
3.663616853952408,-1.892139196395874,-1.018949806690216,-0.006951650953879787,0.012537447727847395,2990.0111083984375,3188.1927490234375,3916.69384765625,2665.5702514648438,-7904.732171118928,-7259.285429990737,16.35000000000014,20.91991212632921,-0.145430283413993,0.24889084696769714,0.16404394873285819,0.041187386235324065,0.021261658651837843,655,-22.88644790649414,35.272395908649806,42.84558039429914
3.8989137113094334,-2.040754973888397,-1.0858885049819946,-0.006578482268064889,0.016988959980914972,3025.8916015625,3261.11376953125,4132.4674072265625,2869.9278564453125,-7806.814824927557,-7192.646173704147,16.37500000000014,20.99880854288737,-0.1381422827641169,0.239584818482399,0.170150743559978,0.04397372060641407,0.02586756246761626,656,-22.64752769470215,34.90341438209238,43.21233998298632
4.102530813217164,-2.1838327646255493,-1.1444317400455475,-0.006112088379935006,0.02003079969146286,3040.75048828125,3312.2176513671875,4321.406005859375,3044.3045043945312,-7703.503139746923,-7120.8979772930425,16.400000000000137,21.078552669949,-0.128835572136773,0.2330942004919052,0.1760408070086358,0.046706825045216116,0.029899180561454308,657,-22.400108337402344,34.45541213052301,43.480142669045186
4.278361064195633,-2.321043014526367,-1.1954801678657532,-0.005585972584211446,0.021732907087321965,3039.8116455078125,3348.551513671875,4489.83203125,3189.4119262695312,-7595.467989600464,-7044.790364683203,16.425000000000136,21.15861044989692,-0.1181926495499081,0.23210249841213226,0.18187183150487793,0.04938714479897495,0.033327130776387846,658,-22.14435386657715,33.953139380787746,43.62821714385031
4.413712584972382,-2.4539655447006226,-1.239904671907425,-0.0050421764157119325,0.021456258745522375,3031.6553955078125,3367.8680419921875,4618.2264404296875,3301.2001342773438,-7483.222188819236,-6965.055066526485,16.450000000000134,21.238685184054905,-0.10709010064601898,0.23049189150333405,0.18765541844420303,0.05202491639313057,0.036154047145182534,659,-21.880268096923828,33.427978727279516,43.641992800483436
4.517096084356308,-2.5819252729415894,-1.2798840701580048,-0.00452714966906638,0.019555849878182447,3017.1015625,3368.596435546875,4721.691650390625,3380.1864013671875,-7367.7665278085115,-6882.525063169566,16.475000000000133,21.31844202677409,-0.09651243686676025,0.23559656739234924,0.1934849782018456,0.05459975832296545,0.0384096821706416,660,-21.60782241821289,32.91638525032981,43.51539973400807
4.597017598152161,-2.704398274421692,-1.3168391287326813,-0.004077085327667347,0.01635623867899338,2999.4620361328125,3363.6082763671875,4807.0301513671875,3435.0015869140625,-7249.724236548759,-6798.020403135397,16.50000000000013,21.39769024319119,-0.08724068601926167,0.2443603277206421,0.19947730703636246,0.0571019313251494,0.040152650363882006,661,-21.326807022094727,32.45753465049633,43.25280462888185
4.661248624324799,-2.82066810131073,-1.3521559834480286,-0.003719621750128485,0.012132900034399449,2983.14111328125,3353.7232666015625,4881.338623046875,3472.5187377929688,-7129.5484827645905,-6712.145363462552,16.52500000000013,21.476353539360893,-0.07988428076108296,0.2571081221103668,0.2057538450934612,0.059519434530020246,0.041468164557407886,662,-21.03687858581543,32.090239888391366,42.87030392509524
4.715803611278535,-2.931456446647644,-1.3874289393424988,-0.003479307612080037,0.007159185584053968,2968.30322265625,3342.8267822265625,4945.7703857421875,3502.5392456054688,-7007.515017188428,-6625.332395017733,16.55000000000013,21.55442343817817,-0.07499477101696862,0.2700594961643219,0.21234020865387704,0.061843895624901044,0.04245684646734299,663,-20.73758888244629,31.849266260615778,42.396157936996985
4.7749121487140656,-3.037065625190735,-1.4239875078201294,-0.0033652777641204343,0.0020841723140790605,2956.1500244140625,3333.7357177734375,5015.2432861328125,3536.1175537109375,-6883.870757544882,-6537.7689138775995,16.575000000000127,21.631931728786892,-0.07279773553212483,0.28376442193984985,0.2192674235443094,0.0640646744489991,0.043220453814463565,664,-20.428497314453125,31.761216567501666,41.870081591292475
4.84380858540535,-3.1379820108413696,-1.4629043340682983,-0.003376576953253206,-0.002838974454808403,2946.5977783203125,3327.8026123046875,5092.853515625,3579.73291015625,-6758.48967539157,-6449.365975034831,16.600000000000126,21.708929273817276,-0.07330214811695947,0.2961864173412323,0.22652566935823862,0.06617354433125958,0.04385267161249157,665,-20.109148025512695,31.84032431530649,41.3410913549334
4.922452032566071,-3.2353469133377075,-1.5052585005760193,-0.003507439851837251,-0.00753770087784639,2938.2745361328125,3325.7413330078125,5172.61083984375,3639.3267211914062,-6631.168337500954,-6359.87265228093,16.625000000000124,21.785479651557075,-0.07641157342327966,0.30222567915916443,0.23403195533819507,0.0681695024250845,0.0444307606613637,666,-19.779142379760742,32.084670483657526,40.86368395698979
5.008576083183289,-3.3309619426727295,-1.5515599846839905,-0.0037528283000447357,-0.011900631815749808,2931.3984375,3327.7510986328125,5250.1441650390625,3715.0604858398438,-6501.85306650487,-6268.889484251153,16.650000000000123,21.8616337246365,-0.0820433431201511,0.3000930845737457,0.24157314537318839,0.07005160830171395,0.045010089744618405,667,-19.438297271728516,32.47348976077686,40.49228006059808
5.101619100570679,-3.4254337549209595,-1.6018503308296204,-0.0041014020169995065,-0.01582216981040511,2925.8121337890625,3333.15478515625,5326.71240234375,3804.64794921875,-6370.599462378903,-6176.012972105165,16.67500000000012,21.93745295206706,-0.08997481730249193,0.2913144826889038,0.24898487248969023,0.07181505994880734,0.04562426462626112,668,-19.08670425415039,32.96646203843293,40.2741603365372
5.197898757457733,-3.5194172859191895,-1.6558274626731873,-0.0045427166778757334,-0.019300933346996823,2920.8739013671875,3341.32666015625,5398.8890380859375,3904.7978515625,-6237.431652320319,-6080.896773374708,16.70000000000012,22.012979719373917,-0.09999941620561811,0.2760273516178131,0.2560913181214849,0.07345709433673374,0.04628955971726574,669,-18.72468376159668,33.50591652988492,40.24167519913142
5.295796442031861,-3.613080859184265,-1.7128878831863403,-0.005064559972584858,-0.02227310434730932,2916.27783203125,3351.5032958984375,5467.002685546875,4012.2306518554688,-6102.459426368179,-5983.276827085658,16.72500000000012,22.088247934977215,-0.11186820765336354,0.25583404302597046,0.2627526663113433,0.07497642773862395,0.04700916248856197,670,-18.352783203125,34.022487579026425,40.405064697655575
5.325451910495758,-3.715888261795044,-1.7761549949645996,-0.005675435551338043,-0.027565881100705805,2828.9256591796875,3365.7080078125,5421.4478759765625,4114.0113525390625,-5965.784359229516,-5882.971060789284,16.750000000000117,22.162960900200737,-0.1257858094241884,0.2031305730342865,0.2686229224993936,0.07655404691768405,0.04774808150013967,671,-17.9717960357666,34.444085146452686,40.74754630699963
5.316653227806092,-3.8425742387771606,-1.8487288355827332,-0.006440688128639857,-0.032980934398839756,2733.94873046875,3405.6671142578125,5305.66943359375,4216.3074951171875,-5830.248162330096,-5780.120776975819,16.775000000000116,22.236385345458984,-0.14321961336665684,0.12669704854488373,0.2727480591593855,0.07804959912327769,0.048393531879834,672,-17.58338737487793,34.70736413450613,41.224289477476894
5.358401846885681,-3.974536657333374,-1.923098385334015,-0.007292962615451913,-0.03445042299585885,2693.376953125,3443.152587890625,5276.911560058594,4321.0447998046875,-5697.60642649024,-5674.713089597902,16.800000000000114,22.309193081325954,-0.16270299752553305,0.06982196867465973,0.27513195451965633,0.07931642324193636,0.04880049618391173,673,-17.190082550048828,34.769770474716914,41.76685922195309
5.459079384803772,-4.0923216342926025,-1.989318311214447,-0.008133539999413636,-0.032315179496428176,2733.4832763671875,3461.9598388671875,5360.757019042969,4415.9986572265625,-5565.683637488772,-5566.686969602796,16.825000000000113,22.38208770751953,-0.1820496055814955,0.05191841349005699,0.27657097696992383,0.08031327356627745,0.048920051310910276,674,-16.79380989074707,34.61869148312459,42.29338679978914
5.603829777240754,-4.183356285095215,-2.041356861591339,-0.008891580195528919,-0.028161509562069635,2832.640869140625,3464.2252197265625,5536.418762207031,4496.1444091796875,-5431.664712012707,-5456.287003172143,16.85000000000011,22.455757988823784,-0.19967243075370789,0.07206997275352478,0.27803779616406904,0.08105729419581832,0.04883169261936849,675,-16.395315170288086,34.274908038130164,42.721994391323705
5.772424173355103,-4.244603633880615,-2.079554319381714,-0.00953778895195554,-0.02380317569793851,2924.8856201171875,3453.1973876953125,5768.8704833984375,4564.3138427734375,-5293.254242957551,-5343.88339294266,16.87500000000011,22.53032048543294,-0.2148959537347158,0.12547647953033447,0.28046511769486493,0.08163281995214126,0.04870305777752846,676,-15.994065284729004,33.79010981366548,42.98408060184639
5.919517493247986,-4.281980752944946,-2.110294997692108,-0.01009972946582717,-0.021747256948289367,2966.93603515625,3438.4935302734375,5970.592529296875,4627.9234619140625,-5149.032480872615,-5229.775546873331,16.90000000000011,22.605181799994575,-0.228313985798094,0.17894227802753448,0.28431648139479665,0.08212146840027877,0.04872107572677853,677,-15.588447570800781,33.23979739265739,43.03528047695807
6.005605328083039,-4.309462308883667,-2.142435669898987,-0.01065576629251669,-0.02327643572383446,2964.2718505859375,3434.2540283203125,6061.7623291015625,4693.5909423828125,-4999.767667640215,-5114.077460325487,16.925000000000107,22.679803636338974,-0.24167983068360221,0.19349725544452667,0.2890788126351036,0.08256416899723401,0.04901174727619306,678,-15.176801681518555,32.71294073167514,42.86342672708531
6.0245859026908875,-4.342929124832153,-2.182992935180664,-0.011287835328030672,-0.02752190565320587,2926.9219970703125,3444.2032470703125,6027.177978515625,4764.450439453125,-4848.223609412686,-4996.737686765923,16.950000000000106,22.753957112630207,-0.2568538321389092,0.15787233412265778,0.29356310985760625,0.08296578617318556,0.04958632428137766,679,-14.758663177490234,32.29875635230103,42.493060002525674
5.995056021213532,-4.392552137374878,-2.2347962260246277,-0.012041493271766283,-0.03262609939250572,2858.111083984375,3463.959716796875,5905.2537841796875,4836.1009521484375,-4697.544159949792,-4877.626425779603,16.975000000000104,22.82747480604384,-0.2748901645342509,0.08836274594068527,0.2966872641323782,0.08330429059249145,0.050342191816580194,680,-14.335173606872559,32.07103884349386,41.98459793885724
5.949317824840546,-4.4589173793792725,-2.29581618309021,-0.012912681923953057,-0.036636707642056565,2769.067138671875,3487.8035888671875,5757.167785644531,4905.9959716796875,-4549.912815345287,-4756.723901975899,17.000000000000103,22.900123596191406,-0.2957184447182549,0.00916164182126522,0.2979073248067708,0.08353505766213602,0.05111048882393284,681,-13.908586502075195,32.07280129646898,41.425862396951814
5.922915935516357,-4.533071279525757,-2.3598170280456543,-0.013852272204262833,-0.038000499952718536,2695.5753173828125,3509.4261474609375,5646.986328125,4972.689697265625,-4405.983620704158,-4634.074002683914,17.0250000000001,22.971878051757812,-0.31823307275772095,-0.05853164568543434,0.2972427662462551,0.08359273590568225,0.05172568735811955,682,-13.481511116027832,32.30597953734556,40.9161859350703
5.93285950422287,-4.601287603378296,-2.418924927711487,-0.014788197517181847,-0.036411187831997295,2675.996826171875,3519.5321044921875,5608.046203613281,5031.1597900390625,-4264.8089625010225,-4509.7567602522795,17.0500000000001,23.043081495496963,-0.3407904836866591,-0.10271566361188889,0.2951747217912677,0.08342197734553773,0.052087889749937936,683,-13.056220054626465,32.73005691984374,40.54687389277846
5.983693027496338,-4.651247978210449,-2.4661450386047363,-0.015650067186147944,-0.032245003121109984,2725.759033203125,3517.7674560546875,5649.482727050781,5079.4373779296875,-4124.607807410686,-4383.977765501309,17.0750000000001,23.114395141601562,-0.3617713848749797,-0.11836633086204529,0.2923450798435449,0.08300698610748693,0.05219302635634722,684,-12.63426685333252,33.270176357309076,40.38348092951768
6.0680255651474,-4.675067663192749,-2.4978777170181274,-0.0163854637510651,-0.02654527038601417,2820.104248046875,3509.14306640625,5761.990966796875,5115.2786865234375,-3983.370739234421,-4256.991831053071,17.100000000000097,23.186475965711807,-0.3799551725387573,-0.10255922377109528,0.28951796789885764,0.08237616230784202,0.05212744601450402,685,-12.216300010681152,33.83201493817488,40.45430725947842
6.167937314510346,-4.6714067459106445,-2.5154372453689575,-0.01697435316651427,-0.02082645651782686,2905.1905517578125,3495.7529296875,5912.966247558594,5142.6162109375,-3839.32096506451,-4129.109863889988,17.125000000000096,23.259478674994575,-0.3948525587717692,-0.06187071278691292,0.2874289510502859,0.08159462023525543,0.05203262083494038,686,-11.80193042755127,34.31916213021795,40.74691826519796
6.2487312197685245,-4.645883321762085,-2.524434447288513,-0.017440083865114885,-0.016955763053748754,2942.0849609375,3480.3292236328125,6035.0672607421875,5167.8958740234375,-3691.4968088755595,-4000.5444586165536,17.150000000000095,23.33293279012044,-0.4069695538944668,-0.02185240387916565,0.2864199126027685,0.08072925100616941,0.052051246317814125,687,-11.389938354492188,34.649187382071844,41.211908480443675
6.278587627410889,-4.609401702880859,-2.5320645570755005,-0.01784505599986156,-0.015926546999784803,2935.7977294921875,3473.84765625,6066.6717529296875,5193.595947265625,-3540.620127357016,-3871.34706176597,17.175000000000093,23.406300014919704,-0.4177311062812805,-0.012140577659010887,0.2860756324528485,0.07980761833786626,0.052268726710332725,688,-10.979074478149414,34.766340250734125,41.771853007213295
6.25284287929535,-4.573806524276733,-2.543874740600586,-0.018254824945462284,-0.0170734019531192,2897.7362060546875,3481.868896484375,5998.8760986328125,5219.0181884765625,-3388.9533335337765,-3741.5071630843318,17.20000000000009,23.479368421766495,-0.42865941921869916,-0.04027095437049866,0.2854901031976809,0.0788280910441783,0.0526767770847925,689,-10.569010734558105,34.65018119737525,42.333888167683966
6.190004992485047,-4.5461266040802,-2.5617204904556274,-0.018704566274549417,-0.01882684281928688,2834.7108154296875,3500.5682373046875,5866.822021484375,5242.502685546875,-3238.98143106795,-3611.03170837242,17.22500000000009,23.55202145046658,-0.44058170583513045,-0.09334436058998108,0.2838506945201418,0.07777031258752325,0.053180863544874064,690,-10.160623550415039,34.319096891780134,42.804986230732794
6.118853831291199,-4.52517032623291,-2.583304762840271,-0.01918839190440036,-0.019585677282391335,2766.5528564453125,3522.4498291015625,5723.979797363281,5262.0660400390625,-3092.310880530829,-3479.96914123375,17.25000000000009,23.624180687798393,-0.45336564381917316,-0.1517561376094818,0.2807772068851086,0.0765886721730443,0.05364422444622343,691,-9.755617141723633,33.82711812552651,43.10795900105973
6.0654133558273315,-4.5033018589019775,-2.603423237800598,-0.01966648133493462,-0.018301459392863095,2724.2911376953125,3538.1029052734375,5617.597351074219,5276.141357421875,-2949.211385596734,-3348.4174902327754,17.275000000000087,23.69596905178494,-0.4660764005449083,-0.19911742210388184,0.2763553940796819,0.07523551170079662,0.05394497439588824,692,-9.355897903442383,33.25377274618575,43.19466981469034
6.041349720954895,-4.470184326171875,-2.615817427635193,-0.020083840289642073,-0.014828515279372125,2734.286376953125,3542.134765625,5571.074645996094,5281.0926513671875,-2808.7714518198695,-3216.51395629723,17.300000000000086,23.76779344346788,-0.47741277350319755,-0.22619162499904633,0.27098877494327916,0.07367714218299075,0.05402180243214782,693,-8.96306324005127,32.68922771018597,43.05308649669195
6.0477675080299385,-4.417333602905273,-2.615901827812195,-0.020391196127167038,-0.009637338121562162,2798.741455078125,3535.5911865234375,5587.343017578125,5276.097412109375,-2669.4945856699633,-3084.4866400130504,17.325000000000085,23.84023878309462,-0.486198365688324,-0.22948497533798218,0.2652415900871041,0.07191457686919764,0.053891378278950394,694,-8.57808780670166,32.21861140597632,42.706871672824754
6.078192269802094,-4.340243339538574,-2.6017249822616577,-0.020555419539667854,-0.0035797277706017643,2887.2508544921875,3520.6947021484375,5654.313232421875,5263.6463623046875,-2529.8110102305113,-2952.5842047103156,17.350000000000083,23.913733164469402,-0.4916260639826457,-0.20919445157051086,0.259712651282261,0.0699821351673711,0.0536371504245779,695,-8.201189041137695,31.909148284626212,42.208673280026595
6.113588523864746,-4.239654064178467,-2.575450301170349,-0.02057058083252989,0.0020182190256535183,2955.0767822265625,3497.3067626953125,5738.353088378906,5245.3804931640625,-2388.4531794199697,-2820.993045652697,17.37500000000008,23.988187577989365,-0.4935205313894484,-0.17329315841197968,0.2549176463843302,0.06793760143138206,0.05337685139515788,696,-7.831798076629639,31.802138400660777,41.62976496351343
6.123699736595154,-4.121485233306885,-2.542154908180237,-0.020467566432614263,0.005737939213914092,2979.157470703125,3471.282470703125,5781.1905517578125,5225.2156982421875,-2244.994352210504,-2689.858533323594,17.40000000000008,24.063057369656033,-0.49258096350563896,-0.14520956575870514,0.2509787645530757,0.06582759554446908,0.05321642506780503,697,-7.468821048736572,31.9099245166654,41.04878432001427
6.084750831127167,-3.995056390762329,-2.5075490474700928,-0.020302075938001058,0.007050350720740296,2967.96435546875,3453.646240234375,5738.0672607421875,5203.3753662109375,-2100.464588416562,-2559.228140867538,17.42500000000008,24.13789961073134,-0.49011684126324123,-0.14702686667442322,0.24740280499937184,0.0636653167987849,0.05320534382095678,698,-7.111365795135498,32.216744319830994,40.54129571610442
6.001179993152618,-3.8698192834854126,-2.475446581840515,-0.02012565816054012,0.0069186683279575355,2934.3818359375,3446.7197265625,5617.7127685546875,5178.286376953125,-1957.012906898004,-2429.143756712263,17.450000000000077,24.21255111694336,-0.48735933171378243,-0.1778702437877655,0.2433847607047148,0.06145069445411306,0.05331492873862433,699,-6.759464263916016,32.682442055321225,40.17069760249968
5.894322407245636,-3.7490867376327515,-2.446145176887512,-0.019955611163749356,0.006745788601616662,2889.6488037109375,3446.0767822265625,5460.377197265625,5148.1827392578125,-1816.5700876841274,-2299.686597288433,17.475000000000076,24.28694831000434,-0.48472527000639176,-0.22270755469799042,0.2383881045779945,0.059159697642804786,0.053455244038557885,700,-6.414085388183594,33.248821088104094,39.98088947416438
5.786488163471223,-3.6302433013916016,-2.4172297716140747,-0.01977850262888068,0.007614484701470688,2852.25048828125,3445.6259765625,5307.5352783203125,5111.580322265625,-1680.060657752475,-2170.9820288069855,17.500000000000075,24.36112509833442,-0.48188938034905326,-0.2662952244281769,0.23225620945760067,0.056757642852851,0.053517453817146454,701,-6.076672554016113,33.84829868437878,39.99180046621004
5.688136613368989,-3.5068401098251343,-2.38436222076416,-0.019562351736312523,0.009848791031519852,2843.3211669921875,3438.392822265625,5179.702697753906,5066.2540283203125,-1547.3722757944558,-2043.192520750342,17.525000000000073,24.435289171006943,-0.4780727293756273,-0.3011389374732971,0.22512800912865139,0.054209979730297134,0.05341731479897027,702,-5.748680114746094,34.41346018990585,40.19879882613706
5.612152397632599,-3.3722422122955322,-2.3433111906051636,-0.019269751475702278,0.013677121508914284,2873.45263671875,3419.4088134765625,5101.1795654296875,5011.28076171875,-1417.8797083505992,-1916.536170042331,17.55000000000007,24.5097902086046,-0.47235604789521957,-0.31702345609664917,0.2173529769051923,0.05151104489663757,0.05312292730759723,703,-5.431284427642822,34.885548850513274,40.575919920191915
5.556797742843628,-3.2206311225891113,-2.291015863418579,-0.018866232636284834,0.018553325772362735,2928.6229248046875,3385.8658447265625,5068.565612792969,4947.8331298828125,-1290.3502192148514,-1791.2541509993582,17.57500000000007,24.584903717041016,-0.4638795389069451,-0.3123771548271179,0.20943946030504912,0.0486728766722373,0.05266427687242594,704,-5.125089168548584,35.2203242466642,41.081771140179995
5.500339090824127,-3.050561785697937,-2.227700412273407,-0.018340591216130447,0.023164497653672466,2978.84619140625,3339.692626953125,5044.339172363281,4874.974609375,-1163.6360788950249,-1667.5583227522834,17.60000000000007,24.66056399875217,-0.4523400134510464,-0.2966037392616272,0.20183332242897148,0.04573164203305635,0.05211827475350006,705,-4.830036640167236,35.39069091799122,41.6664177970165
5.424089097976685,-2.8660420179367065,-2.1558260321617126,-0.01771271978022524,0.026728202505172795,3007.1500244140625,3294.0919189453125,4990.214111328125,4797.1943359375,-1037.5275995859413,-1545.6839575179035,17.625000000000068,24.736508263481987,-0.43819669220182633,-0.286232590675354,0.194569317529185,0.04272797291106987,0.05157151113694998,706,-4.545714378356934,35.38659119641644,42.27771041948203
5.299408090114594,-2.673701763153076,-2.079861640930176,-0.01702202895151319,0.028226573916451635,3012.7989501953125,3255.9344482421875,4870.6134033203125,4697.312255859375,-912.7722468027346,-1425.7540991194608,17.650000000000066,24.812501271565754,-0.4223999049928453,-0.289798766374588,0.18741746500080445,0.039686426564360805,0.051082434086324534,707,-4.2718400955200195,35.21320824360191,42.86633392173858
5.12788372039795,-2.4823343753814697,-2.0031781792640686,-0.016313307689983462,0.028324197495754454,3003.66845703125,3226.0635986328125,4669.397705078125,4593.8204345703125,-791.0069117197191,-1308.32129272297,17.675000000000065,24.888451894124348,-0.4060489932696025,-0.3229856789112091,0.17980147342869351,0.036631683006093645,0.050654201944228996,708,-4.008638858795166,34.888281370944505,43.3896051358557
4.9330229520797735,-2.295583486557007,-1.9264585971832275,-0.01560372090109946,0.028523905449185972,2990.1424560546875,3201.4298095703125,4430.205078125,4485.783203125,-674.2719690927531,-1193.4757818587054,17.700000000000063,24.96432622273763,-0.3895680109659831,-0.3701302111148834,0.1711422217890577,0.033545488139531024,0.05023761280952415,709,-3.75720477104187,34.43888520619383,43.814256805554066
4.7216106951236725,-2.113439977169037,-1.8480704426765442,-0.014880890087278817,0.029300845246513763,2978.268310546875,3175.1470947265625,4170.4984130859375,4368.0445556640625,-563.5168421396128,-1081.3312017805736,17.725000000000062,25.040143330891926,-0.37264711327022976,-0.42238670587539673,0.1612450829404826,0.03042344462798242,0.04975956291028732,710,-3.5191283226013184,33.897688165025926,44.118142836539405
4.497642660140992,-1.9332436919212341,-1.7660690546035767,-0.014130795161798486,0.030809598824854706,2965.4586181640625,3137.8040771484375,3908.4742431640625,4229.924072265625,-459.2543818124486,-972.1300878889649,17.75000000000006,25.115826924641926,-0.3549302617708842,-0.4657035171985626,0.1501185789984565,0.027246290326625986,0.049149012424440634,711,-3.2961485385894775,33.29892376570296,44.29056826679694
4.272379326820374,-1.750213861465454,-1.6779547333717346,-0.013329911881795204,0.03328969463772082,2957.9862060546875,3095.510009765625,3662.7138061523438,4073.38916015625,-361.5425257333312,-866.381986082316,17.77500000000006,25.191266801622177,-0.33581727080874973,-0.4961780309677124,0.1380421254955991,0.023998182547867657,0.04835775813625367,712,-3.0897836685180664,32.67471546770394,44.33116675268283
4.028942096233369,-1.5648815631866455,-1.5823749899864197,-0.012467350415124067,0.035727862308175,2956.27978515625,3042.1697998046875,3406.1383056640625,3894.4752197265625,-269.9746805795087,-764.5472570784008,17.800000000000058,25.266422695583767,-0.31502167383829754,-0.5202785730361938,0.12532088740331992,0.020744681867901918,0.0473743692589851,713,-2.901149272918701,32.052347420380976,44.24766675000012
3.7647982001304627,-1.3756729364395142,-1.4789862036705017,-0.01154526833838696,0.03794977505633093,2925.7384033203125,2983.74560546875,3129.7403564453125,3698.0333251953125,-184.82122293789251,-667.1853765852265,17.825000000000056,25.340972476535374,-0.2925812866952684,-0.5395934581756592,0.112078443718577,0.017492329156007624,0.046215336585447395,714,-2.731106758117676,31.452757840793854,44.05322949491684
3.4694710552692416,-1.189100593328476,-1.3692965507507324,-0.010574288127322477,0.03955843670684728,2886.4932861328125,2924.8692626953125,2811.8368530273438,3485.741943359375,-106.57771402674399,-574.7345434553325,17.850000000000055,25.41466606987847,-0.26875202854474384,-0.564739465713501,0.0983032013682501,0.014343857931829183,0.0448995435922449,715,-2.5804150104522705,30.89010288069079,43.76395576047501
3.149326753616333,-1.0086572170257568,-1.2546352744102478,-0.009567135738811452,0.04093162498273018,2822.6337890625,2857.3060302734375,2463.1668090820312,3258.62939453125,-36.28179270104344,-487.5909948713368,17.875000000000053,25.487185584174263,-0.2438467906581031,-0.5906712412834167,0.08385076708698651,0.011284225496396854,0.043427514589217224,716,-2.4499707221984863,30.372029236910045,43.396889219661084
2.8072146594524385,-0.8327817320823669,-1.136699140071869,-0.008529691453346727,0.042050360700023624,2766.8057861328125,2796.4119873046875,2104.7369384765625,3000.5567626953125,25.29737752602592,-406.1252600080435,17.900000000000052,25.55828306410048,-0.21800955136617026,-0.6079346537590027,0.06884841916894596,0.008277661487096532,0.041774207539739226,717,-2.340650796890259,29.900379763542798,42.968551719214204
2.454632407426834,-0.6648561060428619,-1.015891045331955,-0.007464534167937015,0.04316297530799909,2710.056396484375,2728.073974609375,1743.1117553710938,2725.9540405273438,77.91580098795781,-331.11134094064784,17.92500000000005,25.627996656629776,-0.19130461745791966,-0.6181014180183411,0.053503122681530464,0.0054034099006317745,0.039906865562402916,718,-2.253058671951294,29.472203355485572,42.493927873640544
2.0990386962890626,-0.5001834630966187,-0.8920290470123291,-0.006369863648103262,0.044379748642921074,2646.5103759765625,2653.932861328125,1385.7989196777344,2441.072509765625,121.49359487225314,-262.9624899274506,17.95000000000005,25.69617165459527,-0.1636833283636305,-0.6207895874977112,0.03800529364268068,0.0026098639285782143,0.037802697823942105,719,-2.1875264644622803,29.08090745776053,41.98595168514993
1.7350877553224564,-0.33927061036229134,-0.7648522555828094,-0.005246747238876099,0.04534997983992897,2561.349365234375,2567.4171142578125,1026.1294326782227,2142.6882934570312,156.13856786421428,-201.93567718329578,17.975000000000048,25.762454138861763,-0.13517032066980997,-0.6154949069023132,0.02250781830491317,-8.108883392938435e-05,0.03545366490681612,720,-2.144146680831909,28.717359536450708,41.455489030871995
1.3558486431837082,-0.18144312500953674,-0.6360912173986435,-0.004109468482270004,0.04553356734638711,2485.230224609375,2495.3651123046875,659.1124725341797,1822.9140625,181.79180368118648,-148.36846984685621,18.000000000000046,25.82653045654297,-0.10613391796747844,-0.601507306098938,0.007293094733209116,-0.0026753614367488387,0.03285968358724089,721,-2.122722625732422,28.37085516006055,40.91167065274142
0.9711120337247849,-0.024728089570999146,-0.5068355202674866,-0.0029740305317376967,0.04524478081568164,2446.7142333984375,2460.6788330078125,287.0824432373047,1497.6194763183594,198.2696154945579,-102.79561828434144,18.025000000000045,25.88918897840712,-0.07699546714623769,-0.5871592164039612,-0.007565279679439572,-0.005225960717161019,0.03002184825797688,722,-2.1227805614471436,28.029939700435225,40.36242119113826
0.5827592857182027,0.1314457431435585,-0.37746042013168335,-0.0018507964388783796,0.04456079366277602,2422.6904296875,2441.8489990234375,-89.34085083007812,1169.87744140625,205.4466765755064,-65.35513137636859,18.050000000000043,25.951107872856987,-0.048030275437566966,-0.5732594728469849,-0.022069166545052695,-0.007749614249396851,0.026945429065149993,723,-2.143833875656128,27.68303989439368,39.81512765763048
0.19017936736345292,0.28640020824968815,-0.2483521904796362,-0.0007498230827919112,0.043453330607034185,2397.5045166015625,2428.0968017578125,-468.76493072509766,837.1423239707947,203.21315530477048,-36.10819534119837,18.075000000000042,26.012482113308376,-0.019504763185977936,-0.5572158694267273,-0.03621986883599952,-0.01024249310545818,0.023641342888634957,724,-2.1854093074798584,27.31895811313082,39.277372067948264
-0.20468150638043883,0.44091281294822693,-0.12040700763463974,0.00031758010696238207,0.04191244224507115,2365.0504150390625,2401.2823486328125,-847.8264389038086,499.6739807128906,191.4940320366592,-15.179637241914314,18.10000000000004,26.073118845621746,0.008280304674473073,-0.5405637621879578,-0.04994084927911605,-0.012719906511734148,0.02012530029826864,725,-2.2469613552093506,26.927381839467788,38.75759062304219
-0.5978580541908741,0.5983971506357193,0.005810081958770752,0.001343015102858659,0.040093819470926474,2313.3265380859375,2354.129638671875,-1225.2954406738281,163.3402099609375,170.2983710640788,-2.6877877240788592,18.12500000000004,26.132560306125217,0.03509644418954849,-0.5233986973762512,-0.06323490419354687,-0.01524599698916107,0.016417966799931676,726,-2.327887535095215,26.499471025675447,38.265592319435854
-0.9927876174449921,0.7606181204319,0.1299629881978035,0.0023181470104135216,0.03789836356372479,2235.8360595703125,2279.4346923828125,-1609.7594604492188,-169.77587890625,139.66598504724783,1.395717524957722,18.150000000000038,26.190109252929688,0.0607126330335935,-0.5098051428794861,-0.07614004188147443,-0.017859328878828705,0.01254558805422625,727,-2.4275925159454346,26.028521370107523,37.812904739966875
-1.390193909406662,0.9281551837921143,0.2518150210380554,0.003234358169333495,0.03542459483904222,2124.7901611328125,2179.549072265625,-2003.9325561523438,-498.65342712402344,99.42199853603103,-2.8486794476866937,18.175000000000036,26.244943406846787,0.08488584723737505,-0.5025394558906555,-0.08878215079986464,-0.02058773065368243,0.008537261696804738,728,-2.5456016063690186,25.510698287504717,37.412916018082136
-1.7836411446332934,1.100687325000763,0.3713669404387474,0.004088638869490167,0.03301652713068975,2020.8482666015625,2082.55322265625,-2396.1644897460938,-822.6714286804199,49.323684632236436,-15.315015125775597,18.200000000000035,26.29671308729384,0.10751836001873016,-0.49580520391464233,-0.10126414548009224,-0.023432387732496517,0.004423485083337745,729,-2.681643009185791,24.94584119194474,37.08076803965441
-2.171299842000008,1.2721081376075745,0.488898441195488,0.004884727939382656,0.030752781947473547,1899.8362426757812,1959.5477294921875,-2786.234130859375,-1139.5034866333008,-10.580427611401973,-35.88180084277459,18.225000000000033,26.34503894382053,0.1286893751886156,-0.490547239780426,-0.11358966280152087,-0.026285738055704846,0.00023830033378446482,730,-2.8355014324188232,24.338368637731634,36.83288186731641
-2.5474073112010958,1.4411578178405762,0.6048794537782669,0.005628830752410307,0.02890259447262763,1753.8889770507812,1814.379638671875,-3171.11767578125,-1442.0804443359375,-80.23628088287388,-64.36938800859699,18.250000000000032,26.389389038085938,0.14854297041893005,-0.489003449678421,-0.1258143711533116,-0.029119392430116894,-0.003980574086253421,731,-3.007009983062744,23.698211906900926,36.68601433593219
-2.906005471944809,1.6137760281562805,0.7202831953763962,0.006335784028677304,0.02777604820319969,1565.5880737304688,1620.4677124023438,-3538.6571044921875,-1732.3194885253906,-159.51422277739283,-100.42139911698575,18.27500000000003,26.42875035603841,0.16744910015000236,-0.4876856207847595,-0.13802295073575052,-0.03202308065911692,-0.008192077008381688,732,-3.1961328983306885,23.041594282055282,36.655832751228566
-3.2545499563217164,1.78296959400177,0.8358981311321259,0.00702087181612718,0.027103443983359562,1331.8370971679688,1383.7085571289062,-3900.7886962890625,-2012.6803283691406,-247.98065038968707,-143.72938633011228,18.30000000000003,26.461783515082466,0.1857878433333503,-0.48894375562667847,-0.1502297826187241,-0.0348654870547207,-0.012351781707382239,733,-3.4028899669647217,22.391467642994517,36.75495792728794
-3.596465784311295,1.949934959411621,0.9520179927349091,0.007693582666440643,0.026811952679671982,1075.1732177734375,1116.62451171875,-4264.0977783203125,-2282.3986206054688,-345.50036779690333,-194.04639453933282,18.325000000000028,26.487530602349175,0.203788032134374,-0.49387258291244507,-0.16250730478388245,-0.03766598715415587,-0.01641827888912192,734,-3.6273810863494873,21.777344992969958,36.990501259468004
-3.9209933638572694,2.1181288957595825,1.069390207529068,0.008369131967939371,0.027326325599463974,817.7049255371094,844.9964904785156,-4611.30126953125,-2538.1943969726562,-452.1028122549008,-251.10636005446187,18.350000000000026,26.505470275878906,0.22183295753267077,-0.501422643661499,-0.17492311158864318,-0.04048482561440975,-0.020358066819325372,735,-3.869825839996338,21.23424125133234,37.36127841013044
-4.232891565561295,2.282508373260498,1.1894210875034332,0.009067610982393953,0.028697533149286133,591.4099731445312,606.7716674804688,-4959.8997802734375,-2769.871337890625,-567.3853439931734,-314.56121997877193,18.375000000000025,26.516013675265842,0.24044348133934867,-0.5218132138252258,-0.18771978371879888,-0.04322962715606213,-0.024144145621847315,736,-4.130610942840576,20.800469388725535,37.85498916171065
-4.526973062753678,2.4459034204483032,1.313961684703827,0.0098163202318696,0.031302177516194685,409.5441589355469,416.6063537597656,-5289.9091796875,-2986.8176879882812,-691.3828385000006,-383.8080034260318,18.400000000000023,26.520239512125652,0.26033952832221985,-0.5441410541534424,-0.20106694789103075,-0.04593889630310796,-0.027758352746112876,737,-4.410464763641357,20.51414091614919,38.445800004655844
-4.801795649528504,2.610163927078247,1.4439138770103455,0.010645722222077348,0.03501398117203324,273.94380950927734,274.0549621582031,-5587.8697509765625,-3199.2700805664062,-823.6305679921811,-458.47844562573425,18.425000000000022,26.519417232937283,0.2823290228843689,-0.5586045980453491,-0.2148608406913666,-0.04860770620753061,-0.03118932814559718,738,-4.710115909576416,20.40817621982562,39.092823979110754
-5.069847345352173,2.7746299505233765,1.5793849229812622,0.011573328277481768,0.03923665610694926,183.8307647705078,178.66240310668945,-5875.1085205078125,-3408.352294921875,-963.3273117665888,-538.4601976398899,18.45000000000002,26.514786614312065,0.3068780236774021,-0.5725562572479248,-0.22900182660552384,-0.05120600059971501,-0.03443202637839128,739,-5.030054569244385,20.50377316346675,39.74035818862383
-5.318505489826203,2.941242814064026,1.7210189700126648,0.012619630174314259,0.04438094706541161,135.3613338470459,125.11770248413086,-6132.2835693359375,-3610.0455932617188,-1110.205024779278,-623.6690050129323,18.47500000000002,26.507525973849827,0.3345329562822978,-0.581186830997467,-0.24348093410958027,-0.05374538919753821,-0.03748810775898729,740,-5.37069034576416,20.803052595609973,40.321070742583025
-5.5587580680847175,3.1115922927856445,1.8688582181930542,0.013799515607246743,0.04976595865809271,120.05032348632812,105.18335819244385,-6364.9188232421875,-3819.0784301757812,-1263.5121140126716,-713.9201448444717,18.500000000000018,26.49863772922092,0.3656915823618571,-0.5780420303344727,-0.2579691296508566,-0.05621459309766482,-0.04035915353928243,741,-5.732181072235107,21.28226950737853,40.76304227262283
-5.7918031215667725,3.2853105068206787,2.022168517112732,0.015113582747227189,0.055191200627990815,128.08185577392578,108.36010360717773,-6577.921875,-4033.081787109375,-1422.6350845937222,-809.3971055988625,18.525000000000016,26.488853030734592,0.4003719488779704,-0.5656473636627197,-0.2723054917204848,-0.058601459547026745,-0.04304845521993648,742,-6.114311695098877,21.88764591475024,41.000935539393105
-6.004998421669007,3.463683843612671,2.179947853088379,0.016565211520185936,0.060800541930619054,103.52031755447388,77.93689250946045,-6754.509765625,-4249.188781738281,-1587.0831314687193,-910.2241502765938,18.550000000000015,26.478186713324654,0.43865687317318386,-0.5346630811691284,-0.2860876832567811,-0.06089867733619388,-0.04556064836572185,743,-6.516522407531738,22.536481058848075,40.990323684842565
-6.207876312732697,3.6473618745803833,2.341418743133545,0.01815223498684539,0.06594472469816214,54.59735679626465,23.30527114868164,-6913.9208984375,-4465.2701416015625,-1755.9458756093418,-1016.4538698200478,18.575000000000014,26.465483771430122,0.48046042521794635,-0.49737808108329773,-0.29900840875946405,-0.06310554946597467,-0.047896923076750676,744,-6.93773078918457,23.125859655746357,40.7224905161671
-6.401577591896058,3.834542751312256,2.5051547288894653,0.019859895489696227,0.07046093408066452,8.45919418334961,-28.046092987060547,-7056.70263671875,-4681.10693359375,-1928.793898070277,-1128.0856233600837,18.600000000000012,26.450553470187717,0.5253743131955465,-0.4540306031703949,-0.310938571494692,-0.06520623845026156,-0.05006152792719947,745,-7.376633644104004,23.5496962062933,40.23519754082958
-6.575696063041687,4.024389386177063,2.6699472665786743,0.02167440492831349,0.07460302342547041,-27.37911605834961,-68.38540267944336,-7183.1976318359375,-4876.7080078125,-2105.2114639882443,-1245.113296699925,18.62500000000001,26.433578067355686,0.5730217695236206,-0.41443756222724915,-0.32176891527874446,-0.06719818723828916,-0.05206539852229437,746,-7.83173942565918,23.721939588215214,39.6143632667885
-6.735765147209168,4.215529918670654,2.8363131284713745,0.02358970253062264,0.07841006213800912,-43.47709655761719,-89.16393661499023,-7302.1512451171875,-5052.68310546875,-2284.7914047841414,-1367.0309968952354,18.65000000000001,26.414941151936848,0.6232362323337131,-0.38214564323425293,-0.3317346305253891,-0.06907726376917862,-0.053921276423375734,747,-8.301668167114258,23.600540309832862,38.98316505240962
-6.884694373607636,4.406871318817139,3.0031654834747314,0.025594417847125805,0.08173163987334002,-54.041263580322266,-103.76613759994507,-7401.673095703125,-5227.1937255859375,-2467.34518591207,-1493.348074531953,18.675000000000008,26.395083533393013,0.6757143470976088,-0.3427637815475464,-0.3408057566723625,-0.07083567413555229,-0.05564443735600868,748,-8.7852201461792,23.204943137468767,38.4784477033559
-7.016886067390442,4.59798789024353,3.1701594591140747,0.027677681851624093,0.08474846043380337,-68.78813552856445,-122.02185583114624,-7494.5775146484375,-5377.93359375,-2652.3870133046476,-1624.0279176716,18.700000000000006,26.373926798502605,0.7301556401782565,-0.3108846843242645,-0.3489655823838244,-0.0724760398866082,-0.05725220851203553,749,-9.28106689453125,22.620286453202493,38.218502114075626
-7.141319406032562,4.78790020942688,3.3369988203048706,0.029829451513975466,0.08722263695502785,-82.41942596435547,-138.88465309143066,-7574.4898681640625,-5527.2889404296875,-2839.7514511708578,-1758.476257515349,18.725000000000005,26.35144551595052,0.7862824201583862,-0.2750879228115082,-0.35628767748488827,-0.0739931928253559,-0.05875927056696535,750,-9.78801441192627,21.983925147834416,38.27010092541475
-7.254967451095582,4.976059198379517,3.5029884576797485,0.03203666902246013,0.08922103142513128,-93.6630449295044,-153.09185791015625,-7646.412353515625,-5664.612548828125,-3029.113697874959,-1896.6584810260906,18.750000000000004,26.32770326402452,0.8437405692206489,-0.2415885478258133,-0.3627100569011825,-0.07538525209427553,-0.06017846078949017,751,-10.304804801940918,21.454726045506956,38.62488077093783
-7.352002382278443,5.161502361297607,3.6689062118530273,0.03429275969813695,0.09114620561001435,-102.11790323257446,-164.33301162719727,-7712.1893310546875,-5777.3421630859375,-3220.2740067128498,-2038.2737947467933,18.775000000000002,26.302776336669922,0.9023485581080118,-0.21650615334510803,-0.3684402807501651,-0.07664855584686825,-0.06151848438742318,752,-10.830286979675293,21.171697336088094,39.19426192595241
-7.442762053012848,5.343976259231567,3.8344284296035767,0.03659180008817511,0.09262629899771792,-107.80843591690063,-172.60181427001953,-7768.2315673828125,-5887.9683837890625,-3413.078739989217,-2182.7073488239416,18.8,26.2767579820421,0.9619432687759399,-0.1890661120414734,-0.3734980564239027,-0.07778262554637566,-0.06278227916034188,753,-11.363524436950684,21.21340344445184,39.82750956665287
-7.526551938056946,5.522534608840942,3.9988938570022583,0.03892157086047925,0.09370508729866017,-110.92058157920837,-178.18415069580078,-7821.6368408203125,-5988.149169921875,-3607.284529173787,-2329.9065584186683,18.825,26.249732971191406,1.0221970743603177,-0.16535373032093048,-0.3779019927605123,-0.07878574262165683,-0.0639723251770114,754,-11.903549194335938,21.57111441803748,40.35028874913573
-7.597022593021394,5.696700096130371,4.162625789642334,0.041278401846172125,0.09471757953321627,-111.88573190569878,-181.53863906860352,-7863.25439453125,-6075.4002685546875,-3802.825450194295,-2479.610287666715,18.849999999999998,26.221786075168186,1.0830085807376437,-0.14299525320529938,-0.381753622776553,-0.0796553895532438,-0.06509067390370894,755,-12.44950008392334,22.14585466913077,40.61393321225181
-7.663832533359528,5.866122722625732,4.325010776519775,0.043655040092472466,0.09529521917365445,-111.11370265483856,-183.0660057067871,-7901.3944091796875,-6159.15478515625,-3999.4068100575764,-2631.4952943805824,18.874999999999996,26.192991468641495,1.144183079401652,-0.12106166034936905,-0.3850471208071404,-0.08039285214860037,-0.06613690506032498,756,-13.000582695007324,22.77285854203074,40.54083231863857
-7.723139965534211,6.0297980308532715,4.485440492630005,0.0460410243697233,0.09559995138138677,-109.09505784511566,-183.2574977874756,-7933.197021484375,-6235.266845703125,-4196.9416702870685,-2785.474164009489,18.899999999999995,26.163414849175346,1.2054423491160076,-0.10024410486221313,-0.3877978666075696,-0.08099377364263073,-0.06711265815540558,757,-13.556000709533691,23.268044901870415,40.150988933731284
-7.773012018203736,6.187645196914673,4.644069671630859,0.048433899576294716,0.09576235427361117,-106.28204894065857,-182.55642127990723,-7957.8895263671875,-6301.00537109375,-4395.271595824178,-2941.3558351520674,18.924999999999994,26.13311555650499,1.2667193677690294,-0.08132699131965637,-0.39006228590343667,-0.0814596936753401,-0.06801935631565828,758,-14.115012168884277,23.48325191760773,39.55967847380934
-7.82102187871933,6.338975429534912,4.800450086593628,0.05082592173907947,0.09551765138132491,-103.05272436141968,-181.2638053894043,-7980.765625,-6364.9945068359375,-4594.218833983357,-3098.8809694294114,18.949999999999992,26.102138095431858,1.3278088304731581,-0.0626920834183693,-0.39186051885048545,-0.08178868145493814,-0.06885722008411083,759,-14.676933288574219,23.35287128935513,38.945025794054125
-7.8617833256721505,6.482857704162598,4.954066753387451,0.05320801530442526,0.09506513037785001,-99.68583679199219,-179.60808944702148,-7997.4554443359375,-6421.7554931640625,-4793.737974608358,-3258.0058321003103,18.97499999999999,26.070526970757378,1.388471523920695,-0.0326809398829937,-0.3931850087291227,-0.08197994219428707,-0.069629008329205,760,-15.241093635559082,22.916229483266658,38.494430563991166
-7.817472732067109,6.6313440799713135,5.108104467391968,0.05560914214918672,0.09671276156525478,-96.6393575668335,-176.8518180847168,-7867.189697265625,-6469.14892578125,-4993.6743607167555,-3418.549719429412,18.99999999999999,26.038407219780815,1.449467870924208,0.028399430215358734,-0.39329496399262937,-0.08215616855704466,-0.07028942650646341,761,-15.806495666503906,22.307351243356464,38.346243003268064
-7.8037714838981636,6.782870054244995,5.259356737136841,0.058020409812036496,0.09574545984544598,-92.85712242126465,-174.85187339782715,-7795.2386474609375,-6514.258544921875,-5190.354103148396,-3580.2784425739437,19.024999999999988,26.005897521972656,1.5105683273739285,0.07885382324457169,-0.3918592871384813,-0.08216354218431282,-0.07076601582828991,762,-16.371063232421875,21.71385774837847,38.54545355100596
-7.831498169898987,6.922830820083618,5.4034388065338135,0.06037588425004911,0.09247645457450893,-89.93514633178711,-173.27211952209473,-7809.7415771484375,-6548.9908447265625,-5385.235069334919,-3743.1349061969913,19.049999999999986,25.972978803846573,1.5700497892167833,0.08573634922504425,-0.38970022915324043,-0.08197875209417495,-0.07100126449870638,763,-16.93317222595215,21.31760357543063,39.02949504691743
-7.900010251998902,7.041355609893799,5.537027359008789,0.06263135282794005,0.08792614424648591,-88.13567733764648,-172.31107330322266,-7908.6239013671875,-6574.284423828125,-5580.478608763631,-3906.8596773151557,19.074999999999985,25.93958960639106,1.626759237713284,0.05310472100973129,-0.3879021293642462,-0.08160132391106187,-0.0710285702222581,764,-17.49254035949707,21.23807809297139,39.649491771401216
-7.993409585952759,7.1337432861328125,5.6595213413238525,0.06476986286089527,0.08336368324598942,-87.43944263458252,-171.8763084411621,-8051.6409912109375,-6601.169677734375,-5778.194206297813,-4071.2167879108592,19.099999999999984,25.905659993489582,1.6802562607659235,0.003249932313337922,-0.38719079903708603,-0.08105014111157795,-0.07095668983996117,765,-18.050140380859375,21.497682626782534,40.21747431400056
-8.084878385066986,7.202168703079224,5.773458003997803,0.06680689397275086,0.079919500231974,-87.517578125,-171.7032985687256,-8184.5888671875,-6634.5699462890625,-5979.485231078089,-4236.246029854219,19.124999999999982,25.87116029527452,1.7309477594163682,-0.038459960371255875,-0.3876718325089816,-0.08035387428933354,-0.07092479848590748,766,-18.60750389099121,22.01714407569584,40.56280012893326
-8.14567300081253,7.254348039627075,5.883306264877319,0.0687805834625546,0.07830778010739327,-87.80533409118652,-171.51932525634766,-8259.905395507812,-6669.244384765625,-6184.099952757778,-4402.110278511446,19.14999999999998,25.836124420166016,1.7798312505086262,-0.054357316344976425,-0.3889056750420153,-0.07954310818497254,-0.07104569767701867,767,-19.165935516357422,22.639764708032907,40.58198562755487
-8.16546083688736,7.300086975097656,5.993672847747803,0.07073447401412929,0.07820200267784669,-87.87231826782227,-171.07253456115723,-8254.78955078125,-6708.9788818359375,-6390.597587645473,-4568.841388130588,19.17499999999998,25.80063713921441,1.8280442555745442,-0.03391435369849205,-0.3900826590857758,-0.07863586074774502,-0.07136177328651903,768,-19.725902557373047,23.177561049884467,40.26945652407219
-8.145520544052125,7.347273111343384,6.106969833374023,0.07269662452627242,0.07878734051831088,-87.59620380401611,-170.20884323120117,-8177.8870849609375,-6747.485107421875,-6596.967326415002,-4736.565860176487,19.199999999999978,25.764821370442707,1.8763220310211182,0.015686413273215294,-0.3903553667813999,-0.07763442479290196,-0.07183287816097565,769,-20.2867431640625,23.467659871728028,39.72019739812973
-8.101074433326723,7.398979425430298,6.223072528839111,0.07467096732278106,0.07901000575257673,-87.15628623962402,-168.9474811553955,-8064.0262451171875,-6777.9134521484375,-6801.414503539023,-4905.252987862034,19.224999999999977,25.728804270426433,1.9247733222113714,0.07614046335220337,-0.38920647908713973,-0.0765254012912089,-0.07235617267041941,770,-20.84686279296875,23.422662464259105,39.101379851769025
-8.052247965335846,7.45265007019043,6.339562654495239,0.07663791152488633,0.07811686474674821,-86.85693836212158,-167.47487449645996,-7958.62158203125,-6791.839111328125,-7003.01515966695,-5074.700824165746,19.249999999999975,25.692676968044704,1.9728971852196588,0.12440019100904465,-0.386659964452806,-0.0752881174547041,-0.07280815271929789,771,-21.40433120727539,23.057742096589173,38.60026249086227
-8.005134737491609,7.502413511276245,6.448207139968872,0.07856490831064042,0.07636533698731672,-87.06716728210449,-165.1066551208496,-7903.718505859375,-6758.4842529296875,-7201.98069921773,-5244.496801948948,19.274999999999974,25.656490325927734,2.019857168197632,0.13406464457511902,-0.38331989439265585,-0.07390219177867005,-0.07308537114401832,772,-21.957595825195312,22.484287761911943,38.36590454496233
-7.983201408386231,7.539820671081543,6.5606560707092285,0.08044978553927921,0.07420111080508543,-88.0206127166748,-163.56152725219727,-7919.5435791015625,-6700.649841308594,-7399.573661864215,-5413.458908272189,19.299999999999972,25.62022950914171,2.0656001567840576,0.09088662266731262,-0.3805296339395526,-0.07235319325894989,-0.07312444471063682,773,-22.50645637512207,21.87321978384634,38.465266422109686
-8.027754998207094,7.558385133743286,6.667436122894287,0.08225900402582455,0.07033754649840979,-89.4682846069336,-163.0686740875244,-7998.504638671875,-6701.5445556640625,-7597.562251341757,-5580.975154304903,19.32499999999997,25.583797030978733,2.1092572477128773,0.05403844267129898,-0.3787354623131662,-0.07064388700576915,-0.0729316401700935,774,-23.05205726623535,21.402731977751568,38.8668713195804
-8.11972497701645,7.5523200035095215,6.762275218963623,0.08395479681706773,0.06528885886189206,-91.36032247543335,-163.42741203308105,-8104.746337890625,-6762.0367431640625,-7797.524867308557,-5748.513768196507,19.34999999999997,25.547122955322266,2.1498568852742515,0.0331064872443676,-0.37769013829579645,-0.06878371059624085,-0.07261658821313713,775,-23.59556007385254,21.207508100889562,39.4531835904735
-8.22051466703415,7.522127151489258,6.841940402984619,0.08551960369457104,0.060095607351264284,-93.53534507751465,-163.71847534179688,-8197.433349609375,-6852.2186279296875,-8000.143525755826,-5917.564686775611,19.374999999999968,25.510215759277344,2.18695773018731,0.033021796494722366,-0.3769042394581141,-0.06679475162265577,-0.07235303513376015,776,-24.137632369995117,21.34205264714296,40.05560838948476
-8.283321595191957,7.474636077880859,6.909233093261719,0.08696780572822091,0.056148278305927245,-95.75429630279541,-163.15914344787598,-8237.36181640625,-6925.5338134765625,-8205.079359496061,-6088.870152473856,19.399999999999967,25.473160213894314,2.2209468152787952,0.048827722668647766,-0.37590555404933435,-0.06470639848376192,-0.07229706713897646,777,-24.678293228149414,21.766632631562143,40.5026887560435
-8.278639245033265,7.420178413391113,6.97199821472168,0.08834375287254556,0.05434648754210972,-97.82631373405457,-161.41978454589844,-8205.439819335938,-6947.0107421875,-8411.013404906216,-6262.008497810771,19.424999999999965,25.436089833577473,2.252984046936035,0.07170302420854568,-0.3744042968533431,-0.06253799030638135,-0.07250912966315243,778,-25.217052459716797,22.359735974507096,40.668693294372034
-8.209170949459077,7.36863374710083,7.039106130599976,0.08970169038999856,0.05454349488374832,-99.65383076667786,-158.66054725646973,-8111.95947265625,-6911.3212890625,-8616.149400389611,-6435.683766365457,19.449999999999964,25.399140252007378,2.284476492140028,0.09367230534553528,-0.3723289952843852,-0.060300077785738926,-0.07292023018929819,779,-25.753185272216797,22.953847350688793,40.5086270239273
-8.109112000465394,7.324393033981323,7.1155126094818115,0.09107767082383685,0.05550361022980313,-101.31343746185303,-155.4615306854248,-7993.645751953125,-6844.403625488281,-8818.948387206014,-6608.466798592017,19.474999999999962,25.362402598063152,2.3163570298088922,0.11022874712944031,-0.369765070234425,-0.057982582521584364,-0.07336093341543587,780,-26.285972595214844,23.383799118515245,40.0692251220949
-8.027526021003723,7.284286975860596,7.199634075164795,0.09246881463113177,0.0554518283913579,-102.9961166381836,-152.6231689453125,-7897.2178955078125,-6789.4432373046875,-9018.789531004839,-6779.576889229222,19.49999999999996,25.325904422336155,2.3485541343688965,0.12122774869203568,-0.36685939503758047,-0.05556300080270649,-0.07364078171173276,781,-26.814855575561523,23.53284041961689,39.47330105766479
-8.0088632106781,7.2384374141693115,7.283116579055786,0.09382727645842437,0.0527655310893086,-104.95862431824207,-150.7334499359131,-7866.2266845703125,-6784.3509521484375,-9216.219978392533,-6949.312970161839,19.52499999999996,25.289620293511284,2.379843923780653,0.12644676864147186,-0.36375211854621686,-0.05301711658853702,-0.07364093983692248,782,-27.339468002319336,23.363028750060774,38.88343242658337
-8.064294970035554,7.174429893493652,7.355096817016602,0.09507981105335908,0.047106388674295875,-107.52995502948761,-149.75635719299316,-7912.0008544921875,-6838.2965087890625,-9412.875645506792,-7118.921743965552,19.549999999999958,25.253509945339626,2.4083606402079263,0.1265287697315216,-0.36058012724036437,-0.050328894736481215,-0.07337590537418916,783,-27.85962677001953,22.922428251794695,38.45669681236134
-8.16583526134491,7.083926677703857,7.4075706005096436,0.09616420863734731,0.03963824415457639,-110.86455631256104,-149.0811939239502,-8006.5557861328125,-6928.0162353515625,-9610.675666869101,-7289.879156685282,19.574999999999957,25.217560662163628,2.4325296613905163,0.12353686988353729,-0.35744701808642704,-0.04750750650754304,-0.07298988849656057,784,-28.375316619873047,22.328968039575525,38.30348017269203
-8.261700773239136,6.966650485992432,7.438421249389648,0.09705978810004892,0.03246504264498858,-114.82385683059692,-147.85835456848145,-8106.095947265625,-7002.4609375,-9810.839561522427,-7463.079562569075,19.599999999999955,25.18180211385091,2.451844480302599,0.11251700669527054,-0.3544635120067249,-0.044579627205109926,-0.07268642961272445,785,-28.886642456054688,21.737088144327245,38.460844167587055
-8.29340068101883,6.830765962600708,7.458003759384155,0.09781049992182864,0.0281957915193206,-118.91368103027344,-145.73834228515625,-8160.6976318359375,-7004.4010009765625,-10013.49196020407,-7638.141086006575,19.624999999999954,25.146314832899307,2.467447386847602,0.08997374027967453,-0.3519355063419672,-0.04158011303054288,-0.07261982561833726,786,-29.39397430419922,21.297080850399464,38.88611279977091
-8.270115101337433,6.688842058181763,7.480030536651611,0.09848909001233763,0.02645810595577372,-121.8585901260376,-142.79856300354004,-8141.1192626953125,-6979.833251953125,-10217.509400999968,-7813.251111030988,19.649999999999952,25.111162397596573,2.4812033441331653,0.08539051562547684,-0.3498081732632119,-0.038541864426277404,-0.07282412336345996,787,-29.897966384887695,21.11787972469269,39.47063282534414
-8.209495723247528,6.5505242347717285,7.5080952644348145,0.09914295431660093,0.025935304547250546,-120.6498966217041,-136.8954906463623,-8050.093505859375,-6958.2303466796875,-10421.037382567347,-7987.746942329815,19.67499999999995,25.07645501030816,2.4943317307366266,0.11033692210912704,-0.34741362525858077,-0.035472595196798996,-0.0732161240311628,788,-30.398727416992188,21.24176227949621,40.06875229650437
-8.106890571117402,6.42050838470459,7.538609027862549,0.09979423868355822,0.026420126781915666,-112.68178939819336,-125.23875999450684,-7923.63134765625,-6894.977783203125,-10622.289720213825,-8161.702700996804,19.69999999999995,25.042389763726128,2.507415347629123,0.12729935348033905,-0.3443770889836724,-0.03236319129745526,-0.07364039888232606,789,-30.895511627197266,21.636043511507946,40.53462666766861
-8.00961264371872,6.297231197357178,7.578125715255737,0.10045861415174892,0.026411519362048747,-96.51728200912476,-107.53133964538574,-7808.71630859375,-6829.739562988281,-10820.380503905224,-8334.077145576879,19.724999999999948,25.009184943305122,2.5208740764194064,0.14009249210357666,-0.3410255007518077,-0.029197716413895045,-0.07391699312866601,790,-31.38766860961914,22.203647127647454,40.7578020333477
-7.971329057216645,6.1723058223724365,7.617828845977783,0.10109192218134817,0.023749334070837673,-72.64472103118896,-84.05095672607422,-7744.5780029296875,-6821.663757324219,-11015.598411620065,-8504.820634651585,19.749999999999947,24.977037641737198,2.5336135758294,0.15467116236686707,-0.33734920660403506,-0.025954220273071215,-0.07391747582661358,791,-31.874774932861328,22.809192687909473,40.68824326337213
-8.007490515708923,6.033622980117798,7.645165681838989,0.10161539146073847,0.017713674773147385,-45.98310089111328,-57.76673221588135,-7747.734619140625,-6882.7724609375,-11209.212861693308,-8675.362228584694,19.774999999999945,24.946102566189236,2.5436690118577747,0.17413195967674255,-0.3332511010291075,-0.022616110133035817,-0.07364074842221913,792,-32.35630416870117,23.312638941648498,40.34520932499075
-8.09393116235733,5.872124671936035,7.650030851364136,0.10195252268760728,0.009135591290110127,-20.694332122802734,-31.35722541809082,-7796.993408203125,-6990.19482421875,-11402.906227171827,-8847.431540108139,19.799999999999944,24.916377597384983,2.5491258833143444,0.19634485244750977,-0.3286099436183991,-0.01919041580279909,-0.07322080953020567,793,-32.831573486328125,23.601749040404503,39.80927538580228
-8.158272004127504,5.687094211578369,7.6271796226501465,0.10206937720281291,0.0007533253086736767,59.2303352355957,38.202847480773926,-7839.86083984375,-7062.66064453125,-11597.831062376907,-9022.186410713612,19.824999999999942,24.888583289252388,2.549220985836453,0.200444757938385,-0.3235908503594949,-0.015706632311582307,-0.07285443346561642,794,-33.29985046386719,23.61584242206113,39.20069032078415
-8.157241606712342,5.4860405921936035,7.591207027435303,0.102007508641739,-0.0052285586808686986,200.76210021972656,154.28284072875977,-7829.76123046875,-7067.988037109375,-11793.827583373,-9198.752926826894,19.84999999999994,24.86431333753798,2.5451808505588107,0.19492028653621674,-0.3186784167022484,-0.01219936514909699,-0.0726863630336972,795,-33.760868072509766,23.355789629526726,38.65042251096979
-8.100169622898102,5.281538009643555,7.551126003265381,0.10182117058921752,-0.009397373783481112,375.15447998046875,296.71986389160156,-7722.5006103515625,-7068.4993896484375,-11989.571614134713,-9375.452627754628,19.87499999999994,24.844799041748047,2.5385053952534995,0.22623248398303986,-0.31351348208414875,-0.00870567074549537,-0.07274369589853956,796,-34.21451187133789,22.87945597580701,38.27161932392401
-8.002566921710969,5.083449363708496,7.507509469985962,0.10153786850588195,-0.01327114236638042,557.6733703613281,450.92979431152344,-7527.5396728515625,-7083.675048828125,-12182.634129393491,-9552.16511249584,19.899999999999938,24.830616845024956,2.5299485524495444,0.2999524176120758,-0.3070099095441207,-0.005239232716342263,-0.07294672864214448,797,-34.65956497192383,22.285669196949588,38.13744713136787
-7.877284264564515,4.894968748092651,7.4568915367126465,0.10114752399148198,-0.018120776396468828,727.9227294921875,605.2502136230469,-7272.3133544921875,-7109.793701171875,-12370.822621214764,-9729.256988716546,19.924999999999937,24.82190661960178,2.519271903567844,0.4039818048477173,-0.2982521375889088,-0.0017893207200726955,-0.07315839169215693,798,-35.093441009521484,21.690826383989528,38.26896609028776
-7.751050651073457,4.71301007270813,7.393146514892578,0.10060782607419902,-0.02540061254057909,881.8524780273438,755.7503967285156,-7014.9444580078125,-7137.59326171875,-12552.630455077053,-9907.001831245845,19.949999999999935,24.81856240166558,2.505400445726183,0.5108380913734436,-0.28679172318045715,0.0016655389951781166,-0.07323332638732903,799,-35.51262283325195,21.203239883236986,38.63550521081751
-7.64475382566452,4.527894496917725,7.30870246887207,0.09984676121368163,-0.03573096655532062,1019.8031921386719,894.2908630371094,-6800.121826171875,-7160.6396484375,-12728.004066527234,-10085.441662788815,19.974999999999934,24.820433722601997,2.486508422427707,0.6016504168510437,-0.272849392438863,0.005156753264996018,-0.07306680391779342,800,-35.913482666015625,20.901998220686547,39.16718106603562
-7.56949976682663,4.329050540924072,7.196276664733887,0.0987888787272965,-0.0491065766169459,1141.6875610351562,1009.062255859375,-6649.511474609375,-7177.6636962890625,-12898.00711218152,-10264.457653999754,19.999999999999932,24.827209048801,2.460662258995904,0.6679060459136963,-0.25691634878243463,0.008699339756196953,-0.07262658338960333,801,-36.29288864135742,20.8259905531441,39.774864379789385
