AY,Alphaf,Alphar,Beta,BetaR,Fxf,Fxr,Fyf,Fyr,Myf,Myr,Time,Vx,Vy,YawAcc,YawR,delta,phi,t,yaw,global_x_m,global_y_m
1.2940107239157769e-17,0.0,0.0,-0.0,-0.0,1.374053716659546,0.2894238531589508,0.0,0.0,0.0,0.0,0.0,16.666666666666668,-0.0,2.869163304912862e-17,0.0,0.0,0.0,1,0.0,0.0,0.0
-2.4635209800956765e-17,0.0,0.0,1.5559359536584148e-21,1.5742101091612778e-18,-61.80851745605469,-54.38505172729492,0.0,0.0,0.0,0.0,0.025,16.663378609551323,2.5927148760842737e-20,-8.85432987394727e-18,-8.457025288749515e-20,0.0,1.1843400988547526e-20,2,-1.664018558757612e-20,0.4166255659527249,-3.1419320477267172e-21
-1.349693582125769e-16,0.0,0.0,-1.5143929805412372e-19,-3.295904275613426e-16,-84.0233154296875,-76.5857162475586,0.0,0.0,0.0,0.0,0.05,16.659573449028862,-2.522914195085492e-18,-2.5043241122644675e-16,-2.0877640561165067e-19,0.0,-4.1964421463691486e-21,3,4.344158189684551e-19,0.8331624666849773,5.2644486510040453e-20
6.671818129065292e-17,0.0,0.0,9.446601796860434e-20,3.761655921257136e-16,-112.84122467041016,-105.27848052978516,0.0,0.0,0.0,0.0,0.07500000000000001,16.655060450236004,1.5733372756997396e-18,1.0138681140838858e-14,-6.95720290476312e-18,0.0,-7.408973775629036e-20,4,-2.4359679082201677e-18,1.2495953904257882,-3.7590035651624213e-19
-2.566395841383398e-16,0.0,0.0,3.321880383095878e-19,-1.1718541021932135e-16,-145.14376831054688,-137.29283142089844,0.0,0.0,0.0,0.0,0.1,16.649708218044704,5.530833794177049e-18,-5.175752896066513e-15,-1.3689278534471543e-18,0.0,-9.781745065353943e-20,5,-1.947882956748047e-18,1.6659049987792969,-1.19963416363027e-18
-7.908803498834877e-16,0.0,0.0,1.544724737370878e-19,-4.546990102607935e-17,-178.24110412597656,-169.9252166748047,0.0,0.0,0.0,0.0,0.125,16.643462710910374,2.570956845062572e-18,-1.0392853705453245e-14,-5.589057538081683e-18,0.0,-4.0250619707363924e-19,6,-1.8793062098088283e-17,2.0820696353912354,-5.413528169716181e-18
-1.9719521470597203e-18,0.0,0.0,4.191912692129899e-19,8.385685797074876e-17,-209.71226501464844,-200.7993621826172,0.0,0.0,0.0,0.0,0.15,16.63633876376682,6.973807635110824e-18,5.074214821514404e-15,-2.1565567179508267e-17,0.0,-8.500261147441377e-19,7,-5.0804440606271896e-17,2.4980671538247003,-1.976898752475108e-17
4.987070035382214e-17,0.0,0.0,1.2897570552021167e-18,5.589217255468926e-16,-237.5288848876953,-227.96949768066406,0.0,0.0,0.0,0.0,0.175,16.628410551283096,2.1446609526682868e-17,5.848906919908451e-15,-6.254390038746157e-18,0.0,-3.4158478039622543e-19,8,-6.060262657253402e-17,2.913876520262824,-4.257529780727621e-17
3.079002634906547e-16,0.0,0.0,1.4562439058125404e-18,2.168574716785044e-16,-260.1483459472656,-249.98440551757812,0.0,0.0,0.0,0.0,0.19999999999999998,16.619802051120335,2.4202484895405592e-17,1.0351656563997638e-14,8.630878689215173e-18,0.0,9.687441406170712e-19,9,-4.861801365011458e-17,3.3294791777928667,-6.470152310347216e-17
-9.969427837881672e-17,0.0,0.0,5.859211238315416e-19,-9.452137585240422e-16,-276.5603332519531,-265.90740966796875,0.0,0.0,0.0,0.0,0.22499999999999998,16.610666910807293,9.73254091284992e-18,-5.206345185022497e-15,4.0438117742462295e-17,0.0,3.0733608538614237e-18,10,-8.838357016318871e-18,3.744860039816962,-7.621274487362447e-17
-8.270336576306351e-16,0.0,0.0,-1.385634840990755e-18,-8.428984491475208e-17,-286.2825622558594,-275.30169677734375,0.0,0.0,0.0,0.0,0.24999999999999997,16.601183149549698,-2.3003177783414626e-17,-4.417955240382368e-16,2.912629040380375e-17,0.0,6.0727325310655716e-18,11,3.4839093777834913e-17,4.1600081655714245,-7.098413818284021e-17
-1.5713897342399121e-15,0.0,0.0,-3.507722202663567e-18,-2.211636727129399e-16,-289.3176574707031,-278.1855773925781,0.0,0.0,0.0,0.0,0.27499999999999997,16.591531965467667,-5.819848310570196e-17,4.944536618388612e-15,1.1458417889614889e-17,0.0,1.0184928127916952e-17,12,6.928276213564498e-17,4.574917104509142,-5.0400692203958906e-17
-5.851574756054947e-16,0.0,0.0,-5.6567147509834425e-18,-6.181282791084159e-16,-286.0791931152344,-274.96502685546875,0.0,0.0,0.0,0.0,0.3,16.58188713921441,-9.379900215192935e-17,-1.580894669458901e-14,3.814773751607492e-17,0.0,1.4066295326211156e-17,13,1.006932716837864e-16,4.989584843317668,-1.7060765402576185e-17
-1.0684691773824111e-15,0.0,0.0,-7.65219205808494e-18,-1.6619859796242491e-16,-277.3009948730469,-266.3511657714844,0.0,0.0,0.0,0.0,0.325,16.57240973578559,-1.2681525823385169e-16,-6.605120571041671e-16,1.1508363067026885e-17,0.0,1.87015145479557e-17,14,1.294313327263364e-16,5.404013554255168,2.7864975659207106e-17
1.5667268853632152e-16,0.0,0.0,-7.68788777613059e-18,3.693354165632981e-17,-263.9383239746094,-253.26861572265625,0.0,0.0,0.0,0.0,0.35000000000000003,16.563235388861763,-1.2733630113987797e-16,7.936498207192311e-17,1.810523999812577e-17,0.0,2.5233558379273905e-17,15,1.4894014262793824e-16,5.81820911831326,8.233707766437086e-17
-7.672276483396369e-16,0.0,0.0,-9.010309582560248e-18,-6.554050569964543e-17,-247.06903076171875,-236.76332092285156,0.0,0.0,0.0,0.0,0.37500000000000006,16.554475360446506,-1.491609432355724e-16,9.695047634714418e-15,6.933024005954393e-18,0.0,3.432648747665842e-17,16,1.7336678611662914e-16,6.232180502679614,1.4559244748823682e-16
6.265663700039598e-16,0.0,0.0,-9.223793685533495e-18,-2.8458476952332336e-16,-227.80438232421875,-217.9149169921875,0.0,0.0,0.0,0.0,0.4000000000000001,16.546208063761394,-1.5261880818840698e-16,-1.134874986818751e-14,-1.3880911911067546e-17,0.0,3.834074737640138e-17,17,1.7336538321831025e-16,6.645939045482213,2.1355189923132998e-16
1.4256899902670782e-15,0.0,0.0,-7.214312232997813e-18,3.680824694179983e-16,-207.2096710205078,-197.76072692871094,0.0,0.0,0.0,0.0,0.4250000000000001,16.538483301798504,-1.1931378151646323e-16,5.245263701970872e-16,-3.78906115563872e-17,0.0,3.041340779331872e-17,18,1.2661007773726913e-16,7.059497687551712,2.721837213385332e-16
4.4289865872058244e-16,0.0,0.0,-4.357021673055453e-18,-3.050853342164417e-16,-186.24237060546875,-177.23463439941406,0.0,0.0,0.0,0.0,0.4500000000000001,16.53132438659668,-7.202734373173764e-17,-9.698936362975263e-15,-4.5254043245171195e-17,0.0,3.439168277252726e-17,19,6.771174762905976e-17,7.472870283656652,3.099582512896381e-16
7.137296270792286e-16,0.0,0.0,-2.3547002920406265e-18,4.5349810847583523e-17,-165.7080535888672,-157.1234893798828,0.0,0.0,0.0,0.0,0.47500000000000014,16.524730258517796,-3.8910789243274545e-17,4.7128908950064535e-15,-4.761932784011717e-17,0.0,4.1818203106463246e-17,20,2.664085502803357e-18,7.886070966720584,3.2311387661693557e-16
1.0581431535706447e-15,0.0,0.0,4.849717265871478e-19,1.972883570560238e-16,-146.23602294921875,-138.042236328125,0.0,0.0,0.0,0.0,0.5000000000000001,16.518678665161133,8.011091663707536e-18,8.036051974716579e-16,-5.83511498858854e-17,0.0,3.965056300342079e-17,21,-6.583356456508666e-17,8.299113578266569,3.096843778457741e-16
1.823148683765054e-15,0.0,0.0,4.243910699028807e-18,1.556041110640031e-16,-128.2706298828125,-120.42784118652344,0.0,0.0,0.0,0.0,0.5250000000000001,16.513135698106552,7.008027821325271e-17,-4.6459994326123605e-15,-3.871980406205333e-17,0.0,3.615474984509472e-17,22,-1.3417462458673187e-16,8.712011257807415,2.693714289507859e-16
1.1431505701818304e-15,0.0,0.0,6.6340777956435495e-18,2.854194171455826e-16,-112.08610534667969,-104.54839324951172,0.0,0.0,0.0,0.0,0.5500000000000002,16.508056852552627,1.0951573525181567e-16,4.444059472327765e-16,-3.960827845806731e-17,0.0,3.624171016915924e-17,23,-1.8760133361391527e-16,9.124776164690655,2.0520916331964407e-16
1.3255258180446665e-16,0.0,0.0,8.140533559597536e-18,6.728497326391017e-18,-97.8067855834961,-90.52686309814453,0.0,0.0,0.0,0.0,0.5750000000000002,16.50339126586914,1.3434641051526026e-16,5.5036129860481695e-16,-1.5712790696567776e-17,0.0,4.020754297356379e-17,24,-2.3022829315426754e-16,9.537419266170927,1.2205142660034114e-16
-2.096285557709279e-16,0.0,0.0,7.84645251128212e-18,-4.094148382144929e-16,-85.44454956054688,-78.37596130371094,0.0,0.0,0.0,0.0,0.6000000000000002,16.49908701578776,1.2945929510739897e-16,-4.7223755464333335e-15,-2.9714038100063306e-18,0.0,4.612907203538184e-17,25,-2.494944810560402e-16,9.949950244691639,2.6399263479367823e-17
-0.0007067098777042702,0.0025694072246551514,-8.400529623031616e-06,-2.0982737507303401e-07,-3.954261066401002e-05,-74.94329071044922,-68.04241943359375,-1.3002166748046875,0.00299835205078125,0.0,0.0,0.6250000000000002,16.495093239678276,-3.4611222569462066e-06,-0.000482365139760077,-2.474063181646299e-06,-4.074012289440747e-05,-3.1711154230192607e-08,26,-5.828756570736005e-07,10.362377497884903,-1.6344638211734871e-07
-0.006771020439919085,0.012392856180667877,-0.00010111555457115173,-4.486082482389723e-06,-0.00035144919622208756,-66.23859024047852,-59.46582221984863,-12.487533569335938,0.0720672607421875,-0.0325054168701169,7.49588012695306e-05,0.6500000000000002,16.49136013454861,-7.398160556072576e-05,-0.00452845823019743,-5.5197935025076917e-05,-0.00021841613994067637,-9.71630059593601e-07,27,-2.9837003239663318e-05,10.774708164943329,-7.402322404408367e-06
-0.02096957676112652,0.031007476150989532,-0.00029747188091278076,-2.058023401125845e-05,-0.0009931127311950073,-59.325971603393555,-52.64517784118652,-38.74815368652344,0.30678558349609375,-0.3446937561035129,0.0018766403198242029,0.6750000000000003,16.48784001668294,-0.00033932362890077964,-0.0140534033998847,-0.0002723587896622088,-0.0005752946802849934,-6.466354428982384e-06,28,-0.00023635588877368718,11.186948159955119,-6.743177284761198e-05
-0.049917203746736055,0.06436603516340256,-0.0004535689949989319,-5.935672666814026e-05,-0.00217625409962329,-54.3576545715332,-47.73809814453125,-92.12559509277344,0.6268157958984375,-1.313397598266593,0.009546279907226495,0.7000000000000003,16.484482023451065,-0.000978464894514117,-0.03326789662241936,-0.00084110507476756,-0.0012549975638129589,-2.4254401531273897e-05,29,-0.0009763908456079662,11.599102068534865,-0.00033380778381333405
-0.09612077474594118,0.11137965694069862,-8.629262447357178e-05,-0.00013349897943501247,-0.003796095305082816,-51.89331245422363,-45.302467346191406,-176.7027130126953,0.5189132690429688,-3.6165374755859174,0.025216674804687367,0.7250000000000003,16.481224695841473,-0.002200226558165418,-0.06339693814516068,-0.0020242244018967817,-0.002272707539518439,-6.74418522714714e-05,30,-0.0029388652183115482,12.011172321867216,-0.0011801828408160512
-0.16609295159578324,0.17776444554328918,0.001673974096775055,-0.0002547286762496005,-0.005935305978270135,-51.34554672241211,-44.78485870361328,-303.1829147338867,-1.2571868896484375,-8.034105300903281,0.038189506530761606,0.7500000000000003,16.477992799546982,-0.004197417292743921,-0.10761971771717072,-0.004131510821628263,-0.0037807434427589866,-0.00015417357166238365,31,-0.007215236313641071,12.42315583003369,-0.0033517470136157053
-0.26131681986153127,0.26018179953098297,0.00612245500087738,-0.0004333028437233128,-0.008339048130445835,-48.60728073120117,-42.14349555969238,-472.2089595794678,-6.7644805908203125,-15.613678169250406,0.006759834289551257,0.7750000000000004,16.474788453843857,-0.007138572529786163,-0.16523760557174683,-0.007513838538360359,-0.0057577886065622395,-0.0003073432564294835,32,-0.01538359746336937,12.835034115730512,-0.008147473687990701
-0.387397337704897,0.3639380931854248,0.014883872121572495,-0.0006755268700881801,-0.01099561061474602,-43.833736419677734,-37.55786991119385,-691.0898284912109,-18.96014404296875,-27.418902158737044,-0.16235218048095473,0.8000000000000004,16.4716551038954,-0.011127046826812956,-0.23741808533668518,-0.012520028989842596,-0.008344725552965017,-0.0005530470122469863,33,-0.029515370726585388,13.246745138385075,-0.01761982203700807
-0.5452242925763131,0.4850529134273529,0.029788581654429436,-0.0009839388694477947,-0.013628522980209543,-34.037657737731934,-28.073670387268066,-957.8035430908203,-41.449371337890625,-44.696147871017246,-0.6363557815551695,0.8250000000000004,16.468654208713108,-0.016204153911934957,-0.32183584570884705,-0.01948404855848039,-0.011495754608131828,-0.0009195455718434016,34,-0.05218411237001419,13.65811442672355,-0.03477498230608677
-0.7431521579623223,0.6291552782058716,0.052832869812846184,-0.00135989158589541,-0.016411959083019484,-16.455065727233887,-10.947340905666351,-1283.4441528320312,-78.36225891113281,-68.64123644828767,-1.6725900650024277,0.8500000000000004,16.465933057996963,-0.02239189628097746,-0.420575350522995,-0.028734671762925126,-0.015349459237064697,-0.001436033936196595,35,-0.08642197400331497,14.068713664945664,-0.06375936061019932
-0.9825757160782814,0.7903953790664673,0.0858548455289565,-0.0018049199780983745,-0.01910111928324062,9.592041492462158,14.485040783882141,-1666.1878051757812,-133.9773292541504,-100.72734026908834,-3.6316465377807363,0.8750000000000004,16.463661193847656,-0.029715622464815777,-0.5310757756233215,-0.040609124497099996,-0.0198295651017424,-0.002133795665662266,36,-0.1357535719871521,14.477597618461218,-0.11002361828171867
-1.260138800740242,0.9743652939796448,0.13094379007816315,-0.002310471696928129,-0.02126782969542626,43.441826820373535,47.74021625518799,-2095.2400512695312,-212.85507440567017,-142.3820353984827,-6.981079769134471,0.9000000000000005,16.461997561984592,-0.03803504423962699,-0.6475441455841064,-0.05532421720206187,-0.025050623239072242,-0.0030448578730918694,37,-0.20410940051078796,14.882856816888303,-0.18041857779928
-1.5803098261356354,1.168335497379303,0.1899683102965355,-0.0028660003383862032,-0.0230372256012965,83.23616027832031,87.45940589904785,-2574.0757446289062,-319.6556854248047,-194.7630366802208,-12.30245662927619,0.9250000000000005,16.46105236477322,-0.047177510956923165,-0.7690896987915039,-0.073028612523286,-0.03078731565667131,-0.004199040420538862,38,-0.2956647276878357,15.280926906025424,-0.28311226416674484
-1.9284629464149476,1.378895342350006,0.2645180895924568,-0.003451982643028253,-0.02352907816512051,127.24105072021484,131.78543090820312,-3071.648681640625,-458.6270065307617,-259.1149302959433,-20.29384876489626,0.9500000000000005,16.46087434556749,-0.056822879446877375,-0.8835470676422119,-0.0937165056018339,-0.03712990739088513,-0.0056241140444484245,39,-0.41473355889320374,15.665620968486923,-0.4271914307043396
-2.3040600359439853,1.5932021141052246,0.35585425794124603,-0.004034808945733964,-0.02295888913395074,172.99527740478516,178.3759002685547,-3582.8883056640625,-633.9246826171875,-335.9061473369587,-31.759523928165244,0.9750000000000005,16.461458206176758,-0.06641919828123516,-0.9868882298469543,-0.11712451812827508,-0.04378725147643269,-0.0073397499865559416,40,-0.5654059052467346,16.026952001134433,-0.6216951907346063
-2.691204994916916,1.824459969997406,0.46414537727832794,-0.0045840248030963844,-0.020762665487341056,218.0000991821289,225.1119842529297,-4076.5509033203125,-847.7952575683594,-425.47835497856005,-47.607640993594856,1.0000000000000004,16.46272871229384,-0.07546608646710713,-1.0684764385223389,-0.14286118206712473,-0.05091162559190958,-0.009357388916427093,41,-0.7513294816017151,16.349991355966214,-0.8737981644182591
-3.091196918487549,2.060964822769165,0.5891123712062836,-0.005064403407841086,-0.01754195705889152,261.1997985839844,270.2232894897461,-4556.418701171875,-1098.9710083007812,-527.3921275615677,-68.80252243280376,1.0250000000000004,16.464562945895725,-0.08338390125168695,-1.1289011240005493,-0.1703865165402341,-0.05820542252579674,-0.01167798738742998,42,-0.9754445552825928,16.614284374847763,-1.1859407309616448
-3.494540846347809,2.3100924491882324,0.729089081287384,-0.00545093991397142,-0.013342391288215748,301.2157440185547,311.96944427490234,-5005.3349609375,-1387.3694763183594,-641.3025950908645,-96.27679764032322,1.0500000000000003,16.466810438368057,-0.0897604806555642,-1.162451148033142,-0.19908420781470995,-0.06571795237015268,-0.01429376085486262,43,-1.2398935556411743,16.794652067294656,-1.5519564429029766
-3.902272140979767,2.566429615020752,0.8815638422966003,-0.005727428570135336,-0.008894032176266933,336.1595916748047,349.11000061035156,-5425.8936767578125,-1712.5367431640625,-766.435969114302,-130.96103454828216,1.0750000000000002,16.469285753038193,-0.09432768656147851,-1.168904423713684,-0.22827992685778742,-0.073265305126356,-0.017188315273561516,44,-1.5458725690841675,16.864417833102817,-1.9528209531183316
-4.2949289083480835,2.830619215965271,1.0435895323753357,-0.0058842492270435726,-0.003721429006614321,367.7939758300781,379.7336120605469,-5798.0404052734375,-2058.8096313476562,-902.0833110332472,-173.77445312738365,1.1,16.4717960357666,-0.09692526525921291,-1.1483376026153564,-0.2572853131067083,-0.08078397064419213,-0.020338041096284735,45,-1.8935991525650024,16.801904543244806,-2.353530981753613
-4.680131649971009,3.095645785331726,1.213298261165619,-0.00591380823454885,0.0011756039593538293,394.98284912109375,406.6654510498047,-6143.880615234375,-2418.24169921875,-1047.0343211650832,-225.24469391107505,1.125,16.474180221557617,-0.0974262836906645,-1.1112093925476074,-0.28557891962003507,-0.08809312444683388,-0.023708315148266646,46,-2.2824175357818604,16.600033950619213,-2.703563731216154
-5.0463631629943855,3.355207324028015,1.3873414397239685,-0.00582312447853975,0.006026139537090552,418.51878356933594,429.74407958984375,-6443.39599609375,-2789.6368408203125,-1200.6313365459425,-285.7007363915438,1.15,16.47629843817817,-0.0959446198410458,-1.0507546663284302,-0.3126495193370134,-0.09503648891256405,-0.02725640305668718,47,-2.710986614227295,16.276974905443513,-2.9435976785467868
-5.374297070503236,3.6040598154067993,1.564639389514923,-0.005603582736919595,0.01163789641005128,438.8633117675781,449.5199890136719,-6689.0615234375,-3144.98486328125,-1361.7162364482863,-355.44165741205165,1.1749999999999998,16.478083928426106,-0.09233726395501031,-0.9777569770812988,-0.3380796118225029,-0.1014612194007581,-0.030929638730395427,48,-3.177233934402466,15.883517359865476,-3.019984207902148
-5.681735181808472,3.839884638786316,1.7438273429870605,-0.005246928250606441,0.01648849687633214,457.74664306640625,464.2595672607422,-6899.64208984375,-3497.9393920898438,-1528.9427745342239,-434.066278994083,1.1999999999999997,16.479489008585613,-0.08646749787860447,-0.8929733633995056,-0.3614800426622158,-0.10727157527022768,-0.034659965919972245,49,-3.6785600185394287,15.501263259008134,-2.905189868542853
-5.948082983493805,4.051857233047485,1.9224737882614136,-0.0047715675198922065,0.021672091307116483,475.5894470214844,479.00794982910156,-7065.4676513671875,-3820.2024536132812,-1701.4338267803178,-521.5147637963292,1.2249999999999996,16.480511559380425,-0.07863846917947133,-0.8066555261611938,-0.38273083644904393,-0.11229447601725287,-0.03837595157096007,50,-4.211972713470459,15.226835742941601,-2.617670591524095
-6.190073335170746,4.23417854309082,2.1008704900741577,-0.00416948323355386,0.026178715390289188,493.1849060058594,493.6656036376953,-7201.498291015625,-4127.3028564453125,-1878.0705180644975,-617.0198251366614,1.2499999999999996,16.48122893439399,-0.06871860888269213,-0.7174051403999329,-0.4017939432689129,-0.11640771583731264,-0.042002432122780604,51,-4.774395942687988,15.142481753761006,-2.2308862657253354
-6.4015799283981325,4.375719785690308,2.2754080295562744,-0.0034665475854626,0.030236320110701525,511.1735382080078,507.6647491455078,-7303.992919921875,-4411.5196533203125,-2058.107975339888,-720.2023965477944,1.2749999999999995,16.48172590467665,-0.05713491804069943,-0.6274392604827881,-0.418577650511783,-0.11945295732003418,-0.04546901065708791,52,-5.362648010253906,15.2813976634252,-1.8617742842680844
-6.57422173023224,4.468690872192383,2.4464482069015503,-0.0026561505265690647,0.034406849103117025,530.7573852539062,522.5978240966797,-7364.2509765625,-4665.871337890625,-2240.707798337935,-830.4903878808024,1.2999999999999994,16.48214446173774,-0.04377916041347715,-0.5373720526695251,-0.4331332906076656,-0.12128863680872297,-0.04871345242815817,53,-5.9735107421875,15.603083496150205,-1.635963320254346
-6.716591811180115,4.504580974578857,2.611998677253723,-0.0017462946738969157,0.038210236372129884,551.6633148193359,539.210205078125,-7390.73583984375,-4897.6510009765625,-2424.8140727519976,-947.1371713280681,1.3249999999999993,16.482682757907444,-0.028783650034003787,-0.44643980264663696,-0.44542853943882976,-0.12178710566338015,-0.05167970621742365,54,-6.6037726402282715,15.994899801857374,-1.6389657089844323
-6.814052569866181,4.474701404571533,2.771233916282654,-0.0007370518079599088,0.04251704223035718,574.0535888671875,557.0068359375,-7377.5118408203125,-5085.94677734375,-2609.5824687480913,-1069.5784463524824,1.3499999999999992,16.483546362982857,-0.012149229231807921,-0.3618771731853485,-0.45552228615488,-0.1208138617653891,-0.05432536118452482,55,-7.250202178955078,16.307180900769293,-1.8739343152246675
-6.876884031295777,4.371980428695679,2.923733949661255,0.00038078297936173963,0.04675877541182408,598.0893707275391,575.4489898681641,-7319.07666015625,-5255.1546630859375,-2794.020264768599,-1196.7271157860762,1.3749999999999991,16.484963099161785,0.006277193832728598,-0.27106785774230957,-0.4634523143537817,-0.11824784779844891,-0.05661856342611082,56,-7.909693717956543,16.412643286619396,-2.249382040066051
-6.896850609779358,4.191838502883911,3.0664740800857544,0.0016039725104329365,0.051180692246980845,623.2586975097656,594.8258514404297,-7200.534912109375,-5405.3226318359375,-2976.9971812725053,-1328.1059823632247,1.399999999999999,16.487175623575848,0.026444999708069697,-0.1678357869386673,-0.4689851646764758,-0.11400895670920783,-0.05854239770807043,57,-8.578960418701172,16.26483274384919,-2.609608858895326
-6.860702002048493,3.9361724853515625,3.1978838443756104,0.0029478147796829037,0.056240290521589485,649.05078125,614.2960205078125,-7010.5860595703125,-5523.8985595703125,-3157.0105540752393,-1463.2390481591233,1.424999999999999,16.49044354756673,0.04861091160111957,-0.052939511835575104,-0.47175648339632587,-0.1080828781679959,-0.060091075816221945,58,-9.254266738891602,15.925379903393353,-2.7996653075897617
-6.7699207186698915,3.606995105743408,3.3157964944839478,0.004418693473970204,0.061506808090518866,674.5906066894531,633.1875610351562,-6736.388671875,-5627.0213623046875,-3332.275205564497,-1601.3365121483812,1.4499999999999988,16.494978798760307,0.07288672857814366,0.08619559556245804,-0.47142558563088355,-0.10047335724509604,-0.06126230077412517,59,-9.93140983581543,15.541612873989324,-2.735989016882422
-6.618796348571778,3.2160803079605103,3.41600501537323,0.006021000988573191,0.06656836212405302,698.4069213867188,650.0622863769531,-6366.281982421875,-5716.62548828125,-3500.6849223613713,-1742.0120462059986,1.4749999999999988,16.500973171657986,0.09935357504420811,0.25527945160865784,-0.4672184901883445,-0.09130707302342275,-0.06205566894642738,60,-10.605365753173828,15.281277175926686,-2.446451412414425
-6.3977971315383915,2.779063582420349,3.493482232093811,0.0077483980118150395,0.07115622718463537,718.9180297851562,664.3595275878906,-5882.4283447265625,-5793.759521484375,-3659.8419719219173,-1884.9276834130299,1.4999999999999987,16.508538987901474,0.12791728807820213,0.4622423052787781,-0.4582713341901143,-0.08077635982913939,-0.06246721471981789,61,-11.269960403442383,15.25604480367931,-2.057095892533358
-6.11163170337677,2.3156015872955322,3.5421797037124634,0.00956883870549288,0.07396984023154726,734.2657470703125,674.8887634277344,-5299.87255859375,-5852.6080322265625,-3806.902680540081,-2029.7716714501394,1.5249999999999986,16.51765293545193,0.15805958045853508,0.698964536190033,-0.44376785876208363,-0.0691904460349124,-0.0624865600884238,62,-11.91775894165039,15.473767019478094,-1.7317259196646653
-5.7461835026741035,1.8502129912376404,3.5558472871780396,0.011443032080852341,0.07537159507131047,741.3604125976562,679.12548828125,-4598.7752685546875,-5887.380126953125,-3939.3994945049235,-2176.0868722558034,1.5499999999999985,16.52821116977268,0.18914110130733913,0.9695515632629395,-0.42294793115011664,-0.056928936125808134,-0.06209870396516738,63,-12.540267944335938,15.843585329321591,-1.5976707554826377
-5.327296578884125,1.4092352986335754,3.527743935585022,0.013307716098585075,0.07308171761989787,740.4055786132812,675.9195251464844,-3831.2070922851562,-5893.0120849609375,-4054.3688762187894,-2323.2713754296315,1.5749999999999984,16.53996573554145,0.22012217177285087,1.2491117715835571,-0.39519949035668595,-0.044465479543481005,-0.06127976944640041,64,-13.12790584564209,16.226521854567103,-1.6976773454133463
-4.872056019306183,1.0028777718544006,3.4509665966033936,0.015054720645352633,0.06610697778757521,728.4579467773438,665.7648620605469,-3037.9909057617188,-5859.4560546875,-4150.149053525917,-2470.596677553655,1.5999999999999983,16.552529864841038,0.2492125497923957,1.5177161693572998,-0.36057892881787384,-0.03211538727891529,-0.0600095539585411,65,-13.670717239379883,16.49881984788404,-1.9888416213843614
-4.385265672206879,0.6309466660022736,3.3213162422180176,0.01656739926540954,0.054677826393607604,705.2769470214844,646.2684936523438,-2249.9777221679688,-5763.8338623046875,-4226.098826169959,-2617.083078920842,1.6249999999999982,16.565562354193794,0.2744733956125047,1.7548704147338867,-0.31961208769091654,-0.020054180373298616,-0.05827849508880039,66,-14.159159660339355,16.593528301533652,-2.379338483818127
-3.877369409799576,0.2919096499681473,3.1378122568130493,0.017741802331566747,0.03902938727273543,672.6207275390625,619.7974853515625,-1486.232650756836,-5605.3421630859375,-4282.348269224156,-2761.178925478459,1.6499999999999981,16.578617095947266,0.29416537947124904,1.9563825130462646,-0.27316697439885496,-0.008445161576020582,-0.056082007206676304,67,-14.584742546081543,16.506033180420005,-2.7748448330790314
-3.34400731921196,-0.012379743158817291,2.9003303050994873,0.018482419108339376,0.02025284698913202,628.6690063476562,585.3777770996094,-742.299991607666,-5379.6878662109375,-4319.504085493076,-2901.312479555607,1.674999999999998,16.591342290242512,0.3066830502616035,2.1226248741149902,-0.222064508347706,0.0025151463547666334,-0.05341551300404526,68,-14.940221786499023,16.273109605757185,-3.1100505268813166
-2.778008091449738,-0.2960812747478485,2.613752841949463,0.01873332841432227,-9.919749222768893e-05,577.8560180664062,543.2654418945312,-26.704925537109375,-5064.735595703125,-4338.061585283266,-3035.8046762108797,1.699999999999998,16.603397793240017,0.31107329659991795,2.240675926208496,-0.16749200997521102,0.012928426303452199,-0.05026733202281375,69,-15.219741821289062,15.945086496291662,-3.3576279156882083
-2.17019000351429,-0.5725710839033127,2.2817301750183105,0.01846322562313939,-0.02053010494514989,521.4608764648438,496.2928466796875,680.0467758178711,-4662.8800048828125,-4338.729208421692,-3162.423066103457,1.7249999999999979,16.614486906263565,0.30679189496570164,2.3180761337280273,-0.1103666220265229,0.022931156888505687,-0.046616017493828224,70,-15.419038772583008,15.565635167708757,-3.521259801702554
-1.4985462725162506,-0.8593378067016602,1.9146825075149536,0.017715341329423286,-0.038470102637872775,459.7289276123047,444.4756622314453,1407.1290893554688,-4162.7694091796875,-4321.728039026244,-3278.9950662255264,1.7499999999999978,16.624310811360676,0.294536120361752,2.358588218688965,-0.05185434300590559,0.032775381014874976,-0.042430252307145026,71,-15.5353422164917,15.163571822813632,-3.6234289714790133
-0.7437336549162865,-1.1684924364089966,1.5214123129844666,0.016571395047341963,-0.05203345723397024,399.7347717285156,392.5808410644531,2180.7969360351562,-3555.21044921875,-4286.549811792355,-3383.0643014550174,1.7749999999999977,16.63259612189399,0.2756505542331272,2.366053581237793,0.007235083594526624,0.042727300879013545,-0.037664196802501174,72,-15.567294120788574,14.754117990117374,-3.695310800317273
0.06868360051885247,-1.4810836911201477,1.1115328669548035,0.015136995678279268,-0.06200223511586847,338.78179931640625,340.2694854736328,2978.2188720703125,-2863.72216796875,-4232.029888391475,-3471.9445626854845,1.7999999999999976,16.639074749416775,0.2518848246998257,2.341681957244873,0.0662061181203426,0.052501892705552965,-0.03226305227927908,73,-15.514594078063965,14.345240288844508,-3.770930466198139
0.8997397810220719,-1.79380601644516,0.6930263340473175,0.013486622267189555,-0.06973015851635757,284.48690032958984,293.4964599609375,3745.5916748046875,-2106.1533813476562,-4157.574416589715,-3543.5376168847015,1.8249999999999975,16.643539004855686,0.2244787249300215,2.2745206356048584,0.12404719732247589,0.06199335305751413,-0.02618165110927208,74,-15.378137588500977,13.945811705072698,-3.8840244407826745
1.7287716060876848,-2.1155730485916138,0.27176253497600555,0.01166760105917867,-0.07534197572656175,235.06214141845703,250.37345123291016,4462.5643310546875,-1300.0567626953125,-4063.934624719596,-3596.191451418391,1.8499999999999974,16.645877626207138,0.19422627157635158,2.167175531387329,0.17964348139702457,0.07126584539181655,-0.019410110468122462,75,-15.160353660583496,13.573506937065757,-4.064465972889993
2.5477011263370515,-2.460762143135071,-0.1461527580395341,0.009734811898053664,-0.07846337529408115,195.3664207458496,212.64198303222656,5124.276123046875,-455.8634490966797,-3952.3705164432267,-3628.6928704857714,1.8749999999999973,16.646014319525825,0.16205093926853603,2.024446964263916,0.23206537732073967,0.08051122549786519,-0.011984889655331791,76,-14.86512279510498,13.260194210538888,-4.331555156558175
3.363579320907593,-2.8353205919265747,-0.5530172139406204,0.007770565186849396,-0.0778236507107305,166.6543312072754,183.81549453735352,5739.607421875,430.1693935394287,-3824.263613367053,-3640.089456713186,1.8999999999999972,16.643951204087998,0.12933551437324947,1.8453090190887451,0.28050766169327895,0.08979428101096004,-0.003982581339895338,77,-14.49753189086914,13.051415997809688,-4.683494595329704
4.1827841103076935,-3.2475520372390747,-0.9376224279403687,0.0058888197732346916,-0.07206862617409651,149.1334171295166,163.20025634765625,6314.04931640625,1364.0355224609375,-3680.7734278201765,-3629.3352218746973,1.9249999999999972,16.6397221883138,0.0979894565211402,1.6277127265930176,0.324013627182545,0.09927477662937066,0.004494204493846958,78,-14.063918113708496,12.99601081878087,-5.086099815648718
4.979695749282837,-3.7036736011505127,-1.2898253202438354,0.004218345217550034,-0.062042411397625834,143.34782218933105,149.06193161010742,6854.895263671875,2291.380859375,-3522.922194910019,-3595.2343338131714,1.949999999999997,16.63336435953776,0.07016569375991821,1.3990620374679565,0.3619631733734698,0.10913248404905578,0.013329416700280018,79,-13.571802139282227,13.124581009578407,-5.468542845069375
5.671636235713959,-4.216286659240723,-1.6094668507575989,0.0027903954316780503,-0.05278202188212107,149.47902297973633,145.3833351135254,7312.28759765625,3110.1953125,-3351.5498133182205,-3537.949812328794,1.974999999999997,16.625019709269207,0.046390497850047216,1.1862268447875977,0.3942112911446984,0.11954730812402865,0.022382033877677364,80,-13.029224395751953,13.422913742399862,-5.735906966542215
6.244091510772706,-4.7915685176849365,-1.9061657190322876,0.0015665214174922094,-0.045880577236424434,166.26483535766602,149.80670166015625,7706.563720703125,3773.54736328125,-3168.742623376813,-3460.1949295162917,1.999999999999997,16.614865197075737,0.026027564373281267,1.0203869342803955,0.4216857259514736,0.13062161826987842,0.031459751348348705,81,-12.443674087524414,13.815204409524595,-5.802435866176784
6.722018337249756,-5.429969549179077,-2.189719080924988,0.0004905883750384879,-0.041002993538755104,194.01677322387695,165.03081893920898,8047.107177734375,4317.4678955078125,-2976.078530359234,-3365.8562454342587,2.024999999999997,16.603060828314888,0.008145269109970994,0.8883076906204224,0.4455586015685665,0.1423820835482087,0.04032989621799439,82,-11.821011543273926,14.173728345921255,-5.63585984889787
7.095353984832764,-6.139673233032227,-2.465236186981201,-0.0005106378298612976,-0.0392839771505686,232.0136375427246,188.70878982543945,8288.8359375,4767.90478515625,-2774.900850915874,-3257.919548046562,2.0499999999999967,16.589861975775825,-0.008471411549382739,0.7635133862495422,0.46620695502730514,0.1548970057186016,0.048744644702425725,83,-11.165950775146484,14.361432824969574,-5.290672406551234
7.379956877231598,-6.928865671157837,-2.735206365585327,-0.0014953168383293298,-0.03993871946575378,280.43143463134766,221.9574737548828,8449.55859375,5135.773742675781,-2567.6799524783733,-3138.7219284176545,2.0749999999999966,16.57552719116211,-0.02478568297293451,0.647159993648529,0.4837965015265196,0.16829154919110165,0.05645770433508083,84,-10.482965469360352,14.295349185059756,-4.905604677430022
7.6025326490402225,-7.801182508468628,-3.000259280204773,-0.002514571525489353,-0.04147960782771682,338.83031463623047,262.86898040771484,8553.464477539062,5445.664794921875,-2356.440987634623,-3010.3275848507587,2.0999999999999965,16.560306549072266,-0.04164216419061025,0.5384474992752075,0.49862980945555657,0.18263347060950538,0.06324377168773898,85,-9.776214599609375,13.999827956141486,-4.653140552791723
7.7635264039039615,-8.75519323348999,-3.2567750215530396,-0.0035794388280264637,-0.043970379171483866,406.85508728027344,311.13314056396484,8614.572631835938,5684.1795654296875,-2142.6043756961462,-2874.185964977711,2.1249999999999964,16.544402440388996,-0.05921992990705702,0.4480031728744507,0.5109193990694043,0.19796514752465863,0.06892535955731403,86,-9.049609184265137,13.612963450583257,-4.656482111333574
7.86790087223053,-9.786993026733398,-3.5033546686172485,-0.004721319599817027,-0.04756359933800284,483.72779846191406,367.545654296875,8619.833984375,5872.810241699219,-1927.2400599002478,-2732.0814758419683,2.1499999999999964,16.528039508395725,-0.07803474035527971,0.3637542724609375,0.5210621146599984,0.21428993385505926,0.07339192595262166,87,-8.30660629272461,13.329042064275324,-4.916942557230033
7.891085982322694,-10.89263105392456,-3.7383556365966797,-0.005986806416295494,-0.053960508115183964,568.5411376953125,432.72511291503906,8559.056274414062,5975.978698730469,-1711.744210290873,-2585.2612197994877,2.1749999999999963,16.511497497558594,-0.09885232481691572,0.2972842752933502,0.5293129539017137,0.23161242355358763,0.07661350198902007,88,-7.550361633300781,13.298340549892059,-5.299635080288832
7.845947682857514,-12.068761825561523,-3.960416316986084,-0.007442584415038528,-0.06270150215552842,658.9880676269531,508.6220703125,8425.336181640625,6023.5238037109375,-1497.767803430522,-2435.861752331226,2.199999999999996,16.49510595533583,-0.12276848985089196,0.23226147890090942,0.535949384890623,0.2499192092686309,0.07864538570983125,89,-6.783584117889404,13.539040315249778,-5.597228668807245
7.733198606967926,-13.312747955322266,-4.166524410247803,-0.009147619207502119,-0.0737545735916848,752.71484375,595.2161560058594,8211.983032226562,6022.7254638671875,-1287.1343988895073,-2285.2736572384524,2.224999999999996,16.4792357550727,-0.15074998140335083,0.16305233538150787,0.5409076914976463,0.2692043571443852,0.0796292572850474,90,-6.008841514587402,13.918009893524353,-5.643507398743639
7.599499869346619,-14.621206283569336,-4.35382866859436,-0.011129063073386113,-0.08417924304031256,848.4973754882812,691.6502380371094,7953.1212158203125,6025.178527832031,-1081.8348230838442,-2134.7055206417726,2.249999999999996,16.46421962314182,-0.18323890037006801,0.07737968116998672,0.5439543477846969,0.28944661182640036,0.07976958922973776,91,-5.228796005249023,14.220416197294817,-5.411680451233061
7.484369897842408,-15.987663745880127,-4.517114162445068,-0.01333202056442395,-0.0912557780441143,946.1865539550781,794.0802307128906,7701.7662353515625,6051.515075683594,-883.0067926883373,-1984.0760574459719,2.274999999999996,16.450247234768337,-0.21932802266544765,-0.016359807923436165,0.5446988011779149,0.31059194443406135,0.07930757239250105,92,-4.446500778198242,14.272638049281458,-5.0347229528933495
7.40821453332901,-17.398545742034912,-4.654982089996338,-0.015657188021172004,-0.09386440258849575,1045.0508422851562,898.6282043457031,7505.5091552734375,6093.630126953125,-690.462636804549,-1832.7881805538818,2.299999999999996,16.43726560804579,-0.257382376326455,-0.09896820783615112,0.5432361598177298,0.33249140103864877,0.07848562933394013,93,-3.6651670932769775,14.044918615272993,-4.730085472891916
7.372954380512238,-18.836607933044434,-4.767672538757324,-0.017990127539054424,-0.09219449239409679,1143.5862426757812,1002.0777587890625,7371.56103515625,6149.1640625,-502.82490792271363,-1680.4474273800533,2.3249999999999957,16.4250734117296,-0.2955210871166653,-0.16671115159988403,0.5398739189415047,0.35492958184224555,0.07751444938579388,94,-2.887634515762329,13.668929886280559,-4.672577425507456
7.361124670505524,-20.284579277038574,-4.85817813873291,-0.02024259798012442,-0.08770791483991074,1240.937744140625,1103.3294677734375,7285.6890869140625,6200.5223388671875,-318.53588204380776,-1526.718325817553,2.3499999999999956,16.413453420003254,-0.33229632510079277,-0.216752827167511,0.535044276304646,0.3776588128634744,0.07655395537152158,95,-2.116229295730591,13.359283850094492,-4.893828181108737
7.36025140285492,-21.72675132751465,-4.9306724071502686,-0.02235974238711556,-0.08151281957789798,1337.2801513671875,1203.7540283203125,7229.0390625,6242.9339599609375,-136.39365487095642,-1371.7052673458732,2.3749999999999956,16.402276357014973,-0.3668117854330275,-0.25336065888404846,0.5291343889506239,0.400424645704935,0.07570483142508504,96,-1.3527007102966309,13.289179623608351,-5.268235802257331
7.3611678957939155,-23.1479549407959,-4.98906135559082,-0.02430881428159288,-0.07447601560860885,1432.4490966796875,1303.0407104492188,7190.2093505859375,6270.5615234375,44.3323216915434,-1215.6319183468495,2.3999999999999955,16.391495598687065,-0.3985363245010376,-0.2776836156845093,0.5224837100498827,0.4229686705171056,0.07501430704394112,97,-0.5983203649520874,13.495559425262869,-5.588923265024146
7.357297480106355,-24.536499977111816,-5.036120414733887,-0.02607806662643561,-0.0671808184345548,1522.9243774414062,1400.5010986328125,7152.053955078125,6288.54931640625,224.08755545619167,-1058.867880260912,2.4249999999999954,16.381121741400825,-0.42728486988279557,-0.298243910074234,0.515275797980556,0.4450754875020693,0.0744886156895163,98,0.146027073264122,13.865415483064998,-5.683936324614579
7.355320799350739,-25.878790855407715,-5.073338031768799,-0.027660179889835226,-0.05934089662666025,1609.4454956054688,1495.410400390625,7126.7037353515625,6297.6397705078125,402.88890433314464,-901.6541473507557,2.4499999999999953,16.37117491828071,-0.45294516616397434,-0.31183987855911255,0.5076208743222594,0.4665092903900564,0.07410664348779328,99,0.8796241879463196,14.203585468002773,-5.5053599251536225
7.3526092886924745,-27.158411026000977,-5.100876569747925,-0.029040764679526907,-0.05129643988585842,1690.4959106445312,1587.6231689453125,7109.299072265625,6298.166259765625,581.0564977169336,-744.2131530880604,2.474999999999995,16.3616148630778,-0.4752874043252733,-0.3200944662094116,0.49971454825705947,0.48700825715639834,0.0738371981645045,100,1.6019904613494873,14.33795297492497,-5.14668826148086
7.34339120388031,-28.3613862991333,-5.119050979614258,-0.030223191558765274,-0.04348544666530486,1765.0426635742188,1674.8875732421875,7088.1380615234375,6290.6781005859375,758.7889745235741,-586.7589965939197,2.499999999999995,16.352481842041016,-0.4943747321764628,-0.32624179124832153,0.49163228711234613,0.5063332359352062,0.07364785573337827,101,2.3128414154052734,14.203930430041055,-4.787240832471729
7.328897297382356,-29.473543167114258,-5.127947092056274,-0.031213009473352867,-0.03587602561094587,1830.2594604492188,1752.3189697265625,7064.7142333984375,6277.3660888671875,935.9924260616599,-429.49204407927135,2.524999999999995,16.343758900960285,-0.5103036430146959,-0.33126401901245117,0.4834113751433805,0.5242355041254232,0.07350666658371205,102,3.0119664669036865,13.868590031329369,-4.5996659703329295
7.3113040208816535,-30.48110008239746,-5.127234697341919,-0.03201401342784304,-0.02836278420323618,1885.6221923828125,1819.0248413085938,7041.0003662109375,6260.734191894531,1112.6102818966208,-272.55789185759176,2.549999999999995,16.335373984442818,-0.523139602608151,-0.3354562222957611,0.475075281457269,0.5404761095982421,0.07338600874157464,103,3.6991970539093018,13.490109106466843,-4.66943314721909
7.222511100769044,-31.39567756652832,-5.12123966217041,-0.03267125245655018,-0.024480115876928422,1876.622802734375,1883.0756225585938,6903.2010498046875,6240.055236816406,1288.6352910518935,-116.03953706022855,2.574999999999995,16.327408684624565,-0.5336267418331571,-0.3927668035030365,0.4659374764145027,0.5551686028846411,0.07322505394319298,104,4.3741135597229,13.239363988623873,-4.962246471038548
7.149987244606018,-32.214022636413574,-5.1061718463897705,-0.033211749322160165,-0.018365248342754298,1875.101806640625,1951.1350708007812,6796.7835693359375,6214.132568359375,1461.2153172970102,39.96184386018146,2.5999999999999948,16.320186191134983,-0.5422213011317782,-0.4386621117591858,0.4554716860941685,0.5679520257883737,0.07293913863303775,105,5.035111904144287,13.223612837824634,-5.3481795501595055
7.120018100738526,-32.90130424499512,-5.077050447463989,-0.03355856363630494,-0.009040986653574267,1896.6344604492188,2014.8533325195312,6766.372802734375,6186.7020263671875,1631.1349065304084,195.3151580691657,2.6249999999999947,16.313663058810764,-0.5476687020725675,-0.4478170871734619,0.44431074415029626,0.5785551020629015,0.0724501739345208,106,5.680752754211426,13.446027633391953,-5.664992014645851
7.137046527862549,-33.4219970703125,-5.027475595474243,-0.033636057462837037,0.0029219157981562084,1945.370849609375,2063.7567749023438,6816.376220703125,6160.9781494140625,1800.294226598768,349.9827087283453,2.6499999999999946,16.30758285522461,-0.5487297309769524,-0.41833141446113586,0.4334107587037382,0.5866153921286217,0.07176421853912204,107,6.310715675354004,13.81412729132806,-5.787429438749028
7.187962412834168,-33.74398136138916,-4.955111026763916,-0.033397140704137906,0.015928279094790655,2010.672607421875,2092.757080078125,6922.6673583984375,6139.18212890625,1970.7036321163469,504.0071624636968,2.6749999999999945,16.30162239074707,-0.5446300903956095,-0.3601016700267792,0.42364188435116407,0.5917740183838892,0.0709686241305961,108,6.92592191696167,14.18527384940902,-5.671986663694049
7.246476018428803,-33.84650230407715,-4.862879991531372,-0.0328411246833944,0.027922796701641463,2071.6490478515625,2105.6685791015625,7042.8203125,6119.046142578125,2143.7703160763085,657.4867156863529,2.6999999999999944,16.295576095581055,-0.5353575282626681,-0.2921268343925476,0.41549014799151324,0.5937319910620723,0.07019567491371421,109,7.528235912322998,14.423989547269883,-5.364457237317204
7.284417891502381,-33.72218418121338,-4.757879734039307,-0.03201823079310054,0.037185144056666355,2108.967041015625,2113.02880859375,7130.4671630859375,6096.153076171875,2319.840823888809,810.4628692508059,2.7249999999999943,16.289517084757488,-0.5217398206392924,-0.2356596738100052,0.4089470607988112,0.5922631245628391,0.06957005676176257,110,8.119873046875,14.448302758420159,-4.975438661273576
7.286305785179139,-33.375139236450195,-4.64767599105835,-0.031004406977999402,0.0432525116160854,2113.5977783203125,2125.6058349609375,7152.0074462890625,6073.1119384765625,2498.1025029659577,962.8666961551025,2.7499999999999942,16.283879809909397,-0.505033897029029,-0.20856817066669464,0.40346770672451404,0.5872236914111094,0.06916191067995112,111,8.702707290649414,14.25251226169313,-4.637990620837372
7.247120308876038,-32.815890312194824,-4.5383172035217285,-0.029876327310350063,0.04652691394941905,2087.2833862304688,2149.64453125,7099.1373291015625,6046.218994140625,2676.902689123184,1114.6944946170165,2.774999999999994,16.2793583340115,-0.486512217256758,-0.213483989238739,0.3982524383618119,0.5785478116594174,0.0689637506889032,112,9.277689933776855,13.903530642993955,-4.462880654522329
7.174928236007691,-32.05352783203125,-4.433213710784912,-0.02869145781304939,0.048076981894764455,2039.1658325195312,2186.9217529296875,6990.9483642578125,6010.557373046875,2854.3811223507223,1265.849969470532,2.799999999999994,16.276688045925564,-0.46713007820977104,-0.23948518931865692,0.3926189538394264,0.5661989500665585,0.06889501616564395,113,9.84475040435791,13.514968338868385,-4.504667039428416
7.086623644828797,-31.08823871612549,-4.33253026008606,-0.027476093040672705,0.049190695056689576,1983.2931518554688,2235.7186279296875,6864.8782958984375,5960.0985107421875,3029.154831457167,1416.1139037967034,2.824999999999994,16.27645492553711,-0.4473259713914659,-0.2665233314037323,0.386278832811302,0.5501035201626626,0.06883205321180959,114,10.403149604797363,13.208566330245553,-4.74795504167757
7.0110553264617925,-29.909234046936035,-4.233079433441162,-0.026221043006864633,0.051454594203906294,1936.1773681640625,2291.3114013671875,6761.3720703125,5906.5537109375,3200.7767888546273,1565.1163665652577,2.849999999999994,16.279029846191406,-0.42695098453097874,-0.2800530791282654,0.37940351627261254,0.5301285802750642,0.06865242299628374,115,10.952081680297852,13.076143954747259,-5.116680900994116
6.96797548532486,-28.498461723327637,-4.129364490509033,-0.024885594636460596,0.05562711432535555,1911.8966674804688,2345.689208984375,6708.9490966796875,5855.8349609375,3369.8110906124393,1712.780209338695,2.874999999999994,16.284616258409287,-0.4053360554907057,-0.2682497501373291,0.3724894840295761,0.5061212316676791,0.0682799050164305,116,11.491178512573242,13.154312168769671,-5.501219790062252
6.963216030597687,-26.837846755981445,-4.0165241956710815,-0.023423317380330738,0.06143426191794943,1915.4083862304688,2390.5523681640625,6715.28759765625,5810.77197265625,3537.5348180294313,1859.1760833621322,2.8999999999999937,16.293341318766277,-0.38171390692392987,-0.22777850925922394,0.3662328531016257,0.4779687061130992,0.06771016331310008,117,12.020875930786133,13.41829279894601,-5.792444905662327
6.98710150718689,-24.990498542785645,-3.892756938934326,-0.021808938255849127,0.06757710928832619,1941.2142944335938,2420.5660400390625,6771.5701904296875,5766.3756103515625,3705.417007970838,2004.4453826785382,2.9249999999999936,16.305280261569553,-0.3556572397549947,-0.16136445105075836,0.36130237652799385,0.44674339200327234,0.06700848278370225,118,12.542524337768555,13.793577999257057,-5.9114987778191255
7.035706007480622,-23.11362648010254,-3.761197566986084,-0.02004235323328568,0.07329854886690076,1975.744384765625,2438.07861328125,6885.6416015625,5716.1124267578125,3874.706262731581,2148.6047729373267,2.9499999999999935,16.320325003729927,-0.32714151673846775,-0.0728394091129303,0.3583790578889275,0.41542403501745206,0.0662884763770533,119,13.058392524719238,14.178966856323118,-5.828033879874832
7.080374670028687,-21.21750831604004,-3.6274685859680176,-0.018162261372230617,0.07661587386686593,2000.5856323242188,2448.611328125,6994.2247314453125,5672.07421875,4046.847302770644,2291.507583606272,2.9749999999999934,16.338314480251736,-0.29677334758970475,0.007053172215819359,0.35758114153682613,0.3842101392107989,0.0656735358365972,120,13.571414947509766,14.473312388145326,-5.564846158369172
7.103627538681031,-19.31343936920166,-3.4989609718322754,-0.01623792566697201,0.07678110636774853,2009.3176879882812,2455.1334228515625,7066.753173828125,5632.622802734375,4221.702921056777,2433.3094390750216,2.9999999999999933,16.35924021402995,-0.2656634814209408,0.06537052989006042,0.35854700348517066,0.3531241916497672,0.065249323403272,121,14.084345817565918,14.600033673734076,-5.190397607535649
7.092001688480377,-17.415574073791504,-3.3825520277023315,-0.014351629472814901,0.07357148958912026,2001.4393920898438,2460.439697265625,7084.6761474609375,5590.809326171875,4398.371750402481,2574.125009143381,3.0249999999999932,16.38316896226671,-0.23514131704966226,0.09715990722179413,0.36062270452829204,0.3221851840018807,0.06503519276806202,122,14.599261283874512,14.525477152641113,-4.801745809845619
7.05003343820572,-15.534700870513916,-3.283719539642334,-0.01258211705364697,0.06781388095399106,1982.911376953125,2463.2274169921875,7054.3243408203125,5547.5938720703125,4575.488654089004,2713.895242297677,3.049999999999993,16.4101505279541,-0.2064853244357639,0.10611263662576675,0.36320370709874233,0.2913688398893275,0.06497884610506083,123,15.117393493652344,14.267862082779612,-4.500758388305743
6.997688782215119,-13.674540519714355,-3.203036069869995,-0.010971207320663567,0.06117941820757486,1964.3285522460938,2460.8477783203125,7004.5421142578125,5509.4903564453125,4751.846762609512,2852.5850890994348,3.074999999999993,16.440166897243923,-0.18037572503089905,0.10289366543292999,0.36582855195863806,0.2606233774736625,0.06497946196106291,124,15.639233589172363,13.894054029519983,-4.368030444967791
6.955422043800355,-11.8316969871521,-3.137310028076172,-0.00952153430663035,0.05508107891691604,1956.8807983398438,2448.7900390625,6967.6201171875,5480.5106201171875,4926.960315465956,2990.3223480105676,3.099999999999993,16.473142835828995,-0.15685434142748514,0.10030192881822586,0.36835519275333706,0.22989275385869623,0.06492958178608356,125,16.164846420288086,13.50353296681387,-4.4407482449444515
6.936630141735077,-9.99767541885376,-3.0814220905303955,-0.008208869487411398,0.0502307593309064,1972.90576171875,2421.130126953125,6966.4949951171875,5461.0484619140625,5101.150818395644,3127.335113513497,3.124999999999993,16.50899993048774,-0.13552327122953203,0.10802451521158218,0.3709363950608691,0.1991262691151764,0.0647549158692772,126,16.69426727294922,13.202595264098507,-4.700998401229506
6.930849635601044,-8.164862632751465,-3.030544400215149,-0.007007751586569337,0.04583103411777055,2014.3794555664062,2372.0057373046875,6985.4234619140625,5448.7509765625,5275.313193273574,3263.8613250613485,3.149999999999993,16.54772228664822,-0.11596422228548262,0.12162365764379501,0.3738119432478822,0.1683085018759157,0.06443756277469143,127,17.227785110473633,13.075329562167243,-5.078672402786418
6.886183893680573,-6.3350584506988525,-2.9824286699295044,-0.005938913729309351,0.03896946614820865,2067.9921875,2299.577392578125,6932.22900390625,5443.81591796875,5449.948779821425,3400.080099475411,3.1749999999999927,16.589315202501083,-0.09852367142836253,0.10688749700784683,0.37679977696435574,0.13747299964827076,0.06400942633994756,128,17.7657413482666,13.159293519082484,-5.469012658281222
6.689585936069489,-4.529618501663208,-2.9377931356430054,-0.005129600920277588,0.024414158947462326,2113.958984375,2208.1484375,6605.6279296875,5443.2615966796875,5623.2545049190785,3536.1754974246296,3.1999999999999926,16.633792453342014,-0.0853254646062851,-0.012661182321608067,0.3782763999202638,0.10668117326250313,0.06350772008009026,129,18.30726432800293,13.432785431455523,-5.76107125265743
6.197527360916138,-2.789053201675415,-2.896318554878235,-0.004811952381258387,-0.0021680374414299874,2153.5797729492188,2105.5771484375,5740.6973876953125,5449.486083984375,5788.39520316126,3672.257037341622,3.2249999999999925,16.68110423617893,-0.08026930193106334,-0.3402844965457916,0.3745346918782161,0.07597458883756406,0.06290150555339337,130,18.84769058227539,13.818837956053834,-5.870685898575462
5.256464934349061,-1.20850670337677,-2.853558659553528,-0.0053674799824191596,-0.04321620107909785,2138.5340576171875,2006.0535278320312,4063.7159423828125,5457.42724609375,5931.91263785363,3808.4941894412314,3.2499999999999925,16.730798085530598,-0.08980308969815572,-0.975608229637146,0.3586942097144248,0.0457586044584988,0.062010474270490896,131,19.374799728393555,14.208856332715776,-5.768184145977005
4.040361458063126,0.04228312522172928,-2.790323853492737,-0.006976445399747345,-0.08225795540614533,2066.2989501953125,1900.1641235351562,1907.2152862548828,5443.7667236328125,6033.505536413184,3944.929870593575,3.2749999999999924,16.781334347195095,-0.11707596480846405,-1.757912039756775,0.32451959450014645,0.01817530513993685,0.060482993260140734,132,19.866260528564453,14.501980798932959,-5.486678988547379
2.77521071434021,1.0382044613361359,-2.679026246070862,-0.009350554163160758,-0.1046828953056974,1887.992431640625,1777.4676513671875,-260.4262390136719,5346.3687744140625,6081.185918569538,4081.0240386843943,3.2999999999999923,16.829822328355576,-0.1573727528254191,-2.494019031524658,0.2712396780074782,-0.007502229600706271,0.057943506874371255,133,20.29465103149414,14.641924625228532,-5.100601582934338
1.414888107776642,1.940798282623291,-2.4967695474624634,-0.01211256326246587,-0.11436455113257146,1696.0529174804688,1631.1934814453125,-2487.7898559570312,5124.415283203125,6074.675262594179,4214.683258044744,3.324999999999992,16.873605516221787,-0.20439260535769993,-3.20650053024292,0.199944991413294,-0.03340890334571819,0.05411665257884667,134,20.63351821899414,14.628126621748494,-4.685448652940167
-0.08649037033319473,2.988679051399231,-2.231597661972046,-0.01501291005653569,-0.11435813457882005,1443.0573120117188,1460.8424072265625,-4818.97509765625,4734.0648193359375,6012.4805161952345,4342.79364012482,3.349999999999992,16.910249922010635,-0.2538911501566569,-3.909505605697632,0.1107061584207512,-0.06375050882534301,0.048771646659165606,135,20.857318878173828,14.49942413708257,-4.285902038523404
-1.1706011936068537,3.9905463457107544,-1.8650026321411133,-0.01747709660278048,-0.0773918940413798,1194.708984375,1263.17431640625,-6234.346435546875,4167.688720703125,5892.006138753817,4461.145260608214,3.374999999999992,16.937937206692165,-0.2960561381445991,-4.200229167938232,0.00822105084865526,-0.09403348835058056,0.041714598504402685,136,20.942655563354492,14.310428635130076,-3.9077003073946845
-1.9186115235090258,5.060837745666504,-1.3894429802894592,-0.018658144047797972,-0.01745915355493607,969.4510803222656,1044.5345764160156,-6862.571533203125,3409.8958740234375,5736.14747786514,4565.337478625786,3.399999999999992,16.956730948554146,-0.316417846414778,-4.0785064697265625,-0.09598216493208359,-0.12402115243925275,0.033028773510514906,137,20.878934860229492,14.117728455418401,-3.530547988336988
-2.6409512162208557,6.263007164001465,-0.8287796378135681,-0.018365986953837874,0.03798247784227927,757.8584289550781,814.6872863769531,-7287.735595703125,2476.7531127929688,5564.583189535058,4650.584875476365,3.424999999999992,16.966800689697266,-0.3116470906469557,-3.7801401615142822,-0.1944944161235265,-0.15401929440233872,0.023035962680373313,138,20.669876098632812,13.978847587305413,-3.132258655283653
-3.3772753119468693,7.602870225906372,-0.21817819960415363,-0.016814459471379432,0.08351999415722025,576.5992279052734,593.7196044921875,-7602.772216796875,1392.8963623046875,5382.389799642478,4712.50370329618,3.4499999999999917,16.96820788913303,-0.2853381302621629,-3.353468656539917,-0.2839132788057587,-0.1840676577579187,0.01208322999947487,139,20.3260555267334,13.953771543344295,-2.7149554384565557
-4.110248571634293,9.081318855285645,0.40879515558481216,-0.014267948998234869,0.1174441141038414,432.10791015625,386.67906188964844,-7798.610107421875,186.50951385498047,5192.320494222554,4747.326112353787,3.4749999999999917,16.96130434672038,-0.2420194447040558,-2.819530725479126,-0.36126945319901776,-0.2142001853263236,0.000504263213094827,140,19.862491607666016,14.092095541363673,-2.3258600273005756
-4.87529119849205,10.689432621002197,1.0176882445812225,-0.01106431496938356,0.13532400341852335,334.04654693603516,215.5069694519043,-7920.6650390625,-1155.736801147461,4997.355241537006,4751.98885020015,3.4999999999999916,16.946758694118923,-0.18751192424032423,-2.1940510272979736,-0.42411779123796123,-0.24442940228705518,-0.011364945284858775,141,19.297931671142578,14.398808946791686,-2.05787053753792
-5.679313397407532,12.408350944519043,1.5669334530830383,-0.007657943641360768,0.134608595125944,282.0798797607422,82.62813377380371,-8013.014892578125,-2598.4896850585938,4799.338615560442,4723.095430171452,3.5249999999999915,16.925430297851562,-0.1296165254380968,-1.5139843225479126,-0.470451001829969,-0.2747678338196152,-0.023216219154874245,142,18.65433692932129,14.797955089539606,-2.010781647237263
-6.346709513664246,14.216004848480225,2.037352979183197,-0.004400705173193209,0.12592614901768925,271.0789031982422,-3.4000625610351562,-8084.17919921875,-3808.7823486328125,4599.013243245989,4658.133188044976,3.5499999999999914,16.898296144273544,-0.07436489893330468,-0.9410566091537476,-0.5007556112166851,-0.3052290204336711,-0.034780577989028415,143,17.955120086669922,15.136685549902213,-2.21872115623502
-6.800299334526063,16.094248294830322,2.4491965770721436,-0.0013595337236239308,0.1177575431970085,294.6208190917969,-46.249610900878906,-8141.0355224609375,-4636.713317871094,4396.908763265519,4562.9136293291485,3.5749999999999913,16.86643494500054,-0.022930500821934804,-0.5461347103118896,-0.5189863137483361,-0.3358231986546628,-0.045763830912138086,144,17.220308303833008,15.25557867135935,-2.5944846449225376
-7.077765965461731,18.028398513793945,2.8257133960723877,0.0015109820251964477,0.11221907526889,348.2514114379883,-50.21635437011719,-8183.0283203125,-5150.2987060546875,4193.382875203995,4446.995796382366,3.599999999999991,16.830860773722332,0.025431147466103237,-0.2956480383872986,-0.5292448102673214,-0.366549869139886,-0.05582541579683637,145,16.46401023864746,15.090127391713462,-2.9495048774880477
-7.275522243976593,20.003864288330078,3.1786051988601685,0.004237925173197271,0.10603346751826064,429.9022674560547,-23.33901596069336,-8226.82177734375,-5508.90673828125,3988.8071671961825,4318.238328730996,3.624999999999991,16.792449951171875,0.07116556995444828,-0.12684591114521027,-0.5343554829782107,-0.39739529996496986,-0.06462736293663002,146,15.69543170928955,14.72737825878507,-3.0923305958423195
-7.425153589248658,22.002357482910156,3.510461688041687,0.0068026985856062434,0.09907177301409016,540.795166015625,28.488731384277344,-8293.552368164062,-5749.098205566406,3783.136622762588,4180.515660273963,3.649999999999991,16.751902898152668,0.1139599084854126,-0.03385519981384277,-0.536247126300494,-0.42831233653386325,-0.07190319393613215,147,14.920818328857422,14.368660502232503,-2.94326951555392
-7.514612996578217,24.01174259185791,3.821333646774292,0.009205709408779471,0.09366004658672421,676.7836608886719,100.13629078865051,-8365.05224609375,-5866.154937744141,3575.797813558486,4036.7882051348015,3.674999999999991,16.709773805406357,0.1538296706146664,-0.01180957816541195,-0.5366979661835307,-0.45935297706684997,-0.07749543275113503,148,14.143966674804688,14.216499945276407,-2.5870950423564376
-7.563213992118836,26.018444061279297,4.11271595954895,0.011497747557685858,0.09024548291745751,834.9068603515625,191.27416229248047,-8446.532104492188,-5890.493438720703,3366.6715074061412,3890.134331691198,3.699999999999991,16.666571299235027,0.19163646631770664,-0.04505382478237152,-0.5372847271507024,-0.4904772907923356,-0.08137074825612066,149,13.366443634033203,14.356573825481075,-2.2271130401653725
-7.54694551229477,28.01768207550049,4.385519027709961,0.013758648568081637,0.09130346527238353,1006.5970153808594,309.65565490722656,-8474.633666992188,-5837.3858642578125,3155.5082047938363,3742.871995723181,3.7249999999999908,16.622841093275284,0.22872226105795967,-0.09795891493558884,-0.5391243056736746,-0.5217335974393482,-0.08362619602806558,150,12.5879545211792,14.707666207644936,-2.0686424696233936
-7.466816341876984,30.011775016784668,4.636611700057983,0.016099090710097515,0.09657822199593534,1181.9481811523438,463.953369140625,-8362.86865234375,-5786.554626464844,2943.642363119033,3596.937349116736,3.7499999999999907,16.579688390096027,0.2669409579700894,-0.10525396466255188,-0.5417887650547853,-0.5531265408950388,-0.08447001861945717,151,11.807499885559082,15.068018230363672,-2.201484989290512
-7.344387137889862,32.00449275970459,4.859809875488281,0.018605386410484582,0.10360004568409277,1354.484130859375,652.5838012695312,-8092.212890625,-5791.6300048828125,2734.5706468104418,3452.273483455115,3.7749999999999906,16.538622114393448,0.30774298641416764,-0.03725099563598633,-0.543732972519084,-0.5846413073258436,-0.08419230917441076,152,11.025267601013184,15.23067761247413,-2.548197784880824
-7.2234258413314825,33.99654483795166,5.045917510986328,0.021263489575087273,0.10840177506377607,1523.1592407226562,861.2308654785156,-7746.2698974609375,-5855.60986328125,2532.26532454482,3307.482733333044,3.7999999999999905,16.500882042778862,0.3509192334281074,0.08159156888723373,-0.5432172513739902,-0.6162311083203615,-0.08312843457557295,153,10.243534088134766,15.102960701024953,-2.9083535069918898
-7.084077441692353,35.98545837402344,5.189265012741089,0.024012726944430313,0.11201853923880703,1693.3414306640625,1034.7299499511719,-7425.7117919921875,-5851.978088378906,2338.6085771083,3161.092486751013,3.8249999999999904,16.466799841986763,0.39548877212736344,0.15389855206012726,-0.5400352066350227,-0.6478105396313848,-0.08159550240736653,154,9.465926170349121,14.759803616877809,-3.0753885672189023
-7.018791484832764,37.96787071228027,5.322705507278442,0.026805575657218004,0.11008809698839266,1867.6961669921875,1244.5720825195312,-7198.40087890625,-5892.312805175781,2152.965782308497,3014.79303454154,3.8499999999999903,16.43585417005751,0.44067806667751735,0.22128522396087646,-0.5354475454727112,-0.6793681663109832,-0.07983814066067209,155,8.694818496704102,14.397572669841196,-2.955899323124404
-7.0556147575378425,39.934017181396484,5.425053834915161,0.029446501432789682,0.10016980265390824,2030.2939453125,1468.4706420898438,-7068.1295166015625,-6038.741394042969,1973.0057603358423,2867.4852144121437,3.8749999999999902,16.40790621439616,0.48329515589608085,0.322439044713974,-0.5286957663190879,-0.7108761250362515,-0.07805275746588296,156,7.932309627532959,14.218727900518203,-2.6190060323265794
-7.114517390727998,41.38500785827637,5.475621700286865,0.031746349093533265,0.08846729857999001,2150.377685546875,1639.1820068359375,-6993.716552734375,-6183.864990234375,1796.302522420804,2716.516679561068,3.89999999999999,16.382328669230144,0.5202538768450419,0.41329649090766907,-0.5194362548145051,-0.735536663835249,-0.07644413326606944,157,7.18152379989624,14.319128368984462,-2.2507605996237423
-7.12351233959198,41.53207588195801,5.49950385093689,0.03376000056385041,0.07470817667663651,2194.2307739257812,1755.812255859375,-6924.7137451171875,-6221.221435546875,1621.4596086024453,2561.920054805208,3.92499999999999,16.35864045884874,0.5524776379267374,0.4344107210636139,-0.5087415657984784,-0.7353970809046152,-0.07511771259564186,158,6.445262432098389,14.642288754437477,-2.0466998675702412
-7.12771921157837,41.66696548461914,5.512404203414917,0.03547972643479606,0.06308046997864669,2247.0673828125,1858.5846557617188,-6891.003173828125,-6216.3853759765625,1448.341764974516,2406.3895189165364,3.94999999999999,16.337305704752605,0.5798865026897855,0.4285668730735779,-0.49793489085861403,-0.7354377939797798,-0.07408765182026965,159,5.724399566650391,15.01997524689795,-2.109007946086145
-7.138284289836884,41.786376953125,5.514910697937012,0.03690698936437519,0.051327278459043696,2290.4855346679688,1943.8740234375,-6882.37890625,-6209.4949951171875,1276.066685628813,2250.9798845171226,3.97499999999999,16.317868762546116,0.6025169955359565,0.41982361674308777,-0.4873309490567319,-0.7354638263794353,-0.07332160185508675,160,5.018771648406982,15.265674535330826,-2.4033315069243613
-7.150982010364533,41.8906192779541,5.5066375732421875,0.03804122135026153,0.03968988451258871,2323.0826416015625,2010.7168579101562,-6886.4471435546875,-6203.860778808594,1104.007212972563,2095.742509639193,3.99999999999999,16.299865510728623,0.6203660700056288,0.4118167757987976,-0.4769369975068025,-0.7354776082380765,-0.07277199198512166,161,4.328085899353027,15.265177058242706,-2.787328617018003
-7.160848474502564,41.980417251586914,5.487571477890015,0.0388889679430718,0.02843881537176334,2346.9041748046875,2063.7319946289062,-6894.2646484375,-6196.246154785156,931.8460343836956,1940.6459901689782,4.02499999999999,16.282955805460613,0.6335467762417264,0.4041661024093628,-0.4667377896115852,-0.7354858973269693,-0.07238995320437139,162,3.6520707607269287,15.022259208428814,-3.0854795450459465
-7.164857327938081,42.05628776550293,5.4577956199646,0.03946229243030622,0.01774739288926131,2364.6365966796875,2108.4183349609375,-6900.13720703125,-6183.879333496094,759.4894181727581,1785.7398362993495,4.04999999999999,16.266957388983833,0.6422648164961073,0.3960683345794678,-0.4567342241879478,-0.7354901916742271,-0.0721289384504084,163,2.9904673099517822,14.646312266244319,-3.1691605499082685
-7.162189042568207,42.11867332458496,5.417572498321533,0.0397762042214209,0.00767735090765607,2378.785888671875,2149.625244140625,-6901.198974609375,-6165.8868408203125,586.9859879969767,1631.1428529619473,4.07499999999999,16.251813040839302,0.646776556968689,0.387088418006897,-0.44694397796762575,-0.7354918228603948,-0.07194735247595703,164,2.3430018424987793,14.296552978353631,-3.0065960403888976
-7.152411949634552,42.16782188415527,5.36702299118042,0.039846657315821106,-0.0017143223066909163,2391.36376953125,2190.7413330078125,-6896.6805419921875,-6140.774169921875,414.4560136317424,1476.9956819414397,4.099999999999991,16.23755349053277,0.6473548544777764,0.3762405812740326,-0.43739764401364134,-0.7354909906225542,-0.0718107822463064,165,1.7093664407730103,14.11297180566555,-2.6668011141512897
-7.136749792099,42.20400428771973,5.306731224060059,0.039691087096268445,-0.010445039510074968,2403.8094482421875,2234.0374755859375,-6887.1451416015625,-6109.3736572265625,242.0390000819378,1323.4763276933932,4.124999999999991,16.224261389838325,0.6442969375186496,0.36338359117507935,-0.42815204752575414,-0.7354887935146548,-0.07169270434147501,166,1.0891857147216797,14.163724190211461,-2.2834300333504647
-7.069412970542908,42.24556350708008,5.239924192428589,0.03934535469131652,-0.016145967546769415,2368.4100952148438,2284.9691162109375,-6797.8236083984375,-6073.0545654296875,69.8603715418995,1170.7419862627294,4.1499999999999915,16.212139129638672,0.6382017003165351,0.39263197779655457,-0.4188846796959555,-0.7357698235886855,-0.07155382049062738,167,0.48211050033569336,14.426380900945333,-1.9989373560452115
-6.982815778255463,42.2919864654541,5.166761875152588,0.03888198130639955,-0.021263535348168508,2319.5184936523438,2357.22705078125,-6681.1568603515625,-6027.947326660156,-100.08521866806043,1018.9156221269875,4.174999999999992,16.201841566297745,0.6302773952484131,0.42655569314956665,-0.40862867989049223,-0.7360120048003145,-0.07131839705026437,168,-0.1111237183213234,14.80438284804889,-1.9125385650490279
-6.930938422679902,42.11910057067871,5.083861827850342,0.03823664744000291,-0.028374425130032268,2298.721923828125,2443.5731201171875,-6623.483154296875,-5978.45947265625,-267.11414017684905,868.216938960484,4.199999999999992,16.193648444281685,0.6194927295049032,0.43706557154655457,-0.3977895809643561,-0.7335083004805037,-0.07089925710657793,169,-0.6893640160560608,15.16765373883593,-2.049941042006545
-6.923786973953248,41.059730529785156,4.9862775802612305,0.037380574307596934,-0.03963805273987304,2287.518310546875,2536.6021728515625,-6625.84521484375,-5931.820007324219,-432.70121903427093,718.755452144078,4.2249999999999925,16.187796062893337,0.6053911315070258,0.4045933187007904,-0.38719632509634794,-0.7144990893831953,-0.07025250011347378,170,-1.2523185014724731,15.399323210437627,-2.3625170935101667
-6.961029648780824,39.87320518493652,4.868788480758667,0.03623799913735808,-0.05159430197021617,2323.4268798828125,2622.3726806640625,-6686.4755859375,-5894.258117675781,-598.3473494053652,570.4599519609728,4.249999999999993,16.184874640570747,0.5867643488778008,0.33978959918022156,-0.37784177203036284,-0.6939267025945512,-0.06942298369056295,171,-1.8009841442108154,15.430851108467591,-2.75096776192868
-7.018432247638703,38.54302406311035,4.7324395179748535,0.03480030202585181,-0.06293774118897526,2376.4873046875,2688.885009765625,-6777.9412841796875,-5860.165832519531,-765.5092390538034,423.1034990190785,4.274999999999993,16.184732649061417,0.5634610520468818,0.25657907128334045,-0.37038388900321856,-0.6714902694904198,-0.06853393729491043,172,-2.3375048637390137,15.256549686142863,-3.1002049688110067
-7.073046231269837,37.067657470703125,4.582769870758057,0.03310364162665976,-0.07211174441662058,2417.8719482421875,2740.3084716796875,-6858.6544189453125,-5836.580322265625,-934.9577711582962,276.5993532060904,4.299999999999994,16.187302271525066,0.5360545052422417,0.18067879974842072,-0.364962159077008,-0.6471278216411862,-0.06772725331715782,173,-2.864619731903076,14.928469216166954,-3.3125685829947393
-7.098605811595918,35.45941734313965,4.427297115325928,0.03121926374072535,-0.07787556570723023,2427.3284912109375,2786.33935546875,-6889.78515625,-5817.393798828125,-1106.4241316319292,130.6848451494499,4.324999999999994,16.19274351331923,0.5056898461447822,0.1310519278049469,-0.36113210066579693,-0.6208725986262061,-0.06711285373129813,174,-3.384870767593384,14.537700198037303,-3.331720660226425
-7.076208102703095,33.73738670349121,4.274000406265259,0.029240200075065614,-0.07973661596649122,2399.3829345703125,2834.8743896484375,-6850.6988525390625,-5788.1112060546875,-1278.668760538179,-14.749999821253056,4.349999999999994,16.201419830322266,0.47386782036887276,0.11347085982561111,-0.35813331469934045,-0.5927904471034317,-0.06672980794276068,175,-3.8999810218811035,14.18863785898932,-3.1541161478586313
-7.009609031677247,31.924859046936035,4.129454731941223,0.027256844142742726,-0.07860363233736585,2342.0218505859375,2888.454833984375,-6747.8631591796875,-5747.79443359375,-1449.9362318516548,-159.45277997262,4.374999999999995,16.21373176574707,0.4420446687274509,0.12456691265106201,-0.3552093968490288,-0.5630193188173289,-0.06653202245874106,176,-4.410653114318848,13.97204174436235,-2.827260825135235
-6.918892586231232,30.06108570098877,3.9953125715255737,0.025321812100637168,-0.07621315397577551,2272.429443359375,2944.540283203125,-6612.042236328125,-5701.120666503906,-1618.6328108311463,-303.14764081246346,4.399999999999995,16.229933632744682,0.4110591941409641,0.15129967033863068,-0.3517739523323402,-0.5320256331433116,-0.06640850171843182,177,-4.916664123535156,13.942659370159106,-2.4356891406834924
-6.830987536907196,28.21088695526123,3.868842363357544,0.023441520502500347,-0.07446103532747717,2213.1648559570312,2996.7330322265625,-6485.423583984375,-5652.377014160156,-1783.9338667393488,-445.6756574750609,4.424999999999995,16.250024371676975,0.3809950417942471,0.17539840936660767,-0.3476643618752117,-0.5009710775936294,-0.06622939997393479,178,-5.417266845703125,14.10676816414997,-2.0781863101162372
-6.763750016689301,26.366302490234375,3.745471954345703,0.021588728123213198,-0.07412234781584633,2183.580322265625,3035.529541015625,-6401.2490234375,-5596.5057373046875,-1946.0694563389577,-586.9850828290646,4.449999999999996,16.273807949490017,0.35138537486394245,0.1775040626525879,-0.343204898629874,-0.4698592141462398,-0.06589378758112516,179,-5.911794662475586,14.422713781888897,-1.8424645886970825
-6.746232676506043,24.51323413848877,3.619755744934082,0.019713771169634943,-0.07639369133054766,2198.3187255859375,3057.173828125,-6397.486572265625,-5546.40869140625,-2106.100681924895,-726.8977262616816,4.474999999999996,16.30105972290039,0.3213969866434733,0.1469152569770813,-0.3390541956234174,-0.4386510274911735,-0.06536259097338443,180,-6.400238513946533,14.813511827917383,-1.7843540410055956
-6.774883449077607,22.639288902282715,3.4878761768341064,0.0177550640415575,-0.0802348434721746,2245.3707885742188,3062.568359375,-6475.6214599609375,-5499.494384765625,-2266.037846231536,-865.5579435468376,4.4999999999999964,16.331508424546982,0.2899974584579468,0.08400397002696991,-0.33611759446841427,-0.40736287942437754,-0.0646766688674993,181,-6.8836517333984375,15.186831543137462,-1.916516787964753
-6.824740314483643,20.741207122802734,3.3510916233062744,0.0157041917741146,-0.08350938312475198,2305.1614990234375,3056.8643798828125,-6600.744384765625,-5450.02880859375,-2427.92838273056,-1003.0453031659781,4.524999999999997,16.36496967739529,0.2570197482903798,0.0003058746224269271,-0.3350323896137206,-0.37605757061330747,-0.06394007596068622,182,-7.3641557693481445,15.456388935025789,-2.207869927711005
-6.869750690460205,18.82558536529541,3.215875744819641,0.013601120509008848,-0.08424468190172285,2351.727294921875,3043.527099609375,-6737.9090576171875,-5391.6553955078125,-2592.946992349701,-1139.2960233808217,4.549999999999997,16.401294072469074,0.22308973802460563,-0.09017612040042877,-0.3361686938718302,-0.344834620058948,-0.0632760708383346,183,-7.844574928283691,15.560181705513523,-2.59184793621038
-6.897027599811555,16.904321670532227,3.089736580848694,0.011519124626920249,-0.08177213656666603,2370.2374267578125,3023.05712890625,-6846.9244384765625,-5341.9632568359375,-2761.394718790131,-1274.0874082685168,4.5749999999999975,16.440264383951824,0.18938582804467943,-0.1616528332233429,-0.33938136496333365,-0.31376425199029334,-0.06278283259850591,184,-8.327966690063477,15.473206012693325,-2.980757228922368
-6.892579483985902,14.991270542144775,2.9792096614837646,0.009542625294107016,-0.07589372444777732,2360.5875244140625,2994.09228515625,-6897.5125732421875,-5302.6868896484375,-2932.567829752045,-1407.6364896894152,4.599999999999998,16.48169411553277,0.15728341208563912,-0.2001313418149948,-0.3439755175808021,-0.2828622123472884,-0.0625020563570167,185,-8.816828727722168,15.21352976693576,-3.2839756945606933
-6.8537614226341255,13.098127365112305,2.888979196548462,0.007750293433497119,-0.06724581204872034,2332.9876708984375,2956.7950439453125,-6887.07080078125,-5268.134765625,-3105.0056440830995,-1540.203661930626,4.624999999999998,16.525438096788193,0.12807956172360313,-0.20784807205200195,-0.3491248727065248,-0.25209609378841846,-0.06240463459539024,186,-9.312603950500488,14.840455709223118,-3.4279796681718815
-6.790868628025056,11.231253147125244,2.8212530612945557,0.006198157897266354,-0.05705158925816849,2299.4937744140625,2911.091796875,-6835.7928466796875,-5234.8414306640625,-3277.1824141026304,-1671.907031071251,4.649999999999999,16.571375528971355,0.10271331502331628,-0.19609995186328888,-0.35421590460437474,-0.22141038604971208,-0.06240141383494692,187,-9.8157377243042,14.443363918588902,-3.3749437266267712
-6.723275375366211,9.39040994644165,2.7732266187667847,0.004901945379859748,-0.046939562437948425,2273.0950927734375,2853.7281494140625,-6765.4656982421875,-5214.8946533203125,-3448.0772352696226,-1802.7780668378525,4.674999999999999,16.61939303080241,0.08146800928645664,-0.17031647264957428,-0.3588204435500945,-0.1907436117218805,-0.06237708336167553,188,-10.325970649719238,14.121623597650272,-3.134941799094721
-6.653748083114625,7.57060432434082,2.7387865781784058,0.0038498003931629206,-0.0374531579308692,2272.8111572265625,2779.5263671875,-6676.3416748046875,-5211.123779296875,-3617.2138777256773,-1933.1504331708604,4.699999999999999,16.669467290242512,0.06417443768845664,-0.13064254820346832,-0.3626236373238094,-0.1600347095145552,-0.06223234887880812,189,-10.842496871948242,13.959319702734362,-2.766880267708495
-6.538031649589539,5.771294832229614,2.7109285593032837,0.003044875298071658,-0.02654943157521742,2306.8699951171875,2680.0809326171875,-6491.2474365234375,-5220.6219482421875,-3784.1224195957943,-2063.4285276532823,4.725,16.721749835544163,0.05091579837931527,-0.04971706494688988,-0.36501878453968584,-0.12926742582270834,-0.06190848352311927,190,-11.363858222961426,14.00141207072007,-2.365835434451096
-6.295750403404236,4.00820255279541,2.68403959274292,0.002568541369232515,-0.011463597718192097,2367.3370361328125,2546.9364013671875,-6078.78662109375,-5231.6961669921875,-3946.40360550888,-2193.944076359337,4.75,16.776399612426758,0.043090970979796514,0.11825414001941681,-0.3643274944997285,-0.09849017608271969,-0.06137358345698765,191,-11.886944770812988,14.238867416264089,-2.038413655400446
-5.7480229139328,2.3117674589157104,2.6522903442382812,0.002589557975452173,0.015407452170544424,2418.5318603515625,2388.0352783203125,-5115.4366455078125,-5245.341064453125,-4098.373271036224,-2324.7364805341417,4.775,16.83332125345866,0.04359095874759886,0.4911063015460968,-0.3572754772227123,-0.06774704393300847,-0.060579058474086935,192,-12.4052095413208,14.60926795805918,-1.8719250637329419
-4.76162942647934,0.8026223480701447,2.6091753244400024,0.0034499977557783034,0.05459807304133814,2381.0953369140625,2235.8658447265625,-3374.033935546875,-5245.588134765625,-4226.259187173919,-2455.87000714547,4.800000000000001,16.891340679592556,0.05827532046371036,1.1421171426773071,-0.3374117908896519,-0.037995463873485305,-0.0593727255628759,193,-12.904964447021484,15.016266038934392,-1.9070688844061474
-3.5295939266681673,-0.38167794793844223,2.5386128425598145,0.005296654981733914,0.08992669421259662,2285.344970703125,2113.654052734375,-1225.153284072876,-5201.6180419921875,-4310.61003556259,-2587.0097105146106,4.825000000000001,16.94872220357259,0.08977236847082774,1.8987510204315186,-0.29937232972242334,-0.011055458138238772,-0.05746249836961091,194,-13.363306999206543,15.3645327936998,-2.1272560544814043
-2.2167624771595005,-1.3319706916809082,2.416290521621704,0.007838973056756205,0.1107194908709584,2117.4832763671875,2017.9048461914062,991.3590393066406,-5069.3212890625,-4341.238867664414,-2717.0501615644152,4.850000000000001,17.003419664171005,0.1332920789718628,2.640113353729248,-0.24258830909121296,0.014155385189246436,-0.05452979208770203,195,-13.753347396850586,15.594538601984521,-2.4744516882609116
-0.7817006453871728,-2.3062509298324585,2.2232342958450317,0.010742727864783485,0.12005208118032874,1910.8677368164062,1897.8621215820312,3294.9844970703125,-4792.3314208984375,-4316.45489168175,-2843.7831937909777,4.875000000000002,17.053564919365776,0.18320884969499376,3.3663330078125,-0.16754825260848213,0.04160454753354436,-0.05031403721043102,196,-14.048644065856934,15.69680019902798,-2.8830385605102378
0.6253578439354897,-3.350334644317627,1.9457080364227295,0.013702029347187632,0.11039441877040061,1665.2174072265625,1738.8284301757812,5402.558349609375,-4353.7154541015625,-4234.080279254997,-2963.5914793134393,4.900000000000002,17.096283170912002,0.23426842358377245,3.979433536529541,-0.07489255064785406,0.07221261996528573,-0.044557102687952745,197,-14.223414421081543,15.702436010053344,-3.3083324264521545
1.5396015346050265,-4.37271523475647,1.5628604888916016,0.01590692283150228,0.06242600230194892,1421.4326171875,1540.8609008789062,6448.576904296875,-3732.1357421875,-4099.016320514766,-3072.4343656659794,4.9250000000000025,17.12999873691135,0.27250856161117554,4.100790977478027,0.027233375035636404,0.10231788342203094,-0.03712583878814165,198,-14.257303237915039,15.664664387226221,-3.734483759593149
2.235861921310425,-5.503173351287842,1.0797039270401,0.01669288200642811,0.0029403384230562916,1179.05517578125,1301.574951171875,6927.230712890625,-2920.9510498046875,-3937.8018979073463,-3165.737759220668,4.950000000000003,17.154707378811306,0.286388099193573,3.8906617164611816,0.12748374871549256,0.1323120264822926,-0.028208089914010803,199,-14.145519256591797,15.6441725714655,-4.1619299031999315
2.9556532204151154,-6.763381242752075,0.5262771993875504,0.016096473322088672,-0.04791914382709603,944.6395874023438,1039.0834655761719,7302.3642578125,-1941.900146484375,-3764.621130085082,-3238.7615354657873,4.975000000000003,17.170050938924152,0.27640114227930707,3.5466697216033936,0.22072382312068967,0.16232010952638512,-0.018145156804010663,200,-13.895064353942871,15.700770851234031,-4.583924147942057
3.6835948228836064,-8.158820152282715,-0.06266889721155167,0.014359745872355837,-0.08832926361173984,730.5115051269531,774.7951354980469,7576.570556640625,-829.3249053955078,-3582.0620236397704,-3287.3090391278993,5.0000000000000036,17.175683975219727,0.24665539463361105,3.089007616043091,0.30389101501250165,0.19239413077459233,-0.0072614634534806195,201,-13.518081665039062,15.88267745031249,-4.964523507738544
4.413064205646515,-9.686488151550293,-0.6555022895336151,0.011765427496455148,-0.11622060796478856,550.9318084716797,521.0940551757812,7744.993408203125,403.3138198852539,-3392.647759723756,-3308.042161762791,5.025000000000004,17.17179510328505,0.2020428412490421,2.529134750366211,0.3743303941330934,0.2225570100570457,0.004127600084000186,202,-13.030691146850586,16.202827337518475,-5.231449161455184
5.183299708366395,-11.33377742767334,-1.215880662202835,0.00868472591978947,-0.12694671395929966,412.4124755859375,289.5449447631836,7859.01904296875,1771.6190795898438,-3199.0229245186783,-3297.959316265664,5.050000000000004,17.15892685784234,0.14902432759602866,1.8845504522323608,0.42963476246265575,0.25281832643129115,0.015708002383127476,203,-12.452539443969727,16.60876706658035,-5.2991001229666
5.925227320194245,-13.08055305480957,-1.7098484635353088,0.005539907699582831,-0.1231960926499786,321.1060028076172,98.71674346923828,7954.174072265625,3108.4050903320312,-3002.54744844446,-3253.6688392759224,5.075000000000005,17.13783793979221,0.09494301345613268,1.2509770393371582,0.4686361907051345,0.2831900890893692,0.02719690221226993,204,-11.806001663208008,16.976058099702147,-5.124386803089272
6.485585939884186,-14.906741619110107,-2.1366713643074036,0.0025565378988270933,-0.11589548592996032,275.19600677490234,-38.05453872680664,8035.69384765625,4123.893127441406,-2803.6930966378195,-3175.9587120176275,5.100000000000005,17.109706666734482,0.04374170882834329,0.7669856548309326,0.49345019416194785,0.31368620472559716,0.03832306701737598,205,-11.112947463989258,17.15496439371917,-4.7634229402880255
6.856601440906525,-16.795880794525146,-2.518991231918335,-0.00025605944406237384,-0.10963918789714618,270.1637268066406,-122.07017421722412,8108.0023193359375,4796.892272949219,-2602.8007504464135,-3072.861383831597,5.125000000000005,17.075801425509983,-0.00437242030683491,0.4438082277774811,0.5082558717946752,0.3443139887105943,0.04877096838532548,206,-10.390397071838379,17.058079528761795,-4.375388474567653
7.090328168869019,-18.73393154144287,-2.8752139806747437,-0.0029369769624030422,-0.10498692011126516,300.37144470214844,-160.69452285766602,8173.5185546875,5219.094909667969,-2400.1006924630155,-2952.93907700787,5.150000000000006,17.037312189737957,-0.05003833522399267,0.24018922448158264,0.5165929974557092,0.3750695544936449,0.05819860441728722,207,-9.64991569519043,16.729240298269712,-4.151665420036831
7.263468229770661,-20.410987854003906,-3.2126173973083496,-0.005478673199713773,-0.09805733334298695,348.46158599853516,-162.9318242073059,8254.3564453125,5507.2672119140625,-2195.7627285958283,-2822.461704266173,5.175000000000006,16.99561013115777,-0.09311432639757793,0.10566173493862152,0.5207876426201521,0.4031892565877895,0.0662953839511307,208,-8.899044036865234,16.337448311027405,-4.209121377898784
7.415013754367829,-20.31202793121338,-3.5360591411590576,-0.007877464577034907,-0.09263074314778699,348.021728515625,-122.32555770874023,8347.53662109375,5683.547668457031,-1989.4038174630161,-2684.780023968323,5.200000000000006,16.95185449388292,-0.13354039854473537,0.09022004157304764,0.5230930080177791,0.3974472149614696,0.07280747860664696,209,-8.142624855041504,16.09119113306336,-4.517386784148759
7.528036785125733,-20.141608238220215,-3.844732642173767,-0.010131951634422527,-0.08808913802757717,405.80442810058594,-51.55413055419922,8466.939208984375,5741.674346923828,-1780.7154019356728,-2542.691332256898,5.225000000000007,16.908877690633137,-0.17132578624619377,0.1537068784236908,0.526020021792858,0.3909095706042454,0.07761640684365188,210,-7.3821234703063965,16.123438651593574,-4.9092817669686015
7.610909008979798,-19.839390754699707,-4.138239145278931,-0.012305155582359836,-0.08673245718926356,486.00018310546875,41.01141166687012,8583.1337890625,5734.978729248047,-1569.0419217110643,-2399.149473583803,5.250000000000007,16.86745219760471,-0.20756708251105416,0.251881867647171,0.5310647146877406,0.3823603574519003,0.08077391721107709,211,-6.616307258605957,16.416007438496088,-5.169916346294283
7.634869837760926,-19.39839744567871,-4.417076349258423,-0.014514762653744465,-0.09052718710413905,581.706298828125,158.3516845703125,8585.063354492188,5718.092712402344,-1354.4635769845027,-2255.7750053526015,5.2750000000000075,16.8286747402615,-0.24428139130274454,0.3195813000202179,0.5383673021338197,0.37167740298942686,0.0824500275773889,212,-5.842747211456299,16.805995996176115,-5.154391719908627
7.623081016540528,-18.83218765258789,-4.674246788024902,-0.016853089871347794,-0.09677471335011276,686.4206848144531,306.8356399536133,8444.736328125,5764.485046386719,-1139.836993122198,-2112.822687542543,5.300000000000008,16.79391649034288,-0.28305619955062866,0.3009544909000397,0.5463039216564193,0.358971444783902,0.08289259501628962,213,-5.059849262237549,17.072388861313364,-4.8712962766916
7.588828480243683,-18.162867546081543,-4.899715900421143,-0.019353266543011484,-0.10284330846034676,796.7953796386719,484.87860107421875,8173.76220703125,5892.311218261719,-928.718584919072,-1968.7105613828753,5.325000000000008,16.76448080274794,-0.32448798418045044,0.193180650472641,0.5526223712111732,0.3444938519527156,0.08241209417661208,214,-4.2684807777404785,17.060861542636793,-4.484134213820352
7.546339774131775,-17.407455921173096,-5.085418224334717,-0.021978408927935237,-0.10653740417553088,911.1047668457031,677.5923156738281,7853.0277099609375,6054.986083984375,-724.3745297432886,-1821.4027809263334,5.3500000000000085,16.74123975965712,-0.3680050704214308,0.04475342854857445,0.5556066429496888,0.3284821784651026,0.08133846575028185,215,-3.472066640853882,16.77807687784707,-4.220890366725777
7.5267920136451725,-16.570290565490723,-5.231154918670654,-0.024642497963206802,-0.10573907170450919,1028.2879333496094,868.9818420410156,7586.6861572265625,6212.7359619140625,-528.0488369942625,-1670.0281288267254,5.375000000000009,16.72438727484809,-0.41221413347456193,-0.08853241801261902,0.5549795350920023,0.31103361305609417,0.07997722424860147,216,-2.675236701965332,16.392580441103252,-4.238030169023553
7.543017852306367,-15.642688274383545,-5.341539144515991,-0.027226461219775205,-0.10041755985906968,1146.3126220703125,1046.6032104492188,7424.579345703125,6342.473388671875,-338.38168306359603,-1514.7097297788753,5.400000000000009,16.71360863579644,-0.4551648762491014,-0.17653298377990723,0.5515573065122232,0.292098521060874,0.07857506993467475,217,-1.882165789604187,16.134111908862945,-4.524557071516349
7.587249004840851,-14.61310338973999,-5.42496657371521,-0.029635673255158576,-0.09211344907317431,1261.9827880859375,1204.0143432617188,7357.12060546875,6439.90771484375,-152.76719942101644,-1356.1478950620794,5.42500000000001,16.70842382642958,-0.49531039264467025,-0.21940366923809052,0.5465269281081998,0.2715635849750591,0.07730255330918605,218,-1.095656394958496,16.15472863087226,-4.910240624035122
7.644670295715333,-13.473548889160156,-5.489513635635376,-0.03181789866128853,-0.08252717602521713,1372.460205078125,1340.2327880859375,7347.2860107421875,6514.3182373046875,31.16081571570291,-1195.1502021909864,5.45000000000001,16.70844184027778,-0.5318069789144728,-0.2341674119234085,0.5408195408655646,0.24933098356285965,0.076254765867808,219,-0.31711089611053467,16.4411357985699,-5.170235135797679
7.707494163513184,-12.221261501312256,-5.539795398712158,-0.03375378166658615,-0.07251288305581376,1473.8213500976562,1453.092529296875,7363.2294921875,6583.61669921875,214.8429659842577,-1032.29224625837,5.47500000000001,16.713382932874893,-0.5643542607625326,-0.24094967544078827,0.5348766636035391,0.22535187278540778,0.07546607903335943,220,0.4529513716697693,16.828442089646604,-5.156593616753
7.767356514930726,-10.85780382156372,-5.577764272689819,-0.03543977069606647,-0.06261983881741466,1562.3408813476562,1538.6563110351562,7384.951171875,6653.30712890625,398.92370328894503,-867.7018287779018,5.500000000000011,16.72297265794542,-0.5929065412945218,-0.24990762770175934,0.5287497619101893,0.19962831659254834,0.07493097506895686,221,1.2142882347106934,17.099279333149465,-4.8782034678693895
7.812938165664673,-9.38764762878418,-5.604475021362305,-0.036885875490357906,-0.05340522238314563,1634.6958618164062,1592.5811157226562,7394.4427490234375,6721.411376953125,583.5474825858198,-701.3691505552463,5.525000000000011,16.73688252766927,-0.6176347202724881,-0.26668351888656616,0.522313767082822,0.17219767414094814,0.07461920212909265,222,1.9665840864181519,17.10564484052759,-4.4888828119851425
7.82437242269516,-7.819636583328247,-5.620635509490967,-0.03811891907506459,-0.045754172791997345,1688.451904296875,1612.4730224609375,7357.90576171875,6785.588623046875,768.4085513114056,-533.3338661314189,5.550000000000011,16.754733191596138,-0.6389818588892618,-0.3023116886615753,0.5152607844099106,0.14314423447910812,0.07448308963025438,223,2.7092318534851074,16.845295175102237,-4.197860285636139
7.756459069252014,-6.178828477859497,-5.626266241073608,-0.039198939088011,-0.04157230247840839,1721.8593139648438,1598.52587890625,7192.0853271484375,6845.970458984375,952.3561953543748,-363.6941505552477,5.575000000000012,16.77615483601888,-0.6579444805781046,-0.3874483108520508,0.5067947617521169,0.11272843811688128,0.07445689910540913,224,3.440896511077881,16.45567614711109,-4.156824854416236
7.531994819641114,-4.549680948257446,-5.619801998138428,-0.04024954781566886,-0.04358905195408735,1732.1030883789062,1552.998046875,6752.4984130859375,6904.3385009765625,1132.1583285330876,-192.544889080639,5.600000000000012,16.800767050849068,-0.6765886810090807,-0.5788782835006714,0.49496426782068514,0.08207527503893351,0.07444209359422398,225,4.158356189727783,16.13518948671872,-4.3849424649438955
7.002511322498322,-2.986140012741089,-5.601953506469727,-0.041460570387111956,-0.05649522161693732,1677.6347045898438,1486.57177734375,5768.592102050781,6959.5712890625,1300.970788860241,-19.936426556225598,5.625000000000012,16.827770868937176,-0.6980890035629272,-0.9833464622497559,0.4760985345271047,0.05165771225188988,0.07424494477215245,226,4.854531764984131,16.038667446009892,-4.768548969010685
6.159486770629884,-1.5644158124923706,-5.5615012645721436,-0.043124842170140516,-0.07524997183327792,1617.2633666992188,1402.932861328125,4227.373596191406,7002.587890625,1445.1855914115229,154.05285567033624,5.650000000000013,16.8563175201416,-0.7273770040935941,-1.5889198780059814,0.4441696631915493,0.021482434706205412,0.07352524213231534,227,5.515239715576172,16.205079743493563,-5.130918645645189
5.201850950717926,-0.5124051719903946,-5.468839883804321,-0.04517075325975584,-0.08497340599975259,1523.00341796875,1290.3275756835938,2509.8941345214844,7007.822021484375,1550.8699313163272,329.1175529359607,5.675000000000013,16.885188420613606,-0.763235886891683,-2.2265377044677734,0.3961693137571519,-0.004642211979587748,0.07187817686664222,228,6.119183540344238,16.557006507132364,-5.327698896468457
4.3459443867206575,0.1284947656095028,-5.288746356964111,-0.047198779558175606,-0.07464059896397575,1361.0443115234375,1157.4668579101562,1049.8951773643494,6927.9564208984375,1613.6172846793856,504.31310347307004,5.7000000000000135,16.91205342610677,-0.7988215155071683,-2.6991944313049316,0.3342700264621718,-0.024683624036399808,0.06908685947148133,229,6.644129753112793,16.964986780421004,-5.306255398853554
3.5774898827075963,0.526361420750618,-5.00517725944519,-0.0487640732948157,-0.04864056503807407,1171.6624755859375,1020.1910705566406,-174.29263305664062,6758.9786376953125,1639.8646641135138,677.512013995532,5.725000000000014,16.935515933566624,-0.8264999919467502,-3.053220748901367,0.26211422337426726,-0.040374961897065575,0.06520989613557122,230,7.072596073150635,17.322714876666776,-5.09792567840155
2.9647518515586855,0.7578727304935455,-4.614331007003784,-0.04947215789439732,-0.00607074800549803,962.1754760742188,876.9911499023438,-1095.806640625,6561.2364501953125,1635.5073482871142,846.4864799379171,5.750000000000014,16.955224143134224,-0.8394964536031088,-3.2857320308685303,0.18257968307786418,-0.05251477574732622,0.06041558615623731,231,7.391701698303223,17.583053301930164,-4.769897399189355
2.510906767845154,0.8886830806732178,-4.113315105438232,-0.04892449546097934,0.050002742807325175,766.3229675292969,723.1547241210938,-1678.7572021484375,6309.601806640625,1608.1121822715022,1010.5173911928027,5.775000000000015,16.971249050564236,-0.8309729231728448,-3.3785817623138428,0.09903315717828401,-0.06202521320264881,0.054892959875415565,232,7.593258857727051,17.751690304375366,-4.382589363852451
2.1210320442914963,0.9271034300327301,-3.5106571912765503,-0.046901083921385985,0.11074551494823553,572.1966247558594,559.1004638671875,-2047.5517578125,5955.8468017578125,1566.1432522177995,1168.257436358822,5.800000000000015,16.98376973470052,-0.7971417903900146,-3.3520665168762207,0.014630828623596083,-0.06832993915541036,0.04884032708696523,233,7.674071788787842,17.864203888839615,-3.9732082706504204
1.7434048265218736,0.9147114455699921,-2.8266152143478394,-0.04337568281650156,0.16950569265444718,381.0301208496094,391.9369354248047,-2204.892333984375,5410.4429931640625,1514.9544582724923,1317.1536064027723,5.825000000000015,16.99277771843804,-0.7375359535217285,-3.163970470428467,-0.06710899214771752,-0.0716148068795902,0.042460554086923084,234,7.635493278503418,17.967036684619682,-3.56075903680127
1.3178921669721604,0.8802263140678406,-2.0895578265190125,-0.0384666821403477,0.2193162093265283,208.6466064453125,232.2115020751953,-2216.2162475585938,4631.719482421875,1459.8321499228853,1452.414681231882,5.850000000000016,16.998349295722115,-0.6541927655537924,-2.823725938796997,-0.1423170483221511,-0.07247295228421938,0.035954776116617355,235,7.484228134155273,18.106489135417846,-3.1602333377864364
0.7490464955568314,0.8528574705123901,-1.3492902517318726,-0.032548127029215244,0.25046821992735074,65.48974752426147,92.2444019317627,-2204.83935546875,3569.8203125,1404.4267437339206,1568.2076682924408,5.875000000000016,17.000621159871418,-0.5535338653458489,-2.3489208221435547,-0.20715654868436276,-0.0715129784185975,0.029463747481442547,236,7.232491493225098,18.320258313320657,-2.7963266433188596
0.09065808765590191,0.8516071438789368,-0.6459097117185593,-0.026079987015252905,0.26377931491156886,-39.40573310852051,-10.970651626586914,-2214.83203125,2368.3058471679688,1349.3057598472017,1657.4531761049577,5.900000000000016,16.999942991468643,-0.4434588551521301,-1.8115054368972778,-0.25925540316785123,-0.06931921819599614,0.023035448773506714,237,6.896975517272949,18.62652046619625,-2.5097222323859496
-0.6180478781461716,0.875901460647583,-0.011182829737663269,-0.019496894149550817,0.26053706608720867,-94.52039194107056,-64.80511522293091,-2261.1569213867188,1114.6697998046875,1293.9349590659517,1716.6608222841762,5.925000000000017,16.996984481811523,-0.3314304020669725,-1.2606229782104492,-0.2975888107403973,-0.06635925404421136,0.016669871670431446,238,6.496767520904541,19.011938024358546,-2.350875251246659
-1.3402149617671968,0.920319527387619,0.5334348678588867,-0.013174762982649373,0.2432834773595077,-119.239914894104,-90.29166603088379,-2362.780517578125,-106.21975708007812,1237.4060360312844,1744.5275672793134,5.950000000000017,16.992641025119358,-0.22388696670532227,-0.746318519115448,-0.3226062797044926,-0.06294525837727093,0.010349675456509513,239,6.051292896270752,19.42653023744463,-2.361429267827282
-2.0692687392234803,0.9800647795200348,0.9736652672290802,-0.007452949937343821,0.21315007594137014,-141.85136795043945,-114.4632453918457,-2508.4078979492188,-1295.5891418457031,1178.336523091833,1741.872073352332,5.975000000000017,16.986893547905815,-0.1266048103570938,-0.26352187991142273,-0.33515343028526473,-0.05935111026555963,0.0040561860149683545,240,5.578924179077148,19.79340424542476,-2.551656037929247
-2.73643850684166,1.0468740463256836,1.3028167486190796,-0.002599954446602165,0.1752725349684184,-154.02783584594727,-127.97887802124023,-2677.7762451171875,-2347.3915405273438,1115.626325643105,1709.4823448062095,6.000000000000018,16.9799190097385,-0.04414711561467913,0.14697250723838806,-0.33638098110022313,-0.0558024002593532,-0.00221649097869843,241,5.096764087677002,20.03327642279202,-2.8873123168525954
-3.2373842597007756,1.1101244390010834,1.5359023809432983,0.0013037385482293318,0.13854327415610318,-157.54004287719727,-134.8943576812744,-2851.7421264648438,-3089.8944091796875,1048.6819195151784,1650.7975562930446,6.025000000000018,16.972040600246853,0.022127115064197116,0.41458195447921753,-0.32905372612454725,-0.05235494655062404,-0.008431426010609307,242,4.619221210479736,20.092892339303692,-3.2955371948017134
-3.5697946131229403,1.1604468822479248,1.7012940645217896,0.004347689282074893,0.10661265512108244,-154.6565399169922,-134.93218994140625,-3001.9788818359375,-3547.2955322265625,977.3883663535604,1573.5501960635656,6.0500000000000185,16.963606940375435,0.07375295791361067,0.5612755417823792,-0.3166290476644052,-0.048934257610850164,-0.01447213023005988,243,4.155976295471191,19.962223351564337,-3.6873394292623587
-3.7802702248096467,1.190973162651062,1.820386826992035,0.0066568634681945845,0.07918692287274205,-147.33562850952148,-130.40140914916992,-3109.9562377929688,-3823.53369140625,902.3388943076646,1484.8678077579098,6.075000000000019,16.954945458306206,0.11286842326323192,0.6404902338981628,-0.3015341840268088,-0.04545899051348648,-0.020156365656265496,244,3.712444305419922,19.673445987969888,-3.983592486046147
-3.913128697872162,1.2008784413337708,1.90222829580307,0.008318087700280419,0.05467353204634985,-137.4357681274414,-123.00508499145508,-3173.1253051757812,-4002.4130859375,824.5899883628424,1389.2794654727586,6.100000000000019,16.94631788465712,0.1409642067220476,0.6923587918281555,-0.28482790819263276,-0.041923003343269,-0.025286046679435244,245,3.2916061878204346,19.286689401759208,-4.132699879695608
-3.978200572729111,1.1922230124473572,1.9506751894950867,0.009403663420961822,0.03305190140010656,-126.58376121520996,-114.0732650756836,-3191.19287109375,-4102.3214111328125,745.261855733449,1289.2191383243244,6.1250000000000195,16.937917073567707,0.159283181031545,0.7248106598854065,-0.2670879097365856,-0.03836836156185334,-0.029688328943336485,246,2.8953909873962402,18.871678089390024,-4.116429530865947
-3.983972609043122,1.1670154929161072,1.967903733253479,0.009983422147001764,0.014183191815948494,-115.78310203552246,-104.92317962646484,-3163.2610473632812,-4139.7469482421875,665.4820339561056,1186.661103046006,6.15000000000002,16.929880777994793,0.16902375552389357,0.7457298040390015,-0.2486832362067251,-0.03484755857103851,-0.03323417189018187,247,2.5250699520111084,18.491969402815997,-3.946121533854819
-3.9317792415618897,1.126949429512024,1.955031156539917,0.010128763123195538,-0.0017250930247948754,-105.79720878601074,-96.33796882629395,-3090.7901611328125,-4115.70458984375,586.400507772023,1083.1674293399522,6.17500000000002,16.922290590074326,0.17140774263275993,0.7557494044303894,-0.22989381912313225,-0.031411418095455675,-0.0358528769154082,248,2.181480646133423,18.195033612515935,-3.653416875880649
-3.821012103557587,1.0757229924201965,1.913226842880249,0.009917532836860221,-0.014375282712543468,-97.03696823120117,-88.69520854949951,-2969.3760986328125,-4033.4915771484375,509.1307537437013,980.2748145938579,6.200000000000021,16.91518995496962,0.16776247156990898,0.7578805088996887,-0.21095965923429358,-0.028136014996118633,-0.03754100895732819,249,1.8650729656219482,18.008647263974844,-3.2796071411612204
-3.6581459343433385,1.0138574838638306,1.8437273502349854,0.009430013111294095,-0.023935376678925722,-89.5002613067627,-82.25692939758301,-2804.3258056640625,-3899.6434326171875,434.89635127787847,879.4375251651452,6.225000000000021,16.90858946906196,0.15945295492808023,0.7535514831542969,-0.1920527801018714,-0.025047051898438553,-0.03836226125848138,250,1.5759804248809814,17.942223911308385,-2.8665206446946456
-3.4523643553256993,0.943567544221878,1.748589813709259,0.00873948456896097,-0.030747950806808574,-83.13430404663086,-77.23746681213379,-2604.994873046875,-3721.6119384765625,364.7882061362735,781.9464393497128,6.250000000000021,16.902471118503147,0.14772264493836296,0.7430058717727661,-0.17333085750715524,-0.022186626513287403,-0.03843675486759794,251,1.3140606880187988,17.990998475505453,-2.4503516158497973
-3.22147034406662,0.8660478293895721,1.6318151950836182,0.007905027774168577,-0.035672734873610355,-77.98405265808105,-73.61539268493652,-2389.5914916992188,-3513.779296875,299.6633343100974,688.9061408877949,6.275000000000022,16.89679463704427,0.1335724029276106,0.7262178659439087,-0.15495366447079303,-0.019557672479053472,-0.03791702233611216,252,1.0789035558700562,18.141143581735136,-2.0585692255352193
-2.975042682886124,0.7833984792232513,1.4981986284255981,0.006965128525560459,-0.03910711828705212,-74.25612258911133,-71.11735343933105,-2171.7675170898438,-3280.023681640625,239.92354701761235,601.0616584659155,6.300000000000022,16.891502804226345,0.11765339308314854,0.6993898749351501,-0.13709387369996276,-0.017159787200681342,-0.03695917067698393,253,0.8698477745056152,18.37447704986704,-1.7093005947576851
-2.7193204164505005,0.6975762844085693,1.3552557229995728,0.00595995582281288,-0.04109628740069194,-71.95597267150879,-69.2569751739502,-1958.152587890625,-3025.1205444335938,185.62935909036162,519.0610664248949,6.325000000000022,16.88653628031413,0.10064420600732167,0.6615504622459412,-0.12007102291358193,-0.014969514574780959,-0.0356959792764997,254,0.6858749985694885,18.67208079228911,-1.4123272798196833
-2.460218107700348,0.6112847328186035,1.2090082168579102,0.004920130816975246,-0.04181966437059551,-70.80139541625977,-68.0274887084961,-1749.6890258789062,-2758.93701171875,136.67554439309126,443.43305281404935,6.350000000000023,16.881835725572373,0.08306150635083516,0.6166009902954102,-0.10408251060507424,-0.012973525792185659,-0.03422316172811801,255,0.5255988240242004,19.016651688359463,-1.1708901382082892
-2.198634141683579,0.5285532921552658,1.0649112164974213,0.003879020263748134,-0.04121587581720411,-70.30571365356445,-67.24030876159668,-1542.1374206542969,-2487.3359375,92.93331874611397,374.4596275210747,6.375000000000023,16.87734709845649,0.06546789987219705,0.5683463215827942,-0.08924980188728256,-0.011183205346406884,-0.03260126125415153,256,0.3874167203903198,19.3936931119476,-0.9836547202223043
-1.9398614257574083,0.4503675252199173,0.9270991086959839,0.002869408612417989,-0.039481987338805195,-70.38306045532227,-66.7778148651123,-1341.1759948730469,-2214.3135986328125,54.379883229751755,312.2762290835684,6.4000000000000234,16.87302589416504,0.04841573950317171,0.5166372060775757,-0.07569169038958118,-0.009566392966538672,-0.03086291406152133,257,0.26958799362182617,19.791849245694593,-0.8464375386925228
-1.6915514200925827,0.37803539633750916,0.7974515557289124,0.001911310012717975,-0.03707929588690331,-70.7868824005127,-66.70833587646484,-1150.334716796875,-1950.3399658203125,20.850483357920943,256.9183891177418,6.425000000000024,16.868831846449112,0.03224160729183091,0.4654145836830139,-0.06341176721825255,-0.00812043615453828,-0.02902572198055716,258,0.17027072608470917,20.20272570259049,-0.7535535640713952
-1.4559917062520982,0.3117934986948967,0.6770530641078949,0.0010207397765755143,-0.03414952948516653,-71.43352127075195,-66.80389213562012,-971.0534820556641,-1698.1551513671875,-7.907884562005343,208.1598899722279,6.450000000000024,16.864728927612305,0.017214505415823724,0.41546398401260376,-0.052403195539435704,-0.006834349110834804,-0.027104074403523852,259,0.08763349801301956,20.62044987055134,-0.6987615943814821
-1.2318802684545518,0.25132471323013306,0.5665435642004013,0.0002113603234979176,-0.030621881338112347,-72.26223373413086,-67.08496856689453,-804.2402038574219,-1454.459716796875,-32.18422161340125,165.70601118804214,6.4750000000000245,16.86068852742513,0.003563680737796757,0.36479389667510986,-0.04265754478380488,-0.005692305402479502,-0.025113902443286044,260,0.019865307956933975,21.041147336312868,-0.6758658888776745
-1.0246296867728235,0.19623514264822006,0.46616247296333313,-0.0005066257607742621,-0.026863010471195846,-73.2444076538086,-67.66492462158203,-650.0356063842773,-1229.02099609375,-52.290226709840795,129.34451826811443,6.500000000000025,16.85668839348687,-0.00854003346628613,0.3179571330547333,-0.034131286831699484,-0.004678064688235068,-0.023073993869096407,261,-0.034831803292036057,21.46244055222825,-0.6790794047501502
-0.8319295257329942,0.1464414745569229,0.3757342994213104,-0.0011272355964268913,-0.022835613903804494,-74.31588745117188,-68.4465103149414,-506.33636593818665,-1019.709228515625,-68.54111686945157,98.61899336576508,6.525000000000025,16.85270627339681,-0.0189969792134232,0.27480584383010864,-0.026727738532576633,-0.0037804885211563514,-0.02100730804238386,262,-0.0781402587890625,21.883015119161524,-0.7032048937601414
-0.6562786743044854,0.10175811126828194,0.2951079234480858,-0.0016462603356366275,-0.018774176728135965,-75.45535278320312,-69.39172554016113,-375.5981674194336,-828.6437377929688,-81.19952601790982,73.12626265286924,6.550000000000026,16.848725212944878,-0.02773741467131509,0.23531606793403625,-0.02035927980597812,-0.00298687607404419,-0.01893916996063938,263,-0.11161074787378311,22.302272642340736,-0.743687843777823
-0.4968064203858376,0.06191197782754898,0.2239011973142624,-0.002064003550159564,-0.014721842153849541,-76.65389633178711,-70.44462203979492,-257.65116119384766,-654.401123046875,-90.5894802033989,52.41016920804027,6.575000000000026,16.844735675387913,-0.0347676459285948,0.19892534613609314,-0.014936190211195391,-0.0022862274382955384,-0.016896347513710167,264,-0.13666267693042755,22.7200694491985,-0.7966065055024354
-0.35390854552388196,0.02673167735338211,0.16191846504807472,-0.0023813952657826274,-0.010779574154880952,-77.87810516357422,-71.56070327758789,-152.1704864501953,-498.0321807861328,-97.03075923324813,36.05014113186391,6.600000000000026,16.84072600470649,-0.040104496810171336,0.16619563102722168,-0.010380690880235927,-0.0016682909716502527,-0.014905272575415253,265,-0.1545981913805008,23.13652746327124,-0.8586333102060967
-0.22794209644198418,-0.00383208692073822,0.10862932540476322,-0.002603029305349041,-0.0070720903335840185,-79.0962905883789,-72.69712448120117,-58.94566345214844,-360.40391540527344,-100.83502139450573,23.599336612206564,6.625000000000027,16.83669090270996,-0.04382649643553628,0.1375712752342224,-0.0065920477448674795,-0.0011260765751966238,-0.01299070214091937,266,-0.16658879816532135,23.551902942209974,-0.9269818363867214
-0.11856200098991394,-0.029755130410194397,0.06340943649411201,-0.0027358549848653935,-0.003680642070341377,-80.27751922607422,-73.81500625610352,22.054855346679688,-240.9192156791687,-102.30866298081193,14.589238727071061,6.650000000000027,16.83262719048394,-0.046051740646362305,0.11279847472906113,-0.0034700643104879953,-0.0006552442586328258,-0.011174934982865427,267,-0.17365892231464386,23.966500840741045,-0.999343005550336
-0.025306795444339517,-0.051139913499355316,0.025679871439933777,-0.002788632387827499,-0.0006706232987236391,-81.39824295043945,-74.86354064941406,90.85177612304688,-138.7572784423828,-101.7572915971471,8.566258335088659,6.675000000000027,16.8285338083903,-0.04692871951394611,0.09151721745729446,-0.0009230872640040167,-0.00025086249260435853,-0.009476829610722546,268,-0.17669449746608734,24.38062283056249,-1.0738190508104992
0.052418415527790786,-0.06821703165769577,-0.005282707512378693,-0.0027715751531347315,0.001909324215207887,-82.42536926269531,-75.84444427490234,147.62103271484375,-53.00807189941406,-99.48599719407277,5.097326374026366,6.700000000000028,16.824411816067165,-0.04663023683759901,0.07337124645709991,0.0011319343592603346,9.269803165779813e-05,-0.00791107658282415,269,-0.17645597457885742,24.79453836824402,-1.1488634346880477
0.1155024701729417,-0.08111399039626122,-0.03004356101155281,-0.0026957484030271806,0.0040379727499000595,-83.33517456054688,-76.7220458984375,192.8042449951172,17.510841369628906,-95.79547137620324,3.7721245765386535,6.725000000000028,16.82026121351454,-0.0453433021903038,0.05798277258872986,0.0027684618033877255,0.000377960295182439,-0.006487776145663821,270,-0.17359162867069244,25.208471001766878,-1.2232280317052437
0.16500505432486534,-0.09033289924263954,-0.04935341514647007,-0.002572508542989162,0.005712454530787446,-84.11011505126953,-77.47684860229492,227.0791015625,74.05970764160156,-90.97536525132655,4.209895610777434,6.750000000000028,16.81608623928494,-0.04325962315003077,0.045018769800662994,0.004051298698249139,0.0006129949244292651,-0.005212276987813687,271,-0.16865110397338867,25.622594421922813,-1.2959173817934921
0.20207376927137377,-0.09611343592405319,-0.06385726667940617,-0.0024130824614910415,0.006945164700209222,-84.73820495605469,-78.09461975097656,251.18113708496094,118.00189590454102,-85.29838771226503,6.0613883018158665,6.775000000000029,16.81189113193088,-0.04056856036186218,0.03411746025085449,0.005036559850584847,0.0008003604005724614,-0.004085321621472202,272,-0.1620977371931076,26.03703435719027,-1.3661493783541283
0.22802367322146894,-0.09888967499136925,-0.07407534960657358,-0.002228164934933819,0.007765960310847351,-85.21403121948242,-78.56636810302734,266.09973907470703,150.75416564941406,-79.01885928514169,9.011435699428144,6.800000000000029,16.807681189643013,-0.03745034750964907,0.024982258677482605,0.005771974100556115,0.0009451985230584549,-0.0031035085345400355,273,-0.15432114899158478,26.45187359607451,-1.4333217621741088
0.24423841349780562,-0.09906452521681786,-0.08074798621237278,-0.0020275472415127384,0.008216496947220953,-85.54006576538086,-78.8911361694336,272.89581298828125,173.78823852539062,-72.36636580827444,12.780289840662565,6.8250000000000295,16.80345853169759,-0.03406985352436701,0.017318502068519592,0.0062979328113872525,0.0010515254896541937,-0.002259975665946705,274,-0.1456482708454132,26.867158387051127,-1.4969838009517178
0.2521562531590462,-0.09708981215953827,-0.08443693304434419,-0.0018198514952940945,0.008348052423733014,-85.7245864868164,-79.07416915893555,272.7430419921875,188.56341552734375,-65.5439704835676,17.124995803796658,6.85000000000003,16.799229515923393,-0.030572137071026698,0.010878118686378002,0.006648077117191924,0.0011238210806113003,-0.0015452593011095594,275,-0.13635346293449402,27.282905224853593,-1.5568124274454223
0.2531688529998064,-0.09339303523302078,-0.08567386586219072,-0.0016123532755254423,0.008215664189231654,-85.7767562866211,-79.1220932006836,266.81522369384766,196.45401859283447,-58.725394433762915,21.83908119197982,6.87500000000003,16.79499838087294,-0.02707949322130945,0.005453471094369888,0.006850332758713134,0.0011659057227484263,-0.0009482296243001152,276,-0.12666743993759155,27.699107354704644,-1.6125922748563093
0.24868335314095022,-0.0884355790913105,-0.08497508009895682,-0.0014108829284291836,0.007879715780393865,-85.70609664916992,-79.04057693481445,256.3402328491211,198.80929851531982,-52.055013841416546,26.750431656800444,6.9000000000000306,16.790767245822483,-0.023689824673864577,0.0008711928385309875,0.00692763933173109,0.0011822815627091615,-0.00045699815047398144,277,-0.11678464710712433,28.115740578742685,-1.6641989710027763
0.24000932648777965,-0.08256562054157257,-0.08282970823347569,-0.0012197831750875594,0.007398086738293588,-85.51888275146484,-78.83440399169922,242.53103637695312,196.8148374557495,-45.6465080201882,31.72066411968337,6.925000000000031,16.786542468600803,-0.0204759505059984,-0.0029695911798626184,0.006899999672745811,0.0011760234592403818,-5.9647042760970824e-05,278,-0.10686922073364258,28.53276839183562,-1.711585082904229
0.22824671790003778,-0.07614441588521004,-0.0795726403594017,-0.0010420565085664571,0.0068192252686755965,-85.21928024291992,-78.50739669799805,226.3827667236328,191.49057006835938,-39.58323211076396,36.64103505607717,6.950000000000031,16.782326168484158,-0.01748813937107722,-0.006171913351863623,0.006784445529166193,0.0011511033974737509,0.00025526732268638667,279,-0.09705879539251328,28.95014633025126,-1.7547679945435264
0.21438815742731096,-0.06947275251150131,-0.07558665191754699,-0.0008795639557184489,0.00618731747924324,-84.80937576293945,-78.06303405761719,208.78961181640625,183.76112365722656,-33.923662942672635,41.42829930778632,6.975000000000032,16.778121524386936,-0.014757434320118692,-0.008829817175865173,0.006595851591947899,0.0011111719756935622,0.0004983997399052521,280,-0.08746819943189621,29.36782553649733,-1.7938193004592573
0.19924908429384233,-0.0627589076757431,-0.07109627407044172,-0.0007331509531561883,0.005538183926955385,-84.29059982299805,-77.50492477416992,190.5193328857422,174.35297966003418,-28.703922647261933,46.022327399217225,7.000000000000032,16.773931715223526,-0.012297825887799263,-0.010993095114827156,0.006347088939445231,0.0010590914418858383,0.000679491378082994,281,-0.07819259911775589,29.78575565924046,-1.8288555999317928
0.18345392867922783,-0.05618172138929367,-0.06629777047783136,-0.0006029071615032891,0.0048973087747900285,-83.66357421875,-76.83657455444336,172.15061950683594,163.83210563659668,-23.940939325117792,50.38115189071838,7.025000000000032,16.769758860270183,-0.010110609647300508,-0.012707304209470749,0.006049937898292583,0.0009978937425337963,0.0008073617964626715,282,-0.06930951029062271,30.203887084799018,-1.8600303648421572
0.1674926806241274,-0.0498647466301918,-0.06133892759680748,-0.0004883748174381035,0.004283209834850276,-82.93010330200195,-76.06111907958984,154.14080810546875,152.63961791992188,-19.637173837446305,54.47695453163363,7.050000000000033,16.765608257717556,-0.008187901435626877,-0.014004956930875778,0.00571520143581024,0.0009301870330077349,0.0008899612070914164,283,-0.06088034808635712,30.622172646571656,-1.8875265916739945
0.15172582771629095,-0.043884582817554474,-0.05633031018078327,-0.0003887238287331644,0.003707466396317145,-82.09151458740234,-75.18284606933594,136.81591796875,141.11077499389648,-15.78365363480901,58.29294497963203,7.075000000000033,16.761480967203777,-0.006515587059160073,-0.014918161556124687,0.005352899695599627,0.0008582539856599613,0.000934461354542447,284,-0.0529516227543354,31.040568803784886,-1.911550063707936
0.1364069260656834,-0.03828905522823334,-0.05135774239897728,-0.00030290928176838735,0.003176147813717898,-81.15105438232422,-74.2064208984375,120.38815307617188,129.49878311157227,-12.36325568558969,61.820714354479826,7.100000000000033,16.7573791080051,-0.0050759656975666685,-0.015484165400266647,0.004972174290191629,0.0007840962625344009,0.0009473420556467785,285,-0.04555610939860344,31.459036369140993,-1.932323151649573
0.12174273785203696,-0.03310956805944443,-0.04651288129389286,-0.00022976103713610253,0.0026935515552021904,-80.1141128540039,-73.1363410949707,105.01029968261719,118.03057098388672,-9.353551858684854,65.05818393226951,7.125000000000034,16.753306918674046,-0.0038492573528654045,-0.015749763697385788,0.00458116294522185,0.0007095035650999383,0.00093445400744276,286,-0.03871418535709381,31.87754095462016,-1.9500791849675496
0.10783426202833653,-0.028340771794319153,-0.041816163808107376,-0.00016806948914979057,0.002258529392624251,-78.9865493774414,-71.97846984863281,90.76640319824219,106.8078727722168,-6.728294366618906,68.00894820686707,7.150000000000034,16.74926651848687,-0.002815040708002117,-0.01573009602725506,0.004187139679491895,0.0006355808191271988,0.0009010501261322615,287,-0.03243532031774521,32.29605308138655,-1.9650574490947272
0.09477275907993317,-0.024018190801143646,-0.037281837314367294,-0.00011665023495050874,0.001870060014109007,-77.77485275268555,-70.73918914794922,77.688720703125,95.96646881103516,-4.459134286662371,70.67914502617288,7.1750000000000345,16.745258967081707,-0.0019533385057002306,-0.01547453086823225,0.003796575662361466,0.0005640493265375387,0.0008517845718019542,288,-0.02671901136636734,32.71454802311147,-1.9774987279011478
0.08259273804724217,-0.02009868621826172,-0.03297862783074379,-7.438810021375438e-05,0.0015248355343142012,-76.48566436767578,-69.42540740966797,65.78343200683594,85.56408309936523,-2.5169162690838043,73.07830674644912,7.200000000000035,16.74128744337294,-0.0012453525171925623,-0.015006443485617638,0.0034151758842282166,0.0004951249490208766,0.0007907116431074282,289,-0.021556133404374123,33.133005536372885,-1.9876413618222069
0.07135201366618277,-0.01656818389892578,-0.02899557165801525,-4.022903214510883e-05,0.0012212873149473713,-75.12576675415039,-68.04462051391602,55.031951904296875,75.72586059570312,-0.8723304689124933,75.21740882393361,7.225000000000035,16.7373530069987,-0.0006733275303203198,-0.014387169852852821,0.0030475618658510053,0.0004294058575251796,0.0007213030071972381,290,-0.016930079087615013,33.55140946339772,-1.9957178486475973
0.06107750590890646,-0.013418450951576233,-0.02522585541009903,-1.311705075876709e-05,0.0009586814912813754,-73.70260620117188,-66.6044692993164,45.40350341796875,66.53231048583984,0.5034683286953012,77.11055533882653,7.2500000000000355,16.73345883687337,-0.00021949363549032973,-0.01366311963647604,0.0026966568426451147,0.00036755641191417877,0.0006465092072908123,291,-0.012818838469684124,33.96974726553646,-2.001952117542031
0.05171028198674322,-0.010656781494617462,-0.021740131080150604,7.868875833755465e-06,0.0007303420854254141,-72.22417831420898,-65.1126594543457,36.845703125,57.92852783203125,1.638555914144862,78.77386310097285,7.275000000000036,16.729604932996963,0.00013164318968645402,-0.012828117236495018,0.002365333595606737,0.0003103823224473531,0.0005688159687698603,292,-0.009196454659104347,34.38800951424309,-2.006557571964849
0.0432475034147501,-0.008252181112766266,-0.01857544481754303,2.355835933197324e-05,0.0005340005665686128,-70.69887161254883,-63.57748794555664,29.297607421875,49.970611572265625,2.559698492270166,80.22207629677393,7.300000000000036,16.725793414645725,0.0003940322332912021,-0.011928155086934566,0.0020557814304054322,0.0002579092064457352,0.0004902647775593541,293,-0.006033178884536028,34.80618939033031,-2.0097355008818307
0.03568172031082213,-0.0061552152037620544,-0.0156705379486084,3.4741858058473604e-05,0.00036845734188597275,-69.1370620727539,-62.00794792175293,22.690841674804688,42.713531494140625,3.2921386778173094,81.47134158608085,7.325000000000037,16.72202534145779,0.0005809542360819048,-0.011011533439159393,0.0017689544297032071,0.00020977100929660177,0.0004125049925204407,294,-0.003296993440017104,35.22428223734307,-2.011673831173275
0.02894226033240557,-0.004337131977081299,-0.013049192726612091,4.212153205469146e-05,0.00022882831307805245,-67.5472183227539,-60.41419792175293,16.960952758789062,36.09263610839844,3.859409719687667,82.53917987343463,7.350000000000037,16.71830071343316,0.0007042004209425715,-0.010071888566017151,0.0015053991396944764,0.00016586617197596098,0.00033684586031548303,295,-0.0009549793321639299,35.642285114016225,-2.0125464909984836
0.02299184212461114,-0.002773687243461609,-0.010703790932893753,4.631670159399258e-05,0.00011281795849541516,-65.94209289550781,-58.807350158691406,12.034255981445312,30.113540649414062,4.283433538657603,83.44149577614483,7.375000000000037,16.71462059020996,0.000774166094035738,-0.009136993438005447,0.0012653224495049386,0.00012611069047677225,0.0002642907476911144,296,0.0010264110751450062,36.06019642343515,-2.012513130932973
0.017798278317786756,-0.0014666914939880371,-0.008649524301290512,4.789337780856809e-05,1.888538652516881e-05,-64.33391189575195,-57.19984817504883,7.841827392578125,24.786460876464844,4.584289938193919,84.1943342923804,7.400000000000038,16.710984971788193,0.0008003455069330004,-0.008235552348196507,0.001048306419693993,9.083290863460445e-05,0.0001955856615945345,297,0.002680594567209482,36.478015595664054,-2.011719057197008
0.013295587827451529,-0.0003917217254638672,-0.006810221821069717,4.737718716429867e-05,-5.582828204346514e-05,-62.737178802490234,-55.60572624206543,4.3182373046875,20.05602264404297,4.780335623008528,84.81399581429223,7.425000000000038,16.70739491780599,0.0007915493592412935,-0.007365756668150425,0.000853339101062274,5.985181471911625e-05,0.00013126711097666917,298,0.0040398635901510715,36.89574282280221,-2.010295524444083
0.009426618192810566,0.0005038902163505554,-0.005229048430919647,4.520204335447897e-05,-0.00011395005390570139,-61.16851997375488,-54.041452407836914,1.38751220703125,15.893760681152344,4.888291555625847,85.31539638039348,7.450000000000038,16.703848308987087,0.0007550480465094248,-0.006541525945067406,0.0006796322083300915,3.242216575143831e-05,7.168628557709183e-05,299,0.005135254468768835,37.31337881741008,-2.008360272838102
0.006134721788112075,0.001213565468788147,-0.0038296394050121307,4.177010255909951e-05,-0.00015754533776076923,-59.647918701171875,-52.52657508850098,-1.006011962890625,12.251541137695312,4.92297936080174,85.71274039742245,7.475000000000039,16.70034408569336,0.0006975750956270429,-0.005760757718235254,0.0005259073786612004,8.807417023001308e-06,1.7034842902916495e-05,300,0.00599630456417799,37.73092461556771,-2.0060181417796614
0.003354562690947205,0.0017604604363441467,-0.0026267506182193756,3.739757045733257e-05,-0.00018955764263033287,-58.19986534118652,-51.08486557006836,-2.927520751953125,9.074981689453125,4.897829061729566,86.01902892586497,7.500000000000039,16.696882247924805,0.0006244228117995792,-0.0050220368430018425,0.0003911895934104145,-1.1301789876023767e-05,-3.263108670780298e-05,301,0.006650940515100956,38.14838147145111,-2.003361755869367
0.0010663324719644152,0.0021952539682388306,-0.001630239188671112,3.238227278814895e-05,-0.00020978235503903874,-56.855268478393555,-49.74641036987305,-4.428192138671875,6.3790435791015625,4.824641042930813,86.24590346810143,7.525000000000039,16.693458557128906,0.0005405721539217564,-0.004349721595644951,0.0002741259784473182,-2.870908461051435e-05,-7.73693403308796e-05,302,0.007125474512577057,38.565750718034806,-2.000472231791092
-0.0008221844764193521,0.0024744272232055664,-0.0007657893002033234,2.6956537197181613e-05,-0.00022229160498839898,-55.65432929992676,-48.55047035217285,-5.57464599609375,4.06146240234375,4.713936239464075,86.40537955757908,7.55000000000004,16.690070894029404,0.0004499065107665956,-0.0037218527868390083,0.00017326029635187292,-4.261941996832472e-05,-0.00011731795952582224,303,0.007444092072546482,38.98303366846955,-1.9974199875865266
-0.0023321673390455547,0.002713046967983246,-4.7616660594940186e-05,2.1326576210517907e-05,-0.0002274066980525566,-54.651546478271484,-47.55041313171387,-6.38531494140625,2.1017990112304688,4.574570089561775,86.50691611763777,7.57500000000004,16.686713960435654,0.0003558704500190086,-0.003135193604975939,8.771327646718055e-05,-5.497633138169726e-05,-0.00015268552390144375,304,0.007629332598298788,39.400231552461825,-1.994265559000935
-0.003539166890550405,0.0028575733304023743,0.0005388706922531128,1.5621614258493108e-05,-0.0002281608810863548,-53.92427635192871,-46.822065353393555,-6.97039794921875,0.4719390869140625,4.414937216026652,86.55946109291861,7.6000000000000405,16.68338139851888,0.00026062134161798493,-0.002616616664454341,1.593821106506851e-05,-6.48946558848034e-05,-0.00018372719888005892,305,0.0077021135948598385,39.81734542935694,-1.9910603120301
-0.00444596870802343,0.0028982609510421753,0.001009128987789154,9.966375266518068e-06,-0.00022328736456102014,-53.59754180908203,-46.48653984069824,-7.30303955078125,-0.860137939453125,4.240677267296206,86.57125957009153,7.625000000000041,16.680064731174046,0.00016623978606528707,-0.0021416968666017056,-4.3484691311936596e-05,-7.22184789196839e-05,-0.0002107385995688744,306,0.007681063376367092,40.234376128714516,-1.9878472838899728
-0.005108143435791135,0.0029095932841300964,0.001378517597913742,4.48484966913334e-06,-0.00021500437116014548,-53.535396575927734,-46.41415977478027,-7.450531005859375,-1.9289321899414062,4.058101278526689,86.54975612160526,7.650000000000041,16.67675230238173,7.479272123115759e-05,-0.001718995743431151,-9.162346956464043e-05,-7.822164453118332e-05,-0.00023402398041908704,307,0.007583139929920435,40.65132417437449,-1.9846620172121174
-0.00556614404777065,0.0028703883290290833,0.0016601569950580597,-7.593786152943854e-07,-0.00020437240270868216,-53.0380859375,-45.914581298828125,-7.454071044921875,-2.7672653198242188,3.8718380033802102,86.50153281685677,7.675000000000042,16.673447291056316,-1.2661459752255016e-05,-0.0013484759256243706,-0.00012986740721307168,-8.259440419798482e-05,-0.00025389162703393444,308,0.00742350285872817,41.06818992701382,-1.981533300830556
-0.005846434738487005,0.0027915388345718384,0.0018663369119167328,-5.711455682832213e-06,-0.0001917658199431147,-52.0584659576416,-44.93731689453125,-7.331817626953125,-3.4054794311523438,3.6854862272571633,86.4323511838612,7.700000000000042,16.67016453213162,-9.521090962354922e-05,-0.0010228266473859549,-0.00015942022982580337,-8.55692643668199e-05,-0.0002706519056112558,309,0.007215439807623625,41.48497391749983,-1.9784839520516622
-0.005977418040856719,0.0026831775903701782,0.0020083412528038025,-1.0329864693025982e-05,-0.00017781788759066715,-50.647621154785156,-43.53574180603027,-7.10760498046875,-3.8717575073242188,3.50219078658333,86.34721419808241,7.725000000000042,16.666914621988933,-0.00017216697516333725,-0.0007378548034466803,-0.0001813472587301258,-8.735844568705429e-05,-0.0002846074288830702,310,0.006970625836402178,41.90167694474168,-1.9755315515682565
-0.005977554374840111,0.002553775906562805,0.0020677559077739716,-1.4587461213613829e-05,-0.00016264578538948888,-48.82467460632324,-41.73086738586426,-6.8055419921875,-4.175804138183594,3.324500662071602,86.25042026039932,7.750000000000043,16.66370921664768,-0.00024308120676626763,-0.0004976832424290478,-0.00019665336422736496,-8.81520624904114e-05,-0.00029604767582797395,311,0.00669927429407835,42.318300042425875,-1.972689094442566
-0.0058727985364384954,0.0024093613028526306,0.0021146759390830994,-1.8446265249878115e-05,-0.00014653943119359992,-46.61028861999512,-39.54379653930664,-6.44635009765625,-4.34454345703125,3.1543621122669014,86.14602515694475,7.775000000000043,16.66055891248915,-0.0003073250991292298,-0.0002975804090965539,-0.00020655905887105344,-8.809549632467974e-05,-0.00030524263610481845,312,0.006409996654838324,42.7348444864155,-1.9699656328825477
-0.005704264633823186,0.002256155014038086,0.0021255463361740112,-2.1914240562112853e-05,-0.00013135369947231645,-44.03720474243164,-37.006690979003906,-6.0478515625,-4.435455322265625,2.99320335982548,86.03741157051897,7.800000000000043,16.65747536553277,-0.0003650359253192113,-0.00011826997069874778,-0.00021170711635593056,-8.735168375459901e-05,-0.00031244526450415437,313,0.006110008340328932,43.151311802357306,-1.9673669112847272
-0.0054816694580949845,0.0020990297198295593,0.002104721963405609,-2.5014174131233295e-05,-0.00011707988586306684,-41.1490535736084,-34.161903381347656,-5.626068115234375,-4.4503173828125,2.8420070707629628,85.92652518746233,7.825000000000044,16.65446599324544,-0.0004165976942102942,3.544442370184697e-05,-0.00021268676757503447,-8.607107777729919e-05,-0.00031790168886549567,314,0.005805719178169966,43.56770373233946,-1.9648958404122003
-0.005216333863791079,0.0019417256116867065,0.0020574256777763367,-2.7769066280374582e-05,-0.00010373571605657819,-37.99710464477539,-31.05907154083252,-5.19415283203125,-4.396812438964844,2.701355367882085,85.81526725289201,7.850000000000044,16.651540332370335,-0.00046239774544826813,0.00016240307013504207,-0.00021015840625863703,-8.437838403171513e-05,-0.00032184399301479543,315,0.005502633284777403,43.98402221375769,-1.9625528593409916
-0.004919634608086199,0.0017870962619781494,0.0019891858100891113,-3.0202465926951582e-05,-9.134511689076919e-05,-34.63674354553223,-27.751992225646973,-4.7623291015625,-4.285545349121094,2.571501547081285,85.7053469419179,7.875000000000044,16.64870262145996,-0.0005028318587897553,0.000263723311945796,-0.0002047804918342164,-8.237828243374107e-05,-0.0003244835523598625,316,0.00520530017092824,44.400269344650575,-1.9603363250267587
-0.00459859831025824,0.0016372278332710266,0.001905154436826706,-3.233717630652488e-05,-7.969798082016642e-05,-31.123920440673828,-24.295272827148438,-4.338409423828125,-4.121604919433594,2.4524433195422035,85.59820830818987,7.900000000000045,16.645959218343098,-0.0005382833316818707,0.0003388939658179879,-0.00019718342821141945,-8.015815795664524e-05,-0.0003260084331471093,317,0.004917353857308626,44.81644734843498,-1.958242903235825
-0.004271661717211828,0.0014936327934265137,0.0018101111054420471,-3.4195791376096484e-05,-6.934802233777252e-05,-26.80062198638916,-20.04684829711914,-3.928009033203125,-3.9331283569335938,2.3439830839464815,85.49516818520402,7.925000000000045,16.643318600124783,-0.0005691314193730553,0.0003983957867603749,-0.0001879242458308951,-7.779005118850886e-05,-0.0003265830348593548,318,0.004641539882868528,45.23255863061123,-1.9562679446174738
-0.003948058461537585,0.0013845115900039673,0.0017067454755306244,-3.5808995842379025e-05,-6.039494337435084e-05,-20.378968238830566,-13.72822380065918,-3.5517578125,-3.716278076171875,2.2457828581163852,85.39683997628067,7.9500000000000455,16.640823152330185,-0.0005958911626496249,0.00043314689537510276,-0.00017744208019074875,-7.582362921564859e-05,-0.00032635374683239767,319,0.004379949998110533,45.64860623192675,-1.9544058061269096
-0.003629521524999291,0.0012470334768295288,0.0015977025032043457,-3.721765997921203e-05,-5.231767689203443e-05,-11.578685283660889,-5.063145637512207,-3.203826904296875,-3.4799728393554688,2.156988912803868,85.30393302437636,7.975000000000046,16.63853433397081,-0.0006192473099670477,0.00044925935799255967,-0.00016641340086547883,-7.324265161233352e-05,-0.00032545457236229876,320,0.004133853130042553,46.06459449283084,-1.9526501601998194
-0.0033016020723152907,0.0011185482144355774,0.0014871060848236084,-3.8419390290071365e-05,-4.404305869716355e-05,-0.4218439310789108,5.926788330078125,-2.849761962890625,-3.2323226928710938,2.0768932401964304,85.21693370339247,8.000000000000046,16.63651678297255,-0.0006391648073784179,0.00046291699982248247,-0.00015500046172472142,-7.068508069828672e-05,-0.0003240036177019909,321,0.0039038776885718107,46.480529333257785,-1.950994292436077
