AY,Alphaf,Alphar,Beta,BetaR,Fxf,Fxr,Fyf,Fyr,Myf,Myr,Time,Vx,Vy,YawAcc,YawR,delta,phi,t,yaw,global_x_m,global_y_m
1.2940107239157769e-17,0.0,0.0,-0.0,-0.0,1.374053716659546,0.2894238531589508,0.0,0.0,0.0,0.0,0.0,16.666666666666668,-0.0,2.869163304912862e-17,0.0,0.0,0.0,1,0.0,0.0,0.0
3.251133944060267e-16,0.0,0.0,-1.718836668865264e-20,-3.049384747903281e-16,-61.80851745605469,-54.38505172729492,0.0,0.0,0.0,0.0,0.025,16.663378609551323,-2.8641625592447095e-19,1.7290695310538846e-16,5.199820555237514e-18,0.0,2.0079238418871016e-20,2,2.6184704728277556e-19,0.4166255659527249,5.0960502884268817e-20
2.671181049826031e-16,0.0,0.0,-1.059628563626526e-19,-1.4574355170830433e-16,-84.02241516113281,-76.58548736572266,0.0,0.0,0.0,0.0,0.05,16.659573449028862,-1.7652960254622886e-18,-9.9545742945884e-15,1.0373421624776755e-17,0.0,-1.747670295590138e-20,3,3.1432122950366817e-18,0.8331624666849773,7.344120066384362e-19
-2.3998764100553685e-16,0.0,0.0,-4.470619174831261e-19,-2.8723341342319954e-16,-112.84053802490234,-105.27796173095703,0.0,0.0,0.0,0.0,0.07500000000000001,16.655060450236004,-7.445843306656841e-18,-1.024204795952409e-14,6.803251780879973e-19,0.0,-1.423110701991384e-19,4,6.559639864857791e-18,1.2495953904257882,2.6394699471874304e-18
-9.383669972088273e-16,0.0,0.0,-1.3393068891160975e-18,-1.1074454370937981e-16,-145.1422576904297,-137.29232788085938,0.0,0.0,0.0,0.0,0.1,16.649708218044704,-2.2299068778755516e-17,-6.22688224361e-16,-1.8809798242741037e-17,0.0,-5.390589442764678e-19,5,-4.973992533236515e-18,1.6659049987792969,2.5981044726680687e-18
2.1198295366186494e-16,0.0,0.0,-1.788195927634196e-18,-2.998932459009077e-16,-178.2393035888672,-169.92459106445312,0.0,0.0,0.0,0.0,0.125,16.643462710910374,-2.9761772783564893e-17,-5.04467454747891e-15,-2.0102468689628054e-17,0.0,-1.2391847334155328e-18,6,-3.843101640000558e-17,2.0820696353912354,-7.083164956273421e-18
1.5306977996299942e-16,0.0,0.0,-2.8176788276858794e-19,3.2369760069157197e-16,-209.71090698242188,-200.79855346679688,0.0,0.0,0.0,0.0,0.15,16.63633876376682,-4.687586117314748e-18,5.249151689077887e-15,-1.8098755579384167e-17,0.0,-1.5025449470722293e-18,7,-6.92550615112918e-17,2.4980671538247003,-2.991098010257488e-17
5.198866056151809e-16,0.0,0.0,6.801329924085653e-19,3.192603585907915e-16,-237.52798461914062,-227.96859741210938,0.0,0.0,0.0,0.0,0.175,16.628411610921223,1.1309531339816042e-17,5.177366917347506e-15,7.92957743748451e-18,0.0,-9.464305632119886e-19,8,-7.273565224045773e-17,2.913876533508301,-5.934856864542504e-17
2.455152774341559e-16,0.0,0.0,5.270447406474343e-19,1.414639166481719e-16,-260.1480712890625,-249.98361206054688,0.0,0.0,0.0,0.0,0.19999999999999998,16.619802051120335,8.759379465793533e-18,2.1129103196871533e-16,1.6518205768221868e-17,0.0,-1.4122390445364975e-19,9,-5.51846663522056e-17,3.32947920428382,-8.568066470127908e-17
3.025690281944688e-16,0.0,0.0,8.93100004450306e-20,-6.327222091298722e-16,-276.56060791015625,-265.90692138671875,0.0,0.0,0.0,0.0,0.22499999999999998,16.61066903008355,1.483498797777102e-18,-1.9163425864611797e-14,4.245206843601438e-17,0.0,1.6574703969119206e-18,10,-2.6259368014920547e-17,3.7448600927988687,-1.0246942749880676e-16
1.4641323423501982e-16,0.0,0.0,-6.930999963895723e-20,5.686543631576586e-17,-286.2832336425781,-275.3016662597656,0.0,0.0,0.0,0.0,0.24999999999999997,16.601185268825954,-1.150628107373202e-18,5.087151555717819e-15,2.944604856765481e-17,0.0,5.205402255667555e-18,11,1.5260181973680427e-17,4.160008271535237,-1.0475087365085096e-16
-1.5043985628330376e-15,0.0,0.0,-8.859533449258582e-19,1.7545538383091742e-16,-289.3186950683594,-278.18609619140625,0.0,0.0,0.0,0.0,0.27499999999999997,16.591533025105793,-1.4699323923685338e-17,-1.0237019971949188e-14,3.25023275333023e-17,0.0,1.0753991772654232e-17,12,5.452850367693668e-17,4.574917250209384,-9.047339082940715e-17
-1.1829453241852943e-15,0.0,0.0,-3.6184121453126564e-18,2.4240846351408394e-18,-286.0805969238281,-274.966064453125,0.0,0.0,0.0,0.0,0.3,16.58188819885254,-6.00001082143504e-17,1.4737253504668556e-14,5.331231209427572e-18,0.0,1.7893588126894416e-17,13,8.075674323104563e-17,4.9895850155088635,-6.335949926705585e-17
-5.437714411704381e-16,0.0,0.0,-5.449813469515547e-18,-1.8523544695396178e-16,-277.3027648925781,-266.35272216796875,0.0,0.0,0.0,0.0,0.325,16.57241079542372,-9.031654971493144e-17,5.375528369533518e-16,2.5392077839914413e-18,0.0,2.5608782438972567e-17,14,9.449880062650749e-17,5.404013752937317,-2.892380460094725e-17
-1.021116497944852e-15,0.0,0.0,-6.844987257291137e-18,4.5140428245720847e-17,-263.9410400390625,-253.27064514160156,0.0,0.0,0.0,0.0,0.35000000000000003,16.56323750813802,-1.1337514676120796e-16,-1.7621373002679985e-16,8.92335480231341e-18,0.0,3.3576412640984605e-17,15,1.0191462701927809e-16,5.818209356731839,9.206413149737665e-18
2.1114569858502106e-15,0.0,0.0,-5.9599130694517185e-18,4.017588777463428e-17,-247.07151794433594,-236.7657470703125,0.0,0.0,0.0,0.0,0.37500000000000006,16.554477479722763,-9.866324325858485e-17,1.6991012530899407e-18,1.3331832805082352e-17,0.0,3.600064649721789e-17,16,1.0873381134493665e-16,6.232180794080099,5.015677832533755e-17
2.0421865626023267e-15,0.0,0.0,-3.7380530435843285e-18,-1.3475469979568812e-16,-227.8072052001953,-217.91770935058594,0.0,0.0,0.0,0.0,0.4000000000000001,16.54621018303765,-6.185061050630503e-17,7.458253214307387e-16,3.67380666450768e-18,0.0,2.7535785744034717e-17,17,1.2159581474309109e-16,6.645939389864605,9.580012189466485e-17
-1.8398797774945663e-16,0.0,0.0,-1.8801605866170443e-18,-7.308065212066711e-17,-207.2127685546875,-197.76382446289062,0.0,0.0,0.0,0.0,0.4250000000000001,16.53848648071289,-3.109500962762389e-17,-2.0384259533687103e-14,3.1450846418223953e-17,0.0,2.9074444620898524e-17,18,1.329819492574386e-16,7.059498098161487,1.472791776191144e-16
-1.2738708934936246e-16,0.0,0.0,-3.7368710554573415e-18,-2.0180074375746217e-16,-186.24569702148438,-177.23797607421875,0.0,0.0,0.0,0.0,0.4500000000000001,16.53132650587294,-6.177543633223621e-17,-7.440855686966375e-16,-1.8470355830262e-17,0.0,3.550650015661379e-17,19,1.316996075497446e-16,7.4728707604938105,2.008244143330306e-16
-1.4719241851971007e-16,0.0,0.0,-2.6302088581644936e-18,1.1532731472003167e-16,-165.7115020751953,-157.12701416015625,0.0,0.0,0.0,0.0,0.47500000000000014,16.524732377794052,-4.3463495749451184e-17,-5.183260360836265e-16,-2.7359290916564837e-17,0.0,3.192208940006958e-17,20,9.953625114761662e-17,7.886071496539648,2.4728366674705226e-16
5.085413192647147e-16,0.0,0.0,-9.002847488472255e-19,-1.0407432576630692e-16,-146.23915100097656,-138.04586791992188,0.0,0.0,0.0,0.0,0.5000000000000001,16.518680784437393,-1.487151627362136e-17,-1.022900449916932e-14,-4.0930512236680794e-17,0.0,2.767685003273778e-17,21,4.4001515342733684e-17,8.299114161067541,2.7620019032278137e-16
-1.497581040809538e-15,0.0,0.0,-1.0256364145542062e-18,5.6253623553753865e-16,-128.274169921875,-120.4315414428711,0.0,0.0,0.0,0.0,0.5250000000000001,16.513138877020943,-1.6936477087544766e-17,9.64321684163898e-15,-5.988464007673601e-17,0.0,3.2150195322163076e-17,22,-2.1055478828398394e-17,8.712011906835771,2.8054202715529963e-16
9.715561621261506e-16,0.0,0.0,3.0362689599829535e-19,1.8218121735291517e-16,-112.08958435058594,-104.55209350585938,0.0,0.0,0.0,0.0,0.5500000000000002,16.508058971828884,5.012290811779807e-18,5.631516761028582e-15,-4.2061329078580037e-17,0.0,3.717816076334065e-17,23,-9.33539760412892e-17,9.124776879946394,2.567831624798548e-16
2.1698986930697004e-16,0.0,0.0,2.401277600214499e-18,9.001074691075697e-17,-97.8101577758789,-90.5304946899414,0.0,0.0,0.0,0.0,0.5750000000000002,16.5033933851454,3.962923053068049e-17,9.811049643873842e-15,-5.3776391539714454e-17,0.0,3.062656388707947e-17,24,-1.5475920603601607e-16,9.537420034408573,2.0615186901001744e-16
3.4224260817912743e-16,0.0,0.0,3.54680773422564e-18,1.9181459475613308e-17,-85.44776916503906,-78.37946319580078,0.0,0.0,0.0,0.0,0.6000000000000002,16.49909019470215,5.851909831112752e-17,4.465722869349386e-16,-3.388082736544794e-17,0.0,3.248086926301803e-17,25,-2.176316823838446e-16,9.949951079156667,1.3056901294477792e-16
-0.0006839196415967309,0.0025717616081237793,-8.288770914077759e-06,-2.0321262335159765e-07,-3.8280766611076803e-05,-74.94629669189453,-68.04572296142578,-1.2584381103515625,0.002960205078125,0.0,0.0,0.6250000000000002,16.495096418592667,-3.3520116933990116e-06,-0.00046670311712659895,-2.3959108469227822e-06,-4.076144898907412e-05,-3.13206260583648e-08,26,-5.660004944729735e-07,10.362378411822796,-1.5860305519734372e-07
-0.006573677284177393,0.012459889054298401,-9.935721755027771e-05,-4.351991817610228e-06,-0.00034131783833734946,-66.24165344238281,-59.46883010864258,-12.124954223632812,0.07086944580078125,-0.03146095275878879,7.400512695312434e-05,0.6500000000000002,16.491363313462998,-7.177028035382844e-05,-0.004391783382743597,-5.3484752299060454e-05,-0.0002192032548859034,-9.501754516373485e-07,27,-2.8899246899527498e-05,10.774709158361429,-7.171684365019823e-06
-0.020411750581115485,0.031193114817142487,-0.0002935342490673065,-2.0012089456868394e-05,-0.0009673742805455434,-59.32816505432129,-52.64775848388672,-37.72200012207031,0.3022308349609375,-0.3345848083496067,0.0018457412719726407,0.6750000000000003,16.487843195597332,-0.0003299562053547965,-0.01366509310901165,-0.00026444162330902286,-0.0005768955677937809,-6.310190463808947e-06,28,-0.00022926363453734666,11.186949233250644,-6.540140037297434e-05
-0.04868654254823924,0.0648905411362648,-0.0004537999629974365,-5.783430439599891e-05,-0.0021248246618887122,-54.358930587768555,-47.74003219604492,-89.86808776855469,0.6231689453125,-1.277634811401359,0.009401512145996027,0.7000000000000003,16.484485202365452,-0.0009533687261864543,-0.032414428889751434,-0.0008181152196240045,-0.0012596441817441992,-2.3672773748586595e-05,29,-0.0009485567570663989,11.599103227858608,-0.00032414958535020416
-0.09439050368964673,0.11248824745416641,-0.00011512264609336853,-0.00013051362689261994,-0.0037406497996184526,-51.89275932312012,-45.30310249328613,-173.55514526367188,0.5403289794921875,-3.524337005615215,0.024980735778808456,0.7250000000000003,16.48122787475586,-0.0021510247865484822,-0.06221335008740425,-0.0019744769948604546,-0.0022829136362623823,-6.588563659169898e-05,30,-0.002859868109226227,12.01117361793931,-0.0011475861543185522
-0.16342088766396046,0.17984620574861765,0.0015685856342315674,-0.0002503730327243264,-0.00585659292330148,-51.20829200744629,-44.82051467895508,-298.4034423828125,-1.1421585083007812,-7.863215637206993,0.03848896026611316,0.7500000000000003,16.477997038099502,-0.004125646212034755,-0.10592054575681686,-0.004049087026187612,-0.003802132280356592,-0.00015102392529236678,31,-0.007042734418064356,12.42315753860725,-0.0032658340439320832
-0.25624153576791286,0.2648926079273224,0.005933370441198349,-0.00042576588977892837,-0.008173690793887132,-48.40641212463379,-42.231712341308594,-463.1836471557617,-6.494102478027344,-15.323301696777264,0.00993499755859419,0.7750000000000004,16.474794811672634,-0.0070144060171312755,-0.16219618916511536,-0.007371544592960665,-0.005814618747733985,-0.0003017257485329696,32,-0.015054147690534592,12.835037310661555,-0.00795574628409347
-0.3799457579851151,0.37289659678936005,0.014568440616130829,-0.0006633046771752627,-0.010776795520790482,-43.57766342163086,-37.692105293273926,-677.9265365600586,-18.475379943847656,-26.902892875671252,-0.15241756439208762,0.8000000000000004,16.471664640638565,-0.010925733173886934,-0.23329029977321625,-0.012288583646357897,-0.008457025126439043,-0.0005432775802950589,33,-0.028920946642756462,13.246753348077297,-0.01723386041499816
-0.5337950371205807,0.5035480260848999,0.029337715357542038,-0.0009646026034432733,-0.013288694262439725,-33.70107555389404,-28.241480827331543,-937.6453857421875,-40.675880432128906,-43.85105628967265,-0.614302062988275,0.8250000000000004,16.46866692437066,-0.01588572437564532,-0.31629735231399536,-0.019130855141287036,-0.011753059661920117,-0.0009033272068865768,34,-0.05117456987500191,13.65813778837472,-0.03405267248741135
-0.7209707215428353,0.664456769824028,0.05236122012138367,-0.0013267895858578912,-0.015620044206046504,-16.20216393470764,-11.151561290025711,-1243.8447570800781,-77.33779525756836,-67.29219093322725,-1.6311990737914903,0.8500000000000004,16.4659489525689,-0.021846861475043826,-0.410205215215683,-0.028188087077510787,-0.01585691626040089,-0.0014097382112868025,35,-0.08478352427482605,14.068778393112343,-0.06248281911830684
-0.9369212687015535,0.8543551862239838,0.08570758119458333,-0.0017399769483890833,-0.0172776944967554,9.276580095291138,14.405150532722473,-1583.4815063476562,-133.06368255615234,-98.3883098602291,-3.564643955230687,0.8750000000000004,16.463678148057724,-0.028646449661917157,-0.5089538097381592,-0.039670926134578705,-0.020745956232095412,-0.0020893324487654143,36,-0.13308808207511902,14.477768890074131,-0.10784766302644982
-1.173667633533478,1.0848295390605927,0.13155877403914928,-0.0021812948601943757,-0.017749575432998415,41.785640716552734,48.10673522949219,-1937.8421020507812,-211.8570055961609,-137.97534751892036,-6.891236019134471,0.9000000000000005,16.462012396918404,-0.035908561613824636,-0.604854166507721,-0.053611754686870475,-0.02660851630071435,-0.002964394257840273,37,-0.19960440695285797,14.883297974000879,-0.17675215978132222
-1.4156645566225052,1.3529386520385742,0.19183658063411713,-0.0026119241073453104,-0.016323079202529994,79.44328117370605,88.77993965148926,-2273.4716186523438,-318.6130485534668,-186.42140007018975,-12.18766115903846,0.9250000000000005,16.46106931898329,-0.04299516479174296,-0.6833930015563965,-0.06977499949121178,-0.03330775523916022,-0.004047799658277857,38,-0.2877323031425476,15.282050375115146,-0.276900095121494
-1.6415042757987977,1.6701849699020386,0.26725584268569946,-0.0029749855246598424,-0.012381108728589435,119.81961059570312,134.4014129638672,-2546.9942626953125,-457.4465026855469,-243.2581905364982,-20.15298737287508,0.9500000000000005,16.46092414855957,-0.04897115545140372,-0.7247377634048462,-0.08746967843564633,-0.04091148482698646,-0.0053361108576104686,39,-0.4002145230770111,15.668465514537411,-0.4165384002881938
-1.8348435431718828,2.0482483506202698,0.35660165548324585,-0.003207711734196166,-0.00599961091562254,160.31268310546875,183.01634979248047,-2732.661865234375,-624.1502380371094,-306.9330471038809,-31.58914994001369,0.9750000000000005,16.46160231696235,-0.052804255651103124,-0.7202762365341187,-0.10562484706088002,-0.04942584593915977,-0.00680442287838234,40,-0.5385037660598755,16.034039086398483,-0.6033663722930397
-1.9935673862695695,2.515840530395508,0.45712022483348846,-0.0032592366192080936,0.0018124995842320921,198.49444580078125,231.37100219726562,-2827.0823974609375,-818.2596130371094,-375.2495937347402,-47.19290589094135,1.0000000000000004,16.463083691067165,-0.05365727676285638,-0.6691716909408569,-0.12308195955251189,-0.05918607750175878,-0.008406590993147018,41,-0.7024284601211548,16.366989430608495,-0.8429290012414533
-2.116671547293663,3.0897393226623535,0.5642892867326736,-0.003107692350209577,0.010099195793311854,232.81739044189453,279.1093292236328,-2846.6142578125,-1021.6344909667969,-445.9266536712636,-67.649396216869,1.0250000000000004,16.465282440185547,-0.051169200903839536,-0.5863673090934753,-0.1388354811843337,-0.07036647924693998,-0.010083701605313557,42,-0.8902227282524109,16.65263979310195,-1.136760543673123
-2.2136263072490694,3.788218140602112,0.673310786485672,-0.0027584809310094082,0.0176377372313773,260.34617614746094,324.2603302001953,-2815.385986328125,-1227.7668151855469,-517.092010116576,-93.19025849103888,1.0500000000000003,16.468080944485134,-0.04542700118488736,-0.48434174060821533,-0.15222209343021237,-0.08324474813618216,-0.011773303587319596,43,-1.0989365577697754,16.874712612285077,-1.4807403287405168
-2.289438059926033,4.614070415496826,0.7805479466915131,-0.0022351632749507077,0.02385029076269229,283.87913513183594,364.9918670654297,-2755.33447265625,-1423.851806640625,-587.4766597747791,-123.88442887067751,1.0750000000000002,16.47130012512207,-0.036816104418701597,-0.37677329778671265,-0.16298377759241126,-0.09788184351071834,-0.013418312185229023,44,-1.3249573707580566,17.01743650646121,-1.8641677910519387
-2.352159851789475,5.567116022109985,0.8827629387378693,-0.0015778307495236642,0.028281366375285413,305.2888488769531,401.175048828125,-2696.2769775390625,-1594.8887329101562,-656.3600215911854,-159.4807240366931,1.1,16.474816004435223,-0.02599449207385381,-0.28188401460647583,-0.17120448982429512,-0.11434398237433979,-0.014972367590128436,45,-1.564524531364441,17.06806457513078,-2.2699137980772006
-2.402998632192612,6.637269496917725,0.9781785309314728,-0.0008315217910138966,0.03121767416644971,323.09193420410156,431.1310272216797,-2642.617919921875,-1739.08154296875,-723.766946029662,-199.352942359447,1.125,16.478445265028213,-0.013702188928922018,-0.2010846585035324,-0.17720119622985378,-0.13255000489282637,-0.016404630188535264,46,-1.8142271041870117,17.019216747032175,-2.6757132925221585
-2.4481004238128663,7.812753438949585,1.0660160183906555,-2.922837786021021e-05,0.03266614459680319,339.64881896972656,456.51165771484375,-2601.72314453125,-1860.3536987304688,-789.8323940277089,-242.82998093366575,1.15,16.482019424438477,-0.0004817427058393757,-0.13496653735637665,-0.18133923257637571,-0.15237352742769703,-0.017697839367634423,47,-2.0711560249328613,16.870558193614283,-3.056345330346987
-2.500621193647385,9.074779510498047,1.146066129207611,0.0007851548300565586,0.032380062839079835,357.9029235839844,476.0248565673828,-2600.760986328125,-1955.7930908203125,-854.8754726409902,-289.33882340192747,1.1749999999999998,16.485379536946613,0.012943577021360397,-0.09442120045423508,-0.18419642159662403,-0.17360249161596492,-0.018848364489846083,48,-2.3330204486846924,16.629535146803295,-3.3862716303215064
-2.5409232258796695,10.410111427307129,1.2184868454933167,0.0015879767690984855,0.03190810908202576,374.8063659667969,490.84043884277344,-2599.841552734375,-2029.6039428710938,-919.8944972991933,-338.2336506724353,1.1999999999999997,16.488364537556965,0.026183161470625136,-0.06303533166646957,-0.18613686734588303,-0.19606864393338597,-0.01986694038301733,49,-2.5983035564422607,16.31109718853653,-3.6422589986659144
-2.5728202760219574,11.806638240814209,1.2846664190292358,0.002378144596791914,0.031260193197728506,391.7944793701172,502.75135803222656,-2598.5760498046875,-2089.0440673828125,-984.8905361175526,-388.9737492442127,1.2249999999999996,16.490882237752277,0.03921777837806278,-0.03749922662973404,-0.18738723812243205,-0.2195795793135803,-0.02076650834557026,50,-2.8658692836761475,15.93662169709057,-3.80567660596704
-2.5961298048496246,13.252077102661133,1.345150887966156,0.003150073021947365,0.030549928135004373,409.4706573486328,512.3078308105469,-2596.83544921875,-2133.8385620117188,-1049.8549373626697,-441.199850928783,1.2499999999999996,16.49287329779731,0.05195392502678765,-0.017898673191666603,-0.18806191669508998,-0.24393754140085278,-0.02155916703511332,51,-3.134809732437134,15.53225342344627,-3.8643151854752484
-2.613898903131485,14.733930110931396,1.400903344154358,0.003904037593312391,0.029745437103961873,428.2757568359375,520.44384765625,-2594.56396484375,-2169.5054931640625,-1114.7758235931385,-494.545814979076,1.2749999999999995,16.49430380927192,0.06439470996459325,-0.001985633047297597,-0.18830697744964772,-0.26893556096661214,-0.02225564815860169,52,-3.404412269592285,15.126793649972793,-3.8135740969287886
-2.6282108545303347,16.239275455474854,1.451988160610199,0.0046352979361615155,0.02876873525774292,448.46827697753906,528.3315734863281,-2591.8592529296875,-2199.6199340820312,-1179.6399227142322,-548.7834523081776,1.2999999999999994,16.49516847398546,0.07646056512991588,0.011740490794181824,-0.18817751453115625,-0.2943592951549991,-0.022865857426933704,53,-3.674103260040283,14.749360814794178,-3.656926622093422
-2.6373673141002656,17.75502586364746,1.4989320039749146,0.005342484239023895,0.027804797859404935,470.1294403076172,536.6907196044922,-2588.7596435546875,-2220.8796997070312,-1244.4364040374744,-603.7739506602284,1.3249999999999993,16.495483186509873,0.08812770247459412,0.0218361746519804,-0.1877550373137288,-0.3199887086033242,-0.023399492491547536,54,-3.943397045135498,14.427055070176198,-3.405660906615122
-2.6450447678565983,19.267601013183594,1.5420439839363098,0.0060236553071362125,0.02668473680335026,493.2276153564453,546.3324890136719,-2585.2330322265625,-2239.881103515625,-1309.1553951263415,-659.2959431529041,1.3499999999999992,16.495282914903427,0.09936310350894928,0.031024374067783356,-0.18709262592684203,-0.34559328807448436,-0.023864919423336312,55,-4.211918354034424,14.1828460473681,-3.0779466688024475
-2.650648868083954,20.763442993164062,1.5812486410140991,0.006675282452054115,0.025467730441832894,517.6251831054688,557.7517395019531,-2581.198974609375,-2255.448974609375,-1373.7862209320056,-715.2929707407948,1.3749999999999991,16.49462064107259,0.11010788381099701,0.03878675773739815,-0.18621526415047224,-0.3709423871733218,-0.024270154753300098,56,-4.479336738586426,14.033861236312267,-2.697348580134543
-2.653872656822205,22.22861385345459,1.6169495582580566,0.007295934744840333,0.024214659053490968,543.1007385253906,571.6365661621094,-2576.558837890625,-2266.9547729492188,-1438.31619529724,-771.6791951060292,1.399999999999999,16.493559943305122,0.12033807734648387,0.04487067833542824,-0.18516486348227454,-0.39579668758637937,-0.024622343243300863,57,-4.745370864868164,13.990199751874234,-2.290950651856222
-2.6555283606052402,23.649242401123047,1.6494204998016357,0.007884905823627617,0.022915852034616137,569.345458984375,588.3634643554688,-2571.2342529296875,-2275.8241577148438,-1502.7301662445057,-828.3530644297597,1.424999999999999,16.49218135409885,0.13004198670387268,0.04986343905329704,-0.18397945719156664,-0.4199161219861432,-0.024927194044925473,58,-5.009799957275391,14.054352870476936,-1.8872654704357694
-2.656254428625107,25.012051582336426,1.6786777973175049,0.008440492201585886,0.021550347394597033,596.0163269042969,608.1615905761719,-2565.1796875,-2283.15625,-1567.011022567748,-885.2486683726308,1.4499999999999988,16.490568584865994,0.13919181293911403,0.054211363196372986,-0.18267673865484077,-0.4430694947004808,-0.025189378093054573,59,-5.27244234085083,14.22124053265703,-1.5141223387904013
-2.6553715229034425,26.304351806640625,1.7049852013587952,0.00896189909157732,0.02018257906765136,622.7501831054688,631.0916442871094,-2558.3748779296875,-2287.63525390625,-1631.140514755248,-942.3275746226309,1.4749999999999988,16.488813824123806,0.14777503079838222,0.05735832080245018,-0.18128100921704385,-0.4650384265200056,-0.025412960869539734,60,-5.533143997192383,14.478813838831837,-1.196706984778365
-2.6537651777267457,27.51187038421631,1.7284398674964905,0.00944873222092491,0.018785780204229222,649.1332092285156,657.13623046875,-2550.8564453125,-2290.783447265625,-1695.0998867034903,-999.5184559702872,1.4999999999999987,16.487010320027668,0.15578599439726937,0.059923235327005386,-0.17981369068019426,-0.48557139852451653,-0.025601210988500107,61,-5.791787147521973,14.80914062191446,-0.9558953348975378
-2.6510449051856995,28.622315406799316,1.7491896748542786,0.009900559346100169,0.01739849173873111,674.7942199707031,686.0745544433594,-2542.7415771484375,-2291.7367553710938,-1758.8712978363028,-1056.7880421519278,1.5249999999999986,16.48525555928548,0.16321859425968593,0.061514150351285934,-0.17829269280262275,-0.5044564563807569,-0.025757010073458944,62,-6.048279762268066,15.189855368273943,-0.8069878897227846
-2.6475077331066132,29.62238883972168,1.7674161791801453,0.010318067063321635,0.016031196747057306,699.3415832519531,717.5385437011719,-2534.189697265625,-2290.877685546875,-1822.4398372650137,-1114.0814610362052,1.5499999999999985,16.483640670776367,0.1700853473610348,0.062228672206401825,-0.17674464719523014,-0.521459208623286,-0.025882784097721743,63,-6.30256462097168,15.59583489391411,-0.7589087702432261
-2.643270486593247,30.49909019470215,1.7833348512649536,0.010701713103401662,0.014698557179365461,722.4044189453125,751.2163391113281,-2525.3880615234375,-2288.2534790039062,-1885.7945796966544,-1171.353403174877,1.5749999999999984,16.482255723741318,0.17639511161380345,0.06205939128994942,-0.1751885122360264,-0.5363514057019274,-0.025980632381241535,64,-6.554614543914795,16.00095930910097,-0.8138895956308813
-2.6386103332042694,31.241189002990723,1.7971632480621338,0.011052640753073847,0.01340683354481186,743.6580810546875,786.6162414550781,-2516.52001953125,-2284.2327270507812,-1948.9292812347403,-1228.5597401499747,1.5999999999999983,16.481185489230686,0.18216805325614083,0.061131879687309265,-0.17364732426844073,-0.5489352912609857,-0.026052471151646425,65,-6.804435729980469,16.37982509477361,-0.9676167691993657
-2.6338792085647587,31.837146759033203,1.8090071082115173,0.011371724902368168,0.012151875057166263,762.8064575195312,823.2647094726562,-2507.8040771484375,-2279.3038330078125,-2011.8422817230216,-1285.6655583262443,1.6249999999999982,16.480511559380425,0.18741993440522087,0.05960337445139885,-0.1721369124562023,-0.5590092972954557,-0.02610015421872645,66,-7.052060604095459,16.709298847410302,-1.209788385446022
-2.6291904330253604,32.27575492858887,1.819024920463562,0.01166000376799084,0.010943084963730712,779.5860290527344,860.6834716796875,-2499.4188232421875,-2273.5625610351562,-2074.5373836517324,-1342.6481541514397,1.6499999999999981,16.480309168497723,0.1921691828303867,0.05748770758509636,-0.1706720240538474,-0.5663761501475897,-0.0261255770041637,67,-7.297544956207275,16.96982673130506,-1.5250044802907683
-2.624611181020737,32.546875953674316,1.827386498451233,0.011918770439486769,0.009791848278165293,793.857177734375,898.7247924804688,-2491.50048828125,-2267.0283813476562,-2137.0228542327873,-1399.4872181773187,1.674999999999998,16.4806514316135,0.1964383986261156,0.05475768446922302,-0.16926768927677818,-0.5708576676957046,-0.02613063492964025,68,-7.5409650802612305,17.146442505967322,-1.8939042979221121
-2.620129770040512,32.64110851287842,1.8342835903167725,0.012149633216483014,0.008715176462081543,805.5238342285156,937.08056640625,-2484.1493530273438,-2259.6159057617188,-2199.3103664398186,-1456.16292771101,1.699999999999998,16.481610404120552,0.200255380736457,0.05136553570628166,-0.16793933781456027,-0.5722888171759996,-0.026117138112459512,69,-7.782418727874756,17.229442364749005,-2.294460017819266
-2.6155627846717837,32.54970359802246,1.8400278687477112,0.012354889075419765,0.0077441598406115305,814.4879455566406,975.2725830078125,-2477.447021484375,-2250.9765014648438,-2261.4141002655024,-1512.653325355053,1.7249999999999979,16.483261320326065,0.20365923643112183,0.04718122258782387,-0.16670587811093326,-0.5705155014298998,-0.02608668652987014,70,-8.022028923034668,17.214717991185193,-2.703337966089962
-2.611299252510071,32.26467323303223,1.8448216319084167,0.012537191814711395,0.006872910331032661,820.6668701171875,1012.7085876464844,-2471.4345092773438,-2241.87744140625,-2323.3502758026116,-1568.927737891674,1.7499999999999978,16.485668818155926,0.2066948182053036,0.04255705699324608,-0.1655835554485466,-0.5653968225909834,-0.026040524377443898,71,-8.259944915771484,17.103761510586676,-3.0972443091010904
-2.6076110839843754,31.77874183654785,1.8489338159561157,0.012698884183879336,0.00609300828714081,824.0361938476562,1048.825439453125,-2466.1775512695312,-2232.8592529296875,-2385.1361385345454,-1624.9746739268303,1.7749999999999977,16.488895416259766,0.20940182937516105,0.03775881230831146,-0.16457942720428906,-0.5568041999128701,-0.025979721080806026,72,-8.496332168579102,16.90337591421616,-3.4541857719727536
-2.6046075105667117,31.08585262298584,1.8523816466331482,0.012842210104201435,0.005401367146844467,824.6505737304688,1083.1065063476562,-2461.6991577148438,-2224.21826171875,-2446.790577316284,-1680.7961552500724,1.7999999999999976,16.49300151401096,0.21181823478804696,0.03295107185840607,-0.1636957071308167,-0.5446295589895729,-0.025905296131311317,73,-8.731363296508789,16.62513417334128,-3.7545935720522268
-2.602380532026291,30.181631088256836,1.855374276638031,0.012969296983657858,0.00479027102506351,822.6451110839844,1114.9570922851562,-2457.9943237304688,-2216.2598266601562,-2508.333056259155,-1736.4016117930412,1.8249999999999975,16.49804009331597,0.21397997935612997,0.028325969353318214,-0.16293038121255518,-0.5287937706472028,-0.025818200360692718,74,-8.965210914611816,16.28463144124671,-3.9822727733452026
-2.601028281450272,29.061562538146973,1.8579541444778442,0.013082009035011657,0.004248026720062482,818.1980285644531,1143.6793823242188,-2455.0286254882812,-2209.3662109375,-2569.782914352417,-1791.808107459545,1.8499999999999974,16.504064136081272,0.2159186369842953,0.024134231731295586,-0.16227580950612733,-0.509216191039001,-0.025719259765007073,75,-9.198041915893555,15.90057548610306,-4.125149385843566
-2.600520092248917,27.72309112548828,1.8601143956184387,0.013181933751943872,0.0037630281550048742,811.5839233398438,1168.5042114257812,-2452.7427368164062,-2203.74755859375,-2631.158629989624,-1847.0422627329824,1.8749999999999973,16.51111814710829,0.21766106287638345,0.020568449050188065,-0.1617186262718123,-0.4858463199727968,-0.02560910476441867,76,-9.43000602722168,15.493761234582186,-4.17579707678266
-2.601122033596039,26.166035652160645,1.8618292808532715,0.01327014056007974,0.003299821997879005,803.1379699707031,1188.3248901367188,-2451.0732421875,-2200.237060546875,-2692.477198410034,-1902.1359516978262,1.8999999999999972,16.519240273369682,0.21922551923327976,0.018138686195015907,-0.1612377925369985,-0.45867618461007675,-0.025488199331523673,77,-9.66123104095459,15.085974018171646,-4.131731247365472
-2.6031048476696017,24.418806076049805,1.862862467765808,0.013347230751259126,0.002866866645963454,793.283447265625,1201.5614013671875,-2450.1107177734375,-2199.7224731445312,-2753.7540294647215,-1957.1418782114981,1.9249999999999972,16.5284358130561,0.22062194016244677,0.01727404072880745,-0.16079818786481048,-0.4281079722097133,-0.025357067776161694,78,-9.891804695129395,14.698865284652758,-3.995465471995694
-2.606802070140839,22.64917278289795,1.8624197244644165,0.013411545051287239,0.002273084192159914,783.7151184082031,1206.7669067382812,-2450.4689331054688,-2202.7098999023438,-2815.0067974090575,-2012.1349400401114,1.949999999999997,16.538659201727974,0.22182227836714852,0.018115637823939323,-0.16035981490462664,-0.397070860365171,-0.025220083508185345,79,-10.121758460998535,14.352843803084122,-3.7743301985327418
-2.612004292011261,20.8814058303833,1.860137939453125,0.01345954020755751,0.0015578251822432325,773.7994995117188,1202.7232666015625,-2451.94189453125,-2209.3726196289062,-2876.2685207366944,-2067.20268753767,1.974999999999997,16.549814012315537,0.22276633315616184,0.021014057099819183,-0.15987520281001627,-0.36608804371735265,-0.02508588307578597,80,-10.351064682006836,14.066027795616268,-3.480053270800636
-2.618370968103409,19.116472244262695,1.8557445406913757,0.013487735385301423,0.0006866862042525739,762.8463134765625,1188.9683227539062,-2454.1841430664062,-2219.5810546875,-2937.5670680999756,-2122.4370030283926,1.999999999999997,16.561756134033203,0.2233941356341044,0.026078157126903534,-0.1592909219116097,-0.33517285471646546,-0.024961804736123496,81,-10.579620361328125,13.85330720319341,-3.128112244716133
-2.625400334596634,17.355015754699707,1.8489789366722107,0.013491966274423827,-0.0003614531501967668,750.4516906738281,1165.3740234375,-2457.04150390625,-2232.5722045898438,-2998.921671676636,-2177.92652939558,2.024999999999997,16.5743350982666,0.22363392843140495,0.03299626335501671,-0.15855640543820904,-0.3043334825828615,-0.02485247989278114,82,-10.807247161865234,13.725569806289093,-2.7368784391932524
-2.632989001274109,15.59736442565918,1.8395981192588806,0.013467278979178253,-0.0016253430778091964,736.4617004394531,1132.38818359375,-2460.4931030273438,-2248.068115234375,-3060.3477092742924,-2233.7408345103263,2.0499999999999967,16.58739619784885,0.22340060936080086,0.04154125973582268,-0.15762737833669171,-0.27357481255266536,-0.024759787322684173,83,-11.033699989318848,13.689149261506103,-2.3265875573127635
-2.6406892359256746,13.843469619750977,1.8271118998527527,0.013408145359708185,-0.003113407483505914,721.162109375,1091.1465454101562,-2464.4866943359375,-2265.0659790039062,-3121.860036849976,-2289.942537391186,2.0749999999999966,16.600800620185005,0.2225992911391788,0.051110368221998215,-0.15647083405429754,-0.2428975520280416,-0.024683533530534638,84,-11.258674621582031,13.74554346110597,-1.9181964462637682
-2.6480868935585025,12.09305477142334,1.8112418055534363,0.013308959253859547,-0.004821675519980429,704.7763366699219,1042.1109008789062,-2468.9983520507812,-2282.639892578125,-3183.4722042083745,-2346.5691868662834,2.0999999999999965,16.614423327975803,0.22113372882207236,0.06117219850420952,-0.1550676311206916,-0.21230042768509397,-0.024622135183840703,85,-11.481834411621094,13.891434943059147,-1.5322043953145577
-2.654721975326538,10.34553337097168,1.7917160987854004,0.013164674179426097,-0.0067239616037996705,687.5173645019531,985.6299133300781,-2474.5130615234375,-2299.3117065429688,-3245.197163009644,-2403.635184180737,2.1249999999999964,16.62814564175076,0.218916783730189,0.07083228975534439,-0.15341678749522192,-0.1817781548135344,-0.024573124697404837,86,-11.702820777893066,14.119015073993582,-1.1875278841394294
-2.661001032590866,8.600007057189941,1.768339216709137,0.012970102173768686,-0.008829267427507568,669.9354248046875,921.7166137695312,-2482.137451171875,-2314.5413208007812,-3307.05998954773,-2461.117976844311,2.1499999999999964,16.64185947842068,0.21585873431629604,0.07938237488269806,-0.15153637938378742,-0.15132253587063246,-0.02453365373721742,87,-11.92129135131836,14.41658430623324,-0.900518076336765
-2.6811519026756288,6.85297417640686,1.7408570051193237,0.012716402790425014,-0.01189642069227612,659.89599609375,849.720703125,-2517.3965454101562,-2328.04931640625,-3369.1134258270267,-2518.9815098643307,2.1749999999999963,16.655477947658962,0.211809194750256,0.0771847665309906,-0.14950543609173617,-0.12089461796425655,-0.02450131089413517,88,-12.136950492858887,14.769372088675697,-0.6841983614570376
-2.728887224197388,5.094751834869385,1.7087790966033936,0.012363403908826912,-0.016290489808987448,653.0721435546875,766.7395629882812,-2606.891845703125,-2339.3234252929688,-3432.048339462281,-2577.182742774487,2.199999999999996,16.668934292263454,0.20609527826309204,0.05533474683761597,-0.14783240500543476,-0.09042591624249958,-0.02448274158731567,89,-12.3499116897583,15.160506879839964,-0.547844661768466
-2.7783544778823854,3.3248380422592163,1.6729222536087036,0.011903660121192471,-0.020142841791354935,628.9326171875,676.19970703125,-2704.6082763671875,-2348.1785278320312,-3497.2206356048596,-2635.665828406811,2.224999999999996,16.6820494333903,0.198586814933353,0.030334440991282463,-0.14677654485700242,-0.05993690791743078,-0.02449730158833784,90,-12.560930252075195,15.571961982722307,-0.49696147471684715
-2.767514276504517,1.5459378361701965,1.636445164680481,0.011383378312731866,-0.020076839088807606,609.0131225585938,584.0531616210938,-2700.6793212890625,-2348.7708129882812,-3564.835842514039,-2694.370291602612,2.249999999999996,16.69463899400499,0.19004959199163649,0.03974565863609314,-0.14612701651188892,-0.02939732970027219,-0.024557162375621177,91,-12.77083683013916,15.985289384301044,-0.5333905301613902
-2.2680286914110184,-0.20725158014101908,1.6046431064605713,0.01111091196608154,0.005546026208157558,562.7457885742188,487.56214904785156,-1804.7960815429688,-2347.7892456054688,-3632.352825546262,-2753.0895619273188,2.274999999999996,16.706747478908962,0.18563484152158102,0.38803598284721375,-0.14210452806716278,0.0014157156295401068,-0.02461435792121983,92,-12.978408813476562,16.38239330223178,-0.6549436162075629
-0.8944622799754144,-1.4969531297683716,1.5857014656066895,0.012036537295425214,0.06729008294065371,436.7953796386719,406.5746612548828,697.5093841552734,-2345.5145874023438,-3677.4727275848263,-2811.7842930674556,2.299999999999996,16.717017491658527,0.20122471782896253,1.2926621437072754,-0.1215386826679462,0.02764640011178867,-0.0243416294196497,93,-13.170122146606445,16.748127395108526,-0.8530156678372728
0.14504178892821074,-2.7637641429901123,1.5469881296157837,0.014135952955815913,0.08793556517884207,330.4871368408203,346.8305969238281,2585.7464599609375,-2332.533203125,-3660.0349929809363,-2870.422157752514,2.3249999999999957,16.723659303453232,0.23642059829499987,1.9946951866149902,-0.07917960750212275,0.05665423730115027,-0.0231033177694117,94,-13.316160202026367,17.076576328416387,-1.1098791766224048
0.2815661516040564,-4.114721059799194,1.416131615638733,0.01585606789795208,0.045224232863396,248.71588134765625,287.18125915527344,2782.1990966796875,-2275.0880126953125,-3595.391331481912,-2928.7354878306387,2.3499999999999956,16.72679265340169,0.26524340113004047,2.041116714477539,-0.027863250084142973,0.08750507351100917,-0.02064030779941413,95,-13.393086433410645,17.375628285242055,-1.401758377186043
0.29392068013548855,-5.561516046524048,1.1776285767555237,0.016348982605320216,-0.003567242122397416,198.67675018310547,224.50391387939453,2664.6644287109375,-2128.5059204101562,-3525.83635406492,-2985.612688148021,2.3749999999999956,16.727429495917427,0.27350082993507385,1.9237101078033447,0.021761735806122073,0.11790858188151883,-0.017337662434660717,96,-13.397286415100098,17.66317512543275,-1.705459263381838
0.3799062564969063,-7.108302116394043,0.8655366599559784,0.015718153604188802,-0.044661581826467914,164.12531280517578,161.06850051879883,2574.43505859375,-1872.039794921875,-3459.219743347147,-3038.825336158274,2.3999999999999955,16.726056204901802,0.2629243665271335,1.7708097696304321,0.06801207007336339,0.14827067809707775,-0.013675046115799165,97,-13.332710266113281,17.959579043754346,-2.0002064583062977
0.5850476704537869,-8.734763622283936,0.514075368642807,0.014193281659469072,-0.07460162526589813,148.84761428833008,103.8578052520752,2571.06787109375,-1482.8912963867188,-3394.858866882303,-3085.626331031319,2.4249999999999954,16.72283278571235,0.23736781544155544,1.5944733619689941,0.11013348724022169,0.17862062780135238,-0.009961971216659015,98,-13.204760551452637,18.282122988050556,-2.26501535995042
0.8983305782079697,-10.428431987762451,0.1529501350596547,0.012069729021104928,-0.09301476265459802,147.84638595581055,56.807416677474976,2605.99169921875,-933.0895080566406,-3330.582170104959,-3122.698613440984,2.4499999999999953,16.717844009399414,0.20178963740666708,1.358404278755188,0.14720461471271903,0.20903233787578165,-0.006331611396203747,99,-13.019874572753906,18.64071290420375,-2.4764849413824885
1.2782220125198365,-12.175905227661133,-0.18727273866534233,0.009625100064115407,-0.10071759824538072,158.99653244018555,21.302459716796875,2637.4326171875,-258.0504398345947,-3265.43237762449,-3146.0258511423967,2.474999999999995,16.71124988132053,0.1608524223168691,1.0616954565048218,0.17754484387901487,0.2395261648579478,-0.002805405101208494,100,-12.786477088928223,19.033957492193633,-2.609418071078006
1.6699560075998308,-13.96564531326294,-0.4851442724466324,0.0071020857458069875,-0.09999872784338427,180.2914047241211,-1.4217262268066406,2664.4930419921875,442.30499267578125,-3199.496562194802,-3152.4771121382582,2.499999999999995,16.703245374891495,0.11862987445460425,0.7518126964569092,0.20018935308806557,0.27011023971155407,0.0006504093468901386,101,-12.515032768249512,19.446686849395764,-2.6408686817037115
2.0120218098163605,-15.790291786193848,-0.7355040311813354,0.004663215874674762,-0.09483421766658333,209.14572143554688,-13.084598541259766,2686.4383544921875,1055.8594665527344,-3132.8842361449974,-3141.4194873213605,2.524999999999995,16.694035000271267,0.07784845100508796,0.48048803210258484,0.21546852411785225,0.30079284320311483,0.004074683281199771,102,-12.216477394104004,19.85082431446295,-2.5562260490240174
2.2642257422208787,-17.642913818359375,-0.9463838040828705,0.0023678074225880687,-0.08907300128041491,243.7422332763672,-14.134065628051758,2699.1453857421875,1512.7470092773438,-3065.723277282693,-3115.02300065754,2.549999999999995,16.683823267618816,0.039504158000151314,0.28068360686302185,0.22481696855808694,0.3315716783561899,0.007464945605519487,103,-11.900430679321289,20.21020604529039,-2.3545496772471495
2.433993208408356,-19.5179500579834,-1.1315616965293884,0.00020612527115126006,-0.08411184841997674,283.1190643310547,-4.923261642456055,2705.36279296875,1823.5857543945312,-2998.244642639138,-3077.2043254256046,2.574999999999995,16.6728327009413,0.0034366920590400696,0.1459522545337677,0.23003411777830898,0.3624441402663381,0.010763642001719012,104,-11.574090957641602,20.48780891673032,-2.0508006313016596
2.5436864316463472,-21.41073513031006,-1.300908625125885,-0.0018431999279135236,-0.07998442310592309,326.58201599121094,13.604360580444336,2708.27099609375,2026.0657958984375,-2930.610572814919,-3031.6146815657403,2.5999999999999948,16.661265691121418,-0.030710078361961577,0.05799715593457222,0.2325134375293887,0.393401540370503,0.013878592766270683,105,-11.242330551147461,20.65297133962737,-1.6744167445973062
2.617688709497452,-23.316227912902832,-1.4588171243667603,-0.0037929962594236964,-0.07614131520537062,373.44410705566406,40.873146057128906,2707.585205078125,2165.0030517578125,-2862.9037979125756,-2980.9630366682786,2.6249999999999947,16.64931191338433,-0.06315107974741194,-0.0028113313019275665,0.23315031585932433,0.4244312785877772,0.016712997195036616,106,-10.908397674560547,20.68688102840108,-1.2651582835816193
2.668108379840851,-25.23089599609375,-1.6060842871665955,-0.005647972742893902,-0.07240717220529443,423.21849060058594,76.10729312896729,2703.623779296875,2262.1913452148438,-2795.2141677856225,-2926.837960374333,2.6499999999999946,16.637147267659504,-0.09396715296639337,-0.04548805207014084,0.23250649666579767,0.4555453724325796,0.019188377340238146,107,-10.574527740478516,20.585621194618934,-0.8674823103090261
2.700482076406479,-27.1506290435791,-1.7424330115318298,-0.007411473804109089,-0.06883013906477609,475.1265411376953,118.65775299072266,2694.8507080078125,2329.2452392578125,-2727.623573303201,-2870.2831767439616,2.6749999999999945,16.624934938218857,-0.12321752806504567,-0.07547277957201004,0.23096402705193742,0.48674323933842184,0.021257745053392188,108,-10.242283821105957,20.360666322117606,-0.5245609997493728
2.7179077088832857,-29.0724515914917,-1.8670958280563354,-0.009088657237086684,-0.06550050526714771,528.3618621826172,167.84436416625977,2679.570556640625,2373.4752807617188,-2660.2523056030054,-2812.052045762516,2.6999999999999944,16.612831751505535,-0.1509924895233578,-0.09645802527666092,0.2287922358277346,0.518031720300354,0.022909321048161638,109,-9.91276741027832,20.03710096218305,-0.27289197117914926
2.722995734214783,-30.991890907287598,-1.9795974493026733,-0.010686651679080504,-0.06246674866662713,582.113037109375,222.8486557006836,2657.2506103515625,2400.2161865234375,-2593.2630416869897,-2752.715163743473,2.7249999999999943,16.60098711649577,-0.1774157252576616,-0.11105328053236008,0.22618355302670431,0.5493753952758781,0.024164102685266097,110,-9.58674430847168,19.650125346986272,-0.1382111603639089
2.718209993839264,-32.907729148864746,-2.0799907445907593,-0.012212999805670087,-0.05972568179228467,635.8363647460938,283.0671844482422,2628.9345703125,2413.0881958007812,-2526.831776428201,-2692.709759080387,2.7499999999999942,16.589535607231987,-0.2026180757416619,-0.12072352319955826,0.22327977533213642,0.5807844675009205,0.025069319462162436,111,-9.264738082885742,19.240563714030458,-0.13310472165781168
2.7063323855400085,-34.818626403808594,-2.168649911880493,-0.013673808162011199,-0.05721629328802229,689.085693359375,347.5975341796875,2596.3984375,2415.6801147460938,-2461.108412170389,-2632.3825541853676,2.774999999999994,16.578587426079643,-0.22670654786957634,-0.12664540112018585,0.22018163681226316,0.6122498822277748,0.02568877489290407,112,-8.94709300994873,18.850103030409862,-0.2564033822769012
2.6914669752120974,-36.722161293029785,-2.246785879135132,-0.015073126625495903,-0.05478237627233923,741.8738098144531,415.5552215576172,2563.1563720703125,2412.3723754882812,-2396.198451232889,-2571.990551316715,2.799999999999994,16.568228403727215,-0.24975392553541395,-0.12987224757671356,0.21696951499773454,0.6437337060556643,0.026091715327022265,113,-8.634016990661621,18.51688944372339,-0.49418796105741225
2.6756155610084535,-38.61905479431152,-2.3159072399139404,-0.01641192579350586,-0.05236751334201785,794.2507934570312,485.61842346191406,2531.9708862304688,2404.5191650390625,-2332.1195419311316,-2511.681241929508,2.824999999999994,16.55850092569987,-0.2717812856038411,-0.13034844398498535,0.2137120528656473,0.6752398338576832,0.026343105250358136,114,-8.325614929199219,18.271947089946366,-0.8220604305584909
2.6605611860752107,-40.50811004638672,-2.3776676654815674,-0.017690095394527178,-0.049927396154421946,846.0448913574219,556.4354248046875,2503.8555297851562,2394.7520751953125,-2268.82026977537,-2451.5682628035315,2.849999999999994,16.549416648017036,-0.29279129372702706,-0.1290666162967682,0.21046690785360167,0.7067354754629099,0.026496617761849788,115,-8.02189826965332,18.136698521592255,-1.208247950909493
2.6457065820693972,-42.39067840576172,-2.4335964918136597,-0.018907594856965127,-0.04753271915292553,897.03857421875,626.6956787109375,2478.6992797851562,2382.3828125,-2206.2238815307414,-2391.699460923649,2.874999999999994,16.540955437554253,-0.31278696325090194,-0.12591153383255005,0.20727635764390268,0.738228686933642,0.02659164267849518,116,-7.722813606262207,18.121683189342946,-1.6170916049628292
2.634497505426407,-42.4903450012207,-2.4872522354125977,-0.02003335882282286,-0.0448895567381571,913.3430480957031,698.9913940429688,2455.6671142578125,2369.2794799804688,-2144.256399536113,-2332.139890611149,2.8999999999999937,16.533629099527996,-0.33126844300164116,-0.12567046284675598,0.2040742892624891,0.7397514491554357,0.02663252012063329,117,-7.4283294677734375,18.226415688526984,-2.012527710996878
2.6257034957408907,-42.56806564331055,-2.5361340045928955,-0.021121617990391705,-0.04224162976175096,931.8466491699219,777.3048706054688,2438.160888671875,2354.1569213867188,-2082.8647216796676,-2272.9079036116373,2.9249999999999936,16.52738359239366,-0.3491369883219401,-0.11735964566469193,0.20102804909435878,0.7397078398925856,0.026613285023541274,118,-7.138359069824219,18.440230576698983,-2.361242020481517
2.6187670052051546,-42.64117240905762,-2.58053982257843,-0.022145359999958782,-0.03974857392511133,952.5404663085938,855.0428771972656,2426.0386352539062,2336.89599609375,-2021.9106994628708,-2214.0539805769695,2.9499999999999935,16.522477467854817,-0.36595602830251056,-0.10613903403282166,0.19822928317052407,0.7396999835673699,0.02655803899508434,119,-6.852595806121826,18.743957614114187,-2.635218314297537
2.611796051263809,-42.70857048034668,-2.6218453645706177,-0.023110585286355175,-0.03757536789657942,973.2877197265625,929.6632080078125,2417.0586547851562,2317.077392578125,-1961.259733581523,-2155.6315806746256,2.9749999999999934,16.51885880364312,-0.3818284802966648,-0.09301970154047012,0.19573711366718471,0.7396971539587116,0.026488293302848687,120,-6.570634365081787,19.112096188676922,-2.8135363633250705
2.6035511195659637,-42.77107238769531,-2.661509871482849,-0.024026781360964287,-0.035831022349712735,993.16650390625,1000.5586242675781,2409.1334228515625,2294.6094970703125,-1900.8332672118943,-2097.7046458601726,2.9999999999999933,16.516461902194553,-0.3969138198428684,-0.07883860915899277,0.19358762641711133,0.7396974202748207,0.026418651640343117,121,-6.292006015777588,19.515160698257446,-2.8834358073699526
2.593901365995407,-42.82964515686035,-2.7007665634155273,-0.02490513350036445,-0.034538365568480306,1011.8012390136719,1067.5302734375,2400.9199829101562,2270.5322875976562,-1840.6049316406052,-2040.339408433415,3.0249999999999932,16.515223185221355,-0.41139890750249225,-0.06450856477022171,0.1917961013070582,0.7396996506722336,0.02635611520840209,122,-6.01620626449585,19.922047943257294,-2.8407155878741746
2.582570791244507,-42.88528060913086,-2.7406708002090454,-0.02575709329724301,-0.033714404333155805,1029.106689453125,1130.3350830078125,2391.8826904296875,2244.8275756835938,-1780.5819320678513,-1983.5761012434737,3.049999999999993,16.51508225335015,-0.4254746105935838,-0.05019509792327881,0.19036227202091638,0.7397045775202502,0.02630178048038067,123,-5.742722988128662,20.302282744525982,-2.6895541510614565
2.5700234830379487,-42.93865394592285,-2.7819879055023193,-0.02659417268153075,-0.03333024126531728,1045.131591796875,1188.6268920898438,2382.0949096679688,2218.287109375,-1720.7848648071092,-1927.455411851384,3.074999999999993,16.515973409016926,-0.4393322269121806,-0.03615659475326538,0.18928349204235254,0.7397097373948622,0.02625310913086487,124,-5.471044540405273,20.628046200852275,-2.4418399538001268
2.556852912902832,-42.99045944213867,-2.8252692222595215,-0.02742678919039801,-0.03334196125470822,1059.9562377929688,1241.8782958984375,2371.965576171875,2191.6607055664062,-1661.23249206541,-1871.9982341170091,3.099999999999993,16.517820358276367,-0.45314441124598187,-0.022562410682439804,0.1885504569523082,0.739715995823424,0.026206106418219573,125,-5.200666427612305,20.87591797722643,-2.116097028993755
2.543539524078369,-43.041093826293945,-2.870880961418152,-0.028264374159173947,-0.0337099123294109,1073.6287841796875,1289.534423828125,2362.0013427734375,2165.428955078125,-1601.9333526611133,-1817.206716477849,3.124999999999993,16.520535151163738,-0.4670669635136922,-0.00945243053138256,0.18815189825042103,0.7397209226714406,0.026156973176702212,126,-4.931098461151123,21.028282852802956,-1.7360887786289216
2.53088093996048,-43.091047286987305,-2.9191149473190308,-0.029114962844210036,-0.03436920906617904,1086.1585083007812,1331.1700439453125,2352.648681640625,2140.7160034179688,-1542.8833190917774,-1763.0709926008963,3.149999999999993,16.524018181694878,-0.48123213979933,0.002813620027154684,0.18807072177144407,0.7397253834662665,0.02610299214976307,127,-4.661869049072266,21.07436513441019,-1.3291777143266255
2.51920982003212,-43.14064407348633,-2.970093250274658,-0.029985321339150762,-0.03527719719508474,1097.5139770507812,1366.5552978515625,2344.22412109375,2117.911865234375,-1484.0671020507618,-1709.5530925154471,3.1749999999999927,16.52816030714247,-0.4957508047421773,0.014130591414868832,0.18828495643638413,0.7397281464958975,0.026042966995506203,128,-4.392535209655762,21.01086358055059,-0.9245153343885281
2.509056842327118,-43.190345764160156,-3.023851156234741,-0.03088089456006857,-0.03637333765500454,1107.6456909179688,1395.6248168945312,2336.9069213867188,2097.8841552734375,-1425.4614990234181,-1656.6052958845878,3.1999999999999926,16.53284814622667,-0.5107114712397257,0.024155069142580032,0.1887665225404977,0.7397310426835829,0.02597710577339178,129,-4.122690200805664,20.84216429894524,-0.5511359427495284
2.500568622350693,-43.24039840698242,-3.0804108381271362,-0.03180578335892327,-0.037611994683946416,1116.5032958984375,1418.2946166992188,2330.7637329101562,2080.87451171875,-1367.0388259887502,-1604.158192002752,3.2249999999999925,16.537964079115127,-0.5261803335613675,0.032781075686216354,0.18948131497707496,0.7397324075536416,0.025906765031100065,130,-3.8519725799560547,20.580112192278943,-0.23603255925896538
2.4938833057880405,-43.29122543334961,-3.1397193670272827,-0.032762996275508806,-0.038948672685760015,1124.0629272460938,1435.0127563476562,2325.7835083007812,2067.1546020507812,-1308.7697326659963,-1552.1363292097833,3.2499999999999925,16.543394724527996,-0.5422051747639974,0.03984333574771881,0.19039236574123428,0.739733972160782,0.02583401704085427,131,-3.5800724029541016,20.24332857057731,-0.0023037348253993895
2.4890131592750553,-43.3430233001709,-3.201650619506836,-0.033754453698642474,-0.04034189292646736,1130.2754516601562,1445.9281616210938,2321.9375610351562,2056.7930908203125,-1250.6251449584768,-1500.4574641585139,3.2749999999999924,16.549029880099827,-0.5588157309426202,0.04526255279779434,0.1914595942585699,0.7397339388712684,0.025761221196932634,132,-3.3067352771759033,19.856076419819054,0.13252615838800438
2.486075592041016,-43.396188735961914,-3.2660696506500244,-0.03478092336773228,-0.04174128004957391,1135.1022338867188,1451.16796875,2319.1954345703125,2050.0504150390625,-1192.5767059325979,-1449.037636888006,3.2999999999999923,16.55476146274143,-0.5760222011142306,0.048915572464466095,0.19264020685931565,0.7397347378195954,0.02569067031458615,133,-3.031766891479492,19.446699281404502,0.15789894831548795
2.4849082171916965,-43.450862884521484,-3.332728624343872,-0.03584208695180417,-0.0431123877308552,1138.5757446289062,1451.1282958984375,2317.50390625,2046.6447143554688,-1134.59682006834,-1397.7863765120296,3.324999999999992,16.560485627916123,-0.5938166379928589,0.050920650362968445,0.1938911269128395,0.7397351705832725,0.02562444914960565,134,-2.755034923553467,19.0456923680269,0.07120798580737647
2.4853720128536225,-43.50714874267578,-3.4014172554016113,-0.03693682092977328,-0.044423366228149526,1140.8010864257812,1446.3866577148438,2316.7804565429688,2046.312744140625,-1076.65922241209,-1346.6202586531429,3.349999999999992,16.566108067830402,-0.6121777825885348,0.05143028870224953,0.19517307279306276,0.7397343716349455,0.02556430124026729,135,-2.4764668941497803,18.683504006690846,-0.12173656941300368
2.487180173397064,-43.565229415893555,-3.4718856811523438,-0.0380633505544444,-0.0456557481837729,1141.93359375,1437.5983276367188,2316.9131469726562,2048.510986328125,-1018.7397109985158,-1295.4624400496273,3.374999999999992,16.57154295179579,-0.6310732497109307,0.050709713250398636,0.1964517563009507,0.7397341053188365,0.02551157065068372,136,-2.1960432529449463,18.388208481976832,-0.40685372097202854
2.4900555312633514,-43.625070571899414,-3.5439025163650513,-0.03921955778051311,-0.046797478632603494,1142.1505737304688,1425.48095703125,2317.768798828125,2052.7157592773438,-960.8168823241994,-1244.249665391424,3.399999999999992,16.576721403333877,-0.6504651572969224,0.049018729478120804,0.19769979681154587,0.7397330067648868,0.02546715203653364,137,-1.91378915309906,18.183228297148556,-0.7625982296261666
2.493710988759995,-43.68669509887695,-3.6171939373016357,-0.04040307905251193,-0.0478434185059753,1141.6393432617188,1410.7680053710938,2319.2005615234375,2058.3902587890625,-902.8726623534963,-1192.9317714094905,3.424999999999992,16.58158408270942,-0.6703118483225504,0.04662516713142395,0.1988962385760208,0.7397316418948282,0.025431482322683392,138,-1.6297646760940552,18.08530561012873,-1.1614190994321545
2.497874635457993,-43.75005340576172,-3.6916890144348145,-0.04161153417021662,-0.048794171176322794,1140.5835571289062,1394.1400756835938,2321.0582885742188,2065.0263671875,-844.8926483154103,-1141.4720149397638,3.4499999999999917,16.586089664035374,-0.6905712021721734,0.04377457872033119,0.20002670052448898,0.7397299108401196,0.025404563589727577,139,-1.3440552949905396,18.10292237564389,-1.5717948094521694
2.5023043513298036,-43.81511688232422,-3.767141819000244,-0.04284257622291654,-0.04965419743847185,1139.159912109375,1376.2693481445312,2323.1965942382812,2072.177978515625,-786.8661911010548,-1089.8463557600762,3.4749999999999917,16.5902042388916,-0.7112022903230455,0.04067971184849739,0.20108242751486682,0.7397285126805473,0.025386019250043298,140,-1.0567632913589478,18.23534370097801,-1.9607038063370763
2.506767946481705,-43.881757736206055,-3.8434470891952515,-0.044094045553415215,-0.05043128703861096,1137.53564453125,1357.5803833007812,2325.4799194335938,2079.4119873046875,-728.7862762450977,-1038.0419062971855,3.4999999999999916,16.593908733791775,-0.7321671644846598,0.03751922771334648,0.20205920842368064,0.7397268149153524,0.025375168949195826,141,-0.7680005431175232,18.472410923788523,-2.2963329638799475
2.5110577642917633,-43.94989204406738,-3.920514225959778,-0.045364048820625155,-0.05113959634240956,1135.8659057617188,1338.973388671875,2327.787109375,2086.3370971679688,-670.6492782592578,-986.0566066145683,3.5249999999999915,16.59719573126899,-0.7534328434202406,0.03454840928316116,0.2029588242399094,0.7397251837291847,0.025371103467344253,142,-0.47788089513778687,18.795144871735086,-2.550788753562579
2.5150780081748962,-44.0193977355957,-3.998256206512451,-0.04665098396670312,-0.051789532484064996,1134.2720947265625,1320.7847290039062,2330.02001953125,2092.7734985351562,-612.4546005248828,-933.898179185369,3.5499999999999914,16.600067350599502,-0.774971710311042,0.03182350471615791,0.20378685095708549,0.739723386095449,0.025372742975890334,143,-0.18651235103607178,19.17714237228411,-2.702561026018645
2.5187153577804566,-44.090126037597656,-4.076718807220459,-0.0479535610229961,-0.052394432074973664,1132.8648071289062,1303.3976440429688,2332.0918579101562,2098.5042724609375,-554.2041000366015,-881.5788417219901,3.5749999999999913,16.602533128526474,-0.7967614465289645,0.029446547850966454,0.20455084529480197,0.7397208560924133,0.02537894938958698,144,0.1060062125325203,19.586668698873435,-2.738502788984647
2.5218848228454593,-44.16207504272461,-4.155804872512817,-0.049270835399554944,-0.05296851389864307,1131.7420043945312,1287.1803588867188,2333.9285888671875,2103.3674926757812,-495.9018035888476,-829.1162349104666,3.599999999999991,16.60461213853624,-0.818785826365153,0.02749612368643284,0.20526064430433533,0.7397192249062456,0.025388588784376304,145,0.3995884656906128,19.989277451236735,-2.6551283943521895
2.524525946378708,-44.23505783081055,-4.235557317733765,-0.05060221620751281,-0.053526100768310804,1130.9798583984375,1272.3878784179688,2335.4716186523438,2107.24609375,-437.5535888671679,-776.532047593572,3.624999999999991,16.606325573391384,-0.8410348494847616,0.02603418193757534,0.20592769957837292,0.7397170277983464,0.02540058341225467,146,0.6941633224487305,20.350734312864756,-2.459091809287429
2.526603388786316,-44.30906295776367,-4.3160505294799805,-0.05194747874265271,-0.05408171107310699,1130.638916015625,1259.218994140625,2336.6756591796875,2110.0678100585938,-379.1667984008593,-723.850895249822,3.649999999999991,16.60769992404514,-0.8635050058364868,0.025091202929615974,0.2065647277111199,0.7397153300331515,0.025413936668407893,147,0.9896771907806396,20.639986894639943,-2.166781054060563
2.528110140562058,-44.384029388427734,-4.397289991378784,-0.05330673951827234,-0.05464863149015761,1130.7543334960938,1247.7887573242188,2337.51171875,2111.8198852539062,-320.74990692136714,-671.0991999983571,3.674999999999991,16.608765920003254,-0.8861987458335029,0.024675702676177025,0.20718484477094484,0.7397142314792018,0.02542775181656268,148,1.286095142364502,20.831913875194857,-1.8030463043029377
2.529078620672226,-44.459856033325195,-4.479413747787476,-0.05468043545923804,-0.0552378059470672,1131.3321533203125,1238.0778198242188,2337.970703125,2112.5618896484375,-262.3121139526171,-618.3037028670094,3.699999999999991,16.609552171495224,-0.9091238180796305,0.024752512574195862,0.20780088386535062,0.7397126668720614,0.02544124863374342,149,1.583400845527649,20.90960315554273,-1.3991591203982396
2.529539787769318,-44.53657341003418,-4.56245493888855,-0.05606924900057914,-0.055859500097600184,1132.3657836914062,1230.04638671875,2338.0563354492188,2112.3529052734375,-203.8628463744921,-565.4896556257985,3.7249999999999908,16.610089408026802,-0.9322924084133573,0.025293150916695595,0.2084247459954585,0.7397117014761663,0.02545376757146139,150,1.8815960884094238,20.8659484910599,-0.9901704501096104
2.5295365750789642,-44.61415100097656,-4.646572828292847,-0.05747410808748797,-0.05652250653454302,1133.8427734375,1223.6063232421875,2337.7806396484375,2111.2694702148438,-145.41143798826164,-512.6808329939626,3.7499999999999907,16.610404120551216,-0.9557207425435384,0.026262864470481873,0.20906759979308998,0.7397108359488119,0.025464784319876994,151,2.180699110031128,20.704412197859828,-0.611889986876488
2.52909117937088,-44.69256782531738,-4.731849670410156,-0.058896169530563036,-0.05723624202906266,1135.7517700195312,1218.6984252929688,2337.1575317382812,2109.3488159179688,-86.96692199705072,-459.8990962385915,3.7749999999999906,16.610523859659832,-0.9794290198220147,0.027641277760267258,0.20973991481028048,0.7397096375263214,0.025473903566015914,152,2.480743646621704,20.438872184564275,-0.29774504392746004
2.528237479925156,-44.77193260192871,-4.818409204483032,-0.0603368065222414,-0.058008845867240665,1138.0834350585938,1215.237548828125,2336.2002563476562,2106.6483764648438,-28.53798370359368,-407.1653758406423,3.7999999999999905,16.61047299702962,-1.003440883424547,0.029408937320113182,0.21045164461160415,0.7397095376577806,0.025480844429606932,153,2.781778573989868,20.09254921843982,-0.07579136172849255
2.5269906640052797,-44.85223579406738,-4.906387567520142,-0.0617976044756095,-0.05884920634921517,1140.8265991210938,1213.1563110351562,2334.9210815429688,2103.1934814453125,29.867022705097718,-354.4991664290212,3.8249999999999904,16.610273785061306,-1.027783817715115,0.03155099228024483,0.21121235993222848,0.7397096375263214,0.02548542589891971,154,3.083866834640503,19.696089536160788,0.03386007839295967
2.5253749728202823,-44.93349647521973,-4.995959997177124,-0.06328035270202474,-0.05976510905998545,1143.96923828125,1212.3736572265625,2333.3301391601562,2099.0271606445312,88.24004974367192,-301.9193293928884,3.8499999999999903,16.609948476155598,-1.0524886184268527,0.03404724970459938,0.21203111551985973,0.7397093379206988,0.025487535621845758,155,3.3870842456817627,19.28495143663615,0.02096688980967408
2.523408806324005,-45.01585006713867,-5.087226629257202,-0.06478704441111548,-0.06076427300552354,1147.498779296875,1212.8101196289062,2331.4371948242188,2094.185302734375,146.5733032226758,-249.44365037677517,3.8749999999999902,16.609515084160698,-1.0775894588894315,0.036881498992443085,0.2129166332270679,0.7397097373948622,0.025487125744709235,156,3.6915202140808105,18.896306916260517,-0.11375410503808463
2.52111611366272,-45.09935188293457,-5.180381774902344,-0.0663198475824566,-0.0618537014672585,1151.3993530273438,1214.36962890625,2329.25244140625,2088.7124633789062,204.85923309328126,-197.08901780841586,3.89999999999999,16.608991622924805,-1.1031235588921442,0.04002949967980385,0.21387695247139363,0.7397103366061075,0.025484181703347937,157,3.9972755908966064,18.565716056771304,-0.3584869109001873
2.518526977300644,-45.18406295776367,-5.275627851486206,-0.06788110496556954,-0.06303944481429186,1155.6534423828125,1216.9503784179688,2326.7872924804688,2082.666259765625,263.0905441284375,-144.87120622394326,3.92499999999999,16.60839292738173,-1.1291309197743733,0.04346484690904617,0.21491969655145735,0.7397105363431893,0.02547871390073487,158,4.304462909698486,18.323858778931672,-0.691167507622752
2.515651619434357,-45.270158767700195,-5.373086929321289,-0.06947330911278704,-0.06432817343291643,1160.2435302734375,1220.4498901367188,2324.0541381835938,2076.0676879882812,321.2602264404492,-92.8045497298027,3.94999999999999,16.60773277282715,-1.1556539270612929,0.047176800668239594,0.21605188955463409,0.7397114351600572,0.025470759787572857,159,4.6132049560546875,18.193613360086072,-1.081284292457764
2.5125230431556704,-45.35775375366211,-5.473001480102539,-0.07109908573449635,-0.0657246310788239,1165.1502685546875,1224.7593994140625,2321.0675659179688,2068.9771728515625,379.361579895039,-40.90285753009574,3.97499999999999,16.607019636366104,-1.1827376153733995,0.05113391578197479,0.2172799730018105,0.7397129997671976,0.025460369298132345,160,4.9236345291137695,18.187753145637874,-1.49250334397871
2.509171038866043,-45.44689178466797,-5.575501918792725,-0.07276119786032843,-0.06723315787235326,1170.3529663085938,1229.78125,2317.8425903320312,2061.4525146484375,437.38826904298816,10.82157179119325,3.99999999999999,16.606263054741753,-1.2104284763336182,0.05530988797545433,0.2186098224921416,0.7397136988469838,0.02544760693084598,161,5.2358927726745605,18.30749221596518,-1.8859183057507758
2.505610501766205,-45.53779602050781,-5.680867910385132,-0.07446250838845511,-0.06885853085870985,1175.8341064453125,1235.4017333984375,2314.3941040039062,2053.5184326171875,495.3343338012889,62.357884657404114,4.02499999999999,16.60546938578288,-1.2387752532958984,0.05969040095806122,0.2200468142820779,0.7397150637170424,0.025432549667714025,162,5.550130367279053,18.54204986639253,-2.223660278965409
2.5018592476844788,-45.63058662414551,-5.7891786098480225,-0.07620598008558911,-0.0706046365886095,1181.5748901367188,1241.5266723632812,2310.737060546875,2045.2109375,553.1941864013866,113.69584547283371,4.04999999999999,16.604638629489475,-1.2678280141618516,0.0642598494887352,0.221595708772068,0.7397165617451557,0.02541528905489895,163,5.8665032386779785,18.869324024870412,-2.47255691019815
2.4979532003402714,-45.72541618347168,-5.900716781616211,-0.0779946672646056,-0.07247380948919525,1187.55908203125,1248.063720703125,2306.8848266601562,2036.5946044921875,610.9626129150583,164.82611891033363,4.07499999999999,16.603775024414062,-1.297638151380751,0.06898824125528336,0.2232608335988832,0.7397181596418096,0.025395933283320037,164,6.185175895690918,19.257672547465386,-2.6075050904086385
2.493914556503296,-45.822471618652344,-6.015652418136597,-0.07983168249502864,-0.07446888333031448,1193.7720947265625,1254.9400024414062,2302.8494873046875,2027.70947265625,668.6347335815622,215.74098402263823,4.099999999999991,16.602874332004124,-1.3282582494947646,0.07385601848363876,0.2250460503461042,0.7397204233287362,0.02537459886627498,165,6.506316661834717,19.668701490935025,-2.6142239040272055
2.489751785993576,-45.921836853027344,-6.134214639663696,-0.0817202132477879,-0.07659273765489587,1200.2000122070312,1262.0780639648438,2298.6412963867188,2018.571044921875,726.2059707641793,266.4337208390444,4.124999999999991,16.6019344329834,-1.3597418202294245,0.07885618507862091,0.226954737899364,0.7397217881987949,0.025351421042412885,166,6.830101013183594,20.060858924114438,-2.491084502405687
2.4854838728904727,-46.023794174194336,-6.256546497344971,-0.08366351357284031,-0.07884745305754101,1206.8348388671875,1269.4171752929688,2294.2681884765625,2009.215576171875,783.6720031738472,316.89799696209116,4.1499999999999915,16.600948969523113,-1.3921433024936252,0.08397266268730164,0.22898990895964574,0.7397242516228032,0.025326537130977458,167,7.156707763671875,20.39354112804217,-2.249774491119694
2.481125420331955,-46.128408432006836,-6.382849931716919,-0.08566485416489963,-0.08123464407966079,1213.6676025390625,1276.9053344726562,2289.736083984375,1999.6685791015625,841.0287078857613,367.12838636638793,4.174999999999992,16.599911583794487,-1.4255177974700928,0.08919113129377365,0.23115425997755312,0.73972578294043,0.02530009069299621,168,7.486320495605469,20.631341174567716,-1.9146439160264994
2.476693367958069,-46.235944747924805,-6.513415813446045,-0.0877275889424637,-0.08375615828926145,1220.6954956054688,1284.4953002929688,2285.0475463867188,1989.959716796875,898.2721099853707,417.12010084392693,4.199999999999992,16.59881379869249,-1.4599210686153836,0.09449934214353561,0.23345022108758087,0.7397279134693021,0.025272221128307452,169,7.819125652313232,20.748020007678736,-1.520693611752605
2.472191220521927,-46.346588134765625,-6.648362636566162,-0.08985508846878712,-0.08641366016202426,1227.9171752929688,1292.1680908203125,2280.203369140625,1980.096435546875,955.3982986450386,466.86909376384875,4.2249999999999925,16.59764289855957,-1.495409409205119,0.09989722818136215,0.2358799893976283,0.739730676498933,0.02524306783674949,170,8.155313491821289,20.729763276998224,-1.110300261269543
2.4679770469665527,-46.46044158935547,-6.78789496421814,-0.09205060679382686,-0.08918445457203474,1235.330078125,1300.3377075195312,2275.2028198242188,1970.7344360351562,1012.4033828735542,516.3715046525206,4.249999999999993,16.596392525566948,-1.5320375230577257,0.10500634461641312,0.23844309885450463,0.7397325407116961,0.025212772298755237,171,8.495078086853027,20.577312445297395,-0.7289139288447661
2.464019012451172,-46.57776641845703,-6.932078838348389,-0.09431662398634802,-0.09206000275904778,1242.9132690429688,1308.775146484375,2270.0516967773438,1961.8236694335938,1069.2834533691596,565.6398655533994,4.274999999999993,16.595054202609592,-1.569847133424547,0.10990873724222183,0.24112936286704031,0.7397350041357044,0.02518164036173113,172,8.838601112365723,20.30663322029574,-0.420099835316593
2.4599727749824525,-46.69871139526367,-7.081096410751343,-0.09665612778019857,-0.09506172652508176,1250.6693115234375,1317.3526000976562,2264.7398681640625,1952.739501953125,1126.0347457885932,614.6854572892393,4.299999999999994,16.593616273668076,-1.6088880432976618,0.11489523202180862,0.24393919755415566,0.7397375674282536,0.02515006733865148,173,9.18605899810791,19.94789684969818,-0.22041493635017648
2.4558722138404847,-46.823463439941406,-7.235152006149292,-0.09907228900155136,-0.09818963419251504,1258.60205078125,1326.0048217773438,2259.258056640625,1943.5465087890625,1182.6532424926947,663.5039448380674,4.324999999999994,16.592066023084854,-1.649213367038303,0.11994713544845581,0.24687456699715463,0.739740297168371,0.025118319545625295,174,9.537631034851074,19.54271110004868,-0.1547001025954038
2.4489785104990007,-46.9520206451416,-7.394561052322388,-0.10156918561582559,-0.1015816109267865,1270.4839477539062,1347.9021606445312,2251.3910522460938,1928.4135131835938,1239.1346939087102,712.0926075577938,4.349999999999994,16.590473386976456,-1.6908993985917833,0.12934094667434692,0.24997333801778676,0.7397444250680606,0.02508727915476366,175,9.893508911132812,19.1397463514042,-0.2324009636942222
2.435235643386841,-47.084428787231445,-7.560985326766968,-0.10415860211084486,-0.10560926756850306,1289.4527587890625,1389.1065673828125,2238.441162109375,1899.8650512695312,1295.4194702148625,760.3029453873835,4.374999999999995,16.58916685316298,-1.7341803179846869,0.14614884555339813,0.2534042385158654,0.7397520816561945,0.025059380461750477,176,10.254032135009766,18.789139838994327,-0.4455047213478813
2.4160715073347094,-47.22133445739746,-7.736440181732178,-0.10685795722461396,-0.11036639732230594,1313.4658813476562,1442.59912109375,2220.5196533203125,1861.7536010742188,1351.3804992675969,807.7995716691215,4.399999999999995,16.58844100104438,-1.7793847454918756,0.16750329732894897,0.2573190853182819,0.7397640658810999,0.025033837001826334,177,10.61978530883789,18.536303969578785,-0.7685025867123807
2.393814280629158,-47.36347770690918,-7.922516822814941,-0.10968533548541021,-0.11582665153816017,1339.848388671875,1500.1296997070312,2198.8978271484375,1819.1461791992188,1406.8934906006045,854.3434116959768,4.424999999999995,16.588436762491863,-1.8268402417500813,0.19033263623714447,0.261791148644527,0.7397777811607138,0.025006102675786682,178,10.99151611328125,18.415836133478294,-1.160486497986841
2.3701552987098697,-47.51171684265137,-8.120262622833252,-0.11265753145285792,-0.1219305085657025,1366.9127807617188,1556.7687377929688,2175.0650634765625,1775.142822265625,1461.8659362793153,899.822066175957,4.449999999999996,16.589160495334202,-1.8768407238854303,0.21315862238407135,0.2668353089071916,0.7397922953886548,0.024970097986205572,179,11.370037078857422,18.44617279513927,-1.5693238189721264
2.3460439115762712,-47.66679763793945,-8.33034610748291,-0.11579001642841477,-0.12862920758984925,1393.99853515625,1610.2195434570312,2150.162109375,1731.071533203125,1516.2425628662293,944.2006367325974,4.474999999999996,16.59054226345486,-1.9296507040659587,0.2355886697769165,0.2724458070204183,0.7398066431690276,0.024920623527173544,180,11.756166458129883,18.625671336485066,-1.937760781527966
2.323226070404053,-47.82938766479492,-8.55319595336914,-0.11909619776369365,-0.13579799615828703,1420.6876831054688,1660.4244384765625,2125.2371826171875,1689.6205444335938,1569.9966156006042,987.4774250626754,4.4999999999999964,16.592477162679035,-1.9854972097608778,0.25630319118499756,0.2785970433482288,0.7398195595003144,0.024854558406788164,181,12.150707244873047,18.930879766373227,-2.2110767590525993
2.3019098699092866,-48.00020408630371,-8.789053440093994,-0.12258720247862402,-0.14339672711758286,1446.5235595703125,1704.8615112304688,2101.1239624023438,1650.84423828125,1623.1275451660338,1029.7179386735152,4.524999999999997,16.59482744004991,-2.0445654127332897,0.2756529450416565,0.2852498860673558,0.7398317434623015,0.024771293010831155,182,12.554410934448242,19.317717974813544,-2.3455680541960784
2.282662495970726,-48.179840087890625,-9.038124561309814,-0.12627293420350963,-0.15135708206339782,1471.1417236328125,1743.0695190429688,2078.3580322265625,1615.61328125,1675.6556442260924,1070.9890446305462,4.549999999999997,16.59742037455241,-2.1070155832502575,0.293259859085083,0.292365186709775,0.7398418634744438,0.024672217176496404,183,12.967974662780762,19.726088732715628,-2.316748072299718
2.265853846073151,-48.36897087097168,-9.30057144165039,-0.13016156551394564,-0.15961133348025985,1494.3009643554688,1775.0861206054688,2057.2168579101562,1584.546630859375,1727.6145950317564,1111.3793766617962,4.5749999999999975,16.600073708428276,-2.172976997163561,0.3088354766368866,0.29989604035078743,0.7398508183536092,0.024560185479577334,184,13.392032623291016,20.08800903150973,-2.1257974255514798
2.2518326431512836,-48.56825065612793,-9.57643461227417,-0.13425951296368346,-0.16808596147732593,1515.6952514648438,1800.9277954101562,2037.9273681640625,1558.30615234375,1779.0450164795102,1150.9930424332806,4.599999999999998,16.602597766452366,-2.242547141181098,0.3220323622226715,0.3077870865292331,0.7398592073110429,0.024438893056086437,185,13.827147483825684,20.338682347023095,-1.8026157677367158
2.2415237039327622,-48.77817726135254,-9.865533828735352,-0.13857075464960142,-0.1766567462345007,1535.1629028320312,1821.9775390625,2020.5888671875,1538.6062622070312,1829.9932006836118,1189.9506962418743,4.624999999999998,16.60480605231391,-2.315781911214193,0.33231133222579956,0.31597221227105077,0.7398664644250135,0.024312432435605106,186,14.273791313171387,20.429099161227565,-1.4039602167631542
2.2342424333095554,-48.99921226501465,-10.16758394241333,-0.14309725465300344,-0.1852974889045605,1552.6036987304688,1837.484130859375,2005.2384033203125,1524.2340087890625,1880.5079223632993,1228.41585279705,4.649999999999999,16.606517367892796,-2.3927010430230036,0.339944988489151,0.32438087709686697,0.7398727894326024,0.024185220720472585,187,14.732337951660156,20.337892465785774,-1.0057349602492325
2.2297776699066163,-49.23177528381348,-10.48244047164917,-0.14784006159356874,-0.19395629113576238,1568.0072631835938,1847.9473876953125,1991.8648071289062,1514.811767578125,1930.638882446307,1266.5217030167767,4.674999999999999,16.607545216878254,-2.4733063909742565,0.34516432881355286,0.3329482663236519,0.7398782156233235,0.024061348359675674,188,15.203062057495117,20.07954158036359,-0.6896018348174602
2.2280336171388626,-49.47621726989746,-10.809819221496582,-0.15279936688600068,-0.20258831195325214,1581.3489379882812,1853.6686401367188,1980.4330444335938,1510.2057495117188,1980.4355026245296,1304.3919972062297,4.699999999999999,16.607723236083984,-2.5575852394104004,0.347881555557251,0.3416214829142538,0.7398832423398809,0.02394445431317261,189,15.686155319213867,19.70595525443163,-0.5256363395140027
2.2317876458168033,-49.73287010192871,-11.149225234985352,-0.15797162519709806,-0.21097189313055115,1590.2281494140625,1850.3267822265625,1973.1142578125,1515.430419921875,2029.9463287353694,1342.1471409440226,4.725,16.60681936475966,-2.645448843638102,0.345393568277359,0.3502981283247592,0.7398856058953484,0.023836034528481962,190,16.18170738220215,19.299295714710148,-0.5544258259324091
2.2408195406198503,-50.00173377990723,-11.499497413635254,-0.16334908007018606,-0.21900139039616728,1594.8930053710938,1838.1672973632812,1970.3040161132812,1529.6361694335938,2079.274185180682,1380.0329014420695,4.75,16.604558096991646,-2.7367242177327475,0.3384857773780823,0.358854132537884,0.7398843741833442,0.023737048159715078,191,16.68963623046875,18.955718468229083,-0.7732654639359002
2.253660371899605,-50.28269577026367,-11.859467506408691,-0.16892252695474708,-0.22666007576950353,1596.552490234375,1819.2350463867188,1971.2048950195312,1549.9569091796875,2128.5317855835137,1418.2738056779094,4.775,16.600698894924587,-2.8312126795450845,0.3288775086402893,0.36719998005148796,0.7398817776012814,0.023649998162177714,192,17.209705352783203,18.762326938764453,-1.1313987885352719
2.2684751093387607,-50.575355529785156,-12.228359699249268,-0.17468306090588617,-0.23398669824442053,1596.544189453125,1796.2540893554688,1974.375732421875,1573.2455444335938,2177.811907959002,1457.0227284074017,4.800000000000001,16.595066918267143,-2.9287272029452853,0.31821075081825256,0.37528936515211725,0.7398770504903465,0.023578677459828633,193,17.741573333740234,18.772559843277634,-1.5379316252991486
2.283583953976631,-50.87953186035156,-12.605798244476318,-0.18062320842779428,-0.2410446743443758,1596.0061645507812,1771.9362182617188,1978.2372436523438,1596.8665161132812,2227.1713012695486,1496.3538670182415,4.825000000000001,16.587553024291992,-3.02911016676161,0.30769243836402893,0.38311186822200705,0.7398731556172523,0.02352695387803225,194,18.284862518310547,18.98730817725139,-1.8828395739648514
2.2977506041526796,-51.1949520111084,-12.991581916809082,-0.18673707727655964,-0.2478985690810469,1595.8057250976562,1748.5288696289062,1981.47900390625,1618.970947265625,2276.6272323608573,1536.2755299210735,4.850000000000001,16.57810952928331,-3.132240507337782,0.29807135462760925,0.390681570725421,0.739870326008594,0.023497440643608206,195,18.839195251464844,19.349009423400734,-2.067084838917023
2.31022372841835,-51.521406173706055,-13.385783195495605,-0.19302030652589722,-0.25460380949462114,1596.5048828125,1727.5806884765625,1983.1943359375,1638.49267578125,2326.1642074585134,1576.749803602714,4.875000000000002,16.566732194688583,-3.2380286852518716,0.2897033095359802,0.39802593651110063,0.7398689611385354,0.02349067038877452,196,19.404218673706055,19.75317334610719,-2.033727680929304
2.320682787895203,-51.858699798583984,-13.788549900054932,-0.19946971702725572,-0.26120227379324,1598.427978515625,1709.9342041015625,1982.9229736328125,1654.974853515625,2375.744065856951,1617.7121204972452,4.900000000000002,16.55344115363227,-3.3464108573065863,0.28269410133361816,0.4051780886451038,0.7398691608756172,0.023504955751309276,197,19.979631423950195,20.076630168528382,-1.789771194062
2.3290947794914247,-52.20663070678711,-14.19997501373291,-0.20608306173846544,-0.2677251542511711,1601.7097778320312,1695.8668823242188,1980.5465698242188,1668.3593139648438,2425.317140197771,1659.0864918351358,4.9250000000000025,16.538267135620117,-3.4573406643337674,0.27701619267463684,0.41217171611522,0.7398705923247031,0.02353680341287634,198,20.5651798248291,20.215661575959253,-1.409668554920002
2.335637423396111,-52.564979553222656,-14.620144367218018,-0.2128587760523859,-0.27419403911800083,1606.4156494140625,1685.2831420898438,1976.2300415039062,1678.807861328125,2474.8308044433766,1700.795474684257,4.950000000000003,16.52123769124349,-3.5707831382751465,0.2726183831691742,0.4190395758028572,0.739872822722116,0.02358165895189276,199,21.160654067993164,20.122245875504856,-1.01629758151018
2.3405341476202013,-52.93351745605469,-15.049135208129883,-0.21979571148079705,-0.28062796999552325,1612.5252685546875,1677.8982543945312,1970.2136840820312,1686.564453125,2524.2365554809744,1742.76567121746,4.975000000000003,16.502375072903103,-3.6867117881774902,0.2694277763366699,0.4258126935347149,0.7398755191727198,0.023634678744125955,200,21.765897750854492,19.825125473366054,-0.7427353124479357
2.3439969897270205,-53.312007904052734,-15.486949443817139,-0.22689323552293997,-0.2870452561162327,1619.9848022460938,1673.4003295898438,1962.7340087890625,1691.879638671875,2573.491897583025,1784.929782545585,5.0000000000000036,16.48168987698025,-3.805105686187744,0.2673749029636383,0.4325204306618111,0.7398779493072144,0.023691377027614823,201,22.38079261779785,19.425703450694147,-0.686003204346154
2.3461846858263016,-53.7003231048584,-15.933614730834961,-0.23415119837600337,-0.2934649057924096,1628.7244873046875,1671.5323486328125,1953.9556884765625,1694.9686279296875,2622.5602478027517,1827.226773512382,5.025000000000004,16.459185282389324,-3.925950527191162,0.2663910388946533,0.43919035090142816,0.7398811451005225,0.023748029538022453,202,23.005266189575195,19.06668575399855,-0.8690102956373933
2.347184854745865,-54.0982666015625,-16.38917827606201,-0.24156989964560985,-0.299907292206393,1638.6739501953125,1672.1213989257812,1943.9545288085938,1695.9824829101562,2671.409140014666,1869.600989210624,5.050000000000004,16.434852812025284,-4.049239688449436,0.26641523838043213,0.44584838678468075,0.7398841744462624,0.023801850359177274,203,23.6392822265625,18.881722090165187,-1.2264891892570653
2.347024950385094,-54.50579643249512,-16.85374641418457,-0.24915017156960007,-0.30639395367349903,1649.7742309570312,1675.0711669921875,1932.7301635742188,1695.0096435546875,2720.0080032348806,1912.000551283378,5.075000000000005,16.408681869506836,-4.17497369978163,0.2673993706703186,0.4525191059726249,0.7398880693193567,0.023850983600694632,204,24.282838821411133,18.943309265901423,-1.6237486424622065
2.3457103759050373,-54.92278480529785,-17.32741069793701,-0.2568933956627895,-0.3129460623243937,1661.9572143554688,1680.2947998046875,1920.2540893554688,1692.1268310546875,2768.326257324236,1954.375792372245,5.100000000000005,16.380652321709526,-4.303161833021376,0.26928460597991943,0.4592258444143123,0.7398915314287738,0.023894334869814078,205,24.935972213745117,19.229779699785386,-1.9050580617999493
2.336220234632492,-53.59013557434082,-17.812785148620605,-0.2647679302424767,-0.3192952048107108,1657.6427612304688,1688.8367919921875,1903.3739624023438,1688.2804565429688,2816.332609558123,1996.6789631486122,5.125000000000005,16.351404190063477,-4.433411757151286,0.2613474130630493,0.46582875286300024,0.7098869937178824,0.023901015659079896,206,25.598648071289062,19.627573490387373,-1.9555312160197296
2.326997622847557,-52.231971740722656,-18.30518627166748,-0.2728284533347923,-0.3253768993445566,1657.354736328125,1702.6307373046875,1888.6536865234375,1683.977783203125,2863.9169586181815,2038.8859745621864,5.150000000000006,16.320949130588108,-4.566693305969238,0.25657883286476135,0.47229900259988866,0.67845060744691,0.023835266789073963,207,26.270660400390625,19.97247440824158,-1.7519735981060462
2.318564310669899,-50.88151550292969,-18.803359031677246,-0.2810379969348546,-0.3312474052039591,1663.0498046875,1718.656982421875,1876.193603515625,1678.5575561523438,2911.1333007812677,2080.9854191422646,5.175000000000006,16.289550993177627,-4.702443016899957,0.253414124250412,0.47867138116671665,0.6470075799179691,0.023709863110650254,208,26.951852798461914,20.11680642697756,-1.3789044524940366
2.3095172286033634,-49.53998565673828,-19.307226181030273,-0.2893929657751921,-0.3370239014768819,1672.35302734375,1734.8319091796875,1864.6823120117188,1672.1768798828125,2958.0381408691583,2122.949358046073,5.200000000000006,16.257189644707573,-4.840607643127441,0.25089001655578613,0.4849751167564478,0.6155831945166589,0.02354422073263113,209,27.64211654663086,19.995558971763018,-0.9981845288786961
2.2988256871700288,-48.20746421813965,-19.817167282104492,-0.29789194505147554,-0.34277839338129784,1683.58740234375,1750.49365234375,1852.6766357421875,1665.2875366210938,3004.6551986694512,2164.7537800431433,5.225000000000007,16.22382164001465,-4.981167051527235,0.24786199629306793,0.49121157423914086,0.5841737061726961,0.023355920679400316,210,28.341358184814453,19.660865142382477,-0.7807425340346096
2.285820570588112,-46.8869514465332,-20.333499908447266,-0.30653460186856885,-0.3485158410547373,1695.8510131835938,1765.7070922851562,1839.0778198242188,1658.2189331054688,3050.972114563006,2206.3859684586705,5.250000000000007,16.189392937554253,-5.1241164737277565,0.24350395798683167,0.49735701819158046,0.5528218752663338,0.023156959659430782,211,29.04946517944336,19.264971810757917,-0.828064842187367
2.2700789719820023,-45.57890510559082,-20.85630226135254,-0.31532037030474025,-0.3542226623756408,1708.833740234375,1780.7546997070312,1823.2431030273438,1651.0458984375,3096.9490600586114,2247.8414417863073,5.2750000000000075,16.1538569132487,-5.269450611538357,0.23740004003047943,0.5033721336981744,0.521525521334429,0.022953300656850775,212,29.766277313232422,18.99402183009767,-1.1200369992863926
2.251352491974831,-44.28360557556152,-21.38562774658203,-0.3242480519374992,-0.35986293795880603,1722.6174926757812,1795.906494140625,1804.8905029296875,1643.6455688476562,3142.530137634295,2289.1175892472447,5.300000000000008,16.117172241210938,-5.417153570387098,0.2294440120458603,0.5092115138623365,0.49028444463990023,0.02274601933906934,213,30.491575241088867,18.979753684165736,-1.5177473856366752
2.2294999182224275,-43.00259590148926,-21.92125129699707,-0.33331548294846014,-0.3653947230170641,1737.4642333984375,1811.3692016601562,1783.9654541015625,1635.8034057617188,3187.6524002075375,2330.208728468436,5.325000000000008,16.079307132297092,-5.567195680406359,0.21971407532691956,0.5148295520503996,0.45912054968271326,0.022532981016025216,214,31.225069046020508,19.231195185116793,-1.8258050662035477
2.2044096827507023,-41.73552322387695,-22.46275234222412,-0.34251943425480125,-0.3707824310603489,1753.6473999023438,1827.2835693359375,1760.4912719726562,1627.3177490234375,3232.2515365600766,2371.1038136124794,5.3500000000000085,16.040238274468315,-5.719533496432835,0.2083129733800888,0.5201832715002722,0.4280266292831682,0.02231044269803007,215,31.966415405273438,19.62361696814576,-1.8883079860084975
2.176224020123482,-40.48297691345215,-23.00971221923828,-0.35185557821975116,-0.3759706683379868,1771.195068359375,1843.4749755859375,1734.7089233398438,1618.3367309570312,3276.263818359393,2411.7867573380654,5.375000000000009,15.99994871351454,-5.874105559455024,0.19518180191516876,0.525230794003813,0.39701654852369017,0.022074080909501734,216,32.71520233154297,19.95627373175548,-1.671376807161748
2.145325094461441,-39.24351501464844,-23.561492919921875,-0.361318388784048,-0.38090786939337107,1789.84619140625,1859.4494018554688,1707.1089477539062,1609.3348388671875,3319.6315414428896,2452.2451756119913,5.400000000000009,15.958421495225695,-6.030827628241645,0.18016067147254944,0.5299266127958953,0.36606588954603453,0.021819584658425636,217,33.47096633911133,20.054501423451264,-1.2867569534327261
2.1120798826217655,-38.01751708984375,-24.117445945739746,-0.37090077528128934,-0.38553537810349275,1809.3714599609375,1874.79345703125,1678.156982421875,1600.6746826171875,3362.3092651367374,2492.4785465836712,5.42500000000001,15.915632247924805,-6.189586321512858,0.16318626701831818,0.5342225246607885,0.33518642019326805,0.021543304581870534,218,34.23316192626953,19.86443987379522,-0.9383773721504911
2.07672875225544,-36.805198669433594,-24.67675018310547,-0.38059434875404147,-0.38979863295551886,1829.5961303710938,1889.2660522460938,1648.1722412109375,1592.5551147460938,3404.2631896972844,2532.495413649101,5.45000000000001,15.871558719211155,-6.3502433564927845,0.14427225291728973,0.5380697604610305,0.30438857672791253,0.02124269819323324,219,35.001190185546875,19.487266092634446,-0.8151076979581544
2.0393060207366944,-35.60619926452637,-25.23855686187744,-0.3903893220852984,-0.3936505292876686,1850.4481201171875,1902.8626708984375,1617.2359008789062,1584.9652099609375,3445.467495727558,2572.3092915177535,5.47500000000001,15.826187133789062,-6.512635548909505,0.12349492311477661,0.5414203832970002,0.2736742400074878,0.02091642975077951,220,35.77437210083008,19.12907754329605,-0.9859259983218724
2.0008267521858216,-34.42026901245117,-25.80204963684082,-0.40027474302507715,-0.39701726424823314,1871.0323486328125,1914.6748657226562,1586.2837524414062,1579.0343627929688,3485.8983932495307,2611.933421766777,5.500000000000011,15.779510074191624,-6.676580641004774,0.10044676810503006,0.5442261233739395,0.2430476877344948,0.02056410186094043,221,36.55196762084961,18.98915531895437,-1.357389623492529
1.965395012497902,-33.24635124206543,-26.366199493408203,-0.41023606405592317,-0.3997105523481439,1888.5428466796875,1920.8663940429688,1559.3526000976562,1578.8068237304688,3525.555487060566,2651.4092808366013,5.525000000000011,15.73145866394043,-6.8417983584933815,0.07434789091348648,0.5464169728446931,0.21250047269485095,0.020185643783499553,222,37.33314514160156,19.147178447242304,-1.7217327740109258
1.9343712300062181,-32.08320236206055,-26.929564476013184,-0.42025484278728764,-0.4016193064804309,1902.753662109375,1920.25537109375,1538.1204223632812,1584.719970703125,3564.5393020630077,2690.879451429863,5.550000000000011,15.681926939222548,-7.007912000020345,0.04591451585292816,0.5479239891265417,0.18202954057568108,0.01978345444403255,223,38.11698913574219,19.514901413810726,-1.872471484883154
1.9065553188323976,-30.928974151611328,-27.4907169342041,-0.4303111388005086,-0.4027319418943524,1914.9114379882812,1914.1795654296875,1521.594482421875,1594.893310546875,3602.99231262209,2730.497450697441,5.575000000000012,15.630841785007053,-7.174519432915582,0.01621575653553009,0.5487023312446311,0.15162557031316984,0.01936363830710058,224,38.90248107910156,19.88348877527482,-1.7228524881066256
1.8796624720096589,-29.782231330871582,-28.04836082458496,-0.4403855443091421,-0.4030933328542762,1926.3597412109375,1905.1526489257812,1507.3339233398438,1607.0619506835938,3641.032174682637,2770.3697834611125,5.600000000000012,15.578208499484592,-7.341256141662598,-0.014163929969072342,0.5487292291716408,0.12128448394189813,0.018934426204947678,225,39.688568115234375,20.042046379537588,-1.3575070414346877
1.8512371718883516,-28.641371726989746,-28.60154438018799,-0.4504600496863165,-0.40276386653791973,1938.191162109375,1895.76513671875,1492.5169677734375,1619.2705078125,3678.7155227661333,2810.546332228202,5.625000000000012,15.524109734429253,-7.507810062832302,-0.04513295739889145,0.5479892365732487,0.0909950129615035,0.018503306197545085,226,40.47415542602539,19.89919693753347,-0.9851305532456511
1.8186085045337679,-27.505276679992676,-29.14956760406494,-0.46051827649132776,-0.40181398355611575,1951.59375,1888.5308837890625,1474.120361328125,1629.5253295898438,3716.0284469604694,2851.0280949235143,5.650000000000013,15.468694898817274,-7.673933770921495,-0.07681936025619507,0.546466840536105,0.06075008126974586,0.018074632969394003,227,41.25812530517578,19.536026565897192,-0.8186705454370089
1.7800462901592256,-26.372556686401367,-29.69185161590576,-0.47054524444304424,-0.4002762410531903,1967.289306640625,1885.1339721679688,1450.0281982421875,1636.8402709960938,3752.8814559936727,2891.76622816326,5.675000000000013,15.412176979912651,-7.8394349416097,-0.10972476750612259,0.5441381058999124,0.03053463264379053,0.01764816725211524,228,42.03933334350586,19.159042437445514,-0.9532008567095811
1.7349538445472719,-25.2420654296875,-30.227733612060547,-0.48052620628692955,-0.39814118480727384,1985.4387817382812,1885.8904418945312,1419.48486328125,1641.0225830078125,3789.1321609497277,2932.6872349381624,5.7000000000000135,15.354795455932617,-8.004145622253418,-0.14431634545326233,0.5409664807787098,0.00033739559242038097,0.01721907062296273,229,42.81659698486328,18.981391658045897,-1.3128623920182685
1.6834617197513582,-24.112244606018066,-30.756348609924316,-0.4904457822676886,-0.39536910042861034,2005.9581909179688,1890.2886962890625,1382.6806640625,1642.2633666992188,3824.6192825317594,2973.712799513358,5.725000000000014,15.296802520751953,-8.167894151475695,-0.18089807033538818,0.5369056261695296,-0.029858024319639576,0.01677929742261198,230,43.58867645263672,19.102509646712896,-1.6963206391993597
1.62604378759861,-22.981454849243164,-31.276644706726074,-0.5002873276285082,-0.391904793903608,2028.6461181640625,1897.4667358398438,1340.2547607421875,1640.8804931640625,3859.1862991333223,3014.7693836808385,5.750000000000014,15.238450368245443,-8.330489794413248,-0.21960920095443726,0.5319038101681973,-0.06006613156754307,0.01631953282903152,231,44.35425567626953,19.45523932539093,-1.891729095937075
1.56323861181736,-21.847907066345215,-31.78738021850586,-0.510032832742517,-0.3876889100294717,2053.2517700195312,1906.5748291015625,1292.8917236328125,1637.2024536132812,3892.6926681518776,3055.79139600994,5.775000000000015,15.179994371202257,-8.491716384887695,-0.2605050802230835,0.5259069373150705,-0.09030088082932038,0.015830923912191448,232,45.11195373535156,19.8475420576802,-1.7932480900520085
1.4955922037363054,-20.70969009399414,-32.28719997406006,-0.519662690086189,-0.3826592972842617,2079.5067138671875,1916.9143676757812,1241.2037963867188,1631.5796508789062,3925.0149612426985,3096.721457350272,5.800000000000015,15.121690962049696,-8.65133179558648,-0.30363020300865173,0.5188599467546119,-0.12057582925939565,0.015306200034256373,233,45.86030578613281,20.070462238948743,-1.4541116046634497
1.423628816008568,-19.56486225128174,-32.77461814880371,-0.5291557941078855,-0.37675420362020173,2107.0194702148438,1927.9395751953125,1185.6393127441406,1624.4047241210938,3956.045056152367,3137.5109486222445,5.825000000000015,15.063808229234484,-8.809067408243815,-0.34905293583869934,0.5107062463136571,-0.15090331270316196,0.014740162829614144,234,46.59777069091797,20.008844367883807,-1.0514566822641496
1.3442392945289612,-18.41176986694336,-33.248029708862305,-0.538490373465695,-0.37002699212763435,2136.98388671875,1941.903564453125,1123.1301574707031,1613.0687255859375,3985.6860389709714,3178.121066725272,5.850000000000016,15.006637573242188,-8.964656194051107,-0.3967425525188446,0.5013886778973106,-0.18129073807740106,0.014129251360604082,235,47.322723388671875,19.69528694783711,-0.7888774276647655
1.2535632997751236,-17.249293327331543,-33.70619583129883,-0.5476475197158779,-0.3625682768626494,2169.7705688476562,1962.2090454101562,1049.4718627929688,1594.5449829101562,4013.7642929077397,3218.447784864921,5.875000000000016,14.950547748141819,-9.117937088012695,-0.44710561633110046,0.4908467211698,-0.21174257033812804,0.013468115378208105,236,48.03345489501953,19.284550659553098,-0.7935832585204267
1.1534265160560608,-16.07618474960327,-34.14793395996094,-0.5566079582300448,-0.35427798954728723,2202.7718505859375,1988.2297973632812,965.9384460449219,1570.0645141601562,4040.001089477565,3258.311409437675,5.900000000000016,14.895915985107422,-9.268747965494791,-0.5004494786262512,0.47900827104461163,-0.24226767281834583,0.012748204678910842,237,48.728153228759766,18.970271829754765,-1.061058397654958
1.0476827114820482,-14.890814304351807,-34.571821212768555,-0.5653486859542803,-0.34498146010355224,2233.5460205078125,2017.380126953125,876.3837890625,1541.77001953125,4064.1495506286897,3297.5630222916793,5.925000000000017,14.843085606892904,-9.416835572984484,-0.5562886595726013,0.4658032863850764,-0.2728747340811108,0.011960661131195875,238,49.404911041259766,18.89242982775288,-1.4684557258558133
0.9403005808591843,-13.69117784500122,-34.97614288330078,-0.5738421724608155,-0.3345006562125727,2260.881103515625,2046.6595458984375,785.1382141113281,1511.6905517578125,4086.059145355254,3336.107272779961,5.950000000000017,14.792371326022678,-9.561829037136501,-0.6136502623558044,0.4511811338409691,-0.30356907212622475,0.011100104317423403,239,50.061737060546875,19.08104782718189,-1.8403455819827923
0.8343151673674584,-12.4750394821167,-35.35897254943848,-0.5820570923173285,-0.32269812547258675,2284.739013671875,2073.7159423828125,695.5538024902344,1481.4346923828125,4105.687600708038,3373.899536573907,5.975000000000017,14.744079377916124,-9.703263176812065,-0.6715812683105469,0.43511608061825685,-0.3343521516922871,0.01016712720705489,240,50.69658660888672,19.456066377852473,-2.027988197053379
0.7315744251012802,-11.240213871002197,-35.71828842163086,-0.5899591573247843,-0.3094902113358524,2305.673095703125,2097.2368774414062,609.4971313476562,1452.1636962890625,4123.076445770295,3410.9354038834776,6.000000000000018,14.698529773288303,-9.840613471137154,-0.7294255495071411,0.41760283368427314,-0.365220369189448,0.009168749726276217,241,51.30739212036133,19.873095987672247,-1.964604872775888
0.6329031392931939,-9.98478627204895,-36.05209732055664,-0.597512681124576,-0.29484225941868497,2324.279052734375,2116.880615234375,527.4991912841797,1424.5784912109375,4138.313874053988,3447.2394962907047,6.025000000000018,14.656064775254992,-9.973326789008247,-0.7868285179138184,0.3986485169949339,-0.396164852962326,0.00811713815202038,242,51.892093658447266,20.186255378424068,-1.6781727390955914
0.5384471587836743,-8.70716643333435,-36.358428955078125,-0.6046815778839331,-0.2787550520246546,2340.9075927734375,2132.96923828125,449.2284240722656,1398.94482421875,4151.501353836094,3482.8539585709786,6.0500000000000185,14.61705207824707,-10.100846820407444,-0.8435954451560974,0.378266679382285,-0.4271730528642842,0.0070273481869733865,243,52.448631286621094,20.29880415868928,-1.2662149210746994
0.4485130399465561,-7.404049396514893,-36.63554382324219,-0.6114300946652211,-0.26124265397326835,2355.5489501953125,2146.148193359375,375.04605865478516,1375.1807250976562,4162.7320644379015,3517.8275791764477,6.075000000000019,14.58187845018175,-10.222621493869358,-0.8991519808769226,0.3564769949488793,-0.45826108101991747,0.005914887022849793,244,52.974979400634766,20.185091971913227,-0.8517574495495851
0.36616247668862345,-6.072785139083862,-36.88165283203125,-0.617720414580961,-0.2421085406208352,2367.8177490234375,2157.1358642578125,311.30816650390625,1352.9820556640625,4172.108215904273,3552.2070973038894,6.100000000000019,14.550973044501411,-10.338075425889757,-0.9502695202827454,0.33334557666877807,-0.489437559413255,0.0047940993191304985,245,53.46915054321289,19.883529988674237,-0.5416940662414645
0.28635691180825235,-4.711749374866486,-37.09523582458496,-0.6235167181144913,-0.22178061537550356,2378.667724609375,2166.591552734375,248.12360763549805,1332.0066528320312,4179.890920066871,3586.0316486954916,6.1250000000000195,14.524766074286568,-10.446668201022678,-1.0006598234176636,0.3089540171398786,-0.5206897215158213,0.003678541710091037,246,53.92929458618164,19.47148064670969,-0.40138487219035746
0.21116416789591314,-3.3203899264335632,-37.274898529052734,-0.6287878462810579,-0.20013871973784045,2387.816650390625,2174.9481201171875,189.83811593055725,1311.9568481445312,4186.09401025776,3619.3318150162927,6.15000000000002,14.503668679131401,-10.54793569776747,-1.0480833053588867,0.28333943416987384,-0.5519953465772708,0.0025786824473951575,247,54.3536262512207,19.036037006380447,-0.44880965500977177
0.134342891164124,-1.8982155323028564,-37.41940879821777,-0.6335051700989425,-0.17763549122461844,2395.185546875,2182.450927734375,122.19292449951172,1292.5672607421875,4190.839963156025,3652.1307362199063,6.17500000000002,14.488072925143772,-10.64144664340549,-1.0982388257980347,0.2565324541112997,-0.583340170041015,0.0015020250654364546,248,54.74042892456055,18.651205173938536,-0.6635815696716487
0.04835626063868404,-0.44797611236572266,-37.52762794494629,-0.6376565056061579,-0.15471582754069213,2398.028076171875,2189.1151123046875,23.83191680908203,1273.519775390625,4193.8947862685145,3684.4449177384613,6.200000000000021,14.47816530863444,-10.726982752482096,-1.1595232486724854,0.22830905518221017,-0.6146796172483086,0.00045013904774894814,249,55.087860107421875,18.365909358515218,-1.0029149267382276
-0.021369006810709835,1.0368738174438477,-37.59758949279785,-0.6412052343377158,-0.12948900914778133,2400.77587890625,2194.7205810546875,-41.93059539794922,1254.4434204101562,4194.490584188744,3716.282912123227,6.225000000000021,14.474394056532118,-10.803960164388021,-1.2056432962417603,0.19873611601547977,-0.6460973780364073,-0.0005819262504847647,250,55.39385223388672,18.2020765767277,-1.4175888605229154
-0.08633709214627744,2.556684374809265,-37.62727928161621,-0.6441079467678477,-0.10305358999554373,2402.079345703125,2199.406982421875,-103.1397476196289,1235.3624877929688,4193.4423193037965,3747.6439976334814,6.250000000000021,14.47731441921658,-10.871718724568685,-1.2484525442123413,0.16805024182920525,-0.677528221603361,-0.001592924553098311,251,55.65667724609375,18.159506458881193,-1.8638358034792624
-0.14695642460137606,4.111860990524292,-37.61511039733887,-0.646334615755263,-0.07550249776126627,2401.961181640625,2203.4686279296875,-160.9483985900879,1216.4104614257812,4190.863825613307,3778.528059828306,6.275000000000022,14.487318462795681,-10.929766760932075,-1.2880877256393433,0.13634028233525441,-0.7089453665354577,-0.0025781344707919546,252,55.87480163574219,18.22361122017148,-2.3097724087868916
-0.20442410781979561,5.704359859228134,-37.55985069274902,-0.6478607402179328,-0.04698810687119353,2400.8995361328125,2207.0831298828125,-217.8060531616211,1197.6934814453125,4186.840115648556,3808.938321363951,6.300000000000022,14.504737854003906,-10.977683597140842,-1.3250532150268555,0.10366930451719164,-0.7403585167259192,-0.0035322590047657033,253,56.04680633544922,18.372805457439895,-2.7370545865489064
-0.21166051030158997,5.5266432762146,-37.45429611206055,-0.6486361861483366,-0.014530946558853201,2392.5594482421875,2212.362060546875,-215.93645477294922,1180.2362060546875,4181.3949643195165,3838.8806584000845,6.325000000000022,14.530669318305122,-11.015042199028862,-1.308774471282959,0.07079321336092234,-0.7416326395704403,-0.0044004242929219905,254,56.17171859741211,18.58394613842041,-3.139452849789599
-0.21526934728026392,5.416196763515472,-37.304521560668945,-0.6485851866134617,0.017917620897782417,2387.0382080078125,2221.8824462890625,-209.79373168945312,1165.607421875,4175.996552950192,3868.386563551452,6.350000000000023,14.565387301974827,-11.040189531114367,-1.2975131273269653,0.03821944924502588,-0.7415748489747856,-0.005112950441829438,255,56.249759674072266,18.835502115746916,-3.5198284588402826
-0.22111719213426115,5.354251503944397,-37.112464904785156,-0.6477271826892653,0.050015155634718464,2387.7303466796875,2232.4425048828125,-205.0234146118164,1152.1465454101562,4170.751709657956,3897.5267490983274,6.375000000000023,14.609203338623047,-11.05367766486274,-1.2883340120315552,0.00589998684461026,-0.7415398284064512,-0.0056798209246096175,256,56.28133010864258,19.108486067175562,-3.886829472348307
-0.22888910993933678,5.337978541851044,-36.87825965881348,-0.6460716951766449,0.08172853562619439,2391.02685546875,2242.06884765625,-202.59341430664062,1138.7482299804688,4165.62612429266,3926.3304127335814,6.4000000000000234,14.662098354763454,-11.055578655666775,-1.2805927991867065,-0.026209160731094756,-0.7415030102043808,-0.006126546951970345,257,56.266761779785156,19.38571210174676,-4.252057524468278
-0.23787097074091437,5.366604298353195,-36.601816177368164,-0.6436279119813609,0.11308732404090467,2394.7213134765625,2250.2940673828125,-202.2451000213623,1124.982666015625,4160.561288934994,3954.7991184830935,6.425000000000024,14.723993937174479,-11.045913696289062,-1.2738250494003296,-0.058137726219243686,-0.7414671906877192,-0.006483782964474653,258,56.206329345703125,19.650329683513355,-4.627627995634471
-0.24748845137655737,5.439546972513199,-36.282724380493164,-0.6404042886398745,0.1441335239226669,2397.622802734375,2257.418212890625,-203.60211181640625,1110.782470703125,4155.50516143446,3982.9236851334845,6.450000000000024,14.794778823852539,-11.024661593967014,-1.2677363157272339,-0.0899060380693917,-0.7414317373557076,-0.0067805033225447646,259,56.100276947021484,19.884260555548238,-5.023831171271063
-0.2574557136744261,5.556556969881058,-35.920650482177734,-0.6364081488451834,0.17490180629992255,2399.3172607421875,2263.9403076171875,-206.42816162109375,1096.2192993164062,4150.41510863905,4010.693246901063,6.4750000000000245,14.874319500393337,-10.991759830050999,-1.2621665000915527,-0.12152884561666971,-0.7413986808686769,-0.0070399888394755555,260,55.948822021484375,20.067078966841493,-5.446559025754401
-0.2677290212363005,5.717266231775284,-35.515201568603516,-0.6316460173419581,0.20541534067415532,2399.9100341796875,2270.233154296875,-210.63601684570312,1081.4092407226562,4145.254404598523,4038.0987293839735,6.500000000000025,14.962466557820639,-10.94712045457628,-1.2570499181747437,-0.15301809563528027,-0.7413670558307323,-0.007278509244903079,261,55.75216293334961,20.17593159232765,-5.894319973617723
-0.2784144658595324,5.921294838190079,-35.06623458862305,-0.6261241525587606,0.23568795883827678,2399.766357421875,2276.4462890625,-216.25300121307373,1066.4593811035156,4139.9885041773805,4065.1339604020404,6.525000000000025,15.059050454033745,-10.89063220553928,-1.2523950338363647,-0.18438517313888342,-0.7413359967145192,-0.007505823567806252,262,55.51049041748047,20.187186782452578,-6.355001095749881
-0.2897015780210495,6.168263013474643,-34.57363700866699,-0.6198484800290162,0.26572738395944817,2399.288818359375,2282.5889892578125,-223.37482452392578,1051.4054870605469,4134.5821791470535,4091.7954449296285,6.550000000000026,15.163882573445639,-10.822163687811958,-1.2482211589813232,-0.21564186261530277,-0.7413055368095514,-0.0077267853152420156,263,55.22396469116211,20.08047251584266,-6.803085097589501
-0.3018037460744381,6.457626834511757,-34.03740882873535,-0.6128247255490684,0.29553747762125016,2398.7755126953125,2288.6292724609375,-232.17900025844574,1036.2267150878906,4128.997808533955,4118.080582106142,6.575000000000026,15.276749928792318,-10.741568671332466,-1.2445429563522339,-0.24680036467128227,-0.7412738451925794,-0.00794325141789232,264,54.892738342285156,19.845427693549507,-7.198729393642996
-0.31496135592460633,6.788858324289322,-33.45774269104004,-0.6050586814942883,0.32511860600833253,2398.368408203125,2294.55859375,-243.0015811920166,1020.8668212890625,4123.193333527494,4143.98624998334,6.600000000000026,15.397414101494682,-10.648682912190756,-1.2413852214813232,-0.27787336261151346,-0.7412400230467354,-0.008155735262475114,265,54.516937255859375,19.490583314322425,-7.490756764185559
-0.32939663082361226,7.161529779434204,-32.83470153808594,-0.5965560070819923,0.3544714682004815,2398.068115234375,2300.4097900390625,-256.21434783935547,1005.240966796875,4117.118293997694,4169.507920515567,6.625000000000027,15.52560912238227,-10.543327331542969,-1.2387570142745972,-0.30887405572814897,-0.7412055684001325,-0.008364556220261748,266,54.0966796875,19.052184912772532,-7.625730074687558
-0.345188245177269,7.57511842250824,-32.16847038269043,-0.5873222949504696,0.38360415354950816,2397.7796630859375,2306.244140625,-271.930965423584,989.2467956542969,4110.712935301711,4194.638944685489,6.650000000000027,15.661037233140734,-10.425309075249565,-1.2366033792495728,-0.3398152271944212,-0.7411700817786072,-0.008570443539660093,267,53.632057189941406,18.598708724122602,-7.564167218169798
-0.36217129305005075,8.029100179672241,-31.45931911468506,-0.5773629380009275,0.41253796734413317,2397.3680419921875,2312.129638671875,-289.7406921386719,972.7703857421875,4103.914661166122,4219.370114576847,6.675000000000027,15.803380542331272,-10.294415156046549,-1.2347639799118042,-0.3707068638644179,-0.7411324646282099,-0.00877464037594462,268,53.12314987182617,18.225220562917936,-7.301942662074046
-0.3801109194755554,8.523180842399597,-30.70732879638672,-0.5666824636072193,0.44129461434724065,2396.7020263671875,2318.1300048828125,-309.0457763671875,955.6886596679688,4096.671143862655,4243.689374220402,6.700000000000028,15.952291488647461,-10.150410334269205,-1.233038306236267,-0.40155435863934663,-0.7410942815560808,-0.008978650999012298,269,52.57001876831055,18.032333587391935,-6.890020062830716
-0.39936939179897313,9.05696165561676,-29.912790298461914,-0.555285299274657,0.46987379495320797,2395.712158203125,2324.843994140625,-329.0122756958008,936.6988830566406,4088.944999453476,4267.581590712101,6.725000000000028,16.107398139105904,-9.99304453531901,-1.2309105396270752,-0.43235721217650286,-0.7410556324307611,-0.009184695403303066,270,51.97272872924805,18.08939728227232,-6.440499853329512
-0.4217179976403714,9.629966974258423,-29.076472282409668,-0.5431769377729891,0.4981778044395429,2393.62890625,2334.7569580078125,-349.53528594970703,912.1953125,4080.7196925610815,4290.999062788518,6.750000000000028,16.268320083618164,-9.822101593017578,-1.2262989282608032,-0.4630790390374934,-0.7410185479125817,-0.009403152634987123,271,51.33137130737305,18.391585157310168,-6.105448085859296
-0.444615937024355,10.242206811904907,-28.19899272918701,-0.5303630716090456,0.5263171972809972,2389.6505126953125,2348.875244140625,-365.7223358154297,882.3362121582031,4071.9813104123396,4313.803945601019,6.775000000000029,16.434668434990776,-9.63736957973904,-1.2180677652359009,-0.49364104294356564,-0.7409854581360374,-0.00964943990006251,272,50.646114349365234,18.832893930108305,-6.022384207089263
-0.4681141383945942,10.893743991851807,-27.280686378479004,-0.5168494598686838,0.5541542547597004,2383.666015625,2366.19091796875,-379.4108123779297,848.3977355957031,4062.8382520169544,4335.862350904975,6.800000000000029,16.606014039781357,-9.438624911838108,-1.2070266008377075,-0.5239597337945455,-0.7409550980996106,-0.009932987493561087,273,49.917259216308594,19.223236384726135,-6.239641579055234
-0.4922944523394108,11.584389448165894,-26.32212734222412,-0.5026448244044737,0.5815938354457092,2376.726318359375,2384.587158203125,-391.73502349853516,811.7728881835938,4053.3529817075064,4357.072294294869,6.8250000000000295,16.781844033135307,-9.225677914089626,-1.1942137479782104,-0.5539778203374827,-0.7409242720099929,-0.01025358319483349,274,49.14519500732422,19.365619190193275,-6.660430191177175
-0.5175381302833557,12.313857555389404,-25.323936462402344,-0.48776008417688455,0.6085637343839688,2370.217041015625,2401.9796142578125,-403.9070587158203,773.6144409179688,4043.5596061200436,4377.366616499459,6.85000000000003,16.961578792995876,-8.998361163669163,-1.1806751489639282,-0.583664509772273,-0.740891681576153,-0.010602772507716015,275,48.33036804199219,19.17250208500637,-7.057513162316969
-0.544151582568884,13.08151888847351,-24.287010192871094,-0.4722074897269308,0.6350289642956586,2365.212158203125,2417.0469970703125,-416.80918884277344,734.7562866210938,4033.4619296521482,4396.70697752241,6.87500000000003,17.14458253648546,-8.756528430514866,-1.1672046184539795,-0.6130122786688372,-0.7408543640313784,-0.010967821152949425,276,47.473262786865234,18.75303131895519,-7.186054763417022
-0.5722022026777268,13.886766910552979,-23.212278366088867,-0.4559997243593039,0.660990790182296,2362.1307373046875,2429.394775390625,-430.9066925048828,695.7215881347656,4023.041699931079,4415.075884687938,6.9000000000000306,17.3301813337538,-8.50004408094618,-1.1542469263076782,-0.6420291497999591,-0.7408132181925366,-0.011335988609490668,277,46.5743522644043,18.38496442593653,-6.95282019681656
-0.6015062101185322,14.728765964508057,-22.100622177124023,-0.43914907190453195,0.6864755107596457,2360.7454833984375,2439.319580078125,-446.27906799316406,656.7629089355469,4012.2690326184575,4432.468924391308,6.925000000000031,17.517672644721138,-8.228776190016005,-1.1419036388397217,-0.670729770551634,-0.7407668459000556,-0.01169758346768538,278,45.634090423583984,18.34053182750617,-6.522495200839351
-0.6317198470234872,15.606971263885498,-20.953089714050293,-0.42166698395530217,0.7115192118604784,2360.419677734375,2447.4427490234375,-462.7484588623047,617.9472045898438,4001.112055918629,4448.887997114698,6.950000000000031,17.70633273654514,-7.942590713500977,-1.1300431489944458,-0.6991283222566668,-0.7407189422899478,-0.012047240914353271,279,44.652923583984375,18.660435883719327,-6.236150056924211
-0.6624532461166383,16.520687580108643,-19.77054214477539,-0.40356404657694767,0.7361560485257742,2360.418212890625,2454.3572998046875,-480.11541748046875,579.335693359375,3989.543344447072,4464.336677229446,6.975000000000032,17.895416683620876,-7.641356256273058,-1.118468999862671,-0.727234259136927,-0.7406687749929134,-0.012383395302056621,280,43.63126754760742,19.07274086954872,-6.342992448603502
-0.693443076312542,17.46953248977661,-18.553741455078125,-0.3848501467550154,0.7604085910457715,2360.2181396484375,2460.35302734375,-498.40284729003906,541.0692138671875,3977.5404590100607,4478.820069563431,7.000000000000032,18.08415306939019,-7.324943012661404,-1.1071316003799438,-0.7550537730419492,-0.7406186409853927,-0.01270620371568785,281,42.56954574584961,19.19510486269144,-6.747250056653592
-0.7246721789240838,18.452978134155273,-17.303491592407227,-0.3655347054218614,0.7842880246970487,2359.64599609375,2465.458740234375,-517.6857757568359,503.1147155761719,3965.0803878278102,4492.346799910112,7.025000000000032,18.271745045979817,-6.993236011928982,-1.0960290431976318,-0.7825927229261316,-0.7405671421078133,-0.013015911665409951,282,41.46815872192383,18.90404879892367,-7.048218921996458
-0.756246791779995,19.470743656158447,-16.020530223846436,-0.3456269437727602,0.8078006079081675,2358.67822265625,2469.7293701171875,-537.9041442871094,465.22813415527344,3952.13824343389,4504.924667799518,7.050000000000033,18.45736821492513,-6.646140946282281,-1.0849720239639282,-0.8098551701101365,-0.7405167417841836,-0.013313195344468454,283,40.327510833740234,18.507626744654527,-6.925894252487508
-0.788291771709919,20.522568702697754,-14.705401420593262,-0.3251360830029862,0.8309425456745746,2357.305908203125,2472.7852783203125,-560.2919616699219,428.0919494628906,3938.690639826713,4516.555371153401,7.075000000000033,18.640166388617622,-6.283587349785699,-1.0744259357452393,-0.836845908283926,-0.7404657422493085,-0.013596272723587063,284,39.14798355102539,18.453718037944913,-6.518526501804864
-0.8214668154716492,21.608193397521973,-13.35870885848999,-0.30407154404489545,0.8537024529826098,2356.052490234375,2473.82275390625,-586.0318298339844,391.75743103027344,3924.6833407849654,4527.257669889975,7.100000000000033,18.81924311319987,-5.905535486009386,-1.0648865699768066,-0.8635853772088666,-0.7404147427144335,-0.013858354822580682,285,37.92995834350586,18.80590843206235,-6.314844550426659
-0.8564408197999002,22.727124214172363,-11.981086254119873,-0.28244288098889864,0.8760764016696653,2355.1195068359375,2472.3104248046875,-616.5694274902344,356.2369689941406,3910.0325450391165,4537.0516056657325,7.125000000000034,18.993661668565537,-5.5119811164008246,-1.056649923324585,-0.8901015400764041,-0.7403614462031183,-0.01409086334990681,286,36.673763275146484,19.116070760830116,-6.571597233454719
-0.8939571574330331,23.879033088684082,-10.573269367218018,-0.26025981437297463,0.8980673212129401,2354.345458984375,2467.8990478515625,-653.7046813964844,321.4291229248047,3894.6183093518616,4545.9575298905875,7.150000000000034,19.162445068359375,-5.102954440646702,-1.050051212310791,-0.9164316145627722,-0.7403077502176396,-0.014283977899045782,287,35.37969207763672,18.970578910183697,-6.942383424291148
-0.9349069848656655,25.063400268554688,-9.135802268981934,-0.23753179841899313,0.9196764100349248,2352.9541015625,2460.3345947265625,-700.1714477539062,287.24678802490234,3878.275692316951,4553.993257963709,7.1750000000000345,19.324573940700954,-4.678523275587294,-1.0453687906265259,-0.9426196094049847,-0.7402521900193978,-0.014427656480152859,288,34.04796600341797,18.578471196189064,-6.905573801895699
-0.9806611716747284,26.279544830322266,-7.669302701950073,-0.21426855366493297,0.940893548123477,2349.689697265625,2449.1104736328125,-759.8507385253906,253.27374267578125,3860.771406123105,4561.174427664332,7.200000000000035,19.47895685831706,-4.238796499040392,-1.043326497077942,-0.9687228491455053,-0.7401925019214664,-0.014510243602269737,289,32.678749084472656,18.5204271862034,-6.52072350866859
-1.032305607199669,27.52638053894043,-6.175169467926025,-0.19047966749071843,0.9617426373493804,2342.7818603515625,2434.745849609375,-834.3026123046875,217.5465850830078,3841.775137659972,4567.506271231227,7.225000000000035,19.62444517347548,-3.7839325269063315,-1.0432673692703247,-0.9948027196474606,-0.7401300175043904,-0.014527185884110765,290,31.272113800048828,18.880721410391587,-6.386721380466908
-1.0896783426404,28.802727699279785,-4.654926538467407,-0.1661736287223241,0.9822804030438534,2328.97314453125,2419.2762451171875,-923.39111328125,178.1071014404297,3820.9175723523576,4572.944935858304,7.2500000000000355,19.75986056857639,-3.3141292466057672,-1.043650507926941,-1.020888981736032,-0.7400649365052516,-0.014489827767741298,291,29.828073501586914,19.07108246632061,-6.7149446032520705
-1.1491621807217598,30.10801601409912,-3.1097079515457153,-0.1413561465113369,1.0027397386442236,2304.4954833984375,2404.9161376953125,-1025.8121948242188,138.12042999267578,3797.8327945203296,4577.397613394316,7.275000000000036,19.88399929470486,-2.829596996307373,-1.0446035861968994,-1.0469819683063557,-0.739999389452922,-0.014423066688461675,292,28.346635818481445,18.774993396823298,-6.943877803380112
-1.210624086856842,31.442516326904297,-1.5395517349243164,-0.11602638861991613,1.0231946800287952,2266.1541748046875,2393.6307373046875,-1139.8609008789062,94.51049423217773,3772.187489649728,4580.850624144135,7.300000000000036,19.99564488728841,-2.3304896884494357,-1.0434973239898682,-1.073094063057501,-0.73993583977141,-0.014356331616614572,293,26.827795028686523,18.522466464509744,-6.67492631797874
-1.276657870411873,32.806884765625,0.0547424852848053,-0.09018839140158895,1.0434079395444422,2211.6800537109375,2385.6893310546875,-1264.1363525390625,40.082693099975586,3743.6909671277594,4583.2133864999405,7.325000000000037,20.09356180826823,-1.8171355459425185,-1.0359587669372559,-1.0990995647860158,-0.7398751196985562,-0.014315413602881726,294,25.2716121673584,18.772290944924123,-6.411024772163583
-1.3512185722589494,34.201918601989746,1.6720634698867798,-0.0638500070203819,1.0630597381232731,2139.4794921875,2379.164794921875,-1397.3999633789062,-34.28221797943115,3712.0875583142874,4584.215453827442,7.350000000000037,20.176467895507812,-1.2900212075975206,-1.0170166492462158,-1.1248068590514688,-0.7398165634440881,-0.014319340725192291,295,23.678367614746094,19.037466747886555,-6.65112380815263
-1.4735537320375443,35.62773036956787,3.3061254024505615,-0.03705245621654236,1.0796268637904927,2048.3595581054688,2365.3948974609375,-1537.9603881835938,-202.51490020751953,3677.1525592298194,4583.358398377959,7.375000000000037,20.2430174085829,-0.7503969801796807,-0.9529327750205994,-1.1495613408579188,-0.7397591057435696,-0.014383154642218714,296,22.04885482788086,18.79758933793886,-6.908724872126978
-1.639268681406975,37.08253765106201,4.943264484405518,-0.00990442717146459,1.091954037265224,1936.9435424804688,2322.8966064453125,-1684.0791015625,-458.9186096191406,3638.703549525235,4578.295525872777,7.400000000000038,20.291659037272137,-0.2009838322798411,-0.8436999917030334,-1.1719614551026845,-0.7397005827786152,-0.014536366507790433,297,20.385438919067383,18.555796415675232,-6.660550809746859
-1.824242249131203,38.56552314758301,6.578313112258911,0.01751978624281661,1.1008627105857027,1804.9166870117188,2229.9625244140625,-1832.4886474609375,-762.1575012207031,3596.601571986178,4566.8225606323085,7.425000000000038,20.32077365451389,0.35605202118555707,-0.7029569149017334,-1.1914275647745096,-0.7396443567901009,-0.014813113677833601,298,18.69193458557129,18.818720445273353,-6.442623627833354
-2.059440389275551,40.07467460632324,8.197495937347412,0.045089701616454966,1.1036169517850627,1654.0678100585938,2022.2000122070312,-1978.22265625,-1171.9206848144531,3550.78935579966,4547.768623101802,7.450000000000038,20.328316158718533,0.9172194533877902,-0.49578529596328735,-1.2065403381704367,-0.7395916262005172,-0.015239978869275871,299,16.97343635559082,19.004830839488452,-6.723897986839814
-2.2935869574546817,41.60683250427246,9.788858413696289,0.07266192853069572,1.1017538708654704,1492.3453369140625,1667.9990234375,-2113.5817260742188,-1595.1492004394531,3501.3337893934154,4518.470605981457,7.475000000000039,20.311893886990017,1.4785043398539226,-0.26503223180770874,-1.2160052126845784,-0.7395434895638141,-0.015848264627898685,300,15.237208366394043,18.704718286318105,-6.871009000198549
-2.467050623893738,43.158273696899414,11.354040622711182,0.10016663182773536,1.0986652697912511,1337.5943603515625,1253.1038208007812,-2228.2622680664062,-1918.4044189453125,3448.494246241565,4478.591875970487,7.500000000000039,20.27006573147244,2.0372019873725042,-0.08659739792346954,-1.2202514898846553,-0.7395025434620541,-0.016651812109289347,301,13.491238594055176,18.602236956830886,-6.554662465831927
-2.569819623231888,44.724802017211914,12.903380393981934,0.12759989582853362,1.0962630984879995,1204.5601806640625,856.1932678222656,-2318.453125,-2116.466552734375,3392.7876895399095,4430.631765496867,7.525000000000039,20.203124152289497,2.5919991069369845,0.020017942413687706,-1.2209428465036398,-0.7394678890783695,-0.017621052943266872,302,11.741841316223145,18.929657548944913,-6.500427871178072
-2.61465038061142,46.30303382873535,14.446624755859375,0.15499058254140424,1.09521740828598,1098.6963500976562,526.9487915039062,-2386.8607788085938,-2207.242919921875,3334.826361414913,4377.720101678516,7.55000000000004,20.112404293484158,3.1424363454182944,0.07138431817293167,-1.2197121997639142,-0.7394335343003074,-0.018686517116380325,303,9.99287223815918,18.93411358099899,-6.832225957220576
-2.6267198741436006,47.89057922363281,15.988764762878418,0.18236817815304146,1.0950959015612451,1017.3459167480469,279.1415481567383,-2439.372314453125,-2234.2554321289062,3275.154841944701,4322.539028680472,7.57500000000004,19.999665154351128,3.6882819069756403,0.09182407706975937,-1.2176284093689815,-0.73939628333456,-0.019760892476172534,304,8.24625015258789,18.60515969773797,-6.787216689106294
-2.625225389003754,49.48547172546387,17.53057289123535,0.20974876982090498,1.095387850595745,954.3639526367188,98.97883415222168,-2481.6217651367188,-2232.4729614257812,3214.1705340833746,4266.682642877251,7.6000000000000405,19.86651102701823,4.229179223378499,0.09757202118635178,-1.2152418175581072,-0.7393574011826448,-0.020764188482589447,305,6.5027689933776855,18.697841536047992,-6.468146484255003
-2.619202470779419,51.08625602722168,19.07112979888916,0.2371395813694517,1.095895382520487,901.9649658203125,-35.76228713989258,-2517.6708984375,-2220.4783325195312,3152.1299899549585,4210.870818841607,7.625000000000041,19.71416473388672,4.764659139845106,0.09765206277370453,-1.212794771990488,-0.7393210823232789,-0.021638398158137777,306,4.762691020965576,19.000568333207035,-6.605579472730271
-2.6121313393116,52.69183349609375,20.609031677246094,0.2645448905011826,1.0965258859085631,856.8645629882812,-137.8616428375244,-2548.3954467773438,-2206.1260375976562,3089.1882174940224,4155.358860528618,7.650000000000041,19.543512132432724,5.2942196528116865,0.09567610174417496,-1.2103758227723689,-0.7392907555763656,-0.022350560723138593,307,3.026060104370117,18.822147784311085,-6.886275615936286
-2.606419759988785,54.301130294799805,22.1429443359375,0.2919659455728585,1.0971273608407575,822.0178833007812,-212.93121147155762,-2572.00244140625,-2193.1915893554688,3025.4783313245903,4100.205709588676,7.675000000000042,19.355345831976997,5.817347102695042,0.09268402308225632,-1.2080199904720847,-0.7392690841029951,-0.022892291381347345,308,1.2928409576416016,18.568314350985634,-6.671242533551183
-2.602232748270035,55.913564682006836,23.672152519226074,0.3194012319116095,1.0976900867790913,795.0758666992188,-268.1690864562988,-2588.572509765625,-2183.34326171875,2961.178270289435,4045.3759198547887,7.700000000000042,19.15042241414388,6.333523856268989,0.09067946672439575,-1.2057318024634887,-0.7392577323788486,-0.02327488360026165,309,-0.4370367228984833,18.815164644032343,-6.448225365890505
-2.5985615193843845,57.52923774719238,25.196478843688965,0.34685106576781516,1.0982873006535416,772.3395690917969,-312.93457794189453,-2599.6168212890625,-2175.974609375,2896.463957545295,3990.7923383118195,7.725000000000042,18.92932679918077,6.842271486918132,0.09028109908103943,-1.20347250975272,-0.7392567669829534,-0.023517595363514145,310,-2.163623571395874,19.00428896811696,-6.7218434768724915
-2.595391470193863,59.14808654785156,26.71614360809326,0.3743159797736933,1.098890906114608,753.7023620605469,-349.86512756347656,-2606.316650390625,-2170.2156372070312,2831.4735370130693,3936.3929730774444,7.750000000000043,18.6925654941135,7.343127462599012,0.09077329188585281,-1.2012102875647521,-0.7392627923849198,-0.02364354831891268,311,-3.88692569732666,18.709064974669616,-6.874852473181662
-2.592953622341156,60.770185470581055,28.231271743774414,0.40179567432362145,1.099467147595474,739.2708435058594,-379.85406494140625,-2609.895751953125,-2165.4810791015625,2766.315620753304,3882.1375821472684,7.775000000000043,18.440621693929035,7.835632430182563,0.09148357808589935,-1.198932086410244,-0.7392753092420431,-0.023677023005458216,312,-5.606925010681152,18.593581567936837,-6.563174860276396
-2.5915616512298585,62.395456314086914,29.74224853515625,0.42928918402170435,1.099990858223838,729.0480346679688,-403.4405822753906,-2611.386962890625,-2161.550048828125,2701.068226954476,3828.000555169729,7.800000000000043,18.173978593614365,8.319338162740072,0.09200870990753174,-1.1966377731311406,-0.7392916211037198,-0.023641361613986372,313,-7.323598384857178,18.91668091935585,-6.485873293350642
-2.5914988577365876,64.02395629882812,31.249348640441895,0.456794910971288,1.1004468579814868,722.9043273925781,-421.1678466796875,-2611.525390625,-2158.4635009765625,2635.78355288221,3773.9618039490256,7.825000000000044,17.893110911051433,8.793807029724121,0.09220525622367859,-1.194334405104331,-0.7393117612594635,-0.02355752613510852,314,-9.036930084228516,18.955826189865085,-6.81557867872398
-2.5926402390003207,65.65568351745605,32.752902030944824,0.48431135714425916,1.1008620447954303,719.8963928222656,-434.6553649902344,-2610.9107666015625,-2156.146240234375,2570.4954181165854,3720.0002164246116,7.850000000000044,17.59848912556966,9.258618884616428,0.09227632731199265,-1.1920286402325404,-0.7393334327328341,-0.023443078867856966,315,-10.746914863586426,18.624035719260032,-6.817192979344992
-2.5943400442600253,67.29102897644043,34.253366470336914,0.5118385891196452,1.1013135171792259,718.1071166992188,-446.4717254638672,-2610.2962646484375,-2154.1302490234375,2505.2226489515465,3666.0965604187522,7.875000000000044,17.29052225748698,9.713383780585396,0.09236300736665726,-1.1897204785157687,-0.7393578672358355,-0.02331060949016614,316,-12.4535551071167,18.65881301428437,-6.487483407241604
-2.596720939874649,68.93007278442383,35.751054763793945,0.5393774391352867,1.101784097743843,717.8348388671875,-456.23265075683594,-2609.7003173828125,-2152.4429931640625,2439.9652423353355,3612.2433041931663,7.900000000000045,16.969611909654404,10.157733493381077,0.0922720655798912,-1.1874123167989972,-0.7393831006871641,-0.023168469508766967,317,-14.156850814819336,18.982673889562868,-6.557084840836448
-2.6001909375190735,70.5728759765625,37.246116638183594,0.5669278739016701,1.1022225872173244,720.3287658691406,-462.9729309082031,-2608.58056640625,-2151.3770141601562,2374.722734400765,3558.432229364065,7.925000000000045,16.636184056599934,10.591305626763237,0.09187843650579453,-1.18510961456246,-0.7394094659819559,-0.023022492910922395,318,-15.856810569763184,18.880159574429133,-6.871751489047635
-2.6074247479438784,72.21873474121094,38.738128662109375,0.5944859319666738,1.1022995525728276,733.1813659667969,-460.28382873535156,-2604.0955810546875,-2152.6795043945312,2309.508220240609,3504.647804010061,7.9500000000000455,16.290758980645073,11.01373036702474,0.09046083688735962,-1.1828275518243712,-0.7394342666696072,-0.022878757113463776,319,-17.553449630737305,18.577598608536746,-6.738496617849119
-2.6244587242603306,73.86553955078125,40.22520446777344,0.6220316063326086,1.1011884817660467,773.2723999023438,-431.7693328857422,-2588.94775390625,-2160.9767456054688,2244.4058307142413,3450.830816400198,7.975000000000046,15.934232076009115,11.424534055921766,0.08777004480361938,-1.1805982196758658,-0.7394573695920637,-0.022750426038435582,320,-19.246809005737305,18.739241333944342,-6.450526666182403
-2.650789934396744,75.5113639831543,41.70516586303711,0.6495336048566661,1.0987311830282305,839.8738403320312,-370.2324752807617,-2560.925537109375,-2178.6365356445312,2179.682136866584,3396.8063977600614,8.000000000000046,15.567765765719944,11.82323137919108,0.08395636826753616,-1.1784509128889349,-0.7394893275251446,-0.02266064838137549,321,-20.936965942382812,19.010542982583534,-6.638100952086025
