AY,Alphaf,Alphar,Beta,BetaR,Fxf,Fxr,Fyf,Fyr,Myf,Myr,Time,Vx,Vy,YawAcc,YawR,delta,phi,t,yaw,global_x_m,global_y_m
1.2940107239157769e-17,0.0,0.0,-0.0,-0.0,1.374053716659546,0.2894238531589508,0.0,0.0,0.0,0.0,0.0,16.666666666666668,-0.0,2.869163304912862e-17,0.0,0.0,0.0,1,0.0,0.0,0.0
0.02495101965032518,-0.06999301165342331,0.0003127157688140869,9.516214039305575e-06,0.0013559433975645027,-61.78290557861328,-54.38727378845215,45.91041564941406,-0.14528656005859375,0.0,0.0,0.025,16.663378609551323,0.0001585722687498977,0.016827037557959557,0.00011439118872518173,0.0011536834648169275,1.5667848819268782e-06,2,3.5135308280587196e-05,0.416625565754514,9.300565162178598e-06
0.14128970429301263,-0.22529077157378197,0.0021280385553836823,0.00010793546940586101,0.007045916453495583,-83.84397506713867,-76.61265563964844,260.8611755371094,-1.7434616088867188,1.1477603912353516,-0.003632164001464844,0.05,16.659569210476345,0.0017981584339092176,0.09454898536205292,0.001372102205500856,0.004076574281618323,2.6405894832145453e-05,3,0.0008668052032589912,0.8331623155910657,0.00022158559564625563
0.3337413929402828,-0.3976448103785515,0.004163190722465515,0.00038180513647836895,0.014711444382327923,-112.3321533203125,-105.36263656616211,617.3611831665039,-5.171028137207031,7.669289779663086,-0.047218704223632814,0.07500000000000001,16.655022303263348,0.006358973268005583,0.22317460179328918,0.005271874579879917,0.007827077257121418,0.00013688332662887976,4,0.005239125341176987,1.2495913381481563,0.0015947730137467
0.5503677003085614,-0.542352095246315,0.0009800493717193604,0.000829475526223199,0.020426096021014684,-144.31133270263672,-137.4432144165039,1014.8129119873047,-4.917320251464844,23.103319358825683,-0.17649440765380858,0.1,16.64956834581163,0.013810412751303779,0.3637895882129669,0.01262219554745806,0.011677650331104517,0.00041394811244170176,5,0.01763324812054634,1.665860049114127,0.006607213735959098
0.7505118474364281,-0.6394743025302887,-0.014759942889213562,0.0013688001718309155,0.02189568448657465,-177.21370697021484,-170.0706024169922,1367.0075378417969,10.679962158203125,48.4736421585083,-0.2994274139404297,0.125,16.643120447794598,0.022781120820177927,0.4805191457271576,0.023256536917064523,0.015111534401841889,0.0009149581858397263,6,0.042980778962373734,2.081778894351365,0.019672878232164133
0.9218890905380249,-0.7086997032165527,-0.048079291358590126,0.0018891443981295694,0.019232764745469203,-208.30989837646484,-200.87229919433594,1638.4115600585938,54.561492919921875,82.64883060455321,-0.032428359985351596,0.15,16.635684967041016,0.03142724848455853,0.5552085638046265,0.036292494071163826,0.018210967571705993,0.0016490293469770643,7,0.08540906012058258,2.496768092573659,0.04702660628501115
1.0767785876989366,-0.7695689499378204,-0.09983101114630699,0.002308648835982781,0.014221000381049214,-235.8412322998047,-227.9954833984375,1843.206298828125,134.95384216308594,123.60911960601806,1.3316089630126975,0.175,16.627345614963108,0.03838676959276199,0.5896495580673218,0.05067522843327301,0.021112578847144948,0.0025824017703198862,8,0.14759910106658936,2.9094340440108155,0.0961975255186945
1.2383434712886812,-0.8359639644622803,-0.1666659563779831,0.002597208061728021,0.009093100346858453,-258.0770492553711,-249.8400421142578,2023.120849609375,252.48837852478027,169.6892770767212,4.705455017089849,0.19999999999999998,16.618225309583877,0.04316108508242501,0.5988487601280212,0.06556716335699456,0.02395816127040811,0.0036634909488172116,9,0.23083555698394775,3.317039954600025,0.17528960103806474
1.422308984398842,-0.9163125455379486,-0.2434321567416191,0.002771972806777967,0.005236806678018188,-273.98692321777344,-265.51158142089844,2213.4196166992188,400.68323516845703,220.2672983169556,11.017664480209362,0.22499999999999998,16.608470280965168,0.04603834615813361,0.5982819199562073,0.08053846048120045,0.026906275395639324,0.004850051189306032,10,0.335494726896286,3.714976344566516,0.29223585626726883
1.6311380922794343,-1.0058177411556244,-0.32541523873806,0.0028706013132733703,0.0029297029436014385,-283.15218353271484,-274.59740447998047,2427.6492309570312,570.4533843994141,275.6027887344361,21.034745359420793,0.24999999999999997,16.598232057359482,0.04764703412850698,0.5967522263526917,0.09547511570528931,0.029937152453231253,0.006123149340985892,11,0.4615829586982727,4.096318014826468,0.454067508029495
1.8569728463888169,-1.0981917679309845,-0.40968380868434906,0.0029265929748206604,0.0017035129675496644,-285.1432189941406,-277.1872329711914,2659.60302734375,753.5379638671875,336.2940195083619,35.29607996940615,0.27499999999999997,16.5876653459337,0.04854548308584425,0.595514178276062,0.11037850638288739,0.03299074752327832,0.007484534923842431,12,0.6090484261512756,4.451534200274373,0.6661219675118176
2.0852133214473727,-1.1909432411193848,-0.4952210336923599,0.002956739490226572,0.0007020144648313912,-281.11226654052734,-273.5651626586914,2890.72412109375,941.7224731445312,402.78409519195566,54.13452906608585,0.3,16.57692379421658,0.04901378519005246,0.5918546915054321,0.12522947439890295,0.03603458460464377,0.008944719621951706,13,0.7778371572494507,4.768444986110059,0.9310847296527012
2.310529372096062,-1.281470239162445,-0.5822383463382721,0.0029610811710115113,-0.00030985537935520105,-271.5618362426758,-264.3812561035156,3112.255859375,1133.9423217773438,475.05219821929944,77.67759089469914,0.325,16.56614939371745,0.04905385689602958,0.5834446549415588,0.1399282760481341,0.03901104475072751,0.010509862515483177,14,0.967811107635498,5.032568417307233,1.2478357270476659
2.532473558187485,-1.3688004612922668,-0.6706500947475433,0.0029408986231527793,-0.0012573099496569204,-257.4198989868164,-250.57361602783203,3325.8531494140625,1327.6963500976562,552.8585947036745,106.02614893913272,0.35000000000000003,16.555471420288086,0.04868810375531515,0.5714424252510071,0.15437421055186223,0.04187592989040724,0.012176891086358894,15,1.1786754131317139,5.228018295242816,1.6102106644684098
2.7524239778518678,-1.4547230005264282,-0.7598986923694611,0.0028998711181290222,-0.001958035356095443,-239.73402404785156,-233.22005462646484,3532.26171875,1524.778076171875,636.004923439026,139.21855769157412,0.37500000000000006,16.544987360636394,0.04797846906714969,0.5553666949272156,0.16846649390758464,0.04465175101697524,0.013935707168679874,16,1.409996747970581,5.339059358062225,2.0059201587258673
2.968919587135315,-1.541447103023529,-0.8492088317871094,0.002844841211436333,-0.0024099464852777434,-219.5866470336914,-213.11026763916016,3730.2811279296875,1723.7476196289062,724.311466407776,177.33800959587097,0.4000000000000001,16.534770329793293,0.04703892601860894,0.5356709361076355,0.18211299738634143,0.04737240101649196,0.015772540347075262,17,1.661200761795044,5.352334224814796,2.415948063356807
3.178923225402832,-1.6292545199394226,-0.9379309415817261,0.0027809932246733097,-0.0027394109811138944,-197.9237518310547,-191.52608489990234,3921.276611328125,1917.7095947265625,817.5684946060182,220.43170008659362,0.4250000000000001,16.52486589219835,0.04595565713114209,0.5161535739898682,0.19526055763487185,0.050041063198697895,0.017671586424951126,18,1.9315978288650513,5.259630436114071,2.8147940118156316
3.3810075819492345,-1.7180256843566895,-1.0260910987854004,0.002708225988927447,-0.0030454193735599826,-175.78126907348633,-169.78164291381836,4103.0709228515625,2106.2670288085938,915.6004098892214,268.3744399547577,0.4500000000000001,16.515289942423504,0.04472724679443571,0.4965592920780182,0.20791228722269997,0.05265962258230211,0.019614826412760092,19,2.22048020362854,5.060843405528728,3.1718981609117867
3.579679185152054,-1.8052913546562195,-1.1134107112884521,0.0026310252661598484,-0.003078605117530217,-153.81100845336914,-148.47795867919922,4282.2266845703125,2291.1370849609375,1018.1771829605104,321.0311156749725,0.47500000000000014,16.506034003363716,0.043427890373600855,0.47770917415618896,0.22009195486255476,0.05518594920721632,0.02158306890589678,20,2.5271520614624023,4.766614165082291,3.454447230942359
3.7745049059391023,-1.8903568387031555,-1.1990568041801453,0.002556466378387662,-0.0028577879714192663,-132.88458824157715,-128.24328422546387,4456.8709716796875,2473.4515380859375,1125.2328500747683,378.30954279899595,0.5000000000000001,16.497070524427627,0.042174297074476876,0.4583309590816498,0.23179370160003798,0.05762004515403511,0.023559506861169265,21,2.850938081741333,4.399998369304046,3.63154203397445
3.9607857465744023,-1.9744561314582825,-1.2824373245239258,0.002487632506736171,-0.002637871202622168,-113.3344783782959,-109.54739189147949,4620.16357421875,2651.4721069335938,1236.6546243667603,440.1458312511444,0.5250000000000001,16.48836241828071,0.04101706875695123,0.43702441453933716,0.24298718404347958,0.059984260169969154,0.025529869480205008,22,3.1911399364471436,3.996457019014176,3.679413648959407
4.136540353298187,-2.0551167130470276,-1.3636780977249146,0.0024237361461486593,-0.0025378089063719206,-95.65228080749512,-92.66236877441406,4776.615966796875,2817.0895385742188,1352.158713722229,506.4326339244842,0.5500000000000002,16.47986623975966,0.039942926830715604,0.41917479038238525,0.25367819456825047,0.06223605025660442,0.02748023758511914,23,3.547018527984619,3.601528767451053,3.586987180641734
4.296469539403915,-2.1350276470184326,-1.443652629852295,0.0023548078675171193,-0.0029666628861790196,-80.03046515583992,-77.85290829837322,4916.006591796875,2970.8369750976562,1471.5741128921509,576.8598723888397,0.5750000000000002,16.471532185872395,0.038787362476189934,0.40132543444633484,0.2639284519326133,0.06441291397044598,0.029395616330617755,24,3.917914867401123,3.265861931016892,3.3606727923002215
4.451011627912521,-2.211777925491333,-1.5224128365516663,0.0022763645096237003,-0.003277622313553998,-66.95685482025146,-65.57845163345337,5050.10595703125,3120.1088256835938,1594.4742776870728,651.130796766281,0.6000000000000002,16.463306215074326,0.03747654871808158,0.3835830092430115,0.2737411685746329,0.06647247168005337,0.0312597999653488,25,4.303204536437988,3.037850536262736,3.02707631625041
4.600105869770051,-2.285352110862732,-1.5993362069129944,0.002191853097574644,-0.0034639268164875286,-57.27674198150635,-56.767791748046875,5178.3756103515625,3265.4107055664062,1720.726926612854,729.1335174083708,0.6250000000000002,16.455106735229492,0.0360672382844819,0.3654095530509949,0.28310431033513345,0.06842282314021068,0.03306071479883904,26,4.702256679534912,2.9547706806141107,2.632404742196961
4.74013477563858,-2.3561681509017944,-1.6738547682762146,0.0021021443602107295,-0.0037187120101389247,-53.26546859741211,-53.48037528991699,5295.7174072265625,3405.3934326171875,1850.186316871643,810.768785047531,0.6500000000000002,16.44682460361057,0.03457364936669668,0.345502644777298,0.2919937423167362,0.07027373050078876,0.03479107666938821,27,5.114420413970947,3.0339783348430207,2.237697418544022
4.872781211137772,-2.4230703115463257,-1.7458310723304749,0.0020065415584147386,-0.003915092312579472,-49.796321868896484,-50.77951240539551,5406.0950927734375,3538.81494140625,1982.5792520523069,895.9036208629607,0.6750000000000003,16.438345379299587,0.032984266678492226,0.3261532485485077,0.3003862617284438,0.07200539274296394,0.036446004502060876,28,5.538998603820801,3.2662571306953745,1.909789951230724
4.991280126571656,-2.485821843147278,-1.8157861828804016,0.001901035906537991,-0.0045702117355362,-36.35759735107422,-37.94563102722168,5509.317138671875,3652.65283203125,2117.7316293716426,984.3739943981169,0.7000000000000003,16.429822709825302,0.031233719653553434,0.31411847472190857,0.3083819035587023,0.07361806161868302,0.03802247103171169,29,5.9753336906433105,3.613530869320698,1.7090486211848404
5.098263883590699,-2.5452256202697754,-1.8849509358406067,0.0017739941499769919,-0.005605005863627106,-8.542205810546875,-10.842170715332031,5596.207275390625,3760.472412109375,2255.4645578384393,1075.6903151988981,0.7250000000000003,16.421614752875435,0.0291318798230754,0.2996688187122345,0.3160619275102728,0.07511809542504855,0.03951699958476133,30,6.422942638397217,4.012584752743344,1.6761455914062438
5.199350893497467,-2.601081132888794,-1.9528275728225708,0.0016207734418782164,-0.006613571496021284,34.68640327453613,31.42241668701172,5673.2767333984375,3865.90966796875,2395.369739723205,1169.7021255016325,0.7500000000000003,16.414146423339844,0.026603634986612532,0.28332316875457764,0.32335516060302294,0.07649346000288476,0.04092676055255159,31,6.881305694580078,4.385172740116209,1.8209087735298939
5.295443630218506,-2.6533056497573853,-2.0186028480529785,0.0014439487781354996,-0.007492045870354295,92.24619150161743,87.72326731681824,5740.8944091796875,3970.2784423828125,2537.201658058166,1266.3498672008513,0.7750000000000004,16.407834159003365,0.023692088822523754,0.26443183422088623,0.33020947145861435,0.07774440502354382,0.04225262362362594,32,7.349815368652344,4.653361602131274,2.1164388447070714
5.385942196846009,-2.701786756515503,-2.0813745260238647,0.0012470886385649528,-0.008215389030595589,161.31633377075195,155.34339904785156,5798.3585205078125,4073.3720703125,2680.724018287658,1365.6068282604217,0.8000000000000004,16.403044594658745,0.020456061595016055,0.24264828860759735,0.3365562836789776,0.07886846706301742,0.04349906207637789,33,7.8277740478515625,4.7572978395220815,2.501135394559192
5.468435323238373,-2.74690842628479,-2.1405913829803467,0.0010331414207728218,-0.008850714196661112,237.95172882080078,230.4306182861328,5842.209228515625,4174.5367431640625,2825.6829813003533,1467.4411300182342,0.8250000000000004,16.40005323621962,0.0169435805744595,0.21671387553215027,0.34230614834099954,0.07986694025114777,0.044672134602287354,34,8.314374923706055,4.671143527537006,2.8896711930265155
5.543413674831391,-2.7885502576828003,-2.1955941915512085,0.000805931452692636,-0.009307042688256988,318.0395965576172,308.6646270751953,5877.2020263671875,4270.2862548828125,2971.738212013244,1571.8045485973357,0.8500000000000004,16.399024327596027,0.013216491788625717,0.18992465734481812,0.3473896235192564,0.08073430685105136,0.045777371421805456,35,8.80868911743164,4.412476707924108,3.191549505191879
5.6075196981430055,-2.8264904022216797,-2.246864676475525,0.0005664671725203702,-0.009827049858230177,397.6092529296875,386.6170196533203,5904.53369140625,4353.6380615234375,3118.6682626724237,1678.561704969406,0.8750000000000004,16.400011910332573,0.009290068927738402,0.16583946347236633,0.3518383009621793,0.08146759993482627,0.04681870901991847,36,9.30976676940918,4.0414223830160925,3.3332763755686985
5.6661898493766785,-2.8604918718338013,-2.294427990913391,0.0003166044056220922,-0.010112276491572265,473.2348937988281,460.8383331298828,5926.0797119140625,4433.0123291015625,3266.28160495758,1787.4026565074919,0.9000000000000005,16.402971479627823,0.005193253358205159,0.14117102324962616,0.3556800772821867,0.08206598310344265,0.047797641263550364,37,9.816729545593262,3.6482998193828866,3.2783036934849745
5.719414782524109,-2.88995361328125,-2.3379029035568237,6.284520924728339e-05,-0.010144462249762095,542.2327270507812,528.6267242431641,5941.9287109375,4508.5772705078125,3414.4335977554315,1898.2279647350308,0.9250000000000005,16.40777375962999,0.001031150006585651,0.11578001827001572,0.3588943129808306,0.08252532013483248,0.04871567450319271,38,10.328700065612793,3.331987175890747,3.0387561024599448
5.766296112537384,-2.914555311203003,-2.376903533935547,-0.00018921089853625588,-0.009981902272645277,602.3492431640625,587.8514556884766,5952.9327392578125,4578.0814208984375,3562.981815528869,2010.9423964977261,0.9500000000000005,16.414225896199543,-0.0031057504626611867,0.09090366959571838,0.3614776458172347,0.08284601050315925,0.04957463966209494,39,10.844783782958984,3.174277818962948,2.6747474373785116
5.8064857006073005,-2.9338393211364746,-2.4115177392959595,-0.00043500070644611027,-0.0096594173914746,652.1634826660156,636.9160766601562,5959.4078369140625,4640.735595703125,3711.8051340103143,2125.394432020187,0.9750000000000005,16.42208417256673,-0.007143618745936288,0.0669778436422348,0.3634509150269289,0.08302623576874116,0.050375822547720855,40,11.364106178283691,3.2172843190006732,2.2803782546208686
5.838821136951447,-2.9476085901260376,-2.4417805671691895,-0.0006719193791232885,-0.009262590784593282,690.8628540039062,675.0186157226562,5959.8328857421875,4696.02978515625,3860.790329933166,2241.412821912765,1.0000000000000004,16.431074142456055,-0.011040359321567748,0.04372396320104599,0.3648310316828352,0.08306563390811753,0.05111936880169257,41,11.885822296142578,3.450697719117448,1.9595112162683845
5.864952576160431,-2.955494523048401,-2.467856287956238,-0.0008968815898293257,-0.008717574867508565,718.3363342285156,701.9715270996094,5957.47900390625,4743.75927734375,4009.7861520767206,2358.813566541671,1.0250000000000004,16.44091182284885,-0.01474555478327804,0.022451570257544518,0.3656540816177242,0.08296397605588215,0.051804084162708756,42,12.4091215133667,3.813191379414915,1.797804086668722
5.88463877439499,-2.9570767879486084,-2.4898089170455933,-0.0011069273026319232,-0.008082084814320862,734.8130493164062,717.9834594726562,5952.087890625,4783.7335205078125,4158.723127174377,2477.407548475265,1.0500000000000003,16.451310051812065,-0.018210411071777344,0.0031745864544063807,0.36597009897057575,0.0827218406173343,0.052428404023628986,43,12.933257102966309,4.208175606933685,1.838991893545066
5.8976969003677375,-2.951991081237793,-2.50791335105896,-0.0013004491281641635,-0.007407086870391564,740.6834411621094,723.4334106445312,5943.1690673828125,4816.073486328125,4307.525324440002,2597.00088648796,1.0750000000000002,16.461994383070206,-0.02140799744261636,-0.014307164587080479,0.36582652129830684,0.08233923175366319,0.05299071800423161,44,13.457552909851074,4.529749156112766,2.072431925129199
5.903990852832795,-2.9400171041488647,-2.5223805904388428,-0.001477022300034409,-0.0067349528649314015,736.9633178710938,719.3362426757812,5930.1424560546875,4841.0130615234375,4456.104551124572,2717.4027236461634,1.1,16.472706264919704,-0.024330570465988584,-0.030246108770370483,0.3652653266775999,0.08181707324887191,0.05348949478688982,45,13.981390953063965,4.691531905847015,2.435687023594052
5.9033115148544315,-2.9210267066955566,-2.533376097679138,-0.0016372113095655125,-0.006106374547010295,725.0988159179688,707.138671875,5912.347900390625,4858.6878662109375,4604.358112525939,2838.4280501842495,1.125,16.483224232991535,-0.026986545158757105,-0.04487772285938263,0.3643218352824121,0.08115629720934202,0.05392338198511258,46,14.504210472106934,4.650154201854463,2.831492908183524
5.895161795616151,-2.8952008485794067,-2.5411876440048218,-0.0017825456538639935,-0.0055702084390635885,706.6401062011719,688.512939453125,5888.0675048828125,4869.7464599609375,4752.166810035705,2959.8952468395228,1.15,16.49337026807997,-0.029400216622485056,-0.05904613807797432,0.36302331122440307,0.08036136026871019,0.05429126023900419,47,15.025490760803223,4.416772836518871,3.1542480204976853
5.8788833856582645,-2.8627718687057495,-2.545929431915283,-0.0019163272365626297,-0.005152420881868205,683.27099609375,665.1648559570312,5855.10693359375,4875.0050048828125,4899.368497657775,3081.638908338546,1.1749999999999998,16.50301191541884,-0.031625210411018796,-0.07384755462408066,0.36135996738656684,0.07943180885735325,0.05459197273796618,48,15.544722557067871,4.053534734171045,3.3184808753423813
5.85579115152359,-2.824025511741638,-2.5475521087646484,-0.002040019495889339,-0.004761367925006393,656.6016845703125,638.6574096679688,5815.3397216796875,4874.84912109375,5045.746170997619,3203.5140334606162,1.1999999999999997,16.512062284681534,-0.03368497515718142,-0.08873790502548218,0.35932591152499155,0.07837129233820246,0.05482425031929152,49,16.061376571655273,3.65626347421333,3.28135540169714
5.826097714900971,-2.7789682149887085,-2.546122670173645,-0.002154036210095519,-0.004373953928102824,628.0182495117188,610.4117431640625,5768.55322265625,4869.7445068359375,5191.129664039611,3325.38526148796,1.2249999999999996,16.520471572875977,-0.035585748652617134,-0.10397948324680328,0.35691578402798346,0.07717994386931232,0.05498749793292418,50,16.57491683959961,3.3284933651291775,3.0531705160310625
5.789722466468811,-2.727820873260498,-2.541409730911255,-0.0022583449999276817,-0.0039824109912123306,598.7644805908203,581.6401824951172,5714.5697021484375,4859.6058349609375,5335.343494606018,3447.1288741588587,1.2499999999999996,16.528229183620876,-0.03732650644249386,-0.11959433555603027,0.35412046356880905,0.07586153764929018,0.05508187370405386,51,17.084787368774414,3.1542313278295597,2.693387988897448
5.744903099536896,-2.6709206104278564,-2.5333279371261597,-0.002353609965175234,-0.0036782194780021105,569.8678741455078,553.3652496337891,5649.7733154296875,4844.720458984375,5478.207737159729,3568.619020032882,1.2749999999999995,16.535351011488174,-0.03891783869928784,-0.13709796965122223,0.35091904433291116,0.07441885335252382,0.055107960199169026,52,17.590423583984375,3.1768666732174644,2.2938660251952045
5.692216730117798,-2.608908176422119,-2.521777629852295,-0.0024417793226082715,-0.003365834843325019,542.1561889648438,526.3979187011719,5574.8494873046875,4825.391357421875,5619.452070045471,3689.7370315074913,1.2999999999999994,16.541883680555557,-0.040391708413759865,-0.15635977685451508,0.3472523042755492,0.07285477884432029,0.05506564922735039,53,18.0911865234375,3.389545989799547,1.9544097356773344
5.632892358303071,-2.5418002605438232,-2.5063949823379517,-0.0025207155213479502,-0.002942629677861331,516.2404327392578,501.31317138671875,5492.1533203125,4801.4771728515625,5758.823307228088,3810.371815443038,1.3249999999999993,16.547888649834526,-0.04171260943015417,-0.17642420530319214,0.3430940445494995,0.07116968447051866,0.054954399834001535,54,18.586381912231445,3.738898735703591,1.7575226370320625
5.5667284607887275,-2.469728112220764,-2.4868844747543335,-0.002587583751249557,-0.0024021908088258633,492.5191955566406,478.4877166748047,5401.554931640625,4772.7127685546875,5896.127140235901,3930.408744764327,1.3499999999999992,16.55343797471788,-0.04283349961042404,-0.1972488909959793,0.3384247574997772,0.06936741100875356,0.054774174568419626,55,19.07527732849121,4.1402786231884345,1.748996600786629
5.4919866800308235,-2.393010973930359,-2.462983012199402,-0.0026396311255808174,-0.001826284433727992,471.18914794921875,458.09812927246094,5300.0430908203125,4738.9154052734375,6031.166013526916,4049.726563978194,1.3749999999999991,16.558610068427193,-0.04370872345235613,-0.21984480321407318,0.33322270507398455,0.06745369049715244,0.05452534377644375,56,19.557117462158203,4.499718903368252,1.9289048784684952
5.405823493003846,-2.3127565383911133,-2.4344162940979004,-0.0026791936319307055,-0.00131085132094931,452.3033142089844,440.1355285644531,5182.556396484375,4699.93994140625,6163.667090797423,4168.1994491100295,1.399999999999999,16.56349500020345,-0.04437691635555691,-0.2458680421113968,0.3274023332221027,0.06543656027266138,0.05420743724369395,57,20.031076431274414,4.736460407861376,2.2543677921554846
5.310306704044343,-2.229602575302124,-2.4008010625839233,-0.002704042433332231,-0.0006742551716565184,435.3540496826172,424.5087890625,5053.238037109375,4655.4886474609375,6293.231000709532,4285.697947645186,1.424999999999999,16.5681701236301,-0.04480114413632287,-0.27370989322662354,0.3209119433294706,0.06332286341092513,0.053818162154919226,58,20.4962158203125,4.80041249315434,2.6522596962711553
5.207424092292786,-2.142776906490326,-2.361686944961548,-0.0027098706989600314,0.00023253315311379653,420.5464782714844,410.9280700683594,4916.251220703125,4605.0552978515625,6419.561951637266,4402.08516383171,1.4499999999999988,16.572707494099934,-0.04491000539726681,-0.30182594060897827,0.31371791298732593,0.06110231553282786,0.05335513830989533,59,20.951536178588867,4.6808212356055625,3.037706955949833
5.097175657749176,-2.0520493388175964,-2.3166069984436035,-0.0026895219636074944,0.0014080940214028688,407.3956756591797,398.9358215332031,4772.365966796875,4547.918701171875,6542.468232154844,4517.211546277998,1.4749999999999988,16.577167510986328,-0.04458476271894243,-0.32961827516555786,0.30582377088411306,0.058779726973088524,0.052817063256401627,60,21.396026611328125,4.405090160361421,3.333233344441209
4.978442800045014,-1.9572871923446655,-2.2651983499526978,-0.002637443120282884,0.0027595253894994237,395.45484924316406,388.16943359375,4621.2564697265625,4482.4002685546875,6661.777381324766,4630.909513807295,1.4999999999999987,16.58159679836697,-0.04373311996459961,-0.35653024911880493,0.29724499664366805,0.05636014941539986,0.052203703967842754,61,21.828685760498047,4.029360115620678,3.483926554564398
4.844672214984894,-1.8614287972450256,-2.2075612545013428,-0.0025531842404036,0.003916734421868804,384.4622039794922,378.1725311279297,4450.6326904296875,4408.7900390625,6777.308793067929,4742.969520521162,1.5249999999999986,16.586035622490776,-0.04234729955593745,-0.38652944564819336,0.28796417985036454,0.05388800979629036,0.051514477877730246,62,22.2485294342041,3.624277039057835,3.465729256021531
4.700009441375733,-1.7635340094566345,-2.143640875816345,-0.0024397580249527935,0.005183919523690847,374.0857238769531,368.5527801513672,4268.0966796875,4327.1259765625,6888.574610328671,4853.189271497724,1.5499999999999985,16.59051365322537,-0.04047691822052002,-0.4170655310153961,0.2779160064784683,0.051342327399797244,0.05074554420842951,63,22.65449333190918,3.259931090640922,3.286169130643666
4.540818881988526,-1.662555754184723,-2.0739166736602783,-0.002295642258905051,0.006271278313945842,363.8005065917969,358.6886749267578,4079.630126953125,4224.8154296875,6995.277027320858,4961.367420911786,1.5749999999999984,16.59503936767578,-0.03809633768267102,-0.4404088258743286,0.26718246860004025,0.048707008826676945,0.04989139354543544,64,23.045507431030273,2.993372085786051,2.9787219157038884
4.372010111808777,-1.5586475133895874,-1.9994511008262634,-0.0021255587216715975,0.007314664257444156,352.6027526855469,348.77732849121094,3885.2095947265625,4110.91357421875,7097.267780494686,5066.987806653973,1.5999999999999983,16.599605348375107,-0.03528348687622282,-0.4607580006122589,0.255913651987263,0.04599335586680548,0.04894530556818479,65,23.42071533203125,2.860884370797141,2.5932052411289646
4.193656146526337,-1.4529847502708435,-1.9202591180801392,-0.0019294126161608959,0.008286411167619339,341.1297607421875,338.42962646484375,3681.453369140625,3988.8984375,7194.39802036285,5169.760646009442,1.6249999999999982,16.60419464111328,-0.03203638311889437,-0.48083409667015076,0.24415003668870586,0.04322476064528893,0.04790170844433441,66,23.779386520385742,2.875625315491155,2.185086647699039
4.001516819000244,-1.349091112613678,-1.8364699482917786,-0.001714164441575518,0.00896506471626369,329.345703125,327.3064422607422,3459.9764404296875,3859.369873046875,7286.434354591365,5269.483106946942,1.6499999999999981,16.608795589870876,-0.0284702330827713,-0.502853512763977,0.23184824646811417,0.04045984807621725,0.046756366083275394,67,24.120784759521484,3.029783689245644,1.8061200542098794
3.8033796906471253,-1.2424200773239136,-1.7481130361557007,-0.0014794806525933908,0.009814998014000268,316.4781494140625,315.3616027832031,3234.8177490234375,3722.604248046875,7372.933765602107,5365.967353773113,1.674999999999998,16.613376405504013,-0.024579185992479324,-0.5231577157974243,0.21901921693071402,0.037616371214690934,0.04550464292023532,68,24.444141387939453,3.2997095402479433,1.4977042121169617
3.596016883850098,-1.133756935596466,-1.6551464200019836,-0.0012238988512838977,0.010579239942474342,302.8721618652344,302.5671081542969,3005.48193359375,3573.1563720703125,7453.804209327693,5459.032459974284,1.699999999999998,16.617904239230686,-0.020338644584019978,-0.5391731262207031,0.20572917756386433,0.03471941683011906,0.04414447500536939,69,24.748737335205078,3.6523621975994778,1.2874469832552318
3.375759214162827,-1.0232490003108978,-1.5589520931243896,-0.0009545595733012322,0.010884808549236513,288.45147705078125,289.1261672973633,2771.3728637695312,3404.89013671875,7528.941257667536,5548.361369276042,1.7249999999999979,16.622343063354492,-0.01586702134874132,-0.5479214191436768,0.19213039460289041,0.0317762357946883,0.04267474297878191,70,25.034019470214844,4.051610716058625,1.1887140943437817
3.142752128839493,-0.9166228175163269,-1.4607911705970764,-0.0006854106697246155,0.010666760154391674,273.61307525634766,274.75140380859375,2520.412109375,3230.1002197265625,7598.225579261773,5633.483622694011,1.7499999999999978,16.626661088731552,-0.01139609246618218,-0.5587997436523438,0.17829216017040475,0.028873726222530094,0.041092891870302094,71,25.299625396728516,4.463328295798973,1.2024205275551403
2.9075425982475283,-0.8088146150112152,-1.3607820272445679,-0.0004202239984924672,0.010565026360453346,257.59613037109375,259.45243072509766,2269.3483276367188,3051.385986328125,7661.235881996148,5714.2361281871745,1.7749999999999977,16.63080957200792,-0.006988665813373195,-0.5677733421325684,0.16420808267979112,0.025927295298331595,0.03939612536078536,72,25.545198440551758,4.8587844191156595,1.3200565134440965
2.6679068565368653,-0.7007222175598145,-1.2586960196495056,-0.00015739125997773175,0.010408235872166834,241.56305694580078,244.0929718017578,2017.316650390625,2865.4911499023438,7717.9695901870655,5790.520777845377,1.7999999999999976,16.63475884331597,-0.002618165583246284,-0.5738957524299622,0.1499232860667696,0.022961078959768948,0.037585849932182405,73,25.770418167114258,5.216361891546765,1.5270731084691571
2.423770719766617,-0.5925974696874619,-1.1552819609642029,9.912108726733786e-05,0.010094490528620279,225.32642364501953,228.56938934326172,1764.4590454101562,2672.130615234375,7768.402506446831,5862.158056592935,1.8249999999999975,16.638479232788086,0.001649224173484577,-0.5767950415611267,0.13553290343890484,0.019985551960364032,0.035666726116400864,74,25.975065231323242,5.52189666550328,1.8060440933726047
2.1684374809265137,-0.48668336868286133,-1.0514847338199615,0.00034006684832383217,0.009137586580333085,209.0791015625,213.17208099365234,1503.0029296875,2466.7899780273438,7812.513982582083,5928.961321973794,1.8499999999999974,16.641947428385418,0.0056593746153844725,-0.5767775774002075,0.12111935130955641,0.017035706260275618,0.03364475226767723,75,26.159055709838867,5.768031448005541,2.1392314208808996
1.9130751818418503,-0.382607139647007,-0.9481307864189148,0.0005561681642237481,0.008185580871886766,192.97026824951172,198.07613372802734,1241.8752136230469,2260.9869384765625,7850.08905582427,5990.631071424477,1.8749999999999973,16.64514011806912,0.009257498507698378,-0.576408326625824,0.10670235371554766,0.014099911335680624,0.03152485939521734,76,26.32237434387207,5.953014912146022,2.5103862698143034
1.6579021394252778,-0.28001947700977325,-0.8450055122375488,0.0007491093738249727,0.007228506314842239,177.40967559814453,183.4060516357422,983.2518463134766,2052.9356079101562,7881.135936164846,6047.1557448863905,1.8999999999999972,16.648041407267254,0.012471207107106844,-0.5741219520568848,0.09231102233654458,0.01118051747825591,0.029314874695912516,77,26.46504020690918,6.079318260335404,2.9058081928198334
1.4022501140832901,-0.17882235907018185,-0.7426486909389496,0.0009161911331969327,0.0061561928243002405,162.56214904785156,169.0182342529297,726.5684356689453,1841.9727172851562,7905.717232322681,6098.479135084144,1.9249999999999972,16.650640699598526,0.01525517346130477,-0.5697543025016785,0.07801166988369009,0.008280888229249326,0.027026008413476302,78,26.58713722229004,6.1523117080094964,3.3148018033403965
1.144977578520775,-0.07882043719291687,-0.6412735283374786,0.0010550614601796543,0.00487989159723118,148.67852020263672,155.54242706298828,469.41571044921875,1628.415283203125,7923.8814432144045,6144.528453016273,1.949999999999997,16.65292845831977,0.017569870170619752,-0.56443190574646,0.06382865179739082,0.00539904949449542,0.024671235135844436,79,26.68881607055664,6.179139126822957,3.729690831242925
0.8859200283885003,0.020120583474636078,-0.541755884885788,0.001157683928087201,0.0033539346224267033,135.86725616455078,142.8595733642578,210.79002380371094,1412.9691162109375,7935.616835975634,6185.23883509635,1.974999999999997,16.654908921983505,0.019281127800544102,-0.5588303804397583,0.049789931269092626,0.0025253580431085685,0.02226353569273645,80,26.77027130126953,6.167860640728756,4.145540007706935
0.6279791802167893,0.11848510056734085,-0.44413483142852783,0.001221650898854005,0.0017748479739866335,124.24892807006836,131.3126106262207,-47.9559326171875,1199.5995483398438,7940.886586570726,6220.563063001623,1.999999999999997,16.656585269504124,0.020348543508185282,-0.5542294383049011,0.03587734886911251,-0.0003523935586061905,0.019815114852085466,81,26.83169937133789,6.126873908703735,4.559714097530576
0.36992607042193415,0.21575459674932063,-0.3486601486802101,0.0012444317192586785,7.915082507655252e-05,113.86576080322266,120.93924713134766,-307.14540100097656,986.3833312988281,7939.687688255295,6250.553051710119,2.024999999999997,16.657964918348526,0.02072971107231246,-0.5499436855316162,0.02207770322470316,-0.003229694857881506,0.01733850923666358,82,26.873268127441406,6.06458237621693,4.97136996335677
0.11379741691052915,0.31191549077630043,-0.2553986757993698,0.0012249174323785553,-0.0015913137827651659,104.77344131469727,111.79869842529297,-565.8221678733826,776.1004028320312,7932.00905323027,6275.212634992588,2.0499999999999967,16.659060584174263,0.02040598334537612,-0.5468116998672485,0.00836979515746864,-0.006108747595190611,0.014845707232565347,83,26.89512825012207,5.989251064633364,5.380938095328827
-0.1402676397934556,0.4080832526087761,-0.1642078198492527,0.001164695531894675,-0.003217946959264532,96.99508666992188,103.94597625732422,-821.6284408569336,566.6567535400391,7917.863499033435,6294.615145063389,2.0749999999999966,16.65988286336263,0.019403700199392106,-0.5430416464805603,-0.005252824135558794,-0.009007936148253137,0.012348406982938404,84,26.897401809692383,5.908990238259107,5.7896182684650075
-0.3938591167330742,0.5047072321176529,-0.07532763853669167,0.0010629209062872906,-0.004891498714364992,90.57564926147461,97.38912963867188,-1079.2795104980469,359.86308670043945,7897.32278801201,6308.781563901889,2.0999999999999965,16.66044659084744,0.017708742784129247,-0.5411413311958313,-0.01880001771308814,-0.011939574564982737,0.009857322509683812,85,26.880212783813477,5.831812298079135,6.198893842973857
-0.6468108028173447,0.6015710234642029,0.011376190930604935,0.0009194414770947392,-0.006543997452840265,85.48233032226562,92.10071563720703,-1339.2956848144531,156.54930877685547,7870.340800249558,6317.7781410694,2.1249999999999964,16.66076448228624,0.015318601702650389,-0.541626513004303,-0.032329797754099186,-0.014908038725938112,0.00738101649988456,86,26.843626022338867,5.765722859445803,6.610061341585931
-0.8985538601875306,0.6979226768016815,0.09613221045583487,0.000735839081381487,-0.00808715418306772,81.60169219970703,88.10924530029297,-1600.5601806640625,-43.35674285888672,7836.858408129196,6321.69187378882,2.1499999999999964,16.660851372612846,0.012259707889623113,-0.5440359711647034,-0.045897608983833334,-0.01790554564686324,0.004925825924548543,87,26.787630081176758,5.718808587326698,7.023765817960799
-1.144546201825142,0.7941957712173462,0.17928456142544746,0.000517753560926725,-0.009234811725769693,79.01284217834473,85.37820053100586,-1854.2728271484375,-240.32795906066895,7796.844403612593,6320.607955217347,2.1749999999999963,16.66071891784668,0.008626147173345089,-0.5450652241706848,-0.05951989850261641,-0.02093572102392577,0.002496351498488603,88,26.71214485168457,5.699263005199378,7.439528003135528
-1.38639694750309,0.8893937468528748,0.26119816303253174,0.00027516237463325234,-0.010123878927368225,77.57913398742676,83.74849700927734,-2102.9097900390625,-434.8305854797363,7750.487582933881,6314.599756240829,2.199999999999996,16.660383012559677,0.0045843106797999805,-0.5454261898994446,-0.07315075174877977,-0.023968258396009794,9.750636705537875e-05,89,26.617130279541016,5.715277912790095,7.8552611258860585
-1.6247376829385758,0.9826936423778534,0.34201641380786896,1.2977453832883686e-05,-0.010798679214810368,77.19417572021484,83.17278289794922,-2347.6111450195312,-626.8781585693359,7697.914838182904,6303.728991603835,2.224999999999996,16.659856372409397,0.0002162025096671035,-0.5454104542732239,-0.08678787590707243,-0.026984052183037247,-0.0022661716766703426,90,26.50257682800293,5.774759113764423,8.266801707511318
-1.8581616878509524,1.0740527510643005,0.4219278395175934,-0.000262834363979268,-0.011190916030000504,77.50724983215332,83.60545921325684,-2586.8765258789062,-815.3969879150391,7639.224559557414,6288.057037639601,2.249999999999996,16.65914747450087,-0.004378596527708901,-0.5449650287628174,-0.10041613673236216,-0.029976518343391288,-0.004591619493540964,91,26.368486404418945,5.884849484167623,8.667501393951415
-2.0844430059194567,1.1643323004245758,0.501379132270813,-0.0005433883719575954,-0.011179676657962528,78.8344554901123,84.9597110748291,-2816.8370361328125,-1000.1634521484375,7574.5526464104405,6267.672112941724,2.274999999999996,16.658269034491646,-0.00905191008415487,-0.5427952408790588,-0.11402157759606128,-0.032949794139437244,-0.006876429136652658,92,26.214876174926758,6.051225445196496,9.047947904098335
-2.3023127704858783,1.255781352519989,0.5805308669805527,-0.000817887459533708,-0.010772494931748925,81.06135368347168,87.17055892944336,-3032.83740234375,-1183.499267578125,7504.131720507119,6242.668026638012,2.299999999999996,16.65723270840115,-0.013623744663265016,-0.5368727445602417,-0.12752000099583125,-0.03592393546283748,-0.009117589985616873,93,26.04183578491211,6.277151449801513,9.395918958710007
-2.516080951690674,1.3450420498847961,0.6593649983406067,-0.0010813185640521543,-0.01027830377959269,84.1605396270752,90.22359466552734,-3243.9530029296875,-1364.2192687988281,7428.310785448524,6213.080544948558,2.3249999999999957,16.656053331163193,-0.018010507855150435,-0.5303688645362854,-0.14086088177236622,-0.03883407769629174,-0.011311710151084313,94,25.849563598632812,6.562335729286835,9.696701913742404
-2.725458115339279,1.4326308369636536,0.7377946674823761,-0.0013309057822028798,-0.00969556252119132,88.11764526367188,94.11714935302734,-3449.4051513671875,-1542.5636901855469,7347.211960375281,6178.975063228587,2.3499999999999956,16.6547425587972,-0.022165905684232712,-0.5228052139282227,-0.15402834915004499,-0.04168588837949487,-0.013456965471738,95,25.63829231262207,6.901721760801749,9.933897522094368
-2.9302685856819153,1.5189465880393982,0.8155379295349121,-0.0015654982850968606,-0.009049360006548504,92.9386157989502,98.80020141601562,-3648.181640625,-1719.2152709960938,7260.976831591101,6140.410970973948,2.3749999999999956,16.65331310696072,-0.02607075497508049,-0.5135977268218994,-0.16698947147751309,-0.044481475154778294,-0.015553285207361482,96,25.408294677734375,7.284399933915383,10.090800837044902
-3.1259658217430117,1.604550540447235,0.892919659614563,-0.0017797625985099955,-0.008090747890093376,98.70292854309082,104.40038299560547,-3837.8289794921875,-1888.2861938476562,7169.7722905754745,6097.430589199044,2.3999999999999955,16.651784049140083,-0.029636253085401323,-0.504881739616394,-0.17971824964462854,-0.04722983867438866,-0.017601472467470985,97,25.159889221191406,7.692882544379544,10.152404841191332
-3.3126289725303653,1.6909906268119812,0.9702788293361664,-0.001966094539284835,-0.006845914616076584,105.36136054992676,110.47406768798828,-4013.1671142578125,-2055.0861206054688,7073.826566088169,6050.223434352853,2.4249999999999954,16.65016810099284,-0.032735847764545016,-0.4928635060787201,-0.19219329513888672,-0.04993824021348561,-0.019600803205145144,98,24.893409729003906,8.103060984275276,10.107949874843305
-3.4951424956321717,1.7752509117126465,1.0474436283111572,-0.002122320666285657,-0.005662409468685924,112.98314666748047,117.64546012878418,-4183.927001953125,-2218.8213500976562,6973.497388231723,5998.8462813377155,2.4499999999999953,16.648488574557835,-0.035333484411239624,-0.4806075096130371,-0.20435796585285299,-0.05255228262620971,-0.02154960046113505,99,24.609272003173828,8.485176636051541,9.953802908562428
-3.673275661468506,1.8576551675796509,1.1242471933364868,-0.002249043441686795,-0.004517932114832534,121.4467601776123,125.63877296447754,-4350.0753173828125,-2379.1015014648438,6868.899213182894,5943.3757475852735,2.474999999999995,16.64676348368327,-0.03743935376405716,-0.4682265520095825,-0.21622111679715184,-0.05507946229491058,-0.023447366973330913,100,24.307910919189453,8.806073948144771,9.69624898376499
-3.846286922693253,1.9390550255775452,1.200430691242218,-0.002348041773872637,-0.0033983917275769125,130.75348281860352,134.40746688842773,-4508.3319091796875,-2537.8369750976562,6760.147330248323,5883.898210048652,2.499999999999995,16.64500978257921,-0.03908324986696243,-0.45378997921943665,-0.22775408570055128,-0.05753441620261066,-0.025295047331681874,101,23.989770889282227,9.032832756975017,9.353594682005285
-4.013695251941681,2.0183926820755005,1.275663435459137,-0.0024192891352620123,-0.0023301692061703577,140.86327362060547,143.90369033813477,-4659.1708984375,-2693.6634521484375,6647.43903251883,5820.45228567121,2.524999999999995,16.643248664008247,-0.04026491194963455,-0.4381490647792816,-0.23890126243053914,-0.05989570174134561,-0.027094133322517294,102,23.65536880493164,9.137618711531166,8.956901746200067
-4.16931096315384,2.0966131687164307,1.3503510355949402,-0.002460322621995249,-0.000913846303080902,151.71797943115234,154.16854095458984,-4798.952880859375,-2838.8744506835938,6530.959760057892,5753.1106993674985,2.549999999999995,16.641499201456707,-0.040943539804882474,-0.42394083738327026,-0.24968957820363882,-0.062175211589858316,-0.028845450941894016,103,23.30524253845215,9.103215907786938,8.548648875466565
-4.318342703580857,2.1731079816818237,1.4248074889183044,-0.002464993816950221,0.0005095682741989001,163.2307243347168,165.03839492797852,-4929.72119140625,-2980.96044921875,6410.985938036407,5682.138838100408,2.574999999999995,16.639784706963432,-0.04101704806089401,-0.40821272134780884,-0.2600873081133647,-0.06435242276299835,-0.03054712141288678,104,22.939918518066406,8.928293297140259,8.178835798327421
-4.462488234043121,2.247389078140259,1.4989199042320251,-0.0024347250666114637,0.0018502537937988433,175.28215789794922,176.46412658691406,-5056.00927734375,-3118.5057983398438,6287.74290825125,5607.614826869939,2.5999999999999948,16.63812107510037,-0.04050932824611664,-0.3930695354938507,-0.2701064530293791,-0.06642202766393698,-0.03219675413229832,105,22.559955596923828,8.631177942103582,7.898500071674866
-4.6025247335433965,2.319292426109314,1.5722346305847168,-0.002373364430694682,0.0030398730285007025,187.62696838378906,187.98880004882812,-5175.87744140625,-3254.8829345703125,6161.342676317656,5529.652181911442,2.6249999999999947,16.636518902248806,-0.03948460022608439,-0.37617239356040955,-0.27972895339053977,-0.06838496672143413,-0.03379360216666664,106,22.16590118408203,8.250800771381424,7.751234666741663
-4.736406302452088,2.3888652324676514,1.6443178057670593,-0.002282782103672411,0.004145231822877326,200.49478149414062,199.80982971191406,-5286.65283203125,-3388.9912109375,6031.945740282499,5448.280108547184,2.6499999999999946,16.63498878479004,-0.03797411918640137,-0.356967955827713,-0.2888945218876701,-0.07024156034705845,-0.03533839164350772,107,21.758358001708984,7.843706698038737,7.763996168349783
-4.865829825401306,2.4553370475769043,1.7146522402763367,-0.0021674083216373214,0.005033688109885955,213.55844116210938,211.8313980102539,-5392.3736572265625,-3519.9266357421875,5899.779419481717,5363.5553282737455,2.6749999999999945,16.63354449801975,-0.036051741076840296,-0.33731335401535034,-0.29757413006488825,-0.07197862797400864,-0.036831967284229813,108,21.338010787963867,7.476635959109779,7.939134466816699
-4.9835165143013,2.518790364265442,1.7834471464157104,-0.0020283366971268926,0.006166791373200915,226.7146759033203,224.0357894897461,-5488.7850341796875,-3638.6077880859375,5764.970078051052,5275.55716238019,2.6999999999999944,16.63219663831923,-0.03373574051592085,-0.3202449679374695,-0.3057980713795938,-0.07360013105440621,-0.03827530904889029,109,20.905542373657227,7.215196455464624,8.249945384002853
-5.090347230434418,2.579684853553772,1.8516486287117004,-0.0018566832212293506,0.007528563946653356,239.91038513183594,236.3074493408203,-5573.87841796875,-3748.6490478515625,5627.750452196559,5184.59196767804,2.7249999999999943,16.630960040622288,-0.030878459413846333,-0.3033467233181,-0.31359111322992456,-0.07510267821905052,-0.03966632385931991,110,20.46157455444336,7.110427149604777,8.641776021599364
-5.193414425849915,2.6374891996383667,1.9190601110458374,-0.0016531217465212968,0.008693266240480486,253.03612518310547,248.50894165039062,-5654.1910400390625,-3856.5264892578125,5488.40349174734,5090.875741481751,2.7499999999999942,16.629841062757706,-0.0274911771217982,-0.2857232689857483,-0.3209572836470292,-0.0764790331599171,-0.04100078810847738,111,20.00672149658203,7.186112065348986,9.039706771856398
-5.292716932296753,2.691697120666504,1.9850873351097107,-0.0014233863917248082,0.00963195666362506,265.9900207519531,260.5303268432617,-5729.3681640625,-3962.598388671875,5347.048715746363,4994.462579250305,2.774999999999994,16.628843943277996,-0.023669285906685725,-0.2670310139656067,-0.32786895233459823,-0.07772762294748711,-0.042276916646194505,112,19.541614532470703,7.430206186122791,9.362324128695603
-5.385851657390595,2.742164134979248,2.049084782600403,-0.0011719824243753769,0.010455080459622406,278.6687545776367,272.2926712036133,-5796.111083984375,-4065.7626953125,5203.8145116448,4895.397619533507,2.799999999999994,16.62796974182129,-0.019487697217199538,-0.24649286270141602,-0.3342934289902509,-0.07884918827343877,-0.04349541271344664,113,19.06692123413086,7.79344514085319,9.539323542221716
-5.473412072658539,2.7886619567871094,2.1107611656188965,-0.0009020655213164355,0.011089552581901264,291.03126525878906,283.7380905151367,-5856.343505859375,-4165.19287109375,5058.9117345451905,4793.753552150694,2.824999999999994,16.627225875854492,-0.014998850723107656,-0.22520315647125244,-0.3401903334339588,-0.07983933076078421,-0.04465748305510271,114,18.583375930786133,8.196927839520784,9.529057205521916
-5.555606126785278,2.830791711807251,2.169650673866272,-0.0006189726677754759,0.011512481288357263,302.98472595214844,294.761962890625,-5911.1053466796875,-4260.2420654296875,4912.503146898705,4689.62373037335,2.849999999999994,16.626612345377605,-0.01029141971634494,-0.2038586139678955,-0.3455534072371604,-0.08069600726562466,-0.045764405156248134,115,18.091737747192383,8.5482674933384,9.331259575129197
-5.626516628265382,2.86826753616333,2.2262083292007446,-0.0003239934097847267,0.012127976307274704,314.57669830322266,305.18587493896484,-5960.075927734375,-4340.39404296875,4764.725513231713,4583.117678737607,2.874999999999994,16.626128090752495,-0.0053867558017373085,-0.18729478120803833,-0.3504345820411121,-0.08141831064871378,-0.0468172026694269,116,17.592750549316406,8.763260341020018,8.990628338883207
-5.69102452993393,2.9010502099990845,2.281150221824646,-1.2680018205400685e-05,0.012732569010479635,325.6979751586914,315.2914810180664,-6002.3597412109375,-4415.48779296875,4615.723615038353,4474.607827663388,2.8999999999999937,16.625778410169815,-0.000210815180455231,-0.1705746352672577,-0.35491282057213486,-0.08200459307912712,-0.047814331793444596,117,17.087032318115234,8.787780870418604,8.588928182886574
-5.750912582874299,2.928972005844116,2.334009528160095,0.0003115560703862851,0.01317140386266505,336.2544174194336,324.8939437866211,-6037.78955078125,-4488.965087890625,4465.66462150808,4364.2206328391685,2.9249999999999936,16.625565422905815,0.0051797957470019656,-0.15210078656673431,-0.35894957357344975,-0.08245423453967338,-0.048754032345268254,118,16.575183868408203,8.613777588049661,8.226403149362152
-5.803052210807801,2.9521119594573975,2.384256601333618,0.0006468332599000153,0.013592173952221863,346.2199172973633,333.9761047363281,-6062.81005859375,-4558.6441650390625,4314.719882738548,4251.996505641902,2.9499999999999935,16.625490188598633,0.010753921750519011,-0.1314970999956131,-0.3624949067746177,-0.08276663998029649,-0.04963585491646393,119,16.05787467956543,8.284199039861628,7.996522289826725
-5.849955153465271,2.9704259634017944,2.431679368019104,0.0009901071822557982,0.013814161952944878,355.58103942871094,342.4520263671875,-6082.1763916015625,-4624.3931884765625,4163.1496312737045,4138.030401515925,2.9749999999999934,16.62555694580078,0.016461089253425598,-0.11054661124944687,-0.365520324351975,-0.0829421422961327,-0.050459337615030055,120,15.535833358764648,7.884236074085284,7.960545591888625
-5.89129079580307,2.9835314750671387,2.4757962226867676,0.00133646161997503,0.013846399725999747,364.30194091796875,350.3462219238281,-6095.6617431640625,-4685.838134765625,4011.0952214836652,4022.420571804011,2.9999999999999933,16.62576463487413,0.02221970922417111,-0.08932847529649734,-0.3680182030069012,-0.08297913110696038,-0.051224634404967155,121,15.00981330871582,7.520075456286613,8.129314017330913
-5.926715087890625,2.991128921508789,2.516331195831299,0.0016813334389848603,0.01370462800984506,372.3388366699219,357.62237548828125,-6103.0941162109375,-4742.5296630859375,3858.703677904564,3905.2746184348703,3.0249999999999932,16.626115375094944,0.027954069276650746,-0.06796257197856903,-0.3699833495752706,-0.08287676585256046,-0.05193239027060173,122,14.480574607849121,7.290394708974733,8.458263988454986
-5.955934214591981,2.99308443069458,2.5530641078948975,0.002020548771458687,0.013402600575094856,379.66004943847656,364.2524108886719,-6104.2747802734375,-4794.134033203125,3706.1263249992903,3786.7113768577215,3.049999999999993,16.626609166463215,0.03359492040342755,-0.04651840031147003,-0.37141310089599333,-0.08263641972537002,-0.052583316775287534,123,13.948884963989258,7.258578820536307,8.858076612591157
-5.97768179178238,2.9892019033432007,2.5858898162841797,0.002351134057599301,0.013026259502661132,386.2459716796875,370.18605041503906,-6099.0277099609375,-4838.51416015625,3553.5194554924547,3666.858026027643,3.074999999999993,16.627248128255207,0.03909296045700709,-0.025857415050268173,-0.37231631197969367,-0.08225757673792784,-0.05317778010367446,124,13.415508270263672,7.4340057012544625,9.218665903033193
-5.99306298494339,2.979403018951416,2.614784002304077,0.0026706090986044033,0.012515542187584192,392.0516357421875,375.440185546875,-6087.25048828125,-4877.8050537109375,3401.043762743431,3545.8951720237364,3.099999999999993,16.628034379747177,0.04440708706776301,-0.005006580613553524,-0.37270127191526464,-0.08174136041131881,-0.053715372459220576,125,12.881192207336426,7.768407792452789,9.43990498781153
-6.001786899566651,2.963548421859741,2.639443516731262,0.002975647673891809,0.011882996695906438,397.0469665527344,379.9696502685547,-6068.7410888671875,-4911.6826171875,3248.8625005364,3423.950045680963,3.124999999999993,16.628968980577255,0.04948209971189499,0.01596582494676113,-0.3725622549063625,-0.08108819102565246,-0.054195461341167005,126,12.346684455871582,8.168871955299505,9.460098678711168
-6.002095317840577,2.941622734069824,2.659985661506653,0.0032648617667879105,0.011250235862687417,401.19639587402344,383.74794006347656,-6043.51953125,-4936.9134521484375,3097.143973314721,3301.157980251275,3.149999999999993,16.630050871107315,0.05429501334826151,0.03562270477414131,-0.37191667136861367,-0.08029992031012421,-0.05461716873859185,127,11.812729835510254,8.523920900704242,9.273650321222602
-5.996109783649445,2.9135442972183228,2.6763402223587036,0.003536778576389082,0.010500959651182827,404.41729736328125,386.7572784423828,-6011.5211181640625,-4957.4571533203125,2946.055985033471,3177.735143947564,3.1749999999999927,16.631283230251736,0.05882141076856189,0.05573039874434471,-0.3707739089448607,-0.07937716412073618,-0.05497897997862513,128,11.280045509338379,8.735019053586067,8.932566722179104
-5.982595455646515,2.8793342113494873,2.6882171630859375,0.003788717776699781,0.00969191211796277,406.71875,388.9736022949219,-5970.61083984375,-4973.186279296875,2795.76795707937,3053.798715114556,3.1999999999999926,16.632662879096138,0.06301676647530662,0.07704144716262817,-0.36911895406445816,-0.07832226936819899,-0.055279696638776306,129,10.749353408813477,8.74415765370603,8.531407269764731
-5.960725796222687,2.839342713356018,2.695405960083008,0.004020283014448399,0.008829143632128772,408.00433349609375,390.3070831298828,-5919.47705078125,-4983.906494140625,2646.5026860832763,2929.4690581321343,3.2249999999999925,16.634191936916775,0.06687451981835896,0.09993861615657806,-0.36690590048811594,-0.07713684643273427,-0.05551795801017593,130,10.221424102783203,8.54947977428552,8.180321702535302
-5.931967544555665,2.793581247329712,2.6975252628326416,0.004228194232245473,0.007803580582136623,408.1534881591797,390.62547302246094,-5861.16796875,-4989.2783203125,2498.5157598137457,2804.8713957786185,3.2499999999999925,16.635867224799263,0.07034009529484643,0.12318547070026398,-0.36411583977209444,-0.07582330048170154,-0.05569196645908819,131,9.697074890136719,8.204663467338912,7.974292595198384
-5.896203291416168,2.7418638467788696,2.694315791130066,0.004408388809057008,0.006614072399171626,407.0719451904297,389.8480224609375,-5795.889892578125,-4988.891357421875,2351.9865605949963,2680.139437770806,3.2749999999999924,16.637678146362305,0.07334582507610321,0.1465366929769516,-0.3607433790151862,-0.07438271758548282,-0.05580040288853565,132,9.177140235900879,7.8027619368706995,7.96760702226289
-5.851586031913758,2.684337019920349,2.685481309890747,0.00455763350087208,0.005370933769457856,404.72711181640625,387.93992614746094,-5720.69384765625,-4982.3089599609375,2207.0893132805436,2555.4171538352593,3.2999999999999923,16.63961622450087,0.07583779593308766,0.17094320058822632,-0.3567815939985571,-0.07282016607252767,-0.055842376804028815,133,8.662458419799805,7.449826258239904,8.1606509176662
-5.7979300141334535,2.6212666034698486,2.6709558963775635,0.0046753368986751755,0.0040454384434793385,401.1265563964844,384.9019470214844,-5635.4090576171875,-4969.3616943359375,2064.071967089138,2430.859429836236,3.324999999999992,16.641672982109917,0.07780599925253126,0.1963971108198166,-0.35218993809461063,-0.0711361723332703,-0.055816361049130105,134,8.153904914855957,7.236353657500932,8.50205431868088
-5.736484098434449,2.5525721311569214,2.6503520011901855,0.004757726884453551,0.0025537899535069976,396.2903137207031,380.75115966796875,-5542.7012939453125,-4949.677734375,1923.186740648709,2306.6253874778376,3.349999999999992,16.64383782280816,0.07918743623627557,0.22171778976917267,-0.3469636509028982,-0.06933306871425915,-0.05572025006210267,135,7.65239143371582,7.214652506943424,8.904534731520643
-5.666970825195313,2.4781856536865234,2.623491406440735,0.004800906504518363,0.0009158283945318557,390.2604675292969,375.5368347167969,-5442.3507080078125,-4922.9639892578125,1784.619208300077,2182.8834441184626,3.374999999999992,16.646100150214302,0.07991698053148058,0.24687930941581726,-0.34110656071748696,-0.06741460236637173,-0.0555523710448868,136,7.15882682800293,7.387846234148529,9.269000750470447
-5.5858433842659,2.3981889486312866,2.5904436111450195,0.0048033038696480845,-0.0006372053733995797,383.0833282470703,369.29823303222656,-5332.3353271484375,-4884.7392578125,1648.5604405998824,2059.8093443870175,3.399999999999992,16.64844724867079,0.07996816602018145,0.27062371373176575,-0.3346433683574873,-0.06538472017756732,-0.05531135496623463,137,6.674104690551758,7.712377853916392,9.509654150168236
-5.490637934207917,2.3139379024505615,2.5514830350875854,0.004770601083699752,-0.001975671256161787,374.87648010253906,362.1016845703125,-5204.473876953125,-4838.6441650390625,1515.2520574211726,1937.6908629417053,3.424999999999992,16.650874879625107,0.07943528393904369,0.2973603308200836,-0.32754338089133606,-0.06325717279756805,-0.05499436805629874,138,6.199102401733398,8.11188689739149,9.573383977386328
-5.3832593083381655,2.2261226177215576,2.506619691848755,0.004704770030207055,-0.003252883003443383,365.3747253417969,354.0352478027344,-5064.3319091796875,-4782.62841796875,1385.1402104973456,1816.7247588157293,3.4499999999999917,16.65337562561035,0.07835088504685296,0.32417619228363037,-0.31977620499309267,-0.061036755996930675,-0.05459645017754887,139,5.734766006469727,8.497520903174019,9.449203433493844
-5.267316818237305,2.1339151859283447,2.4557384252548218,0.004605397190992921,-0.004683038739741739,355.06520080566406,345.1854248046875,-4916.5242919921875,-4718.6636962890625,1258.5319127678547,1697.1590483665111,3.4749999999999917,16.655936770968967,0.07670774228043026,0.3504389226436615,-0.3113437381650339,-0.0587123302721581,-0.05411255796867068,140,5.282055377960205,8.788770813852672,9.166710083274467
-5.143018996715546,2.037148594856262,2.398401975631714,0.00446826936198906,-0.006263358530594759,343.88165283203125,335.5114440917969,-4761.5606689453125,-4646.6251220703125,1135.6188054680513,1579.192455959285,3.4999999999999916,16.65854771931966,0.07443536486890581,0.37588196992874146,-0.3022648888508993,-0.0562896255807832,-0.053539649600356586,141,4.84191370010376,8.929689193948787,8.785539258116115
-5.0098033308982854,1.9357588291168213,2.33451247215271,0.004290139255170986,-0.007948073195881583,331.8860778808594,325.00340270996094,-4598.4791259765625,-4566.4364013671875,1016.5797887444198,1463.026827907528,3.5249999999999915,16.661191516452366,0.07147927251127031,0.400849312543869,-0.2925581327307512,-0.0537741887880139,-0.052876872028819924,142,4.415255546569824,8.897386108724517,8.379771607609126
-4.858868509531021,1.8341705203056335,2.2640403509140015,0.00407457925146969,-0.009246816756621066,319.43975830078125,313.8246612548828,-4411.8515625,-4477.357421875,901.6178105950074,1348.8659178733492,3.5499999999999914,16.663862864176433,0.06789860626061757,0.42979127168655396,-0.2821747672461549,-0.051230553696608776,-0.0521237134277887,143,4.003003120422363,8.70222972239215,8.021769677414213
-4.697876507043839,1.7292406558990479,2.1873565912246704,0.0038259830465351505,-0.010648557032222061,306.4687194824219,301.9764633178711,-4216.4320068359375,-4378.6937255859375,791.3215215325091,1236.931982326475,3.5749999999999913,16.6665522257487,0.06376625763045417,0.4576503336429596,-0.2710787398538534,-0.04859762156549654,-0.0512763080524931,144,3.606170415878296,8.3813010403309,7.769113267679192
-4.525606501102448,1.6211197972297668,2.1042661666870117,0.00354053535001664,-0.012053108191129851,292.89974212646484,289.34889221191406,-4014.7523193359375,-4265.68212890625,685.9107213616124,1127.4646391868275,3.599999999999991,16.66924370659722,0.05901829650004705,0.4814245402812958,-0.25931367646145354,-0.04588494232389864,-0.05033026168713448,145,3.225754976272583,7.9878411821458934,7.656807579078066
-4.3378183245658875,1.5098872780799866,2.016568660736084,0.0032269652965652732,-0.0129995779574899,278.23990631103516,276.44970703125,-3806.707763671875,-4130.6693115234375,585.5419133782159,1020.8225859641725,3.624999999999991,16.67191399468316,0.053799876736270055,0.49749913811683655,-0.24707438730269463,-0.04309908232837781,-0.0492810219907245,146,2.8625919818878174,7.579749597040448,7.695302177910259
-4.1366928100585945,1.4004223942756653,1.9248808026313782,0.002893349494350231,-0.013571235888448416,263.8245620727539,263.1641159057617,-3581.3372802734375,-3988.5281982421875,490.374219286421,917.5558531760878,3.649999999999991,16.674551433987087,0.0482454357875718,0.5158791542053223,-0.2344172648136591,-0.04031861315346978,-0.048122430403242336,147,2.517287015914917,7.209756290000517,7.873393950689032
-3.927334922552109,1.2894707918167114,1.8293912410736084,0.0025473481725460435,-0.014119006512785682,249.14910125732422,249.47759246826172,-3347.1068115234375,-3840.1734619140625,400.84078727958723,817.8426482200344,3.674999999999991,16.677141189575195,0.04248257726430893,0.5342239141464233,-0.22128849649557053,-0.037481352068315814,-0.046848336687045605,148,2.1904873847961426,6.918783623109983,8.164133746058052
-3.7123878300189976,1.1767721474170685,1.7296545505523682,0.0021861494075486156,-0.014779673321098993,234.26517486572266,235.46644592285156,-3108.8952026367188,-3685.5638427734375,317.1631169915035,721.8383116721843,3.699999999999991,16.679662068684895,0.03646428800291485,0.5513249039649963,-0.2077162286321997,-0.03458957628370739,-0.04545492919282411,149,1.8828507661819458,6.732833669346102,8.531813817763485
-3.48660404086113,1.0622459053993225,1.6260395050048828,0.0018103451285221102,-0.015173563168700117,219.22367095947266,221.31182098388672,-2866.6712036132812,-3515.1103515625,239.44073692558777,629.69921560285,3.7249999999999908,16.682091818915474,0.030200377934508853,0.5624695420265198,-0.1937723998624924,-0.031650402473479354,-0.043942120535604604,150,1.5949729681015015,6.662970286715673,8.938556399624979
-3.2443668961524965,0.9501557350158691,1.520449459552765,0.0014345270655563686,-0.014783341409381656,204.32379150390625,207.24945831298828,-2610.6827392578125,-3328.2462158203125,167.7739568352581,541.8214568137893,3.7499999999999907,16.684413486056858,0.023934257527192433,0.5700527429580688,-0.17962690321923883,-0.02873125542658926,-0.04230986910349504,151,1.3272559642791748,6.707552569108012,9.349485401017368
-2.997966980934143,0.8386631011962891,1.4136856198310852,0.0010707859439929187,-0.014342766139811981,189.08938598632812,192.71150970458984,-2350.0191650390625,-3138.4056396484375,102.50688835381523,458.61530141828325,3.7749999999999906,16.686604817708332,0.017867789914210636,0.5774378776550293,-0.16528005495281847,-0.02579348185652812,-0.0405554659623241,152,1.0799777507781982,6.855671205914277,9.736022424736168
-2.7500705361366276,0.7271033525466919,1.3053818345069885,0.0007168825238917619,-0.013988632293858693,174.32101440429688,178.52550506591797,-2089.1759033203125,-2945.949951171875,43.75640922784122,380.1551604270742,3.7999999999999905,16.688639322916668,0.011963795663581954,0.583892822265625,-0.15076128299327668,-0.02283366646725737,-0.03867931890863372,153,0.8534037470817566,7.090820024033289,10.077375652761726
-2.496714562177658,0.615733414888382,1.1958752870559692,0.00037421883343077725,-0.013419404497394875,159.76739501953125,164.59854888916016,-1828.0879516601562,-2743.6871948242188,-8.472988355164048,306.50641164777926,3.8249999999999904,16.69049898783366,0.006245899324615796,0.5857506990432739,-0.13613704153218933,-0.019864665772969102,-0.03668677090936086,154,0.6477417349815369,7.394176398712093,10.360612432675357
-2.2344386994838716,0.5062431991100311,1.0860369801521301,5.0444288381692895e-05,-0.01233387611024066,145.61185455322266,151.0741310119629,-1560.7266540527344,-2531.2942504882812,-54.175187146665344,237.91423177717587,3.8499999999999903,16.692168977525498,0.0008420245851286583,0.5847856998443604,-0.1215023055519314,-0.016915092630773503,-0.034585282976746935,155,0.4630664885044098,7.747175559599538,10.57977310019627
-1.9696677446365358,0.3992992416024208,0.9771659076213837,-0.00024140721418263112,-0.011058008687146037,131.73272323608398,138.04892349243164,-1291.5791931152344,-2316.0455932617188,-93.19335349798108,174.63187551497094,3.8749999999999902,16.69363233778212,-0.004029963424222337,0.5829890966415405,-0.10690293135752267,-0.013988786778007864,-0.032381415225570885,156,0.29934945702552795,8.133254555820617,10.734474599104326
-1.706940644979477,0.2940997779369354,0.8690500259399414,-0.0005025712345536372,-0.009855214867352366,118.5365104675293,125.53335571289062,-1025.7187805175781,-2101.173095703125,-125.48283332585933,116.73073568343005,3.89999999999999,16.694875293307835,-0.008390364754531119,0.5802041292190552,-0.09235875117670583,-0.011078544936087046,-0.030083569096834066,157,0.1565241813659668,8.538811058423873,10.828390670042689
-1.4433389633893967,0.1905567031353712,0.7620196342468262,-0.0007315786738231732,-0.008491429838771505,106.0481071472168,113.67206954956055,-762.5017700195312,-1881.9755249023438,-151.1258028387961,64.20140829085418,3.92499999999999,16.695887247721355,-0.012214356619450781,0.5744951367378235,-0.07792490908880234,-0.008189649994778893,-0.02770431138193028,158,0.03447713702917099,8.95354200848501,10.867859569173895
-1.1795992821455004,0.08845153450965881,0.656448245048523,-0.0009257084230905757,-0.006979473705190009,94.45630645751953,102.15921401977539,-499.91248321533203,-1661.8172607421875,-170.1883470892817,17.15202016829783,3.94999999999999,16.696656545003254,-0.015456239796347089,0.5680936574935913,-0.06363771979198896,-0.005320121488096985,-0.025258162550584273,159,-0.06698528677225113,9.370349047024945,10.860738188882278
-0.9136893555521965,-0.012353077530860901,0.55311319231987,-0.0010771090660429991,-0.005163048038944651,83.81774520874023,91.61942672729492,-235.6886444091797,-1439.2394409179688,-182.68615916966232,-24.39341135025459,3.97499999999999,16.697182125515408,-0.017984693662987813,0.5612597465515137,-0.04952314910689394,-0.0024605830214133586,-0.02275996764527863,160,-0.1480933576822281,9.78497331338769,10.815556730807042
-0.6497783794999124,-0.11238972842693329,0.4521843492984772,-0.001182705158766336,-0.003314714373888782,74.21257781982422,82.03792572021484,28.181427001953125,-1219.8920593261719,-188.57837527988912,-60.37439737320157,3.99999999999999,16.697463989257812,-0.019748186071713764,0.555780291557312,-0.03556311250523997,0.0004029215787296148,-0.020223537652978938,161,-0.20908838510513306,10.195491659837787,10.740973205596156
-0.38601062372326855,-0.2112167220620904,0.35383303463459015,-0.00124043749777221,-0.0013424320162215538,65.67497253417969,73.45636749267578,292.1743621826172,-1000.8571472167969,-187.8738396048376,-90.87169885635362,4.02499999999999,16.69750425550673,-0.02071222083436118,0.550590991973877,-0.02173657517560463,0.003267362202623639,-0.017662954037948986,162,-0.2501738369464874,10.601770114123338,10.645484586834371
-0.12458865214139224,-0.3087097853422165,0.258145309984684,-0.0012490399762269512,0.0006017520413878998,58.25754928588867,65.93199157714844,555.4922513961792,-785.3745727539062,-180.56948055026936,-115.89312753677125,4.04999999999999,16.69730716281467,-0.020855615536371868,0.5467811822891235,-0.008022134561469657,0.006133622273987493,-0.015091599184666425,163,-0.2715294063091278,11.004926713114237,10.537330796291572
0.1340124312788248,-0.4060218185186386,0.1649924423545599,-0.0012103409166367373,0.002477376995870439,51.98198318481445,59.51637649536133,815.2312622070312,-571.4173583984375,-166.68217426536233,-135.5274918556168,4.07499999999999,16.696881188286675,-0.020208927906221814,0.5423877835273743,0.005591500203919311,0.009020977315216118,-0.012522294757363765,164,-0.27330127358436584,11.406822689924004,10.424524091206235
0.39157558754086497,-0.503670871257782,0.07456209138035774,-0.0011241108034095765,0.0043801873895292906,46.898488998413086,54.23442459106445,1076.488510131836,-360.8226890563965,-146.301392710184,-149.81292581557568,4.099999999999991,16.69623480902778,-0.018768426444795396,0.5400705337524414,0.019116675889076968,0.011942764636655678,-0.009966685844026298,165,-0.25563421845436096,11.809580651293132,10.31494791010766
0.6479259714484216,-0.6014648824930191,-0.01332370936870575,-0.0009907573680688058,0.006237158643073804,42.99265003204346,50.08880805969238,1339.8074951171875,-154.45849609375,-119.38917995688551,-158.8334930419836,4.124999999999991,16.695375442504883,-0.016541071236133575,0.5403696298599243,0.032616984307556,0.014903990929140652,-0.007434042013752909,166,-0.2186107635498047,12.21512248111493,10.216486816900728
0.9025645390152932,-0.6986293196678162,-0.09893371537327766,-0.0008124788238296227,0.007959364062635949,40.22135829925537,47.09872627258301,1604.0675659179688,47.87873077392578,-85.89399257895349,-162.69495544432553,4.1499999999999915,16.694313685099285,-0.013563779907094108,0.5427704453468323,0.046152868813128224,0.017896680753414367,-0.004931096590823108,167,-0.16222180426120758,12.624714656892793,10.137153822705317
1.1508517637848854,-0.7955520451068878,-0.1826449204236269,-0.0005956596052642745,0.009251271309663144,38.56239604949951,45.20814609527588,1860.3410034179688,246.6140422821045,-45.79230343100198,-161.4979871749756,4.174999999999992,16.693060133192276,-0.009943383435408274,0.5439229607582092,0.059744835746187226,0.020923589076803698,-0.0024625119276648084,168,-0.08639109879732132,13.038500762635728,10.085154449409156
1.3943356513977052,-0.8912719786167145,-0.2649221494793892,-0.00035127683196305924,0.01024269648358049,37.908865451812744,44.29923915863037,2111.0013427734375,442.2038803100586,0.7162216544492424,-155.33263611792142,4.199999999999992,16.69162326388889,-0.005863381342755424,0.544517993927002,0.07334991458642566,0.023954550398476993,-3.2995389882492487e-05,169,0.008927110582590103,13.455012734450584,10.068815673605167
1.6338021427392961,-0.9849526882171631,-0.34590180218219757,-8.51845250392953e-05,0.010985239890954224,38.20327353477478,44.34807729721069,2357.2444458007812,634.8878936767578,53.49125522378715,-144.27753911016842,4.2249999999999925,16.69001367357042,-0.0014217309136357573,0.5447672009468079,0.08696756437924712,0.026969625340069584,0.0023533225830458847,170,0.12375115603208542,13.870682288695479,10.096339083255314
1.8678185969591141,-1.0765676498413086,-0.4259050190448761,0.0001957554251103108,0.011408087454220757,39.225523471832275,45.35319805145264,2597.5860595703125,823.5255737304688,112.42236636880861,-128.40534176824798,4.249999999999993,16.688238779703777,0.0032668133887151876,0.5446380972862244,0.1005835996306577,0.029961913609585184,0.004694006074035552,171,0.2580889165401459,14.279397741951268,10.175355104023883
2.094223895668984,-1.1670592427253723,-0.5053729265928268,0.00048174461262853947,0.011395242903447629,41.22086447477341,47.28297233581543,2828.0269775390625,1008.1439208984375,177.36201785806807,-107.81720242498494,4.274999999999993,16.686310238308376,0.00803854109512435,0.5427073836326599,0.11418355604698695,0.032936187050742624,0.006987421576568214,172,0.41193220019340515,14.672172070539535,10.312240022450005
2.311981362104416,-1.2586485743522644,-0.58449687063694,0.0007613812409340039,0.010968121798869359,44.155644081532955,50.120765209198,3044.2974853515625,1191.1029357910156,248.06269229654617,-82.6136044025227,4.299999999999994,16.684241824679905,0.012703071244888835,0.53705894947052,0.12768287826362482,0.03591145293552503,0.00923143804162316,173,0.5852028131484985,15.037024974648896,10.511173522049674
2.525407683849335,-1.3479554057121277,-0.6632721722126007,0.0010292086418456825,0.010433495330927854,48.026384234428406,53.88205289840698,3255.5562744140625,1371.1421813964844,324.17012943033654,-52.836031007746186,4.324999999999994,16.68204837375217,0.0171693145400948,0.5309085845947266,0.14103307178159666,0.03882237643225221,0.011423696074922144,174,0.7777119874954224,15.359215322801559,10.772969117702564
2.7344075024127963,-1.4355592131614685,-0.7416844964027405,0.0012820816390210234,0.009802737070012895,52.84662729501724,58.58952713012695,3460.950927734375,1548.9302673339844,405.5590362906894,-18.557476472832974,4.349999999999994,16.679745780097115,0.021384807510508433,0.5235746502876282,0.1542170008237635,0.04167526902464818,0.01356345446463834,175,0.9892370700836182,15.621953243279973,11.093802506243339
2.938653123378754,-1.5220267176628113,-0.8194713592529297,0.0015186239191310514,0.009093494619535462,58.64798069000244,64.24526929855347,3659.289306640625,1725.0494384765625,492.08280948405,20.165780210517738,4.374999999999995,16.677348878648544,0.02532664065559705,0.5144714713096619,0.16719946172946581,0.0444750794069729,0.015651757669261763,176,1.2195165157318115,15.807699065082305,11.464016148928033
3.1338623225688935,-1.607538878917694,-0.8969197571277618,0.0017332475252244542,0.008075221973027404,65.48559379577637,70.897536277771,3848.677490234375,1893.5357666015625,583.5650421500667,63.2920161724327,4.399999999999995,16.674878862169052,0.028901721040407818,0.5059427618980408,0.17995405591439825,0.04722249209485032,0.017690399161339014,177,1.4682368040084839,15.900115474806777,11.867239241817746
3.320143455266953,-1.6940398216247559,-0.9743448793888092,0.0019184021095290996,0.00677726955838519,73.3501935005188,78.1923017501831,4023.6417236328125,2060.0452880859375,679.781979405927,110.63041033747265,4.424999999999995,16.672354804144966,0.03198431804776192,0.4939318597316742,0.1924550672292847,0.049932603882709814,0.019679532904870612,178,1.7350674867630005,15.886620244530615,12.280150435746307
3.5023178935050967,-1.7783146500587463,-1.0516611635684967,0.0020722429648563218,0.005541260086073887,82.2462739944458,86.63783836364746,4194.2830810546875,2223.2997436523438,780.373022496748,162.13154253962182,4.449999999999996,16.669800016615127,0.03454392361972067,0.48185935616493225,0.20464883297816006,0.05254746604970694,0.021618285050123875,179,2.0195960998535156,15.761346116872893,12.673233619136067
3.6804274022579198,-1.8607427477836609,-1.12867671251297,0.002195485555674755,0.0043624916723681495,92.06236267089844,95.97917079925537,4360.3470458984375,2383.6275634765625,885.230099523116,217.71403613093113,4.474999999999996,16.667234632703995,0.036592727733982935,0.46943071484565735,0.2165428100120766,0.05507538224889679,0.023506817883477728,180,2.32138991355896,15.528109613659876,13.01282739496165
3.853365355730057,-1.9422394037246704,-1.2050947546958923,0.0022901349249945515,0.0032097309512570424,102.78323364257812,106.1532096862793,4518.2965087890625,2542.5284423828125,994.2387756705776,277.3047252178459,4.4999999999999964,16.664678785536026,0.03816442771090402,0.45483285188674927,0.2281037753964355,0.05753184042649385,0.025346612788288533,181,2.640002965927124,15.202793460697764,13.264612057772839
4.020811653137208,-2.021682620048523,-1.2805948853492737,0.002356442954799671,0.0021184999143740993,114.33601951599121,117.08704948425293,4669.1580810546875,2698.3834228515625,1107.1961883903048,340.86793627741673,4.524999999999997,16.662152608235676,0.039263487690024905,0.4392089247703552,0.23927595255115647,0.059894101764096964,0.027139473640075892,182,2.974916934967041,14.814443204574559,13.398422855744746
4.1764954149723055,-2.100018620491028,-1.355522096157074,0.002391883803243741,0.0006838855938816248,126.63743591308594,128.78877067565918,4808.6444091796875,2843.98583984375,1223.9251404166725,408.32752184870634,4.549999999999997,16.659677293565537,0.0398480850789282,0.4247456192970276,0.25008743782573983,0.062174042295692206,0.02888635543176195,183,3.3255887031555176,14.404331498385117,13.393902759861827
4.325630253553391,-2.1766868829727173,-1.430283546447754,0.0023906994247667665,-0.0007528818819492056,139.57676696777344,141.08299255371094,4939.5367431640625,2986.099609375,1344.1412506461652,479.42716784480046,4.5749999999999975,16.657275093926323,0.039822612371709615,0.4090877175331116,0.2605052579569391,0.0643520981902405,0.030585323210367207,184,3.691486358642578,14.022431145939313,13.246075120703201
4.4702530145645145,-2.2510786056518555,-1.504728376865387,0.0023544788734957372,-0.0020821047231936963,153.00390243530273,153.88069534301758,5065.992919921875,3124.3086547851562,1467.6296692252672,554.0796580791758,4.599999999999998,16.654960844251846,0.03921382543113497,0.3937191963195801,0.2705434944090179,0.06642118502312332,0.032233863617612886,185,4.072052478790283,13.72117907396453,12.969600844937974
4.610583913326264,-2.3232409954071045,-1.5783297419548035,0.0022874493975125047,-0.003264997005437016,166.68548583984375,166.70586776733398,5185.690673828125,3261.3472290039062,1594.2794922233145,632.1873744488051,4.624999999999998,16.652744081285263,0.03809237645732032,0.37647849321365356,0.28017876129865416,0.06838605695300538,0.033831148576847554,186,4.466733932495117,13.547026856445164,12.600338124373398
4.744965201616288,-2.3929738998413086,-1.6506738662719727,0.0021915732576007255,-0.004343922625622977,180.7820281982422,179.77442169189453,5296.6964111328125,3396.0926513671875,1723.9217590690178,713.7210551739031,4.649999999999999,16.65063328213162,0.03649114320675532,0.35708457231521606,0.289349622828451,0.07024192861230293,0.03537770239791081,187,4.874913692474365,13.530994238421066,12.192996024262616
4.874854856729508,-2.4596219062805176,-1.7212459444999695,0.002071609813911615,-0.005202775952565369,194.97745895385742,192.9376220703125,5402.6373291015625,3527.6134033203125,1856.3391693473382,798.623371458083,4.674999999999999,16.64864010281033,0.034489534381363124,0.33725684881210327,0.2980299633749689,0.07197889012892844,0.036874157581561554,188,5.295902729034424,13.680141285110023,11.814244481004506
4.9922842383384705,-2.5233136415481567,-1.7903096675872803,0.001927970504027645,-0.006350122446374399,209.1684112548828,206.19341659545898,5498.63623046875,3646.1878662109375,1991.4051025748772,886.8137065410909,4.699999999999999,16.646770901150173,0.03209452248281903,0.32014399766921997,0.3062555691653558,0.07360094664749005,0.03832118199866691,189,5.729015827178955,13.972313528098656,11.531648501561328
5.099280261993409,-2.5844266414642334,-1.8588265776634216,0.0017516524650704238,-0.007700899597505906,223.2942352294922,219.41193389892578,5583.948974609375,3756.2696533203125,2128.871008336596,977.9684031963645,4.725,16.6450383928087,0.029156352910730574,0.30335262417793274,0.31405070825504494,0.07510309433797084,0.039716116649325985,190,6.173628330230713,14.356322288307592,11.400100843498237
5.202808916568756,-2.6424319744110107,-1.9264891743659973,0.0015442050898323487,-0.008832620305708087,237.2442169189453,232.44499969482422,5664.4776611328125,3864.735107421875,2268.4697327018303,1071.8751445293724,4.75,16.643447875976562,0.0257009185022778,0.2855602204799652,0.32141484801181847,0.07647928283126929,0.04105454651179415,191,6.629127025604248,14.758786676530248,11.448559990173493
5.3024776697158815,-2.6968092918395996,-1.992705225944519,0.0013113877242450413,-0.009740299466315447,250.9221954345703,245.19800567626953,5739.8333740234375,3971.2623291015625,2410.0816742301504,1168.4935222149193,4.775,16.641998291015625,0.02182412478658888,0.2667423486709595,0.3283208241925574,0.07772768120413596,0.04233469891947082,192,7.094875335693359,15.097375801205201,11.670505822475679
5.395663213729859,-2.747492551803589,-2.056841254234314,0.0010574033644595265,-0.010545313766900256,264.23500061035156,257.60005950927734,5806.30029296875,4074.7615966796875,2553.5775085807363,1267.7750804424584,4.800000000000001,16.64069069756402,0.017595928576257493,0.24595816433429718,0.3347337826764955,0.07884972506684598,0.04355720637311488,193,7.570196628570557,15.298385400512773,12.021356001320573
5.4834543585777284,-2.794111967086792,-2.1186158657073975,0.0007856334318335135,-0.011148593614911561,277.14603424072266,269.6037368774414,5866.693359375,4174.42431640625,2698.735015904955,1369.6441203594507,4.825000000000001,16.639527214898003,0.013072571406761805,0.22463463246822357,0.340616838682535,0.07983913102370246,0.04472310917002715,194,8.054353713989258,15.314856818904158,12.424906547126298
5.565829491615296,-2.836352825164795,-2.177592158317566,0.0005014482336174104,-0.011540507937938444,289.5831985473633,281.02342224121094,5921.673583984375,4269.5615234375,2845.4023498893303,1474.0047282696069,4.850000000000001,16.638507843017578,0.008343351073563099,0.20336255431175232,0.34596599746904094,0.08069567020929919,0.04583363902221178,195,8.546582221984863,15.140413967839136,12.788700053454741
5.636027359962464,-2.8739229440689087,-2.234336733818054,0.00020474269978383534,-0.012198490779215658,301.61163330078125,291.9739074707031,5970.6429443359375,4348.382568359375,2993.4441894889396,1580.7437663555443,4.875000000000002,16.637630462646484,0.0034064333885908127,0.1874186098575592,0.35084936938089195,0.08141772808222533,0.04688959903918502,196,9.046151161193848,14.814272921481793,13.025529037728818
5.700876390933991,-2.9067901372909546,-2.289460301399231,-0.00010810177068218304,-0.012776871111332024,313.1117706298828,302.4598846435547,6012.9560546875,4424.0477294921875,3142.710263097338,1689.4533305645284,4.900000000000002,16.63689719306098,-0.0017984780586428111,0.17048043012619019,0.3553287064658644,0.08200384406507054,0.047889187426021836,197,9.552456855773926,14.414745399286813,13.075906782185656
5.760338032245636,-2.934794545173645,-2.342432737350464,-0.000433427419325085,-0.013232754355683149,324.00425720214844,312.4395065307617,6047.4981689453125,4497.6070556640625,3293.0341644645255,1800.054523801833,4.9250000000000025,16.636310153537327,-0.007210633096595605,0.15165498852729797,0.3593610652513806,0.08245353962107643,0.048830881187473855,198,10.06489086151123,14.041635366270992,12.92531325621876
5.81255476474762,-2.9580636024475098,-2.392806053161621,-0.0007700195446270419,-0.013634572309013765,334.29310607910156,321.8582458496094,6072.5655517578125,4567.35693359375,3444.2216186881583,1912.4947001934345,4.950000000000003,16.63587146335178,-0.012809948788748847,0.1310541033744812,0.3628952464654839,0.08276588264386149,0.049714222592728716,199,10.582776069641113,13.791226453657869,12.610760734411151
5.859523129463196,-2.976460814476013,-2.440254807472229,-0.0011140876689534136,-0.01383651482104743,343.9664840698242,330.65625762939453,6091.963134765625,4633.1700439453125,3596.0357574821037,2026.6786235332781,4.975000000000003,16.63558218214247,-0.018533505499362946,0.11010030657052994,0.3659095453452901,0.08294126012402162,0.050538770555730875,200,11.105375289916992,13.730212696331474,12.213625957304492
5.900896155834198,-2.989625573158264,-2.484397530555725,-0.0014607550411044458,-0.013850520343608265,352.99200439453125,338.87290954589844,6105.468505859375,4694.637939453125,3748.3348358512444,2142.507874631911,5.0000000000000036,16.635443369547527,-0.024300325247976515,0.08889289945363998,0.3683963385921788,0.0829783779317146,0.05130483716567057,201,11.631938934326172,13.876100294550211,11.839486962695027
5.936318111419678,-2.997233033180237,-2.524948835372925,-0.001805520619752431,-0.013692198537694957,361.329345703125,346.4694137573242,6112.8720703125,4751.3265380859375,3900.9715484977287,2259.8738231182388,5.025000000000004,16.635453965928818,-0.030035689059231017,0.0675312876701355,0.37035056620007895,0.08287580877904371,0.052013196403739616,202,12.161705017089844,14.190432113934856,11.589851153716712
5.965269124507905,-2.999182939529419,-2.5616185665130615,-0.0021442953863193637,-0.013391344558300067,368.9662170410156,353.4092559814453,6113.980224609375,4802.4818115234375,4053.793350255541,2378.656986570387,5.050000000000004,16.635618209838867,-0.03567173249191708,0.04627058282494545,0.3717700976401184,0.08263540023401522,0.052664605606373,203,12.693907737731934,14.587745798736513,11.533643057935576
5.986924409866333,-2.9952906370162964,-2.5944653749465942,-0.002474590039401563,-0.01300903217935968,375.8700714111328,359.68846130371094,6108.648681640625,4846.746826171875,4206.642855870776,2498.7190318584726,5.075000000000005,16.635936101277668,-0.04116720623440213,0.02564086578786373,0.37266844845482944,0.08225656140776225,0.053259364379193354,204,13.227787017822266,14.95847242335178,11.686973322004649
6.002265298366547,-2.985489845275879,-2.623322367668152,-0.0027935093015737066,-0.012489109273467856,382.00970458984375,365.2860107421875,6096.7525634765625,4886.048095703125,4359.359072911791,2619.8877025127695,5.100000000000005,16.636409759521484,-0.04647408922513326,0.004756747279316187,0.37304751614648857,0.08174075703888434,0.053797039958523536,205,13.76259994506836,15.199511105761843,12.007621208941778
6.010330319404602,-2.969558000564575,-2.647997498512268,-0.003097919797365747,-0.011884102531937201,387.33709716796875,370.1628875732422,6078.1292724609375,4918.7960205078125,4511.777886998705,2742.0389049053474,5.125000000000005,16.637041303846573,-0.051540384689966835,-0.015739910304546356,0.37290430465886953,0.08108692186294546,0.054277066422631914,206,14.297595024108887,15.243552009280766,12.406340930010533
6.01060894727707,-2.9475685358047485,-2.668646454811096,-0.00338721295285671,-0.011253102922048456,391.8342590332031,374.30812072753906,6052.74072265625,4944.0999755859375,4663.7311188102285,2865.0088054180424,5.150000000000006,16.63783179389106,-0.05635609229405721,-0.035471729934215546,0.37226348152156924,0.08029795206763107,0.054698399313028466,207,14.832038879394531,15.078346566832078,12.771938864258098
6.004637432098389,-2.9194802045822144,-2.685065507888794,-0.0036591422460254914,-0.01049961974825938,395.4187469482422,377.6809844970703,6020.6058349609375,4964.767333984375,4815.049636876635,2988.6113048076904,5.175000000000006,16.63878017001682,-0.0608839342991511,-0.05566392093896866,0.37112341554841993,0.07937554957932533,0.055059528118032414,208,15.365218162536621,14.750093635491043,13.002756331133405
5.991620779037476,-2.885160446166992,-2.6969674825668335,-0.003910734507186369,-0.009657155785142634,398.07630920410156,380.2653503417969,5980.4422607421875,4980.6224365234375,4965.564782750659,3112.7304881572995,5.200000000000006,16.63988749186198,-0.06507451335589091,-0.07674267143011093,0.36947142343473016,0.07832000152008321,0.05535944582985657,209,15.896407127380371,14.349993186462147,13.035205883325121
5.969664669036866,-2.8450759649276733,-2.7041209936141968,-0.00414147817014167,-0.008799391129325542,399.754150390625,381.99542236328125,5929.0189208984375,4991.4305419921875,5115.075839269214,3237.246049070385,5.225000000000007,16.64115375942654,-0.06891937305529912,-0.099771648645401,0.36726396249667714,0.07713519027943139,0.055597137118335346,210,16.424842834472656,13.988144718013807,12.861017010869146
5.940825808048249,-2.7991983890533447,-2.70625638961792,-0.004348642974625412,-0.007774601020227897,400.3229217529297,382.7406311035156,5870.417724609375,4996.898681640625,5263.3013122916755,3362.0318126201896,5.250000000000007,16.642577913072373,-0.07237308555179173,-0.12315229326486588,0.3644762320466094,0.07582133640039761,0.05577086260638178,211,16.9497013092041,13.762682860112124,12.528415250252776
5.904951739311219,-2.747431516647339,-2.7029998302459717,-0.0045281197462993875,-0.0065855079158859235,399.66969299316406,382.3959503173828,5804.84228515625,4996.5614013671875,5410.06175540691,3486.954279661205,5.2750000000000075,16.644151475694443,-0.07536722554100884,-0.14662207663059235,0.36110307220991505,0.07438114465596399,0.05587919084490996,212,17.47014808654785,13.733251912421771,12.127404613606544
5.8605576157569885,-2.689768433570862,-2.6941845417022705,-0.004676365232557028,-0.0053205818196525945,397.7369842529297,380.90899658203125,5729.9091796875,4990.079345703125,5555.182812535817,3611.8683146953845,5.300000000000008,16.64586279127333,-0.07784269750118256,-0.17095337808132172,0.3571399223232273,0.07281770264851935,0.05592113979326791,213,17.98533821105957,13.906251563226,11.76408263121102
5.806788277626038,-2.626620054244995,-2.679570436477661,-0.004792814031815345,-0.003994715627686337,394.52659606933594,378.2628479003906,5644.3302001953125,4977.1759033203125,5698.430542028005,3736.6202983379626,5.325000000000008,16.64770550198025,-0.07978997296757168,-0.1965234875679016,0.3525466019435995,0.07113406885212806,0.055895236390477686,214,18.494400024414062,14.23536269054881,11.531895117512033
5.745239555835724,-2.5578408241271973,-2.6589001417160034,-0.004873893242994697,-0.002499174345214357,390.04632568359375,374.4771423339844,5551.366943359375,4957.5189208984375,5839.538797032888,3861.0496959209704,5.3500000000000085,16.64966689215766,-0.08114933967590332,-0.22193902730941772,0.3473159538256021,0.06933090489587346,0.055799304334585985,215,18.996417999267578,14.63615425120292,11.488049149413314
5.675638663768769,-2.4833433628082275,-2.6319528818130493,-0.004915627890108681,-0.0008545259502453382,384.3335418701172,369.5887145996094,5450.79736328125,4930.827880859375,5978.322970616873,3984.9876689434313,5.375000000000009,16.651734246148003,-0.08185438811779022,-0.24718044698238373,0.3414523056060065,0.06741178940247032,0.055631591764938246,216,19.490478515625,15.00963374094512,11.64113910604706
5.595427131652833,-2.4031718969345093,-2.5986768007278442,-0.004915481728337916,0.0007771851774536176,377.43751525878906,363.6383056640625,5341.3624267578125,4893.6685791015625,6114.592904698905,4108.258365964916,5.400000000000009,16.653898027208115,-0.08186259203486973,-0.271187961101532,0.33497156967232594,0.06538093557598695,0.055390792068124646,217,19.975679397583008,15.267556664417285,11.952266159406458
5.499908590316773,-2.318798542022705,-2.559446692466736,-0.004879294466580514,0.0021157843483074912,369.4694519042969,356.69508361816406,5213.145751953125,4847.3248291015625,6248.126965367851,4230.600080442456,5.42500000000001,16.656149758232964,-0.08127090003755358,-0.29794782400131226,0.3278570013992065,0.06325408311458464,0.05507435443516359,218,20.45113754272461,15.352635839892118,12.347889601317126
5.392619335651398,-2.23075795173645,-2.514283776283264,-0.004809377645438877,0.0034198559217102457,360.1824035644531,348.8457794189453,5072.9730224609375,4791.4765625,6378.45560916668,4351.783201169995,5.45000000000001,16.658482021755642,-0.08011755016114977,-0.32485201954841614,0.320073014296582,0.0610330712638912,0.05467723550474074,219,20.91590690612793,15.249105752682965,12.739682202609758
5.276285481452942,-2.1383338570594788,-2.4630796909332275,-0.004705842056575542,0.0048484111606113016,350.05397033691406,340.18067932128906,4924.808349609375,4727.1279296875,6505.279934728205,4471.5701152324955,5.47500000000001,16.66088104248047,-0.07840405735704634,-0.3510726988315582,0.31162416902781925,0.05870791733100806,0.05419422130678443,220,21.369028091430664,14.982297760476218,13.045502866632486
5.151636600494385,-2.0414483547210693,-2.405545711517334,-0.004564590489071261,0.00642719183160777,339.02442932128906,330.67469024658203,4769.5218505859375,4654.745849609375,6628.4001434684415,4589.7483134746835,5.500000000000011,16.66333622402615,-0.07606182661321428,-0.3764774203300476,0.3025300065374167,0.05628589507466249,0.05362192463328322,221,21.80955696105957,14.608931555244746,13.206217049463602
5.018366611003876,-1.93985116481781,-2.3413766622543335,-0.004382370973563695,0.008123991110489481,327.15541076660156,320.30916595458984,4606.6922607421875,4574.1865234375,6747.638189733091,4706.116959714918,5.525000000000011,16.665830612182617,-0.07303631140126123,-0.40120410919189453,0.2928092355320321,0.05376954073967387,0.05295929686455788,222,22.236581802368164,14.20193467308053,13.195036690991799
4.867289263010026,-1.8379438519477844,-2.2706785202026367,-0.004162254207610516,0.009432616975438029,314.8079833984375,309.25099182128906,4419.87353515625,4485.01904296875,6862.805496251648,4820.4716228008565,5.550000000000011,16.668354670206707,-0.06937832882006963,-0.43019089102745056,0.2824169151682704,0.05122412673988436,0.052205842819093226,223,22.649185180664062,13.834253704491287,13.018568651759045
4.705909109115601,-1.7328184843063354,-2.193676710128784,-0.003909107742282225,0.010826691300229339,301.93724060058594,297.5116958618164,4224.0325927734375,4386.0478515625,6973.302334630556,4932.597098875076,5.575000000000012,16.67090309990777,-0.06516868869463603,-0.45806095004081726,0.2713107178295561,0.04859161696947625,0.051357854877309164,224,23.046354293823242,13.565421143310294,12.710937823359714
4.533960664272309,-1.6245022416114807,-2.110282063484192,-0.0036190065358628555,0.012269663759348026,288.4535369873047,285.0277404785156,4021.9407958984375,4274.0194091796875,7078.903149449894,5042.24829516414,5.600000000000012,16.673458947075737,-0.060341618955135345,-0.48245769739151,0.25953102369591763,0.04587906672474366,0.050410926339839464,225,23.427091598510742,13.433199628917123,12.323618431491724
4.345681822299958,-1.5130612254142761,-2.022138476371765,-0.0032999876652241595,0.013217177984198088,273.8897705078125,272.1720428466797,3813.482177734375,4138.50439453125,7179.451669347357,5149.098780393633,5.625000000000012,16.675995720757378,-0.055030778878264956,-0.4984525740146637,0.2472667174676688,0.04309326498587167,0.04936072124753432,226,23.790544509887695,13.450999070011957,11.914010875828511
4.144246137142182,-1.4032421112060547,-1.9300879836082458,-0.002960760239294211,0.013795227501772795,259.5447082519531,258.9775924682617,3588.0914306640625,3995.8001708984375,7274.788723790719,5252.561390256916,5.650000000000013,16.678502824571396,-0.049381194015343986,-0.5166335701942444,0.234589055348726,0.040310613267226535,0.04820105191204852,227,24.136106491088867,13.610281078500782,11.53544179090112
3.9343377113342286,-1.292090356349945,-1.8341366648674011,-0.0026092861734647757,0.0143331839613742,244.95706939697266,245.37140655517578,3353.377685546875,3846.905029296875,7364.491009557323,5352.4563945293785,5.675000000000013,16.680967542860245,-0.04352551781468921,-0.5349083542823792,0.22144232733803623,0.037473845282993155,0.04692565990482037,228,24.463134765625,13.886144994133453,11.23021030193922
3.7188739597797396,-1.1791936457157135,-1.734126329421997,-0.0022428671966118726,0.014983264704354444,230.1577606201172,231.44849395751953,3114.7024536132812,3691.7965087890625,7448.325451695998,5448.629020261802,5.7000000000000135,16.683366563585068,-0.037418637010786265,-0.5519518852233887,0.20785369767871822,0.034582241147439366,0.04553055880659316,229,24.770977020263672,14.244172964007227,11.026119282151472
3.4930332183837893,-1.064477115869522,-1.6300824880599976,-0.0018617247620234118,0.015398553467433277,215.1994400024414,217.35941314697266,2872.033447265625,3521.668212890625,7526.193013036333,5540.923932981531,5.725000000000014,16.68567763434516,-0.031064175483253267,-0.5634444355964661,0.1938899617798626,0.03164326915488769,0.044015607136933976,230,25.059036254882812,14.647027494486746,10.93612755763838
3.250350677967072,-0.9520947635173798,-1.5240973830223083,-0.0014802279761668617,0.015007385037571076,200.37889862060547,203.38651275634766,2615.8495483398438,3334.1693115234375,7597.993849217976,5628.965638303799,5.750000000000014,16.687883800930447,-0.024701890846093495,-0.5708303451538086,0.17972314320313157,0.028722873751236618,0.04238089228081609,231,25.326902389526367,15.059742132722036,10.960326273964235
3.003346484899521,-0.8404145538806915,-1.4169034957885742,-0.0011110592334735866,0.01455343570590216,185.23802185058594,188.94586181640625,2354.6700439453125,3143.7235107421875,7663.390087926476,5712.319871091888,5.775000000000015,16.689964930216473,-0.018543547226323023,-0.5781299471855164,0.1653578525461624,0.025785599523879866,0.04062371362644659,232,25.574302673339844,15.453194155457679,11.089217533276718
2.754886651039124,-0.7286692261695862,-1.3082767128944397,-0.0007520638831778606,0.014185561613199745,170.56118774414062,174.849853515625,2093.3543701171875,2950.6944580078125,7722.256839025112,5790.9129588604455,5.800000000000015,16.691891352335613,-0.012553370454245143,-0.5844943523406982,0.15082295181726882,0.022826023402988307,0.038744379101826515,233,25.80097198486328,15.805777182780531,11.307319190042653
2.501113319396973,-0.6171224266290665,-1.1983683109283447,-0.0004044452241638168,0.01361193335915349,156.09888076782227,161.00374221801758,1831.8204040527344,2748.0999145507812,7774.590698278045,5864.680320310644,5.825000000000015,16.693647172715927,-0.00675166594899363,-0.5863731503486633,0.13618204895461167,0.01985728174272794,0.03674821502913603,234,26.0067081451416,16.103634020583723,11.596445678010364
2.2384798258543017,-0.5074313431978226,-1.0882179737091064,-7.583458484659777e-05,0.01252410695526178,142.03347778320312,147.56688690185547,1564.1476745605469,2535.35009765625,7820.386208379367,5933.382818174417,5.850000000000016,16.695215437147354,-0.001266074703178472,-0.5853714346885681,0.12153170019246315,0.01690758740589679,0.03464273235488699,235,26.19143295288086,16.33989601733331,11.93832765035342
1.973158770799637,-0.40032411366701126,-0.9789749979972839,0.00022057087197962898,0.011232393723681186,128.25304794311523,134.62597274780273,1294.5492553710938,2319.532470703125,7859.489900243385,5996.766570615826,5.875000000000016,16.69658025105794,0.0036827795621421603,-0.5834763646125793,0.10691892696881995,0.013981746045875968,0.03243457649823699,236,26.355180740356445,16.513370449610825,12.316425242572432
1.7099872976541521,-0.29497044533491135,-0.8705565333366394,0.00048589390343141024,0.010017066402007332,115.15052795410156,122.19401168823242,1028.277587890625,2104.2454833984375,7891.853631627667,6054.754882383408,5.900000000000016,16.697728898790146,0.008113325263063112,-0.5806511044502258,0.09236362809045204,0.011071913040794367,0.03013214681959279,237,26.498018264770508,16.627065885471705,12.716961976697512
1.4459099918603897,-0.19128756690770388,-0.7632732093334198,0.0007187519381413214,0.008637755456360497,102.75477981567383,110.41457748413086,764.683967590332,1884.5419311523438,7917.560571324937,6107.361019468372,5.925000000000017,16.698647605048286,0.012002186849713326,-0.5748465657234192,0.07791983243797439,0.008183553592521809,0.027748070447591647,238,26.62006187438965,16.68681598438031,13.129330548393154
1.1817827433347703,-0.08905543386936188,-0.6574099659919739,0.0009163718198343675,0.007113432788615597,91.25126266479492,98.99222183227539,501.7790184020996,1663.9786376953125,7936.6776705146995,6154.474567747185,5.950000000000017,16.69932789272732,0.015302798193362024,-0.5683760643005371,0.06362474104286403,0.005314665778940038,0.025296942753363954,239,26.72150993347168,16.70012775297106,13.54605377836053
0.9154571384191513,0.011863403022289276,-0.5538386702537537,0.001070912730226455,0.005280733751693634,80.69977569580078,88.53958511352539,237.2271270751953,1440.9572143554688,7949.222145974756,6196.0740336895715,5.975000000000017,16.69976658291287,0.017883999066220388,-0.5614572763442993,0.04950419905126234,0.002455899147835033,0.022793708647933175,240,26.802593231201172,16.675318878758933,13.96245992354159
0.6511784553527833,0.11200368776917458,-0.452732190489769,0.0011792408387174688,0.0034177508801220523,71.17877197265625,79.04196166992188,-26.946197509765625,1221.2298583984375,7955.152824151641,6232.097964048462,6.000000000000018,16.699963675604927,0.019693287710348766,-0.5559131503105164,0.03554018851391927,-0.0004068029279589451,0.020252264422643565,241,26.863557815551758,16.620947839946567,14.376204968891928
0.3870624512434006,0.21092807661625557,-0.35423743724823,0.0012393196983224873,0.0014284125881336824,62.72309684753418,70.54069900512695,-291.22715759277344,1001.8356323242188,7954.4791692139015,6262.628710508427,6.025000000000018,16.69992234971788,0.02069655391905043,-0.5506640076637268,0.021711119100653754,-0.0032705044856393235,0.017686785168515993,242,26.904605865478516,16.545498975754047,14.786740175684468
0.1253082947805524,0.3085055463016033,-0.258357971906662,0.001249863761652032,-0.0005327941142832866,55.38523292541504,63.093544006347656,-554.8295679092407,786.0202941894531,7947.198490274087,6287.674601316536,6.0500000000000185,16.699646843804253,0.02087229448888037,-0.5468054413795471,0.00799557473108262,-0.006136010666552996,0.015110738574406769,243,26.92592430114746,16.457259878155135,15.194779465814095
-0.13357657324522734,0.4058899059891701,-0.16507815942168236,0.00121270733292176,-0.0024229405787878633,49.18670654296875,56.75210762023926,-814.8105163574219,571.7765655517578,7933.327751076361,6307.325108671276,6.075000000000019,16.699142456054688,0.02025118304623498,-0.5423688888549805,-0.005618087602184819,-0.00902264283119472,0.01253701808506216,244,26.927656173706055,16.364326334425865,15.601789427794593
-0.3913935959339142,0.5036043226718903,-0.07454570569097996,0.0011276531457560047,-0.004339988741379956,44.17657661437988,51.54109001159668,-1076.2916717529297,360.9325752258301,7912.957488167431,6321.619522810074,6.100000000000019,16.698420842488606,0.01883003446790907,-0.5400189757347107,-0.0191423379428934,-0.011943807794774067,0.009977337448089313,245,26.90995216369629,16.274677772293074,16.009503058477282
-0.6479643777012826,0.6014578640460968,0.01342012733221054,0.0009951347440548797,-0.0062099808760900845,40.3403902053833,47.46328926086426,-1339.8179931640625,154.36401748657227,7886.050196373612,6330.642837190724,6.1250000000000195,16.697488360934788,0.01661625587277942,-0.5403000712394714,-0.03264109631839423,-0.014904550609088489,0.007441022408641359,246,26.872892379760742,16.19628421167448,16.41945176901245
-0.9027935892343522,0.6986749768257141,0.09909035265445709,0.0008173825902499076,-0.007943859471664644,37.63688135147095,44.535152435302734,-1604.2686767578125,-48.139503479003906,7852.554746544516,6334.501937627892,6.15000000000002,16.69635560777452,0.013647313333219953,-0.542694628238678,-0.0461751270141764,-0.017896894014361033,0.004934845302146585,247,26.816469192504883,16.13721192997817,16.83250515078166
-1.1512382358312607,0.7956408560276031,0.18285167776048183,0.0006008202600992786,-0.00924566930869827,36.035680294036865,42.69705581665039,-1860.7078247070312,-247.00495529174805,7812.448029625576,6333.298450040921,6.17500000000002,16.695031060112846,0.010030714588032829,-0.5438475012779236,-0.05976520060614792,-0.020923546424614362,0.0024634921477964984,248,26.74060821533203,16.105663433725923,17.24840078839147
-1.3948381453752519,0.8913965821266174,0.26515819132328033,0.00035647974887590886,-0.010244485794937887,35.432682275772095,41.83553171157837,-2111.5038452148438,-442.67920684814453,7765.930334007905,6327.123326158631,6.200000000000021,16.693525314331055,0.005950903933909204,-0.5444528460502625,-0.073368531746921,-0.02395435898377364,3.1675841838654834e-05,249,26.645261764526367,16.109882923138986,17.665259825097312
-1.6343894809484483,0.9851049184799194,0.34618664532899857,9.026790529042348e-05,-0.010992386733410804,35.772881507873535,41.92828702926636,-2357.8551025390625,-635.4176635742188,7713.142737877539,6316.056345987432,6.225000000000021,16.69184790717231,0.0015067381577359305,-0.5447162389755249,-0.0869847084787645,-0.026969349661284867,-0.002356479105130874,250,26.530412673950195,16.15788558755898,18.079111318539457
-1.868460112810135,1.0767399966716766,0.42619946599006653,-0.00019090084524678,-0.011418723453824262,36.843700932338834,42.97353410720825,-2598.2776489257812,-824.0803680419922,7654.1963603140675,6300.170904398081,6.250000000000021,16.690007315741646,-0.003186136535886261,-0.544603705406189,-0.10059964517622544,-0.029961596318908438,-0.004698557894875255,251,26.39605140686035,16.25699022923085,18.483471624789253
-2.094890090823174,1.1672489047050476,0.505643367767334,-0.0004771719533335288,-0.011407107494163392,38.88738161325455,44.94179129600525,-2828.7622680664062,-1008.7066650390625,7589.239419090928,6279.568895197035,6.275000000000022,16.688013076782227,-0.007963052743838893,-0.5426852703094482,-0.11419888586801172,-0.03293591345255251,-0.0069929580388031366,252,26.242185592651367,16.413120818623682,18.869046623854437
-2.3126531064510347,1.2588512301445007,0.5847685784101486,-0.0007571047087675274,-0.010979834506179204,41.870646715164185,47.82330846786499,-3045.061767578125,-1191.6528625488281,7518.520362389273,6254.351228571062,6.300000000000022,16.685881084865994,-0.012632961281471781,-0.5370535254478455,-0.1276978418999997,-0.035911247996956774,-0.00923758723896826,253,26.068893432617188,16.629858734255986,19.223660664773252
-2.5260689139366153,1.348164141178131,0.6635744571685791,-0.0010252125998389376,-0.01044395447999022,45.79263889789581,51.6352813243866,-3256.3404541015625,-1371.658203125,7442.393818199825,6224.559907007345,6.325000000000022,16.683625115288628,-0.01710426786707507,-0.5309253931045532,-0.14104818522078286,-0.03882221414587328,-0.011430137595808774,254,25.87636375427246,16.90728573692919,19.532546872011647
-2.7350547134876253,1.4357711672782898,0.7419870793819427,-0.00127832460531914,-0.009811308079474288,50.66826769709587,56.39788866043091,-3461.7403564453125,-1549.4206237792969,7360.98530684729,6190.268451929224,6.350000000000023,16.68126000298394,-0.021324077000220616,-0.5236043930053711,-0.15423268018468134,-0.0416751670755127,-0.013569925113849392,255,25.66481590270996,17.240749231787856,19.779121039502332
-2.9392699599266052,1.5222488641738892,0.8197427988052368,-0.001515044126081794,-0.009098877117769863,56.5357780456543,62.11553192138672,-3660.0555419921875,-1725.5103149414062,7274.441797936162,6151.5329363347455,6.375000000000023,16.67880376180013,-0.025269142869446013,-0.5145077705383301,-0.16721603990725156,-0.04447523753216263,-0.01565805666941818,256,25.434513092041016,17.61973201244213,19.946338790893012
-3.1344458639621737,1.607756495475769,0.8971924781799316,-0.0017297569376687415,-0.008077045094047077,63.443565368652344,68.83755779266357,-3849.4261474609375,-1893.9564819335938,7182.940409386362,6108.3951784612145,6.4000000000000234,16.676275465223526,-0.028845930678976908,-0.5059924125671387,-0.17997184915943135,-0.04722257115744518,-0.017696378790224083,257,25.18577003479004,18.027069316921846,20.01869034527367
-3.3207010030746464,1.6942595839500427,0.97465980052948,-0.0019149147729024519,-0.006775942139029354,71.38624858856201,76.21257781982422,-4024.363037109375,-2060.4475708007812,7086.704755699843,6061.046266412878,6.425000000000024,16.673695246378582,-0.03192874292532603,-0.49398094415664673,-0.1924740422520515,-0.04993273912135892,-0.019685094334240753,258,24.918912887573242,18.438838700143844,19.98476159699479
-3.5028509080410006,1.77853262424469,1.0519842207431793,-0.0020686890492024224,-0.0055371748385735975,80.36468887329102,84.74011898040771,-4194.9910888671875,-2223.6716918945312,6986.095679772113,6009.535077142862,6.450000000000024,16.671086417304146,-0.0344873426689042,-0.48191818594932556,-0.20466917287098554,-0.05254758672419384,-0.021623382506897854,259,24.634355545043945,18.82526171222477,19.840153953001547
-3.6809496104717256,1.8609594106674194,1.1289994716644287,-0.0021917990021150017,-0.004356101126049261,90.26803302764893,94.16910648345947,-4361.0423583984375,-2383.9923095703125,6881.220902550437,5953.943284845503,6.4750000000000245,16.668470170762802,-0.03653399646282196,-0.46948882937431335,-0.2165646146435016,-0.05507549252041068,-0.023511447206466342,260,24.33253288269043,19.152899002756946,19.590350148542765
-3.853876173496247,1.942462146282196,1.2054272294044495,-0.0022862613779949773,-0.0032014223567897807,101.08009338378906,104.43326568603516,-4518.9637451171875,-2542.8998413085938,6772.194843590481,5894.343477106248,6.500000000000025,16.665864520602756,-0.03810259203116099,-0.45487967133522034,-0.22812686167413512,-0.0575320339217918,-0.02535081142819461,261,24.013887405395508,19.388252337801383,19.252920703827023
-4.021313416957856,2.0219079852104187,1.2808712124824524,-0.0023523449636574465,-0.002108565595299993,112.7256088256836,115.45684242248535,-4669.821044921875,-2698.7413940429688,6659.220749962555,5830.770981073538,6.525000000000025,16.663292778862846,-0.03919788532786899,-0.4392622709274292,-0.2393001873170762,-0.05989429317880031,-0.027143297772953677,262,23.678939819335938,19.50262837177104,18.858380504000547
-4.176993089914323,2.100253701210022,1.3558539152145386,-0.00238751455458033,-0.0006724310103395442,125.12013053894043,127.25281143188477,-4809.281982421875,-2844.359375,6542.475223839511,5763.302446222468,6.550000000000026,16.660772959391277,-0.039777917166550956,-0.42478451132774353,-0.25011280443512285,-0.06217432109536882,-0.028889884120206308,263,23.32823371887207,19.4777407634097,18.44897336519359
-4.326128804683686,2.1769295930862427,1.4306612610816956,-0.0023860362921158756,0.0007651393149331879,138.15080070495605,139.6389923095703,-4940.1783447265625,-2986.4678955078125,6422.243174278968,5692.193461847472,6.575000000000026,16.658329433865017,-0.03974745257033242,-0.40913283824920654,-0.26053165654124444,-0.06435239779586313,-0.03058863135578379,264,22.962299346923828,19.31110208307385,18.0748705033842
-4.4707714259624485,2.2513294219970703,1.5050796866416931,-0.0023495117139586846,0.002094063850926671,151.6659698486328,152.5228385925293,-5066.64013671875,-3124.7052612304688,6298.738715660807,5617.53176445978,6.600000000000026,16.655975977579754,-0.03913348333703147,-0.393754780292511,-0.2705709083234889,-0.06642150335409737,-0.03223703236319116,265,22.581695556640625,19.019967247615952,17.78772783847775
-4.611113715171815,2.323503255844116,1.5787375569343567,-0.0022821875737649966,0.003277072516430519,165.4323959350586,165.43268203735352,-5186.3193359375,-3261.7796630859375,6172.072712242842,5539.414132929021,6.625000000000027,16.653722127278645,-0.038006984525256686,-0.37649211287498474,-0.28020682435864086,-0.06838645226597968,-0.033834261146371586,266,22.186975479125977,18.642471448134607,17.63216582032853
-4.745517784357071,2.3932435512542725,1.6510621905326843,-0.0021860305535819978,0.004354350825840644,179.60650634765625,178.5790138244629,-5297.3328857421875,-3396.5562744140625,6042.414728844407,5457.869641351876,6.650000000000027,16.65157741970486,-0.03640091253651513,-0.357087641954422,-0.2893779189150331,-0.070242267749223,-0.03538083577338086,267,21.77875518798828,18.234814619462625,17.6364480060513
-4.875426715612412,2.459899425506592,1.7216348052024841,-0.0020658206894697577,0.005211903000934045,193.87286758422852,191.81300354003906,-5403.2803955078125,-3528.102783203125,5909.981406700856,5372.955734491528,6.675000000000027,16.649550331963432,-0.03439503411451975,-0.337251752614975,-0.2980581928825238,-0.0719792022181187,-0.03687737834200487,268,21.35772705078125,17.863951803287044,17.804303361891176
-4.992821049690247,2.5236035585403442,1.7907401323318481,-0.0019219229957436984,0.0063605124156662605,208.12800979614258,205.13430786132812,-5499.24609375,-3646.6435546875,5774.899396813164,5284.7531649114535,6.700000000000028,16.647650400797527,-0.031995541519588895,-0.32014667987823486,-0.30628383196242426,-0.0736012628978695,-0.038324535917164726,269,20.92457389831543,17.596274348729576,18.11022851684811
-5.0998351812362674,2.5847281217575073,1.8592436909675598,-0.0017453340893767784,0.007710821953161052,222.3108139038086,218.41068267822266,-5584.568115234375,-3756.74609375,5637.418244469416,5193.587076044269,6.725000000000028,16.645889282226562,-0.029052665664090052,-0.3033507466316223,-0.3140790376311407,-0.07510336897645825,-0.03971962869301353,270,20.479921340942383,17.484063176520422,18.500346204905586
-5.203389537334442,2.642743945121765,1.9269517660140991,-0.001537660969624427,0.008840891709546843,236.31048583984375,231.4949493408203,-5665.10693359375,-3865.2449951171875,5497.804041588559,5099.668423700523,6.750000000000028,16.644270155164932,-0.02559326382146941,-0.2855478525161743,-0.32144301094034605,-0.07647952418024308,-0.04105822084186062,271,20.024383544921875,17.55258005325811,18.899903892920154
-5.3030775666236885,2.697129726409912,1.9931769371032715,-0.0013046636326040789,0.00974661719182328,250.03136444091797,244.29136657714844,-5740.4710693359375,-3971.7969970703125,5356.176368248717,5003.037298822596,6.775000000000029,16.64279407925076,-0.02171325807770093,-0.2667226195335388,-0.3283485543574079,-0.07772789758597454,-0.04233854801948383,272,19.558595657348633,17.791194463236845,19.226982037608686
-5.3962631106376655,2.747823476791382,2.0573198795318604,-0.0010505255688923693,0.010550857511216283,263.3808822631836,256.73059844970703,-5806.9190673828125,-4075.3135986328125,5212.664591515321,4903.742373895841,6.800000000000029,16.64145999484592,-0.017482286526097193,-0.24592381715774536,-0.3347607471825325,-0.07884992896511694,-0.04356123440426363,273,19.083234786987305,18.151682229994083,19.4101843599461
-5.484067106246949,2.794450521469116,2.119098663330078,-0.0007786452347153075,0.011152119182464013,276.3231735229492,268.76573181152344,-5867.3203125,-4174.990234375,5067.491614830753,4801.859533930024,6.8250000000000295,16.64027214050293,-0.012956871133711603,-0.22459764778614044,-0.3406429043717042,-0.0798393016324598,-0.044727320293500836,274,18.599040985107422,18.55556778007399,19.406418510053722
-5.566431140899659,2.8366963863372803,2.17804491519928,-0.0004943946603157065,0.011542203622538768,288.78736877441406,280.20751953125,-5922.31298828125,-4270.09326171875,4920.808607018254,4697.484778070651,6.85000000000003,16.63922839694553,-0.008226346431507004,-0.20334728062152863,-0.3459911643413422,-0.0806958075285429,-0.04583802491563201,275,18.10677719116211,18.910172677200915,19.21394958708591
-5.636605060100556,2.874270796775818,2.234834909439087,-0.000197578188527787,0.012202866269662873,300.8391876220703,291.1867370605469,-5971.2822265625,-4348.869873046875,4772.750782311225,4590.732446527685,6.87500000000003,16.63832770453559,-0.003287370523644818,-0.18742454051971436,-0.3508747027007614,-0.081417823789577,-0.04689414305779496,276,17.6071720123291,19.130349998387693,18.876325175102593
-5.701472783088684,2.90714168548584,2.2899686098098755,0.0001153603556980509,0.01277982555566633,312.35950469970703,301.6937789916992,-6013.5963134765625,-4424.5670166015625,4623.468726647164,4482.0106997015155,6.9000000000000306,16.63757218254937,0.001919316127896309,-0.1704738438129425,-0.35535403978573377,-0.08200390648290859,-0.047893847957929475,277,17.100830078125,19.160607440698733,18.47475761564743
-5.760909307003022,2.9351505041122437,2.3429473638534546,0.0004407604424892196,0.013236645067588187,323.26956939697266,311.6925354003906,-6048.084228515625,-4498.1319580078125,4473.128818810251,4371.396524286479,6.925000000000031,16.63696183098687,0.007332915233241187,-0.15162692964076996,-0.3593860656761137,-0.08245358123296846,-0.04883563742673317,278,16.588359832763672,18.99145305852496,18.109671763498223
-5.813130128383637,2.958425998687744,2.393325924873352,0.0007774360191402759,0.013637227147725438,333.5753173828125,321.1289596557617,-6073.1546630859375,-4567.8865966796875,4321.926713097361,4258.943225336286,6.950000000000031,16.636500888400608,0.012933818830384148,-0.13102588057518005,-0.3629195810999445,-0.0827658951274291,-0.049719049572204486,279,16.07044219970703,18.664697983758664,17.875385401638493
-5.860101997852325,2.976826786994934,2.4407776594161987,0.0011215567434989199,0.013837969156673966,343.2651672363281,329.94419860839844,-6092.553955078125,-4633.703125,4170.097846520213,4144.746060419296,6.975000000000032,16.63619041442871,0.01865843931833903,-0.11007194966077805,-0.3659331808999645,-0.0829412434792648,-0.05054364330828788,280,15.547807693481445,18.264983605775697,17.834426656848134
-5.901476192474366,2.9899932146072388,2.484920859336853,0.0014682481725250337,0.01385092397896098,352.30699157714844,338.17822265625,-6106.0592041015625,-4695.1710205078125,4017.783997643261,4028.9034822942976,7.000000000000032,16.636030409071182,0.024425838556554582,-0.0888652428984642,-0.3684192750670671,-0.08297832383625495,-0.051309743207741204,281,15.021211624145508,17.8986516880416,17.99896931790582
-5.936897563934327,2.9976004362106323,2.5254710912704468,0.0018130121907270673,0.013691638857747119,360.6609344482422,345.79232025146484,-6113.4603271484375,-4751.8592529296875,3865.1325175407223,3911.5242067816043,7.025000000000032,16.636021931966145,0.030161343100998137,-0.06750369071960449,-0.37037283688469474,-0.08287572971644885,-0.05201812325175627,282,14.491413116455078,17.66515995585286,18.32548718166354
-5.965822875499725,2.9995486736297607,2.5621098279953003,0.002151770052462862,0.013391177070434636,368.3152160644531,352.74969482421875,-6114.56396484375,-4802.97119140625,3712.296009362012,3792.727725458364,7.050000000000033,16.636164983113606,0.03579725821812948,-0.04626084491610527,-0.37179176911348893,-0.08263528788190673,-0.05266955742152487,283,13.959179878234863,17.629049106799208,18.72514075175787
-5.987481665611267,2.9956547021865845,2.594987154006958,0.00248205365238624,0.01300821346538394,375.2373046875,359.0486297607422,-6109.226806640625,-4847.245361328125,3559.431910240918,3672.6534456732097,7.075000000000033,16.636463801066082,0.041292678150865764,-0.025626037269830704,-0.3726898203225773,-0.08225641992732934,-0.05326432035553442,284,13.42526912689209,17.80088724042267,19.087672229132405
-6.002820217609406,2.9858509302139282,2.623843193054199,0.0028009453466799118,0.012487677824381939,381.39678955078125,364.6660461425781,-6097.3233642578125,-4886.547607421875,3406.701240074902,3551.4723116400082,7.100000000000033,16.636918385823567,0.0465992217262586,-0.00473980326205492,-0.37306848854007296,-0.0817405905913162,-0.0538019917736754,285,12.890426635742188,18.133300078751308,19.312227668403494
-6.010843765735626,2.969915747642517,2.64851975440979,0.0031053347764516113,0.011884609156722698,386.74334716796875,369.5637512207031,-6078.69091796875,-4919.2266845703125,3254.2681559684565,3429.308621454463,7.125000000000034,16.637530856662327,0.05166526883840561,0.015728892758488655,-0.3729251106048858,-0.08108672212586371,-0.05428200575421617,286,12.355401992797852,18.533745443344856,19.33607897917174
-6.011121225357056,2.9479238986968994,2.669174313545227,0.003394640675584509,0.011253512799184975,391.2613067626953,373.7306365966797,-6053.2935791015625,-4944.5357666015625,3102.300883019237,3306.327954340206,7.150000000000034,16.638303332858616,0.0564812786049313,0.03546476736664772,-0.3722844872046672,-0.0802977232022249,-0.0547033053550991,287,11.820928573608398,18.89053807520996,19.15260770130468
-6.005150878429413,2.919832706451416,2.6855968236923218,0.003666576730685746,0.01049970921382725,394.867919921875,377.12548828125,-6021.1488037109375,-4965.211669921875,2950.9685435416973,3182.7145601751677,7.1750000000000345,16.639234754774307,0.06100930687454012,0.0556630901992321,-0.37114455438957245,-0.07937529990797312,-0.055064384225832604,288,11.287718772888184,19.104470214260395,18.813097229611877
-5.99216343164444,2.885507345199585,2.697501063346863,0.0039181580687249655,0.009655132406892555,397.5471954345703,379.7322692871094,-5981.0294189453125,-4981.0751953125,2800.4398234489227,3058.5842684271215,7.200000000000035,16.640325122409397,0.0651997576157252,0.07672852277755737,-0.3694926288549099,-0.07831971023683898,-0.05536425200338632,289,10.756500244140625,19.116638923390106,18.411858374585044
-5.970202064514161,2.8454142808914185,2.7046533823013306,0.00414885543845038,0.008797596616481641,399.24842834472656,381.4861755371094,-5929.58740234375,-4991.88818359375,2650.9140879752886,2934.0573885443096,7.225000000000035,16.641576555040146,0.06904388881391949,0.09976565092802048,-0.36728540094345224,-0.07713486986786273,-0.055601901679973066,290,10.228034973144531,18.924353866862926,18.059282720665113
-5.941356778144836,2.7995296716690063,2.706787347793579,0.004355976030298837,0.00777286164314094,399.84300231933594,382.2577667236328,-5870.968017578125,-4997.3607177734375,2502.674402916693,2809.2601839544664,7.2500000000000355,16.64298481411404,0.07249689764446682,0.1231541708111763,-0.3644977037828982,-0.07582098686050454,-0.05577560220088428,291,9.703145027160645,18.580753013900782,17.850950947364773
-5.9054762840271,2.747757315635681,2.703529119491577,0.004535410149783479,0.00658368479486625,399.21624755859375,381.93983459472656,-5805.37353515625,-4997.027587890625,2355.9002024772376,2684.3261660101307,7.275000000000036,16.6445435418023,0.07549035052458446,0.14663197100162506,-0.3611244440776629,-0.0743807743101249,-0.05588392211703405,292,9.182668685913086,18.17875808902888,17.84187959118091
-5.8610920906066895,2.690086841583252,2.6947107315063477,0.004683594258500372,0.005317508261277345,397.3093566894531,380.4791259765625,-5730.45361328125,-4990.54833984375,2210.765864098329,2559.400476312865,7.300000000000036,16.646241082085503,0.07796481251716614,0.17095832526683807,-0.3571610611643798,-0.07281728236840981,-0.055925862743013595,293,8.667447090148926,17.824669127659455,18.03308343526896
-5.807315158843995,2.6269314289093018,2.6800923347473145,0.004799966075758429,0.003991566907831104,394.12339782714844,377.85772705078125,-5644.85498046875,-4977.64697265625,2067.5045237662953,2434.636767816771,7.325000000000037,16.648070017496746,0.07991078827116224,0.19653572142124176,-0.35256754104767024,-0.0711336152825049,-0.055899963501412575,294,8.158355712890625,17.609475114351312,18.373557679970542
-5.745758843421936,2.5581458806991577,2.6594172716140747,0.004880963103451016,0.0024957499465744085,389.66551208496094,374.0948181152344,-5551.874267578125,-4957.9910888671875,1926.3831492545735,2310.1955935003643,7.350000000000037,16.65001975165473,0.08126877248287201,0.22195760905742645,-0.3473364934555093,-0.06933042427852049,-0.05580403560671008,295,7.656309604644775,17.586032189378,18.77606558418042
-5.676151525974274,2.483642816543579,2.6324639320373535,0.004922606724551179,0.0008506446010160078,383.97283935546875,369.22698974609375,-5451.289794921875,-4931.300537109375,1787.586292565117,2186.245816278684,7.375000000000037,16.652075449625652,0.08197228113810222,0.2472040206193924,-0.3414723126036957,-0.06741127757619833,-0.055636327198251546,296,7.162220001220703,17.757898556614073,19.141292937545142
-5.595993149280549,2.4034587144851685,2.599174737930298,0.004922312320415049,-0.0007858247164997004,377.0940246582031,363.2947082519531,-5341.8883056640625,-4894.203125,1651.3040476920664,2062.9633028509484,7.400000000000038,16.65422757466634,0.08197797669304742,0.2712271511554718,-0.33499047811606547,-0.06538033012295788,-0.055395531662627145,297,6.676990985870361,18.081737641833218,19.383073770360475
-5.5004565000534065,2.3190789222717285,2.5599279403686523,0.0048859091969677285,-0.0021245392303168016,369.1412811279297,356.3670349121094,-5213.6500244140625,-4847.8460693359375,1517.7568400504608,1940.608224725947,7.425000000000038,16.656469768948025,0.08138264218966167,0.2979889214038849,-0.3278749111575373,-0.06325351719285299,-0.055079114835612106,298,6.201506614685059,18.48118216584386,19.44792586535169
-5.393173670768738,2.2310253381729126,2.5147464275360107,0.004815741144027945,-0.003430435225110855,359.8675994873047,348.5311279296875,-5073.4755859375,-4792.009765625,1387.4155894401044,1819.4120729925467,7.450000000000038,16.65879037645128,0.08022503720389472,0.32489922642707825,-0.3200897922114495,-0.06103247413324053,-0.054682033355892085,299,5.7367119789123535,18.8672061334901,19.32459447895146
-5.276815867424012,2.1385905742645264,2.46352481842041,0.004711944440542106,-0.004858946251376627,349.7504119873047,339.8775939941406,-4925.2900390625,-4727.6365966796875,1260.5786997916616,1699.6118288519194,7.475000000000039,16.66118092007107,0.07850713200039333,0.35111647844314575,-0.3116398150992235,-0.058707322280952,-0.05419906076982781,300,5.283568382263184,19.15905397953904,19.042561182600497
-5.1521407008171085,2.041694402694702,2.405975103378296,0.004570432798712623,-0.006437541749453551,338.7301788330078,330.38233184814453,-4769.9832763671875,-4655.225830078125,1137.4464488150934,1581.4209139349248,7.500000000000039,16.66362550523546,0.07616051369243199,0.376516193151474,-0.3025446539234121,-0.05628528337984961,-0.053626797385840225,301,4.843018054962158,19.300548603627576,18.6614894162943
-5.018849098682404,1.9400853514671326,2.3417599201202393,0.004387956329771756,-0.00813421151132131,326.8688278198242,320.0236511230469,-4607.1322021484375,-4574.647705078125,1018.1968669059077,1465.0402681829687,7.525000000000039,16.666111416286892,0.07313063575161828,0.4012417793273926,-0.29282291752213235,-0.05376888743296896,-0.05296416961711488,302,4.41597318649292,19.268647944091118,18.255584550005906
-4.867774963378906,1.8381548523902893,2.27104651927948,0.004167558163398707,-0.009443999908503515,314.5272903442383,308.9729232788086,-4420.328125,-4485.469970703125,903.0185618521904,1350.6740755560124,7.55000000000004,16.668626997205948,0.06946787238121033,0.43022075295448303,-0.2824299646576118,-0.0512232882602599,-0.05221069060451501,303,4.00335168838501,19.07366785479088,17.89736964918172
-4.70636647939682,1.7330150604248047,2.1940277814865112,0.003914131337947846,-0.010837492707103671,301.6624221801758,297.24085235595703,-4224.4566650390625,-4386.47607421875,792.5103587271831,1238.537326288431,7.57500000000004,16.671166949801975,0.06525347216261758,0.4580915868282318,-0.27132296837057046,-0.04859074936152737,-0.051362656889649715,304,3.60616397857666,18.752726731651936,17.644566941315457
-4.5344355583190925,1.6246855854988098,2.1106401681900024,0.003623747690811307,-0.01228284952763582,288.1837158203125,284.7666015625,-4022.3360595703125,-4274.5069580078125,686.8989421011987,1128.8754244329582,7.6000000000000405,16.67371431986491,0.06042159679863188,0.48252737522125244,-0.25954224226200956,-0.045878161666091946,-0.05041566177315276,305,3.2254106998443604,18.35916253781931,17.532269287753643
-4.3461248815059665,1.5132317543029785,2.0224639177322388,0.003304397225407977,-0.013230442815080744,273.6252899169922,271.9121856689453,-3813.8509521484375,-4138.95947265625,586.3405406119329,1022.0127504827584,7.625000000000041,16.676243676079643,0.05510513153341082,0.4985167980194092,-0.24727625491332264,-0.04309234328246315,-0.04936537345706356,306,2.861942768096924,17.950990823991873,17.570942618168672
-4.144668167829514,1.4033929705619812,1.9303874969482422,0.0029648278017403865,-0.013808957345548914,259.2842559814453,258.7228012084961,-3588.45654296875,-3996.2196044921875,490.9942668082134,918.5387636663465,7.650000000000041,16.678742302788628,0.049449743496047124,0.5166856646537781,-0.23459716134529396,-0.040309572969925725,-0.048205616736604485,307,2.5163681507110596,17.581038162753547,17.74933794050729
-3.9347264468669896,1.2922301888465881,1.834411859512329,0.0026130166795854883,-0.014346435268391945,244.70159912109375,245.12140655517578,-3353.71533203125,-3847.2900390625,401.28285323398546,818.633273554036,7.675000000000042,16.68119960361057,0.043588351044389934,0.5349547266960144,-0.2214492182673568,-0.037472846597584375,-0.046930124860835455,308,2.1893279552459717,17.29028158621912,18.04042593617164
-3.7192314445972445,1.179322212934494,1.7343789339065552,0.0022462726098260812,-0.014996010426883996,229.9071044921875,231.2032928466797,-3115.013916015625,-3692.149169921875,317.4399699331946,722.4510225774675,7.700000000000042,16.68359120686849,0.03747595681084527,0.5519932508468628,-0.20785949005408916,-0.034581270550057705,-0.045534898926932146,309,1.8814769983291626,17.10473284262956,18.408411329547942
-3.4933848619461063,1.0645945370197296,1.6303108930587769,0.0018647987105101492,-0.01541246848412894,214.95355224609375,217.11821746826172,-2872.3194580078125,-3522.0352783203125,239.56462203279403,630.1472933294141,7.725000000000042,16.685895919799805,0.03111587216456731,0.5635036826133728,-0.19389452244322933,-0.03164232352464125,-0.04401979745446165,310,1.5934114456176758,17.035427864638038,18.81534064083546
-3.250673991441727,0.9521951377391815,1.5242993235588074,0.001482951864611876,-0.01502118354096905,200.1376495361328,203.15025329589844,-2616.1223754882812,-3334.49658203125,167.7566355825886,542.0964113713992,7.750000000000043,16.688094668918186,0.024747658107015822,0.5708776116371155,-0.17972640557546693,-0.028721871944935935,-0.042384911989586424,311,1.3255397081375122,17.080671877294623,19.226286123750498
-3.003632414340973,0.8405032455921173,1.4170811772346497,0.0011134490564478775,-0.01456637388343236,185.00225830078125,188.7155303955078,-2354.91162109375,-3144.0130615234375,102.35357619537062,458.73399682060995,7.775000000000043,16.690168380737305,0.018583662394020293,0.5781715512275696,-0.16535998307503447,-0.02578462892649821,-0.04062754608170278,312,1.0781363248825073,17.229491202977147,19.61264663249177
-2.7551378250122074,0.7287459373474121,1.3084322214126587,0.0007541415519433265,-0.014197618658916158,170.33087921142578,174.6246566772461,-2093.5662841796875,-2950.9486083984375,43.48078566801574,380.1336702825159,7.800000000000043,16.692088445027668,0.01258819984893004,0.5845305919647217,-0.15082411695024572,-0.022825061127985054,-0.03874799933643334,313,0.8514634966850281,17.46531943694673,19.953633756022914
-2.501337039470673,0.6171873509883881,1.1985018253326416,0.00040622214948147605,-0.013623572205354977,155.87408065795898,160.78364181518555,-1832.0034790039062,-2748.3320922851562,-8.858371436487587,306.3599550725467,7.825000000000044,16.69383790757921,0.006781407218012545,0.5864104628562927,-0.1361822320469366,-0.019856318427427386,-0.03675160223714747,314,0.645727276802063,17.769285953352362,20.236337091978456
-2.2386785745620728,0.5074835270643234,1.0883301496505737,7.732221811408188e-05,-0.012535407704840502,141.81420135498047,147.35199737548828,-1564.3077087402344,-2535.5587158203125,-54.658458411596634,237.65165276540898,7.850000000000044,16.695399814181858,0.00129092523517708,0.5854068994522095,-0.12153095117840655,-0.016906604324947522,-0.03464585740797863,315,0.4610021710395813,18.122793494747377,20.454830349458316
-1.9733233481645585,0.4003658890724182,0.9790671467781067,-0.00021935281387754047,-0.011242682263986219,128.0398292541504,134.41634368896484,-1294.6800842285156,-2319.7069091796875,-93.76615113011414,174.2626848698919,7.875000000000044,16.696759329901802,-0.0036624811279277005,0.58350670337677,-0.10691734571692273,-0.013980772847751058,-0.03243742275165202,316,0.29725730419158936,18.509262422225543,20.60876780714419
-1.710123983025551,0.2950029596686363,0.8706304728984833,-0.00048492090036224435,-0.010026525825363617,114.94311904907227,121.98956680297852,-1028.3824005126953,-2104.3941040039062,-126.133153235839,116.27001214039012,7.900000000000045,16.69790161980523,-0.00809716215978066,0.5806789994239807,-0.09236134775876866,-0.011070958568020872,-0.030134699709168985,317,0.15442253649234772,18.91508767051822,20.70185851016236
-1.4460179090499878,0.1913123680278659,0.7633299827575684,-0.0007180048746421756,-0.008646348832213857,102.55317306518555,110.21521759033203,-764.7660751342773,-1884.659912109375,-151.84271324866822,63.660159540282905,7.925000000000045,16.698815027872723,-0.011989833373162482,0.5748686790466309,-0.07791692792791051,-0.008182635530153842,-0.0277503133285722,318,0.03238188102841377,19.329973914442082,20.74047046812004
-1.1818667113780976,0.08907361328601837,0.6574511826038361,-0.0009158294348291566,-0.007121254263871753,91.05522918701172,98.7985725402832,-501.8424377441406,-1664.0708618164062,-170.96186512703684,16.54366173753877,7.9500000000000455,16.69949001736111,-0.015293888540731536,0.5683932304382324,-0.06362135383485258,-0.00531379914626988,-0.025298869383965056,319,-0.06906093657016754,19.746837364373192,20.73248343902632
-0.9155170112848282,-0.011851102113723755,0.5538657754659653,-0.0010705541527505815,-0.005287629362352067,80.50924682617188,88.35139083862305,-237.27252197265625,-1441.0225830078125,-183.50792607065227,-25.05810980788138,7.975000000000046,16.69992340935601,-0.017878179334931903,0.5614687204360962,-0.04950044981979022,-0.0024550943478356922,-0.02279531694756023,320,-0.15013907849788666,20.16143745156909,20.68644341100353
-0.651217007637024,-0.11199678108096123,0.4527468979358673,-0.0011790425320445015,-0.0034237788828316083,70.99356842041016,78.85902786254883,26.91729736328125,-1221.2720947265625,-189.43973911998066,-61.0836743830868,8.000000000000046,16.700115203857422,-0.019690156396892335,0.5559199452400208,-0.035536218739419374,0.00040754335956279817,-0.02025356063308038,321,-0.21109692752361298,20.571870633328533,20.61101777852514
-0.38708066865801816,-0.21092629275517538,0.35424143821001053,-0.0012392589709675525,-0.0014334396948026947,62.54309844970703,70.36286163330078,291.21388244628906,-1001.8557434082031,-188.76680668591084,-91.61547675126101,8.025000000000047,16.70006857977973,-0.020695719867944717,0.5506663918495178,-0.02170704113523457,0.0032711836372303006,-0.017687777612140968,322,-0.252140611410141,20.97802230931703,20.514707733075536
-0.1253077745437622,-0.3085084445774555,0.25835296511650085,-0.001249916296665723,0.0005287594187299583,55.21028709411621,62.92065238952637,554.8314900398254,-786.0206298828125,-181.4864596247658,-116.66187033647623,8.050000000000047,16.699787775675457,-0.020873347918192547,0.5468043684959412,-0.007991483761947176,0.0061366321141530684,-0.015111442855679419,323,-0.27345195412635803,21.381028806405187,20.405753734528336
0.133594005741179,-0.4058971405029297,0.16506586596369743,-0.0012128485532803452,0.0024198553170679793,49.01666831970215,56.58393669128418,814.8263549804688,-571.7593841552734,-167.61567237378236,-136.3123860835565,8.075000000000047,16.69927914937337,-0.020253707965215046,0.542364776134491,0.00562211043184706,0.009023213954412865,-0.012537456050225802,324,-0.2751791179180145,21.782768200928743,20.29216627952451
0.3914259418845177,-0.5036156475543976,0.07452771626412868,-0.001127859904844541,0.004337808538311778,44.011207580566406,51.377424240112305,1076.3211059570312,-360.9010925292969,-147.24501349928266,-150.60637068744825,8.100000000000048,16.698552237616646,-0.018833637651469972,0.540013313293457,0.019146236977176847,0.011944340947140733,-0.009977531983684566,325,-0.2574683427810669,22.18537851891878,20.18182594858711
0.6480097934603691,-0.6014730781316757,-0.01344241201877594,-0.0009953852606486315,0.006208629529896329,40.1794490814209,47.303932189941406,1339.8604431152344,-154.32114028930664,-120.33698585036942,-159.62889800069078,8.125000000000048,16.697616577148438,-0.01662056686149703,0.5402939319610596,0.03264484554986636,0.014905058274171285,-0.007441001082546693,326,-0.22040331363677979,22.590795906924864,20.082614413034957
0.9028503224253656,-0.6986936628818512,-0.09911571349948645,-0.0008176572937559033,0.00794324101491931,37.480231285095215,44.37973117828369,1604.3233337402344,48.191375732421875,-86.8404747725012,-163.48692650793336,8.150000000000048,16.696478525797527,-0.01365200099017885,0.5426888465881348,0.04617872644283721,0.01789738919587622,-0.004934636722537772,327,-0.16397562623023987,23.00030017902734,20.00254270485242
1.151303292810917,-0.7956626713275909,-0.18287910893559456,-0.000601103351002262,0.00924560689086022,35.8826847076416,42.544986724853516,1860.7717895507812,247.06335067749023,-46.73239142900802,-162.28214211463253,8.175000000000049,16.695149739583332,-0.010035511934094958,0.543842077255249,0.05976865439318662,0.020924039525534947,-0.0024631244027006616,328,-0.08810920268297195,23.414047546107255,19.949816177516812
1.394910138845444,-0.8914208114147186,-0.2651869133114815,-0.00035675822345962005,0.010244877987020293,35.28288459777832,41.68646049499512,2111.5767211914062,442.7416534423828,-0.21309669025078648,-156.10555834770483,8.200000000000049,16.693640814887154,-0.0059555936604738235,0.5444487929344177,0.073371869020662,0.02395485312499153,-3.117867319307722e-05,329,0.007241805549710989,23.830581928928336,19.932764242934358
1.6344664394855501,-0.985131025314331,-0.346216082572937,-9.053232773325103e-05,0.010993088934088851,35.62597846984863,41.781925678253174,2357.9351196289062,635.4825134277344,52.576321339522345,-145.03701701165465,8.22500000000005,16.691959169175888,-0.001511161939965354,0.5447136163711548,0.08698796252872144,0.026969847963691958,0.0023570777962274914,330,0.12209612131118774,24.24634601055622,19.959594234340212
1.8685395538806917,-1.0767673552036285,-0.42622925341129303,0.00019065601777889198,0.011419560893151416,36.7009482383728,42.82972717285156,2598.3626098632812,824.1451416015625,111.52469933023275,-129.1499541759709,8.25000000000005,16.690114339192707,0.0031820707954466343,0.5446030497550964,0.10060285761429034,0.02996210086309933,0.0046992314873775315,331,0.2564621567726135,24.65523740127062,20.037946188564852
2.0949698239564896,-1.1672770977020264,-0.5056733936071396,0.00047694776926520376,0.01140792412754453,38.74653398990631,44.80050802230835,2828.8486328125,1008.7710571289062,176.48376457680283,-108.54632563594122,8.27500000000005,16.68811586168077,0.007959360567231974,0.5426849722862244,0.1142020733389414,0.03293642631912181,0.006993682605873152,332,0.4103323519229889,25.04827568527115,20.17421014114386
2.3127316713333133,-1.2588800191879272,-0.5847987085580826,0.0007568991200134545,0.010980551271019464,41.73287034034729,47.68479537963867,3045.1474609375,1191.7162170410156,247.20498039710387,-83.32704920772774,8.30000000000005,16.68597963121202,0.012629605415794585,0.5370537042617798,0.127701021048551,0.03591176086352607,0.009238340414214048,333,0.5836290717124939,25.41348310640055,20.372583518327303
2.5261451423168184,-1.348192036151886,-0.6636046767234802,0.0010250226155443768,0.010444486071910935,45.658163249492645,51.499837160110474,3256.425048828125,1371.7190551757812,323.3336669205306,-53.53414378171145,8.32500000000005,16.683719423082138,0.017101196572184563,0.5309262275695801,0.14105138101409095,0.03882270724679387,0.011430900133730269,334,0.7761640548706055,25.73611541511281,20.633900811890967
2.735128897428513,-1.4357979893684387,-0.7420174181461334,0.0012781455441462377,0.009811642014907848,50.53741426765919,56.265881061553955,3461.8221435546875,1549.4799499511719,404.74429314122324,-19.24116740232587,8.350000000000051,16.681351131863064,0.02132120645708508,0.5236049890518188,0.15423590926750305,0.04167563728989267,0.013570680369689782,335,0.9877156019210815,25.999372254011373,20.95436048685725
2.939340054988861,-1.5222759246826172,-0.8197732269763947,0.0015148702663953957,0.009098945777391718,56.408878564834595,61.9876127243042,3660.1322021484375,1725.5678100585938,491.28984673007983,19.49583134644427,8.375000000000052,16.678890652126736,0.025266375806596544,0.5145074129104614,0.16721926899007328,0.044475707746542595,0.015658792159609854,336,1.2180224657058716,26.185694840070965,21.3243272001361
3.134512454271317,-1.6077829003334045,-0.8972232043743134,0.0017295815175363922,0.008076876565884347,63.32105827331543,68.71395683288574,3849.5001220703125,1894.0106201171875,582.7931517837806,62.635026597900044,8.400000000000052,16.676359176635742,0.02884315119849311,0.5059927105903625,0.17997509488700988,0.04722301432409533,0.017697084111794034,337,1.4667716026306152,26.27871761529199,21.727448535368147
3.3207652568817143,-1.6942869424819946,-0.9746907651424408,0.0019147322007261594,0.0067756284893931585,71.26864767074585,76.09389877319336,4024.43408203125,2060.50048828125,679.0306548355286,109.98529210082106,8.425000000000052,16.67377577887641,0.031925853755739,0.4939810335636139,0.19247727133487325,0.04993318852979287,0.019685764285702477,338,1.7336329221725464,26.265821590055126,22.14041398578427
3.502913993597031,-1.7785608172416687,-1.0520155429840088,0.0020684971143504222,0.005536746756234313,80.2522382736206,84.62658023834229,4195.0628662109375,2223.7215576171875,779.6415068863008,161.49780430784372,8.450000000000053,16.67116377088759,0.03448430448770523,0.48191994428634644,0.2046724352433209,0.052548042374411595,0.021624015007656747,339,2.0181939601898193,26.141096547472277,22.533706880150543
3.681012696027756,-1.860988199710846,-1.129031240940094,0.002191595884067018,0.0043556236295881874,90.1610164642334,94.0609769821167,4361.1148681640625,2384.0416259765625,884.5180785415655,217.090843248265,8.475000000000053,16.668544345431858,0.03653077201710807,0.4694911241531372,0.2165679269501074,0.05507595441241224,0.023512042256522408,340,2.3200223445892334,25.908313882178117,22.87365064168176
3.8539380908012393,-1.9424917697906494,-1.2054594159126282,0.002286044736082083,0.003200818204132334,100.97876358032227,104.33076095581055,4519.034423828125,2542.9489135742188,993.5459502456582,276.69188389767055,8.500000000000053,16.665936575995552,0.03809913992881775,0.45488157868385315,0.22813022391501134,0.05753250829736097,0.025351371108142447,341,2.638671875,25.583314753556746,23.125894102945544
4.021373289823533,-2.021937072277069,-1.280903935432434,0.0023521119370620643,0.002107801496932546,112.63003921508789,115.3600902557373,4669.890869140625,2698.7877197265625,1106.5218108413528,340.26560673701755,8.525000000000054,16.663360595703125,0.039194164176781975,0.4392651617527008,0.23930359949222285,0.05989475299020727,0.027143830405171692,342,2.9736242294311523,25.195113512885612,23.260225498085983
4.177050918340683,-2.1002827286720276,-1.3558875918388367,0.0023872596817416307,0.000671479788495114,125.03035354614258,127.16179656982422,4809.3466796875,2844.4064331054688,1223.2690825698603,407.7352997301733,8.550000000000054,16.660838656955296,0.03977382348643409,0.4247853457927704,0.25011624989978315,0.06217476426201897,0.028890391785289102,343,3.324335813522339,24.784968645870634,23.25622906304031
4.32618488073349,-2.1769579648971558,-1.4306959509849548,0.002385756192067632,-0.0007661965820837196,138.0666790008545,139.55364227294922,4940.2408447265625,2986.513916015625,1343.5027495620404,478.8454605578023,8.575000000000054,16.65839301215278,0.03974294082985984,0.4091337025165558,0.2605351186506616,0.06435281183418885,0.03058912237610977,344,3.690274715423584,24.40286099192675,23.10886453792319
4.470828086137772,-2.251357078552246,-1.5051155090332031,0.0023492056064779204,-0.0020950878935821577,151.5872917175293,152.44290161132812,5066.700927734375,3124.7535400390625,1467.0087706801976,553.5083084581854,8.600000000000055,16.656037436591255,0.039128528700934515,0.3937540650367737,0.270574370432906,0.06642188618350407,0.03223750673876033,345,4.070883750915527,24.10125997429786,22.83273356276913
4.611169499158859,-2.32353138923645,-1.5787742733955383,0.0022818559790003627,-0.0032780920077853147,165.3589630126953,165.35781860351562,5186.376708984375,3261.829833984375,1593.67629387355,631.6271469591544,8.625000000000055,16.65378146701389,0.038001599411169686,0.3764892518520355,0.28021025317854437,0.06838681428944036,0.03383472511896775,346,4.465609550476074,23.92667208942795,22.463649954937697
4.745574736595154,-2.3932716846466064,-1.6510995030403137,0.0021856755521280956,-0.004355230657282806,179.537841796875,178.50897216796875,5297.3896484375,3396.6085205078125,1723.3357115981528,713.1728928087563,8.650000000000055,16.651633580525715,0.036395125918918185,0.35708388686180115,0.2893812478663957,0.07024260688614306,0.035381293504193216,347,4.873833179473877,23.910187039438114,22.0563027949998
4.875483959913254,-2.459927558898926,-1.7216724753379822,0.00206544540221849,-0.005212636930679767,193.80855178833008,191.74732971191406,5403.337158203125,3528.1558837890625,1855.7704528090842,798.0881058214442,8.675000000000056,16.64960543314616,0.03438889980316162,0.3372473120689392,0.2980614552548591,0.07197951430730894,0.03687783191162802,348,5.294867038726807,24.058938945039333,21.677372161866383
4.99287303686142,-2.5236319303512573,-1.7907785177230835,0.0019215262523606012,-0.00636139562807465,208.06761169433594,205.07257843017578,5499.2982177734375,3646.6905517578125,1990.8538817641565,886.2920029161635,8.700000000000056,16.647703382703995,0.03198903674880663,0.3201439380645752,0.3062869944662187,0.07360156250349213,0.03832498948678788,349,5.728024005889893,24.350837943877604,21.39446346771493
5.099887752532959,-2.5847567319869995,-1.8592830300331116,0.0017449143294159006,-0.007711661993231458,222.2538833618164,218.3525619506836,5584.6202392578125,3756.7947998046875,2128.3363372084873,977.4592667101023,8.725000000000056,16.64594014485677,0.029045769737826452,0.3033472001552582,0.3140821335559079,0.07510363945375646,0.03972008226263669,350,6.172680854797363,24.73473730630671,21.262534297444528
5.203442692756653,-2.6427725553512573,-1.926991581916809,0.001537222354274972,-0.008841571023684274,236.25656127929688,231.4398422241211,5665.1585693359375,3865.2955322265625,2267.951843189928,1071.379136705213,8.750000000000057,16.64431995815701,0.02558604089750184,0.2855435311794281,0.32144597370705874,0.07647976969040607,0.041058674411483774,351,6.628223896026611,25.137266088973828,21.31062049348512
5.303131306171418,-2.6971582174301147,-1.9932170510292053,0.0013042099329437621,-0.009747148783743996,249.97998046875,244.23883819580078,5740.5223388671875,3971.848388671875,2409.580807423322,1168.011525010871,8.775000000000057,16.64284176296658,0.021705770244201023,0.26671770215034485,0.3283514172555797,0.0777281139678131,0.04233900158910698,352,7.094015598297119,25.476068050239398,21.53227561451488
5.396315681934357,-2.7478519678115845,-2.0573599338531494,0.001050058995552955,-0.010551306919650234,263.33167266845703,256.68025970458984,5806.96728515625,4075.36572265625,2553.093865894997,1267.307734727662,8.800000000000058,16.64150661892361,0.01747457103596793,0.2459176629781723,0.33476347692264985,0.0788501203798203,0.043561692135075984,353,7.5693793296813965,25.67738339447826,21.882971304160154
5.484119093418122,-2.79447865486145,-2.119138479232788,0.0007781694287373486,-0.011152415667194744,276.27577209472656,268.71724700927734,5867.3681640625,4175.0421142578125,2698.2680480238996,1369.1918777940623,8.825000000000058,16.640316645304363,0.012948989040321775,0.22459140419960022,0.34064546766425335,0.07983946391883871,0.04472777802431319,354,8.053577423095703,25.69418014711245,22.286525896638658
5.566481375694275,-2.836724042892456,-2.1780844926834106,0.0004939133927769183,-0.011542378392485304,288.74153900146484,280.1602325439453,5922.3609619140625,4270.1414794921875,2844.9522521254585,1473.567930650502,8.850000000000058,16.639271842108833,0.008218359823028246,0.2033427208662033,0.3459935944758369,0.08069594900897581,0.04583848680763357,355,8.545845985412598,25.52000801378051,22.650467723039476
5.63665179014206,-2.874298095703125,-2.2348748445510864,0.00019708762333187275,-0.01220323245431276,300.794677734375,291.14115142822266,5971.3284912109375,4348.9130859375,2993.0112761733067,1580.321467637801,8.875000000000059,16.638369030422634,0.0032792167945040595,0.18742193281650543,0.3508770662562288,0.08141794030287469,0.04689460078860732,356,9.045454025268555,25.194025531715116,22.887542452337474
5.701520097255707,-2.9071682691574097,-2.2900089025497437,-0.00011585878001497988,-0.012780063783748215,312.3160934448242,301.6493148803711,6013.6422119140625,4424.6119384765625,3142.2944884535773,1689.0442947862339,8.900000000000059,16.637612448798286,-0.0019276135652843448,0.17047011852264404,0.35535630347266034,0.08200399386788186,0.04789430152755263,357,9.551798820495605,24.794517195646133,22.938196007808955
5.7609537005424505,-2.9351764917373657,-2.342987537384033,-0.0004412650191894042,-0.013236958197075733,323.22711181640625,311.64916229248047,6048.12451171875,4498.17626953125,3292.635543751426,1799.6595932481434,8.92500000000006,16.637001037597656,-0.007341327145695686,0.15162155032157898,0.3593882294944994,0.08245364781199571,0.04883608683516712,358,10.064271926879883,24.421296019520888,22.787838132932173
5.813173937797547,-2.958451509475708,-2.393365979194641,-0.0007779471302078812,-0.013637431045996398,333.5337448120117,321.08654022216797,6073.1942138671875,4567.930419921875,3443.838656544393,1912.1139999864204,8.95000000000006,16.636539035373264,-0.012942349745167626,0.1310204267501831,0.36292161176027565,0.08276593673932113,0.04971949065826003,359,10.582194328308105,24.17068677557877,22.47342672562744
5.860145223140717,-2.9768518209457397,-2.44081711769104,-0.0011220715606256595,-0.01383806382372834,343.2244567871094,329.90270233154297,6092.592529296875,4633.74658203125,3595.6685118910714,2026.3122604844632,8.97500000000006,16.636227501763237,-0.018667044738928478,0.1100664734840393,0.3659350784022412,0.08294125596283242,0.050544080233154216,360,11.104829788208008,24.10944384327176,22.076313145809966
5.901518249511719,-2.990017533302307,-2.484959840774536,-0.0014687638999119111,-0.013850915656582573,352.26715087890625,338.1376419067383,6106.0970458984375,4695.2138671875,3747.9833251234922,2142.1559250352407,9.00000000000006,16.636066436767578,-0.024434470882018406,0.08885985612869263,0.36842100612177564,0.08297831551387655,0.051310171810229135,361,11.631428718566895,24.255135732624836,21.702083511237525
5.936938452720643,-2.997624158859253,-2.5255093574523926,-0.0018135264877051564,-0.01369153690861164,360.6219482421875,345.752685546875,6113.4971923828125,4751.9010009765625,3900.6357512709524,2259.5362717149246,9.02500000000006,16.636055840386284,-0.03016996093922191,0.06749849766492844,0.37037446807086244,0.08287570058812443,0.052018543531865795,362,12.161230087280273,24.56935257628462,21.452282326020534
5.965861427783967,-2.9995715618133545,-2.5621472597122192,-0.002152281098511886,-0.01339108032278566,368.2771301269531,352.7109832763672,6114.60009765625,4803.00927734375,4053.4731810805224,2378.3337967393354,9.050000000000061,16.636197831895615,-0.03580583052502738,0.046256911009550095,0.37179330043111575,0.0826352421088255,0.052669965218066786,363,12.693466186523438,24.966652308623367,21.395887175099112
5.987519049644471,-2.9956763982772827,-2.5950241088867188,-0.002482561577543362,-0.013008060541680721,375.20018005371094,359.010986328125,6109.261474609375,4847.28271484375,4206.338183521929,2498.409028672926,9.075000000000061,16.63649559020996,-0.04130120906564924,0.025621900334954262,0.3726912184821496,0.08225634918711287,0.05326471982969793,364,13.227377891540527,25.337456422274624,21.549061289185286
6.002855849266052,-2.985870599746704,-2.623879313468933,-0.0028014491106478304,-0.012487492651462394,381.36065673828125,364.6294708251953,6097.35546875,4886.5841064453125,4359.069720387163,2619.591096544017,9.100000000000062,16.63694911532932,-0.04660768641365899,0.004735230468213558,0.37306978683110437,0.08174047823920771,0.05380238292546051,365,13.762222290039062,25.578630758672308,21.86962158113908
6.010874724388123,-2.969932794570923,-2.648555278778076,-0.003105835159453302,-0.011884588350776682,386.7082824707031,369.5282897949219,6078.7200927734375,4919.257568359375,4511.503607105914,2741.7556992051473,9.125000000000062,16.63756052652995,-0.05167368799448013,-0.015732092782855034,0.37292630902737633,0.08108655983948478,0.054282388583622866,366,14.297248840332031,25.622820406564646,22.268335953279763
6.011149847507477,-2.947938084602356,-2.669209599494934,-0.0033951405384375494,-0.011253502396211966,391.2273406982422,373.6963348388672,6053.3189697265625,4944.5662841796875,4663.471609425251,2864.7371384141297,9.150000000000063,16.638331943088108,-0.05648969362179438,-0.035469040274620056,0.3722855857586169,0.08029750682038633,0.05470367570093818,367,14.831724166870117,25.45773438703596,22.633999430304687
6.005177748203278,-2.919844150543213,-2.685631513595581,-0.0036670763334644605,-0.010499671763124422,394.83509826660156,377.09239196777344,6021.1707763671875,4965.2418212890625,4814.804583668417,2988.35129551862,9.175000000000063,16.6392633650038,-0.06101771775219175,-0.05566840246319771,0.3711455197854676,0.07937502526948571,0.05506473792691488,368,15.364934921264648,25.12954404497961,22.864923513715347
5.992189717292786,-2.8855172395706177,-2.6975347995758057,-0.003918655590909079,-0.009654971160810929,397.51551818847656,379.70037841796875,5981.050048828125,4981.10498046875,4965.333853077598,3112.4823410508457,9.200000000000063,16.64035161336263,-0.06520814365810818,-0.07673390209674835,0.36949346109275055,0.07831939398645954,0.055364584898522584,369,15.89615535736084,24.729442865264897,22.89748411621674
5.9702271819114685,-2.845423698425293,-2.7046860456466675,-0.0041493477591479895,-0.008797342783940244,399.21795654296875,381.45558166503906,5929.6070556640625,4991.9173583984375,5114.860104298304,3237.0099655625636,9.225000000000064,16.64160198635525,-0.06905219207207362,-0.09977118670940399,0.3672861000232384,0.07713454529510488,0.05560221793035251,370,16.42462158203125,24.367543376006573,22.723379675066845
5.9413813114166265,-2.79953932762146,-2.7068185806274414,-0.004356460548766691,-0.007772490777153199,399.8138732910156,382.228515625,5870.9873046875,4997.388671875,5263.100280689909,3361.8078995225237,9.250000000000064,16.643010245429146,-0.07250506844785479,-0.12315933406352997,0.36449826970462984,0.07582066644893588,0.05577590596769612,371,16.949512481689453,24.14200568463458,22.390818588761853
5.90550023317337,-2.747767210006714,-2.703558921813965,-0.004535884005203999,-0.006583207818553828,399.18846130371094,381.9119873046875,5805.3924560546875,4997.05419921875,5409.8749633071,3486.742616319398,9.275000000000064,16.644567913479275,-0.07549833920266893,-0.14663660526275635,0.3611248768413401,0.07438046222093465,0.05588420923908907,372,17.469989776611328,24.112501326454343,21.98980469255926
5.861116039752961,-2.690096378326416,-2.6947391033172607,-0.004684055110204632,-0.005316927775383492,397.2828826904297,380.45263671875,5730.4732666015625,4990.5738525390625,5555.009774708472,3611.668971299867,9.300000000000065,16.646264394124348,-0.0779725859562556,-0.17096221446990967,0.35716142734902967,0.07281697027921957,0.05592613738150101,373,17.985212326049805,24.285450014235465,21.626449388038495
5.80733677148819,-2.6269397735595703,-2.6801193952560425,-0.004800411323003176,-0.0039909635353966326,394.0980987548828,377.8324890136719,5644.8726806640625,4977.6710205078125,5698.271606373516,3736.4333176133437,9.325000000000065,16.64809226989746,-0.07991831335756513,-0.19653964042663574,0.35256780736377924,0.07113329487093625,0.05590022981752158,374,18.49430274963379,24.614540006104,21.39421795976865
5.7457787036895756,-2.558152437210083,-2.659442901611328,-0.004881393266384902,-0.0024951491748831894,389.641357421875,374.0707092285156,5551.8895263671875,4958.0140380859375,5839.393423390123,3860.8750931260397,9.350000000000065,16.650040944417317,-0.08127604921658833,-0.22196193039417267,0.34733662661356385,0.06933007889981661,0.055804289439251475,375,18.996349334716797,25.015335289369407,21.35033483093728
5.676168465614319,-2.483647346496582,-2.6324881315231323,-0.004923022323322854,-0.0008500485106626424,383.94964599609375,369.20391845703125,5451.3017578125,4931.322021484375,5978.190661549309,3984.8254440781893,9.375000000000066,16.652096642388237,-0.08197930951913197,-0.24720899760723114,0.34147234589320935,0.06741090306917004,0.05563656854722533,376,19.49043846130371,25.388831174768477,21.503404507268964
5.596010088920593,-2.4034608602523804,-2.599197030067444,-0.004922711274429911,0.0007865550702234518,377.07167053222656,363.27252197265625,5341.8974609375,4894.226318359375,6114.473205494628,4108.1084946153005,9.400000000000066,16.654247707790798,-0.08198471532927619,-0.2712339162826538,0.334990344958011,0.06537991816522676,0.05539576052803332,377,19.97566795349121,25.646769019053313,21.814528564067697
5.500469934940338,-2.3190791606903076,-2.5599483251571655,-0.004886289425631175,0.0021252800520321427,369.1196746826172,356.3456573486328,5213.6552734375,4847.8671875,6248.020642018073,4230.464152574287,9.425000000000066,16.656488842434353,-0.08138907452424367,-0.2979961633682251,0.32787461155191466,0.06325307402620285,0.05507933121745068,378,20.451152801513672,25.73185176860332,22.21015845954356
5.393184769153596,-2.2310235500335693,-2.514764666557312,-0.004816101607042676,0.0034312424958162857,359.8465881347656,348.5104217529297,5073.4775390625,4792.0299072265625,6378.362023854019,4351.66083226179,9.450000000000067,16.658809449937607,-0.08023113840156132,-0.32490721344947815,0.32008929286874516,0.061032001838265966,0.05468224141535225,379,20.91594696044922,25.6283117978925,22.601955605239066
5.276824045181275,-2.1385873556137085,-2.46354079246521,-0.004712284097610822,0.0048597868115956835,349.7299499511719,339.8574676513672,4925.288818359375,4727.65380859375,6505.198962330591,4471.461579942458,9.475000000000067,16.66119893391927,-0.07851289378272162,-0.3511243164539337,0.311639149308951,0.05870682918003141,0.05419925218453116,380,21.369089126586914,25.361485859666484,22.90776973995441
5.152145957946778,-2.041690170764923,-2.405989170074463,-0.0045707516498353215,0.006438429123051144,338.7101135253906,330.36266326904297,4769.97998046875,4655.2403564453125,6628.331182789585,4589.6529251573065,9.500000000000068,16.66364351908366,-0.07616590294573042,-0.37652358412742615,0.30254375510654424,0.05628477779536142,0.05362697215578676,381,21.80963897705078,24.988103057582162,23.068462233357987
5.0188526034355165,-1.940080463886261,-2.3417716026306152,-0.004388251774205187,0.008135150899783943,326.84911346435547,320.00437927246094,4607.1275634765625,4574.659423828125,6747.5806823013145,4706.033934068444,9.525000000000068,16.666128370496963,-0.0731356359190411,-0.40124839544296265,0.29282185225769636,0.05376837768729156,0.052964327742304605,382,22.236682891845703,24.58110058728679,23.057246908732292
4.867775839567185,-1.8381498456001282,-2.2710559368133545,-0.004167829941068545,0.009444984029750083,314.5078887939453,308.95396423339844,4420.3214111328125,4485.4791259765625,6862.75887138824,4820.400419664153,9.550000000000068,16.668643951416016,-0.06947247518433465,-0.4302269518375397,0.2824287329456076,0.05122278475636631,0.05221082792375872,383,22.649301528930664,24.213431901082803,22.880738197305536
4.706365311145783,-1.7330095767974854,-2.194035053253174,-0.003914378148482465,0.010838515319350369,301.64327239990234,297.22217559814453,4224.4490966796875,4386.4822998046875,6973.266906666572,4932.537397813573,9.575000000000069,16.671183904012043,-0.0652576486269633,-0.458096981048584,0.271321586855755,0.048590250018822986,0.051362773402947405,384,23.04648780822754,23.944631961258843,22.573070530696807
4.534432345628739,-1.6246790289878845,-2.110645055770874,-0.0036239684939134045,0.01228391167117995,288.1647720336914,284.7482604980469,4022.3270263671875,4274.5115966796875,7078.878134083578,5042.199455308697,9.600000000000069,16.673730214436848,-0.06042533450656467,-0.4825326204299927,0.2595407442338964,0.04587766232338756,0.05041575748050443,385,23.42723846435547,23.812460726796054,22.185727379666048
4.34611845612526,-1.513223648071289,-2.0224666595458984,-0.0033045920210775545,0.013231456064651736,273.6065673828125,271.89402770996094,3813.83935546875,4138.960693359375,7179.436309742771,5149.062245225697,9.62500000000007,16.676258511013454,-0.05510843048493067,-0.49852150678634644,0.24727464037191177,0.04309183353678575,0.04936544835846921,386,23.79070472717285,23.83032134494837,21.776116425710285
4.144657653570175,-1.4033834338188171,-1.9303882122039795,-0.002964998670572045,0.01380985928330872,259.26583099365234,258.7048873901367,3588.4400634765625,3996.2178955078125,7274.782293629504,5252.536262559691,9.65000000000007,16.67875819736057,-0.04945264094405704,-0.5166906118392944,0.23459543029058538,0.04030905074068072,0.048205670832064125,387,24.136276245117188,23.989666461111895,21.397567355975195
3.934712135791779,-1.292218565940857,-1.8344106674194336,-0.002613165962248155,0.014347259183854188,244.68343353271484,245.10374450683594,3353.69482421875,3847.2852783203125,7364.493295216434,5352.441709947396,9.67500000000007,16.68121443854438,-0.04359088010258145,-0.5349599719047546,0.22144735405459376,0.03747229940120415,0.04693015398915988,388,24.463314056396484,24.265586322622934,21.09237853557305
3.719213336706162,-1.1793084740638733,-1.7343758344650269,-0.0022464023869143575,0.01499675840064328,229.88922119140625,231.1858901977539,3114.9889526367188,3692.1419677734375,7448.335665821918,5448.623841905414,9.70000000000007,16.68360498216417,-0.03747815473212136,-0.5519989132881165,0.2078574760385148,0.03458069110446115,0.04553490308812135,389,24.771162033081055,24.623655740488097,20.888348519434825
3.4933623731136323,-1.0645787417888641,-1.63030606508255,-0.0018649109325814743,0.015413115549050047,214.93597412109375,217.10111236572266,2872.2899169921875,3522.0244140625,7526.210389637853,5540.927391099761,9.72500000000007,16.685908635457356,-0.031117769993013807,-0.5635093450546265,0.19389237526960046,0.031641713910422975,0.04401976832613722,390,25.05922508239746,25.02653232846861,20.79842949275252
3.250646829605103,-0.9521785080432892,-1.5242928862571716,-0.0014830496525581522,0.015021717213484366,200.12045288085938,203.1334457397461,2616.0866088867188,3334.483154296875,7598.017637562674,5628.978001451335,9.750000000000071,16.688108444213867,-0.024749311721987195,-0.570884108543396,0.17972409195426992,0.028721244645663543,0.04238484957174837,391,25.32709312438965,25.439248013862446,20.822705611527415
3.003602331876755,-0.8404857814311981,-1.4170730113983154,-0.001113533710640731,0.014566905475353076,184.9853973388672,188.6990737915039,2354.8729858398438,3143.996826171875,7663.419802784861,5712.340080308771,9.775000000000071,16.690181096394856,-0.018585088352362316,-0.578177809715271,0.16535751965102613,0.025783983942171705,0.0406274503743511,392,25.574493408203125,25.832680979725566,20.951672560016835
2.7551054060459137,-0.7287285625934601,-1.308422327041626,-0.000754212552234107,0.014198181459755897,170.31438446044922,174.60855102539062,2093.5262451171875,2950.9298095703125,7722.291627430875,5790.940000963081,9.800000000000072,16.692100101047092,-0.01258939401143127,-0.5845361948013306,0.1508215037234261,0.02282441718395585,0.03874786617837884,393,25.801162719726562,26.18522739262827,21.169843412230282
2.5013031601905826,-0.6171709150075912,-1.1984902024269104,-0.000406278780665789,0.013624175577789449,155.85795974731445,160.7678985595703,1831.9639587402344,2748.3099365234375,7774.629783558824,5864.713246202352,9.825000000000072,16.693849563598633,-0.006782357167038653,-0.5864143371582031,0.13617950230681927,0.01985569684979015,0.036751427467200934,394,26.006895065307617,26.483033933291534,21.459029153632695
2.238642650842667,-0.5074688196182251,-1.088317096233368,-7.736457771979933e-05,0.012535975707166747,141.7984848022461,147.3366584777832,1564.2684631347656,2535.532470703125,7820.428882527348,5933.420994615452,9.850000000000072,16.69541147020128,-0.0012916334283848603,-0.5854088068008423,0.12152814653688357,0.01690602123831042,0.034645649348518465,395,26.19161605834961,26.71923611169996,21.80095856616128
1.973287716507912,-0.4003521353006363,-0.9790527522563934,0.0002193253435269409,0.011243294999096399,128.0245361328125,134.40140914916992,1294.6435852050781,2319.6783447265625,7859.535594105736,5996.809306383046,9.875000000000073,16.696769926283096,0.0036620250385668543,-0.5835065245628357,0.10691452443064292,0.01398022409092488,0.03243717724148902,396,26.355356216430664,26.892645337891338,22.179091493154612
1.710087475180626,-0.2949894554913044,-0.8706148862838745,0.0004849085468317972,0.01002709382768986,114.92827606201172,121.97503280639648,1028.3475799560547,2104.3624877929688,7891.901683735882,6054.801265001225,9.900000000000073,16.697912216186523,0.00809696140802569,-0.5806769132614136,0.09235855143962408,0.011070436858924516,0.030134422990086968,397,26.498188018798828,27.00627337703422,22.579652270751485
1.445980378985405,-0.19129807502031326,-0.7633136510848999,0.0007180053297722447,0.008646798760796458,102.5387954711914,110.20110702514648,764.7310676574707,1884.6265869140625,7917.610373234803,6107.410327196065,9.925000000000074,16.698825624254013,0.011989847860402532,-0.5748658776283264,0.07791418986541478,0.008182123443807516,0.02775000748116576,398,26.620223999023438,27.065956067318144,22.99203525424865
1.1818264797329903,-0.08905795961618423,-0.6574343740940094,0.0009158385374305386,0.007121475327048175,91.04136276245117,98.784912109375,501.80469512939453,1664.0350341796875,7936.728649926259,6154.525991868933,9.950000000000074,16.699499554104275,0.015294048935174942,-0.5683903098106384,0.0636186865125733,0.005313283158808677,0.025298536488828797,399,26.721662521362305,27.07920267432657,23.408765026901435
0.9154746621847153,0.011868193745613098,-0.553848922252655,0.0010705664412624472,0.005287670454095449,80.49589157104492,88.33819961547852,237.2314453125,1440.9861450195312,7949.273767304513,6196.126867723441,9.975000000000074,16.699932946099175,0.017878394573926926,-0.5614667534828186,0.04949784907653818,0.0024545650965839038,0.022794963246477954,400,26.802738189697266,27.054331780698824,23.82517176478485
0.6511721760034561,0.11201512068510056,-0.45273011922836304,0.0011790538452776478,0.003423629860243267,70.9807357788086,78.84632110595703,-26.962158203125,1221.23486328125,7955.204553437345,6232.151521348946,10.000000000000075,16.700124740600586,0.019690355079041585,-0.5559189915657043,0.035533651285680964,-0.0004080902958687002,0.020253186126052085,401,26.863691329956055,26.999902703408022,24.238913377652278
0.3870340116322041,0.2109453619341366,-0.3542248085141182,0.0012392653427885198,0.0014331971754944427,62.53078079223633,70.35065460205078,-291.26214599609375,1001.8185424804688,7954.530499482286,6262.682392930993,10.025000000000075,16.700077056884766,0.020695837835470837,-0.5506666302680969,0.021704479923279972,-0.003271745332754158,0.01768738437976126,402,26.90473175048828,26.92439992507071,24.649442717499362
0.12526018656790258,0.3085278943181038,-0.25833647698163986,0.0012499159065542352,-0.0005290073670897489,55.1984806060791,62.908935546875,-554.8815867900848,785.9835510253906,7947.2489458324035,6287.727856493021,10.050000000000075,16.69979625278049,0.02087335205740399,-0.5468053221702576,0.007988904344789813,-0.006137207268523255,0.015111034018840199,403,26.92603874206543,26.83611098878629,25.05747514177664
-0.13364283498376608,0.40591681003570557,-0.16504949890077114,0.001212840751050589,-0.002420166886109573,49.005380630493164,56.57271766662598,-814.8782501220703,571.7217559814453,7933.376906162671,6307.377445268672,10.075000000000076,16.69928762647841,0.020253585858477488,-0.5423661470413208,-0.005624717416882896,-0.009023800422016198,0.012537032649224372,404,26.927762985229492,26.743131561540554,25.464478402868515
-0.3914752639830113,0.5036351084709167,-0.07451139017939568,0.0011278444304221916,-0.004338104242819534,44.00041675567627,51.36668586730957,-1076.3739166259766,360.8635063171387,7913.0049499096385,6321.670489168224,10.100000000000076,16.69856071472168,0.018833387229177687,-0.5400150418281555,-0.019148883493510113,-0.011944932096081919,0.009977096099115524,405,26.91004753112793,26.6534409565344,25.87218641335923
-0.648059006035328,0.601491704583168,0.013458766043186188,0.0009953629592752455,-0.006208870878870118,40.1691370010376,47.29366874694824,-1339.9129943847656,154.28343963623047,7886.095601994009,6330.692076826168,10.125000000000076,16.69762399461534,0.01662020157608721,-0.540295422077179,-0.03264753159749706,-0.014905643961551642,0.007440554795004644,406,26.87298011779785,26.57500913580065,26.282131281419982
-0.902898731827736,0.6987112164497375,0.09913215227425098,0.000817629985951757,-0.007943400180406335,37.47038125991821,44.36991500854492,-1604.374267578125,-48.229347229003906,7852.59777713441,6334.549162817089,10.150000000000077,16.69648594326443,0.013651550850934453,-0.5426896214485168,-0.04618144369938693,-0.017897959278797063,0.004934182112617317,407,26.816547393798828,26.515902020445708,26.695182980442702
-1.1513495847582818,0.7956795692443848,0.18289564922451973,0.0006010740276220954,-0.009245640180373847,35.873239517211914,42.53556251525879,-1860.8184814453125,-247.10165214538574,7812.488420444976,6333.34342913638,10.175000000000077,16.69515715705024,0.010035025576750437,-0.5438412427902222,-0.05977136748854714,-0.020924595044293583,0.002462665371516678,408,26.740676879882812,26.484322640768035,27.11107941070172
-1.3949554085731508,0.8914371132850647,0.26520349085330963,0.0003567285099679656,-0.010244881107912196,35.273815631866455,41.67739486694336,-2111.6215209960938,-442.7802047729492,7765.9679584088635,6327.165887832761,10.200000000000077,16.693647172715927,0.005955100059509277,-0.5444471836090088,-0.0733745488265089,-0.02395539199899335,3.071880489485959e-05,409,26.645322799682617,26.48851501997328,27.52794174092528
-1.6345111250877382,0.9851474165916443,0.3462325558066368,9.050251671372462e-05,-0.01099309933706186,35.61724889278412,41.773194789886475,-2357.9788818359375,-635.5210571289062,7713.1774203839805,6316.096382713452,10.225000000000078,16.691965527004665,0.001510664846541153,-0.5447115302085876,-0.0869905924002979,-0.026970380595909973,-0.002357534746816873,410,26.53046417236328,26.536494626045208,27.94179880140078
-1.8685838013887406,1.0767841339111328,0.4262455403804779,-0.00019068631643777813,-0.011419586900583936,36.69257466495037,42.82131814956665,-2598.406494140625,-824.1827850341797,7654.227948338101,6300.208356285244,10.250000000000078,16.690119637383354,-0.003182577590147654,-0.5446014404296875,-0.10060543755159636,-0.02996263349531735,-0.004699682456257433,411,26.396095275878906,26.635580547960117,28.346166537269273
-2.0950137794017794,1.1672947406768799,0.5056894272565842,-0.0004769788156377749,-0.011407968860328466,38.73848307132721,44.79241323471069,-2828.8922729492188,-1008.8081970214844,7589.2677859846035,6279.603786659404,10.275000000000079,16.688122219509548,-0.007959881073070897,-0.5426836013793945,-0.1142046199867338,-0.03293696727371823,-0.006994125772523298,412,26.24222183227539,26.791696601465027,28.731750267137926
-2.3127753347158433,1.2588986158370972,0.5848144590854645,-0.0007569308490811293,-0.010980606406776406,41.72517192363739,47.67702651023865,-3045.191162109375,-1191.752685546875,7518.545479160891,6254.383581733881,10.300000000000079,16.685984929402668,-0.012630139374070697,-0.5370527505874634,-0.12770353440682974,-0.03591231742258201,-0.009238775258485788,413,26.068920135498047,27.008424579767222,29.086373287391204
-2.526188659667969,1.3482111096382141,0.663620263338089,-0.0010250557750208402,-0.010444537046478675,45.650828778743744,51.49241828918457,-3256.4697265625,-1371.7542419433594,7442.415700108173,6224.589764595224,10.32500000000008,16.683724721272785,-0.01710175433092647,-0.5309261679649353,-0.1410538777276129,-0.03882327316852551,-0.011431324575029,414,25.87638282775879,27.285846046395232,29.39526766271804
-2.7351721227169037,1.4358171820640564,0.7420327961444855,-0.0012781798739571646,-0.009811680505907978,50.53046379983425,56.258841037750244,-3461.8673095703125,-1549.5143737792969,7361.003956944127,6190.295908546654,10.35000000000008,16.68135643005371,-0.021321783877081342,-0.5236053466796875,-0.154238405981025,-0.04167620737281351,-0.013571097528907408,415,25.664827346801758,27.619307562779973,29.64184832074617
-2.9393821120262147,1.522295594215393,0.8197885155677795,-0.0015149048562806478,-0.009098905205796986,56.40235495567322,61.98098134994507,-3660.1759033203125,-1725.6016845703125,7274.457274204885,6151.558049202185,10.37500000000008,16.678895950317383,-0.02526695943540997,-0.514507532119751,-0.16722178234835205,-0.044476292393625654,-0.015659199956151774,416,25.43451690673828,27.998291016544,29.809069894556647
-3.134553050994873,1.6078017950057983,0.8972386717796326,-0.0017296136367155547,-0.00807674184738389,63.3149688243866,68.70776510238647,-3849.5428466796875,-1894.0430297851562,7182.952876621893,6108.418007087942,10.40000000000008,16.67636447482639,-0.02884369550479783,-0.5059932470321655,-0.17997762489004546,-0.04722358024582697,-0.017697485666552146,417,25.18576431274414,28.40563034870129,29.881421472876234
-3.3208043932914735,1.6943057179450989,0.9747064709663391,-0.0019147589883816553,-0.006775394942649127,71.26304769515991,76.08815956115723,-4024.4737548828125,-2060.5330200195312,7086.714305454916,6061.066931343326,10.42500000000008,16.67378001742893,-0.0319263090689977,-0.4939805269241333,-0.19247980133790882,-0.049933746129146105,-0.019686157518082184,418,24.918899536132812,28.81740134888957,29.847488706896332
-3.5029516696929934,1.7785786986351013,1.0520315170288086,-0.0020685172701106255,-0.005536449751354932,80.24712371826172,84.6213207244873,-4195.100341796875,-2223.75341796875,6986.10246158286,6009.5536058428515,10.450000000000081,16.671168009440105,-0.03448464804225498,-0.4819190204143524,-0.20467493195684286,-0.05254857500662961,-0.02162440199825265,419,24.634334564208984,29.20382362121387,29.702873855622354
-3.6810494959354405,1.861005187034607,1.1290473937988281,-0.002191608367634628,-0.004355306598985765,90.15639209747314,94.05620861053467,-4361.150390625,-2384.0738525390625,6881.224953037952,5953.959770393646,10.475000000000081,16.668548583984375,-0.03653098725610309,-0.4694892466068268,-0.2165703903741157,-0.05507645999690043,-0.023512420924739902,420,24.332502365112305,29.531455863447825,29.453060661146218
-3.853973138332367,1.9425082206726074,1.2054756879806519,-0.002286048377122636,-0.003200471525056838,100.97467041015625,104.32649040222168,-4519.0667724609375,-2542.9813232421875,6772.196193272341,5894.357924080182,10.500000000000082,16.66593975490994,-0.03809921443462372,-0.454878568649292,-0.22813263740474923,-0.05753299307590315,-0.025351741453981537,421,24.01384925842285,29.76679862779219,29.11562183870764
-4.021406877040864,2.021952748298645,1.2809202075004578,-0.002352107515798536,-0.0021074267298299286,112.62644004821777,115.3563289642334,-4669.921875,-2698.8184204101562,6659.21952396083,5830.7833909991405,10.525000000000082,16.663364834255642,-0.039194093810187444,-0.4392624795436859,-0.23930592975817666,-0.059895206559830425,-0.027144192428632374,422,23.67889404296875,29.88115863326179,28.72107537775151
-4.177082461118698,2.1002983450889587,1.35590398311615,-0.0023872451175794194,-0.0006710790139599762,125.02725791931152,127.15851783752441,-4809.374267578125,-2844.4370727539062,6542.471477085843,5763.312930488899,10.550000000000082,16.660842895507812,-0.039773591690593295,-0.4247816503047943,-0.2501184969419529,-0.06217520118688531,-0.02889074548637138,423,23.32817840576172,29.856250355013632,28.311668091354058
-4.326215255260468,2.1769732236862183,1.4307124018669128,-0.0023857322652297134,0.0007665716742792437,138.06404876708984,139.55081939697266,-4940.267578125,-2986.5433959960938,6422.237120396401,5692.202003670063,10.575000000000083,16.658396191067165,-0.03974254760477278,-0.4091302752494812,-0.2605372824690473,-0.06435322171132538,-0.03058946359362444,424,22.962236404418945,29.689589102569503,27.93757376078452
-4.47085816860199,2.25137197971344,1.5051318407058716,-0.002349172837112945,0.0020953999827724016,151.58508682250977,152.44049835205078,-5066.72705078125,-3124.7828979492188,6298.730430943287,5617.538418770173,10.600000000000083,16.656040615505642,-0.03912799060344696,-0.3937503397464752,-0.27057645102750766,-0.06642227317409997,-0.03223783963389659,425,22.58162498474121,29.398434259632996,27.650449512419183
-4.6111984133720405,2.323545813560486,1.5787904262542725,-0.0022818159275542816,0.003278384591401168,165.3571548461914,165.35574340820312,-5186.4005126953125,-3261.8590698242188,6172.062254673766,5539.418846321454,10.625000000000083,16.653784645928276,-0.03800093713733885,-0.3764849007129669,-0.2802122172598483,-0.06838718047409026,-0.033835047611131,426,22.1868953704834,29.020925716290584,27.49491535047214
-4.745602482557297,2.393285393714905,1.651115357875824,-0.0021856289988238845,0.004355461083134935,179.53636169433594,178.50721740722656,-5297.4127197265625,-3396.6370849609375,6042.402241856393,5457.87236957586,10.650000000000084,16.651636759440105,-0.03639435602558984,-0.3570794463157654,-0.2893831120791588,-0.07024294186187392,-0.03538160559338346,427,21.778669357299805,28.61326799146902,27.499231206859736
-4.875511121749878,2.4599406719207764,1.7216878533363342,-0.002065393777464937,0.005212814821518206,193.8073501586914,191.745849609375,-5403.3590087890625,-3528.183837890625,5909.966923863238,5372.956442451848,10.675000000000084,16.649607552422417,-0.03438804712560442,-0.33724281191825867,-0.29806318630956763,-0.07197983055768838,-0.03687813567843986,428,21.357633590698242,28.242419155889095,27.667120100601622
-4.992895817756653,2.523644804954529,1.7907937169075012,-0.0019214681257489184,0.006361672347156667,208.06664657592773,205.07133865356445,-5499.3170166015625,-3646.71435546875,5774.88294864352,5284.751846504593,10.700000000000085,16.64770550198025,-0.03198807645175192,-0.3201403021812439,-0.3062886589419,-0.07360184962554715,-0.03832528493122131,429,20.92447280883789,27.974770643334118,27.973071946641344
-5.099910533428193,2.5847690105438232,1.8592981100082397,-0.0017448491807974373,0.007711926228745864,222.25310516357422,218.35153198242188,-5584.637939453125,-3756.8182373046875,5637.400023228489,5193.583987617884,10.725000000000085,16.64594226413303,-0.02904468733403418,-0.30334344506263733,-0.3140836981630483,-0.07510390576986548,-0.0397203652235025,430,20.479814529418945,27.86259954380296,28.36320225794285
-5.203464305400849,2.6427841186523438,1.9270064234733582,-0.001537151223947029,0.008841777002549836,236.2559051513672,231.43895721435547,-5665.1754150390625,-3865.31884765625,5497.784074742168,5099.663531685276,10.750000000000085,16.64432207743327,-0.02558486122224066,-0.28553956747055054,-0.3214474384456583,-0.07648001103937986,-0.041058944888781986,431,20.024269104003906,27.93116057559477,28.762753305118377
-5.3031517505645756,2.6971691846847534,1.993231475353241,-0.0013041343813522909,0.009747302747744515,249.9794158935547,244.238037109375,-5740.5382080078125,-3971.87109375,5356.154689366198,5003.030560493879,10.775000000000086,16.64284388224284,-0.021704516063133877,-0.26671361923217773,-0.3283527821256384,-0.07772833034965167,-0.04233926374402679,432,19.558475494384766,28.169813743821784,29.089804363353508
-5.396334958076477,2.7478623390197754,2.057373881340027,-0.0010499796728837682,0.010551435916515535,263.33116149902344,256.6795196533203,-5806.9813232421875,-4075.3873291015625,5212.641234166009,4903.733783150138,10.800000000000086,16.64150873819987,-0.017473252697123423,-0.24591320753097534,-0.334764708634654,-0.07885031179452365,-0.04356194180642818,433,19.08310890197754,28.530324764395175,29.272962947923826
-5.484137785434723,2.794488310813904,2.1191518306732178,-0.0007780875053249095,0.011152495770086908,276.27527618408203,268.7165298461914,-5867.3812255859375,-4175.0628662109375,5067.46670108496,4801.849099922608,10.825000000000086,16.64031982421875,-0.012947627239757113,-0.22458699345588684,-0.34064659950771664,-0.07983963452759606,-0.04472801521209778,434,18.598909378051758,28.934210713805744,29.269145317109466
-5.566498315334321,2.836732864379883,2.1780972480773926,-0.0004938300389556907,0.011542472019242377,288.7410354614258,280.1594009399414,-5922.373046875,-4270.1605224609375,4920.782170445316,4697.472528267343,10.850000000000087,16.63927396138509,-0.00821697422199779,-0.2033388763666153,-0.3459946264507593,-0.08069609048940872,-0.045838711511850545,435,18.106639862060547,29.28879057691734,29.07662851628187
-5.6366669774055485,2.8743059635162354,2.2348872423171997,-0.00019700142494771328,0.012203344806421247,300.79415130615234,291.140380859375,-5971.3397216796875,-4348.9296875,4772.722844273446,4590.718515205827,10.875000000000087,16.638371149698894,-0.0032777830751405824,-0.18741881847381592,-0.3508779983626103,-0.0814180609773616,-0.04689481717044589,436,17.607030868530273,29.508921566564194,28.738972840671437
-5.701534116268158,2.907175302505493,2.2900209426879883,0.00011594738408664749,0.012780136604559273,312.3155288696289,301.64849853515625,-6013.6517333984375,-4424.628173828125,4623.439351231458,4481.995273018334,10.900000000000087,16.637614568074543,0.0019290879006601041,-0.17046664655208588,-0.35535716900001457,-0.08200408957523353,-0.04789450542582359,437,17.100685119628906,29.539121863888557,28.337400136498104
-5.760965967178345,2.935182571411133,2.3429991006851196,0.0004413553950174122,0.013237040380562497,323.22645568847656,311.64830780029297,-6048.1319580078125,-4498.1917724609375,4473.098057896501,4371.379568672637,10.925000000000088,16.637003156873917,0.007342831749055121,-0.15161758661270142,-0.35938902844282644,-0.08245371855221217,-0.048836282411059674,438,16.588211059570312,29.3699137422977,27.972338293329386
-5.813185036182404,2.958456873893738,2.3933770656585693,0.0007780390664818405,0.01363747369818573,333.5330352783203,321.0856246948242,-6073.2005615234375,-4567.9453125,4321.894758946309,4258.92477436112,10.950000000000088,16.63654115464952,0.012943881253401438,-0.13101643323898315,-0.3629222775505482,-0.08276597835121316,-0.049719673750584975,439,16.070287704467773,29.043122733431915,27.738100885610066
-5.8601557374000555,2.9768561124801636,2.4408276081085205,0.0011221640170482692,0.013838066944620241,343.2236785888672,329.9017105102539,-6092.59765625,-4633.7606201171875,4170.064744908225,4144.726141548626,10.975000000000088,16.636229621039497,0.018668584525585175,-0.11006245762109756,-0.36593564432397285,-0.08294127676877842,-0.05054425084191155,440,15.547649383544922,28.643401227928706,27.697204335546303
-5.90152759552002,2.9900208711624146,2.4849696159362793,0.0014688560962601957,0.013850883407366248,352.2662658691406,338.1365966796875,-6106.1011962890625,-4695.2266845703125,4017.749803501977,4028.8821260457025,11.000000000000089,16.63606855604384,0.024436006529463664,-0.08885584026575089,-0.36842150546448005,-0.08297831135268734,-0.05131032993541886,441,15.021050453186035,28.277094786800742,27.861805606254766
-5.936946630477905,2.9976264238357544,2.525518298149109,0.0018136173836818148,0.01369147241017899,360.62098693847656,345.75157928466797,-6113.5001220703125,-4751.9127197265625,3865.0972735947516,3911.50145893145,11.02500000000009,16.636057959662544,0.030171475890609954,-0.06749449670314789,-0.3703748342555123,-0.0828756672986108,-0.05201869333467711,442,14.491249084472656,28.043655516264703,28.18836188776319
-5.965867853164673,2.9995728731155396,2.562155604362488,0.0021523700439311055,0.013391006461677303,368.2760925292969,352.70977783203125,-6114.601806640625,-4803.0196533203125,3712.2597705429944,3792.703640938291,11.05000000000009,16.636199951171875,0.035807316501935325,-0.046253155916929245,-0.37179356674722475,-0.08263518801336585,-0.05267010253731049,443,13.959012031555176,28.007610683456107,28.58802206787277
-5.987524890899659,2.995676636695862,2.5950316190719604,0.0024826484423679795,0.013007960673139845,375.1990661621094,359.00975036621094,-6109.2620849609375,-4847.2923583984375,3559.394725376979,3672.6281496052875,11.07500000000009,16.63649770948622,0.0413026577896542,-0.025618093088269234,-0.3726913849297177,-0.08225626596332881,-0.05326484882656323,444,13.42509937286377,28.179510101506718,28.95052529409445
-6.002860522270203,2.9858696460723877,2.6238861083984375,0.002801533114654871,0.012487368856083597,381.3594665527344,364.62815856933594,-6097.3548583984375,-4886.5927734375,3406.663173252955,3551.4458406453305,11.10000000000009,16.636951234605576,0.046609089606338076,-0.004731383640319109,-0.3730698534101316,-0.08174037004828844,-0.053802495277568994,445,12.890254974365234,28.511961714043828,29.175024576018956
-6.0108770608901985,2.969930648803711,2.6485613584518433,0.00310591604256844,0.011884477038965495,386.7070007324219,369.52691650390625,-6078.7183837890625,-4919.2642822265625,3254.229301792993,3429.2810213093962,11.12500000000009,16.637562645806206,0.051675037377410464,0.01573556661605835,-0.37292630902737633,-0.08108642668143028,-0.05428248845216375,446,12.355228424072266,28.912411849293452,29.198807041043658
-6.011151599884034,2.947934865951538,2.669214963912964,0.0033952185607351104,0.011253371318752065,391.22596740722656,373.6949005126953,-6053.3155517578125,-4944.5718994140625,3102.2613421982646,3306.299414253735,11.150000000000091,16.638334062364365,0.05649099747339884,0.03547260910272598,-0.37228551917958963,-0.08029734869519661,-0.05470376724710066,447,11.82075309753418,29.2691731415245,29.015273410322344
-6.005178332328796,2.9198397397994995,2.685636043548584,0.0036671504546471434,0.010499518839421202,394.8336486816406,377.09088134765625,-6021.166748046875,-4965.24658203125,2950.928453404317,3182.685116768386,11.175000000000091,16.639264424641926,0.061018959515624575,0.055672090500593185,-0.3711453533378995,-0.07937484217716077,-0.05506481698950974,448,11.287542343139648,29.483046098487897,28.675724854302302
-5.992188549041749,2.885511636734009,2.6975384950637817,0.003918725810976883,0.00965482031770231,397.5139617919922,379.6988067626953,-5981.0438232421875,-4981.109130859375,2800.3992847031423,3058.5539522176064,11.200000000000092,16.64035373263889,0.06520931919415791,0.07673799246549606,-0.36949319477664155,-0.07831919008818858,-0.05536465563873904,449,10.756322860717773,29.495144077725552,28.274483208639033
-5.9702242612838745,2.845417022705078,2.7046889066696167,0.004149414078100916,0.008797165933399105,399.21629333496094,381.45391845703125,-5929.5987548828125,-4991.92041015625,2650.873189122084,2934.0262239461235,11.225000000000092,16.64160410563151,0.06905330138074027,0.09977542608976364,-0.36728573383858854,-0.0771343164296987,-0.05560227618700136,450,10.227856636047363,29.302796216688133,27.921941100372177
-5.941377222537994,2.7995314598083496,2.706820487976074,0.004356521926307439,0.007772287399030891,399.8120880126953,382.22679138183594,-5870.9774169921875,-4997.3907470703125,2502.6332202500093,2809.228213692218,11.250000000000092,16.643011305067276,0.07250610325071546,0.12316367775201797,-0.3644978036514391,-0.07582041261639448,-0.055775947579588155,451,9.702966690063477,28.95915777458237,27.71367007608743
-5.905494976043702,2.747758150100708,2.7035597562789917,0.0045359396611095925,0.006582975832255747,399.1865539550781,381.9101257324219,-5805.38134765625,-4997.0552978515625,2355.858784825199,2684.2934450154607,11.275000000000093,16.644568973117405,0.07549928294287787,0.14664100110530853,-0.3611242776300948,-0.07438017926006883,-0.0558842383674135,452,9.182490348815918,28.5571606161423,27.704670176950124
-5.861108446121216,2.6900863647460938,2.6947388648986816,0.004684105044475071,0.0053166978696800125,397.28082275390625,380.4506530761719,-5730.460205078125,-4990.57373046875,2210.7242511337868,2559.3670625691716,11.300000000000093,16.646266513400608,0.07797343035538991,0.17096702754497528,-0.3571606949797299,-0.07281666651240773,-0.05592615818744703,453,8.667269706726074,28.20310498309018,27.895937128417657
-5.807328009605408,2.6269285678863525,2.680117964744568,0.004800455535638461,0.003990699299882226,394.0959014892578,377.8303985595703,-5644.85791015625,-4977.669921875,2067.462746006827,2434.6027193074524,11.325000000000093,16.64809438917372,0.07991905013720195,0.19654448330402374,-0.3525669751259386,-0.0711329682175838,-0.05590023397871079,454,8.15817928314209,27.987970683827065,28.236449879146942
-5.745768189430237,2.5581400394439697,2.6594403982162476,0.004881430717087731,0.002494853990524084,389.6390075683594,374.0685119628906,-5551.8731689453125,-4958.0113525390625,1926.3412982529126,2310.1609712605764,11.350000000000094,16.650043063693577,0.08127667009830475,0.22196678817272186,-0.3473356612176687,-0.06932972935992354,-0.05580428111687307,455,7.65613317489624,27.964598544288254,28.63896247796757
-5.676156783103943,2.4836336374282837,2.6324843168258667,0.004923051451647276,0.0008497281641125736,383.9471435546875,369.2015838623047,-5451.2838134765625,-4931.3182373046875,1787.544469029271,2186.210687447098,11.375000000000094,16.652098761664497,0.08197980622450511,0.24721390008926392,-0.3414712473392597,-0.06741052648154713,-0.05563654774127932,456,7.162045478820801,28.1365291128404,29.004160344629145
-5.595994317531586,2.4034461975097656,2.5991921424865723,0.004922732600524578,-0.0007868038313155085,377.06903076171875,363.2700653076172,-5341.8751220703125,-4894.2203369140625,1651.2623736923476,2062.927731514478,11.400000000000095,16.65424982706706,0.08198507957988316,0.2712394893169403,-0.3349891465355205,-0.06537952077165785,-0.055395727238519696,457,6.676817893981934,28.460410610045624,29.245885404130025
-5.500452411174774,2.319062829017639,2.5599422454833984,0.004886305030090687,-0.0021255457179553375,369.11688232421875,356.34307861328125,-5213.631103515625,-4847.8597412109375,1517.7154956405795,1940.572223091623,11.425000000000095,16.656490961710613,0.081389339433776,0.29800179600715637,-0.32787324668185597,-0.0632526454237149,-0.05507928128318024,458,6.201335430145264,28.8598668776744,29.31066900395112
-5.393164908885956,2.2310062646865845,2.5147573947906494,0.004816110969718384,-0.003431487485830627,359.8436584472656,348.50775146484375,-5073.4501953125,-4792.0206298828125,1387.3747180526768,1819.3757295613452,11.450000000000095,16.658811569213867,0.08023130397001903,0.3249131739139557,-0.320087794840632,-0.06103154410745361,-0.054682174836324995,459,5.736543655395508,29.24587057237169,29.18727203945134
-5.27680184841156,2.1385690569877625,2.463532328605652,0.004712286698354074,-0.004860072373204756,349.7268524169922,339.8546600341797,-4925.2598876953125,-4727.6429443359375,1260.5384631698512,1699.5752138142698,11.475000000000096,16.66120105319553,0.07851294345325893,0.3511302173137665,-0.3116375181227833,-0.05870634648208383,-0.0541991689607471,460,5.283403396606445,29.537671988719225,28.905189757456434
-5.152122592926026,2.041671395301819,2.4059791564941406,0.004570746448348818,-0.006438767219673907,338.70689392089844,330.35973358154297,-4769.9495849609375,-4655.2279052734375,1137.4069659774545,1581.3841402058652,11.500000000000096,16.663645638359917,0.07616582843992445,0.37652918696403503,-0.302541990762322,-0.05628428053325163,-0.05362687228724588,461,4.842856407165527,29.67910472419518,28.52409433199655
-5.018827486038209,1.9400617480278015,2.341760277748108,0.004388237210042975,-0.008135558176177211,326.8457489013672,320.0013122558594,-4607.0968017578125,-4574.64501953125,1018.1582263534162,1465.0034425740223,11.525000000000096,16.66613048977322,0.07313540412320031,0.4012534022331238,-0.29281995475541966,-0.05376788042518177,-0.05296420706781771,462,4.415815353393555,29.6471392984118,28.118193912456753
-4.867748385667801,1.8381322026252747,2.271043300628662,0.0041678067944536015,-0.009445360617372977,314.5044631958008,308.95079040527344,-4420.2879638671875,-4485.462646484375,902.9808063094553,1350.6373170857332,11.550000000000097,16.668646070692276,0.06947209437688191,0.4302319288253784,-0.28242670228527644,-0.05122230621960794,-0.05221069060451501,463,4.003198623657227,29.45210330215816,27.760008685811293
-4.706336981058121,1.7329919934272766,2.1940208673477173,0.003914344598894513,-0.010838958486000515,301.63975524902344,297.21887969970703,-4224.416015625,-4386.464111328125,792.4736072127577,1238.5007509236152,11.575000000000097,16.671184963650173,0.06525709397262996,0.45810097455978394,-0.27131943968212613,-0.048589773562659214,-0.051362619438946884,464,3.606015682220459,29.13112363989509,27.507253862348925
-4.534401094913483,1.6246609091758728,2.110629677772522,0.003623924021203795,-0.012284256009586518,288.16114807128906,284.74474334716797,-4022.29345703125,-4274.488037109375,686.8632068221139,1128.8391481404026,11.600000000000097,16.673731274074978,0.06042460186613931,0.48253440856933594,-0.25953851383648346,-0.04587717962543998,-0.0504155827105579,465,3.2252676486968994,28.737542503278497,27.395013288621126
-4.346085453033448,1.513204276561737,2.022450566291809,0.0033045397461381886,-0.01323173070313915,273.6028366088867,271.8905944824219,-3813.8038330078125,-4138.935546875,586.3058703963131,1021.9769472126575,11.625000000000098,16.676259570651585,0.05510756538973914,0.4985232651233673,-0.2472723600402284,-0.04309133419408136,-0.04936525694376587,466,2.8618052005767822,28.32937560645185,27.433743878882723
-4.1446208536624916,1.4033635258674622,1.9303714632987976,0.002964942234443476,-0.013809982038390215,259.2621307373047,258.70137786865234,-3588.3994140625,-3996.1915283203125,490.96077457109743,918.5035585407692,11.650000000000098,16.6787592569987,0.04945170134305954,0.5166935920715332,-0.23459308337987475,-0.04030853891440871,-0.048205458611414766,467,2.5162365436553955,27.95944638015744,27.612189213197716
-3.934673583507538,1.2921974062919617,1.8343932628631592,0.0026131069253763337,-0.014347345528530156,244.67969512939453,245.10020446777344,-3353.6513671875,-3847.258056640625,401.2507892195129,818.5987703327474,11.675000000000098,16.68121549818251,0.04358989910946952,0.5349634885787964,-0.22144492392009907,-0.037471759486905024,-0.0469299209625645,468,2.189202308654785,27.66872678748193,27.903315003677196
-3.7191730320453646,1.1792868077754974,1.7343577146530151,0.002246341269447935,-0.014996841624427344,229.88548278808594,231.18231201171875,-3114.9434204101562,-3692.113525390625,317.40950503980247,722.4173189167172,11.700000000000099,16.68360710144043,0.03747713648610645,0.5520026683807373,-0.20785496268023604,-0.03458013454540522,-0.045534649255579956,469,1.8813576698303223,27.483222822088916,28.271323637590257
-3.4933191478252414,1.0645573139190674,1.6302873492240906,0.0018648486447805882,-0.015413096823698631,214.93224334716797,217.09758758544922,-2872.2439575195312,-3521.9910888671875,239.53591952952524,630.1144807819364,11.7250000000001,16.685909695095486,0.0311167331205474,0.5635109543800354,-0.19388977868753765,-0.031641155270772436,-0.04401949368764981,470,1.5932987928390503,27.413964921495655,28.678261538695832
-3.2506021440029147,0.9521587789058685,1.5242738127708435,0.0014829890552403799,-0.015021661037430122,200.1167984008789,203.12993621826172,-2616.0390014648438,-3334.4493408203125,167.72982059151326,542.0647035602401,11.7500000000001,16.688109503851997,0.024748299684789445,0.5708858370780945,-0.17972146208269346,-0.028720707852256326,-0.04238454996612574,471,1.3254339694976807,27.459253851028286,29.089202624151216
-3.0035582304000856,0.8404664397239685,1.4170536398887634,0.0011134735034344465,-0.014566913797731482,184.9817657470703,188.69557189941406,-2354.8268432617188,-3143.962158203125,102.32884555486667,458.70347003971364,11.7750000000001,16.690182156032986,0.01858408459358745,0.5781787037849426,-0.16535485648993606,-0.02578345339054829,-0.04062712580159325,472,1.0780378580093384,27.608112805786575,29.475548446999767
-2.7550613045692445,0.7287091612815857,1.3084025382995605,0.0007541517598605907,-0.014198208507485719,170.31079864501953,174.60509490966797,-2093.480712890625,-2950.89453125,43.458174473297724,380.10441608461656,11.8000000000001,16.692101160685223,0.0125883799046278,0.5845365524291992,-0.1508188239175792,-0.022823886632332438,-0.038747520799674966,473,0.8513725399971008,27.843973614944066,29.816513654549144
-2.501257598400116,0.617150604724884,1.1984702348709106,0.000406218898552411,-0.013624110039059497,155.85446548461914,160.76454544067383,-1831.9175720214844,-2748.2728881835938,-8.878843348993904,306.3320528033473,11.8250000000001,16.693850623236763,0.0067813580648766626,0.5864141583442688,-0.13617682250097238,-0.019855153294450475,-0.03675106128255105,474,0.6456440091133118,28.14796510826173,30.099190838871156
-2.2385937303304675,0.5074479132890701,1.088297188282013,7.730944196285629e-05,-0.012535704189571234,141.79511642456055,147.3334197998047,-1564.2181701660156,-2535.4931030273438,-54.67678264955703,237.62523059873732,11.850000000000101,16.69541252983941,0.001290712971240282,0.5854088664054871,-0.12152547505341509,-0.016905464159105835,-0.03464526027732796,475,0.46092671155929565,28.501490387839915,30.31765628271214
-1.9732379198074341,0.400330625474453,0.9790330827236176,-0.00021937319720277828,-0.011242988111392658,128.02127838134766,134.39828872680664,-1294.5916137695312,-2319.6392211914062,-93.78223690373406,174.23790302303257,11.875000000000101,16.696770985921223,-0.003662823906375302,0.5835072994232178,-0.10691184462479603,-0.01397964932666618,-0.03243677152554171,476,0.29718974232673645,28.88797073203565,30.47156626026226
-1.7100366562604905,0.294968094676733,0.8705953657627106,-0.0004849485332592972,-0.010026756771364397,114.9251708984375,121.97204208374023,-1028.2945251464844,-2104.3224487304688,-126.14702724799965,116.24692249322555,11.900000000000102,16.697913275824654,-0.00809762885587083,0.5806776881217957,-0.09235584666664197,-0.011069854032361735,-0.030133996468193636,477,0.15436287224292755,29.293802301567027,30.56463122890744
-1.445929852128029,0.1912776455283165,0.7632942795753479,-0.0007180369938213382,-0.008646489792498116,102.53585433959961,110.1982650756836,-764.6782608032227,-1884.5869140625,-151.8543903766887,63.63886127494204,11.925000000000102,16.698825624254013,-0.01199037664466434,0.5748666524887085,-0.07791146844767585,-0.008181548679548819,-0.027749564314515612,478,0.032330095767974854,29.70869107400091,30.603220090852602
-1.181775660812855,0.08903875201940536,0.6574151515960693,-0.0009158626593242013,-0.007121159596817379,91.03862380981445,98.78222274780273,-501.7526206970215,-1663.9940185546875,-170.97134689679598,16.524188423357288,11.950000000000102,16.699500613742405,-0.01529445250829061,0.5683902502059937,-0.06361595261126676,-0.005312723673916584,-0.025298080838611042,479,-0.06910492479801178,30.125554487897308,30.59521307929548
-0.9154249384999276,-0.011886440217494965,0.5538298785686493,-0.0010705835411493293,-0.005287418182000002,80.49335098266602,88.33567810058594,-237.181396484375,-1440.9453125,-183.51516241424815,-25.075662040532237,11.975000000000103,16.699932946099175,-0.017878680179516476,0.5614659786224365,-0.04949512349761006,-0.002454019655705372,-0.022794493032097986,480,-0.15017537772655487,30.540153039897863,30.549156360338095
-0.6511231094598771,-0.11203296855092049,0.452711284160614,-0.0011790650284736316,-0.003423368485546438,70.97839736938477,78.843994140625,27.010711669921875,-1221.193603515625,-189.44469732638433,-61.09929485305482,12.000000000000103,16.700124740600586,-0.01969054341316223,0.5559175610542297,-0.03553095067388806,0.0004086279995360575,-0.020252707589293713,481,-0.21112562716007233,30.95058405026135,30.473717326571453
-0.3869853101670742,-0.21096334149478935,0.35420631617307663,-0.001239270544275024,-0.00143294061217263,62.52865982055664,70.3485336303711,291.31024169921875,-1001.7773742675781,-188.7694295346635,-91.62913494096809,12.025000000000103,16.700078116522896,-0.020695924758911133,0.5506651401519775,-0.021701818842784493,0.003272284157992043,-0.017686901681813683,482,-0.25216180086135864,31.35673358540762,30.37739708051314
-0.12521165851503613,-0.3085465021431446,0.25831835716962814,-0.0012499140860339588,0.0005292608420289499,55.19657897949219,62.907026290893555,554.9298467636108,-785.94287109375,-181.48667349221026,-116.67356929768015,12.050000000000104,16.69979625278049,-0.02087332308292389,0.5468040108680725,-0.00798627551351066,0.006137757195683897,-0.01511054924029802,483,-0.27346566319465637,31.759738414242097,30.268435984919325
0.13369235787540676,-0.40593627095222473,0.16503187641501427,-0.0012128308682262314,0.0024205294297189057,49.003719329833984,56.57102966308594,814.9282760620117,-571.6810455322266,-167.61342732314714,-136.32214107504615,12.075000000000104,16.69928762647841,-0.0202534223596255,0.5423654913902283,0.0056273197205808775,0.009024369204565418,-0.012536547870682193,484,-0.27518537640571594,32.161476881026246,30.154844464988557
0.39152560830116273,-0.503655344247818,0.07449431344866753,-0.0011278247948106387,0.004338517760996607,43.99899101257324,51.3652229309082,1076.4262084960938,-360.82354736328125,-147.24022042162363,-150.6141672133739,12.100000000000104,16.69856071472168,-0.01883305816186799,0.5400155782699585,0.019151484236762144,0.01194552246480013,-0.009976614441465248,485,-0.2574670910835266,32.56408711658767,30.04450308447925
0.6481099709868432,-0.6015122979879379,-0.013475373387336731,-0.0009953327256349404,0.0062092968806148,40.16794490814209,47.29243087768555,1339.9673156738281,-154.24426651000977,-120.32956520924823,-159.63475589747765,12.125000000000105,16.69762399461534,-0.016619697627094056,0.5402970314025879,0.03265015938847891,0.014906253055621268,-0.0074400757380976195,486,-0.22039450705051422,32.96950517220431,29.945293565114554
0.9029499158263207,-0.6987317800521851,-0.0991484047845006,-0.0008175894793756067,0.00794379029189414,37.46941375732422,44.368903160095215,1604.4296875,48.267799377441406,-86.83038231743015,-163.49086256024955,12.150000000000105,16.69648594326443,-0.013650874089863565,0.5426918864250183,0.04618411934404462,0.017898583457177552,-0.004933706176602195,487,-0.16395914554595947,33.37901059879936,29.865227032301775
1.1513993814587593,-0.7957001030445099,-0.18291171081364155,-0.000601025718816189,0.009245898174104449,35.87247562408447,42.53475856781006,1860.871826171875,247.1396026611328,-46.71964012995787,-162.28416757583474,12.175000000000106,16.69515715705024,-0.010034219465321965,0.5438430309295654,0.05977409306747527,0.02092523066594438,-0.002462192556393459,488,-0.08808495849370956,33.79275916585027,29.81250894430651
1.3950046211481095,-0.8914568424224854,-0.2652194947004318,-0.0003566747070919392,0.010245058998750634,35.2732470035553,41.676780223846436,2111.6740112304688,442.81788635253906,-0.1978444756878659,-156.10567750932728,12.200000000000106,16.693647172715927,-0.005954201850626204,0.544448733329773,0.07337731185613985,0.02395602137886034,-3.024944794743338e-05,489,0.0072738537564873695,34.209294123825764,29.795468762608905
1.6345591694116595,-0.9851661324501038,-0.346248559653759,-9.044553605453716e-05,0.01099317735935942,35.61686182022095,41.77276802062988,2358.0292358398438,635.5586700439453,52.59400580504757,-145.0352303505343,12.225000000000106,16.691965527004665,-0.0015097138627121847,0.5447123646736145,0.08699338871944248,0.026970998532506656,0.0023580000197846616,490,0.12213597446680069,34.625057303155295,29.822313740504075
1.8686299473047259,-1.0768017768859863,-0.42626166343688965,0.00019074369533577604,0.0114195421678,36.69235289096832,42.82108974456787,2598.4541015625,824.2197875976562,111.54473670101785,-129.14626359945586,12.250000000000107,16.690119637383354,0.003183535300195217,0.5446015000343323,0.10060825051549775,0.029963233746859917,0.004700143307961693,491,0.2565097510814667,35.03394529703461,29.90068361452859
2.0950578808784486,-1.1673115491867065,-0.5057056546211243,0.0004770335287739395,0.01140782009781445,38.73844528198242,44.7923743724823,2828.9360961914062,1008.8453674316406,176.50608924005473,-108.54076890953456,12.275000000000107,16.688122219509548,0.00796079428659545,0.5426822304725647,0.11420741630587837,0.03293754567901748,0.006994579862295103,492,0.41038766503334045,35.426976577248325,30.036967832140828
2.3128175377845768,-1.2589150667190552,-0.5848307758569717,0.0007569803932400803,0.010980398347316244,41.72533619403839,47.67717909812927,3045.231201171875,1191.7900085449219,247.22949164481534,-83.31963472376323,12.300000000000107,16.685984929402668,0.012630966181556383,0.5370501279830933,0.12770627246932548,0.03591287814282715,0.009239220505730535,493,0.5836919546127319,35.792172265663645,30.235362825415777
2.5262292563915256,-1.3482269644737244,-0.6636364758014679,0.0010250999226375434,0.010444316503450903,45.651198387145996,51.49276661872864,3256.5078125,1371.7910766601562,323.3602716740892,-53.52488451015968,12.325000000000108,16.683724721272785,0.017102491110563278,0.5309230089187622,0.14105654088870298,0.03882380996193273,0.01143176149989534,494,0.7762343883514404,36.11478713344177,30.49670162276255
2.7352118432521824,-1.4358325600624084,-0.7420488893985748,0.0012782187550687825,0.009811485970312726,50.53103645145893,56.25938940048218,3461.90380859375,1549.5509643554688,404.77296698656664,-19.23010759367496,12.350000000000108,16.68135643005371,0.02132243373327785,0.5236017107963562,0.15424098591833102,0.04167672336027471,0.013571521970206139,495,0.9877932667732239,36.37802021495473,30.817180774366598
2.9394200801849366,-1.5223109126091003,-0.8198042809963226,0.001514939056054412,0.00909870546871523,56.4031548500061,61.981738567352295,3660.209716796875,1725.6376953125,491.3205622013885,19.508666515192814,12.375000000000108,16.678895950317383,0.025267530646589067,0.5145033001899719,0.1672242624171172,0.044476795897519246,0.015659613994477496,496,1.2181073427200317,36.56431268815754,31.187162605373334
3.1345892667770388,-1.6078162789344788,-0.8972541987895966,0.001729642244891327,0.008076516623018264,63.31597304344177,68.70873641967773,3849.5750732421875,1894.076904296875,582.8258051212889,62.649608897986234,12.400000000000109,16.67636341518826,0.028844171514113743,0.5059894323348999,0.1799800050902697,0.04722405254080154,0.01769788722131026,497,1.4668636322021484,36.65729976624512,31.590292107928605
3.320838272571564,-1.694319725036621,-0.9747218191623688,0.0019147810946992974,0.006775151513080736,71.26427602767944,76.08930015563965,4024.5029296875,2060.5661010742188,679.0651819523231,110.00153150538986,12.425000000000109,16.67378001742893,0.031926677458816104,0.49397605657577515,0.1924820816695922,0.04993419345698546,0.01968654658927269,498,1.733731985092163,36.644364264050616,32.00325623385192
3.5029837965965274,-1.7785919904708862,-1.0520464777946472,0.002068533394718788,0.005536206841935192,80.24855327606201,84.62266063690186,4195.1279296875,2223.7849731445312,779.6777551944916,161.51568403222728,12.45000000000011,16.671168009440105,0.034484917090998754,0.48191460967063904,0.20467711241998535,0.05254899528673914,0.021624776505280944,499,2.0182995796203613,36.51959898220604,32.396536271955426
3.6810804545879368,-1.8610180020332336,-1.129061996936798,0.002191618770607636,0.004355101660417505,90.15800857543945,94.05772113800049,4361.1761474609375,2384.1046142578125,884.5559534366606,217.1103083608229,12.47500000000011,16.668548583984375,0.036531161102983684,0.46948468685150146,0.21657245432396052,0.055076855309874745,0.023512780867605984,500,2.3201346397399902,36.28677932778138,32.7364545754788
3.8540026366710665,-1.9425212740898132,-1.2054898738861084,0.0022860540987577906,0.003200299876002204,100.97646141052246,104.32816696166992,4519.0911865234375,2543.0111694335938,993.5853571231661,276.7129237172509,12.50000000000011,16.66593975490994,0.03809930549727546,0.4548739492893219,0.22813458484129634,0.057533375905309846,0.025352086832685406,501,2.6387906074523926,35.96175115648201,32.988660415590786
4.021434915065766,-2.0219662189483643,-1.2809337973594666,0.002352109596393138,0.0021072817383936283,112.62837600708008,115.35814666748047,4669.946533203125,2698.8453979492188,1106.5626367862346,340.2882029530732,12.52500000000011,16.663364834255642,0.03919413106309043,0.4392593502998352,0.2393077773261829,0.05989558730864252,0.027144523243174033,502,2.9737489223480225,35.57353367653891,33.12294451973543
4.177109622955323,-2.100312829017639,-1.3559172749519348,0.0023872438172077935,0.0006709493018902811,125.02933502197266,127.16045379638672,4809.398193359375,2844.4630126953125,1223.311300116296,407.7593379017865,12.55000000000011,16.660841835869682,0.03977356685532464,0.42477884888648987,0.25012026128617504,0.062175590258075814,0.028891061736750826,503,3.3244664669036865,35.16338944786794,33.11889572765633
4.326242125034333,-2.176988363265991,-1.4307253956794739,0.00238572810404051,-0.0007666680318167314,138.06621551513672,139.55286407470703,4940.29248046875,2986.5675659179688,1343.546254950265,478.8709132191533,12.575000000000111,16.658396191067165,0.0397424813773897,0.40912866592407227,0.26053898023424216,0.06435361494370509,0.030589769441030878,504,3.69041109085083,34.781301598308794,32.97148024520032
4.470884746313096,-2.2513870000839233,-1.5051445364952087,0.0023491668554034653,-0.0020954682522827672,151.58731842041016,152.44259643554688,5066.75244140625,3124.8067016601562,1467.0535669619692,553.5351023670869,12.600000000000112,16.656040615505642,0.03912789126237234,0.39374908804893494,0.27057811550318894,0.06642266224529048,0.032238132997735425,505,4.071025371551514,34.479739050484476,32.69530744743301
4.611223530769348,-2.323560357093811,-1.5788028836250305,0.0022818078652502003,-0.003278500844624534,165.35942459106445,165.35784912109375,5186.423828125,3261.8820190429688,1593.7223779971116,631.6552699085755,12.625000000000112,16.653784645928276,0.038000804682572685,0.3764832019805908,0.28021384844601593,0.06838755914230775,0.03383533057199682,506,4.465756416320801,34.30520444720082,32.326198790709476
4.745626723766327,-2.393298864364624,-1.6511276364326477,0.0021856178156279007,-0.004355596061709716,179.5386505126953,178.50934219360352,5297.4345703125,3396.6595458984375,1723.3829737002231,713.2023203846344,12.650000000000112,16.651636759440105,0.036394169761074915,0.35707736015319824,0.28938470997581284,0.07024329556295619,0.035381880231870874,507,4.873985767364502,34.28878037311801,31.918849331017487
4.875533902645111,-2.4599529504776,-1.7216999530792236,0.0020653789532284004,-0.005212969825816028,193.8096466064453,191.74796676635742,5403.3785400390625,3528.2060546875,1855.8188379580233,798.1188090320802,12.675000000000113,16.649607552422417,0.03438779877291785,0.33724018931388855,0.29806471762719444,0.07198015096925703,0.036878397833359666,508,5.2950239181518555,34.43759083967824,31.53994182217568
4.992915093898773,-2.523656129837036,-1.7908057570457458,0.0019214471897657395,-0.006361954267725186,208.0689239501953,205.0734405517578,5499.3331298828125,3646.7337646484375,1990.903301458988,886.323960399253,12.700000000000113,16.64770550198025,0.03198772668838501,0.32013773918151855,0.30629012368049957,0.07360214506998058,0.038325538763762705,509,5.728185653686523,34.72953475570376,31.25707971122571
5.099928641319275,-2.5847796201705933,-1.8593103289604187,0.001744820572621665,-0.007712213870949539,222.25536346435547,218.35363006591797,5584.6527099609375,3756.8375244140625,2128.3866297060476,977.4923045154507,12.725000000000113,16.64594226413303,0.029044213394323986,0.30334046483039856,0.3140850963226206,0.07510417208597449,0.0397206107336655,510,6.172846794128418,35.11345557403113,31.125213436733734
5.2034824132919315,-2.642794132232666,-1.9270184636116028,0.0015371161139131266,-0.008842018351523623,236.2581329345703,231.4410171508789,5665.1893310546875,3865.337890625,2268.0029474550615,1071.41324262579,12.750000000000114,16.64432207743327,0.025584275523821514,0.2855362296104431,0.3214487700262033,0.07648025238835364,0.04105918207656657,511,6.628393650054932,35.515976158631794,31.173367139843407
5.3031692743301395,-2.6971784830093384,-1.9932432174682617,0.001304093809757559,-0.009747497283339767,249.98159790039062,244.24005889892578,5740.5511474609375,3971.8897705078125,2409.6326807314194,1168.0466898914026,12.775000000000114,16.64284388224284,0.02170384137166871,0.266710102558136,0.3283540138376425,0.07772855089267944,0.04233948844824376,512,7.094189643859863,35.8547399082318,31.395080375560394
5.396351313591004,-2.747870922088623,-2.0573853254318237,0.0010499343549326015,-0.010551605484975567,263.33329010009766,256.68148040771484,5806.99267578125,4075.4056396484375,2553.1464594179342,1267.3439341540857,12.800000000000114,16.64150873819987,0.017472499360640843,0.24590934813022614,0.33476587376763095,0.0788505073704162,0.04356215402707755,513,7.569557189941406,36.05599351852742,31.745811340564764
5.484152972698212,-2.7944962978363037,-2.119162917137146,0.0007780386113517714,-0.011152619565465705,276.27733612060547,268.71842193603516,5867.3914794921875,4175.08056640625,2698.321276312458,1369.229075145285,12.825000000000115,16.64031982421875,0.012946812849905755,0.22458308935165405,0.3406476647721527,0.07983980513635339,0.04472821911036874,514,8.05375862121582,36.07271786526388,32.14936883832911
5.566512334346772,-2.836740016937256,-2.178107738494873,0.0004937785117300099,-0.011542605177296881,288.74302673339844,280.16112518310547,5922.382568359375,4270.176513671875,2845.0060632997556,1473.6060893054298,12.850000000000115,16.63927396138509,0.008216116887827715,0.20333535969257355,0.34599559184665446,0.08069623613103083,0.0458389070877431,515,8.546030044555664,35.898479354695745,32.513278801776856
5.636679244041443,-2.8743122816085815,-2.2348976135253906,0.00019694617540825295,-0.012203492528637963,300.7960662841797,291.1421203613281,5971.3475341796875,4348.943603515625,2993.0656275087335,1580.3605021472158,12.875000000000115,16.638371149698894,0.0032768636527988645,0.18741583824157715,0.35087889717947823,0.08141817749065929,0.04689500026277083,516,9.045639991760254,35.572453086589874,32.7502932338733
5.701545798778534,-2.907180666923523,-2.2900309562683105,-0.00011600595770107682,-0.01278024895666776,312.3173599243164,301.650146484375,6013.6588134765625,4424.64208984375,3142.34931586322,1689.0840922350974,12.900000000000116,16.637614568074543,-0.0019300624262541533,0.17046330869197845,0.3553579679483416,0.082004181121396,0.047894680195770124,517,9.551987648010254,35.17293536909939,32.80087196723003
5.760975897312164,-2.9351872205734253,-2.3430086374282837,-0.00044141664252099754,-0.013237152732670983,323.2281951904297,311.6498794555664,6048.1368408203125,4498.205078125,3292.690786200129,1799.7001444811824,12.925000000000116,16.637003156873917,-0.0073438505124714636,0.15161381661891937,0.35938972752261256,0.08245378513123942,0.0488364446974386,518,10.064462661743164,34.79974275772979,32.65044333876557
5.813194382190705,-2.958460569381714,-2.393386125564575,-0.0007781025896357713,-0.013637545478699487,333.53466796875,321.08709716796875,6073.204345703125,4567.9576416015625,3443.894207220633,1912.1552714342988,12.950000000000117,16.63654115464952,-0.012944938821925057,0.13101258873939514,0.36292291005130706,0.0827660199631052,0.04971982771458549,519,10.58238697052002,34.54919377034618,32.33598397593739
5.860163915157319,-2.976858973503113,-2.4408360719680786,-0.0011222287755552447,-0.013838098153539266,343.22521209716797,329.90308380126953,6092.600830078125,4633.772216796875,3595.724315863208,2026.3542124743299,12.975000000000117,16.636229621039497,-0.01866966485977173,0.11005856096744537,0.36593617695619085,0.08294129341353525,0.050544392322344464,520,11.105025291442871,34.48802786154555,31.938858628662366
5.901534605026246,-2.9900227785110474,-2.4849774837493896,-0.0014689211148414965,-0.013850879246177046,352.2677001953125,338.1378631591797,6106.1031494140625,4695.237548828125,3748.039336615159,2142.198517894244,13.000000000000117,16.63606855604384,-0.02443709100286166,0.0888519138097763,0.3684219049386436,0.08297830303030894,0.05131046309347337,521,11.631625175476074,34.63379303065459,31.564657531372223
5.936953055858613,-2.997627377510071,-2.5255255699157715,-0.0018136820121516278,-0.01369143495947616,360.6222839355469,345.7527389526367,6113.5009765625,4751.9229736328125,3900.6919153505087,2259.57945661494,13.025000000000118,16.636057959662544,-0.030172552085585065,0.06749056279659271,0.37037516715064855,0.08287563817028638,0.052018814009164006,522,12.16142749786377,34.9480590228577,31.314918182209766
5.965872526168823,-2.9995728731155396,-2.562162160873413,-0.0021524333720292924,-0.013390954446812263,368.27728271484375,352.71083068847656,6114.60205078125,4803.0283203125,4053.5294397645703,2378.377530955754,13.050000000000118,16.636201010810005,-0.03580836786164178,0.04624940827488899,0.37179379977382015,0.0826351255955278,0.05267021488941898,523,12.69366455078125,35.34536991073081,31.258601593705333
5.987528395652771,-2.9956753253936768,-2.595037341117859,-0.0024827100799830527,-0.013007881610544982,375.2001190185547,359.0106658935547,6109.2606201171875,4847.300048828125,4206.3944910341015,2498.4532389635606,13.075000000000118,16.63649770948622,-0.041303684314092,0.025614291429519653,0.37269151808777223,0.08225618690073395,0.05326494869510411,524,13.227577209472656,35.71614359477149,31.411849381320856
6.0028628587722785,-2.985867500305176,-2.623891234397888,-0.002801592411601017,-0.012487264826353515,381.3603820800781,364.62896728515625,6097.352294921875,4886.5997314453125,4359.126006537032,2619.6357401842583,13.100000000000119,16.636951234605576,-0.04661007887787289,0.004727538209408522,0.37306988669964525,0.08174027017974755,0.05380259098492067,525,13.762421607971191,35.957254110399155,31.732457742830068
6.010878229141236,-2.9699273109436035,-2.648565649986267,-0.0031059727387713343,-0.011884376130127315,386.707763671875,369.52760314941406,6078.714111328125,4919.26953125,4511.55981391008,2741.8007334703866,13.125000000000119,16.637562645806206,-0.05167598111761941,-0.01573915034532547,0.3729262424483491,0.08108629768456498,0.05428257167594781,526,14.29744815826416,36.001364348085865,32.13118095927192
6.011151015758514,-2.947930335998535,-2.669218420982361,-0.0033952723961204272,-0.011253248563670569,391.2265930175781,373.6954650878906,6053.3106689453125,4944.576416015625,4663.527666693286,2864.782471751633,13.15000000000012,16.638334062364365,-0.05649189154307047,-0.035476285964250565,0.3722853527320215,0.08029719057000688,0.05470383798731711,527,14.831923484802246,35.83620547676393,32.496811593095046
6.0051765799522405,-2.9198341369628906,-2.6856387853622437,-0.003667200909066233,-0.010499373197799087,394.83409118652344,377.09132385253906,6021.16015625,4965.2501220703125,4814.860433416922,2988.39688215202,13.17500000000012,16.639265484280056,-0.06101980391475889,-0.055675867944955826,0.3711451203113041,0.07937466324602503,0.05506487940734779,528,15.365134239196777,35.50796910187904,32.72767032910276
5.992185044288636,-2.885504961013794,-2.6975404024124146,-0.00391877262435542,-0.009654679877566701,397.5142517089844,379.69911193847656,5981.03515625,4981.1116943359375,4965.389437323176,3112.5281352037755,13.20000000000012,16.64035373263889,-0.06521009736590916,-0.07674219459295273,0.3694928285919917,0.07831898618991762,0.05536470557300948,529,15.896352767944336,35.107861320647686,32.76015162611935
5.970220172405243,-2.8454092741012573,-2.704689860343933,-0.004149456730290249,-0.00879699324404717,399.2164001464844,381.45404052734375,5929.5889892578125,4991.9219970703125,5114.915316229431,3237.055927562172,13.22500000000012,16.64160410563151,-0.06905401332510842,-0.09977968782186508,0.3672852677853978,0.07713408756429252,0.05560231363770419,530,16.42481803894043,34.74599601325541,32.585975914455894
5.941371381282806,-2.799522638320923,-2.7068206071853638,-0.004356559897158919,-0.0077720819403139805,399.81199645996094,382.2267303466797,5870.9666748046875,4997.391357421875,5263.155040960882,3361.8539774889286,13.25000000000012,16.643012364705402,-0.07250674068927765,-0.1231679692864418,0.36449723772970744,0.07582015878385308,0.055775976707912574,531,16.949708938598633,34.52052359688818,32.25337050757357
5.905487966537476,-2.7477481365203857,-2.703558921813965,-0.004535972430474568,-0.006582743845957666,399.1862335205078,381.90989685058594,5805.369140625,4997.054931640625,5409.929207831006,3486.788761424475,13.275000000000121,16.644570032755535,-0.07549982931878832,-0.14664532244205475,0.3611236118398223,0.07437990462158142,0.055884255012170314,532,17.470184326171875,34.49109758970805,31.852350701174085
5.861099100112916,-2.6900750398635864,-2.694736957550049,-0.004684132092204893,-0.0053164804475441425,397.2802734375,380.4501953125,5730.444580078125,4990.572265625,5555.06343634664,3611.715134715491,13.300000000000122,16.646266513400608,-0.07797387739022572,-0.1709718555212021,0.3571599293209165,0.0728163627455959,0.05592616234863623,533,17.985403060913086,34.664116350406715,31.489028477894056
5.807316911220551,-2.626915693283081,-2.680114984512329,-0.004800476861733127,-0.003990462892320617,394.0951385498047,377.8297424316406,5644.8409423828125,4977.6668701171875,5698.324550848602,3736.4794413561167,13.325000000000122,16.64809438917372,-0.07991940610938603,-0.19654953479766846,0.35256607630907066,0.07113263532244754,0.05590022565633238,534,18.49449348449707,34.99325065593123,31.25685977013683
5.745755338668824,-2.558125853538513,-2.6594362258911133,-0.004881445801398593,-0.002494596777016458,389.63800048828125,374.06764221191406,5551.85400390625,4958.00732421875,5839.445574408182,3860.921113109048,13.350000000000122,16.650043063693577,-0.0812769267294142,-0.2219720482826233,0.3473346625322599,0.06932936317527365,0.055804260310927056,535,18.996536254882812,35.394054462291365,31.213052272806017
5.676142179965973,-2.483618378639221,-2.632478952407837,-0.004923059774025683,-0.0008494370109055088,383.9459228515625,369.2005310058594,5451.262939453125,4931.3128662109375,5978.24192450585,3984.871296214519,13.375000000000123,16.652098761664497,-0.08197993867927128,-0.24721921980381012,0.3414701154957964,0.06741013741035663,0.05563651029057649,536,19.490623474121094,35.76752201897331,31.366191443584043
5.595976793766022,-2.403430700302124,-2.599185585975647,-0.0049227336408218785,0.0007870255446777441,377.06761169433594,363.2688293457031,5341.850830078125,4894.212646484375,6114.523497992191,4108.154117869796,13.400000000000123,16.65424982706706,-0.0819851044151518,-0.27124500274658203,0.33498788153400266,0.06537912129749433,0.055395673143060056,537,19.975849151611328,36.02540305390804,31.677362903215982
5.500434303283692,-2.319047689437866,-2.559934377670288,-0.004886298788306882,0.0021258680800814267,369.1152648925781,356.3416442871094,5213.607421875,4847.8505859375,6248.069768744157,4230.50943403191,13.425000000000123,16.656490961710613,-0.08138924009270138,-0.29800650477409363,0.3278718485222837,0.06325224803014601,0.05507921470415298,538,20.451330184936523,36.11041492568117,32.07300827812139
5.393145632743836,-2.230991840362549,-2.514748454093933,-0.0048160969257048224,0.0034318466484737323,359.84181213378906,348.50616455078125,5073.4263916015625,4792.00927734375,6378.409954291048,4351.705698680354,13.450000000000124,16.658811569213867,-0.08023107217417823,-0.3249169886112213,0.32008629681251877,0.06103116127804691,0.05468209161254094,539,20.916118621826172,36.00680649700301,32.46478766260236
5.276781988143921,-2.1385546922683716,-2.4635220766067505,-0.004712262771516155,0.004860480689895325,349.7248229980469,339.85292053222656,4925.236572265625,4727.630126953125,6505.245614081105,4471.505930613955,13.475000000000124,16.66120105319553,-0.07851254608896044,-0.35113319754600525,0.3116358869366156,0.058705965733271734,0.05419907325339542,540,21.3692569732666,35.739928494717546,32.770556667458166
5.15210098028183,-2.0416558384895325,-2.4059678316116333,-0.004570712118537891,0.006439162532648216,338.7047119140625,330.3578338623047,4769.9251708984375,4655.21337890625,6628.376528387764,4589.696683787791,13.500000000000124,16.663645638359917,-0.07616525722874536,-0.3765318989753723,0.30254032628664074,0.05628388730087192,0.053626759935137394,541,21.809803009033203,35.366518821492654,32.93118727717401
5.018804121017457,-1.9400437474250793,-2.341747760772705,-0.004388194037704992,0.008135882228786414,326.84342193603516,319.99925994873047,4607.0694580078125,4574.62939453125,6747.624657660244,4706.077018260456,13.525000000000125,16.66613048977322,-0.07313468390040928,-0.4012567400932312,0.2928182237007111,0.05376744558091003,0.052964082232141614,542,22.236841201782227,34.95951786116092,32.91990632765731
4.86771947145462,-1.8381120562553406,-2.2710299491882324,-0.0041677589407777636,0.009445487533643677,314.5021057128906,308.9486312866211,4420.2523193359375,4485.4454345703125,6862.80139411046,4820.442753123747,13.550000000000125,16.668646070692276,-0.06947129964828491,-0.430237352848053,0.28242480478299975,0.051221827682849566,0.0522105491240821,543,22.64945411682129,34.59187636242648,32.743340313150924
4.706304854154587,-1.7329694032669067,-2.194006562232971,-0.003914294404549749,0.010839036508298077,301.6372985839844,297.2166213989258,4224.37548828125,4386.4454345703125,6973.307702093882,4932.578888988016,13.575000000000125,16.671184963650173,-0.06525625785191853,-0.45810768008232117,0.27131740902179496,0.048589238849846596,0.051362461313757164,544,23.046634674072266,34.32312233345577,32.4356321782723
4.5343642950057985,-1.6246368885040283,-2.1106144189834595,-0.0036238725264874047,0.012284230002153998,288.1586151123047,284.7422332763672,4022.2491455078125,4274.4649658203125,7078.917089300938,5042.240024852286,13.600000000000126,16.673731274074978,-0.060423740910159215,-0.4825403094291687,0.2595363167285842,0.04587660330073533,0.05041540794061136,545,23.427379608154297,34.19100683322247,32.048269748366096
4.346046608686447,-1.5131800770759583,-2.0224345922470093,-0.0033044885114961236,0.013231749428490565,273.6001663208008,271.88819885253906,3813.7581787109375,4138.910888671875,7179.4733179386585,5149.101648997808,13.625000000000126,16.676260630289715,-0.05510671271218194,-0.4985290467739105,0.24727001312951777,0.04309073498283609,0.04936505720668411,546,23.79083824157715,34.208923760045415,31.63866092693707
4.144579964876176,-1.403341293334961,-1.9303545355796814,-0.002964890999801411,0.01381001428760654,259.25951385498047,258.6988983154297,3588.3507080078125,3996.16552734375,7274.817272406458,5252.574421214622,13.650000000000126,16.6787592569987,-0.04945084866550234,-0.5166994333267212,0.23459058666635282,0.040307962589704066,0.04820523390719779,547,24.136404037475586,34.36831846607788,31.26013247030658
3.934632694721222,-1.2921761870384216,-1.8343753218650818,-0.002613053089991017,0.01434751613728749,244.67698669433594,245.09766387939453,3353.6045532226562,3847.2303466796875,7364.526040106682,5352.478559398233,13.675000000000127,16.681216557820637,-0.04358900090058645,-0.5349679589271545,0.2214423106932794,0.03747118940398418,0.0469296712912123,548,24.46343421936035,34.64427639720613,30.954977670839124
3.7191321432590487,-1.179266333580017,-1.7343385815620422,-0.0022462817124274635,0.014997110021130954,229.88270568847656,231.1796875,3114.8986206054688,3692.084228515625,7448.366153937278,5448.659318065244,13.700000000000127,16.68360710144043,-0.03747614721457163,-0.5520057678222656,0.2078522495848755,0.03457957798634928,0.045534370455903334,549,24.771276473999023,35.002369973830795,30.75098958370021
3.49327592253685,-1.0645369291305542,-1.630267322063446,-0.0018647833661249622,0.015413259110077559,214.9294204711914,217.094970703125,2872.1998901367188,3521.956298828125,7526.238619452444,5540.961423778154,13.725000000000128,16.685910754733616,-0.03111564450793796,-0.563511073589325,0.1938870323026635,0.03164060495350031,0.044019189920837976,550,25.059329986572266,35.405256762028415,30.661114718344727
3.250556874275208,-0.9521391689777374,-1.5242534279823303,-0.0014829213058786645,0.01502172241497087,200.11400604248047,203.1272735595703,2615.99267578125,3334.4132080078125,7598.043616705892,5629.010331248879,13.750000000000128,16.688109503851997,-0.0247471717496713,-0.5708860754966736,0.1797186990530625,0.028720175220038308,0.04238422539336789,551,25.327192306518555,35.81797016358902,30.685433014470604
3.0035129606723787,-0.8404467403888702,-1.4170328974723816,-0.0011134044537011052,0.014566963732001921,184.97894287109375,188.69285583496094,2354.7808227539062,3143.925537109375,7663.443433600456,5712.370661449098,13.775000000000128,16.690183215671116,-0.01858293182320065,-0.5781785845756531,0.1653520934603051,0.025782918677735675,0.04062678042288938,552,25.574583053588867,36.21139120532726,30.81443724884962
2.7550157427787783,-0.7286895215511322,-1.3083815574645996,-0.0007540816698299485,0.014198237635810141,170.3079833984375,174.6023941040039,2093.4346923828125,2950.8572998046875,7722.312954169337,5790.968799876857,13.800000000000129,16.69210222032335,-0.012587210577395227,-0.5845361948013306,0.15081606088794824,0.022823358161303625,0.03874715461502508,553,25.801244735717773,36.5639190608267,31.032638527908123
2.501211160421372,-0.6171312630176544,-1.198449194431305,-0.0004061495887447444,0.013624064265978262,155.85168838500977,160.76189804077148,1831.8719177246094,2748.23388671875,7774.648821478941,5864.740232371999,13.825000000000129,16.693850623236763,-0.006780201155278418,-0.5864129066467285,0.13617409276085504,0.019854631065205467,0.036750674291955145,554,26.006969451904297,36.861703095099756,31.321847736591867
2.2385455399751666,-0.5074294209480286,-1.0882763862609863,-7.724376506841985e-05,0.012535503412192178,141.79242706298828,147.33086013793945,1564.1711120605469,2535.4520874023438,7820.445619422089,5933.446079539994,13.85000000000013,16.69541252983941,-0.0012896165976093875,-0.5854069590568542,0.12152278692518978,0.01690495961491494,0.03464485872256985,555,26.191682815551758,37.09788119830481,31.663793989844116
1.9731904596090317,-0.4003123864531517,-0.9790126085281372,0.00021943384328448656,0.0112427842131217,128.0186653137207,134.39582061767578,1294.5456237792969,2319.5984497070312,7859.549897223637,5996.832381725079,13.87500000000013,16.696770985921223,0.0036638367196751963,-0.5835052132606506,0.10690920643084116,0.013979150504110442,0.03243635332602678,556,26.35541534423828,37.27126664568604,32.041937993519646
1.709989196062088,-0.29494986683130264,-0.8705752491950989,0.00048500379905340284,0.010026502938822998,114.92268753051758,121.96968841552734,1028.2488708496094,2104.2811889648438,7891.9135378181545,6054.822342967783,13.90000000000013,16.697913275824654,0.008098551900022559,-0.5806752443313599,0.09235325840695754,0.011069357550474923,0.030133565785111102,557,26.498239517211914,37.38487252597206,32.44250520231907
1.4458823919296266,-0.19125897530466318,-0.7632746398448944,0.0007180851075715008,0.008646178223456523,102.53353500366211,110.19605255126953,764.6320419311523,1884.5463256835938,7917.619759589429,6107.429372691931,13.92500000000013,16.698826683892143,0.011991180686487092,-0.5748646855354309,0.07790893844464028,0.00818104543572955,0.027749121147865468,558,26.620267868041992,37.444535533945,32.854891159128535
1.1817267403006555,-0.08901959657669067,-0.6573960781097412,0.0009159016704729817,0.007120721111505086,91.0364990234375,98.78014373779297,501.7043876647949,1663.9528198242188,7936.735560637742,6154.54303083405,13.95000000000013,16.699500613742405,0.01529510443409284,-0.5683887600898743,0.06361346422012322,0.005312208791771264,0.02529762934958249,559,26.72170066833496,37.45776502470584,33.27162156287565
0.9153759449720383,0.011905878782272339,-0.5538115054368973,0.0010706110440092196,0.005286943806430832,80.4914321899414,88.33375930786133,237.13180541992188,1440.9051513671875,7949.278170329396,6196.141851329684,13.975000000000131,16.699932946099175,0.017879139631986618,-0.5614654421806335,0.04949266007360173,0.002453492420029604,0.02279403530128563,560,26.802766799926758,37.43288020452222,33.68802756313834
0.6510738238692284,0.11205219477415085,-0.45269347727298737,0.0011790806329331437,0.003422855879051463,70.97668838500977,78.84226989746094,-27.061248779296875,1221.1538391113281,7955.206465464928,6232.164480113893,14.000000000000131,16.700124740600586,0.019690804183483124,-0.5559175610542297,0.03552849141106894,-0.00040916206216286196,0.020252245697292153,561,26.86371421813965,37.37844045417221,34.101767808695456
0.3869366452097893,0.21098161474219523,-0.35418905317783356,0.0012392741853155767,0.0014324914638130044,62.52716255187988,70.34701538085938,-291.3604278564453,1001.7385559082031,7954.529934245481,6262.693326091705,14.025000000000132,16.700078116522896,0.020695986847082775,-0.5506653785705566,0.021699353338181567,-0.0032728125802569193,0.01768643562862292,562,26.904747009277344,37.30292982968671,34.512295752261046
0.1251646637916565,0.3085637241601944,-0.2583015263080597,0.0012499075841758288,-0.0005295831391364577,55.19529151916504,62.90572166442871,-554.9778320789337,785.90478515625,7947.245923549104,6287.736789989439,14.050000000000132,16.69979625278049,0.020873213393820658,-0.5468038320541382,0.007983806888015832,-0.006138275783888351,0.015110082146809955,563,26.92604637145996,37.21463621746328,34.92032719569887
-0.13373834863305092,0.4059528112411499,-0.1650154385715723,0.00121281630406402,-0.002420828255118564,49.002662658691406,56.5699405670166,-814.9745407104492,571.6430206298828,7933.371477747166,6307.384409618374,14.075000000000133,16.69928762647841,0.020253178146150377,-0.542364776134491,-0.005629775342359445,-0.00902487921031714,0.01253608181749143,564,26.927762985229492,37.121655243961165,35.32733010491648
-0.39157054945826536,0.5036715567111969,-0.07447824999690056,0.0011278033386788095,-0.004338774454355583,43.99815845489502,51.36435127258301,-1076.4711608886719,360.7861671447754,7912.997114229439,6321.675485134149,14.100000000000133,16.69856071472168,0.01883270012007819,-0.5400146245956421,-0.019153918532446045,-0.011946028569436976,0.009976152549463688,565,26.9100399017334,37.0319662106254,35.735038446587794
-0.648154291510582,0.6015285402536392,0.013491038233041763,0.0009953050927378876,-0.006209538229588589,40.16732978820801,47.29177284240723,-1340.0116577148438,154.20749282836914,7886.085335207256,6330.6951393127965,14.125000000000133,16.69762399461534,0.01661923507021533,-0.5402961373329163,-0.03265257079762219,-0.014906761761001365,0.007439620087879864,566,26.87296485900879,36.953539107180084,36.14498418689912
-0.9029939442873002,0.6987482607364655,0.0991636523976922,0.0008175557997504928,-0.00794403268116523,37.46900939941406,44.368454933166504,-1604.4741821289062,-48.30393981933594,7852.58504376442,6334.550326633534,14.150000000000134,16.69648594326443,0.013650311157107353,-0.5426913499832153,-0.04618651202783649,-0.017899098404341455,0.004933258848762846,567,26.816526412963867,36.8944395083068,36.558036927181945
-1.151442387700081,0.7957172393798828,0.18292655237019062,0.0006009867726859898,-0.009246099991780806,35.872262477874756,42.53450393676758,-1860.9151611328125,-247.17503547668457,7812.473189211233,6333.342728138077,14.175000000000134,16.69515715705024,0.010033569609125456,-0.5438424348831177,-0.05977646494532112,-0.020925761217567795,0.002461754331155492,568,26.74064826965332,36.86287047911714,36.97393408236918
-1.395047700405121,0.8914742469787598,0.26523394882678986,0.00035663052696594536,-0.0102452712194,35.27321147918701,41.67669677734375,-2111.7183227539062,-442.8525085449219,7765.950310182947,6327.163352251187,14.200000000000134,16.693647172715927,0.005953464553587967,-0.5444487929344177,-0.0733796837339857,-0.02395656025286216,2.982123963464789e-05,569,26.645286560058594,36.86707641280723,37.39079619985036
-1.634602102637291,0.9851837754249573,0.3462626710534096,9.039617882400723e-05,-0.010993376056143875,35.616995334625244,41.7728533744812,-2358.0741577148438,-635.5925140380859,7713.157352114133,6316.09203953759,14.225000000000135,16.691965527004665,0.0015088899009343651,-0.544713020324707,-0.08699576891966673,-0.026971547809481484,-0.002358418479373913,570,26.530420303344727,36.91507262723767,37.804651242221446
-1.8686722964048388,1.0768194496631622,0.4262755215167999,-0.00019079738442928515,-0.01141968260793561,36.692628890275955,42.82134437561035,-2598.499267578125,-824.2523040771484,7654.2054981712945,6300.202226686663,14.250000000000135,16.690119637383354,-0.003184431439472569,-0.5446028113365173,-0.10061065568285724,-0.029963791346213152,-0.004700552664949563,571,26.39604377746582,37.01417784915992,38.209014138020166
-2.0950993537902836,1.1673291623592377,0.505719467997551,-0.0004770895097724394,-0.011407874193274091,38.738875925540924,44.792789459228516,-2828.9800415039062,-1008.8773803710938,7589.243016481873,6279.59591908476,14.275000000000135,16.688121159871418,-0.007961728196177218,-0.5426833033561707,-0.11420984644037308,-0.032938109520154524,-0.0069949814170532166,572,26.242162704467773,37.17031522103503,38.59458908931619
-2.3128575503826143,1.2589324116706848,0.5848446190357208,-0.0007570359841270925,-0.010980356735424211,41.72593557834625,47.677759408950806,-3045.27294921875,-1191.82177734375,7518.518515444307,6254.373984575507,14.300000000000136,16.685984929402668,-0.012631893364919556,-0.5370506048202515,-0.127708719248577,-0.03591343782277498,-0.009239614778407543,573,26.0688533782959,37.38706548017124,38.94919831467678
-2.5262681007385255,1.348243236541748,0.6636504530906677,-0.0010251532378742101,-0.010444181264801797,45.651965260505676,51.49351906776428,-3256.547119140625,-1371.8224182128906,7442.386691713868,6224.578440141938,14.325000000000136,16.683724721272785,-0.017103380006220605,-0.5309228301048279,-0.1410590043127113,-0.03882435091652915,-0.011432148490491243,574,25.87630844116211,37.66450867435335,39.25807296924637
-2.735248935222626,1.4358476996421814,0.7420629560947418,-0.0012782677790790832,-0.009811282072041768,50.53197558224201,56.26031827926636,-3461.940185546875,-1549.5824279785156,7360.973013735381,6190.28287968664,14.350000000000136,16.68135537041558,-0.021323251227537792,-0.5236004590988159,-0.1542434160528257,-0.041677235186546716,-0.013571901678720936,575,25.664745330810547,37.997989348990245,39.50462741202426
-2.939455419778824,1.5223256349563599,0.8198184370994568,-0.0015149822283923957,-0.009098431870525116,56.40429151058197,61.98284101486206,-3660.2427978515625,-1725.6693115234375,7274.424509096737,6151.543318987201,14.375000000000137,16.678894890679253,-0.025268248799774382,-0.5145006775856018,-0.16722665926209826,-0.04447729315962903,-0.01565998538061389,576,25.434429168701172,38.37698685910056,39.671816721093364
-3.134623146057129,1.6078304648399353,0.8972684741020203,-0.0017296778750738799,-0.00807621597709833,63.31728744506836,68.71002244949341,-3849.6063232421875,-1894.1075439453125,7182.918439150475,6108.401586199139,14.400000000000137,16.67636341518826,-0.028844765490955777,-0.505986750125885,-0.17998233535622354,-0.047224524835776105,-0.017698249244770942,577,25.1856689453125,38.7843325986929,39.744130938299264
-3.320871275663376,1.694334864616394,0.9747360646724701,-0.0019148089226520943,-0.0067748831163771265,71.2657961845398,76.09074020385742,-4024.53271484375,-2060.5967407226562,7086.678281069446,6061.04889760053,14.425000000000137,16.67378001742893,-0.03192714105049769,-0.4939730167388916,-0.19248432871176194,-0.049934665751960025,-0.019686900290354963,578,24.91879653930664,39.19610000561944,39.710157325474604
-3.5030167996883397,1.778607964515686,1.0520606637001038,-0.002068555370999268,-0.0055360117861912896,80.25024700164795,84.62426471710205,-4195.1588134765625,-2223.814697265625,6986.064963198376,6009.533979082486,14.450000000000138,16.671168009440105,-0.03448528341121144,-0.4819124639034271,-0.20467929288312786,-0.05254947174290291,-0.02162511980339021,579,24.634225845336914,39.58250680273479,39.5655016114496
-3.6811140418052677,1.8610344529151917,1.1290760040283203,-0.0021916369758104,-0.004354985407194139,90.15987396240234,94.05949115753174,-4361.20849609375,-2384.1339721679688,6881.185992861485,5953.938611650869,14.475000000000138,16.668547524346245,-0.03653146740463045,-0.4694831669330597,-0.2165746014975894,-0.055077335927227716,-0.02351311792393145,580,24.332387924194336,39.910111008932226,39.31565196853342
-3.854035931825638,1.9425381422042847,1.2055036425590515,-0.0022860694431429776,-0.003200189344413993,100.97849082946777,104.33007621765137,-4519.123046875,-2543.0399780273438,6772.155780459164,5894.335262346692,14.500000000000139,16.66593975490994,-0.03809956212838491,-0.4548725187778473,-0.2281366820806548,-0.05753386068385202,-0.025352415566632463,581,24.013729095458984,40.14541406385387,38.97818570092775
-4.021466749906541,2.021982491016388,1.2809474468231201,-0.0023521220799607476,-0.0021071156809369857,112.63054656982422,115.3602066040039,-4669.977783203125,-2698.8721923828125,6659.177704287311,5830.75926289603,14.525000000000139,16.663363774617512,-0.03919433802366257,-0.4392586648464203,-0.23930984127602772,-0.05989605752302249,-0.027144845735337285,582,23.678768157958984,40.259725466080674,38.58362537574567
-4.177139121294022,2.1003283858299255,1.3559311032295227,-0.002387250579140249,-0.0006706838960414115,125.0316333770752,127.16264533996582,-4809.4254150390625,-2844.489501953125,6542.428259707253,5763.287458086482,14.55000000000014,16.660841835869682,-0.039773678614033595,-0.42477697134017944,-0.25012230859126305,-0.06217603758591516,-0.028891380067724876,583,23.328046798706055,40.23476448865818,38.174221533067374
-4.326270163059235,2.1770029067993164,1.4307393431663513,-0.002385727843966185,0.0007669725788515442,138.06863021850586,139.5551643371582,-4940.318115234375,-2986.5932006835938,6422.192624331296,5692.175220537674,14.57500000000014,16.658396191067165,-0.03974247723817825,-0.40912649035453796,-0.26054097760505973,-0.06435403314322001,-0.030590081530221122,584,22.962099075317383,40.06805302505367,37.800149827138526
-4.47091190814972,2.2514007091522217,1.5051586031913757,-0.002349159053173709,0.002095761095972946,151.58982467651367,152.44497680664062,-5066.7760009765625,-3124.8325805664062,6298.684671450455,5617.510390520604,14.60000000000014,16.656039555867512,-0.03912775880760617,-0.39374613761901855,-0.27058002965022243,-0.06642305131648098,-0.03223843884514186,585,22.58148193359375,39.77685810687134,37.51306656124474
-4.611249232292176,2.323573589324951,1.5788168907165527,-0.0022817930410136637,0.003278793168166062,165.36201095581055,165.36026000976562,-5186.44482421875,-3261.907958984375,6172.0152714260585,5539.389576006463,14.62500000000014,16.653783586290146,-0.03800055219067468,-0.37647929787635803,-0.2802156793692654,-0.06838792324636303,-0.03383562601643025,586,22.186748504638672,39.3993271920318,37.35758718606277
-4.745651841163635,2.3933115005493164,1.6511414051055908,-0.002185596229458909,0.004355829608453749,179.54129028320312,178.51177978515625,-5297.45458984375,-3396.685302734375,6042.354150820606,5457.841877031873,14.65000000000014,16.651635699801975,-0.03639380964967939,-0.35707324743270874,-0.28938644103052136,-0.07024363261928167,-0.035382167353925895,587,21.77851676940918,38.991670384778054,37.36196406542907
-4.875558143854142,2.4599649906158447,1.7217134237289429,-0.0020653524256472296,0.005213147196505816,193.81229782104492,191.75042724609375,-5403.3978271484375,-3528.231201171875,5909.9177860745285,5372.924744463533,14.675000000000141,16.649607552422417,-0.03438735587729348,-0.3372359573841095,-0.29806634881336214,-0.07198046305844727,-0.03687867663303628,588,21.35747718811035,38.62084764912035,37.52991016663732
-4.992936122417451,2.523667812347412,1.7908190488815308,-0.0019214145504379266,0.0063622143420503895,208.07159805297852,205.0759162902832,-5499.349365234375,-3646.7552490234375,5774.832840395832,5284.718964434254,14.700000000000141,16.64770550198025,-0.03198718238208029,-0.32013431191444397,-0.30629165499812633,-0.07360243635322482,-0.03832580924106092,589,20.924312591552734,38.35324767246629,37.835904239496244
-5.099949085712433,2.5847907066345215,1.859323501586914,-0.0017447811713613966,0.007712459901261181,222.2580337524414,218.35611724853516,-5584.6680908203125,-3756.858642578125,5637.349106264986,5193.550083208685,14.725000000000142,16.64594226413303,-0.029043557329310313,-0.3033369183540344,-0.3140865610612202,-0.07510443840208349,-0.0397208728885853,590,20.47964859008789,38.24114024474818,38.2260525797927
-5.203501689434052,2.6428046226501465,1.927031397819519,-0.001537071251092029,0.008842213927416177,236.2607650756836,231.44347381591797,-5665.2037353515625,-3865.358642578125,5497.732403994491,5099.628617144247,14.750000000000142,16.64432207743327,-0.0255835283961561,-0.28553247451782227,-0.321450134896262,-0.07648049789851663,-0.04105943174791877,591,20.024099349975586,38.30976827905445,38.62559194263906
-5.303187966346741,2.6971882581710815,1.993255853652954,-0.0013040445256729332,0.009747650207042987,249.9841766357422,244.24246215820312,-5740.5645751953125,-3971.9102783203125,5356.102310610713,5002.994651079809,14.775000000000142,16.64284388224284,-0.02170302180780305,-0.2667061984539032,-0.3283552788391603,-0.07772876727451801,-0.04233972563602834,592,19.55830192565918,38.54847745030137,38.95260190128461
-5.396368253231049,2.747879981994629,2.057397484779358,-0.0010498814298074226,0.01055173656243547,263.33580017089844,256.6838150024414,-5807.00439453125,-4075.4254150390625,5212.588196230841,4903.6968941218165,14.800000000000143,16.64150873819987,-0.017471617708603542,-0.2459050863981247,-0.33476700561109424,-0.07885069878511955,-0.04356238289248372,593,19.08293342590332,38.90902033051528,39.135697557616524
-5.484169328212738,2.7945045232772827,2.119174361228943,-0.0007779828904275967,0.011152706950438972,276.27977752685547,268.72069549560547,-5867.4019775390625,-4175.0992431640625,5067.413086367569,4801.8112587458545,14.825000000000143,16.64031876458062,-0.012945886701345444,-0.2245788276195526,-0.34064873003658874,-0.07983997158392152,-0.04472843549220731,594,18.598730087280273,39.31290539410783,39.131808330297375
-5.566526937484742,2.836747407913208,2.1781187057495117,-0.0004937211978505932,0.011542700884648555,288.7453918457031,280.16322326660156,-5922.3919677734375,-4270.193359375,4920.728036929101,4697.433777666767,14.850000000000144,16.63927396138509,-0.008215162799590163,-0.20333155989646912,-0.345996523953036,-0.08069638177265295,-0.04583911098601406,595,18.106456756591797,39.66745020582763,38.939227416711645
-5.636691510677338,2.874318838119507,2.234908103942871,-0.00019688596820196844,0.01220360384044915,300.79833984375,291.14420318603516,-5971.356201171875,-4348.9580078125,4772.668237734773,4590.678943682406,14.875000000000144,16.638371149698894,-0.0032758619636297226,-0.18741266429424286,-0.3508797627068325,-0.08141829400395698,-0.04689519583866339,596,17.60684585571289,39.88751902768074,38.601531336232945
-5.70155748128891,2.9071863889694214,2.2900410890579224,0.00011606853808557881,0.012780322817776118,312.31951904296875,301.6521301269531,-6013.6658935546875,-4424.6563720703125,4623.384332705484,4481.954993487105,14.900000000000144,16.637614568074543,0.0019311035672823589,-0.1704598367214203,-0.3553587668966686,-0.08200427682874767,-0.04789486328809507,597,17.100496292114258,39.91764429513298,38.19995319534486
-5.760986411571503,2.935192108154297,2.343018412590027,0.000441480945897904,0.013237230754968545,323.230224609375,311.6517562866211,-6048.1422119140625,-4498.2186279296875,4473.042685366623,4371.338584185358,14.925000000000145,16.637003156873917,0.007344920498629411,-0.15160992741584778,-0.3593904266023987,-0.08245385171026667,-0.048836619467385135,598,16.58802032470703,39.748366981914415,37.834923541308925
-5.813203728199006,2.958464503288269,2.3933953046798706,0.0007781683234214665,0.013637585009996917,333.5365905761719,321.08885192871094,-6073.2086181640625,-4567.970458984375,4321.839130068776,4258.883118487126,14.950000000000145,16.63654115464952,0.0129460326085488,-0.13100866973400116,-0.36292350926255235,-0.08276606157499723,-0.04971999000096442,599,16.07009506225586,39.42153119059651,37.600748797317685
-5.860172092914581,2.976862072944641,2.4408446550369263,0.0011222950945081714,0.013838101274431169,343.2269973754883,329.90472412109375,-6092.60400390625,-4633.7843017578125,4170.008914614678,4144.6838570125265,14.975000000000145,16.636229621039497,0.018670765890015498,-0.110054612159729,-0.36593667629889526,-0.08294131421948125,-0.050544546286344985,600,15.547456741333008,39.02180181927772,37.55992919918287
-5.901541614532471,2.9900249242782593,2.4849854707717896,0.0014689870436829355,0.01385084803725802,352.26934814453125,338.1393814086914,-6106.105224609375,-4695.248779296875,4017.6938145170247,4028.8392494685904,15.000000000000146,16.63606855604384,0.024438185824288264,-0.08884796500205994,-0.3684223377023207,-0.08297829886911974,-0.05131060457390628,601,15.020855903625488,38.655527323598655,37.7246012919452
-5.936958897113801,2.9976285696029663,2.5255327224731445,0.0018137466406214409,0.013691374622232712,360.6238098144531,345.7541198730469,-6113.5023193359375,-4751.93310546875,3865.0411839017925,3911.4580299861773,15.025000000000146,16.636057959662544,0.030173628280560177,-0.06748661398887634,-0.3703754667562712,-0.08287560904196196,-0.05201894300602931,602,14.491053581237793,38.42215173224766,38.05120302146089
-5.965877199172974,2.99957275390625,2.5621684789657593,0.002152496440053154,0.013390881626001206,368.2786560058594,352.7120819091797,-6114.6016845703125,-4803.0369873046875,3712.203625918395,3792.659702349467,15.050000000000146,16.636201010810005,0.03580941508213679,-0.04624565318226814,-0.3717939995109019,-0.08263507150006816,-0.05267033556390587,603,13.958815574645996,38.38618518153039,38.450870214416355
-5.987531900405884,2.995674252510071,2.595043182373047,0.00248277093737515,0.013007784862896006,375.2013397216797,359.0117950439453,-6109.2591552734375,-4847.3079833984375,3559.3385838041377,3672.5837776668573,15.075000000000147,16.63649770948622,0.04130469842089547,-0.02561049535870552,-0.37269165124582676,-0.0822561078381391,-0.0532650568860234,604,13.42490291595459,38.55815576975385,38.81333969717425
-6.002865195274353,2.9858652353286743,2.6238962411880493,0.0028016506682498627,0.012487145192163922,381.3614501953125,364.6299591064453,-6097.349609375,-4886.6064453125,3406.607104922301,3551.4010780819026,15.100000000000147,16.636951234605576,0.04661104745335049,-0.004723713267594576,-0.37306991998915884,-0.08174016198882827,-0.053802686692272346,605,12.890058517456055,38.890651453219625,39.03777370222345
-6.010878813266754,2.969923973083496,2.6485698223114014,0.0031060278745282774,0.011884261697424226,386.70867919921875,369.5284423828125,-6078.7103271484375,-4919.2744140625,3254.1733646879243,3429.235916949096,15.125000000000147,16.637562645806206,0.051676900022559695,0.015742696821689606,-0.37292617586932186,-0.08108616452651046,-0.05428265906092108,606,12.355031967163086,39.29110625007107,39.06147754156107
-6.011150431632996,2.9479259252548218,2.669221878051758,0.003395324410985468,0.011253113325021463,391.2273406982422,373.69615173339844,-6053.3052978515625,-4944.5806884765625,3102.2056065092106,3306.2540565975382,15.150000000000148,16.638334062364365,0.056492756638262004,0.035479914397001266,-0.3722851862844534,-0.08029703660600636,-0.05470391288872277,607,11.820556640625,39.647831498773385,38.87787386507835
-6.005174827575684,2.9198285341262817,2.6856414079666138,0.003667249282890721,0.010499217153203967,394.83465576171875,377.0918731689453,-6021.1536865234375,-4965.253662109375,2950.872974062918,3182.639539385628,15.175000000000148,16.639265484280056,0.06102060692177878,0.05567958950996399,-0.3711448539951951,-0.07937448431488929,-0.05506494182518584,608,11.287346839904785,39.86163797316678,38.5382833659345
-5.9921815395355225,2.8854981660842896,2.697542190551758,0.0039188168369907045,0.009654534235944588,397.51466369628906,379.6994934082031,-5981.0264892578125,-4981.1141357421875,2800.344131899827,3058.5081978328963,15.200000000000149,16.64035479227702,0.06521083414554596,0.076746366918087,-0.36949249569685544,-0.07831878229164665,-0.055364755507279914,609,10.756128311157227,39.873657739814874,38.1370392923334
-5.9702154994010925,2.8454012870788574,2.70469069480896,0.004149497041810656,0.008796819514397935,399.2166290283203,381.45428466796875,-5929.5787353515625,-4991.923583984375,2650.8184696683757,2933.9803444393438,15.225000000000149,16.64160410563151,0.06905468387736215,0.09978397190570831,-0.367284801732207,-0.07713385453769714,-0.05560235524959622,610,10.227663040161133,39.68124146647395,37.784534445355284
-5.941365540027618,2.799513578414917,2.7068206071853638,0.004356595527341471,0.0077718816830835745,399.8119812011719,382.2267608642578,-5870.954833984375,-4997.3919677734375,2502.579001284579,2809.182254839736,15.25000000000015,16.643012364705402,0.07250732845730251,0.1231723353266716,-0.3644966718079758,-0.07581990495131169,-0.055776001675047794,611,9.702774047851562,39.33756276956988,37.576329731049775
-5.905480372905732,2.7477378845214844,2.7035577297210693,0.004536002599096292,0.0065825149805514875,399.18597412109375,381.9097137451172,-5805.356201171875,-4997.05419921875,2355.805130434961,2684.247455645401,15.27500000000015,16.644570032755535,0.07550033430258433,0.14664971828460693,-0.36112294604954975,-0.0743796258219048,-0.05588427165692712,612,9.182299613952637,38.935563766743755,37.567406860101116
-5.861089754104615,2.6900635957717896,2.694734811782837,0.0046841565391914615,0.0053162588642190695,397.27980041503906,380.44981384277344,-5730.4295654296875,-4990.570556640625,2210.6712254056542,2559.321100664932,15.30000000000015,16.646266513400608,0.07797429131137,0.1709766834974289,-0.35715913037258945,-0.07281605897878406,-0.05592616234863623,613,8.667080879211426,38.58154432659349,37.758741031869334
-5.807306396961213,2.6269034147262573,2.6801117658615112,0.0048004955870845425,0.003990206719110292,394.09442138671875,377.8291320800781,-5644.82421875,-4977.6639404296875,2067.410486269901,2434.5568367489154,15.32500000000015,16.648095448811848,0.07991972068945567,0.19655436277389526,-0.35256514420268914,-0.07113230450790588,-0.05590021317276477,614,8.157992362976074,38.36647393183327,38.09929428147816
-5.745743072032929,2.558112382888794,2.6594318151474,0.004881457244668902,0.0024943106952587347,389.6370544433594,374.0668487548828,-5551.8358154296875,-4958.003173828125,1926.2898808011382,2310.1152382381715,15.35000000000015,16.650043063693577,0.08127712541156346,0.2219768613576889,-0.3473336305573375,-0.06932901155478598,-0.055804235343791836,615,7.65595006942749,38.34317623370015,38.501811405640346
-5.676128160953522,2.4836034774780273,2.632473349571228,0.0049230639352148865,0.0008491273924213545,383.9447479248047,369.1995086669922,-5451.2431640625,-4931.3072509765625,1787.4939854153822,2186.1651588924656,15.375000000000151,16.652099821302627,0.08198001318507725,0.24722406268119812,-0.3414689503628195,-0.06740976290332834,-0.055636472839873656,616,7.161865234375,38.51517320961341,38.86697817550973
-5.595959270000458,2.4034149646759033,2.599178910255432,0.004922731040078627,-0.000787228727744309,377.0662384033203,363.2676239013672,-5341.82666015625,-4894.204833984375,1651.2129063138045,2062.8824776180477,15.400000000000151,16.654250886705185,0.0819850547446145,0.2712504267692566,-0.33498658324297126,-0.06537872390392543,-0.055395623208789616,617,6.67664098739624,38.83909802041125,39.10864551034664
-5.500415027141571,2.3190304040908813,2.5599266290664673,0.004886290465928476,-0.0021261050077916867,369.1136779785156,356.3402557373047,-5213.5811767578125,-4847.84130859375,1517.6672398098817,1940.5273567684328,15.425000000000152,16.65649202134874,0.08138909935951233,0.29801201820373535,-0.3278704503627114,-0.06325181734706346,-0.05507914812512573,618,6.201162815093994,39.23856583659965,39.173359334302624
-5.393123435974122,2.230973482131958,2.5147393941879272,0.004816082881691262,-0.003432056788528496,359.84002685546875,348.50462341308594,-5073.3970947265625,-4791.998046875,1387.327710390917,1819.331324053582,15.450000000000152,16.658812628851997,0.08023084037833744,0.3249228000640869,-0.32008473220537836,-0.061030703547234555,-0.05468200838875687,619,5.736374855041504,39.6245486563991,39.04989640619643
-5.2767580389976505,2.138535499572754,2.4635120630264282,0.004712243526016091,-0.004860731401544821,349.72283935546875,339.85121154785156,-4925.2054443359375,-4727.617431640625,1260.4927830227318,1699.5313728816986,15.475000000000152,16.66120211283366,0.0785122232304679,0.35113897919654846,-0.31163418917142066,-0.05870548511591876,-0.05419897338485454,620,5.283238887786865,39.9163032106697,38.767765330683225
-5.152075862884522,2.041636109352112,2.4059563875198364,0.00457068559095672,-0.006439466299460054,338.7025451660156,330.35596466064453,-4769.89306640625,-4655.198974609375,1137.362646914311,1581.3409370906734,15.500000000000153,16.663646697998047,0.07616481847233242,0.37653738260269165,-0.3025384620738777,-0.056283390038762135,-0.0536266392606505,621,4.8426971435546875,40.057674322101384,38.38664675957911
-5.018777835369111,1.9400240182876587,2.341735005378723,0.004388159187745415,-0.008136255175368756,326.84110260009766,319.9972381591797,-4607.0369873046875,-4574.6134033203125,1018.115320254131,1464.9609627254279,15.525000000000153,16.66613154941135,0.0731341044108073,0.4012615978717804,-0.29281625961940716,-0.053766950399394844,-0.05296394491289791,622,4.415661334991455,40.02564526771594,37.98075109850706
-4.86769026517868,1.8380935788154602,2.2710156440734863,0.004167716288588431,-0.009445823549671838,314.4997100830078,308.9464645385742,-4420.2169189453125,-4485.42724609375,902.939395571489,1350.5956276424076,15.550000000000153,16.668646070692276,0.06947059598233965,0.43024224042892456,-0.2824227075436413,-0.051221349146091194,-0.05221039516008158,623,4.003049850463867,39.830554905273395,37.62259521115029
-4.706274771690369,1.732951045036316,2.1939910650253296,0.003914242389684708,-0.010839441183948093,301.63475799560547,297.2143096923828,-4224.3406982421875,-4386.425537109375,792.4339725978275,1238.4599464900502,15.575000000000154,16.671186023288303,0.06525539275672701,0.45811158418655396,-0.2713152119138956,-0.04858876239368282,-0.05136229070499983,624,3.6058731079101562,39.50953819079498,37.3698870161582
-4.534331291913986,1.6246180534362793,2.110597848892212,0.003623810628798006,-0.01228452752718203,288.1559753417969,284.7396469116211,-4022.2138671875,-4274.4395751953125,686.8254551417429,1128.7993080623007,15.600000000000154,16.673732333713108,0.060422714385721416,0.48254188895225525,-0.25953403639690076,-0.04587612060278776,-0.05041521652590801,625,3.2251312732696533,39.11594113148945,37.257701306533704
-4.346011853218079,1.513159990310669,2.022417187690735,0.003304420111948595,-0.013231976213302143,273.5973815917969,271.88570404052734,-3813.72119140625,-4138.8839111328125,586.2701084620245,1021.9383186824008,15.625000000000155,16.676260630289715,0.05510557442903519,0.4985305964946747,-0.24726769950832075,-0.0430902377207263,-0.049364849147223944,626,2.861675262451172,38.70777913286593,37.296486319481524
-4.144541704654694,1.4033207297325134,1.9303366541862488,0.0029648194793619803,-0.013810087108417596,259.25675201416016,258.6963195800781,-3588.3084716796875,-3996.137451171875,490.927078676836,918.4662209040595,15.650000000000155,16.678760316636826,0.04944965657260683,0.5167022347450256,-0.23458820646612855,-0.04030745284402667,-0.04820500504179161,627,2.516113519668579,38.3378722544078,37.4749786051628
-3.934592390060425,1.2921544313430786,1.8343567848205566,0.0026129800091056346,-0.01434755462828762,244.67418670654297,245.09502410888672,-3353.5596923828125,-3847.20166015625,401.219366884809,818.5627846247405,15.675000000000155,16.681216557820637,0.043587788111633725,0.5349713563919067,-0.2214398472692711,-0.037470651570279664,-0.04692942161986011,628,2.189086437225342,38.04718728438314,37.76613934582662
-3.7190903782844544,1.1792441010475159,1.7343195080757141,0.002246208111393431,-0.014997147471833783,229.87986755371094,231.177001953125,-3114.8519287109375,-3692.0543212890625,317.3803745752024,722.3827431208113,15.700000000000156,16.68360710144043,0.03747491786877314,0.5520093441009521,-0.20784970293708313,-0.03457902246759065,-0.04553409997860512,629,1.881249189376831,37.86172453554156,38.13416903228069
-3.4932312369346623,1.0645150542259216,1.6302476525306702,0.0018647096350537672,-0.015413191490753006,214.92656707763672,217.09232330322266,-2872.1527709960938,-3521.921630859375,239.50907635739208,630.0813850885608,15.725000000000156,16.685910754733616,0.031114415162139468,0.5635124444961548,-0.19388441907584386,-0.03164004735414707,-0.04401889863759374,630,1.5931979417800903,37.7925092444145,38.54111442787828
-3.2505110204219823,0.9521189630031586,1.5242335200309753,0.0014828504356250466,-0.01502161838524079,200.11123657226562,203.12461853027344,-2615.9437866210938,-3334.3778076171875,167.7052570824522,542.03334431705,15.750000000000156,16.688109503851997,0.0247459900048044,0.5708876252174377,-0.1797160358919724,-0.028719640507225693,-0.042383909142988445,631,1.3253408670425415,37.83783810573405,38.95205134113856
-3.0034673988819125,0.8404270112514496,1.4170127511024475,0.0011133351438934386,-0.014566926281299093,184.97616577148438,188.69019317626953,-2354.7335815429688,-3143.8897705078125,102.30666241688479,458.67389912659104,15.775000000000157,16.690183215671116,0.018581774913602404,0.5781792998313904,-0.1653493970097014,-0.025782390206706862,-0.04062643920537471,632,1.0779526233673096,37.98673164234348,39.33838406918751
-2.7549704730510713,0.7286697328090668,1.3083611130714417,0.0007540130102080949,-0.014198219950756027,170.30523681640625,174.59976196289062,-2093.3883056640625,-2950.821044921875,43.438322878269744,380.07665486386594,15.800000000000157,16.69210222032335,0.01258606505062845,0.5845364332199097,-0.15081336443734453,-0.02282282864997751,-0.0387467925915644,633,0.8512950539588928,38.22262035806864,39.67933022543498
-2.501164722442627,0.6171106249094009,1.1984286308288574,0.00040608291218962044,-0.013623955034761676,155.84900665283203,160.75933074951172,-1831.8246765136719,-2748.19580078125,-8.89638476337268,306.3061287407889,15.825000000000157,16.693850623236763,0.006779088224801753,0.5864125490188599,-0.13617140463262975,-0.019854089070311744,-0.03675029146254845,634,0.6455743908882141,38.526632813242735,39.96198513304079
-2.2384955972433094,0.5074082463979721,1.0882560014724731,7.718295644025831e-05,-0.012535188202110031,141.78985214233398,147.32839965820312,-1564.1201171875,-2535.4118041992188,-54.692001676255366,237.60123372122598,15.850000000000158,16.69541252983941,0.0012886011973023415,0.5854068994522095,-0.1215201154417213,-0.016904404096156306,-0.03464445716781174,635,0.460864782333374,38.8801726162263,40.180427355414295
-1.9731399327516557,0.4002906158566475,0.9789924919605255,-0.00021948631327959627,-0.011242436753823228,128.01617813110352,134.39345932006836,-1294.4928894042969,-2319.5586547851562,-93.79500460598472,174.21593861621224,15.875000000000158,16.696772045559353,-0.0036647129389974806,0.5835059285163879,-0.10690651830261587,-0.013978575739851742,-0.03243593304591725,636,0.29713547229766846,39.26666205483897,40.33431488450034
-1.7099376469850542,0.29492831230163574,0.8705553412437439,-0.0004850474590307463,-0.010026130512389307,114.92033386230469,121.96744537353516,-1028.1951599121094,-2104.2405395507812,-126.15732684113476,116.2269722465492,15.900000000000158,16.697913275824654,-0.008099280918637911,0.5806758999824524,-0.09235055363397543,-0.011068776804506745,-0.03013312886024476,637,0.15431621670722961,39.67249845364478,40.427359359971966
-1.4458312809467317,0.19123844057321548,0.7632550001144409,-0.0007181196324381714,-0.008645839606685109,102.53132247924805,110.19393157958984,-764.5787811279297,-1884.5059814453125,-151.8622058389796,63.620958757745626,15.925000000000159,16.698826683892143,-0.011991757071680494,0.5748653411865234,-0.07790620870452294,-0.008180472752065453,-0.027748669658836916,638,0.0322909913957119,40.08738899323001,40.46593040320267
-1.181675483286381,0.08900033682584763,0.657376617193222,-0.0009159280029984085,-0.00712037989399042,91.03446578979492,98.77815246582031,-501.6519966125488,-1663.9113159179688,-170.9766753672195,16.508309221578074,15.95000000000016,16.699500613742405,-0.01529554422530863,0.5683885216712952,-0.06361073448000588,-0.005311652232715329,-0.025297163296391725,639,-0.06913652271032333,40.504252216234576,40.45790862312074
-0.915326002240181,-0.01192416250705719,0.5537922829389572,-0.0010706297693606343,-0.005286669167943418,80.48957824707031,88.3319206237793,-237.08164978027344,-1440.8638305664062,-183.5179752825748,-25.089473676406023,15.97500000000016,16.699934005737305,-0.017879452142450545,0.5614646077156067,-0.04948994281705201,-0.0024529497099314863,-0.02279355884512186,640,-0.1501995176076889,40.91884955805648,40.4118403176801
-0.6510244652628899,-0.11207018047571182,0.45267453789711,-0.0011790929864635908,-0.00342257083759104,70.97502136230469,78.84060287475586,27.109954833984375,-1221.1122131347656,-189.44501652712347,-61.11106944060145,16.00000000000016,16.700124740600586,-0.01969100907444954,0.5559160113334656,-0.03552580328284364,0.00040969924568156886,-0.020251760918749973,641,-0.2111423760652542,41.3292790827797,40.33639286719654
-0.3868875786662102,-0.2109999134845566,0.354170486330986,-0.0012392797769135687,-0.0014322049919437932,62.52569770812988,70.34553909301758,291.40899658203125,-1001.6971740722656,-188.7672676563161,-91.63887476900572,16.02500000000016,16.700078116522896,-0.020696077909734514,0.550663948059082,-0.021696700580064496,0.00327335468893316,-0.017685948769486138,642,-0.25217118859291077,41.735427388167906,40.240067298622236
-0.1251156246289611,-0.30858275294303894,0.2582833841443062,-0.0012499053735440645,0.0005298709438865855,55.19402885437012,62.90443420410156,555.0268368721008,-785.8639984130859,-181.48204274180665,-116.68130412084666,16.050000000000157,16.69979625278049,-0.020873178210523393,0.546802818775177,-0.007981182738074534,0.0061388327330557735,-0.015109593207078574,643,-0.2734677493572235,42.13843160757748,40.13110388665131
0.13378841001540423,-0.40597259998321533,0.16499782726168633,-0.0012128051208680362,0.0024212207072752956,49.00161933898926,56.56886291503906,815.0254287719727,-571.6022491455078,-167.60637182004535,-136.32790408120755,16.075000000000156,16.69928762647841,-0.020252991881635454,0.5423644185066223,0.005632380246800678,0.00902545449472449,-0.01253559495835465,644,-0.2751801609992981,42.54017025526501,40.01751300184114
0.3916211493313313,-0.5036916434764862,0.07446117140352726,-0.0011277818825469802,0.004339194994539436,43.997331619262695,51.363481521606445,1076.5238952636719,-360.7461967468262,-147.2307361007867,-150.61796030987875,16.100000000000154,16.69856071472168,-0.018832342078288395,0.5400152802467346,0.01915652759807648,0.011946619198229511,-0.00997566777092151,645,-0.25745466351509094,42.9427814549916,39.9071751903028
0.6482047453522682,-0.6015480756759644,-0.0135076604783535,-0.0009952734286887942,0.006209928341076394,40.16671657562256,47.29111862182617,1340.0649719238281,-154.1683235168457,-120.31763871923484,-159.63661522858163,16.125000000000153,16.69762399461534,-0.01661870628595352,0.5402973890304565,0.03265520691098245,0.014907354730462829,-0.0074391389503782384,646,-0.22037483751773834,43.34820108038812,39.807972204713565
0.9030434489250184,-0.698766678571701,-0.09917995426803827,-0.000817515423211505,0.007944331766639213,37.46860408782959,44.368011474609375,1604.5262756347656,48.342437744140625,-86.81601442117939,-163.49082331653435,16.15000000000015,16.69648594326443,-0.013649637500445047,0.5426924824714661,0.046189179350115774,0.017899684091721813,-0.0049327813523017735,647,-0.16393223404884338,43.75770833489698,39.72791524501464
1.151489117741585,-0.7957345247268677,-0.18294267542660236,-0.0006009414547348232,0.009246226908051505,35.872045040130615,42.534255027770996,1860.9628295898438,247.21309089660645,-46.7028575303497,-162.28226237296104,16.17500000000015,16.69515609741211,-0.010032812133431435,0.5438421368598938,0.05977914058997881,0.020926331300488637,-0.002461281776106598,648,-0.08805079758167267,44.17145844534527,39.67520983250548
1.395092386007309,-0.8914899826049805,-0.26524993777275085,-0.00035658329096663034,0.010245298267129822,35.273178815841675,41.676626205444336,2111.762451171875,442.89026641845703,-0.17878679064186542,-156.10193510057556,16.20000000000015,16.693647172715927,-0.005952675516406695,0.5444473624229431,0.07338233857269738,0.023957101207458583,-2.9355334767522615e-05,649,0.007315232418477535,44.58799396292409,39.65818542389462
1.6346445977687838,-0.9851981103420258,-0.34627850353717804,-9.034942233672931e-05,0.01099331779949503,35.61713242530823,41.77295541763306,2358.1144409179688,635.6299591064453,52.61527448861759,-145.02967844014333,16.225000000000147,16.691964467366535,-0.0015081094008766944,0.5447103381156921,0.08699837382410797,0.02697205755515888,0.002358875429963295,650,0.12218451499938965,45.00375583336819,39.685049126059226
1.8687123090028763,-1.0768328607082367,-0.4262911528348923,0.00019084175961102292,0.011419554651367611,36.69292114675045,42.82162857055664,2598.5360717773438,824.2887420654297,111.56813551153093,-129.13892946251028,16.250000000000146,16.690119637383354,0.0031851715822186735,0.5445993542671204,0.1006131773635144,0.029964271963566127,0.0047009984323429605,651,0.2565654218196869,45.41263962411911,39.763440324495846
2.0951373219490055,-1.1673423945903778,-0.5057347863912582,0.0004771302114043337,0.01140773063224658,38.739341020584106,44.79324221611023,2829.0137329101562,1008.9132995605469,176.53153730592948,-108.531710910902,16.275000000000144,16.688121159871418,0.007962407026853826,0.5426790118217468,0.11421226825248937,0.03293857245245339,0.006995413660581704,652,0.4104503095149994,45.8056627101984,39.89974778885231
2.3128944963216784,-1.2589466571807861,-0.5848595350980759,0.0007570731097370153,0.010980261028072537,41.72658050060272,47.678380250930786,3045.3055419921875,1191.8569030761719,247.25688062865063,-83.30887842191457,16.300000000000143,16.685984929402668,0.012632513211833106,0.5370463728904724,0.127711032869774,0.03591390283566844,0.009240030897327868,653,0.5837615132331848,46.17084514294572,40.09816689126286
2.5263051927089695,-1.3482590913772583,-0.663664847612381,0.0010251891281310881,0.010444185425991001,45.65278911590576,51.494301557540894,3256.5816650390625,1371.85595703125,323.3895191784246,-53.51245584503627,16.32500000000014,16.68372366163466,0.01710397915707694,0.5309199690818787,0.14106121806536742,0.03882483361447673,0.011432547964654755,654,0.7763106822967529,46.493440813255766,40.35952914995084
2.735287195444107,-1.4358652830123901,-0.7420767545700073,0.001278305359819075,0.009811405867420563,50.532972157001495,56.26127052307129,3461.978271484375,1549.6146240234375,404.80406080437115,-19.216056919280597,16.35000000000014,16.68135537041558,0.021323878318071365,0.5235994458198547,0.15424559651596823,0.04167774909341331,0.013572286588722237,655,0.9878762364387512,46.75664823543301,40.68002915135035
2.939493972063065,-1.5223451256752014,-0.8198316693305969,0.0015150237102472656,0.009098584794228336,56.40547728538513,61.98396062850952,3660.2828369140625,1725.7000122070312,491.3535175914521,19.524308681280715,16.37500000000014,16.678894890679253,0.025268940048085317,0.51450115442276,0.16722882308048395,0.044477850758982265,0.015660356766750278,656,1.2181968688964844,46.942908683692664,41.05002690036147
3.1346614062786107,-1.6078501343727112,-0.8972815573215485,0.0017297224778206521,0.00807631844638246,63.31863522529602,68.71131658554077,3849.6484375,1894.1360473632812,582.8605885142762,62.6668089864321,16.400000000000137,16.67636341518826,0.028845508479409747,0.5059888958930969,0.17998454910887965,0.04722509283810235,0.017698611268231627,657,1.4669597148895264,47.0358582734172,41.45316486077978
3.3209080755710603,-1.694354236125946,-0.9747491776943207,0.0019148536554360292,0.0067748477462689,71.26732015609741,76.09218883514404,4024.572509765625,2060.6246337890625,679.1017994517506,110.0202101704914,16.425000000000136,16.673778957790798,0.03192788610855738,0.4939747750759125,0.1924865923986885,0.04993523583488087,0.01968725399143724,658,1.7338345050811768,47.02288173973139,41.86612750782167
3.503052139282227,-1.7786258459091187,-1.0520740449428558,0.0020685975030399506,0.005535837016244753,80.2519416809082,84.62588500976562,4195.1961669921875,2223.8419799804688,779.7161121958676,161.53582601519548,16.450000000000134,16.671166949801975,0.034485985007550984,0.48191359639167786,0.20468158985956805,0.052550018939283134,0.021625469343283285,659,2.0184085369110107,46.89807491230804,42.259394136579296
3.6811476290225986,-1.8610509037971497,-1.1290897727012634,0.0021916733862159285,0.004354707647814823,90.1617259979248,94.0612678527832,4361.24267578125,2384.1616821289062,884.5960163706493,217.13187551468516,16.475000000000133,16.668547524346245,0.03653207172950109,0.4694828391075134,0.21657689847402958,0.05507785191468892,0.023513461222040715,660,2.3202500343322754,46.66521723719566,42.59928611965258
3.8540674746036534,-1.942553460597992,-1.2055177092552185,0.002286097531170099,0.0031998273209533105,100.98052024841309,104.33200263977051,4519.15283203125,2543.0682983398438,993.6270832651587,276.73591756788676,16.50000000000013,16.66593869527181,0.038100029859277934,0.45487043261528015,0.22813896241233816,0.0575343433817996,0.025352754703552527,661,2.6389124393463135,46.34015932940439,42.851453243199344
4.021496540307999,-2.021997034549713,-1.2809616923332214,0.0023521410653864873,0.0021067111353241324,112.63272857666016,115.36229515075684,4670.0052490234375,2698.8995361328125,1106.6059040659193,340.31262502636196,16.52500000000013,16.663363774617512,0.039194652603732213,0.4392563998699188,0.23931205502868386,0.05989651109264564,0.027145178630473544,662,2.973876953125,45.95192529892521,42.98568875255456
4.177167451381684,-2.1003427505493164,-1.355945646762848,0.002387258901518655,0.0006702625106160012,125.03398132324219,127.16487693786621,4809.4500732421875,2844.5172119140625,1223.356035291486,407.7851134296624,16.55000000000013,16.660841835869682,0.03977381934722265,0.42477351427078247,0.2501244391201351,0.0621764703495923,0.02889170464048273,663,3.3246004581451416,45.54178183334879,42.981586217620645
4.326297909021378,-2.1770169734954834,-1.4307539463043213,0.0023857265435945586,-0.0007673520923105968,138.07110977172852,139.5575294494629,4940.3419189453125,2986.6201782226562,1343.592287122523,478.8980437274953,16.575000000000127,16.658395131429035,0.03974244826369815,0.40912318229675293,0.26054302491014775,0.06435444302035653,0.03059039778060057,664,3.6905510425567627,45.15971440141289,42.83411848698348
4.470939362049103,-2.25141441822052,-1.5051732063293457,0.002349148910275026,-0.0020960690239739863,151.59239959716797,152.44744110107422,5066.799072265625,3124.8596801757812,1467.100835096139,553.5635481830435,16.600000000000126,16.656039555867512,0.039127589099937014,0.39374256134033203,0.27058199373152636,0.06642343830707688,0.032238744692548296,665,4.071171283721924,44.85819151959212,42.55790276788537
4.611275517940522,-2.323586940765381,-1.5788312554359436,0.0022817758761082,-0.0032790763891062083,165.36467742919922,165.3627471923828,5186.4661865234375,3261.9346923828125,1593.7708119027639,631.6850401874209,16.625000000000124,16.653783586290146,0.038000266585085124,0.37647515535354614,0.2802175768715421,0.06838829359220212,0.033835925622052884,666,4.465907573699951,44.68371183673026,42.18876841172401
4.745677250623704,-2.3933242559432983,-1.6511554718017578,0.0021855725626953155,-0.004356054572745049,179.54401779174805,178.5143051147461,5297.4749755859375,3396.71142578125,1723.4324665658348,713.2334074969742,16.650000000000123,16.651635699801975,0.03639341642459234,0.3570689857006073,0.2893882053747435,0.07024397591739093,0.03538245863717013,667,4.874141693115234,44.667350301203655,41.78141666208952
4.875582677125931,-2.459977149963379,-1.7217271327972412,0.0020653238174714573,-0.005213325087344255,193.81505584716797,191.7529754638672,5403.4171142578125,3528.256591796875,1855.8693409554699,798.1511931414892,16.67500000000012,16.649607552422417,0.034386877798371844,0.3372316360473633,0.2980680132890434,0.07198077930882672,0.036878959593902104,668,5.295185089111328,44.816220736548544,41.40253296912979
4.992957150936127,-2.523679494857788,-1.7908325791358948,0.0019213797004783493,-0.006362482218605348,208.07435989379883,205.07848358154297,5499.3656005859375,3646.7772216796875,1990.9547688119023,886.3576079363952,16.70000000000012,16.64770550198025,0.031986600822872586,0.32013067603111267,0.3062932196052668,0.07360273179765825,0.038326083879548334,669,5.728351593017578,45.10821074203097,41.119718740866304
5.0999689459800726,-2.58480167388916,-1.8593368530273438,0.0017447394294322015,-0.007712713733802579,222.26078033447266,218.35870361328125,5584.68359375,3756.880126953125,2128.4389088265393,977.527038478373,16.72500000000012,16.64594226413303,0.029042861941787932,0.3033331632614136,0.3140880257998197,0.0751047047181925,0.03972113504350511,670,6.1730170249938965,45.49215352423268,40.987917034716006
5.203521549701691,-2.6428149938583374,-1.9270445704460144,0.0015370237875276796,-0.00884241158390333,236.26348876953125,231.44600677490234,5665.21826171875,3865.3798828125,2268.055998670279,1071.4490416521883,16.750000000000117,16.64432207743327,0.025582737806770537,0.2855285406112671,0.32145149976632065,0.07648073924749042,0.041059681419270966,671,6.628567695617676,45.894665640558486,41.0361399700597
5.303206658363343,-2.6971980333328247,-1.993268609046936,0.0013039929009193802,-0.009747798969557003,249.9868392944336,244.2449493408203,5740.5780029296875,3971.930908203125,2409.6864552132383,1168.0835387224881,16.775000000000116,16.64284388224284,0.021702160851822958,0.26670214533805847,0.32835654384067814,0.07772898365635658,0.042339966985002135,672,7.094367504119873,46.233390242415204,41.25791267594511
5.396385776996613,-2.7478891611099243,-2.057409644126892,0.0010498260989947356,-0.010551859317516966,263.33839416503906,256.68621826171875,5807.0159912109375,4075.445068359375,2553.200905286472,1267.381811427554,16.800000000000114,16.64150873819987,0.01747069673405753,0.2459007203578949,0.3347681707440711,0.0788508901998229,0.043562611757889905,673,7.569738388061523,46.43458083860672,41.608679603651616
5.484185683727265,-2.7945128679275513,-2.1191861629486084,0.0007779251539274016,-0.011152782892141931,276.2822723388672,268.7229995727539,5867.4129638671875,4175.1182861328125,2698.3763050667376,1369.2679381365267,16.825000000000113,16.64031876458062,0.012944925369487869,0.2245744913816452,0.34064976201151115,0.07984013803148965,0.044728656035235084,674,8.053942680358887,46.45123152543756,42.01223999193791
5.566541540622712,-2.8367549180984497,-2.17812979221344,0.0004936620959601908,-0.011542786189027222,288.74778747558594,280.1653594970703,5922.4019775390625,4270.2105712890625,2845.0616291634105,1473.6458952898356,16.85000000000011,16.63927396138509,0.008214179219471084,0.2033277153968811,0.3459974893489311,0.08069651909189665,0.04583931904547422,675,8.54621696472168,46.27692562335721,42.37611750616205
5.636704361438752,-2.8743255138397217,-2.2349190711975098,0.00019682423305902337,-0.012203705789584629,300.80064392089844,291.1463165283203,5971.3648681640625,4348.9727783203125,2993.121678601881,1580.4011595720517,16.87500000000011,16.638371149698894,0.0032748349217904937,0.18740947544574738,0.35088062823418675,0.08141841467844387,0.046895395575745145,676,9.045830726623535,45.95085479283626,42.61307029510335
5.701569747924805,-2.9071922302246094,-2.290051579475403,-0.00011613242696902946,-0.01278038835650607,312.3217010498047,301.65411376953125,6013.67333984375,4424.6708984375,3142.405800305977,1689.1254790300509,16.90000000000011,16.637614568074543,-0.0019321665685209963,0.17045633494853973,0.3553595658449957,0.08200436837491015,0.04789505054160922,677,9.552180290222168,45.5513274918791,42.6635724817693
5.760996925830842,-2.9351969957351685,-2.3430283069610596,-0.0004415463870999832,-0.0132373004548877,323.2322769165039,311.6536407470703,6048.1475830078125,4498.232177734375,3292.7476338020665,1799.7422514909804,16.925000000000107,16.637003156873917,-0.00734600911123885,0.1516060084104538,0.3593911256821849,0.08245392661167233,0.04883679423733167,678,10.064657211303711,45.17816408358741,42.51307169288922
5.813213074207306,-2.9584685564041138,-2.393404722213745,-0.000778235032485881,-0.013637617259213242,333.53851318359375,321.0906219482422,6073.212890625,4567.9833984375,3443.951323377258,1912.198055934332,16.950000000000106,16.63654115464952,-0.012947141917215453,0.1310047209262848,0.36292410847379764,0.08276610734807846,0.04972015228734335,679,10.5825834274292,44.927676600715124,42.19856346503707
5.860180270671845,-2.9768651723861694,-2.440853476524353,-0.0011223620636469113,-0.013838097113241965,343.2287902832031,329.9063491821289,6092.607177734375,4633.79638671875,3595.7816456428804,2026.397640895262,16.975000000000104,16.636229621039497,-0.018671881407499313,0.11005064845085144,0.36593717564159967,0.08294133086423808,0.0505446960891563,680,11.105223655700684,44.86658905265419,41.801426159942324
5.901549208164216,-2.9900269508361816,-2.4849934577941895,-0.0014690536227101873,-0.013850811626852493,352.27101135253906,338.1408920288086,6106.1077880859375,4695.259765625,3748.096825086238,2142.242550563224,17.000000000000103,16.63606855604384,-0.024439293063349195,0.08884400129318237,0.3684227371764842,0.08297829054674133,0.05131074605433919,681,11.631824493408203,45.0124285570233,41.427254082828945
5.936965322494507,-2.9976295232772827,-2.5255401134490967,-0.0018138119192770668,-0.013691309083502762,360.6253204345703,345.75550079345703,6113.503173828125,4751.9432373046875,3900.749519788385,2259.6240447038426,17.0250000000001,16.636057959662544,-0.030174712753958173,0.06748266518115997,0.37037576636189384,0.08287557575244833,0.05201907200289461,682,12.161627769470215,45.32674436616355,41.177577518445325
5.965882456302643,-2.99957275390625,-2.5621750354766846,-0.0021525596381141783,-0.013390804644000946,368.280029296875,352.7133331298828,6114.6014404296875,4803.045654296875,4053.5870991340876,2378.422625636454,17.0500000000001,16.636201010810005,-0.03581047058105469,0.04624189808964729,0.3717941992479837,0.08263501324341932,0.05267045207720356,683,12.693865776062012,45.72406649259623,41.121340647026294
5.987535405158997,-2.995673179626465,-2.5950489044189453,-0.0024828317947672477,-0.013007683954057828,375.20257568359375,359.0129089355469,6109.2581787109375,4847.315673828125,4206.452135144829,2498.498766993871,17.0750000000001,16.63649770948622,-0.04130571252769894,0.025606701150536537,0.3726917511143676,0.08225602461435502,0.053265165076942685,684,13.227778434753418,46.09480935071573,41.27466299450018
6.002867531776428,-2.9858630895614624,-2.6239012479782104,-0.002801708664824383,-0.012487021396785125,381.3625183105469,364.6309356689453,6097.3470458984375,4886.61328125,4359.183589612603,2619.6816588395695,17.100000000000097,16.636951234605576,-0.04661201602882809,0.004719891119748354,0.37306991998915884,0.08174005379790898,0.05380278239962402,685,13.76262378692627,46.335855200687334,41.59531991125895
6.010879397392273,-2.9699206352233887,-2.648574113845825,-0.0031060830102852205,-0.011884144143829234,386.70960998535156,369.52928161621094,6078.70654296875,4919.2796630859375,4511.6172657600655,2741.8469908708157,17.125000000000096,16.637563705444336,-0.05167781892749998,-0.015746239572763443,0.372926076000781,0.08108603136845596,0.05428274644589435,686,14.297650337219238,46.37988486712638,41.99405204560073
6.011150431632996,-2.947921395301819,-2.669225335121155,-0.0033953761657761834,-0.011252976005777756,391.2281036376953,373.6968688964844,6053.3004150390625,4944.5849609375,4663.584929334286,2864.828982447961,17.150000000000095,16.638334062364365,-0.05649362173345354,-0.03548353537917137,0.3722850198368853,0.08029687848081664,0.05470398779012843,687,14.832124710083008,46.21465226630914,42.359649437391816
6.0051736593246465,-2.9198228120803833,-2.685644030570984,-0.0036672973966408833,-0.010499060068311543,394.8352508544922,377.09242248535156,6021.1475830078125,4965.2569580078125,4814.917439710265,2988.4436064713964,17.175000000000093,16.639265484280056,-0.061021409928798676,-0.055683303624391556,0.3711445876790861,0.07937430122256435,0.05506500840421309,688,15.365334510803223,45.886369534137536,42.59044233860849
5.9921786189079285,-2.885491371154785,-2.697543978691101,-0.003918861049625989,-0.009654387554025173,397.5150604248047,379.6999053955078,5981.0174560546875,4981.116455078125,4965.446129285463,3112.57503042159,17.20000000000009,16.64035479227702,-0.06521157092518276,-0.07675053924322128,0.36949212951220556,0.0783185783933757,0.05536480960273956,689,15.896553039550781,45.48625524612936,42.62284353926415
5.970210826396943,-2.845393419265747,-2.7046916484832764,-0.004149537093256737,-0.008796645784748699,399.2168273925781,381.4545135498047,5929.5689697265625,4991.9251708984375,5114.971565686834,3237.1029417985415,17.22500000000009,16.64160410563151,-0.06905535442961587,-0.09978824853897095,0.36728436896852984,0.07713362567229096,0.05560239270029905,690,16.425016403198242,45.12442454146191,42.448595688136
5.94135969877243,-2.799504518508911,-2.706820487976074,-0.004356630897449699,-0.0077716798654072165,399.8119812011719,382.226806640625,5870.9434814453125,4997.392578125,5263.210789930003,3361.9010710710013,17.25000000000009,16.643012364705402,-0.07250792450375027,-0.1231766939163208,0.36449610588624415,0.07581964695758109,0.05577603080337221,691,16.949905395507812,44.89901770655479,42.11594570932977
5.905473363399506,-2.747727632522583,-2.7035566568374634,-0.004536032767718016,-0.006582285074848007,399.1857452392578,381.9095458984375,5805.3433837890625,4997.0535888671875,5409.984376966141,3486.835885524126,17.275000000000087,16.644570032755535,-0.07550083100795746,-0.14665409922599792,0.36112228025927723,0.07437934286103898,0.05588428414049473,692,17.470378875732422,44.869670066840065,41.71492005831061
5.8610804080963135,-2.6900522708892822,-2.694732666015625,-0.00468418098617803,-0.005316036240596696,397.2793273925781,380.4494323730469,5730.4139404296875,4990.568603515625,5555.1179615608735,3611.7622252458054,17.300000000000086,16.646267573038738,-0.07797469695409139,-0.1709815114736557,0.35715836471377604,0.07281575521197223,0.05592616650982543,693,17.985597610473633,45.042759496962766,41.35163148352016
5.8072952985763555,-2.6268908977508545,-2.680108428001404,-0.004800513792287306,-0.003989950545899967,394.0937042236328,377.82855224609375,5644.80712890625,4977.6610107421875,5698.378310071622,3736.5264403336964,17.325000000000085,16.648095448811848,-0.07992002699110243,-0.19655917584896088,0.35256424538582126,0.07113197993514803,0.05590020485038636,694,18.49468421936035,45.37193869570492,41.11952604142981
5.745730805397034,-2.558098793029785,-2.6594274044036865,-0.004881468687939212,-0.002494025133649662,389.6361083984375,374.0660400390625,5551.817626953125,4957.9989013671875,5839.498488294285,3860.967965602252,17.350000000000083,16.650044123331707,-0.08127731581528981,-0.22198167443275452,0.3473325985824151,0.0693286620148929,0.055804210376656616,695,18.99672508239746,45.772750930224646,41.07579458444515
5.67611472606659,-2.4835888147354126,-2.632467746734619,-0.00492306809640409,-0.0008488180990301068,383.94358825683594,369.19850158691406,5451.223388671875,4931.301513671875,5978.293928968121,3984.9179381364333,17.37500000000008,16.652099821302627,-0.08198008769088322,-0.24722892045974731,0.3414677852298426,0.06740938839630005,0.055636435389170825,696,19.490808486938477,46.14619006076301,41.229003638370905
5.595941746234894,-2.403399109840393,-2.5991721153259277,-0.004922727399038073,0.0007874319758294552,377.06488037109375,363.2664337158203,5341.802490234375,4894.1968994140625,6114.5745136849255,4108.200475978232,17.40000000000008,16.654250886705185,-0.08198500507407719,-0.27125582098960876,0.33498531824145344,0.06537832651035652,0.055395573274519175,697,19.976030349731445,46.40401425222476,41.540222478013085
5.500395750999451,-2.3190131187438965,-2.559918761253357,-0.004886281623401419,0.0021263433659107355,369.1121063232422,356.33888244628906,5213.55517578125,4847.8321533203125,6248.119575940794,4230.555398463586,17.42500000000008,16.65649202134874,-0.08138895862632328,-0.2980174720287323,0.3278690522031391,0.06325138874457553,0.05507908154609848,698,20.451507568359375,46.488955227026416,41.93588329690062
5.393101239204407,-2.230955123901367,-2.514730453491211,-0.004816068837677701,0.0034322695293265123,359.8382263183594,348.5030822753906,5073.367919921875,4791.98681640625,6378.458455335335,4351.7512022965975,17.450000000000077,16.658812628851997,-0.08023060858249664,-0.3249285817146301,0.32008320088775155,0.0610302478970168,0.054681925164972806,699,20.916292190551758,46.385277989952975,42.32764469345859
5.27673408985138,-2.1385162472724915,-2.463501811027527,-0.004712223760367375,0.004860984193788918,349.7208557128906,339.8495178222656,4925.174560546875,4727.604736328125,6505.292653333393,4471.550872706758,17.475000000000076,16.66120211283366,-0.07851189209355248,-0.3511447310447693,0.3116325246957394,0.05870500657916038,0.05419886935512446,700,21.369426727294922,46.118347358591755,42.63336802562056
5.152050161361695,-2.0416163206100464,-2.40594482421875,-0.004570659063375549,0.006439769025974589,338.7003936767578,330.35408782958984,4769.861328125,4655.1846923828125,6628.422017347076,4589.740991114966,17.500000000000075,16.663646697998047,-0.0761643797159195,-0.3765428364276886,0.30253663115062823,0.056282896937841546,0.05362652274735281,701,21.809965133666992,45.7449106860178,42.7939367997413
5.018750965595245,-1.940004289150238,-2.3417221307754517,-0.004388124337785837,0.008136621880167292,326.8387985229492,319.99520111083984,4607.004638671875,4574.59716796875,6747.668550550213,4706.120608424542,17.525000000000073,16.66613154941135,-0.07313352492120531,-0.40126651525497437,0.29281429553810323,0.05376645313728506,0.0529638075936542,702,22.23699951171875,45.337911345593106,42.78259061146872
4.867660766839982,-1.8380748629570007,-2.2710015773773193,-0.004167673636399098,0.009446149162726993,314.497314453125,308.9443054199219,4420.18115234375,4485.4091796875,6862.843666517021,4820.4855376237665,17.55000000000007,16.668647130330402,-0.0694698840379715,-0.4302472472190857,0.28242061030428284,0.051220866448143616,0.05221024119608106,703,22.649606704711914,44.97029706905155,42.60596730451724
4.706244397163392,-1.7329325675964355,-2.193975567817688,-0.003914190374819668,0.010839837537219702,301.6322326660156,297.21199798583984,4224.305419921875,4386.40576171875,6973.348195325628,4932.62076711596,17.57500000000007,16.671186023288303,-0.06525453180074692,-0.4581156373023987,0.2713129981612395,0.04858828177632985,0.05136211593505329,704,23.046781539916992,44.70158897298834,42.298218711888545
4.534297996759415,-1.624599277973175,-2.110581159591675,-0.0036237492512572584,0.012284828173101964,288.15333557128906,284.73706817626953,4022.1787109375,4274.414306640625,7078.955830823688,5042.280911158936,17.60000000000007,16.673732333713108,-0.06042169200049506,-0.4825434982776642,0.2595317394204606,0.04587563998543478,0.05041502095001546,705,23.427518844604492,44.56952882533098,41.910837063007165
4.34597709774971,-1.5131404399871826,-2.0223997831344604,-0.003304351972475392,0.013232224844357036,273.59461212158203,271.8832092285156,3813.6849365234375,4138.8570556640625,7179.51029859714,5149.141268824959,17.625000000000068,16.67626168992784,-0.05510443614588843,-0.49853193759918213,0.24726536924236694,0.04308974670040032,0.04936463692657458,706,23.790971755981445,44.58750167625749,41.501230450279266
4.144503736495972,-1.403300940990448,-1.9303186535835266,-0.0029647469186252487,0.013810199460526085,259.2539978027344,258.69374084472656,3588.2674560546875,3996.109619140625,7274.85242201024,5252.61269521657,17.650000000000066,16.678760316636826,-0.04944844792286555,-0.5167044997215271,0.2345858262659043,0.04030695766251148,0.04820477617638543,707,24.13652992248535,44.746945645234,41.122722416742256
3.9345529615879062,-1.2921333312988281,-1.8343382477760315,-0.0026129053677743015,0.014347623287909473,244.6713638305664,245.0923843383789,3353.5164184570312,3847.1728515625,7364.559108411621,5352.515435695094,17.675000000000065,16.681216557820637,-0.043586542208989464,-0.5349740982055664,0.2214374004900196,0.03747012726044005,0.04692917194850792,708,24.46355438232422,45.02294129744394,40.81760145408167
3.71904890537262,-1.1792215704917908,-1.7343003153800964,-0.002246132169690472,0.014997172438969003,229.8770294189453,231.17430114746094,3114.8056640625,3692.024658203125,7448.397018873062,5448.694756984166,17.700000000000063,16.68360816107856,-0.03747365127007166,-0.5520128011703491,0.20784718957880435,0.034578469029426614,0.04553382950130691,709,24.771387100219727,45.38105871847486,40.61365458778427
3.4931853830814363,-1.064491093158722,-1.6302281022071838,-0.0018646351237595964,0.015413036486455185,214.92374420166016,217.0896759033203,2872.1035766601562,3521.886962890625,7526.267160474639,5540.995373439254,17.725000000000062,16.685911814371746,-0.03111317339870665,-0.5635146498680115,0.19388182249378103,0.03163945854587481,0.044018607354349516,710,25.05943489074707,45.78395539598965,40.523823157057514
3.250461953878403,-0.952095240354538,-1.5242139101028442,-0.0014827820360775183,0.015021347907942578,200.10848999023438,203.12196350097656,2615.8890380859375,3334.3427734375,7598.069749891158,5629.04254751153,17.75000000000006,16.688110563490127,-0.024744847582446203,-0.5708913207054138,0.17971335608612551,0.028719041295980425,0.042383592892609,711,25.327289581298828,46.196666572404936,40.54818324737513
3.0034174561500553,-0.8404031097888947,-1.4169928431510925,-0.001113272986129715,0.014566701577082116,184.9734115600586,188.68753051757812,2354.677978515625,3143.8541259765625,7663.466975843322,5712.401116847479,17.77500000000006,16.690184275309246,-0.018580738041136,-0.578183114528656,0.16534663398007043,0.025781770189515576,0.04062609798786005,712,25.57467269897461,46.59007575019883,40.677224373070125
2.754920238256455,-0.7286466360092163,-1.3083406686782837,-0.0007539554037450624,0.014198078470323117,170.30252075195312,174.59712982177734,2093.3330078125,2950.784912109375,7722.333925306228,5790.997469996904,17.800000000000058,16.69210222032335,-0.012585103718770875,-0.5845398902893066,0.1508105015391727,0.02282221071338083,0.03874642224572531,713,25.801326751708984,46.94258501329773,40.895456054975995
2.50111477971077,-0.6170892417430878,-1.1984078288078308,-0.00040602865418352496,0.013623872851274912,155.84634017944336,160.75676345825195,1831.7715454101562,2748.1574096679688,7774.667250501555,5864.76709279965,17.825000000000056,16.693851682874893,-0.006778182772298654,-0.5864141583442688,0.13616849180018747,0.019853494020255682,0.03674990031076334,714,26.007043838500977,47.24034652045261,41.184688710909505
2.2384449243545532,-0.5073893517255783,-1.0882349014282227,-7.713160801567603e-05,0.012535078970893445,141.7872543334961,147.32592010498047,1564.0685729980469,2535.3706665039062,7820.461539136823,5933.47102804136,17.850000000000055,16.69541252983941,-0.00128774412183298,-0.5854065418243408,0.12151718596452221,0.016903850657992273,0.03464403896829681,715,26.191747665405273,47.47650089068878,41.52665159468291
1.9730914503335955,-0.40027326345443726,-0.9789713025093079,0.00021953636133255252,0.011242429471742123,128.01363372802734,134.3910675048828,1294.4458312988281,2319.51708984375,7859.563253461789,5996.855294703969,17.875000000000053,16.696772045559353,0.003665548542307483,-0.583503782749176,0.1069036221149304,0.013978054030755386,0.03243549404045631,716,26.3554744720459,47.64986290184216,41.904806465715296
1.709890040755272,-0.2949114665389061,-0.8705341219902039,0.00048509765337551047,0.010026112827335194,114.91789245605469,121.96514892578125,1028.1510162353516,2104.1974487304688,7891.924399244274,6054.843221950074,17.900000000000052,16.697913275824654,0.008100119626356496,-0.5806720852851868,0.09234772402531723,0.01106827720172803,0.030132673210027005,717,26.498289108276367,47.76344701145081,42.30538001008502
1.445783966779709,-0.19122090563178062,-0.76323401927948,0.0007181683963741471,0.008645736097103679,102.52901458740234,110.19175338745117,764.5351943969727,1884.4630126953125,7917.628174650172,6107.448158168346,17.92500000000005,16.698826683892143,0.011992571461531851,-0.574861466884613,0.07790348728678402,0.008179973149286738,0.02774820360564615,718,26.620309829711914,47.82309111928943,42.717768799335104
1.1816264167428017,-0.08898168057203293,-0.6573562026023865,0.0009159719555593679,0.0071200750868812826,91.03234481811523,98.77609252929688,501.60608291625977,1663.867431640625,7936.741554510109,6154.559733485739,17.95000000000005,16.699500613742405,0.015296277900536856,-0.5683850049972534,0.06360810044724023,0.005311140731536236,0.025296688920822555,719,26.72173309326172,47.83630508171728,43.13449979707818
0.9152761325240136,0.011943668127059937,-0.5537726581096649,0.0010706644892830488,0.0052862457669419875,80.4876480102539,88.33000183105469,237.033203125,1440.8209838867188,7949.281706583029,6196.1564192767655,17.975000000000048,16.699934005737305,0.017880031632052526,-0.56146240234375,0.04948738368569201,0.0024524226693114623,0.022793080308363484,720,26.802793502807617,47.811407921005355,43.55090512168181
0.6509738653898239,0.11208970844745636,-0.45265568792819977,0.0011791161330785339,0.0034220434068595283,70.9732894897461,78.8388671875,-27.160369873046875,1221.0699157714844,7955.207536661166,6232.176943873944,18.000000000000046,16.700124740600586,0.019691396090719435,-0.5559148788452148,0.035523277440997265,-0.0004102338284570237,0.020251280301396998,721,26.863731384277344,47.756959067851,43.96464424416829
0.38683759942650797,0.21101826135418378,-0.3541523814201355,0.0012392903099237393,0.0014317161822495741,62.5241756439209,70.34400177001953,-291.4594268798828,1001.6561279296875,7954.5285274143525,6262.703691768241,18.025000000000045,16.700078116522896,0.02069625382622083,-0.5506633520126343,0.021694197624758743,-0.0032738790637913506,0.01768546399094396,722,26.90475845336914,47.68144255570881,44.37517112979034
0.12506768982857466,0.3085997924208641,-0.2582658901810646,0.0012499047233582514,-0.0005302318945406767,55.19271469116211,62.903106689453125,-555.0747332572937,785.8240814208984,7947.242041742366,6287.745094966493,18.050000000000043,16.69979625278049,0.020873165792889066,-0.5468018054962158,0.007978695387228292,-0.006139341568473034,0.015109110509130998,723,26.926050186157227,47.59314582416404,44.783201915633235
-0.13383496664464475,0.4059889316558838,-0.16498090885579586,0.0012127954981180037,-0.002421555683006157,49.00053596496582,56.5677490234375,-815.0712661743164,571.5627899169922,7933.365173410945,6307.390697002024,18.075000000000042,16.69928762647841,0.020252830452389188,-0.5423628687858582,-0.005634833787984644,-0.00902595383742888,0.012535115381298974,724,26.927759170532227,47.500164855158786,45.19020482724392
-0.39166663810610775,0.5037082582712173,-0.07444478757679462,0.001127764327530029,-0.004339505003135078,43.99647808074951,51.36258506774902,-1076.5688018798828,360.70772552490234,7912.9883917565985,6321.679766749959,18.10000000000004,16.69856071472168,0.01883204819427596,-0.54001384973526,-0.019158943168408965,-0.01194712400249473,0.00997519339535234,725,26.910030364990234,47.410478558044886,45.597913759888364
-0.6482503801584244,0.601565957069397,0.013523496687412262,0.0009952477463491805,-0.006210272679482962,40.166093826293945,47.29043769836426,-1340.111083984375,154.13079833984375,7886.074171709612,6330.69745988809,18.12500000000004,16.697622934977215,0.0166182778775692,-0.5402967929840088,-0.03265759543358511,-0.014907884761937593,0.007438672897187475,726,26.872947692871094,47.3320569554981,46.007860508802395
-0.9030901789665223,0.6987861096858978,0.09919523075222969,0.0008174803131776027,-0.007944740603478433,37.46820068359375,44.36754608154297,-1604.5755310058594,-48.37897491455078,7852.571394610012,6334.550729846594,18.150000000000038,16.6964848836263,0.01364905076722304,-0.5426934361457825,-0.04619157203390764,-0.017900251053750753,0.0049323251819353665,727,26.81650161743164,47.27296606033288,46.420914421902516
-1.1515362858772278,0.7957554757595062,0.1829574629664421,0.0006008964618765631,-0.009246623261323115,35.87183904647827,42.53398895263672,-1861.0136108398438,-247.24862670898438,7812.457006334876,6333.341255473737,18.175000000000036,16.69515609741211,0.010032061901357438,-0.5438441038131714,-0.0597815665632843,-0.020926938834112313,0.0024608344482672487,728,26.740615844726562,47.2414089710604,46.83681239579377
-1.3951402842998506,0.8915111422538757,0.2652643695473671,0.00035652838277472186,-0.01024568005623922,35.27315640449524,41.67654275894165,-2111.8158569335938,-442.9248962402344,7765.931666063889,6327.160039806019,18.200000000000035,16.6936461130778,0.00595175919847356,-0.5444507002830505,-0.07338483528621932,-0.023957729547028274,2.8916231778707913e-05,729,26.645246505737305,47.2456300506651,47.25367425750037
-1.6346920579671862,0.9852182865142822,0.34629278630018234,9.028624865767297e-05,-0.010993585155901339,35.61727678775787,41.773054122924805,-2358.1675415039062,-635.6639404296875,7713.136269640558,6316.08691740002,18.225000000000033,16.691964467366535,0.0015070548074112998,-0.5447138547897339,-0.08700095376141398,-0.026972686935025875,-0.0023593081936404327,730,26.53037452697754,47.293644058628814,47.66752714002066
-1.8687577247619631,1.0768513083457947,0.4263055622577667,-0.00019090915137054117,-0.011419620190097563,36.693213768303394,42.82191324234009,-2598.5862426757812,-824.3218841552734,7654.1820811029675,6300.195318889284,18.250000000000032,16.690118577745224,-0.003186296671628952,-0.54460209608078,-0.10061584052460448,-0.029964884698676305,-0.004701426514682245,731,26.39598846435547,47.39276972538592,48.07188485937991
-2.095180109143257,1.1673592925071716,0.505749523639679,-0.0004771963353015166,-0.011407589151813669,38.73980009555817,44.793702363967896,-2829.0587768554688,-1008.9466857910156,7589.21742503608,6279.587271785408,18.27500000000003,16.688121159871418,-0.007963510644104745,-0.5426797866821289,-0.11421498134784988,-0.032939161260725644,-0.006995837061583135,732,26.24209976196289,47.54892988725178,48.4574504347712
-2.312934654951096,1.258962631225586,0.5848746448755264,-0.0007571331869061372,-0.010979979107504017,41.72722899913788,47.67902088165283,-3045.3453369140625,-1191.890869140625,7518.4909556147,6254.363604640638,18.30000000000003,16.68598386976454,-0.012633514901002249,-0.5370451211929321,-0.1277137293203777,-0.035914465636508186,-0.009240449096842794,733,26.068784713745117,47.765703454842566,48.81204527559067
-2.52634374499321,1.3482742309570312,0.663680225610733,-0.0010252413380518726,-0.010443853571152042,45.653625667095184,51.49512839317322,-3256.6180419921875,-1371.89013671875,7442.357322191855,6224.566332912128,18.325000000000028,16.68372366163466,-0.01710484942628278,-0.5309174656867981,-0.1410638645817007,-0.03882536832728935,-0.011432958882088576,734,25.876232147216797,48.043168944006794,49.12089966143603
-2.7353248715400698,1.4358799457550049,0.7420922219753265,-0.0012783495724543595,-0.009811100020014125,50.53400257229805,56.26228713989258,-3462.0128173828125,-1549.6492309570312,7360.941871142057,6190.2690794941645,18.350000000000026,16.68135537041558,-0.02132461302810245,-0.5235961079597473,-0.15424817645327424,-0.04167825883909071,-0.01357268814348035,735,25.664663314819336,48.37666904344014,49.36742759472016
-2.939530771970749,1.5223599672317505,0.819847047328949,-0.0015150606408014444,-0.009098300793065214,56.40671992301941,61.985167026519775,-3660.3154296875,-1725.734619140625,7274.391550707492,6151.527848720243,18.375000000000025,16.678894890679253,-0.025269556790590286,-0.5144971013069153,-0.16723130314924908,-0.04447835010168666,-0.015660748958832686,736,25.43433952331543,48.75568074815725,49.53458426954672
-3.134696745872498,1.6078644394874573,0.8972967863082886,-0.0017297521262937255,-0.008076043807895046,63.32006001472473,68.71271657943726,-3849.6800537109375,-1894.1690673828125,7182.883664965309,6108.384483241732,18.400000000000023,16.67636235555013,-0.028846003115177155,-0.5059852004051208,-0.17998694595386072,-0.04722556513307692,-0.017698994097638324,737,25.185571670532227,49.16303304243583,49.60686034972809
-3.320941954851151,1.694368600845337,0.9747642576694489,-0.0019148761518651592,-0.006774586631646396,71.26895761489868,76.09374332427979,-4024.601806640625,-2060.6573486328125,7086.64166362254,6061.030256557165,18.425000000000022,16.673778957790798,-0.03192826070719295,-0.4939706027507782,-0.1924888727303719,-0.049935693565693225,-0.01968762433727633,738,24.91869354248047,49.574796858755306,49.57284549056816
-3.50308455824852,1.7786396741867065,1.0520888268947601,-0.002068613757685276,-0.005535596187419615,80.25375938415527,84.62761116027832,-4195.224365234375,-2223.8731689453125,6986.026618456528,6009.513822841348,18.45000000000002,16.671166949801975,-0.03448625405629476,-0.48190972208976746,-0.20468378696746736,-0.05255045170296028,-0.021625829286149364,739,24.634117126464844,49.9611881489935,49.42814891740238
-3.681178879737854,1.861064076423645,1.129104197025299,-0.002191684049263262,-0.004354501668949262,90.16370010375977,94.06315422058105,-4361.26953125,-2384.1923217773438,6881.146009325672,5953.916993617719,18.47500000000002,16.668546464708115,-0.03653224971559313,-0.4694787561893463,-0.21657899571338804,-0.055078259711230836,-0.023513808681339187,740,24.332271575927734,50.28876401292926,49.1782625530991
-3.854097265005112,1.942566156387329,1.2055317759513855,-0.0022861029927309286,-0.003199623162608026,100.9826545715332,104.33402824401855,-4519.1771240234375,-2543.0980834960938,6772.114271044425,5894.312185573288,18.500000000000018,16.66593869527181,-0.03810012092192968,-0.4548659026622772,-0.22814094313839892,-0.0575347303723955,-0.02535309175987799,741,24.013607025146484,50.52402670064114,48.84076840440871
-4.0215237021446235,2.022008776664734,1.2809754014015198,-0.0023521415855351376,-0.002106479669174702,112.6349868774414,115.36445999145508,-4670.0279541015625,-2698.9265747070312,6659.134842943841,5830.734733485889,18.525000000000016,16.663362714979385,-0.0391946608821551,-0.43925243616104126,-0.2393139192414469,-0.05989686479372792,-0.0271455032032314,742,23.678640365600586,50.63828873622145,48.44619401370406
-4.177192568778992,2.100354015827179,1.3559590578079224,-0.0023872531798835007,-0.0006700058172570258,125.03634452819824,127.1671371459961,-4809.4693603515625,-2844.54345703125,6542.384144091305,5763.261569118215,18.550000000000015,16.660840776231552,-0.03977372000614802,-0.42476886510849,-0.2501262034643573,-0.062176799083539354,-0.028892018810267574,743,23.327913284301758,50.6132742788067,48.03679366899583
-4.3263212740421295,2.177027702331543,1.4307670593261719,-0.0023857145801755996,0.000767585834110373,138.07355117797852,139.55986785888672,-4940.360107421875,-2986.6448974609375,6422.147410082518,5692.147982692436,18.575000000000014,16.658395131429035,-0.0397422495815489,-0.4091188907623291,-0.26054467274107224,-0.06435474678716836,-0.030590697386223203,744,22.961959838867188,50.446511903327654,47.662744922213385
-4.4709621429443365,2.251425266265869,1.5051859021186829,-0.002349132265518213,0.002096231960538726,151.5948829650879,152.4498176574707,-5066.81689453125,-3124.8837280273438,6298.638407396973,5617.481860255914,18.600000000000012,16.656039555867512,-0.03912731177277035,-0.39373838901519775,-0.27058354169390997,-0.06642372750972651,-0.032239031814603324,745,22.58133888244629,50.155276587999765,47.37570286963631
-4.611297714710236,2.3235983848571777,1.5788434743881226,-0.0022817555903108344,0.0032791832796538667,165.36719512939453,165.36509704589844,-5186.4835205078125,-3261.9578857421875,6171.967985033693,5539.359767055233,18.62500000000001,16.65378252665202,-0.03799993130895826,-0.37647125124931335,-0.28021900832062796,-0.06838858071425714,-0.033836198179945695,746,22.186599731445312,49.77772322445703,47.22027866161097
-4.7456994473934175,2.393336296081543,1.6511671543121338,-0.0021855509765263234,0.004356076679062691,179.54653549194336,178.51665115356445,-5297.4931640625,-3396.733642578125,6042.3058970209995,5457.81081991168,18.65000000000001,16.651635699801975,-0.036393056313196816,-0.35706591606140137,-0.2893895702448022,-0.07024426512004056,-0.03538271663090073,747,21.778364181518555,49.370067254765,47.22471695082653
-4.875604581832886,2.459989547729492,1.7217382192611694,-0.002065302361339628,0.005213291797830629,193.8175277709961,191.7552604675293,-5403.4361572265625,-3528.277587890625,5909.868567919438,5372.892478847228,18.675000000000008,16.649606492784287,-0.03438652182618777,-0.3372293710708618,-0.2980693115800748,-0.07198107475326015,-0.0368792092652543,748,21.357318878173828,48.99927085973069,47.3927205657984
-4.9929758429527284,2.5236918926239014,1.790843427181244,-0.0019213574641235443,0.006362551398375852,208.0767822265625,205.08072662353516,-5499.383056640625,-3646.794677734375,5774.782663988774,5284.685539149963,18.700000000000006,16.64770444234212,-0.03198623036344846,-0.3201294541358948,-0.30629448460678455,-0.07360302308090247,-0.03832632106733292,749,20.924150466918945,48.73172002473451,47.69875734685682
-5.099987637996674,2.584813714027405,1.8593475818634033,-0.0017447147223713072,0.007712817763532661,222.26314544677734,218.36090850830078,-5584.700439453125,-3756.89697265625,5637.29808757276,5193.515672206605,18.725000000000005,16.64594226413303,-0.02904245009024938,-0.3033319413661957,-0.31408925751182387,-0.07510498351786912,-0.03972136390891128,750,20.479482650756836,48.61967662573751,48.08892388476469
-5.203539073467255,2.6428258419036865,1.9270551204681396,-0.001536996219649208,0.008842533298687526,236.2657699584961,231.4481430053711,-5665.233642578125,-3865.3966064453125,5497.680576586432,5099.593247890199,18.750000000000004,16.64432101779514,-0.025582280423906114,-0.2855268716812134,-0.3214526981888112,-0.07648099308003183,-0.04105990196229874,751,20.023929595947266,48.68837165671534,48.48845153943348
-5.303223013877869,2.6972075700759888,1.9932790398597717,-0.0013039620821118437,0.009747938369395312,249.9890365600586,244.24698638916016,-5740.5916748046875,-3971.9473876953125,5356.0497355219795,5002.958332729067,18.775000000000002,16.64284282260471,-0.02170164758960406,-0.2666999101638794,-0.32835767568414137,-0.07772920836057355,-0.0423401792056515,752,19.558128356933594,48.92713681068674,48.815420366511916
-5.396400964260102,2.747897505760193,2.0574198961257935,-0.0010497913140537398,0.01055201952330129,263.3404998779297,256.6881866455078,-5807.0272216796875,-4075.46142578125,5212.534943651863,4903.659648036683,18.8,16.64150873819987,-0.01747011724445555,-0.24589768052101135,-0.33476923600850717,-0.07885108577571545,-0.04356281149497166,753,19.08275604248047,49.28771162214868,48.99845269154764
-5.484199702739716,2.794520378112793,2.119196057319641,-0.0007778865328901089,0.01115292229198024,276.28430938720703,268.7248992919922,-5867.4224853515625,-4175.13427734375,5067.359263109871,4801.773112392152,18.825,16.64031876458062,-0.012944282756911384,-0.2245711386203766,-0.3406507606969199,-0.07984030864024698,-0.04472884744993843,754,18.59855079650879,49.691595891309106,48.994491475217046
-5.566554391384125,2.836761474609375,2.178139328956604,-0.000493620419049577,0.011542935991838539,288.74974060058594,280.1670837402344,-5922.410400390625,-4270.225341796875,4920.673700976082,4697.394755458558,18.849999999999998,16.63927396138509,-0.008213485901554426,-0.2033245712518692,-0.34599838816579903,-0.08069666473351877,-0.045839502137799165,755,18.10627555847168,50.04610591991338,48.801846741020505
-5.636715459823609,2.874331474304199,2.2349284887313843,-0.00019677842746849698,0.012203865995368955,300.8025360107422,291.1480407714844,-5971.37255859375,-4348.985595703125,4772.613440966316,4590.639121913636,18.874999999999996,16.638371149698894,-0.003274072530782885,-0.1874067634344101,-0.35088146047202745,-0.08141853119174156,-0.046895566184502475,756,17.606660842895508,50.26611283246168,48.464110557298696
-5.701580262184144,2.9071972370147705,2.2900607585906982,0.0001161818492181407,0.012780512151884867,312.3235168457031,301.65576934814453,-6013.679931640625,-4424.6834716796875,4623.329127001472,4481.914482021058,18.899999999999995,16.637614568074543,0.0019329888487441672,-0.1704532951116562,-0.35536029821429543,-0.08200446408226182,-0.04789521282798814,757,17.100309371948242,50.296163456282734,48.062526923109054
-5.761005687713624,2.9352012872695923,2.3430370092391968,0.00044159879207651166,0.013237425290563796,323.23401641845703,311.6552200317383,-6048.152099609375,-4498.244384765625,4472.987128710457,4371.297395229065,18.924999999999994,16.637003156873917,0.007346880932648976,-0.15160253643989563,-0.35939179147245737,-0.08245399319069958,-0.04883694820133219,758,16.587831497192383,50.12681765089771,47.69752914962968
-5.813221836090088,2.9584720134735107,2.3934130668640137,0.0007782901032242428,0.013637706724781113,333.54015350341797,321.0921096801758,-6073.216796875,-4567.9949951171875,4321.783326220222,4258.841285609924,18.949999999999992,16.63654115464952,0.012948058752550019,-0.13100114464759827,-0.36292470768504287,-0.0827661531211597,-0.04972029792896546,759,16.069904327392578,49.7999375338877,47.463416456939484
-5.860187864303589,2.97686767578125,2.4408613443374634,0.0011224190199241306,0.013838151208701608,343.23033142089844,329.90777587890625,-6092.60986328125,-4633.8072509765625,4169.9529062983465,4144.641410731993,18.97499999999999,16.636229621039497,0.01867282721731398,-0.11004697531461716,-0.365937674984304,-0.08294135167018409,-0.05054482924721081,760,15.547264099121094,49.40020045199038,47.42267344435267
-5.901555633544922,2.9900286197662354,2.485000729560852,0.0014691113592103825,0.013850833473095809,352.2724609375,338.14221954345703,-6106.1092529296875,-4695.27001953125,4017.6376597163153,4028.7962294575786,18.99999999999999,16.63606855604384,0.02444025336040391,-0.08884024620056152,-0.36842313665064774,-0.08297828638555213,-0.051310870890015285,761,15.020661354064941,49.03395791657977,47.58741635552982
-5.936970579624177,2.99763023853302,2.525546669960022,0.0018138697858144245,0.013691299720827055,360.6266784667969,345.7567443847656,-6113.5035400390625,-4751.95263671875,3864.984928393073,3911.414478969297,19.024999999999988,16.636057959662544,0.03017567719022433,-0.06747885048389435,-0.3703760992570301,-0.0828755424629347,-0.0520191885161923,762,14.49085807800293,48.80064601536186,47.914063522162955
-5.965886545181275,2.9995723962783813,2.5621811151504517,0.0021526171145400484,0.013390779676865727,368.2812805175781,352.7144470214844,-6114.6005859375,-4803.0538330078125,3712.1473398920966,3792.6156630513274,19.049999999999986,16.636201010810005,0.03581142259968652,-0.046238210052251816,-0.37179443227457903,-0.08263495914795968,-0.05267056026812285,763,13.958620071411133,48.76475755283944,48.31373773464327
-5.987538325786591,2.99567186832428,2.595054268836975,0.0024828882308958167,0.013007628818300886,375.2037048339844,359.0139465332031,-6109.2562255859375,-4847.322998046875,3559.282325243659,3672.5393172261315,19.074999999999985,16.63649770948622,0.04130665212869644,-0.02560294233262539,-0.3726918842724221,-0.08225594139057096,-0.05326526078429435,764,13.42470645904541,48.936799108959974,48.67617348081857
-6.002869284152985,2.9858604669570923,2.623905897140503,0.0028017632804326754,0.01248693921329836,381.363525390625,364.63185119628906,-6097.3443603515625,-4886.6197509765625,3406.550919604011,3551.356242274959,19.099999999999984,16.636951234605576,0.04661292251613405,-0.00471609178930521,-0.3730699532786725,-0.0817399456069897,-0.053802869784597286,765,12.889861106872559,49.269338915259475,48.90054201078527
-6.0108799815177925,2.969917058944702,2.6485780477523804,0.003106135285224586,0.011884058839450568,386.71046447753906,369.5300750732422,-6078.7022705078125,-4919.28466796875,3254.1173105952225,3429.1907485005445,19.124999999999982,16.637563705444336,0.05167868816190296,0.015749769285321236,-0.3729260094217537,-0.08108590653277986,-0.05428282134730001,766,12.35483455657959,49.669798393889295,48.92416683694146
-6.011149847507477,2.9479167461395264,2.6692285537719727,0.0033954261000466225,0.01125286469396657,391.2288360595703,373.6975402832031,-6053.2950439453125,-4944.5888671875,3102.1497538325275,3306.2086318013253,19.14999999999998,16.638335122002495,0.05649445371495353,0.03548712655901909,-0.37228488667883075,-0.08029672867800532,-0.05470405436915568,767,11.82036018371582,50.02648756622524,48.74049291448074
-6.00517190694809,2.9198172092437744,2.6856465339660645,0.003667344470093745,0.010498925869959739,394.83580017089844,377.09295654296875,-6021.14111328125,-4965.26025390625,2950.8173777338952,3182.5939101216372,19.17499999999998,16.639265484280056,0.06102219223976135,0.05568699911236763,-0.3711443546524907,-0.07937412229142861,-0.05506506249967273,768,11.287150382995605,50.24022736469868,48.40086043041717
-5.992175114154816,2.8854843378067017,2.697545647621155,0.003918904482038298,0.009654264798943678,397.5154571533203,379.70030212402344,-5981.0086669921875,-4981.1190185546875,2800.288849901865,3058.4624037739804,19.199999999999978,16.64035479227702,0.06521229528718525,0.07675474137067795,-0.36949179661706927,-0.07831837449510475,-0.05536485121463159,769,10.755932807922363,50.252168533551426,47.9996139582258
-5.970206153392792,2.8453850746154785,2.7046924829483032,0.004149577404777144,0.008796500143126586,399.217041015625,381.4547576904297,-5929.55810546875,-4991.926513671875,2650.7636332270617,2933.934428310113,19.224999999999977,16.641605165269638,0.06905602084265815,0.09979267418384552,-0.3672839029153391,-0.07713339264569558,-0.05560243015100188,770,10.227469444274902,50.05968365511945,47.64714643603611
-5.941353273391724,2.7994948625564575,2.7068203687667847,0.004356667047780902,0.007771507696203933,399.8119812011719,382.2268524169922,-5870.931396484375,-4997.3929443359375,2502.5246805903444,2809.136265468316,19.249999999999975,16.643012364705402,0.07250852882862091,0.1231813058257103,-0.3644955399645125,-0.07581938896385049,-0.055776051609318235,771,9.702581405639648,49.7159647192532,47.43900803429029
-5.905465185642242,2.7477169036865234,2.7035555839538574,0.004536063976637039,0.006582077015387845,399.1855163574219,381.9093933105469,-5805.329833984375,-4997.052978515625,2355.751395678237,2684.201441859918,19.274999999999974,16.644570032755535,0.07550136082702213,0.1466587483882904,-0.3611215811794911,-0.07437905573898396,-0.05588429662406234,772,9.182108879089355,49.31396391238555,47.43016219295624
-5.861071062088013,2.6900410652160645,2.6947306394577026,0.004684206993610551,0.0053158151774202736,397.2788543701172,380.44908142089844,-5730.3984375,-4990.5670166015625,2210.6181498286296,2559.2751173970273,19.299999999999972,16.646267573038738,0.07797513571050432,0.17098641395568848,-0.35715756576544905,-0.07281545144516038,-0.05592616650982543,773,8.666892051696777,48.95998068135397,47.62156358454997
-5.807285368442535,2.626879572868347,2.6801053285598755,0.004800533557936022,0.00398966030295304,394.09303283691406,377.8279724121094,-5644.7916259765625,-4977.6580810546875,2067.358188891132,2434.5109419819887,19.32499999999997,16.648095448811848,0.07992035812801784,0.19656363129615784,-0.35256331327943974,-0.07113167200714698,-0.05590018820562955,774,8.157806396484375,48.744974004514404,47.96215725750215
-5.745719707012177,2.5580875873565674,2.659422993659973,0.00488148065135817,0.0024936685717498086,389.63519287109375,374.0652618408203,-5551.802001953125,-4957.99462890625,1926.2383982417211,2310.069489955622,19.34999999999997,16.650044123331707,0.08127751449743907,0.22198547422885895,-0.3473315666074927,-0.06932835616748646,-0.055804185409521395,775,7.655766487121582,48.721750664747205,48.3646788141946
-5.676103043556214,2.4835777282714844,2.6324621438980103,0.004923070176998691,0.0008484127731942779,383.94244384765625,369.1975402832031,-5451.2080078125,-4931.296142578125,1787.4433481928963,2186.1196242329665,19.374999999999968,16.652099821302627,0.08198012080457476,0.24723204970359802,-0.3414666866758929,-0.06740908671008282,-0.055636397938468,776,7.161684513092041,48.89381421242823,48.72981439498368
-5.595928311347961,2.4033881425857544,2.599165439605713,0.004922719596808317,-0.0007877612949437436,377.06353759765625,363.26527404785156,-5341.785400390625,-4894.1890869140625,1651.1631479975874,2062.8372206685144,19.399999999999967,16.654251946343315,0.08198487261931102,0.271258682012558,-0.33498415310847657,-0.06537802898532849,-0.05539552334024874,777,6.676464080810547,49.217782396500375,48.97142392161155
-5.500381147861481,2.3190011978149414,2.5599111318588257,0.004886264978644606,-0.0021266823727936375,369.11058044433594,356.3375549316406,-5213.5374755859375,-4847.822998046875,1517.6185129878263,1940.4824934956646,19.424999999999965,16.65649202134874,0.08138868543836805,0.29802003502845764,-0.32786782049113494,-0.06325108081657449,-0.05507901912826043,778,6.200989246368408,49.617261721097094,49.0360677667798
-5.393084299564362,2.2309422492980957,2.5147221088409424,0.004816044910839782,-0.0034325439077396015,359.8365478515625,348.5016326904297,-5073.3477783203125,-4791.975830078125,1387.280076098183,1819.2869185444947,19.449999999999964,16.658813688490127,0.08023021949662103,0.324931263923645,-0.32008190259672015,-0.061029923324258946,-0.05468185442475635,779,5.736205577850342,50.00322357375212,48.91253859281516
-5.276715397834778,2.1385016441345215,2.4634923934936523,0.0047121935917456515,-0.004861219821127552,349.71900939941406,339.84791564941406,-4925.1519775390625,-4727.5926513671875,1260.4463816401808,1699.487522792544,19.474999999999962,16.661203172471787,0.07851139538817936,0.3511478304862976,-0.3116311265361671,-0.05870465287807811,-0.054198786131340396,780,5.283073902130127,50.294931121077,48.63035859006701
-5.152029132843018,2.0415995717048645,2.405934691429138,0.004570623693267322,-0.006439953158596834,338.69842529296875,330.3523941040039,-4769.83544921875,-4655.171875,1137.3175822017104,1581.2977065083671,19.49999999999996,16.663647757636177,0.07616379194789463,0.376546710729599,-0.30253519970154236,-0.05628250370546184,-0.05362642704000113,781,4.842536449432373,50.43624022474791,48.24921678847013
-5.018727016448975,1.939984917640686,2.341711163520813,0.004388084806488406,-0.008136753997924495,326.8367233276367,319.9933776855469,-4606.974853515625,-4574.5833740234375,1018.071695971248,1464.9184096333702,19.52499999999996,16.66613260904948,0.07313287092579736,0.4012714624404907,-0.2928126976414492,-0.05376600580944571,-0.05296369524154571,782,4.415505886077881,50.40414696242188,47.84332594148331
-4.8676318526268005,1.8380539417266846,2.2709896564483643,0.004167633845027341,-0.009446137719456684,314.49525451660156,308.9424133300781,-4420.1436767578125,-4485.39404296875,902.8973246333653,1350.553825282788,19.549999999999958,16.668647130330402,0.06946922176414067,0.4302542805671692,-0.2824188792495743,-0.051220375427817634,-0.05221011219921576,783,4.002899646759033,50.209001719241655,47.48519966952402
-4.7062128543853765,1.7329098582267761,2.193962812423706,0.003914150843522237,-0.010839845859598109,301.6300811767578,297.21002197265625,-4224.26416015625,-4386.3890380859375,792.3937327144283,1238.4189742085734,19.574999999999957,16.671187082926433,0.06525387366612752,0.4581235349178314,-0.271311084014206,-0.04858773874113882,-0.05136197029343118,784,3.6057283878326416,49.88794752421283,47.232538687633635
-4.5342623651027685,1.6245756149291992,2.1105672121047974,0.0036237091998111773,-0.01228479592388564,288.15111541748047,284.73487091064453,-4022.1346435546875,-4274.393310546875,686.7871287105314,1128.7592482564303,19.599999999999955,16.673733393351238,0.060421025587452784,0.4825502932071686,-0.25952962553634534,-0.04587506366073013,-0.05041485450244733,785,3.2249927520751953,49.494334310490224,47.1204086844632
-4.3459400057792665,1.5131167769432068,2.022385001182556,0.003304311921029311,-0.013232263335357167,273.59224700927734,271.88109588623047,-3813.6395263671875,-4138.8343505859375,586.2337626216738,1021.8994154927647,19.624999999999954,16.67626168992784,0.055103769732846156,0.4985383152961731,-0.24726308891068355,-0.04308915165034426,-0.04936444551187123,786,2.8615434169769287,49.08617728665595,47.15924894276835
-4.144464308023453,1.4032791256904602,1.9303026795387268,0.002964706347030517,-0.013810258757472231,259.2516632080078,258.6915283203125,-3588.219482421875,-3996.0849609375,490.8927744625045,918.4285567281228,19.649999999999952,16.678761376274956,0.049447773231400385,0.5167108178138733,-0.2345833961314096,-0.04030637717661763,-0.04820455979454686,787,2.5159881114959717,48.71629315868575,47.3377889593983
-3.934513241052628,1.2921123504638672,1.8343210816383362,0.0026128616752876675,-0.014347821984693929,244.66893005371094,245.090087890625,-3353.47021484375,-3847.1463623046875,401.18728740196934,818.5264327046926,19.67499999999995,16.681217617458767,0.043585809568564095,0.5349790453910828,-0.22143482055271357,-0.03746955613722191,-0.04692892643834492,788,2.1889681816101074,48.42564350725176,47.62898533649364
-3.7190091848373417,1.1792013347148895,1.7342819571495056,0.0022460819753457074,-0.01499747516548354,229.87449645996094,231.17191314697266,-3114.76123046875,-3691.99658203125,317.35053203088745,722.3477736470832,19.69999999999995,16.68360816107856,0.03747281514936023,0.5520162582397461,-0.20784449312820066,-0.03457790934947878,-0.0455335590240087,789,1.8811383247375488,48.24022284808129,47.997036524156655
-3.4931433260440827,1.0644713342189789,1.6302086114883423,0.0018645779074080518,-0.015413251827996452,214.92112731933594,217.08726501464844,-2872.060546875,-3521.8531494140625,239.48150126918162,630.047859096311,19.724999999999948,16.685911814371746,0.0311122193104691,0.5635149478912354,-0.1938790761089069,-0.031638912389791884,-0.044018311909916084,790,1.5930945873260498,48.17105115538929,48.40398958743517
-3.2504184365272524,0.9520764648914337,1.5241939425468445,0.0014827209186110955,-0.01502147898540248,200.1058807373047,203.11949157714844,-2615.8443603515625,-3334.307861328125,167.6799875973203,542.0015303609694,19.749999999999947,16.688110563490127,0.02474382933643129,0.5708914995193481,-0.17971060970125138,-0.028718518026438114,-0.042383276642229545,791,1.3252452611923218,48.21642097672593,48.81492222430354
-3.0033739387989047,0.8403840661048889,1.4169725179672241,0.0011132086177342273,-0.014566817050082507,184.97074127197266,188.6849822998047,-2354.6337890625,-3143.8182373046875,102.28387858854515,458.64383382777635,19.774999999999945,16.690184275309246,0.01857966598537233,0.5781827569007874,-0.1653439042399531,-0.02578124691997327,-0.04062576093153458,792,1.0778647661209106,48.36535008226765,49.20124148436834
-2.754875844717026,0.7286269068717957,1.3083200454711914,0.0007538888897363917,-0.014198139847863866,170.29983520507812,174.59456634521484,-2093.2880859375,-2950.7484130859375,43.41803386199751,380.0483778951701,19.799999999999944,16.69210327996148,0.012583993375301361,0.584539532661438,-0.15080777179905536,-0.022821680161757413,-0.03874606438345383,793,0.8512152433395386,48.60126754583999,49.54216801244616
-2.501068049669266,0.6170684248209,1.1983872056007385,0.00040596279036066727,-0.013623796909571953,155.84369277954102,160.75423431396484,-1831.724853515625,-2748.1192016601562,-8.914168286425138,306.2796675680332,19.824999999999942,16.693851682874893,0.006777082776857747,0.5864136219024658,-0.13616577870482696,-0.019852946303726804,-0.03674952164254584,794,0.6455025672912598,48.905301609567886,49.82479996750231
-2.238394981622696,0.5073680430650711,1.0882144570350647,7.707101882522638e-05,-0.012534780405568113,141.78468322753906,147.32346725463867,-1564.0174255371094,-2535.330322265625,-54.7072896242996,237.57668752654212,19.84999999999994,16.69541358947754,0.001286732472686304,0.5854064226150513,-0.1215144811915401,-0.016903290457895785,-0.034643645735917106,795,0.4608010947704315,49.25885639373516,50.04321829049876
-1.9730407774448395,0.40025146305561066,0.9789511859416962,-0.00021958896136482485,-0.011242096576605862,128.01113891601562,134.38869094848633,-1294.3930053710938,-2319.47705078125,-93.80772526271105,174.19342946991452,19.87499999999994,16.696772045559353,-0.0036664270899362033,0.5835044384002686,-0.1069009173419483,-0.013977476665753434,-0.03243508416331979,796,0.29707983136177063,49.645355169555785,50.19708277513389
-1.7098383456468584,0.29489005729556084,0.8705141842365265,-0.000485141866010795,-0.010025759126252918,114.91550064086914,121.96287155151367,-1028.0973815917969,-2104.1566772460938,-126.1675503969723,116.20650320039627,19.899999999999938,16.697913275824654,-0.008100857958197594,0.5806726813316345,-0.09234499428519989,-0.011067695675536875,-0.03013224460753907,797,0.1542685627937317,50.051196498762394,50.29010627678717
-1.4457330018281938,0.19120053853839636,0.7632143199443817,-0.0007182040265566998,-0.00864541880642693,102.52676773071289,110.1895980834961,-764.4821624755859,-1884.4224853515625,-151.86998493675037,63.602586269257976,19.924999999999937,16.698826683892143,-0.011993166473176744,0.5748619437217712,-0.07790074090190988,-0.00817940150591994,-0.027747758358401403,798,0.03225124254822731,50.46608882751817,50.32865916097588
-1.181575232744217,0.08896255493164062,0.6573366224765778,-0.0009159999135493271,-0.007119753114866681,91.0302734375,98.77406311035156,-501.5540199279785,-1663.82568359375,-170.9820389986232,16.49202413548302,19.949999999999935,16.699500613742405,-0.015296744596627023,0.5683846473693848,-0.06360535406236609,-0.005310585927981996,-0.025296229109415595,799,-0.06916849315166473,50.882951844576795,50.320622398198445
-0.9152261897921563,-0.011961892247200012,0.5537533611059189,-0.0010706851651919025,-0.005285983091873532,80.48575592041016,88.32812118530273,-236.98329162597656,-1440.7794799804688,-183.5208894968048,-25.103617954345673,19.974999999999934,16.699934005737305,-0.017880377256207995,0.5614613890647888,-0.049484653945574684,-0.0024518809995106457,-0.022792608013388917,800,-0.15022383630275726,51.29754795134235,50.2745423905684
-0.6509244337677956,-0.11210774630308151,0.45263662934303284,-0.0011791305672035827,-0.0034217609661423578,70.97158432006836,78.8371696472168,27.20904541015625,-1221.0281372070312,-189.4454717874364,-61.123104953842564,19.999999999999932,16.700124740600586,-0.019691638234588835,0.5559132099151611,-0.03552058099039356,0.00041077127205005586,-0.020250799684044023,801,-0.21115916967391968,51.70797596884331,50.199086475465975
