AY,Alphaf,Alphar,Beta,BetaR,Fxf,Fxr,Fyf,Fyr,Myf,Myr,Time,Vx,Vy,YawAcc,YawR,delta,phi,t,yaw,global_x_m,global_y_m
1.2940107239157769e-17,0.0,0.0,-0.0,-0.0,1.374053716659546,0.2894238531589508,0.0,0.0,0.0,0.0,0.0,16.666666666666668,-0.0,2.869163304912862e-17,0.0,0.0,0.0,1,0.0,0.0,0.0
0.02495101965032518,-0.06999301165342331,0.0003127157688140869,9.516214039305575e-06,0.0013559433975645027,-61.78290557861328,-54.38727378845215,45.91041564941406,-0.14528656005859375,0.0,0.0,0.025,16.663378609551323,0.0001585722687498977,0.016827037557959557,0.00011439118872518173,0.0011536834648169275,1.5667848819268782e-06,2,3.5135308280587196e-05,0.416625565754514,9.300565162178598e-06
0.13887608852237465,-0.2256331704556942,0.0021065063774585724,0.00010649634000002727,0.006920267264908884,-83.84296035766602,-76.61188507080078,256.42908477783203,-1.7316741943359375,1.1477603912353516,-0.003632164001464844,0.05,16.659569210476345,0.001774183086430033,0.09288081526756287,0.0013540637103790975,0.004078711865006457,2.623251668961497e-05,3,0.0008592995582148433,0.8331623173662543,0.0002197228944775989
0.3244121052324772,-0.4016183018684387,0.004050824791193008,0.00037347524842573106,0.014260409963695882,-111.48482894897461,-105.58382415771484,600.1791305541992,-5.080207824707031,7.558487510681153,-0.04692401885986328,0.07500000000000001,16.65502972073025,0.00622024190508657,0.2171992063522339,0.005165115109681365,0.007872199632395497,0.00013498501161993205,4,0.005156401079148054,1.2495915394493702,0.0015720920569796601
0.5321368508040906,-0.5579533874988556,0.000724300742149353,0.0008057436140112581,0.01964421897269724,-142.4502716064453,-137.97962951660156,981.1454772949219,-4.6405029296875,22.562965774536135,-0.17392921447753906,0.1,16.64959059821235,0.013415304323037466,0.35323894023895264,0.01230993886934897,0.011880577744607726,0.0004056528792928972,5,0.017265044152736664,1.66586221216679,0.006484026218656103
0.7191765069961549,-0.6729454398155212,-0.015166740864515305,0.0013193387165151488,0.020672380165198168,-173.44329833984375,-171.33738708496094,1309.1007995605469,11.205780029296875,47.091602706909185,-0.28994178771972656,0.125,16.64317448933919,0.021957997232675552,0.46353426575660706,0.022596526536348027,0.015556717148156861,0.0008919025318918945,6,0.041935816407203674,2.081793452344723,0.019240703617885
0.875565965473652,-0.7592856585979462,-0.048449890688061714,0.0018035167470767414,0.01762597771068892,-203.34215545654297,-202.94276428222656,1552.9425048828125,55.211326599121094,79.81912269592286,-0.009797286987304699,0.15,16.635783513387043,0.03000294789671898,0.5311256051063538,0.03511417428566906,0.01885674616519873,0.0015987849379052739,7,0.08306903392076492,2.4968378445105874,0.0458645591326616
1.0173514097929002,-0.836776614189148,-0.0996195119805634,0.0021810853703254245,0.012487904609193514,-229.1515350341797,-230.76927947998047,1734.434814453125,134.9022102355957,118.64268531799317,1.370485877990725,0.175,16.62750032212999,0.03626605702771081,0.5603101849555969,0.04882919174465734,0.02193513256022145,0.002489776559473145,8,0.14310894906520844,2.9096913586702398,0.09358399260686219
1.1626916959881783,-0.9212347865104675,-0.1652326099574566,0.0024245288526918785,0.0071739806922661185,-249.70716094970703,-253.46659088134766,1887.8895874023438,249.17046356201172,162.0035556793213,4.743041133880621,0.19999999999999998,16.61845525105794,0.040291998949315816,0.5643602609634399,0.06292778346321189,0.024962941781073285,0.0035130655195657183,9,0.22314901649951935,3.31781438435043,0.1701378686403151
1.3215360879898073,-1.0232089757919312,-0.24030986428260803,0.002544800224382029,0.0027749641816664523,-263.8488235473633,-270.01158905029297,2037.1428833007812,392.3804702758789,209.2007953643799,10.972302722930918,0.22499999999999998,16.60879347059462,0.04226615031560262,0.5545116066932678,0.07692686450315993,0.028129927176314278,0.004625709515939929,10,0.3233602046966553,3.7169652696671056,0.2830700872775137
1.490761485695839,-1.1414088308811188,-0.3204169273376465,0.0025691938957144492,-0.0006480774554717866,-270.8615951538086,-278.98216247558594,2188.00830078125,552.9373779296875,260.12936744689944,20.781814479827894,0.24999999999999997,16.59868558247884,0.04264533519744873,0.5384188890457153,0.09059345820339,0.031447130461495255,0.005804188466921716,11,0.4434092342853546,4.100837546505213,0.4390364256903537
1.6623417854309084,-1.268349528312683,-0.4031613618135452,0.002516208173217856,-0.0034688424813081914,-271.5077896118164,-282.23181915283203,2335.2254028320312,721.3350067138672,314.8295749664307,34.60524892807009,0.27499999999999997,16.588289472791885,0.041739679872989655,0.5176337361335754,0.10381305695940708,0.03480520702762514,0.007040118876638158,12,0.5827352404594421,4.460872539763056,0.6430772206587348
1.8261517554521562,-1.3996215462684631,-0.4869361072778702,0.0023963217115290057,-0.006123911878907387,-266.15135955810547,-278.06451416015625,2466.700927734375,891.0388488769531,373.2102100372315,52.63862409591678,0.3,16.57777468363444,0.039725754823949605,0.49050241708755493,0.11641198105624596,0.03812048368220501,0.008329764517333386,13,0.7405785322189331,4.786328668424138,0.8978040184883345
1.9761671632528306,-1.5326136946678162,-0.5717641562223434,0.002207845848054355,-0.008871462926325811,-255.6027603149414,-268.9099426269531,2576.228271484375,1057.1601867675781,434.8777332305909,74.91459531784062,0.325,16.56728744506836,0.036578079064687095,0.457397997379303,0.12828083282975328,0.04132483239530198,0.009665468800873425,14,0.9159687161445618,5.0647003181787,1.2025198164962911
2.110394388437271,-1.6682777404785156,-0.6568655669689178,0.0019518111273075208,-0.011667482465286379,-240.78379821777344,-255.38863372802734,2665.0728759765625,1214.7672729492188,499.2834400177003,101.34359998703007,0.35000000000000003,16.556963390774197,0.03231610688898298,0.4209095239639282,0.13925696803873078,0.04441219759632801,0.011032464186924594,15,1.1077338457107544,5.2825473057632815,1.5524002292791939
2.2320144325494766,-1.8083199858665466,-0.742295116186142,0.0016262560687278218,-0.014280008124545883,-222.72752380371094,-237.7728271484375,2735.81396484375,1367.1151733398438,565.9102619171143,131.71278181076053,0.37500000000000006,16.546912723117405,0.026909539269076452,0.380351722240448,0.1492909351106871,0.04740018527680205,0.012410223529147266,16,1.3145630359649658,5.426728752044751,1.9379160269881182
2.336472138762474,-1.9536025524139404,-0.8272588849067688,0.0012357746251956444,-0.016928133797736482,-202.44117736816406,-218.26914978027344,2791.10302734375,1503.2365112304688,634.3056110382081,165.89066114425663,0.4000000000000001,16.537207497490776,0.02043627409471406,0.3420739471912384,0.15832575904305135,0.05030366336574732,0.013776155731357004,17,1.5350419282913208,5.485957809273842,2.344676889366869
2.4306249946355822,-2.104549467563629,-0.9114437699317932,0.0007833763768022388,-0.019211124481017708,-180.9211883544922,-197.26058959960938,2833.0494384765625,1633.6163330078125,704.0831867218019,203.47157392501833,0.4250000000000001,16.52789857652452,0.012947568255994055,0.3016810417175293,0.16637529659587036,0.05313572088380262,0.015107606239234022,18,1.767764925956726,5.452502358454602,2.753841331582431
2.5088173508644105,-2.2603639364242554,-0.9945127367973328,0.00027334094409669276,-0.021498342932529432,-159.1445770263672,-175.82318878173828,2863.3465576171875,1746.2490844726562,774.909422683716,244.31198225021365,0.4500000000000001,16.519009272257488,0.004515321407881048,0.26492801308631897,0.17346666207799247,0.055892758402307154,0.01638473658325183,19,2.0113184452056885,5.3238129907650045,3.143163664456351
2.5769027292728426,-2.419899106025696,-1.0757062435150146,-0.0002886936841713699,-0.02345808203552928,-137.8270721435547,-154.9877166748047,2883.5106201171875,1850.3765869140625,846.4930866241457,287.96820936203005,0.47500000000000014,16.510535346137154,-0.004766487723423375,0.2282504141330719,0.17962189314743812,0.058566669924692984,0.0175904765250014,20,2.264357566833496,5.103823366580553,3.4886539639109784
2.632612532377243,-2.581861972808838,-1.155154049396515,-0.0008996970894553926,-0.025308600324916854,-117.51749038696289,-135.15627670288086,2895.1544189453125,1940.2691650390625,918.5808521270753,334.2276240348816,0.5000000000000001,16.50246090359158,-0.01484722002512879,0.1946069598197937,0.18491234587666458,0.061147551820656385,0.018711966949547392,21,2.5255813598632812,4.8036765786240405,3.766731509803371
2.678762245178223,-2.744999051094055,-1.2320576906204224,-0.0015526121224316999,-0.026902385724031586,-98.67782402038574,-116.75656127929688,2900.0712890625,2019.3303833007812,990.9597126007081,382.7343531608582,0.5250000000000001,16.494755215115017,-0.02560997795727518,0.16313761472702026,0.18937145958210921,0.06362889807087807,0.019740132303237526,22,2.79377818107605,4.441690628148276,3.9566464342093486
2.7162280559539798,-2.9082024097442627,-1.306593656539917,-0.0022438913693045223,-0.028287593594928075,-81.58377170562744,-100.20657730102539,2899.6815185546875,2087.7786865234375,1063.4614948272706,433.2176127433777,0.5500000000000002,16.48737695482042,-0.03699594487746557,0.13425597548484802,0.193088949502994,0.06600600445096377,0.02067017889610965,23,3.0678205490112305,4.042464078205259,4.042875372728467
2.7459308385849,-3.070429563522339,-1.3781911134719849,-0.002966064195082402,-0.02944425439061993,-66.39513683319092,-85.65207481384277,2895.3487548828125,2145.9666748046875,1135.9535327911378,485.41207990646365,0.5750000000000002,16.4802794986301,-0.04888171123133765,0.1082938089966774,0.19611033904920253,0.06827713782561035,0.021501126768106404,24,3.3466789722442627,3.635155708787181,4.017171894321254
2.7695788681507114,-3.23061466217041,-1.4469591975212097,-0.003714861089605643,-0.030367297702062986,-53.2929767370224,-73.29519844055176,2888.35986328125,2195.7670288085938,1208.3372516632082,539.0612467765808,0.6000000000000002,16.473410924275715,-0.06119671381182141,0.08491753786802292,0.1985242781955208,0.07043814948918213,0.022235447665614517,25,3.6294217109680176,3.2510885120857984,3.8799773750114084
2.788273221254349,-3.3879109621047974,-1.512567162513733,-0.004482929231552105,-0.031029761103814796,-42.56409668922424,-63.50144577026367,2879.6593017578125,2238.293701171875,1280.5462482452394,593.9554224967957,0.6250000000000002,16.466714011298286,-0.07381961577468449,0.063974529504776,0.20037873713108384,0.07248913931022002,0.02287825985135399,26,3.915215015411377,2.920937002074505,3.6409751271774353
2.8020749390125275,-3.5413533449172974,-1.5751832127571106,-0.0052655526931828815,-0.031513364110043365,-34.91486692428589,-57.18075180053711,2869.8602294921875,2273.1199951171875,1352.5377307891847,649.9127650260925,0.6500000000000002,16.460117763943142,-0.08667241368028852,0.04581749439239502,0.20174998213160883,0.07442559864022229,0.023436691442429977,27,4.203312397003174,2.6718185386618183,3.3186795384145107
2.81327320933342,-3.690061569213867,-1.6346584558486938,-0.00605633884758448,-0.03171570609624054,-31.862433433532715,-55.614365577697754,2859.8363037109375,2303.706298828125,1424.2842365264894,706.7407649040222,0.6750000000000003,16.453514099121094,-0.09964927203125423,0.0292508564889431,0.2026820385788661,0.07624340166009393,0.02391867366546388,28,4.493058681488037,2.524630786453877,2.9390756397142574
2.821528071165085,-3.8332325220108032,-1.6910954713821411,-0.006849507802953589,-0.03171596825116035,-27.545479774475098,-52.314561158418655,2850.23974609375,2328.330078125,1495.7801441192628,764.3334223747253,0.7000000000000003,16.446848975287544,-0.11265458332167731,0.015572856180369854,0.2032350939134915,0.07793951486290575,0.024332757764268374,29,4.783864974975586,2.4919437266898385,2.533443610556522
2.8288179576396946,-3.970063090324402,-1.7445319294929504,-0.007639577712663579,-0.03145420864432998,-16.7387638092041,-40.870614528656006,2841.1978759765625,2350.05029296875,1567.0361377716065,822.5416743278503,0.7250000000000003,16.44025378757053,-0.12559903992546928,0.003706640098243952,0.20347208196099492,0.07951011411577998,0.024687291084385173,30,5.075237274169922,2.5766942916016027,2.1356023213052824
2.8349349200725555,-4.099893689155579,-1.794917106628418,-0.008420437350220827,-0.030986542992749853,4.09644889831543,-17.22597312927246,2832.247802734375,2368.622314453125,1638.0660846710205,881.292931652069,0.7500000000000003,16.433993445502388,-0.13838469154304928,-0.00633108988404274,0.2034379768542851,0.08095296069892527,0.02499059184303157,31,5.366751670837402,2.7718276603907235,1.778877905934498
2.8395261466503143,-4.222287178039551,-1.842290222644806,-0.00918754477760999,-0.03036948440698929,35.87460470199585,19.677985191345215,2822.6416015625,2384.031005859375,1708.8722797393798,940.5084895133971,0.7750000000000004,16.4283996158176,-0.15094089839193556,-0.014847492799162865,0.20317149429770906,0.08226671054822897,0.025250516365423307,32,5.658041000366211,3.060901632243371,1.493126915197804
2.843617653846741,-4.336888551712036,-1.8865758180618286,-0.009936784578709052,-0.02956555305589463,77.82620048522949,68.97426891326904,2811.863525390625,2398.7048950195312,1779.4383197784423,1000.1092646598814,0.8000000000000004,16.423800786336262,-0.16320513354407418,-0.02313873916864395,0.20269590366129134,0.08344956186876606,0.025473943097313344,33,5.948784351348877,3.419571386418192,1.3021139090169924
2.8460449874401093,-4.4434545040130615,-1.9277952313423157,-0.010664563046492359,-0.028658047624936504,127.97873306274414,128.32539749145508,2799.1710205078125,2411.40478515625,1849.734907913208,1060.0768870353697,0.8250000000000004,16.420487297905815,-0.17512395977973938,-0.03106498531997204,0.20201887817792274,0.08449991260269332,0.025666828781046137,34,6.238678455352783,3.817782750766509,1.221488347359954
2.846625024080277,-4.541822671890259,-1.9658846855163574,-0.011368302324248496,-0.027664216243362377,183.58568572998047,194.53558349609375,2784.286376953125,2422.3085327148438,1919.7141834259032,1120.362006664276,0.8500000000000004,16.41868167453342,-0.1866605712307824,-0.03891964256763458,0.20114203238901418,0.08541590685962608,0.025833784014258888,35,6.527430057525635,4.222444663828473,1.2575354728232437
2.845124113559723,-4.6319739818573,-2.0009562969207764,-0.012046620897161986,-0.02661227801575409,241.6126480102539,264.0747375488281,2767.3333740234375,2431.14501953125,1989.3213428497313,1180.919719982147,0.8750000000000004,16.418515311347115,-0.19779720240169102,-0.04665544629096985,0.20007222393437252,0.08619742396507743,0.025977913044097214,36,6.81475305557251,4.6003166610025055,1.4067992866167933
2.8416766047477724,-4.713648080825806,-2.033038020133972,-0.012697756501605255,-0.025499532330318722,299.2161407470703,333.54150390625,2748.8714599609375,2437.8764038085938,2058.5046772003175,1241.6983454704282,0.9000000000000005,16.420035892062717,-0.20850881934165955,-0.054134469479322433,0.19881035163086572,0.08684107671103596,0.026101067599756566,37,7.100371360778809,4.920830738212513,1.656586726603964
2.8367454171180726,-4.7867515087127686,-2.0621548891067505,-0.0133202984944384,-0.024313535150743967,353.98948669433594,399.9493408203125,2729.6995849609375,2442.799560546875,2127.226463699341,1302.645255565643,0.9250000000000005,16.423208448621963,-0.21877499090300667,-0.061253245919942856,0.19736698489907004,0.08734733115069242,0.026204354557565007,38,7.384018898010254,5.158583753395742,1.9862718477037355
2.8308034002780915,-4.85088849067688,-2.0882545709609985,-0.013911954060410429,-0.023037273454972338,404.04371643066406,460.91221618652344,2710.8065185546875,2445.995849609375,2195.4689533233645,1363.715244579315,0.9500000000000005,16.42793231540256,-0.22855939136611092,-0.06774535775184631,0.19575161125036886,0.08771307055333356,0.026288720588066274,39,7.665446758270264,5.295281104083674,2.3692419341527398
2.8243607878684998,-4.905789852142334,-2.1112982034683228,-0.014470619718379102,-0.021663471403681953,448.02838134765625,514.6410522460938,2693.08984375,2447.6580200195312,2263.239116287232,1424.8651408195492,0.9750000000000005,16.43405384487576,-0.23782754937807718,-0.07339896261692047,0.19398571906580775,0.0879382907577702,0.02635534746899409,40,7.944430351257324,5.320979522920458,2.775271298261247
2.8182137429714205,-4.951085805892944,-2.131266474723816,-0.014993282767361265,-0.020162012390014302,485.0779266357422,559.9261779785156,2677.4010009765625,2448.4993896484375,2330.566362380982,1486.0565913200376,1.0000000000000004,16.441384421454536,-0.24652881754769218,-0.07822864502668381,0.1920878672492332,0.08802226355589177,0.02640586222532693,41,8.220773696899414,5.234558503228542,3.173077737875243
2.8128914833068848,-4.986337184906006,-2.148096442222595,-0.015476741172265022,-0.018522790965989296,514.7163696289062,596.056640625,2664.31591796875,2448.9797973632812,2397.501387405396,1547.2690760612486,1.0250000000000004,16.44971211751302,-0.25460826026068795,-0.08223766088485718,0.19008042635380193,0.08796332447201695,0.026442470287342514,42,8.49431324005127,5.043433230008331,3.532818506305639
2.8089308202266694,-5.0112457275390625,-2.1616541147232056,-0.015917264426969654,-0.016729688765228148,536.8056335449219,622.7528991699219,2654.2310791015625,2449.7120971679688,2464.1092853546147,1608.4935709953306,1.0500000000000003,16.458812289767796,-0.2620013886027866,-0.08554475754499435,0.18798157245395367,0.08776232238874322,0.026467859783266136,43,8.764910697937012,4.762596213969173,3.8283129334265564
2.8065902292728424,-5.025493621826172,-2.1718103885650635,-0.016310995109083758,-0.014782587193838567,551.2497253417969,639.7885437011719,2647.3973388671875,2450.9376220703125,2530.4650623321536,1669.7363734245298,1.0750000000000002,16.46845711602105,-0.26864076654116315,-0.0881744846701622,0.18580861609677393,0.08741951113861197,0.026485060058837762,44,9.032454490661621,4.41312635588539,4.038827561556915
2.8060110688209536,-5.02876877784729,-2.178542971611023,-0.016654141334945867,-0.012687558467165393,558.0806884765625,647.1813659667969,2643.9256591796875,2452.7994384765625,2596.6499958038335,1731.0098139762877,1.1,16.478417714436848,-0.27445927262306213,-0.09014100581407547,0.18357823532858938,0.08693478669189313,0.02649717328060842,45,9.296857833862305,4.020335219371466,4.150316493774813
2.8070505201816562,-5.020893812179565,-2.1817827224731445,-0.01694325972049029,-0.010467958299909161,557.7683715820312,645.5525817871094,2643.7274169921875,2455.074951171875,2662.748137283326,1792.3297999382016,1.125,16.4884705013699,-0.2793951829274495,-0.09135039150714874,0.1813079404335673,0.08630978023475436,0.026507128925777192,46,9.558053016662598,3.6117334343679466,4.156070359280558
2.8096043169498444,-5.00168776512146,-2.1815426349639893,-0.017175543543599445,-0.008145935141752813,551.1016235351562,635.936279296875,2646.552978515625,2457.7387084960938,2728.8413227081305,1853.7066737174985,1.15,16.49841202629937,-0.2833970718913608,-0.09183356165885925,0.17901670643447443,0.08554522829768464,0.026517415385487624,47,9.81600284576416,3.2149924495164948,4.056779210562324
2.8134069740772247,-4.970991849899292,-2.1778608560562134,-0.017348790494887505,-0.005752104422110602,539.0502014160156,619.6099548339844,2652.04052734375,2460.5625,2795.0051471710212,1915.1501414299007,1.1749999999999998,16.50806956821018,-0.2864237626393636,-0.09157448261976242,0.17672264282672337,0.08464152203246908,0.026529955129151614,48,10.07069206237793,2.856057136207051,3.8600646664533205
2.8181179463863373,-4.928853511810303,-2.170827865600586,-0.017461662752025632,-0.0033224125739147927,522.6697998046875,597.966796875,2659.7489013671875,2463.2491455078125,2861.306160354615,1976.6642039299006,1.1999999999999997,16.51730113559299,-0.2884488304456075,-0.09055612981319427,0.17444457483026957,0.08360171159079366,0.026546042286611376,49,10.322132110595703,2.557533206634283,3.5795735184867454
2.8232693493366243,-4.8752570152282715,-2.1605911254882812,-0.01751382950047216,-0.0009019718945593624,503.04969787597656,572.4289855957031,2669.2423095703125,2465.2623901367188,2927.7998828887944,2038.245432567596,1.2249999999999996,16.525999704996746,-0.28946313593122697,-0.08866431564092636,0.17220282569318174,0.08242682894758079,0.02656629895565279,50,10.570361137390137,2.3374344619178307,3.2337447591296695
2.828673678636551,-4.810319185256958,-2.147342085838318,-0.017505912838012977,0.0014800352610918862,481.25567626953125,544.3852233886719,2680.0911865234375,2466.5767211914062,2994.530940628052,2099.876992321014,1.2499999999999996,16.534093221028645,-0.2894739641083611,-0.0860043615102768,0.17001823465098975,0.08111935417159558,0.026590693927356836,51,10.815444946289062,2.2083357763294207,2.844373705312594
2.833978706598282,-4.734132289886475,-2.131314277648926,-0.017439307803328478,0.003786284001164531,458.2912139892578,515.1166076660156,2691.8751220703125,2466.8642578125,3061.533220291138,2161.541410350799,1.2749999999999995,16.541541417439777,-0.2885022759437561,-0.08255257457494736,0.1679095270551082,0.0796806188433831,0.0266187008112893,52,11.057478904724121,2.1769408786304396,2.4350934083362246
2.8389954686164858,-4.646977186203003,-2.1127474308013916,-0.017316407080210525,0.00598628938853699,435.0763854980469,485.78224182128906,2704.2900390625,2465.9933471679688,3128.830098342896,2223.213016796112,1.2999999999999994,16.54833369784885,-0.28658631775114274,-0.0783415213227272,0.16589755878582377,0.07811447206295635,0.026649418709987684,53,11.296584129333496,2.244041164232514,2.02988148827437
2.843782961368561,-4.549004077911377,-2.091873526573181,-0.01713996849680357,0.008069681869751929,412.4066619873047,457.3644561767578,2717.0478515625,2464.2848510742188,3196.4373493194585,2284.862850475311,1.3249999999999993,16.5544859568278,-0.2837711572647095,-0.07359132915735245,0.16399782611172936,0.07642199157831896,0.026681738666529318,54,11.532907485961914,2.404818770866927,1.6516806139191913
2.8483070135116577,-4.440539121627808,-2.06891405582428,-0.016913086937577534,0.010022837971432238,390.9427490234375,430.642822265625,2729.9581298828125,2461.8084716796875,3264.363545608521,2346.4699717521667,1.3499999999999992,16.560036341349285,-0.2801080544789632,-0.06838934123516083,0.16222277931092113,0.07460687668667262,0.02671460581945118,55,11.766617774963379,2.6494327101376345,1.3211979291398224
2.852553898096085,-4.321815729141235,-2.0440924763679504,-0.016639165215003374,0.011835064997771517,371.1785583496094,406.1621551513672,2742.8563232421875,2458.6649169921875,3332.612498855591,2408.015183544159,1.3749999999999991,16.565039952596027,-0.2756538821591271,-0.06283219903707504,0.16058243852700044,0.07267084595915829,0.026747140077236782,56,11.997897148132324,2.9638188446092832,1.0559251708132753
2.856442713737488,-4.193204879760742,-2.0176352858543396,-0.016321841248742027,0.013493658838132248,353.4518280029297,384.2745819091797,2755.6131591796875,2454.8136596679688,3401.183906936646,2469.4818064689634,1.399999999999999,16.569561428493923,-0.2704697681797875,-0.056960735470056534,0.15908454357188537,0.07061754043632879,0.02677868813318121,57,12.226940155029297,3.330637326301365,0.8694013957592162
2.8591638624668123,-4.055068731307983,-1.9899041056632996,-0.015965818222890463,0.014933240968347588,337.92852783203125,365.1191864013672,2768.0985107421875,2448.8960571289062,3470.074235916138,2530.8521479606625,1.424999999999999,16.573673884073894,-0.26463475492265487,-0.05025194212794304,0.15774434104281662,0.06844964824640942,0.026808715274471855,58,12.453958511352539,3.7303061402695232,0.7707263980022967
2.861534535884857,-3.907850503921509,-1.9612611532211304,-0.015576149901736034,0.016190166658189023,324.62913513183594,348.7026824951172,2780.126953125,2442.6013793945312,3539.2766986846927,2592.0745493888853,1.4499999999999988,16.57745149400499,-0.2582337624496884,-0.043504856526851654,0.15657265003172263,0.06617060237049288,0.026836549469052385,59,12.679183959960938,4.1420627218124295,0.7643198537644297
2.8637179970741276,-3.7519922256469727,-1.9318972826004028,-0.015157278354753204,0.0172760279404795,313.59222412109375,334.8436279296875,2791.8038330078125,2436.1334838867188,3608.7798725128177,2653.1395838737485,1.4749999999999988,16.580967373318142,-0.2513415780332353,-0.03675767034292221,0.15556885468260134,0.0637840480103212,0.026861718421948236,60,12.902854919433594,4.545003445365259,0.8499061344115837
2.8656859159469605,-3.587830424308777,-1.9020221829414368,-0.014713429269577872,0.01818815021085863,304.49151611328125,323.2476806640625,2803.005126953125,2429.59912109375,3678.574968338013,2714.0429209709164,1.4999999999999987,16.584288279215496,-0.24402936299641928,-0.030154120177030563,0.15473252223177558,0.06129186602341425,0.026884103539267113,61,13.125210762023926,4.919063816682265,1.0226991074308682
2.86717923283577,-3.41593599319458,-1.8718194961547852,-0.014249094649954948,0.018914454577366683,297.0760803222656,313.6077117919922,2813.27001953125,2423.0119018554688,3748.650096511841,2774.78289899826,1.5249999999999986,16.587473551432293,-0.23637246754434374,-0.02387179806828499,0.15405736096117004,0.058699110174059384,0.02690383797906352,62,13.346484184265137,5.2459126388529365,1.273762644730207
2.8667431831359864,-3.236849308013916,-1.8417399525642395,-0.01377006375036345,0.019364876260888546,291.2092742919922,305.5379333496094,2822.226806640625,2414.0991821289062,3818.9818470001223,2835.3581965446465,1.5499999999999985,16.59057405259874,-0.22846769955423143,-0.01713365688920021,0.15354618383468616,0.05600903035102433,0.026920930063715865,63,13.56690502166748,5.5097372385403665,1.5905236777449916
2.865507757663727,-3.051180362701416,-1.812091886997223,-0.013282342207120965,0.019610063931716975,286.5894470214844,298.5447540283203,2829.4471435546875,2405.3878784179688,3889.537517166138,2895.710676097869,1.5749999999999984,16.593633227878147,-0.22041527761353386,-0.011167032644152641,0.15319474643933656,0.053225053293617965,0.026934766017816667,64,13.786707878112793,5.697898130497171,1.957414350762058
2.8629475355148317,-2.8595786094665527,-1.783039152622223,-0.012791207448434516,0.01964112096733542,282.73094177246094,292.2985305786133,2833.930908203125,2396.9500122070312,3960.273695755005,2955.8453730583183,1.5999999999999983,16.59668074713813,-0.21230316824383205,-0.006368905771523714,0.15297888058822884,0.05035123408071886,0.026944548973633506,65,14.006104469299316,5.801442571384732,2.356613266279159
2.8582908868789674,-2.6628236770629883,-1.7547396421432495,-0.012302168888809204,0.019447848293006727,279.35665130615234,286.46385192871094,2834.259521484375,2388.8106079101562,4031.1219684600833,3015.769123363494,1.6249999999999982,16.599740982055664,-0.20422312948438856,-0.003303069621324539,0.152862267421997,0.047392197874126414,0.02694925735921698,66,14.225263595581055,5.815472605317397,2.7688624024110626
2.85043118596077,-2.461775064468384,-1.7272128462791443,-0.011821013702129447,0.019014668496948526,276.1689987182617,280.7263412475586,2828.41015625,2380.98388671875,4101.978456497192,3075.4893885612482,1.6499999999999981,16.602825588650173,-0.1962713731659783,-0.002745780861005187,0.1527924426671665,0.04435173967839401,0.02694734737337269,67,14.444293022155762,5.739355777446173,3.174344788679778
2.8365646302700043,-2.2575408220291138,-1.7006672024726868,-0.011354888730851824,0.018235177890639144,272.87815856933594,274.7947082519531,2813.7783203125,2370.952880859375,4172.688710403442,3135.013985729217,1.674999999999998,16.605941984388565,-0.18856674432754517,-0.004625221714377403,0.1527078207235292,0.041235160848566564,0.02693628069068665,68,14.663214683532715,5.576763534265921,3.5536039067360536
2.816222751140595,-2.051333427429199,-1.6751261353492737,-0.010911975913247223,0.017166551213731226,269.2379913330078,268.49388122558594,2787.0972900390625,2361.1345825195312,4243.033168411254,3194.287807750701,1.699999999999998,16.609090169270832,-0.18124519122971428,-0.011186913587152958,0.1525224647116597,0.03804584547176364,0.026911698465468457,69,14.881954193115234,5.335516874571124,3.888477172102963
2.7868719041347507,-1.8445554971694946,-1.6503103375434875,-0.010499665521340617,0.015796275770290594,265.0489501953125,261.6791229248047,2743.5723876953125,2351.6878051757812,4312.710600662231,3253.3161723136895,1.7249999999999979,16.61226378546821,-0.1744296153386434,-0.024319689720869064,0.15209401202653638,0.03478673862964382,0.026867527442075972,70,15.10027027130127,5.027227216005712,4.163011870443858
2.7455698490142826,-1.6389768719673157,-1.6257387399673462,-0.01012530829585954,0.014138271778499424,260.19276428222656,254.27021026611328,2677.9903564453125,2342.435546875,4381.2999103546135,3312.1083674430843,1.7499999999999978,16.615453296237522,-0.1682423386308882,-0.04591863602399826,0.15123597481282647,0.03146322073984691,0.026795769814860548,71,15.317687034606934,4.666720169383677,4.364327212395196
2.688641268014908,-1.4363244771957397,-1.6004616022109985,-0.009795914800314168,0.012210484366796722,254.35665130615234,246.24219512939453,2583.9164428710938,2333.0853271484375,4448.249669265746,3370.6692561149594,1.7749999999999977,16.618647045559353,-0.1628000537554423,-0.07829035073518753,0.14970860199339558,0.02807483719245247,0.0266859414676246,72,15.533422470092773,4.271221300571103,4.483365863010096
2.612369954586029,-1.238723635673523,-1.5733251571655273,-0.009517255563832108,0.010079713105462242,247.50843811035156,237.58477783203125,2455.2800903320312,2322.89501953125,4512.847580337523,3428.9963892936703,1.7999999999999976,16.621830198499893,-0.15819897254308066,-0.123419851064682,0.14721694847751746,0.024623906810143984,0.026524653774106677,73,15.74631404876709,3.8593018973606723,4.515453761557467
2.5138533890247348,-1.0488247871398926,-1.5430026054382324,-0.00929327747437264,0.007885456661048397,239.5961456298828,228.38426208496094,2290.28466796875,2308.3353881835938,4574.229582595824,3487.0687647819514,1.8249999999999975,16.624984741210938,-0.1545050409105089,-0.18040169775485992,0.14344930790435512,0.02112207051971756,0.02629536600722386,74,15.954756736755371,3.449618412476993,4.460568607720125
2.3932952851057054,-0.870053768157959,-1.5073677897453308,-0.009122042458064349,0.005966284471442371,231.03831481933594,218.77609252929688,2087.2184448242188,2291.4705200195312,4631.486699295042,3544.777149486541,1.8499999999999974,16.628088421291775,-0.15168633725908068,-0.25056222081184387,0.13808135718740733,0.017601766871607114,0.025978764007289278,75,16.156688690185547,3.0595342912013646,4.323212643529863
2.2527987867593766,-0.7067221999168396,-1.4639695286750793,-0.008991354069352515,0.004742385620158473,220.93900299072266,208.94197845458984,1851.1696166992188,2271.0541381835938,4683.667160415647,3602.063912487029,1.8749999999999973,16.6311158074273,-0.14954027202394274,-0.3306620121002197,0.13082275351120665,0.014126648016608798,0.025555454552021184,76,16.349599838256836,2.7037755324874264,4.111826000252193
2.098268818855286,-0.5614051073789597,-1.409885585308075,-0.008876693541154296,0.004735820303893048,210.03731536865234,198.91600036621094,1595.0039978027344,2245.0011596679688,4729.946400833127,3658.840265941619,1.8999999999999972,16.634042527940537,-0.14765916599167717,-0.4143260419368744,0.12149894331105517,0.01075754924050248,0.025009283904932567,77,16.530637741088867,2.3933163473862527,3.837753303738446
1.9315694719552996,-0.4312586709856987,-1.3428280353546143,-0.008745903203306982,0.006058039213522657,199.3099136352539,188.9804916381836,1330.4976196289062,2204.9407958984375,4769.821500778195,3714.965294933318,1.9249999999999972,16.636838912963867,-0.14550790190696716,-0.49399590492248535,0.11012099535023354,0.00749103340100628,0.02433019239112457,78,16.696826934814453,2.1346965934720727,3.5138752907109994
1.7571487158536911,-0.31307175755500793,-1.2610011100769043,-0.008563139092162442,0.008841722907090193,187.42166900634766,178.94589233398438,1061.7852935791016,2154.88427734375,4803.0839412689165,3770.088814830779,1.949999999999997,16.639490127563477,-0.14248975449138218,-0.569445788860321,0.096807312106331,0.004321083483550877,0.023514445343287282,79,16.845312118530273,1.9298996841538305,3.1531334404944724
1.571781885623932,-0.2031231748405844,-1.1631385684013367,-0.008293699490508828,0.012739943678045092,175.66393280029297,169.26725006103516,795.0568923950195,2082.7352905273438,4829.628573608393,3823.9609217643724,1.974999999999997,16.641968621148003,-0.13802665803167555,-0.6340376138687134,0.08174090268050645,0.0012388094324964388,0.022564579006240086,80,16.973430633544922,1.776746370922539,2.7672380432255674
1.377222087979317,-0.09773531928658485,-1.0495388209819794,-0.007914123613618228,0.01757276442315777,164.26085662841797,159.78215789794922,531.4336681365967,1990.583251953125,4849.504995918267,3876.0293040275556,1.999999999999997,16.644268035888672,-0.13172754810916054,-0.6883028149604797,0.06519112501107537,-0.001773480763259041,0.021485120753836108,81,17.078866958618164,1.6696414626092615,2.3657699953622022
1.1667282953858376,0.005220189690589905,-0.9215556383132935,-0.007411661577771886,0.022625700633852004,153.38296508789062,150.4422836303711,270.7987823486328,1866.203857421875,4862.790837621681,3925.793885326383,2.024999999999997,16.64637777540419,-0.12337957819302876,-0.7273076176643372,0.04747656806581689,-0.004713037597949516,0.02027980941457447,82,17.15970802307129,1.6004706574287304,1.9557626741073475
0.9349018007516862,0.10826395452022552,-0.7816078662872314,-0.0067868106450795895,0.027199365636278252,142.31462860107422,141.5733413696289,7.410736083984375,1705.4522094726562,4869.560807180396,3972.4489817619296,2.0499999999999967,16.648281945122612,-0.11299047205183241,-0.7515320181846619,0.028957971578544465,-0.007605168969179077,0.01894840363948139,83,17.214548110961914,1.5594626614114309,1.5417549444920178
0.6810913041234017,0.21386167546734214,-0.6332191228866577,-0.006056830908207764,0.03087441142728991,131.689208984375,133.25806427001953,-257.9156188964844,1506.3151245117188,4869.746075582495,4015.0852869987452,2.0749999999999966,16.649963590833877,-0.10084725088543361,-0.7592502236366272,0.010031519252407516,-0.010479868403631834,0.017485096489023726,84,17.242517471313477,1.5358987487170501,1.1262287204464014
0.40371652692556387,0.3225247152149677,-0.4804440885782242,-0.005251757310676811,0.03313363131724757,122.29821014404297,125.38766098022461,-527.478353023529,1268.2053527832031,4863.298185110082,4052.7431651115376,2.0999999999999965,16.651416354709202,-0.08744999766349792,-0.7507651448249817,-0.008887254639352141,-0.013349328510766215,0.015878769265650402,85,17.243330001831055,1.5186324540216785,0.7103131609597166
0.106458911113441,0.437551811337471,-0.32775165885686874,-0.0044106394922673155,0.03378487407231283,113.712158203125,118.83621215820312,-798.5538177490234,995.1300048828125,4850.111226284493,4084.448298931117,2.1249999999999964,16.652625401814777,-0.07344920602109697,-0.7264977097511292,-0.0273903995908156,-0.016271412316936504,0.014115114760583344,86,17.2172908782959,1.4964636275339929,0.2946315104921653
-0.20605839975178245,0.5584548860788345,-0.17906450480222702,-0.0035762482362048727,0.03276316272307694,106.14579010009766,112.2346420288086,-1071.7786254882812,696.1869354248047,4830.147380840766,4109.326549053186,2.1499999999999964,16.653575897216797,-0.059557573662863836,-0.6906280517578125,-0.04513863720148517,-0.0192516529034114,0.012180335510721884,87,17.165254592895508,1.4584428301383656,-0.11982263178250574
-0.5249236308038235,0.685571163892746,-0.03732345253229141,-0.0027863205871507687,0.03036990468709882,99.1788330078125,107.50716018676758,-1343.9388122558594,384.46246337890625,4803.352915203558,4126.731222438805,2.1749999999999963,16.654255125257706,-0.046404211057557,-0.6487086415290833,-0.06190008624330712,-0.022306927533450625,0.010065400695197667,88,17.088485717773438,1.3941836771042067,-0.5308798683467854
-0.8387973085045816,0.8185918927192688,0.09611829835921526,-0.002067067095673293,0.02716952158731255,93.87989044189453,102.51842498779297,-1606.9526977539062,72.66104125976562,4769.75444489716,4136.342784023276,2.199999999999996,16.654652489556206,-0.034426332761844,-0.6042522192001343,-0.0775601974998944,-0.025435405283804755,0.007770570908484551,89,16.988489151000977,1.2942450901145486,-0.9345422143818276
-1.1371281728148461,0.9576753079891205,0.22109783068299294,-0.0014306169781141034,0.02377267210048409,89.41629791259766,99.15462112426758,-1851.99658203125,-228.73566341400146,4729.5806274533115,4138.159310054769,2.224999999999996,16.654770109388565,-0.023826613194412656,-0.5590170621871948,-0.09208526949988992,-0.02863287034966225,0.005308901361559076,90,16.866867065429688,1.1506299276559082,-1.324547004801595
-1.4118153154850006,1.102125644683838,0.3385220766067505,-0.0008761554216123377,0.020658005337095546,86.56718254089355,96.49556732177734,-2072.1768798828125,-511.7553939819336,4683.28071290253,4132.440918469418,2.249999999999996,16.65461540222168,-0.014592034535275565,-0.5137120485305786,-0.10548088655920441,-0.03187514102026572,0.002707580224377968,91,16.725242614746094,0.9574183560250429,-1.6922020036366132
-1.6578727871179582,1.2503953576087952,0.4496552497148514,-0.00039210629038817393,0.018154321823230818,84.74273109436035,95.24973678588867,-2263.2676391601562,-771.4892578125,4631.476290905459,4119.647033619868,2.274999999999996,16.654203202989365,-0.0065302181368072825,-0.4687926769256592,-0.11776434258016662,-0.035109857051870696,7.2018674787516e-06,92,16.565223693847656,0.7115089915854422,-2.026542860310708
-1.872186687588692,1.4015601873397827,0.5555285811424255,3.851114776293206e-05,0.016444888653779393,84.40373039245605,94.09855270385742,-2423.176025390625,-1004.2865905761719,4574.894599926454,4100.359802174555,2.299999999999996,16.65355576409234,0.0006413475299874941,-0.4251803755760193,-0.12893803440775756,-0.03829293584635525,-0.0027406393121518287,93,16.388399124145508,0.4133879764691304,-2.314854812108559
-2.0578096568584443,1.5559072494506836,0.6571480333805084,0.0004340154148650785,0.015360033338978804,85.43042945861816,94.75260543823242,-2553.4158935546875,-1214.199462890625,4514.315199291688,4075.2526374101494,2.3249999999999957,16.65270275539822,0.007227530392507712,-0.3811260759830475,-0.13900791254253794,-0.04140658727957821,-0.00547750390554766,94,16.19634437561035,0.06780190416277904,-2.543574310441381
-2.216080802679062,1.7139288187026978,0.7549439370632172,0.0008108250111956565,0.014850253331769897,87.49824905395508,96.13519477844238,-2657.51611328125,-1400.1363220214844,4450.479801952821,4044.897650837883,2.3499999999999956,16.651682323879665,0.013501603777209917,-0.33890676498413086,-0.14800988804733173,-0.044447224406446356,-0.008143392655149628,95,15.990619659423828,-0.3158186903754707,-2.699537127320474
-2.3486022353172302,1.875772774219513,0.8493137359619141,0.0011816346928438003,0.014866193807310243,90.8643970489502,98.88640785217285,-2738.7955322265625,-1561.6773071289062,4384.041899120789,4009.894242787345,2.3749999999999956,16.650526258680557,0.01967484752337138,-0.2995404601097107,-0.15598567268271235,-0.04741484098517589,-0.010681860069712962,96,15.77272891998291,-0.723337285336906,-2.7714684873514575
-2.459839302301407,2.041078507900238,0.9400092363357544,0.0015562833316062662,0.015173238595942265,95.30426788330078,102.91543579101562,-2799.97314453125,-1704.267333984375,4315.5720108151245,3970.8523101091214,2.3999999999999955,16.649276945326065,0.025911014527082443,-0.2613414525985718,-0.16298001587737151,-0.05030754575527395,-0.01304397264480206,97,15.54410457611084,-1.1363977054459005,-2.751554601090526
-2.5509777784347536,2.209275245666504,1.027090609073639,0.0019441107166497463,0.01579099522119167,100.80978393554688,107.83127212524414,-2843.92529296875,-1827.1829223632812,4245.572682201843,3928.245626759511,2.4249999999999954,16.64796935187446,0.03236553735203213,-0.2257559448480606,-0.16907211338422548,-0.0531249371619824,-0.015191532223977048,98,15.30610179901123,-1.5334583237747574,-2.636902818671729
-2.622010070085526,2.379364252090454,1.1101146936416626,0.002350541088137838,0.01675264292517057,107.27315139770508,113.98444366455078,-2872.755126953125,-1928.2965087890625,4174.474549877625,3882.5660537004287,2.4499999999999953,16.646643744574654,0.039128690130180784,-0.19402287900447845,-0.1743103681560864,-0.05586312449339621,-0.017098913163827018,99,15.059985160827637,-1.8913388550360135,-2.4306768229458857
-2.679290294647217,2.550415515899658,1.1889132857322693,0.002781990349636138,0.01776760586581609,114.58086395263672,121.16308975219727,-2889.1986083984375,-2016.501220703125,4102.6556717037965,3834.3586409807017,2.474999999999995,16.645335091484917,0.04630728314320246,-0.16341754794120789,-0.17877439206479084,-0.05852046407978011,-0.018753595486336695,100,14.806915283203125,-2.1871591379467965,-2.1427125965415237
-2.7204176962375644,2.7210981845855713,1.2632392048835754,0.003242006175014741,0.01904014745844002,122.63176345825195,129.12213134765625,-2895.1878662109375,-2085.4668579101562,4030.4257064938356,3783.946110463123,2.499999999999995,16.64407624138726,0.053960387077596456,-0.13722942769527435,-0.18252865025347553,-0.06109024600354384,-0.02015652586204982,101,14.547971725463867,-2.4004813570031667,-1.7894805491880361
-2.752100956439972,2.890303134918213,1.3328478336334229,0.0037331711023229136,0.02023210970273763,131.24457550048828,137.90355682373047,-2892.7982177734375,-2145.4085083007812,3958.046009838562,3731.809439015369,2.524999999999995,16.642896864149307,0.06213107042842441,-0.11184617877006531,-0.1856375745757636,-0.06356824665764611,-0.021319977718521375,102,14.2841157913208,-2.515413370832561,-1.393328482281294
-2.7720438778400425,3.0568935871124268,1.3977347016334534,0.0042558328509334515,0.021545813778960095,140.2315444946289,147.25056838989258,-2884.1966552734375,-2189.9677124023438,3885.726054394226,3678.1742263078495,2.549999999999995,16.641821331448025,0.07082523571120368,-0.09068240970373154,-0.18816459819986936,-0.065949185492988,-0.022266452686367927,103,14.016242980957031,-2.522427590013534,-0.9810376146232034
-2.7870877385139465,3.2199313640594482,1.4579973220825195,0.0048090868823433,0.022638698108328352,149.4438591003418,156.94412994384766,-2871.51220703125,-2229.5555419921875,3813.6211380123905,3623.4250334977905,2.574999999999995,16.64086765713162,0.08002799418237475,-0.07012270390987396,-0.19017343725487293,-0.06822847063728374,-0.02302440705795589,104,13.745129585266113,-2.419662101497911,-0.581815316312677
-2.7958761990070347,3.378347396850586,1.5136560201644897,0.00538760141281147,0.023624250803982613,158.6995620727539,166.88270568847656,-2856.9796142578125,-2259.4749755859375,3741.8333328366093,3567.6861449479857,2.5999999999999948,16.64004749721951,0.08965080810917748,-0.052895739674568176,-0.19170120954846734,-0.07039844758299393,-0.023626227368854155,105,13.471501350402832,-2.2135352441675087,-0.22491773540951987
-2.8021853387355806,3.531684398651123,1.56534081697464,0.005988373624179167,0.02436330089302022,167.7348289489746,176.91556549072266,-2842.0584716796875,-2285.2075805664062,3670.408842480164,3511.199270558337,2.6249999999999947,16.639366149902344,0.09964393244849311,-0.0372275747358799,-0.1928264783328099,-0.0724576058184378,-0.024103617719602274,106,13.195982933044434,-1.9185816554805777,0.06284704404374408
-2.8084021866321565,3.679215431213379,1.613058626651764,0.006602829906241748,0.024726310555544036,176.65364837646484,186.80249786376953,-2828.2281494140625,-2309.6500854492188,3599.357380688172,3454.0690810441765,2.6499999999999946,16.63882785373264,0.10986494521299998,-0.022404039278626442,-0.1935699163958623,-0.07439949966153951,-0.024485373539486727,107,12.919134140014648,-1.5565008038341424,0.25947216214385405
-2.8118911683559418,3.8204482793807983,1.657298743724823,0.007223924845529462,0.02492130804279748,185.19733428955078,196.31990814208984,-2815.9620361328125,-2327.529052734375,3528.6516769528203,3396.327828907946,2.6749999999999945,16.63842837015788,0.12019685573048061,-0.01085774414241314,-0.1939823235354179,-0.0762204568628272,-0.02479614779394216,108,12.641471862792969,-1.1545159716568476,0.34972141138599844
-2.8157224476337435,3.9551228284835815,1.6986811757087708,0.007846277504253858,0.02482345351749388,193.2942352294922,205.45874786376953,-2805.2584228515625,-2344.4821166992188,3458.2526260495,3338.1396025895865,2.6999999999999944,16.63816240098741,0.13055031498273215,-0.0002153056557290256,-0.19411929323923202,-0.07791890033159285,-0.02505443904957162,109,12.363421440124512,-0.743197083630603,0.3265033184624178
-2.8197727739810947,4.082885265350342,1.737129032611847,0.008462664578106746,0.024457485249446555,200.83282470703125,214.10427856445312,-2795.6263427734375,-2360.7879638671875,3388.121165478211,3279.527549672106,2.7249999999999943,16.63802040947808,0.1408053437868754,0.009806572459638119,-0.19399805283060617,-0.07949248315712582,-0.025273681705717792,110,12.085363388061523,-0.3539690666984339,0.19151804617891793
-2.823161870241165,4.203307151794434,1.7728341817855835,0.00906699408609457,0.023891035046775904,207.8553009033203,222.16608428955078,-2787.047119140625,-2374.8570556640625,3318.230506908875,3220.5078505754263,2.7499999999999942,16.63799391852485,0.15086073014471266,0.018522780388593674,-0.19363820983306604,-0.08093743946319715,-0.025463300855926036,111,11.807655334472656,-0.016549518123124718,-0.0448620664244371
-2.8253724932670594,4.316136598587036,1.8061177134513855,0.00965579299567857,0.023201842246177024,214.29436492919922,229.59458923339844,-2779.3131103515625,-2385.9597778320312,3248.5543289303596,3161.1364241838246,2.774999999999994,16.63807445102268,0.16065879000557792,0.02571447566151619,-0.1930835399570298,-0.08225294117315542,-0.02562921371124337,112,11.530609130859375,0.2434480114371968,-0.36446566408170056
-2.8275244116783145,4.421002626419067,1.8369731307029724,0.010225166433764503,0.02234366563262881,220.14452362060547,236.36912536621094,-2772.22314453125,-2396.3523559570312,3179.0715011715706,3101.487429738024,2.799999999999994,16.63825141059028,0.17013481921619839,0.03238954395055771,-0.19235558151781343,-0.08343664969866839,-0.02577476794838381,113,11.254484176635742,0.4065203026402724,-0.7428548670966018
-2.8295267939567568,4.517493963241577,1.865307331085205,0.010771141504960568,0.0213352534440865,225.41761016845703,242.47171020507812,-2765.7076416015625,-2405.9415283203125,3109.7659225582893,3041.5786208390978,2.824999999999994,16.638516320122612,0.1792227394051022,0.03852467238903046,-0.19146745058378561,-0.08448598510243005,-0.025902245979625337,114,10.97951889038086,0.4607250235868693,-1.1513471521915977
-2.831280338764191,4.605329275131226,1.8910581469535828,0.011290185359633206,0.020196204881697398,230.12779235839844,247.93379974365234,-2759.744140625,-2414.5703735351562,3040.62323151825,2981.43008263109,2.849999999999994,16.638858583238388,0.1878637737698025,0.0440642312169075,-0.19043297894785796,-0.08540054374908768,-0.026013495372974194,115,10.705933570861816,0.40247404663469744,-1.559330869176752
-2.8324150025844577,4.684096574783325,1.9141891598701477,0.011779624433719332,0.018968712323387846,234.29559326171875,252.76910400390625,-2754.3912353515625,-2421.5051879882812,2971.629628002625,2921.0658232927112,2.874999999999994,16.639269722832573,0.1960134340657128,0.04867800325155258,-0.18927207373917881,-0.0861772838093337,-0.026110109863895226,116,10.433923721313477,0.2366233272341982,-1.9366676221430659
-2.832913261651993,4.753615856170654,1.9347769021987915,0.012237538338401644,0.017677780355080164,237.94872283935547,257.00274658203125,-2749.64404296875,-2426.7185668945312,2902.769847118836,2860.5281935930043,2.8999999999999937,16.63974444071452,0.20363968279626635,0.05235457420349121,-0.18800778794593412,-0.08681665053041289,-0.026193387743419845,117,10.163653373718262,-0.02411794600001399,-2.255969878757632
-2.8333975017070774,4.813586235046387,1.9527661800384521,0.012662090948944209,0.016302987940759406,241.11907958984375,260.6764373779297,-2745.573974609375,-2431.2786865234375,2834.028746044617,2799.860229420641,2.9249999999999936,16.64027425977919,0.21071193946732414,0.05551634356379509,-0.18665808126072517,-0.08731677137718376,-0.026264462935605935,118,9.895256996154785,-0.36037052241309175,-2.494566939256968
-2.833877068758011,4.863765716552734,1.9681737422943115,0.013051340030286412,0.01485649615587207,243.83892822265625,263.82257080078125,-2742.16796875,-2435.2156372070312,2765.3893966793826,2739.0782622575553,2.9499999999999935,16.640854941474068,0.21719778577486673,0.05818118900060654,-0.18523560369872977,-0.08767663101948071,-0.026324560910673856,119,9.628846168518066,-0.7477249670892278,-2.6360183939122854
-2.834361892938614,4.90399956703186,1.9809515476226807,0.013403640872395668,0.013349932403349335,246.14036560058594,266.4786605834961,-2739.4290771484375,-2438.5428466796875,2696.8351974606326,2678.1978713273793,2.9749999999999934,16.64148012797038,0.22306977046860588,0.060356345027685165,-0.1837526890247464,-0.08789630435870942,-0.026375027813330856,120,9.364517211914062,-1.1586781290376065,-2.671086938845617
-2.8348712503910067,4.934091567993164,1.9911046028137207,0.013717632766402515,0.011794330076363614,248.05422973632812,268.67977142333984,-2737.385009765625,-2441.26708984375,2628.3494705319217,2617.234300160387,2.9999999999999933,16.642146640353733,0.22830517755614388,0.06203757971525192,-0.18222163771405986,-0.08797473861400146,-0.0264172243524464,121,9.102346420288086,-1.564698015114586,-2.598130996467151
-2.8354057252407077,4.953969717025757,1.9986579418182373,0.013992242125492512,0.010201733737063708,249.60914611816406,270.45545196533203,-2736.015625,-2443.4078979492188,2559.914845287781,2556.2026229142934,3.0249999999999932,16.642851299709744,0.23288600974612766,0.06324028968811035,-0.1806546004391436,-0.08791262870395376,-0.026452440496673495,122,8.842395782470703,-1.9382521490033269,-2.42292798716404
-2.8359664857387545,4.963501691818237,2.00368332862854,0.01422669496847386,0.00858386077409732,250.82988739013672,271.83412170410156,-2735.31005859375,-2444.9766235351562,2491.514454662781,2495.117425465563,3.049999999999993,16.643593046400284,0.23679928647147286,0.06397423893213272,-0.1790634116220917,-0.08770924225926657,-0.02648182889542144,123,8.58470630645752,-2.2546506687563954,-2.1579828289975276
-2.836557620763779,4.962665796279907,2.0062087774276733,0.014420502355615173,0.006952029101948632,251.73863983154297,272.83924102783203,-2735.2626953125,-2445.9854125976562,2423.1317031979374,2433.9930098771842,3.074999999999993,16.64436870151096,0.24003679553667703,0.06424680352210999,-0.1774596893031596,-0.0873655072251322,-0.026506388234099017,124,8.329305648803711,-2.493585250739421,-1.8214116732901167
-2.8371861398220064,4.951399803161621,2.006304383277893,0.014573458308050891,0.00531722009892502,252.3492202758789,273.4815368652344,-2735.87109375,-2446.4490966796875,2354.750135815125,2372.843374562243,3.099999999999993,16.645177205403645,0.24259496066305372,0.06406597048044205,-0.17585488507503466,-0.08688132789419899,-0.026526954911736074,125,8.076203346252441,-2.640279169751412,-1.435514050253678
-2.8378643095493317,4.929719924926758,2.0040510296821594,0.014685621082429861,0.0036899098189199877,252.64856719970703,273.73998260498047,-2737.1378173828125,-2446.3889770507812,2286.353358471375,2311.682147145251,3.124999999999993,16.646016438802082,0.24447467592027453,0.0634404644370079,-0.17426020085905203,-0.08625773208020011,-0.02654421760514575,126,7.825392246246338,-2.6862006821917017,-1.0251564149582795
-2.838605856895447,4.897630214691162,1.999540627002716,0.014757310050023432,0.0020802944758531207,252.62877655029297,273.60069274902344,-2739.06640625,-2445.8270263671875,2217.924913036805,2250.5224227189815,3.149999999999993,16.646886401706272,0.2456810904873742,0.0623798631131649,-0.1726866721289787,-0.08549528154367804,-0.026558756800221902,127,7.576849937438965,-2.62932935293423,-0.6160922808871427
-2.8394303500652316,4.855244398117065,1.9928756952285767,0.014789090092265944,0.0004980120015956652,252.2917251586914,273.0652389526367,-2741.6702880859375,-2444.7847900390625,2149.4482528805547,2189.376747059802,3.1749999999999927,16.647781795925564,0.24622349275483024,0.060888081789016724,-0.17114510133198635,-0.08459623997155932,-0.02657106351729051,128,7.330538749694824,-2.4739964181719345,-0.23333345422256002
-2.84034041762352,4.802577495574951,1.9841696619987488,0.014781776802241235,-0.001046540450007283,251.64881134033203,272.1440734863281,-2744.9310302734375,-2443.2852172851562,2080.9064956784064,2128.257127308825,3.1999999999999926,16.64870262145996,0.24611534343825447,0.058981213718652725,-0.1696461078229216,-0.08356089448589898,-0.026581562197650305,129,7.086405277252197,-2.230346028152378,0.10032922407654327
-2.8413559198379517,4.739718675613403,1.973547339439392,0.014736433363790734,-0.002544326108887184,250.71461486816406,270.85182189941406,-2748.857666015625,-2441.3535766601562,2012.2832199215704,2067.1749968766962,3.2249999999999925,16.649644639756943,0.2453741431236267,0.05666598305106163,-0.16819994477198133,-0.08239056418367446,-0.026590633590113388,130,6.844380855560303,-1.913483927350073,0.3655779114556038
-2.8424987614154817,4.666832685470581,1.961143672466278,0.01465434142318904,-0.0039865906456926685,249.5048599243164,269.20477294921875,-2753.4586181640625,-2439.0188598632812,1943.5617782711797,2006.1411574601923,3.2499999999999925,16.650606791178387,0.24402113424407113,0.05395207181572914,-0.16681674883606462,-0.08108764590986682,-0.026598620992789025,131,6.604382038116455,-1.542392010832289,0.5475383515259196
-2.843772739171982,4.5840818881988525,1.947132408618927,0.014537009411522335,-0.005363901879853017,248.0355682373047,267.21907806396484,-2758.7052001953125,-2436.3151245117188,1874.725312817078,1945.1656859636103,3.2749999999999924,16.651585896809895,0.2420813176367018,0.05086437612771988,-0.1655061906188798,-0.07965425770978052,-0.026605840656056663,132,6.3663129806518555,-1.1386918389349685,0.6364388004185701
-2.845201510190964,4.4915807247161865,1.9316098093986511,0.014386161101418061,-0.006668531442720494,246.3211212158203,264.91050720214844,-2764.60546875,-2433.2752075195312,1805.757682812195,1884.2578078508172,3.2999999999999923,16.652581956651474,0.23958325386047363,0.04741369187831879,-0.16427744138143088,-0.07809143155833796,-0.02661258802434973,133,6.130061626434326,-0.7253385145932348,0.6279473949122159
-2.8467865347862245,4.389642953872681,1.9148257970809937,0.014203727284666528,-0.00789185136855649,244.37828063964844,262.29122161865234,-2771.1187744140625,-2429.939453125,1736.642546093445,1823.425927662829,3.324999999999992,16.653591791788738,0.2365589804119534,0.043631624430418015,-0.16313923962104465,-0.07640341602971565,-0.02661914397793945,134,5.895504951477051,-0.3253208531266552,0.5231983417903089
-2.848527228832245,4.278409719467163,1.8968641757965088,0.013991838490139798,-0.009025783748820196,242.21382904052734,259.3761444091797,-2778.2135009765625,-2426.337890625,1667.3645767330934,1762.677441334704,3.349999999999992,16.65461434258355,0.2330438792705536,0.03954457864165306,-0.1620995415314777,-0.07459117651980876,-0.026625762349367216,135,5.662508010864258,0.03956592451039431,0.3285324696465764
-2.850083047151566,4.1581597328186035,1.8779600858688354,0.01375301743879234,-0.01004078414016855,239.8385009765625,256.1697998046875,-2785.821044921875,-2421.9121704101562,1597.9092392086793,1702.018994069079,3.374999999999992,16.655648549397785,0.22907987236976624,0.03494279831647873,-0.16116763488703173,-0.07265772156841124,-0.026632657439877,136,5.430922985076904,0.3498204888524061,0.05498725733043269
-2.851339501142502,4.02921986579895,1.858432948589325,0.013490588920797552,-0.01091534023471805,237.25769805908203,252.67696380615234,-2793.8363037109375,-2416.5567626953125,1528.2637130856324,1641.4711898088253,3.399999999999992,16.656692292955185,0.22472222646077475,0.029818762093782425,-0.16035753457294324,-0.07060630522548002,-0.026639839652441807,137,5.200585842132568,0.5891652794755915,-0.2824196832090003
-2.8525165140628816,3.8919378519058228,1.838488221168518,0.013208085785788989,-0.011651889449044503,234.46569061279297,248.9205780029297,-2802.0853271484375,-2410.8458862304688,1458.4178054928589,1581.0572707414426,3.424999999999992,16.657745573255752,0.22002973490291172,0.024481194093823433,-0.15967892783767743,-0.06844010039778257,-0.02664709260522307,138,4.971313953399658,0.7452752458275742,-0.6655645777530919
-2.8538503646850586,3.7466083765029907,1.8183786273002625,0.012908774567291205,-0.012264284382005526,231.552734375,244.88231658935547,-2810.709228515625,-2405.0646362304688,1388.3656723141478,1520.786123585681,3.4499999999999917,16.65880521138509,0.21505670415030587,0.018983308225870132,-0.1591351602773537,-0.06616139990056989,-0.026654183271625404,139,4.742916584014893,0.8102902512828274,-1.074197267985534
-2.8552160501480106,3.5936155319213867,1.7982326745986938,0.012595853139206895,-0.01274077383529114,228.42068481445312,240.57251739501953,-2819.442138671875,-2399.2550048828125,1318.0979416012572,1460.6595076799194,3.4749999999999917,16.65987120734321,0.20985639757580227,0.013470953330397606,-0.15872932781673924,-0.0637741776695311,-0.026661045072621563,140,4.51519775390625,0.7811063641386039,-1.4869798732743438
-2.856421393156052,3.4333794116973877,1.778302013874054,0.012272874116818332,-0.013070783186838592,225.0738525390625,236.01803588867188,-2827.8660888671875,-2393.4805297851562,1247.6118881344603,1400.6781325578493,3.4999999999999916,16.66094144185384,0.20448790656195748,0.008113670162856579,-0.15845956624307103,-0.06128209971235423,-0.026667698814157557,141,4.287961483001709,0.6594468811337398,-1.8825427550890546
-2.857275676727295,3.2663960456848145,1.7587185502052307,0.011943565925651628,-0.013248958026440601,221.57079315185547,231.24659729003906,-2835.57568359375,-2387.7908325195312,1176.9152359127806,1340.8411193132204,3.5249999999999915,16.662013795640732,0.19901331928041247,0.0030958475545048714,-0.15831995002292362,-0.058689449973324044,-0.026674100803746756,142,4.061015605926514,0.4517195975379885,-2.2405184687883186
-2.8576045393943788,3.093069911003113,1.739704430103302,0.01161165387034099,-0.0132777763422677,218.02401733398438,226.1917953491211,-2842.181396484375,-2382.2499389648438,1106.0258438229368,1281.146348500232,3.5499999999999914,16.663089328342014,0.1934947239028083,-0.0013912192080169916,-0.15829990973572078,-0.05599824454860951,-0.0266800471431182,143,3.834181070327759,0.1686713823682821,-2.5425181372741004
-2.8562528729438785,2.913987636566162,1.7214487195014954,0.011281511360739035,-0.013098274083309856,214.2442626953125,220.86986541748047,-2846.741943359375,-2375.6914672851562,1034.9713089108275,1221.590100026111,3.5749999999999913,16.664166980319553,0.1880049705505371,-0.005517212208360434,-0.15838786063072063,-0.05321286725103625,-0.026685063456702716,144,3.6072957515716553,-0.1751461376885753,-2.773016442103661
-2.8530068874359134,2.729888916015625,1.7041891813278198,0.010958528177161269,-0.012712220795275748,210.30017852783203,215.31859588623047,-2848.1729736328125,-2368.8027954101562,963.8027603268431,1162.1978133439823,3.599999999999991,16.66524675157335,0.18263388011190626,-0.008573170751333237,-0.15856807341273493,-0.050338567420784165,-0.0266879929339018,145,3.380213499069214,-0.56208335589683,-2.9201108118230583
-2.8475277900695803,2.5414613485336304,1.6880637407302856,0.010647615563164826,-0.012139137657015119,206.17857360839844,209.5484161376953,-2845.067626953125,-2362.3680419921875,892.5984359860228,1102.9777434587284,3.624999999999991,16.66632652282715,0.17746334274609885,-0.009697983972728252,-0.1588012498109282,-0.04737848883629631,-0.026687012973844435,146,3.1528279781341553,-0.9722477050139915,-2.976125845521332
-2.83844376206398,2.349616050720215,1.6730185151100159,0.010353695165279852,-0.011357095201426847,201.86406707763672,203.56985473632812,-2834.921875,-2356.3771362304688,821.4717453121947,1043.9185424089237,3.649999999999991,16.667408413357204,0.1725754307376014,-0.007944414392113686,-0.1590282510043438,-0.044337945336185236,-0.026679747537495566,147,2.9251034259796143,-1.384481470916677,-2.938038996043405
-2.8244498670101166,2.1553110480308533,1.6589370965957642,0.0100819653491185,-0.010369444226116848,197.34954833984375,197.39563751220703,-2815.37060546875,-2350.804443359375,750.5986984371949,985.009114003162,3.674999999999991,16.66849242316352,0.16805685228771633,-0.002436841605231166,-0.1591668019600552,-0.04122007653770479,-0.02666300083154709,148,2.6971049308776855,-1.7774379314901807,-2.8076977899949647
-2.8033451199531556,1.959800362586975,1.6455409526824951,0.009837802371131372,-0.009153173354791155,192.60308074951172,191.03936004638672,-2782.4423828125,-2345.589111328125,680.2144333004765,926.2390029191777,3.699999999999991,16.669578552246094,0.16399731238683066,0.008296982385218143,-0.15910563247876744,-0.03803047403884684,-0.026632359914848965,149,2.4690353870391846,-2.130722021463509,-2.5917938033271883
-2.7731175005435946,1.7643631100654602,1.6324589848518372,0.009626627220553,-0.007741370283399403,187.58531188964844,184.51787567138672,-2732.59326171875,-2340.5900268554688,610.6533737301644,867.5992751359746,3.7249999999999908,16.670671039157444,0.16048729419708252,0.025536594912409782,-0.15869786922636267,-0.034771106082104514,-0.02658176193473206,150,2.241281509399414,-2.4260466160139185,-2.3015593321988304
-2.7300750434398653,1.570544421672821,1.6189669966697693,0.00945375373599593,-0.006091112345310079,182.2529067993164,177.84741973876953,-2659.2703857421875,-2335.5986328125,542.3385421871964,809.084524464588,3.7499999999999907,16.67176882425944,0.15761547618442112,0.051698945462703705,-0.15775258019743907,-0.031445262087542995,-0.0265030363961958,151,2.0144717693328857,-2.648337213236988,-1.9521588572693804
-2.672282248735428,1.3800911903381348,1.6041471362113953,0.009323534521366762,-0.004331136331498694,176.7132339477539,171.05760955810547,-2559.2587280273438,-2330.2813720703125,475.8567825436426,750.6945586442755,3.7749999999999906,16.672872967190212,0.15545460912916395,0.08785829693078995,-0.15603345977952246,-0.028055225507737556,-0.02638553481606906,152,1.789540410041809,-2.786696440236913,-1.5617615160204292
-2.5967226922512054,1.1948610544204712,1.5866116285324097,0.00923812403237548,-0.002556761562746768,170.63834381103516,164.16701126098633,-2427.5485229492188,-2324.1314086914062,411.87531434296034,692.4375243425178,3.7999999999999905,16.67398346794976,0.15404070417086282,0.1356542855501175,-0.15326332283740612,-0.024605179378134764,-0.026216005887334103,153,1.5677909851074219,-2.8351183926085595,-1.1503089171458174
-2.499783265590668,1.0170961618423462,1.5646953582763672,0.009196863760830665,-0.0008520483521862913,164.06652450561523,157.1951446533203,-2260.2161254882812,-2314.45068359375,351.1866012692315,634.3342391252328,3.8249999999999904,16.67509502834744,0.15336290001869202,0.19536557793617249,-0.14914406177656925,-0.02110745642323575,-0.025978797296802903,154,1.3509457111358643,-2.792831290404285,-0.7380396269574795
-2.3828787207603455,0.849938690662384,1.5364039540290833,0.009193721022684911,0.00042217722169332346,157.12946319580078,150.1866226196289,-2059.468994140625,-2301.6138305664062,294.68119813202645,576.4729720353891,3.8499999999999903,16.67620340983073,0.1533206800619761,0.2659866213798523,-0.14339040210999393,-0.017595836136695187,-0.025656463258740846,155,1.1411443948745728,-2.6641555706112476,-0.3438951890867988
-2.2484797626733783,0.6971682906150818,1.4992170929908752,0.009212961321263433,0.0008668784403951823,149.95775985717773,143.24546432495117,-1830.7424926757812,-2284.69970703125,243.19447327851307,518.9326262712292,3.8749999999999902,16.67729165818956,0.15365160173839992,0.34453997015953064,-0.13576307545849337,-0.014134323850242842,-0.025232049007739288,156,0.940911054611206,-2.4578207195015636,0.016001427070140295
-2.1020412474870684,0.5604427307844162,1.450442135334015,0.009227999859043975,4.5419871856481846e-05,142.17720413208008,136.32508087158203,-1585.4075927734375,-2262.3206176757812,197.42591096162093,461.8151335954482,3.89999999999999,16.6783512963189,0.15391218993398878,0.42548415064811707,-0.12613089617124593,-0.010773253828629868,-0.024692084774347315,157,0.7530397176742554,-2.1857816732411917,0.3295676230288066
-1.9461404830217364,0.43625199794769287,1.3874708414077759,0.009203817107989294,-0.002227725409324226,134.72805786132812,129.54238510131836,-1332.460693359375,-2230.1943359375,157.79072114228757,405.25711815355396,3.92499999999999,16.679365370008682,0.15351815356148613,0.5040135979652405,-0.11448455982919316,-0.007498589990562216,-0.024029176125350757,158,0.5804209113121033,-1.8616925758995766,0.5894787376077728
-1.7791283369064332,0.32218704745173454,1.3089762330055237,0.009107277518473922,-0.005720886140410528,126.56509399414062,122.73361206054688,-1074.3997955322266,-2182.8047485351562,124.47920380830581,349.50225975511694,3.94999999999999,16.680321163601345,0.1519165105289883,0.5767011046409607,-0.10095709965116291,-0.004313940249625559,-0.023241743889446977,159,0.425857812166214,-1.4993002241204856,0.7932782888679409
-1.6044330418109896,0.2148699127137661,1.213541328907013,0.008904692102708356,-0.010491945475071289,118.56644821166992,116.1679573059082,-816.5298080444336,-2121.1235961914062,97.61920892000279,294.93214104173865,3.97499999999999,16.681201722886826,0.14854490756988525,0.6424470543861389,-0.08569766098057804,-0.0012112379129843628,-0.022331945643237858,160,0.2919389605522156,-1.1110454229138884,0.9429319795280984
-1.416747233271599,0.11097616329789162,1.1015292406082153,0.008573880681941978,-0.015967790626572803,110.77558898925781,109.67102432250977,-559.9394326210022,-2034.3441162109375,77.20596371889457,241.90405113695437,3.99999999999999,16.68199963039822,0.143032968044281,0.6965261697769165,-0.0689528691791367,0.0018254053174902244,-0.021303815659655955,161,0.18098773062229156,-0.7070903746589978,1.0440163377405725
-1.213076464831829,0.009355306625366211,0.9739184975624084,0.008101054635601172,-0.021711391658546568,103.258056640625,103.14316177368164,-303.6487731933594,-1917.9605102539062,63.20747790337213,191.04544823168212,4.02499999999999,16.682700051201714,0.13515042761961618,0.7373604774475098,-0.05099023461714815,0.004779128465693091,-0.02015939708260006,162,0.09494191408157349,-0.29485872767531485,1.1047604432712663
-0.9890899568796159,-0.09298263117671013,0.8330869972705841,0.007487272986338169,-0.027109981211597866,95.61877822875977,96.85189437866211,-43.57072448730469,-1768.12841796875,55.61625857354092,143.09643547533605,4.04999999999999,16.68328921000163,0.1249146709839503,0.7651033401489258,-0.032162659428561495,0.007685396046831901,-0.018896648848765983,163,0.03528686612844467,0.12093192651956697,1.1351287749181322
-0.7416078761219979,-0.19779048371128738,0.6825232207775116,0.006749311048277212,-0.031589122720677716,88.15722274780273,90.81525039672852,220.2256317138672,-1578.9464111328125,54.52699046136088,98.89322502611915,4.07499999999999,16.683742735120987,0.11260548399554358,0.7768371105194092,-0.01284892834417008,0.010562934322581412,-0.017507893564073725,164,0.0030000354163348675,0.5378297575846056,1.1460796806663474
-0.46917250081896783,-0.30640531331300735,0.5263321548700333,0.005917064365100393,-0.03465072599934643,81.45775604248047,85.3306655883789,488.0880870819092,-1348.0938110351562,60.03263125421018,59.4195647478011,4.099999999999991,16.684043672349716,0.09872171613905165,0.7714685201644897,0.006536848009640433,0.013438183424120486,-0.015979883042397443,165,-0.0015161982737481594,0.9549235577534073,1.1490307058589055
-0.17369419522583485,-0.42069944739341736,0.36903026700019836,0.005030891270592722,-0.035973638787275684,75.33570861816406,80.15697860717773,759.3725891113281,-1078.4126281738281,72.23483343126057,25.71721947192482,4.124999999999991,16.68417082892524,0.08393696612781948,0.7491995692253113,0.02557166654515704,0.016345256780537356,-0.014295785273410001,166,0.021538160741329193,1.3719569029726748,1.1554889728958102
0.1405787505209446,-0.5410618931055069,0.21485130116343498,0.004136274603043008,-0.03545036092258874,69.67393112182617,75.46562576293945,1034.5154418945312,-778.1028442382812,91.21914815904621,-1.2430962324182175,4.1499999999999915,16.68410301208496,0.06901042742861642,0.713596761226654,0.04387776358338716,0.019304816256672106,-0.01243872767518952,167,0.07137542963027954,1.788396838515658,1.1767626598342003
0.4647572055459023,-0.6681627333164215,0.06730940379202366,0.0032755934737430893,-0.03330193893695138,64.54475975036621,71.81411361694336,1310.2041625976562,-460.1180953979492,117.08203420641195,-20.695667338372424,4.174999999999992,16.683813730875652,0.05464958647886912,0.6700559854507446,0.06117603099956342,0.02234169634983837,-0.010395989492341672,168,0.14673523604869843,2.202562280869163,1.2236632708040165
0.7858212128281594,-0.8018231689929962,-0.07169595174491405,0.002480619862631396,-0.030195935769483994,60.598114013671875,68.24258804321289,1576.7913818359375,-138.6598358154297,149.83713827135549,-32.198619723318586,4.199999999999992,16.6832881503635,0.041384982566038765,0.6223887801170349,0.07731896503940366,0.025456964405066788,-0.008163829295624083,169,0.24605894088745117,2.6109027758818955,1.3061295493774319
1.092409348487854,-0.9415270090103149,-0.201762355864048,0.0017685500141275165,-0.026733491376650126,57.34900665283203,65.73420906066895,1826.10498046875,173.6496238708496,189.2569228172559,-35.66511561870183,4.2249999999999925,16.68251567416721,0.02950389145149125,0.5736539959907532,0.09225619450760257,0.02864159844401606,-0.005751514573541041,170,0.3676474392414093,3.0075004756980475,1.4327232037072497
1.3764538168907166,-1.0873471200466156,-0.32367196679115295,0.0011418688083716035,-0.023416684444740758,55.355499267578125,63.859283447265625,2051.9698486328125,468.18956756591797,234.9095473289765,-31.323875021928238,4.249999999999993,16.681494183010525,0.019048086057106655,0.5251835584640503,0.10598738650902387,0.03188128709671892,-0.0031831947876335997,171,0.5097690224647522,3.3838552054271887,1.6099778195831818
1.6303614974021914,-1.2372350692749023,-0.43856093287467957,0.0005912420477949568,-0.02072406421569712,54.2666072845459,63.0189905166626,2248.3356323242188,737.0952911376953,286.2087935447982,-19.619135832778376,4.274999999999993,16.68023215399848,0.009862055174178548,0.47807803750038147,0.11852921908999418,0.035118077481141714,-0.0004975843093678687,172,0.6707063913345337,3.7290070242827555,1.841627049800244
1.8524417847394945,-1.3899781107902527,-0.5477039963006973,0.00010029553415601887,-0.018750724265786452,54.44750499725342,62.41844367980957,2412.7092895507812,979.7261047363281,342.4171843529048,-1.1917535543342694,4.299999999999994,16.678746541341145,0.0016728038382199076,0.4315790832042694,0.12989066377443573,0.03830395259477085,0.002254163264852742,173,0.8487673401832581,4.03004141305344,2.1277906994654714
2.0443990111351016,-1.5458626747131348,-0.6521180272102356,-0.0003498159944783937,-0.017427918628479186,55.871169567108154,63.27558135986328,2546.4580078125,1197.8092041015625,402.7349165916752,23.30139906407529,4.324999999999994,16.677062776353623,-0.005833903948465983,0.38505998253822327,0.14009229348176935,0.041418993865187693,0.0050125789172065244,174,1.0422841310501099,4.272995229496178,2.464248401701155
2.2075150400400165,-1.7054431438446045,-0.7525457441806793,-0.0007759613977163746,-0.016718795812191344,58.34361457824707,64.92760944366455,2653.2724609375,1389.9801025390625,466.3963667869883,53.24662916661555,4.349999999999994,16.675216886732315,-0.012939327086011568,0.34102344512939453,0.1491771848426271,0.044459612266704425,0.007715333202406025,175,1.2496213912963867,4.444129843224306,2.8419624162266692
2.3435791939496995,-1.8689118027687073,-0.8492574393749237,-0.0011911202536697685,-0.01656675532138034,62.089935302734375,67.92283153533936,2736.78271484375,1555.85205078125,532.7281783104263,87.99613173009314,4.374999999999995,16.673239601982964,-0.019859841300381556,0.3005620539188385,0.1571942151853903,0.04742626136894421,0.01030271643635085,176,1.4692107439041138,4.53146664251226,3.2470088721647685
2.458128106594086,-2.035966396331787,-0.942243903875351,-0.0016057151384489597,-0.016689739268282357,66.96366310119629,72.20901679992676,2800.010498046875,1702.5252685546875,601.1477461815203,126.89243299962517,4.399999999999995,16.671173307630752,-0.026769178609053295,0.2613270580768585,0.16420005990700726,0.05031790087460623,0.012722028718227805,177,1.6995728015899658,4.526419491510962,3.6610318529809835
2.5519909441471103,-2.2059247493743896,-1.0315389931201935,-0.002029315226775469,-0.017131888507668162,72.9753532409668,77.49787616729736,2845.5987548828125,1828.8535766601562,671.1480086326925,169.45556471349303,4.424999999999995,16.669057210286457,-0.03382681558529536,0.22484730184078217,0.17028030634701036,0.05313263536200841,0.014931146849881054,178,1.9393123388290405,4.425325218176176,4.062265617273381
2.624977427721024,-2.3779386281967163,-1.1167469024658203,-0.0024674679040058776,-0.017947512800423955,80.04082298278809,84.10520362854004,2875.6998291015625,1932.3233642578125,742.2879775047629,215.1769041299974,4.449999999999996,16.66693051656087,-0.04112519737746981,0.19256223738193512,0.17548840081952613,0.05586962843212089,0.01690062833710301,179,2.1871345043182373,4.230650958424536,4.427092240694922
2.684030765295029,-2.5508999824523926,-1.1975303292274475,-0.0029267058470777985,-0.018809671672039677,88.0612850189209,91.80259132385254,2893.260009765625,2022.6958618164062,814.1804732323021,263.48498823644314,4.474999999999996,16.664833492702908,-0.04877320594257779,0.16144607961177826,0.17990755046386275,0.05852467728384839,0.018614484850677484,180,2.4418585300445557,3.9516736015584595,4.732013514379798
2.726395928859711,-2.7235617637634277,-1.2738507986068726,-0.0034113007767826915,-0.019954317033907147,96.94012641906738,100.47665596008301,2900.125732421875,2093.0739135742188,886.5119734764428,314.0523847818536,4.4999999999999964,16.662802166408962,-0.056842048135068685,0.13498683273792267,0.18361134174989044,0.061093160916580715,0.020070797042084487,181,2.702387809753418,3.604491384911626,4.9558448375627
2.758902221918106,-2.894695281982422,-1.3452081084251404,-0.003923623270594782,-0.021031738384196134,106.48612022399902,110.05418968200684,2898.2880859375,2153.9783935546875,959.0151167869897,366.3792326212093,4.524999999999997,16.660869386461044,-0.06537131137318081,0.1094270870089531,0.18665922974894525,0.06356975716932689,0.02127975566368277,182,2.9677505493164062,3.211296294103829,5.081882119275592
2.7791351616382602,-3.063197374343872,-1.41183602809906,-0.0044655208965203134,-0.022265774412527795,116.50641250610352,120.30636978149414,2889.8157958984375,2198.93017578125,1031.4723189354272,420.2286924600767,4.549999999999997,16.65906270345052,-0.07439188659191132,0.0881877988576889,0.18912867915923484,0.06595003645618007,0.022262622311706334,183,3.237046003341675,2.798936816502504,5.099788164941303
2.7945046722888947,-3.228014826774597,-1.4735064506530762,-0.005035438930243222,-0.02326427880957717,126.8357925415039,131.02415084838867,2876.937744140625,2239.2844848632812,1103.7177138328882,475.201946854608,4.5749999999999975,16.657403310139973,-0.0838780485921436,0.06728525459766388,0.191069557672171,0.06822849144322976,0.02304759112360179,184,3.5094923973083496,2.396896141945686,5.006958481845454
2.8023337066173557,-3.3881754875183105,-1.5304887294769287,-0.005629906939967997,-0.024241881553258623,137.2480583190918,142.0612564086914,2861.8916015625,2267.9244384765625,1175.6411574364038,531.1840589761902,4.599999999999998,16.655907101101345,-0.09377220438586341,0.05046495795249939,0.1925375586440499,0.07039909880910424,0.023667687377480727,185,3.7843594551086426,2.034881075343704,4.8091912784955175
2.8085146307945252,-3.5430837869644165,-1.5832059979438782,-0.0062453098925743175,-0.0249164664991595,147.51268768310547,153.25634765625,2846.266845703125,2294.0758056640625,1247.1884474754663,587.8821699381043,4.624999999999998,16.65458149380154,-0.10401436852084266,0.034415166825056076,0.1935970639942243,0.07245857953671136,0.024155680438318724,186,4.061027526855469,1.7402791411266387,4.520561962716927
2.8135237991809845,-3.6919994354248047,-1.6316996812820435,-0.006872977950357214,-0.02527181125117093,157.64328384399414,164.32891464233398,2831.6995849609375,2316.9859619140625,1318.3451186180444,645.2340650797059,4.649999999999999,16.65342966715495,-0.11446045504675971,0.020021937787532806,0.19426862999735822,0.07440066479451643,0.02454225699589514,187,4.338925361633301,1.5357499494343272,4.162494668242319
2.816560959815979,-3.8345226049423218,-1.6766856908798218,-0.007507443310703616,-0.02543067297138336,167.38819122314453,175.07415771484375,2818.754150390625,2334.6527709960938,1389.1376082420677,703.1587141275576,4.674999999999999,16.652449501885307,-0.12501967449982962,0.00835932232439518,0.19462174851314593,0.07622241262175274,0.024853599252676817,188,4.6175432205200195,1.4372005205371035,3.7621258956379355
2.820216709375382,-3.970293879508972,-1.7184404730796814,-0.008141780194333368,-0.025272331399821338,176.64714813232422,185.42127227783203,2807.499755859375,2351.7672729492188,1459.6064620018333,761.5250334024599,4.699999999999999,16.651634640163845,-0.13557694852352142,-0.0025123630184680223,0.1946932044541441,0.07792101837689731,0.025109697561596162,189,4.896459579467773,1.452363089203711,3.3501144518204886
2.824001258611679,-4.099006175994873,-1.7571924924850464,-0.008768568160599777,-0.024846057097245928,185.29815673828125,195.24375915527344,2797.410888671875,2367.9741821289062,1529.7939558983176,820.3192152261904,4.725,16.650975545247395,-0.14600896173053318,-0.012623914517462254,0.19450129040809028,0.07949472603810637,0.025325467705352222,190,5.1752848625183105,1.5801032409320606,2.9581266030189
2.8264034748077393,-4.220293045043945,-1.7931253910064697,-0.009382607803593384,-0.024272663950389656,193.36734008789062,204.42508697509766,2788.5419921875,2380.4577026367188,1599.7292281151144,879.518569779413,4.75,16.650463740030926,-0.15622935361332363,-0.020752549171447754,0.1940799450341261,0.0809401941704497,0.025511239836142063,191,5.453662395477295,1.8105072456275852,2.616240286277927
2.828603291511536,-4.333841323852539,-1.8265806436538696,-0.00998017537912593,-0.02352226837898939,200.77759552001953,212.91476440429688,2780.5972900390625,2391.68408203125,1669.442777919802,939.030012345331,4.775,16.65008650885688,-0.16617629263136122,-0.02804575115442276,0.1934682169317349,0.08225527560029844,0.02567321204528392,192,5.731296062469482,2.125740159499505,2.3505137659347253
2.830754041671753,-4.4393510818481445,-1.8574798107147217,-0.010556750795425385,-0.022600271606630952,207.51800537109375,220.65947723388672,2773.3404541015625,2402.1787109375,1738.9577101707785,998.8221143961123,4.800000000000001,16.649832195705837,-0.17577466037538317,-0.03479813039302826,0.19268091993448022,0.08343902989889264,0.025815146047817535,193,6.0079240798950195,2.501568602961889,2.180943161394338
2.8327555477619173,-4.53639030456543,-1.885748028755188,-0.011108313303424112,-0.02152668479219276,213.5989990234375,227.6702117919922,2766.6943359375,2411.8372802734375,1808.2912215233175,1058.8765821695497,4.825000000000001,16.649689144558376,-0.18495756718847486,-0.04099089652299881,0.19173185254576006,0.08448836946384351,0.025939605136292104,194,6.283306121826172,2.909380759697819,2.1199744080245053
2.8341034173965456,-4.624693393707275,-1.9113844633102417,-0.011631624457624683,-0.020349403223404207,219.02962493896484,233.94202423095703,2760.6182861328125,2419.7815551757812,1877.458579921755,1119.1725141763857,4.850000000000001,16.649646759033203,-0.193671186765035,-0.046264614909887314,0.19063890787914836,0.08540289898217672,0.026048486812984314,195,6.557221412658691,3.318512166540521,2.171678437047483
2.8347693204879763,-4.703898906707764,-1.934412658214569,-0.012124453860614155,-0.019094480105866837,223.83639526367188,239.50389862060547,2755.156494140625,2425.9174194335938,1946.4740370750753,1179.6670530557801,4.875000000000002,16.649694442749023,-0.20187834898630777,-0.05056624859571457,0.1894261376082399,0.08618014670750555,0.026143164270331233,196,6.829482555389404,3.6986631833885193,2.331637659944049
2.835251808166504,-4.773736476898193,-1.9548806548118591,-0.01258486968030492,-0.017753112443821176,228.05037689208984,244.38701629638672,2750.3189697265625,2431.1470947265625,2015.352949428591,1240.3149885416199,4.900000000000002,16.649822658962673,-0.20954690045780605,-0.054265256971120834,0.1881143143895373,0.08681899744112352,0.026224679886228276,197,7.099933624267578,4.022193308878519,2.5875184523423718
2.8357097625732424,-4.833980083465576,-1.9726728200912476,-0.013010667526716558,-0.016328439854521076,231.70948028564453,248.63240814208984,2746.1614990234375,2435.7069091796875,2084.1109236717552,1301.093665909784,4.9250000000000025,16.65002187093099,-0.21664011809560987,-0.05744287371635437,0.18671662087043647,0.08731908915956997,0.026294130134030497,198,7.368443489074707,4.266106266752618,2.9202380673063204
2.8361507773399355,-4.884363174438477,-1.9878081679344177,-0.013399924930437167,-0.014832713919278203,234.85218811035156,252.2803192138672,2742.6715087890625,2439.6213989257812,2152.764961147341,1361.9863386392763,4.950000000000003,16.650284661187065,-0.22312591473261514,-0.06011465936899185,0.18524587351368338,0.08767895712424532,0.026352786257039493,199,7.634897708892822,4.41358623968632,3.305592745239175
2.836596465110779,-4.924727201461792,-2.000244438648224,-0.013751007584407171,-0.01327708454456266,237.5185317993164,255.37651824951172,2739.8729248046875,2442.9049682617188,2221.3317488670677,1422.9768736124208,4.975000000000003,16.650605731540256,-0.2289770378006829,-0.06228093057870865,0.18371467240018552,0.087898588851582,0.02640201936709773,200,7.8992018699646,4.454993068484822,3.7161894239716764
2.837059384584427,-4.954907178878784,-2.010019063949585,-0.014062564142432815,-0.011673379910684683,239.74718475341797,257.96339416503906,2737.7757568359375,2445.5694580078125,2289.828571987185,1484.0494978189638,5.0000000000000036,16.650978724161785,-0.23417088720533583,-0.06394493579864502,0.18213570083463435,0.08797746419292958,0.026443190173074674,201,8.161277770996094,4.388275892765291,4.1235110528864425
2.8375328183174133,-4.974748373031616,-2.017075538635254,-0.014333552226618687,-0.010034229226876131,241.5727996826172,260.0824203491211,2736.3603515625,2447.6200561523438,2358.2729659080837,1545.188734269159,5.025000000000004,16.65140046013726,-0.2386900782585144,-0.06511574983596802,0.18052132587134195,0.08791480916709626,0.02647756367648811,202,8.421067237854004,4.218815440767847,4.499948202650232
2.8380284488201144,-4.98420524597168,-2.021575689315796,-0.014563238427367713,-0.00837111477459472,243.02889251708984,261.7664337158203,2735.618408203125,2449.0833740234375,2426.6819746971464,1606.3792356729678,5.050000000000004,16.6518677605523,-0.24252225955327353,-0.06580807268619537,0.1788837481170522,0.08771138527170624,0.026506259237233716,203,8.678526878356934,3.958750270947683,4.820648807856265
2.838549488782883,-4.983227729797363,-2.023521661758423,-0.014751166054164835,-0.006695545362879335,244.14432525634766,263.04878997802734,2735.5445556640625,2449.9707641601562,2495.0724349022244,1667.6063200235537,5.075000000000005,16.652376386854385,-0.24565979838371277,-0.06602897495031357,0.17723481863861604,0.08736760030330144,0.02653022976763903,204,8.933633804321289,3.6258764287886245,5.065065533025419
2.8391035318374636,-4.97175407409668,-2.0229867100715637,-0.014897170740036526,-0.005018760883916601,244.9438247680664,263.9543991088867,2736.13427734375,2450.297119140625,2563.4610487938257,1728.8555891275576,5.100000000000005,16.65292527940538,-0.24809983041551378,-0.06578662991523743,0.1755862054105593,0.08688337103809778,0.02655027629662568,205,9.186378479003906,3.2422333535552643,5.218116771981331
2.8396993398666384,-4.94980263710022,-2.0200549960136414,-0.015001359635604773,-0.003351613459074266,245.43465423583984,264.48717498779297,2737.3826904296875,2450.083740234375,2631.8644057274196,1790.1130171060731,5.125000000000005,16.653513378567165,-0.2498440941174825,-0.06509161740541458,0.17394936002556935,0.08625972945101767,0.026567056292087783,206,9.43677043914795,2.832500136317882,5.270913603582238
2.8403529763221744,-4.917378664016724,-2.0148218274116516,-0.015064107247897862,-0.001704309055059111,245.60618591308594,264.6262969970703,2739.295166015625,2449.35595703125,2700.298972988162,1851.3651106119326,5.150000000000006,16.654138565063477,-0.25089871552255416,-0.06395544856786728,0.17233546776022451,0.08549722481903596,0.026581123192189363,207,9.684834480285645,2.4223254176031874,5.221041248586622
2.841081380844116,-4.874599933624268,-2.0073927640914917,-0.015086036714998982,-8.681654832120309e-05,245.4546661376953,264.3650894165039,2741.87841796875,2448.138671875,2768.7813521385524,1912.5990095377138,5.175000000000006,16.654798719618057,-0.2512739598751068,-0.06238551810383797,0.17075546421975094,0.08459815411859282,0.0265929534530942,208,9.930610656738281,2.0367059576163613,5.072416934039303
2.8418991565704346,-4.8214802742004395,-1.997884750366211,-0.015068013564262411,0.0014910644930750973,244.98705291748047,263.7100524902344,2745.133056640625,2446.4561157226562,2837.328312587771,1973.8024763345888,5.200000000000006,16.655489603678387,-0.25098414884673226,-0.060392942279577255,0.169220085272293,0.08356275037628363,0.026602959032533412,209,10.17415714263916,1.6985117079919247,4.834770013108888
2.842817109823227,-4.758115530014038,-1.9864259362220764,-0.015011160276475723,0.0030196395060742304,244.21703338623047,262.6744079589844,2749.051025390625,2444.3344116210938,2905.9566390037867,2034.9638792276553,5.225000000000007,16.65620909796821,-0.25004782610469395,-0.05799011513590813,0.167739717246102,0.0823924034293023,0.026611514437535292,210,10.415542602539062,1.427233674301543,4.522811517145825
2.8438580214977267,-4.684669256210327,-1.9731552600860596,-0.01491682195604887,0.004490178023144165,243.16067504882812,261.27423095703125,2753.6436767578125,2441.8025512695312,2974.682914638552,2096.072239518183,5.250000000000007,16.656956142849392,-0.24848727716339958,-0.05518580600619316,0.16632451344283392,0.08108943106003502,0.026618960885614506,211,10.654855728149414,1.2380091835821976,4.155169508480901
2.8450350344181063,-4.60131049156189,-1.9582788944244385,-0.014786563210122271,0.005893652474345614,241.8347930908203,259.5251770019531,2758.8927001953125,2438.9004516601562,3043.5240065574976,2157.1173032999213,5.2750000000000075,16.65772755940755,-0.2463284797138638,-0.052003491669893265,0.16498427762425152,0.07965603037638111,0.0266256146271505,212,10.892195701599121,1.1409546179836783,3.753172416929534
2.8463607072830204,-4.5081822872161865,-1.9418395161628723,-0.014622169188864123,0.007221640872805529,240.2559814453125,257.44669342041016,2764.79541015625,2435.6513671875,3112.4963240623806,2218.0898145914252,5.300000000000008,16.658520168728298,-0.24360107051001656,-0.04845419526100159,0.16372826427514292,0.07809367443931851,0.02663177526776591,213,11.127676010131836,1.1408139388270244,3.339561909200267
2.8478426337242126,-4.405514240264893,-1.9240914583206177,-0.01442563622279468,0.008465664795522288,238.43805694580078,255.05115509033203,2771.321044921875,2432.0975952148438,3181.6162093162866,2278.9810987711126,5.325000000000008,16.65933397081163,-0.24033814668655396,-0.04456643387675285,0.1625653616956462,0.07640508882777536,0.026637723687731953,214,11.361425399780273,1.2369151074124685,2.9372086877275274
2.8494875311851504,-4.293541193008423,-1.9052096009254456,-0.014199162460110564,0.009618006276821169,236.3935317993164,252.35153198242188,2778.4385986328125,2428.280029296875,3250.8992354393336,2339.7835386514835,5.3500000000000085,16.660165786743164,-0.2365762988726298,-0.040370628237724304,0.16150364259281566,0.07459283267311166,0.026643717880779235,215,11.593581199645996,1.423408110196121,2.5678970129072383
2.8511233747005464,-4.172508239746094,-1.885323405265808,-0.01394518219649567,0.010660944892480134,234.13351440429688,249.35946655273438,2786.07763671875,2423.9534301757812,3320.3602004051536,2400.4905393839053,5.375000000000009,16.661015616522896,-0.23235595888561672,-0.03578987717628479,0.1605507469100285,0.0726593361098221,0.026649990873503133,216,11.824295043945312,1.6897500339671332,2.25123154056177
2.852392387390137,-4.042717337608337,-1.864775002002716,-0.013666948441609643,0.011559071002974137,231.6618194580078,246.07868194580078,2794.1387939453125,2418.5578002929688,3390.0121413231223,2461.0893751383,5.400000000000009,16.661880281236435,-0.22773125105433994,-0.03062378615140915,0.15971989058419422,0.07060741834359188,0.02665663629266072,217,12.053731918334961,2.021395222317629,2.0037084569617862
2.853437972068787,-3.9046002626419067,-1.8438018560409546,-0.013368194822465094,0.012307968546261231,228.98060607910156,242.52556610107422,2802.4510498046875,2412.5269775390625,3459.865611171755,2521.553320145624,5.42500000000001,16.66275978088379,-0.222764296664132,-0.02511928230524063,0.1590232076430295,0.06844159842589574,0.026663468965332456,218,12.282073974609375,2.400642408838632,1.8379811630742182
2.854617321491242,-3.7583837509155273,-1.8226771354675293,-0.013052407375317045,0.01292723672348872,226.16626739501953,238.69595336914062,2811.0963134765625,2406.425537109375,3529.926887416872,2581.866494584101,5.45000000000001,16.663651996188694,-0.21751311090257433,-0.019471557810902596,0.1584651588813602,0.06616283134965581,0.0266701872053011,219,12.509519577026367,2.807589816060043,1.762338282072371
2.8558536231517793,-3.604478597640991,-1.801533818244934,-0.012722859915771155,0.013407984113626559,223.13727569580078,234.58635711669922,2819.8865966796875,2400.3057250976562,3600.204295253786,2642.0271330118353,5.47500000000001,16.664554807874893,-0.21203223201963636,-0.013798902742564678,0.15804902331627851,0.06377552589483294,0.026676651612728346,220,12.736268043518066,3.2211503460900834,1.7803968703949198
2.8569424331188205,-3.4433095455169678,-1.7806239128112793,-0.012383185162001856,0.013738920370069034,219.89493560791016,230.2279815673828,2828.3880615234375,2394.2235107421875,3670.701460170778,2702.034776139277,5.500000000000011,16.665467156304253,-0.20638210905922783,-0.008275974541902542,0.15777306989307585,0.06128337511684502,0.02668284346226278,221,12.962523460388184,3.6200862675208456,1.8910096626943655
2.8576971232891086,-3.2753756046295166,-1.760113000869751,-0.012037201005103132,0.013915074952312865,216.47626495361328,225.65105438232422,2836.198974609375,2388.2351684570312,3741.411161708864,2761.8903639078317,5.525000000000011,16.66638692220052,-0.20062633686595494,-0.0030839459504932165,0.15763140636784045,0.058690685846517404,0.026688714900228564,222,13.188481330871582,3.984027034042035,2.088380484468773
2.857928436994553,-3.1010849475860596,-1.7401700019836426,-0.011688728457060866,0.013937678532064913,213.03157806396484,220.79082489013672,2842.899658203125,2382.4042358398438,3812.3161360740983,2821.5962431192575,5.550000000000011,16.667315165201824,-0.1948285930686527,0.0015660806093364954,0.15761344667523922,0.055999455454667654,0.026694070350733148,223,13.414328575134277,4.294435296273001,2.3623777725874135
2.8564672470092773,-2.9210262298583984,-1.7209903001785278,-0.01134222935299824,0.013747063817339792,209.3477325439453,215.65752410888672,2847.5621337890625,2375.5278930664062,3883.388627529176,2881.1563490152535,5.575000000000012,16.668249766031902,-0.18906321790483263,0.005870572756975889,0.15770775586734165,0.05321403238401316,0.026698450002369565,224,13.640233039855957,4.535488982638066,2.6990342971040833
2.8530918776988985,-2.735943555831909,-1.7029421925544739,-0.01100324223574478,0.013343654209138934,205.49633026123047,210.29061889648438,2849.0933837890625,2368.2861328125,3954.5776808739024,2940.5445463419137,5.600000000000012,16.669190724690754,-0.1834225489033593,0.009118400514125824,0.15789920386020473,0.05033959523451737,0.026700715769890734,225,13.86634635925293,4.694846587082752,3.081217086042684
2.8474869012832644,-2.5465363264083862,-1.68599271774292,-0.010676800063641812,0.012748561500885021,201.4670181274414,204.70006561279297,2846.08056640625,2361.5126953125,4025.805015468629,2999.751699662226,5.625000000000012,16.670138041178387,-0.17799049615859985,0.010424736887216568,0.15814850902774977,0.04737938557256961,0.026699047133020234,226,14.092782974243164,4.764266272662869,3.489446851718927
2.8383301496505737,-2.3536925315856934,-1.67021244764328,-0.01036792539205766,0.011942911578649417,197.24639129638672,198.8958282470703,2836.098876953125,2355.208984375,4096.957029628785,3058.789517045039,5.650000000000013,16.671090655856663,-0.17285082075330946,0.008870144374668598,0.1583963827462089,0.04433822621645646,0.026691070133317604,227,14.319584846496582,4.740055956148615,3.9028426427571565
2.824241042137146,-2.1584410071372986,-1.6554573774337769,-0.010081923737226469,0.010924489649478694,192.82095336914062,192.89117431640625,2816.640380859375,2349.353759765625,4167.859501552613,3117.669741654414,5.675000000000013,16.672049628363716,-0.1680920355849796,0.0035209362395107746,0.1585599507714102,0.04122032412846238,0.02667359521925856,228,14.546693801879883,4.623324813409456,4.300170092919126
2.8030080795288086,-1.961971640586853,-1.6414527893066406,-0.009824278506220814,0.009675149807554783,188.1603240966797,186.69715118408203,2783.72802734375,2343.8723754882812,4238.275511074098,3176.403585648555,5.7000000000000135,16.673017077975803,-0.16380563378334045,-0.007093521300703287,0.15852746020611125,0.038029986139412754,0.02664221777207146,229,14.77391242980957,4.420000127760698,4.6609631323632374
2.7726560413837436,-1.7656875252723694,-1.6278020143508911,-0.009600538644843231,0.008226156627807645,183.23501586914062,180.33130645751953,2733.871337890625,2338.6376953125,4307.868711757692,3235.000395035762,5.725000000000014,16.673993004692925,-0.16008423434363472,-0.024233460426330566,0.15815088922797405,0.034771104001509914,0.02659086453611417,230,15.000859260559082,4.140573693182876,4.966673090560736
2.7293784737586977,-1.5710259079933167,-1.6138671040534973,-0.009416120981139049,0.006531154982661738,177.9901885986328,173.81094360351562,2660.3131103515625,2333.4354858398438,4376.215495204959,3293.4663374185743,5.750000000000014,16.674978468153213,-0.15701825420061746,-0.05039495229721069,0.15723817398813345,0.03144489694319041,0.026511342129845482,231,15.226906776428223,3.799546570463491,5.201781683892295
2.6712866067886356,-1.3797916173934937,-1.5986130237579346,-0.009275509196474767,0.004723073541066196,172.53379821777344,167.1617431640625,2559.9197998046875,2327.93701171875,4442.723322963749,3351.8022245645707,5.775000000000015,16.67597558763292,-0.1546825965245565,-0.08662073314189911,0.15555097821378416,0.02805428403868032,0.026392954216418452,232,15.451123237609863,3.4145529222607274,5.35479054916457
2.5950810074806214,-1.1939085125923157,-1.580746054649353,-0.0091810262747231,0.0028808373185647117,166.5482177734375,160.39994049072266,2427.5940551757812,2321.2039794921875,4506.721317958867,3410.0006498575394,5.800000000000015,16.676981184217667,-0.15311610367563036,-0.13440440595149994,0.15281095163674252,0.02460432945524,0.026222364184436665,233,15.672201156616211,3.0051715187340378,5.418978386359648
2.4974750936031342,-1.0155881941318512,-1.5586624145507812,-0.00913259523388379,0.0011076739760195811,160.06532287597656,153.55479431152344,2259.4696655273438,2311.0798950195312,4567.411169338264,3468.030749344844,5.825000000000015,16.677992078993057,-0.1523176001177894,-0.19422802329063416,0.14872294942920045,0.021106194542609865,0.02598369501649513,234,15.888420104980469,2.591479609167961,5.3928007595488445
2.380015045404434,-0.8480183780193329,-1.5302231907844543,-0.00912378495604321,-0.00022245930416421898,153.2081184387207,146.66417694091797,2057.7811889648438,2298.1517944335938,4623.89791097645,3525.8077467203325,5.850000000000016,16.679002973768448,-0.1521798637178209,-0.2651604413986206,0.14299392400270838,0.017594576856812552,0.025659324076318078,235,16.09763526916504,2.1924676061414954,5.279815293870075
2.2449577778577807,-0.6950006783008575,-1.4929357171058655,-0.00913868097309354,-0.0007214900006370591,146.137939453125,139.8311424255371,1827.8961791992188,2281.1759033203125,4675.342440700574,3583.2615415811724,5.875000000000016,16.679996914333767,-0.15243742201063368,-0.3440995514392853,0.13538292585764136,0.014134003438674192,0.02523228411492927,236,16.297311782836914,1.8245012380812076,5.088069308581514
2.0981076002120975,-0.5581891387701035,-1.4440122246742249,-0.0091504134460521,6.872515245623387e-05,138.45856094360352,133.013427734375,1581.853759765625,2258.7364501953125,4721.039845180559,3640.2909391641806,5.900000000000016,16.680965423583984,-0.15264198184013367,-0.42527294158935547,0.1257598096404786,0.010775189041683703,0.024689167780715837,237,16.48464584350586,1.5000584288406795,4.828976172981207
1.9412316381931307,-0.4340510293841362,-1.3809998631477356,-0.009123984693124965,0.00228846134671187,131.10383224487305,126.31916046142578,1328.1326904296875,2225.5848388671875,4760.586189174704,3696.7593504190636,5.925000000000017,16.68188942803277,-0.15220953358544242,-0.5035965442657471,0.1141204724186657,0.007502399559277791,0.024022670106031475,238,16.656734466552734,1.2269520974640535,4.515828826542038
1.7740956574678421,-0.31995125114917755,-1.3024998903274536,-0.009026385040660065,0.005757695499953817,123.05681610107422,119.59545516967773,1069.8362274169922,2178.1917724609375,4793.78950643545,3752.398971390744,5.950000000000017,16.682758331298828,-0.15058908197614881,-0.5763833522796631,0.10060172577082706,0.004320201701551276,0.02323115574351931,239,16.810781478881836,1.0081565687355296,4.162206081618893
1.5985836088657381,-0.21274290536530316,-1.2070890069007874,-0.008823399110433687,0.010473241969899986,115.17353820800781,113.10902786254883,811.5858535766602,2115.3834838867188,4820.535412120879,3806.8537657022684,5.975000000000017,16.683554119533962,-0.14720946550369263,-0.641770601272583,0.08535099230805539,0.0012204940882555018,0.022316963281511563,240,16.944194793701172,0.8421949460303958,3.7805647747551245
1.4108402639627458,-0.10897185280919075,-1.0951951742172241,-0.008493270644845292,0.01593190869207319,107.49738311767578,106.68518447875977,554.7778387069702,2028.7049560546875,4840.8250584603,3859.7383527994375,6.000000000000018,16.68426725599501,-0.14170741041501364,-0.6959491968154907,0.06862195893012675,-0.0018133716784630794,0.021284170685427418,241,17.05466079711914,0.7239062010558115,3.3812428903082434
1.2066255286335945,-0.007346659898757935,-0.9678455591201782,-0.008022218305402373,0.02162148292402657,100.09818267822266,100.22769546508789,298.5573272705078,1911.2447509765625,4854.694504427979,3910.4559767008063,6.025000000000018,16.684887144300674,-0.133852685491244,-0.7363014221191406,0.05068301817946149,-0.00476692707872619,0.020134927209490356,242,17.140247344970703,0.6453796894710022,2.9719655303105927
0.982072126865387,0.09492482617497444,-0.8273125290870667,-0.007411439474298162,0.026957764910543025,92.58025741577148,94.01027297973633,38.42967224121094,1760.414306640625,4862.158437609746,3958.2370954752223,6.0500000000000185,16.685395770602756,-0.12366506788465711,-0.7636207938194275,0.03188611927768119,-0.007672354619794594,0.018867227160504412,243,17.199480056762695,0.5968678015814948,2.5578430277248714
0.7342129930853845,0.19971099798567593,-0.6772357523441315,-0.006677848345346567,0.03137740349461102,85.25790786743164,88.05278015136719,-225.28811645507812,1570.4541625976562,4863.119179415781,4002.247453141241,6.075000000000019,16.68577088250054,-0.1114267028040356,-0.7749646306037903,0.012611501291205711,-0.01055035946888352,0.01747343475628162,244,17.231395721435547,0.5675426656852266,2.1417808234764304
0.46157076433300975,0.30824630707502365,-0.5215877890586853,-0.005851363348770297,0.03438226687789883,78.68209075927734,82.64403915405273,-493.1093120574951,1339.1728515625,4857.4869765044095,4041.508807206186,6.100000000000019,16.685996585422092,-0.09763694471783108,-0.7693386077880859,-0.006727793018758562,-0.01342586630407887,0.01594039023596671,245,17.23560333251953,0.5460584556758252,1.7251804361228245
0.16621010527014735,0.42253919690847397,-0.3648659586906433,-0.004972181052124084,0.03566739190667338,72.68588256835938,77.5605583190918,-764.2021179199219,1069.5070190429688,4845.159243702977,4074.9881284952526,6.1250000000000195,16.68604956732856,-0.08296674324406518,-0.7469564080238342,-0.025710933225411372,-0.016335046782678535,0.014251423875611466,246,17.212312698364258,0.5209568065121474,1.308805856302126
-0.14761396739631893,0.5428919643163681,-0.21143505722284317,-0.004085480526884901,0.03510885212467811,67.15984153747559,72.93968963623047,-1039.0218505859375,769.6882934570312,4826.054190754984,4101.725803971332,6.15000000000002,16.685909695095486,-0.06817033721341027,-0.7114301919937134,-0.04396463673038338,-0.01929717423270034,0.012389910684051608,247,17.16231346130371,0.4809938768572665,0.8936970126140866
-0.4709048345685006,0.6699519455432892,-0.06453022733330727,-0.0032331693695929918,0.032975701703416675,62.161407470703125,69.40199089050293,-1314.26416015625,452.8749542236328,4800.0786444903415,4120.968011307764,6.17500000000002,16.68555153740777,-0.05394739823208915,-0.6682682037353516,-0.06121472589796443,-0.022336221265144198,0.010343450317461452,248,17.086862564086914,0.415474128331397,0.4820223230917066
-0.7912137866020204,0.8035339713096619,0.07388067804276943,-0.0024464702832119587,0.029875418090509153,58.34262180328369,65.91934394836426,-1580.539306640625,132.4803237915039,4767.222040486441,4132.289885163361,6.200000000000021,16.684959199693466,-0.040819338626331754,-0.6209705471992493,-0.07731692605669407,-0.025453681226785426,0.008108643084261947,249,16.98751449584961,0.3146571976083733,0.07777767400467006
-1.096819131076336,0.9431761205196381,0.2034265100955963,-0.001742128283207163,0.026444704845944658,55.206576347351074,63.502193450927734,-1829.2662963867188,-178.62248039245605,4727.7085578204305,4135.601893258155,6.225000000000021,16.68412208557129,-0.029065909071101084,-0.5725868344306946,-0.09222251384219146,-0.02863984034157769,0.0056950654412557195,250,16.865951538085938,0.17028074024002837,-0.3127416497329504
-1.3798880368471147,1.0888439416885376,0.32491739839315414,-0.0011223569921975697,0.023165723123892822,53.320963859558105,61.71841907501221,-2054.5579833984375,-471.95479583740234,4681.9769004107675,4131.13633124835,6.250000000000021,16.683040195041233,-0.018724333494901657,-0.524455189704895,-0.10593096910580621,-0.031880318579931864,0.003127075429592635,251,16.723896026611328,-0.02378186833172663,-0.6807568728504889
-1.6329766273498536,1.2385644316673279,0.4395071417093277,-0.0005776737751933697,0.02050471961041547,52.32870626449585,60.95387363433838,-2250.3900146484375,-739.8992309570312,4630.612950825811,4119.337461352421,6.275000000000022,16.681719885932075,-0.009636593361695608,-0.4775776267051697,-0.11845788798467209,-0.03511736071630145,0.00044346918160479066,252,16.56304931640625,-0.2707573571557725,-1.015162090898277
-1.8543099641799927,1.391160011291504,0.5483424216508865,-9.174117757876279e-05,0.0185678836927903,52.59833765029907,60.430413246154785,-2414.3052978515625,-981.6249389648438,4574.3532004596045,4100.839980578501,6.300000000000022,16.680179172092014,-0.0015302592267592747,-0.43131616711616516,-0.12981037778994825,-0.038303238950822494,-0.002304663717097695,253,16.385099411010742,-0.5701828232314075,-1.303064088582409
-2.0456837952136997,1.5469141006469727,0.6525664925575256,0.00035417945648806917,0.01727461209585309,54.09886598587036,61.362356185913086,-2547.6865844726562,-1199.0103759765625,4513.995568013319,4076.2993571043853,6.325000000000022,16.678442425198025,0.005907161782185237,-0.38497817516326904,-0.1400074385115367,-0.041418409218104635,-0.00505805603386018,254,16.191699981689453,-0.9172210603973231,-1.5307167512726507
-2.2083669871091844,1.7063950300216675,0.7527821362018585,0.0007768652210150365,0.01659215626057427,56.64634132385254,63.083619117736816,-2654.2103271484375,-1390.68212890625,4450.303403401505,4046.324097704976,6.350000000000023,16.676545672946506,0.012955430688129531,-0.341053307056427,-0.149091480989797,-0.044459672603947877,-0.007754690250039002,255,15.984485626220703,-1.3022403372344193,-1.6848113678751644
-2.3440811038017273,1.8696948885917664,0.8493243157863617,0.0011891807493895669,0.01646331856076058,60.45846939086914,66.14509773254395,-2737.4818115234375,-1556.154541015625,4383.9481452227965,4011.557044482324,6.375000000000023,16.67451964484321,0.01982902694079611,-0.300680011510849,-0.15711022574251193,-0.04742580987991566,-0.010335236129974239,256,15.765018463134766,-1.71081201556713,-1.7540114340839574
-2.45833021402359,2.0366575717926025,0.9421456158161163,0.0016014715056846215,0.016608695947359885,65.39690494537354,70.49116897583008,-2800.4822998046875,-1702.5075073242188,4315.511099934713,3972.653180956937,6.4000000000000234,16.672407786051433,0.026700409750143688,-0.2615000009536743,-0.16411951592878918,-0.050318329477094165,-0.012747396367908111,257,15.534774780273438,-2.124235154128953,-1.7305601027215745
-2.551945382356644,2.206480026245117,1.0313410460948944,0.00202326810860301,0.017070548417623073,71.469801902771,75.84267807006836,-2845.8800048828125,-1828.57421875,4245.499042439596,3930.090493273835,6.425000000000024,16.67024718390571,0.03372842652930154,-0.22506065666675568,-0.17020463928253848,-0.05313322625087527,-0.014949439437618535,258,15.295147895812988,-2.5206225152837196,-1.6117626912808654
-2.624763345718384,2.3783546686172485,1.1163352727890015,0.0024600399212037533,0.0179006952606982,78.59440803527832,82.50540161132812,-2875.8472900390625,-1931.8705444335938,4174.352042317527,3884.3761378050876,6.450000000000024,16.66807810465495,0.04100422064463297,-0.19280008971691132,-0.1754182931038298,-0.055870323350717836,-0.016912279666872105,259,15.047430992126465,-2.876507043068784,-1.4011233778617525
-2.6836928486824037,2.551146626472473,1.1970661282539368,0.0029182989445156095,0.018776525719441196,86.6703109741211,90.26149940490723,-2893.2998046875,-2022.123291015625,4102.455860066551,3836.0793741942502,6.4750000000000245,16.66594081454807,0.04863633463780085,-0.1616942286491394,-0.17984373446624172,-0.058524908229849175,-0.018620223130588767,260,14.792804718017578,-3.168839039131477,-1.1089375309335918
-2.725954329967499,2.7237075567245483,1.2732406258583069,0.0034022189813466006,0.019933540216215326,95.60443878173828,98.98735427856445,-2900.0909423828125,-2092.3862915039062,4030.1233649493643,3785.5262919188617,6.500000000000025,16.663870281643337,0.05669435279236899,-0.13525448739528656,-0.1835539006941288,-0.0610940389275026,-0.020071577265060096,261,14.532362937927246,-3.377175587869902,-0.7522078854218041
-2.758432585000992,2.8946863412857056,1.3445412516593933,0.003914147202481684,0.021019186156964534,105.20232772827148,108.61700630187988,-2898.2161865234375,-2153.2761840820312,3957.621091389794,3733.2166346312656,6.525000000000025,16.661900414360893,0.06521746516227722,-0.1096850112080574,-0.18660852981969286,-0.06357017744943642,-0.021276651416537146,262,14.267078399658203,-3.485811698464192,-0.353824645023279
-2.7786573469638824,3.0631062984466553,1.4110648036003113,0.004455805039879379,0.022259767735912907,115.27416610717773,118.91923141479492,-2889.745849609375,-2198.2109985351562,3885.165686726708,3679.3847300292164,6.550000000000026,16.660057703653973,0.07423445582389832,-0.08845008164644241,-0.1890842875928146,-0.06595108091467008,-0.02225674671255135,263,13.997851371765137,-3.4856012829189758,0.05895034936506521
-2.7940832257270816,3.2278212308883667,1.472688913345337,0.00502565077293988,0.02326101227605262,125.65229797363281,129.68318557739258,-2876.9031982421875,-2238.63330078125,3812.922040486473,3624.4294550658387,6.575000000000026,16.658364401923286,0.08371982309553358,-0.06752847135066986,-0.19103190723226,-0.06822952341815217,-0.023039990711522056,264,13.725464820861816,-3.375233288445771,0.45656112472722277
-2.8019753456115724,3.3878921270370483,1.5296470522880554,0.005620064167056363,0.024240959849850103,136.11081314086914,140.76461791992188,-2861.9149169921875,-2267.3298950195312,3740.999460530418,3568.4636225463087,6.600000000000026,16.656835344102646,0.0936134656270345,-0.05070215463638306,-0.1925057671585371,-0.07040008293035081,-0.023659267211127953,265,13.450648307800293,-3.1617963949668564,0.8095936130798715
-2.8082088410854342,3.5427273511886597,1.5823584198951721,0.006235477522635691,0.02491822252100327,146.41962814331055,152.00233840942383,-2846.3563232421875,-2293.5107421875,3669.451587605613,3511.780375170821,6.625000000000027,16.655476888020832,0.10385620097319286,-0.03466103598475456,-0.1935713145554346,-0.07245948667595767,-0.024147164564614274,266,13.17402172088623,-2.8605437910767533,1.0913091360615863
-2.8133342504501346,3.6915863752365112,1.6308359503746033,0.006863194994540376,0.025272254417821077,156.59179306030273,163.1165885925293,-2831.849609375,-2316.572265625,3598.292679524558,3454.4426066161345,6.650000000000027,16.65429433186849,0.11430347131358252,-0.020223569124937057,-0.1942487561577235,-0.07440148870997867,-0.024534142676948804,267,12.896157264709473,-2.49386242362925,1.2800096795358362
-2.8164163887500764,3.834067225456238,1.6758449077606201,0.0074976972854409575,0.025433234183337962,166.3766212463379,173.8991470336914,-2818.94921875,-2334.2753295898438,3527.4964392901825,3396.52829997551,6.675000000000027,16.653284496731228,0.12486362622843848,-0.008560789749026299,-0.19460693467958234,-0.07622314915224171,-0.024846200658273438,268,12.61756420135498,-2.0895514235412147,1.3609891705017698
-2.820104265213013,3.9698110818862915,1.717696487903595,0.008132132997314287,0.025277693092109723,175.67355346679688,184.28524780273438,-2807.7215576171875,-2351.4209594726562,3457.022708821432,3338.1714167357645,6.700000000000028,16.652441024780273,0.1354228456815084,0.0023153522051870823,-0.19468336740286762,-0.07792168416716982,-0.025103158252763255,269,12.338665962219238,-1.6785734028270183,1.327859677467919
-2.8239270746707916,4.098512172698975,1.7564374804496765,0.008759091052189378,0.02485361589743363,184.361328125,194.14250946044922,-2797.644775390625,-2367.6851196289062,3386.829669881002,3279.3858927489487,6.725000000000028,16.65175437927246,0.14585797985394797,0.012447282671928406,-0.19449624704677593,-0.07949540015075729,-0.025319800165657397,270,12.05985164642334,-1.2925126335354902,1.1831339994753907
-2.8263704717159275,4.219791650772095,1.7924481630325317,0.00937332835167014,0.02428144197901391,192.4647979736328,203.3581085205078,-2788.7750244140625,-2380.2426147460938,3316.888550496236,3220.1937647582263,6.750000000000028,16.651215023464626,0.15608188178804186,0.020607687532901764,-0.19407881319066284,-0.08094080170407338,-0.025506387889531076,271,11.781478881835938,-0.9609856784407164,0.9380261741508533
-2.8285761296749117,4.333343029022217,1.8259516954421997,0.009971151840338683,0.023533969643028927,199.90733337402344,211.87998962402344,-2780.822265625,-2391.48681640625,3247.169174885884,3160.6876993895744,6.775000000000029,16.65081236097548,0.1660332911544376,0.027911368757486343,-0.19347056384244554,-0.08225587897273291,-0.025669082064999696,272,11.50384521484375,-0.7092492726735199,0.6114894809818832
-2.8307318449020387,4.438859224319458,1.856871783733368,0.010548054950287896,0.022614706771977022,206.67841339111328,219.65474700927734,-2773.5550537109375,-2401.9986572265625,3177.6486182452586,3100.9005289794186,6.800000000000029,16.65053261650933,0.17563723855548435,0.03467428684234619,-0.1926865125727694,-0.08343959165943508,-0.025811631923535392,273,11.227210998535156,-0.5562258186500291,0.2286064378079833
-2.832737731933594,4.535908937454224,1.8852513432502747,0.011100011730963632,0.021543622912844583,212.7889404296875,226.69579315185547,-2766.89794921875,-2411.6747436523438,3108.309741902485,3040.8505625487546,6.8250000000000295,16.650365193684895,0.18482685089111328,0.040877632796764374,-0.19174044124027556,-0.0844888771289263,-0.025936594515903553,274,10.95181941986084,-0.5131036844232393,-0.18149383801422858
-2.8340946555137636,4.624225854873657,1.9109095335006714,0.011623767092111648,0.020368180589683867,218.24755859375,232.99790954589844,-2760.81201171875,-2419.6439208984375,3039.1372931720157,2980.5586939574464,6.85000000000003,16.650299496120876,0.19354790449142456,0.04616492986679077,-0.1906501098004835,-0.08540336087417828,-0.02604588398913768,275,10.677889823913574,-0.5826137516767971,-0.5879952307959908
-2.8347824633121492,4.703447341918945,1.9340137243270874,0.012117067749778387,0.019113821313283538,223.08164978027344,238.5868377685547,-2755.3419189453125,-2425.8255615234375,2970.116992879047,2920.0675959349855,6.87500000000003,16.65032386779785,0.20176298088497585,0.05048782750964165,-0.18943945341369028,-0.08618056282642587,-0.02614089642221546,276,10.405611991882324,-0.7590208204822859,-0.9608155443519664
-2.83526349067688,4.773305892944336,1.9544697403907776,0.01257799123455195,0.017774288735676512,227.3206024169922,243.4982452392578,-2750.4957275390625,-2431.0598754882812,2901.2334449054138,2859.4219568968997,6.9000000000000306,16.650428771972656,0.20943999290466309,0.05419143661856651,-0.1881295443420212,-0.08681940107647623,-0.026222697079572928,277,10.135140419006348,-1.0287951996446785,-1.2728742578549137
-2.8357275784015656,4.833543062210083,1.9723378419876099,0.013004336277343815,0.01635083121362376,231.00457763671875,247.76922607421875,-2746.33251953125,-2435.6339721679688,2832.471051716937,2798.6454600096927,6.925000000000031,16.650606791178387,0.21654230025079516,0.05737624317407608,-0.18673361516714254,-0.08731897264627228,-0.02629238867634894,278,9.866608619689941,-1.371865215971721,-1.5020259377929612
-2.836173266172409,4.883950233459473,1.9875494837760925,0.013394167925174472,0.01485620175173594,234.17124938964844,251.44426727294922,-2742.83642578125,-2439.5614624023438,2763.8127387286554,2737.7546107054936,6.950000000000031,16.650849448310005,0.22303761707411873,0.06005537137389183,-0.1852644657070435,-0.08767881148262321,-0.026351254939412698,279,9.600128173828125,-1.7633110998080017,-1.6325243462672203
-2.836618661880493,4.924339771270752,2.000004291534424,0.013745854991876248,0.01330184362032199,236.86067962646484,254.56771087646484,-2740.03173828125,-2442.848876953125,2695.241828084124,2676.765574145435,6.975000000000032,16.651149325900608,0.2288987073633406,0.06222502142190933,-0.18373472933214519,-0.08789840575925706,-0.026400671141795878,280,9.335797309875488,-2.1753388844172408,-1.655933413163378
-2.8370850861072543,4.9545183181762695,2.0097976326942444,0.014058041970066186,0.011699050286879524,239.11146545410156,257.18060302734375,-2737.930419921875,-2445.5217895507812,2626.7410346270926,2615.694352221607,7.000000000000032,16.65150324503581,0.23410295446713766,0.06389252096414566,-0.18215708934713906,-0.08797674014600822,-0.026442002153557145,281,9.073691368103027,-2.579362408689884,-1.5714507001800393
-2.8375655293464663,4.9744181632995605,2.0169591307640076,0.014329682320659665,0.010060518579964955,240.95951080322266,259.32405853271484,-2736.5069580078125,-2447.59033203125,2558.2927741290455,2554.5563074828374,7.025000000000032,16.651905907524956,0.23863285779953003,0.06507331132888794,-0.180543929451094,-0.08791455949574407,-0.026476517137403493,282,8.813871383666992,-2.9480273691346905,-1.3856610971723058
-2.83806466460228,4.983906030654907,2.021476924419403,0.014560031190789309,0.00839794820317187,242.43749237060547,261.03450775146484,-2735.759033203125,-2449.0646362304688,2489.88010017885,2493.366549182056,7.050000000000033,16.652354134453667,0.24247591694196066,0.06577126681804657,-0.1789073170926994,-0.08771111063321883,-0.026505339614419796,283,8.556378364562988,-3.2570304576052407,-1.1117828800235812
-2.838587164878845,4.982961416244507,2.0234696865081787,0.014748638131723862,0.006722986325080159,243.57412719726562,262.3426284790039,-2735.6788330078125,-2449.9584350585938,2421.486124348772,2432.1399332762944,7.075000000000033,16.65284474690755,0.24562459852960375,0.06599630415439606,-0.1772592531416175,-0.0873672923753004,-0.0265294266581228,284,8.301237106323242,-3.4866181239932073,-0.7685001073712282
-2.839143544435501,4.971550464630127,2.0229812264442444,0.014895333575003293,0.005046615884443148,244.3939666748047,263.2738571166992,-2736.260986328125,-2450.2943725585938,2353.094153523577,2370.8909723998295,7.100000000000033,16.65337668524848,0.2480759554439121,0.06575951725244522,-0.17561138892761735,-0.08688353748566591,-0.026549577216839534,285,8.048457145690918,-3.622685544303629,-0.37849881166727634
-2.8397425651550297,4.949634313583374,2.0200955867767334,0.015000222590654984,0.0033797181309530083,244.90762329101562,263.8346633911133,-2737.5029296875,-2450.0908203125,2284.687628865374,2309.6336130858645,7.125000000000034,16.653948889838325,0.2498316599263085,0.06506999582052231,-0.17397515939862948,-0.08625987093145059,-0.02656645083905871,286,7.798028945922852,-3.65743292963387,0.03316822950083659
-2.8403994143009186,4.91724705696106,2.014907658100128,0.015063673443923422,0.001732536221945024,245.10316467285156,264.00360107421875,-2739.4091796875,-2449.3724975585938,2216.250055623186,2248.3813425780518,7.150000000000034,16.654557122124565,0.250897788339191,0.06393887847661972,-0.17236174983123223,-0.08549735797709046,-0.02658060720472816,287,7.549928188323975,-3.5895738319383477,0.44076322439087345
-2.841131031513214,4.874475955963135,2.0075230598449707,0.015086308232594495,0.00011499381344596785,244.97572326660156,263.7726058959961,-2741.985595703125,-2448.1646118164062,2147.7648261309987,2187.147030139087,7.1750000000000345,16.655201382107204,0.2512845562564002,0.06237474083900452,-0.1707820791858949,-0.0845977504832401,-0.026592514447633258,288,7.304113388061523,-3.424121730734267,0.8194778641905083
-2.8419505596160892,4.821422100067139,1.9980584383010864,0.015068989363130574,-0.0014629765959903304,244.53079986572266,263.1470260620117,-2745.231689453125,-2446.4913330078125,2079.2151862384208,2125.9429148436766,7.200000000000035,16.655877431233723,0.25100623567899066,0.06038777902722359,-0.16924689997551873,-0.08356281695531088,-0.026602594928478128,289,7.060529708862305,-3.171806135989197,1.1468852546842045
-2.842871141433716,4.758093357086182,1.986641764640808,0.015012834114832731,-0.002991805311493699,243.78278350830078,262.13946533203125,-2749.1427001953125,-2444.37890625,2010.5843940020927,2064.780631518481,7.225000000000035,16.656584209865994,0.25008132060368854,0.057990435510873795,-0.16776659852835502,-0.0823924117516807,-0.02661121899310186,290,6.81910514831543,-2.8481871274660278,1.4041548630214349
-2.8439161419868473,4.68468713760376,1.9734408855438232,0.014919185511516315,-0.0044628254862139095,242.74694061279297,260.7653579711914,-2753.7281494140625,-2441.859130859375,1941.85582649721,2003.671158862231,7.2500000000000355,16.657317479451496,0.24853204687436423,0.05519327521324158,-0.16635131150130283,-0.08108944770479183,-0.026618727859019125,291,6.57975435256958,-2.472548037448104,1.5769803166501366
-2.8450934469699862,4.601337432861328,1.9585456252098083,0.014789603999132546,-0.005866739983173603,241.44044494628906,259.0420837402344,-2758.971435546875,-2438.96142578125,1873.0126227618587,1942.6246805907467,7.275000000000036,16.658075120713974,0.24638429284095764,0.05201425030827522,-0.16501082601136827,-0.0796555143889199,-0.026625444018393167,292,6.342376708984375,-2.0666501129286865,1.6561930835756522
-2.8464232087135315,4.508246898651123,1.9422017335891724,0.014625876808444217,-0.007195405095027695,239.87723541259766,256.98480224609375,-2764.8681640625,-2435.7229614257812,1804.038336873187,1881.6506449462154,7.300000000000036,16.6588560740153,0.24366774492793614,0.04847036674618721,-0.1637544964118802,-0.07809313764591129,-0.026631660835062822,293,6.106858253479004,-1.6534298174062059,1.638056485376369
-2.8479068875312805,4.405646085739136,1.924489140510559,0.01442998882670128,-0.008440162427341528,238.07562255859375,254.6104278564453,-2771.3861083984375,-2432.1781616210938,1734.9166327716248,1820.7575709105708,7.325000000000037,16.65965822007921,0.24041536781522962,0.044588327407836914,-0.1625911111344359,-0.07640503889350492,-0.02663766335048851,294,5.873072147369385,-1.2557132952327483,1.5242531754441402
-2.8495520770549776,4.2936787605285645,1.9055832028388977,0.014204141322992251,-0.00959327424879166,236.04581451416016,251.9303741455078,-2778.49951171875,-2428.364013671875,1665.631980061664,1759.9531168700435,7.350000000000037,16.660479439629448,0.23666371901830038,0.04039512202143669,-0.1615288094651169,-0.07459221681710958,-0.026643707477806228,295,5.6408796310424805,-0.8950117906474568,1.3215932786791846
-2.8512001872062687,4.1727135181427,1.8857572674751282,0.013950763391514529,-0.010637780592482948,233.7974624633789,248.95418548583984,-2786.13232421875,-2424.0637817382812,1596.1694922686956,1699.2440165282464,7.375000000000037,16.661317613389755,0.23245318068398368,0.03582627698779106,-0.16057518141302998,-0.07265924040247042,-0.02665002832420596,296,5.410130023956299,-0.5904502261066468,1.0414808922058083
-2.852481758594513,4.042954444885254,1.8652058839797974,0.013673086195684435,-0.011537871824578185,231.33773803710938,245.69004821777344,-2794.189697265625,-2418.6936645507812,1526.516184163227,1638.6424219847893,7.400000000000038,16.662171681722004,0.22783751289049783,0.030671576038002968,-0.1597432764675165,-0.07060725397661835,-0.02665672575822859,297,5.180659770965576,-0.3578688531215002,0.6991833735032464
-2.8535282194614413,3.9048434495925903,1.84428471326828,0.013374848564001089,-0.012288117593167133,228.66706085205078,242.15215301513672,-2802.4986572265625,-2412.6659545898438,1456.6614417315868,1578.1750803710195,7.425000000000038,16.663040584988064,0.22287893626425,0.02516908198595047,-0.1590453784591044,-0.06844093263562322,-0.026663612526359966,298,4.952284812927246,-0.20912711346491283,0.3129514038462614
-2.8547093212604526,3.758690357208252,1.823180615901947,0.013059535492422211,-0.012908943095453937,225.86185455322266,238.33872985839844,-2811.138916015625,-2406.5712280273438,1386.598975300923,1517.858431506273,7.450000000000038,16.663923263549805,0.21763546599282158,0.019525663927197456,-0.15848599811689007,-0.06616269611100671,-0.02667039110357206,299,4.724809169769287,-0.1516240981289573,-0.09695903642526088
-2.8559494197368624,3.6048171520233154,1.802083671092987,0.01273042495774266,-0.013391419459705727,222.84178924560547,234.2413787841797,-2819.926513671875,-2400.4592895507812,1316.3205024005326,1457.6941508055893,7.475000000000039,16.66481653849284,0.21216165688302782,0.013856175355613232,-0.15806849768174971,-0.06377539689796764,-0.026676913767648153,300,4.4980316162109375,-0.18803714514893305,-0.5093150332221368
-2.8570402741432193,3.4436782598495483,1.7811603546142578,0.012391142396055769,-0.01372400666796459,219.60875701904297,229.89708709716797,-2828.426513671875,-2394.380859375,1245.822339558736,1397.6826685668195,7.500000000000039,16.665719350179035,0.20651787519454956,0.008335265330970287,-0.1577910795199475,-0.061283262764736536,-0.02668316387383143,301,4.271749973297119,-0.31627534964023,-0.9029453636284916
-2.85779846906662,3.27577006816864,1.7606624960899353,0.01204551089994202,-0.013901955763052322,216.1970443725586,225.33106231689453,-2836.236328125,-2388.39892578125,1175.1116767169397,1337.8231470824444,7.525000000000039,16.66663063897027,0.2007677819993761,0.003144792979583144,-0.15764793461135576,-0.0586905464466791,-0.02668908940725686,302,4.045766830444336,-0.5296403721282186,-1.2577525493629147
-2.858031243085861,3.101473331451416,1.7407008409500122,0.011697344199306193,-0.013926298719891327,212.76014709472656,220.4857940673828,-2842.9393310546875,-2382.5674438476562,1104.205768513815,1278.113173937913,7.55000000000004,16.66754934522841,0.1949749555852678,-0.0015067588537931442,-0.15762844360112774,-0.055998777180827526,-0.026694494792031877,303,3.819897413253784,-0.8171829949794049,-1.5556645620372054
-2.8566042244434358,2.9214617013931274,1.721583604812622,0.011351079162136249,-0.013739597603611863,209.08446502685547,215.36512756347656,-2847.6053466796875,-2375.7481689453125,1033.132285237448,1218.5489878417213,7.57500000000004,16.66847652859158,0.189213322268592,-0.0057895127683877945,-0.15772093851473756,-0.05321380351860698,-0.026698926458533338,304,3.59397292137146,-1.164241908029339,-1.781494135599525
-2.853233236074448,2.7363964319229126,1.7034744024276733,0.011012246008883309,-0.013338618129905703,205.2409439086914,210.010498046875,-2849.14208984375,-2368.5076293945312,961.9421515704561,1159.1552836180883,7.6000000000000405,16.6694090101454,0.18357505400975546,-0.009039339609444141,-0.15791035584726945,-0.050339370530300395,-0.026701252563297955,305,3.367842197418213,-1.5531478629639865,-1.923673473859369
-2.8476317644119264,2.5469714403152466,1.6865500807762146,0.01068590370532122,-0.012745674675875267,201.2187271118164,204.43243408203125,-2846.1380615234375,-2361.73095703125,890.7135993243623,1099.9425928832247,7.625000000000041,16.670347849527996,0.17814450793796116,-0.01035180315375328,-0.15815779680205141,-0.0473786074301886,-0.026699654666643906,306,3.1413910388946533,-1.964070175005094,-1.974836380300014
-2.83848757147789,2.3541687726974487,1.670762300491333,0.010377065444142597,-0.011942604690945678,197.0081558227539,198.64086151123047,-2836.176513671875,-2355.4290771484375,819.5601477862763,1040.8993189574433,7.650000000000041,16.671293046739365,0.17300531268119812,-0.008803918957710266,-0.15840392282104518,-0.04433798902867187,-0.026691754648941537,307,2.9145772457122803,-2.3759810598713864,-1.9322255480951154
-2.8244043052196504,2.1589216589927673,1.6559694409370422,0.01009104610425729,-0.01092613644010588,192.5892333984375,192.6475067138672,-2816.7366943359375,-2349.5648193359375,748.655734944479,982.0135920287321,7.675000000000042,16.672245661417644,0.16824611359172398,-0.0034660971723496914,-0.15856600946289012,-0.041220057812353376,-0.02667436087807196,308,2.6874585151672363,-2.7677143252995546,-1.7978966612762655
-2.803190326690674,1.9624584317207336,1.6419840455055237,0.00983332909273788,-0.009679123743243886,187.93655395507812,186.46639251708984,-2783.8623046875,-2344.0787353515625,678.2373175860798,923.2744715453334,7.700000000000042,16.673204633924698,0.16395840379926893,0.007130851969122887,-0.1585324036988847,-0.03802982073214193,-0.026643064574074324,309,2.4602317810058594,-3.119086735925665,-1.578684911962919
-2.772872167825699,1.766136884689331,1.6283515691757202,0.009609458153900395,-0.008232281898314828,183.01851654052734,180.11204528808594,-2734.0625,-2338.8483276367188,608.640759968891,864.6725031615441,7.725000000000042,16.67417420281304,0.16023470295800102,0.02425054833292961,-0.1581550670619341,-0.03477037059191284,-0.0265917987230903,310,2.233279228210449,-3.412034866204737,-1.2859003272958682
-2.729617965221405,1.5715067386627197,1.6143758893013,0.009424849075492863,-0.006539739515988041,177.7824935913086,173.60226440429688,-2660.5499267578125,-2333.6424560546875,540.2891974688889,806.2012949706259,7.750000000000043,16.675153308444553,0.15716546111636692,0.05039247125387192,-0.15724208550598448,-0.03144490422527151,-0.026512378265957093,311,2.007225751876831,-3.6317018310118216,-0.9347229559782717
-2.671550923585892,1.380230188369751,1.5991395115852356,0.009284001143341297,-0.004732958446018514,172.33275604248047,166.96468353271484,-2560.2069702148438,-2328.1384887695312,473.7754492999405,747.8602335692585,7.775000000000043,16.676144070095486,0.15482579668362936,0.08659655600786209,-0.15555527256104193,-0.028053855436192387,-0.026394108946422353,312,1.7830039262771606,-3.767386616396359,-0.5432834152564898
-2.5954107463359835,1.194324940443039,1.5812604427337646,0.00918923630102111,-0.002893671726439157,166.3550262451172,160.21347427368164,-2427.9730834960938,-2321.4329223632812,409.7702750445651,689.65677135002,7.800000000000043,16.677143308851456,0.1532545354631212,0.13435597717761993,-0.1528161780903818,-0.024603890449779058,-0.02622366247546808,313,1.5619187355041504,-3.813247299765689,-0.1314420667248279
-2.497849225997925,1.0159730315208435,1.5591320991516113,0.009140451559099523,-0.0011222451602377324,159.8799285888672,153.37721252441406,-2259.9063110351562,-2311.3308715820312,349.0709479571571,631.6209482909377,7.825000000000044,16.6781489054362,0.1524500548839569,0.1941671371459961,-0.1487293743053303,-0.02110575345655432,-0.025985176399851484,314,1.3456916809082031,-3.768636037479187,0.2806735154189859
-2.3804118126630787,0.8483636379241943,1.5306821465492249,0.009131276136906358,0.00020821189622630013,153.03273010253906,146.49551010131836,-2058.2662963867188,-2298.3955078125,292.57329018127086,573.8376765013865,7.850000000000044,16.679153442382812,0.1523061924510532,0.26507940888404846,-0.14300217980208763,-0.01759401301567551,-0.02566103016389141,315,1.1364659070968628,-3.637953876089389,0.6742487449051142
-2.245380684733391,0.695300355553627,1.4933615922927856,0.00914582781555012,0.0007067889743120502,145.9665870666504,139.67057037353516,-1828.4423217773438,-2281.40576171875,241.1166327715941,516.3777888060733,7.875000000000044,16.680143144395615,0.1525579889615377,0.3439933955669403,-0.1353934703110824,-0.014133202929901216,-0.0252342419544494,316,0.936775803565979,-3.4299702054971672,1.0332910946795932
-2.098516196012497,0.5584438294172287,1.4444661140441895,0.009157269005264453,-7.923775491975164e-05,138.2947654724121,132.8607635498047,-1582.3736267089844,-2258.9659423828125,195.4055747271503,459.34264476310386,7.900000000000045,16.681106355455185,0.15275764796468946,0.4251773953437805,-0.1257727342941439,-0.010774091788105672,-0.02469137529158816,317,0.7494262456893921,-3.1566444603862305,1.3458421475641065
-1.9416752815246583,0.43426430970430374,1.3814914226531982,0.009130588500390523,-0.002298213613758334,130.94685745239258,126.17366027832031,-1328.6459045410156,-2225.884521484375,155.84623405941477,402.8684962035326,7.925000000000045,16.682025061713325,0.1523209446006351,0.5035384893417358,-0.11413531954174289,-0.0075011413196924585,-0.024025118965877588,318,0.5773165822029114,-2.8316059627656127,1.6046874108965294
-1.7745124310255052,0.3201456665992737,1.3029588460922241,0.009032753740735639,-0.005765653774305031,122.90628051757812,119.45531845092773,-1070.3026580810547,-2178.4886474609375,122.6300864458781,347.22138316642173,7.9500000000000455,16.682889726426865,0.15069651934835646,0.5763393640518188,-0.10061788782969248,-0.004318788197593798,-0.023233825146393192,319,0.4232475161552429,-2.4685542743415545,1.807459428796506
-1.5990316331386567,0.21291392226703465,1.2075655460357666,0.008829563912238299,-0.010482324805633377,115.02907943725586,112.97386932373047,-812.0325546264648,-2115.7568969726562,95.87251999384003,292.7591669798961,7.975000000000046,16.683681276109482,0.1473134590519799,0.6417672038078308,-0.08536796996000465,-0.0012189232393312755,-0.022319824099088795,320,0.2898099422454834,-2.0798700290429006,1.956188460205786
-1.4112723708152772,0.1091243363916874,1.0956581234931946,0.008499220105108637,-0.015940211304830972,107.35822296142578,106.5543098449707,-555.2023448944092,-2029.0709838867188,75.57170612816671,239.86524455557688,8.000000000000046,16.684391233656143,0.14180772834353977,0.6959520578384399,-0.0686389199373192,0.0018150605361123666,-0.021287204192356586,321,0.1793205291032791,-1.6756524046921464,2.056491543627116
-1.2070799782872201,0.007492475211620331,0.968252420425415,0.008027916013718921,-0.021632118923630074,99.96327209472656,100.09968566894531,-298.948486328125,-1911.6846313476562,61.69164750579462,189.1384699584049,8.025000000000047,16.685006883409287,0.13394871519671547,0.7363473176956177,-0.050699109498110455,0.004768550332626945,-0.020138114680420045,322,0.0937107652425766,-1.2632670186613302,2.1166167625668777
-0.9825538113713265,-0.09478869289159775,0.8277303874492645,0.007416829774762321,-0.026971621670589842,92.45042419433594,93.88583755493164,-38.8006591796875,-1760.923828125,54.21793534757966,141.34635417470807,8.050000000000047,16.685511271158855,0.12375587390528785,0.763704240322113,-0.03190061686086531,0.007673963309533138,-0.018870564434245417,323,0.03445492684841156,-0.8473843931285694,2.146530575758071
-0.7347092807292939,-0.19958040700294077,0.6775804758071899,0.00668285893729593,-0.03139475981477777,85.13219833374023,87.92980575561523,224.94236755371094,-1571.0154418945312,53.24791886807546,97.32325847157611,8.075000000000047,16.685883204142254,0.11151105993323857,0.7750815749168396,-0.012623661326354906,0.010551873361530528,-0.017476923913428546,324,0.002519494853913784,-0.4304232137209297,2.1571807933967078
-0.46207369640469553,-0.3081251084804535,0.5219267308712006,0.005855912048718099,-0.03440302705083384,78.56026077270508,82.5230827331543,492.7801580429077,-1339.7626953125,58.87147805690605,58.04787242420406,8.100000000000048,16.686105728149414,0.09771348701583014,0.7694774270057678,0.00671863216072761,0.013427318038962154,-0.015944033357114154,325,-0.0017034749034792185,-0.013275747925903136,2.1599662890846885
-0.16669816039502622,-0.4224211946129799,0.3651708662509918,0.004976192438516016,-0.03569051147388663,72.56700897216797,77.44096374511719,763.8989410400391,-1070.0953979492188,71.1909820079659,24.553805041380464,8.125000000000048,16.686155531141495,0.08303420411215888,0.747107207775116,0.025705219912635312,0.01633631178419632,-0.014255216799570227,326,0.021577801555395126,0.4038083464000925,2.1663703701408203
0.14716545939445497,-0.5427780300378799,0.211654894053936,0.004088897643443744,-0.03513349468713975,67.0439224243164,72.82389640808105,1038.7525329589844,-770.2379150390625,90.28845553395388,-2.1985799073629373,8.150000000000048,16.686012479994034,0.06822777291138966,0.7115777134895325,0.043962489556754504,0.019298239497136372,-0.012393835725767572,327,0.07157191634178162,0.8202945200890086,2.187674384358126
0.47052270695567133,-0.6698455959558487,0.06469946354627609,0.003235966989109201,-0.032999915663390375,62.048017501831055,69.28525161743164,1314.034912109375,-453.3429183959961,116.2572688579153,-21.454527783353882,8.175000000000049,16.685651143391926,0.05399440311723285,0.6683926582336426,0.061215886869752136,0.022337142968552715,-0.010347466905339888,328,0.14702071249485016,1.2344963875628996,2.2346619338766605
0.790889596939087,-0.8034380078315735,-0.07374692056328058,0.0024486585485842174,-0.029899113982427054,58.231327056884766,65.80514717102051,1580.339111328125,-132.87101364135742,149.10814166063648,-32.788100743268984,8.200000000000049,16.685055626763237,0.04085608654552036,0.6210702657699585,0.07732092079832918,0.025454477054220544,-0.008112689320613457,329,0.24637369811534882,1.642858778224808,2.3172449387789027
1.0965685412287713,-0.943090170621872,-0.20333142206072807,0.0017437465956957388,-0.026466184904611827,55.09768486022949,63.388959884643555,1829.1123046875,178.3204517364502,188.61661944382683,-36.10987608431829,8.22500000000005,16.68421533372667,0.029093074715799756,0.5726622939109802,0.09222874730361794,0.02864056854968826,-0.005699057582147586,330,0.36794325709342957,2.039462748857116,2.4439615635494345
1.3797078341245652,-1.0887728035449982,-0.32485460489988327,0.001123461917968195,-0.02318451089314549,53.21351337432861,61.60654640197754,2054.4462890625,471.7396240234375,234.34442706100197,-31.65186479092251,8.25000000000005,16.683130264282227,0.018742868883742228,0.5245069861412048,0.10593882543102195,0.03188101870001531,-0.0031309172475245343,331,0.5100098252296448,2.4158120208713174,2.621327003614734
1.6328538149595262,-1.2385084629058838,-0.4394707530736923,0.0005783298776972757,-0.020521526653607392,52.22280311584473,60.84249782562256,2250.3145751953125,739.7533416748047,285.7055842875533,-19.858374190351164,8.27500000000005,16.68180783589681,0.009647589176893234,0.47761186957359314,0.11846681789670227,0.03511805563489839,-0.0004470597027199627,332,0.6708672046661377,2.7609552294276583,2.8530630822587404
1.854237386584282,-1.3911175727844238,-0.5483279526233673,9.200908664301258e-05,-0.01858231885813637,52.493746757507324,60.3203706741333,2414.2579956054688,981.5430297851562,341.96344866742635,-1.3645406484943798,8.30000000000005,16.68026394314236,0.0015347357839345932,0.4313317537307739,0.12981989859084528,0.03830392762763563,0.002301418509667811,333,0.8488321900367737,3.06198953696293,3.1392851582918526
2.0456487476825718,-1.5468840599060059,-0.6525708436965942,-0.00035424652315468094,-0.0172870488500843,53.99546813964844,61.252760887145996,2547.6597290039062,1198.977294921875,402.3198985575549,23.174035096122502,8.32500000000005,16.678525076972115,-0.005908309895959165,0.38497933745384216,0.1400171590495155,0.041419068766593355,0.005055233707283077,334,1.0422439575195312,3.3049642872462512,3.475775979305425
2.20835939347744,-1.7063770294189453,-0.7528029084205627,-0.0007772206125804265,-0.016602867161583434,56.54443120956421,62.97487163543701,2654.1982421875,1390.684814453125,466.0113917826459,53.14846746915857,8.350000000000051,16.676624086168076,-0.012961419092284309,0.3410440981388092,0.1491011183039917,0.04446029470173376,0.00775234385947702,335,1.2494724988937378,3.4761514094859423,3.853507863814702
2.3440942466259003,-1.8696892857551575,-0.8493599891662598,-0.0011897838617497126,-0.01647248462027804,60.35813760757446,66.03736782073975,2737.4810791015625,1556.1840209960938,532.3663478373279,87.91558783047682,8.375000000000052,16.67459593878852,-0.019839174217647977,0.30066338181495667,0.15711954680632723,0.04742638620462031,0.0103333937634545,336,1.4689533710479736,3.5635782894149224,4.258572482432936
2.4583573758602144,-2.0366650819778442,-0.9421949088573456,-0.0016022852782481818,-0.016616548111386416,65.29843807220459,70.38462924957275,2800.4906005859375,1702.5538940429688,600.8033748148627,126.82018835537065,8.400000000000052,16.672480901082356,-0.02671409398317337,0.26147955656051636,0.1641283542946569,0.05031887043169059,0.012746056464984664,337,1.6992098093032837,3.5586582206610764,4.672632548045428
2.551987439393997,-2.2065014839172363,-1.031402826309204,-0.002024259251856359,-0.01707693792364466,71.3736047744751,75.73779964447021,2845.8948974609375,1828.6416015625,670.8156398295079,169.38403570643732,8.425000000000052,16.670317120022244,-0.03374509099456999,0.22503367066383362,0.17021287843716093,0.05313374639952568,0.014948577031156162,338,1.938848853111267,3.457719754888304,5.07394092633477
2.6248112440109255,-2.3783905506134033,-1.1164087653160095,-0.002461180087045443,-0.017906102726067824,78.50085067749023,82.402587890625,2875.8680419921875,1931.9423217773438,741.963012266029,215.1000757454933,8.450000000000053,16.668145921495224,-0.04102338933282428,0.1927734613418579,0.17542588311293653,0.055870833096395234,0.016911848983789567,339,2.186577081680298,3.263214177588923,5.43889499807812
2.683745712041855,-2.551196575164795,-1.1971496939659119,-0.0029195587445468934,-0.018780919935239827,86.57984161376953,90.16096305847168,2893.3248291015625,2022.200439453125,813.8597133158321,263.3986337899216,8.475000000000053,16.666005452473957,-0.048657523261176214,0.16166701912879944,0.17985064204031911,0.058525413814337374,0.01862016279334532,340,2.4412145614624023,2.9843965462866673,5.744005486729851
2.726010113954544,-2.7237707376480103,-1.2733335494995117,-0.003403579430141738,-0.01993708138822729,95.51752853393555,98.88999938964844,2900.1180419921875,2092.466796875,886.1928340433702,313.9536447762449,8.500000000000053,16.66393280029297,-0.056717234353224434,0.13522687554359436,0.18356014247793367,0.06109453618961239,0.02007181029165548,341,2.7016656398773193,2.637339943724983,5.968087995066415
2.7584872007369996,-2.894761085510254,-1.3446414470672607,-0.003915585933648707,-0.021022084425244596,105.11931037902832,108.5230827331543,2898.2432861328125,2153.3544311523438,958.6957850931745,366.2653146981162,8.525000000000054,16.661959754096138,-0.0652416671315829,0.1096586212515831,0.1866140725237116,0.0635706559861948,0.0212771049861603,342,2.966958522796631,2.2442114037166956,6.094428894265098
2.778708750009537,-3.0631911754608154,-1.4111716151237488,-0.004457312950816906,-0.02226221659575902,115.19548416137695,118.82881927490234,2889.77001953125,2198.2861938476562,1031.151867246495,420.0991754769215,8.550000000000054,16.660114924112957,-0.07425983746846516,0.08842437714338303,0.18908921444083124,0.06595153656488785,0.022257345923796617,343,3.2361927032470703,1.8318384467057391,6.112672128300203
2.794128787517548,-3.2279144525527954,-1.472799837589264,-0.005027212259188399,-0.023263440329952714,125.57809448242188,129.59733200073242,2876.9234619140625,2238.701171875,1103.3961177347767,475.05633032311056,8.575000000000054,16.65841844346788,-0.08374610708819495,0.06750478595495224,0.1910361682900041,0.0682299499400455,0.023040668985362188,344,3.5085861682891846,1.429690613660682,6.020186868891906
2.8020141899585727,-3.387992262840271,-1.5297616720199585,-0.0056216776681699224,-0.02424290312520802,136.04115295410156,140.68331146240234,2861.93017578125,2267.3906860351562,1175.319204282629,531.0238596199833,8.600000000000055,16.656887266370987,-0.0936406436893675,0.05067996680736542,0.1925094789393064,0.07040048240451433,0.0236599683715087,345,3.7834084033966064,1.0674708466784804,5.82274057721246
2.80824476480484,-3.5428333282470703,-1.5824745297431946,-0.006237134716235885,-0.024919747596846262,146.3549041748047,151.92573165893555,2846.3665771484375,2293.57080078125,1246.867458677161,587.7086267708606,8.625000000000055,16.655526691012913,-0.10388411581516266,0.03463757038116455,0.19357446041447227,0.07245986534417516,0.024147846999643608,346,4.060039520263672,0.7725737517719085,5.534377252718109
2.813359367847443,-3.6916970014572144,-1.6309521794319153,-0.006864888598546098,-0.025273841911502115,156.53175735473633,163.0444221496582,2831.85546875,2316.6167602539062,1318.0266231058729,645.0478967903905,8.650000000000055,16.65434201558431,-0.11433199875884587,0.02020537666976452,0.1942513360950295,0.07440183824987175,0.0245347793388969,347,4.3379082679748535,0.5676767112696277,5.176492884051523
2.8164391696453097,-3.8341814279556274,-1.6759608387947083,-0.007499425739406256,-0.025434467975936723,166.32116317749023,173.83200454711914,2818.95166015625,2334.3189697265625,1388.8230098246236,702.9633157967369,8.675000000000056,16.653331120808918,-0.12489275799857245,0.008541906252503395,0.1946090485636976,0.07622348204737797,0.02484677906357269,348,4.616504669189453,0.4687135250169027,4.7762026906054125
2.820125585794449,-3.9699279069900513,-1.717810869216919,-0.008133886938563456,-0.02527852116876117,175.6224136352539,184.22274017333984,2807.7218017578125,2351.4638671875,1459.2968013285306,761.3212900399,8.700000000000056,16.652485529581707,-0.13545242448647818,-0.0023345518857240677,0.1946849985890353,0.07792199625636007,0.02510367215962986,349,4.895405292510986,0.48344895551156913,4.364153855285272
2.8239445984363556,-4.098630309104919,-1.7565492987632751,-0.008760861638195361,-0.02485418181916527,184.31423950195312,194.08435821533203,2797.643310546875,2367.72216796875,1529.4898463724764,820.1078867195865,8.725000000000056,16.651796764797634,-0.1458878152900272,-0.012464484199881554,0.19449741217975283,0.07949568727281232,0.025320253735280553,350,5.174221515655518,0.610783469189619,3.972012033868897
2.826384198665619,-4.219910621643066,-1.7925578951835632,-0.009375111421243731,-0.024281831050204414,192.4214324951172,203.30408477783203,2788.7730712890625,2380.2731323242188,1599.430929136149,879.3009409188044,8.750000000000057,16.65125634935167,-0.1561119490199619,-0.020622268319129944,0.19407959549423304,0.08094106802018239,0.025506785283099985,351,5.452596187591553,0.8408370519449728,3.629865673242724
2.8285898566246033,-4.3334619998931885,-1.8260588645935059,-0.00997294011139878,-0.023533975884812732,199.86734008789062,211.8297119140625,2780.820068359375,2391.5173950195312,1669.150255918376,938.8077692269092,8.775000000000057,16.650851567586262,-0.16606344117058647,-0.027925973758101463,0.19347097996136586,0.0822561203217067,0.02566943160489277,352,5.730230808258057,1.1558032175162196,3.3637932205286134
2.830745279788971,-4.438977479934692,-1.8569759726524353,-0.010549838019861488,-0.02261435931267855,206.64142608642578,219.60780334472656,2773.552734375,2402.028564453125,1738.6707576273607,998.5957041023968,8.800000000000058,16.650570763481987,-0.17566733890109593,-0.03468852490186691,0.19268656250703983,0.08343979971889524,0.02581193777094183,353,6.006864547729492,1.531469275804953,3.1938184514518686
2.8327511668205263,-4.536026239395142,-1.885352075099945,-0.011101782316969613,-0.02154291759127463,212.75457000732422,226.6519012451172,2766.8955078125,2411.7040405273438,1808.009575986736,1058.6464182137242,8.825000000000058,16.650402281019424,-0.18485673599772984,-0.040891584008932114,0.19174014163465292,0.08448906854362966,0.025936867073796367,354,6.282256126403809,1.9392347924407196,3.132419651118066
2.834105753898621,-4.6243438720703125,-1.9110069274902344,-0.011625517912468915,-0.020367281772815965,218.2154769897461,232.9566192626953,2760.8096923828125,2419.6690673828125,1877.181963682049,1118.9390192269072,8.850000000000058,16.650334464179146,-0.19357747501797146,-0.04617714136838913,0.1906494939444814,0.08540356061126003,0.026046131579895274,355,6.556184768676758,2.3484364221829286,3.1837014480073638
2.83479180932045,-4.7035346031188965,-1.9341078996658325,-0.012118795683595036,-0.01911281222490175,223.05048370361328,238.54776763916016,2755.3408203125,2425.8460083007812,1946.2022059916196,1179.430745911477,8.875000000000059,16.65035777621799,-0.20179215404722425,-0.05049750208854675,0.1894385712415792,0.08618022993128961,0.026141121126432437,356,6.82846212387085,2.7287658330394473,3.34327807731195
2.8352719604969026,-4.773419380187988,-1.9545608162879944,-0.012579690040044176,-0.017773009169996513,227.29199981689453,243.46105194091797,2750.4935302734375,2431.0797729492188,2015.0857264994324,1240.0768961189963,8.900000000000059,16.650462680392796,-0.2094687024752299,-0.054201290011405945,0.1881284291433147,0.08681954671809836,0.026222903058438485,357,7.098931789398193,3.052565415088268,3.59884300186629
2.835735756158829,-4.833653688430786,-1.9724252223968506,-0.013005999712727813,-0.016349311339267272,230.97726440429688,247.7335968017578,2746.3304443359375,2435.6533813476562,2083.8480647562687,1300.8538904427264,8.92500000000006,16.650639639960396,-0.2165704137749142,-0.05738577991724014,0.18673225029708387,0.08731908499838076,0.026292578010457684,358,7.367462635040283,3.296815358471867,3.9313339107333465
2.8361814439296724,-4.8840577602386475,-1.9876330494880676,-0.01339579078896374,-0.014854456132865177,234.1449737548828,251.40991973876953,2742.8343505859375,2439.580078125,2152.5063258646674,1361.7452249764176,8.95000000000006,16.650880177815754,-0.22306505176756117,-0.06006455793976784,0.18526285116563265,0.08767889054521807,0.026351429709359234,359,7.63394021987915,3.4446722282874,4.31655953606746
2.836626547574997,-4.9244444370269775,-2.000083863735199,-0.013747430001989677,-0.013299884740504562,236.8351821899414,254.53439331054688,2740.02978515625,2442.866943359375,2221.077184629316,1422.7347269295424,8.97500000000006,16.651180055406357,-0.22892536388503182,-0.06223383545875549,0.18373289840889576,0.08789846817709511,0.026400833428174803,360,7.898269176483154,3.486466940233187,4.727130796430998
2.8370923876762393,-4.954619884490967,-2.0098729133605957,-0.014059566005611875,-0.011696887508791136,239.08661651611328,257.1481170654297,2737.9287109375,2445.5388793945312,2289.5779292582224,1483.8064005135266,9.00000000000006,16.651532914903427,-0.23412875003284878,-0.063900887966156,0.18215504204205105,0.08797678175790025,0.026442154036963067,361,8.160371780395508,3.4201208223392423,5.134526462391956
2.837572538852692,-4.974515914916992,-2.0170300006866455,-0.01433114913985381,-0.010058171669254323,240.93516540527344,259.2922592163086,2736.5054931640625,2447.6065673828125,2358.02614703166,1544.9448724983897,9.02500000000006,16.651934517754448,-0.23865769306818643,-0.06508120149374008,0.18054168240892424,0.0879145803016901,0.026476660698431007,362,8.420188903808594,3.2509900715571116,5.511125831594336
2.838071382045746,-4.983999967575073,-2.0215431451797485,-0.014561437672740006,-0.0083954254822174,242.41349029541016,261.00325775146484,2735.7576904296875,2449.0797729492188,2426.4387843607615,1606.13503668296,9.050000000000061,16.65238168504503,-0.24249975879987082,-0.06577866524457932,0.17890488695820472,0.08771110647202963,0.026505476933663504,363,8.677679061889648,2.99119347299538,5.832059715368567
2.8385935902595523,-4.98305082321167,-2.023531198501587,-0.01474997907494461,-0.006720301837895413,243.55038452148438,262.3118438720703,2735.677734375,2449.9725952148438,2494.8327266215038,1667.3620310066904,9.075000000000061,16.652872297498917,-0.24564733107884726,-0.06600315123796463,0.17725663991479787,0.08736726324697598,0.026529557735582705,364,8.932815551757812,2.658513542485733,6.076760137052645
2.839149385690689,-4.971634387969971,-2.023037850856781,-0.014896605858602186,-0.005043783154893036,244.37044525146484,263.2434844970703,2736.2603759765625,2450.3075561523438,2563.224669980879,1728.6113458870614,9.100000000000062,16.653403176201714,-0.24809754557079738,-0.06576577574014664,0.17560860925322958,0.08688347506782787,0.026549702052515632,365,9.185591697692871,2.2749828355144732,6.230123078432578
2.8397478222846986,-4.949712038040161,-2.020147144794464,-0.01500142205344282,-0.003376753803794344,244.88430786132812,263.80470275878906,2737.502685546875,2450.102783203125,2631.631179380293,1789.86903479087,9.125000000000062,16.653974321153427,-0.2498520248466068,-0.06507563591003418,0.1739722465661872,0.08625975857934211,0.026566571513545603,366,9.436016082763672,1.865279686193345,6.283236935398043
2.8404043793678286,-4.9173173904418945,-2.0149542093276978,-0.015064796965008299,-0.001729454991377181,245.08011627197266,263.97411346435547,2739.409423828125,2449.383544921875,2700.068746518965,1851.1216043709483,9.150000000000063,16.65458255343967,-0.2509168783823649,-0.06394383311271667,0.17235870384073546,0.08549717904595473,0.026580721637431252,367,9.684112548828125,1.4550579102178214,6.2336662926105495
2.841135704517365,-4.874539136886597,-2.0075644850730896,-0.01508735269108451,-0.0001118149818602696,244.95286560058594,263.74359130859375,2741.986083984375,2448.1743774414062,2768.553982114668,1912.3561929939951,9.175000000000063,16.65522575378418,-0.2513023383087582,-0.062379080802202225,0.17077891668210043,0.08459751745664472,0.026592626799741746,368,9.929923057556152,1.0693243531889214,6.085310624041691
2.84195494055748,-4.821479082107544,-1.998094618320465,-0.015069953718728426,0.0014662368877310758,244.50817108154297,263.11852264404297,2745.2325439453125,2446.4998779296875,2837.1036342142775,1973.5605524300304,9.200000000000063,16.655900743272568,-0.25102266006999546,-0.06039148569107056,0.1692436376031834,0.08356255063920189,0.02660270103880281,369,10.173501968383789,0.730962362913032,5.847885868347959
2.8428746461868286,-4.758145570755005,-1.9866729378700256,-0.01501371628694382,0.0029951269807751923,243.7603988647461,262.11148834228516,2749.143798828125,2444.3863525390625,2905.7344478129103,2034.7230493782727,9.225000000000064,16.65660646226671,-0.2500963542196486,-0.05799353867769241,0.1677632529322356,0.08239213711319329,0.02661132094223734,370,10.414921760559082,0.4594785934488991,5.53609419679768
2.8439193546772006,-4.684735298156738,-1.9734668731689453,-0.01491998445984334,0.004466192408427988,242.72476959228516,260.73792266845703,2753.7296142578125,2441.8654174804688,2974.463042783613,2095.8327081917496,9.250000000000064,16.657338672214085,-0.2485456731584337,-0.05519580841064453,0.16634789932615618,0.08108917722749362,0.026618827727560003,371,10.654268264770508,0.2700268855265053,5.168559231755945
2.8450963675975802,-4.601381540298462,-1.9585664868354797,-0.014790316602783602,0.005870137594158055,241.41854858398438,259.0152130126953,2758.972900390625,2438.9664916992188,3043.3062831400584,2156.8793436287615,9.275000000000064,16.658096313476562,-0.2463964952362908,-0.05201619863510132,0.16500736390195117,0.0796552647175677,0.02662553764515024,372,10.891640663146973,0.17273927072783418,4.766609667883921
2.846425545215607,-4.508286952972412,-1.9422176480293274,-0.014626505148013908,0.007198842757458229,239.8558578491211,256.9585266113281,2764.8701171875,2435.7269287109375,3112.280605649824,2217.8535059212422,9.300000000000065,16.658876207139755,-0.24367850687768725,-0.04847155138850212,0.16375098436819266,0.0780928879745591,0.026631752381225293,373,11.127154350280762,0.17237422611255415,4.352991077626195
2.8479086399078373,-4.4056806564331055,-1.9244999885559082,-0.014430531861892304,0.008443579803974696,238.0542449951172,254.58474731445312,2771.38818359375,2432.1810302734375,3181.402358579511,2278.7466791390157,9.325000000000065,16.659677293565537,-0.24042468931939867,-0.04458911344408989,0.16258758244599153,0.07640478922215273,0.026637750735461777,374,11.36093521118164,0.2682717922250547,3.9505810981158174
2.8495535373687746,-4.293704032897949,-1.9055891036987305,-0.014204598013507307,0.009596690585127526,236.02477264404297,251.90531158447266,2778.501953125,2428.3656616210938,3250.6870631693546,2339.5512048958517,9.350000000000065,16.660498513115776,-0.23667160007688734,-0.040395159274339676,0.16152526413191576,0.07459188392197331,0.026643792782184893,375,11.593122482299805,0.4545910889814051,3.581173157878723
2.851201355457306,-4.172731876373291,-1.8857583403587341,-0.01395113581794822,0.0106411761228728,233.77666473388672,248.92974853515625,2786.1351318359375,2424.0643920898438,3320.149611997479,2400.260346436379,9.375000000000066,16.661335627237957,-0.23245963785383436,-0.03582572937011719,0.1605716360798288,0.07265887421782054,0.026650109467395426,376,11.823866844177246,0.720795513536769,3.264382397822137
2.852482342720032,-4.042965888977051,-1.865202248096466,-0.01367337435803676,0.0115412205415895,231.31722259521484,245.66622924804688,2794.19287109375,2418.69287109375,3389.8029902933768,2460.8619562386257,9.400000000000066,16.662189695570206,-0.2278425461716122,-0.030670296400785446,0.15973976442382892,0.07060685242186024,0.026656800659634248,377,12.053332328796387,1.0523424357648614,3.0167157081875944
2.8535282194614413,-3.9048478603363037,-1.8442766666412354,-0.013375053502569349,0.012291398690853895,228.6468505859375,242.12895965576172,2802.5023193359375,2412.663818359375,3459.65781207072,2521.32927801597,9.425000000000066,16.663058598836262,-0.2228825787703196,-0.02516706846654415,0.15904191634968728,0.06844049779135149,0.026663685347171024,378,12.281702041625977,1.4315309174432616,2.850836812813228
2.8547087371349336,-3.758687973022461,-1.8231683373451233,-0.013059658247503707,0.012912137848464731,225.8419647216797,238.31617736816406,2811.142822265625,2406.5678100585938,3529.7203700541177,2581.645873474955,9.450000000000067,16.663939158121746,-0.21763773428069222,-0.019522961229085922,0.15848258594174341,0.06616222797722135,0.02667045976319391,379,12.509173393249512,1.8384572032793192,2.775043702088926
2.855948543548584,-3.6048086881637573,-1.8020672798156738,-0.012730470730823897,0.013394512263581041,222.82220458984375,234.2194595336914,2819.9306640625,2400.4545288085938,3599.998940610758,2641.81006872642,9.475000000000067,16.664832433064777,-0.21216261718008253,-0.013852831907570362,0.1580651520856303,0.06377490587764166,0.026676980346675403,380,12.735945701599121,2.2520303745028563,2.792961246029916
2.857038521766663,-3.443664073944092,-1.7811400890350342,-0.012391112227434045,0.013726981918244913,219.58946228027344,229.87578582763672,2828.4306640625,2394.3748779296875,3670.49720721232,2701.821431946635,9.500000000000068,16.665735244750977,-0.2065175606144799,-0.008331343531608582,0.157787833792369,0.061282759260842944,0.02668322629166948,381,12.962223052978516,2.6510076611002242,2.903448385840107
2.8577964246273044,-3.2757508754730225,-1.7606387734413147,-0.012045406870211939,0.013904798895575441,216.1780548095703,225.31038665771484,2836.24072265625,2388.3917846679688,3741.207973813882,2761.6808038948775,9.525000000000068,16.66664547390408,-0.20076624221271938,-0.0031403745524585247,0.1576447887523181,0.0586900367010017,0.026689147663905705,382,13.188200950622559,3.015012703758566,3.1007134799071983
2.858028322458267,-3.101449728012085,-1.7406737804412842,-0.011697171509954257,0.013928993089900431,212.74142456054688,220.46571350097656,2842.9434814453125,2382.5592041015625,3812.1139918802874,2821.390598511577,9.550000000000068,16.667564180162216,-0.19497224026256138,0.0015115602873265743,0.15762541425538779,0.05599826743515013,0.02669454888749152,383,13.414066314697266,3.32550202764083,3.3746278628492403
2.856598967313767,-2.9214338064193726,-1.7215538024902344,-0.011350843014648965,0.01374201525453895,209.0660171508789,215.34559631347656,2847.609130859375,2375.7359619140625,3883.1875789164196,2880.9545786141166,9.575000000000069,16.66849030388726,-0.18920953075091043,0.0057958634570240974,0.1577180589718089,0.05321329585352418,0.02669897639280378,384,13.639986038208008,3.5666476678050962,3.711225620985352
2.8532271027565006,-2.736364483833313,-1.7034422159194946,-0.011011951604747178,0.013340828761669928,205.22276306152344,209.99154663085938,2849.145263671875,2368.4945068359375,3954.3778071879037,2940.347977661969,9.600000000000069,16.669422785441082,-0.18357030219501919,0.009045908227562904,0.1579076427519089,0.05033885870402839,0.02670129833637919,385,13.86611270904541,3.726102592663848,4.093373881798687
2.8476247549057008,-2.5469348430633545,-1.6865159273147583,-0.01068555728632005,0.012747668925800924,201.20082092285156,204.41402435302734,2846.1402587890625,2361.7168579101562,4025.6064387797005,2999.560340332868,9.62500000000007,16.670361624823677,-0.17813887861039904,0.010358400642871857,0.15815525015425905,0.047378085200943595,0.026699694197941336,386,14.092560768127441,3.795619811857217,4.501592557846083
2.838478809595108,-2.354127287864685,-1.6707263588905334,-0.01037667221176289,0.011944348229221838,196.990478515625,198.62297821044922,2836.1763916015625,2355.414306640625,4096.759945249427,3058.6032617806222,9.65000000000007,16.67130576239692,-0.17299888862503898,0.00880998745560646,0.1584015259760641,0.04433744391288624,0.026691787938455166,387,14.319371223449707,3.771502903204607,4.914999101512055
2.8243940830230714,-2.1588754653930664,-1.655932068824768,-0.010090612300282851,0.010927641750300154,192.5718536376953,192.63014221191406,2816.7342529296875,2349.5493774414062,4167.6643550394665,3117.4886194466385,9.67500000000007,16.672257317437065,-0.16823901070488823,0.0034715074580162764,0.15856376242072037,0.04121947940705412,0.026674385845207177,388,14.546485900878906,3.6548575278824265,5.312357108034369
2.8031768918037416,-1.962407648563385,-1.641945242881775,-0.009832861999249815,0.009680341931383138,187.91942596435547,186.44955444335938,2783.85498046875,2344.0626831054688,4238.08271136271,3176.227353882674,9.70000000000007,16.67321734958225,-0.1639507214228312,-0.0071270582266151905,0.15853025652525582,0.038029202795545246,0.02664308329942574,389,14.773709297180176,3.451607673453231,5.673198032194639
2.772854351997376,-1.7660821080207825,-1.6283117532730103,-0.009608962972385207,0.008233250415101883,183.00157928466797,180.09564971923828,2734.0472412109375,2338.8317260742188,4307.679085874432,3234.828920960311,9.72500000000007,16.674185858832466,-0.1602265735467275,-0.024249574169516563,0.15815298646733247,0.03476971416431603,0.026591804964874104,390,15.000658988952637,3.172242246563282,5.978970305178195
2.729595768451691,-1.5714487433433533,-1.614335060119629,-0.009424335168626261,0.00654036681526043,177.76580047607422,173.58633422851562,2660.5269775390625,2333.6255493164062,4376.030266904709,3293.299714112167,9.750000000000071,16.675164964463974,-0.15715700056817797,-0.05039418116211891,0.15724002155613967,0.031444208266377276,0.026512369943578685,391,15.226709365844727,2.8312599953614277,6.214152201121015
2.6715237617492678,-1.3801706433296204,-1.5990976691246033,-0.009283475793204387,0.004733372484344236,172.31633758544922,166.94918060302734,2560.175048828125,2328.12109375,4442.54344134319,3351.6403528450774,9.775000000000071,16.67615466647678,-0.1548171208964454,-0.08660152554512024,0.15555310874265624,0.028053132429568323,0.026394083979287136,392,15.450928688049316,2.446293402189082,6.3672413016468665
2.59537336230278,-1.1942657232284546,-1.581217646598816,-0.009188704709100395,0.002893656902202621,166.3387794494629,160.19836807250977,2427.9257202148438,2321.4120483398438,4506.547817563901,3409.8433801888277,9.800000000000072,16.677153905232746,-0.1532457603348626,-0.13436537981033325,0.152813847824428,0.024603158080479286,0.026223616702386845,393,15.67201042175293,2.036920621409304,6.431511880787628
2.4978042483329777,-1.0159165859222412,-1.559088408946991,-0.00913992308807071,0.001122042302264074,159.8638687133789,153.36252212524414,2259.8482055664062,2311.3071899414062,4567.245960569281,3467.8786813973243,9.825000000000072,16.67815950181749,-0.15244132942623562,-0.19417937099933624,0.14872677772326745,0.021105032530524856,0.025985101498445826,394,15.88823413848877,1.6232194601485945,6.4054150239096685
2.3803612858057024,-0.8483120799064636,-1.530636966228485,-0.009130752867364051,-0.00020838430924926442,153.01650619506836,146.48122024536133,2058.1986083984375,2298.3712768554688,4623.742165708453,3525.66136114586,9.850000000000072,16.679164038764107,-0.15229756633440653,-0.26509472727775574,0.14299923368013173,0.017593335261984033,0.025660919892377523,395,16.097455978393555,1.2241822118864663,6.292504213580469
2.2453235864639285,-0.6952547580003738,-1.4933143258094788,-0.009145308707197014,-0.0007070930011982125,145.95103454589844,139.65665817260742,1828.3635864257812,2281.3804931640625,4675.197130918428,3583.120643067248,9.875000000000073,16.68015268113878,-0.15254939595858255,-0.34401190280914307,0.13539009974782776,0.014132588114196437,0.02523409007104348,396,16.297142028808594,0.8561777434923845,6.100823219410523
2.098459389805794,-0.5584037601947784,-1.444416105747223,-0.009156744695424842,7.954209877149785e-05,138.27947998046875,132.8472671508789,1582.2964477539062,2258.9395141601562,4720.90622057909,3640.1551553963504,9.900000000000073,16.681114832560223,-0.15274898873435128,-0.425194650888443,0.12576894761196894,0.010773541470833542,0.024691179715695608,397,16.484485626220703,0.5316876711758718,5.841783458811333
1.9416119039058686,-0.4342285916209221,-1.3814384937286377,-0.009130054827875204,0.0022986872091045286,130.93182754516602,126.16044616699219,1328.5659790039062,2225.848876953125,4760.4636317729555,3696.628643250356,9.925000000000074,16.68203459845649,-0.1523121198018392,-0.5035518407821655,0.11413115003016124,0.007500620390819077,0.0240248776169038,398,16.65658950805664,0.25852937108728186,5.528676912860918
1.7744496375322343,-0.3201103061437607,-1.3029030561447144,-0.009032207584652712,0.005766317483982948,122.89169692993164,119.44246673583984,1070.2252960205078,2178.4510498046875,4793.677781248071,3752.2748651741867,9.950000000000074,16.682898203531902,-0.1506874958674113,-0.5763512849807739,0.10061339374535297,0.004318287066878422,0.02323354010493277,399,16.810651779174805,0.03968142442429029,5.175082694043343
1.5989608079195023,-0.2128800058271736,-1.207507073879242,-0.008829003191993161,0.010482793979716043,115.01496124267578,112.96133041381836,811.9521942138672,2115.7076416015625,4820.433413648603,3806.7361414193074,9.975000000000074,16.68368975321452,-0.14730417066150242,-0.6417749524116516,0.08536319291479932,0.0012184413216066742,0.02231949952633094,400,16.94408416748047,-0.12632951194338463,4.793459358083056
1.4111990630626678,-0.10909148678183556,-1.0955976247787476,-0.008498646381147239,0.01594073457437328,107.34459686279297,106.54207611083984,555.1191444396973,2029.0199584960938,4840.732218503968,3859.628832459351,10.000000000000075,16.684398651123047,-0.14179822471406725,-0.6959598064422607,0.06863395563859973,-0.0018155276946190126,0.0212868359271121,401,17.0545654296875,-0.2446624819819058,4.39414726657965
1.2069996610283853,-0.0074587613344192505,-0.9681910872459412,-0.008027335007676417,0.02163231866071183,99.95023345947266,100.08774185180664,298.8654327392578,1911.6206665039062,4854.61019711498,3910.35433142176,10.025000000000075,16.685014300876194,-0.13393907911247677,-0.7363494634628296,0.05069405365322851,-0.004769035176187705,0.020137704803283526,402,17.140169143676758,-0.3232272441144004,3.9848741002551993
0.9824649512767792,0.09482212364673615,-0.8276692032814026,-0.0074162503291657685,0.026971322064967208,92.43789672851562,93.87428665161133,38.715606689453125,1760.8462524414062,4862.081832933481,3958.1448480843665,10.050000000000075,16.68551868862576,-0.12374625437789494,-0.7637012004852295,0.03189556309657796,-0.007674448868298292,0.018870108784027662,403,17.199417114257812,-0.37177076873121084,3.5707522406135315
0.7346135571599007,0.19961420120671391,-0.6775206327438354,-0.006682291455118337,0.03139394214109933,85.12038040161133,87.91872024536133,-225.02731323242188,1570.9251708984375,4863.049723100737,4002.166004395413,10.075000000000076,16.685890621609158,-0.11150164736641778,-0.7750726938247681,0.012618726155959853,-0.010552371143788965,0.01747641624834575,404,17.231346130371094,-0.4011214519518128,3.1546888305451235
0.4619719490408898,0.3081580474972725,-0.5218695402145386,-0.005855370573973026,0.034401603924126334,78.54901885986328,82.51244735717773,-492.86595344543457,1339.662109375,4857.424040269946,4041.439133667888,10.100000000000076,16.68611208597819,-0.09770448009173076,-0.769463837146759,-0.006723323901554273,-0.01342781218018004,0.015943471596571716,405,17.23556137084961,-0.4226266446239354,2.7380865744898872
0.16659416779875758,0.4224546179175377,-0.36511752009391785,-0.004975689454771073,0.035688651422312784,72.55642318725586,77.43086624145508,-763.9824523925781,1069.9884033203125,4845.10239143383,4074.9306864022806,10.125000000000076,16.68616188897027,-0.08302584290504456,-0.7470893859863281,-0.025709549630001292,-0.016336822570171022,0.014254597822676244,406,17.2122745513916,-0.4477467080503539,2.3217102337408515
-0.14726756270974875,0.5428119003772736,-0.21160631999373436,-0.004088444333894914,0.035131293418051227,67.03405570983887,72.81393241882324,-1038.8310241699219,770.1293029785156,4826.002830124036,4101.680396485309,10.150000000000077,16.686017778184677,-0.06822023540735245,-0.7115570902824402,-0.043966371946281134,-0.019298768488313835,0.012393158492224743,407,17.162273406982422,-0.4877274746735509,1.9066003414390809
-0.47061718925833707,0.6698795408010483,-0.06465613096952438,-0.0032355716761348925,0.03299766029884221,62.0389289855957,69.2762622833252,-1314.1063232421875,453.2411575317383,4800.032054519809,4120.933629059795,10.175000000000077,16.685656441582573,-0.053987825910250344,-0.6683727502822876,-0.06121928656133119,-0.022337678721662636,0.010346736616634718,408,17.086820602416992,-0.5532656254965638,1.4949258935344047
-0.7909787490963937,0.8034721314907074,0.07378511969000101,-0.0024483243530763316,0.029896708815067577,58.22294807434082,65.79654312133789,-1580.4071044921875,132.77553176879883,4767.179396438775,4132.264657998113,10.200000000000077,16.685060924953884,-0.04085051930612988,-0.6210521459579468,-0.07732383363077146,-0.025455029452087278,0.0081119127386784,409,16.987462997436523,-0.6541029074655107,1.0906837542506547
-1.0966478362679482,0.9431256055831909,0.20336495339870453,-0.0017434716971339993,0.026463981554928708,55.08988285064697,63.38092231750488,-1829.1717529296875,-178.40643119812012,4727.669218826491,4135.584046292357,10.225000000000078,16.684220631917317,-0.029088494678338368,-0.5726458430290222,-0.09223121905000467,-0.0286411334311226,0.005698246670401603,410,16.865888595581055,-0.7985031516242423,0.700170706514932
-1.379776468873024,1.0888085067272186,0.3248840942978859,-0.001123241895089073,0.023182611310274208,53.20640754699707,61.59903430938721,-2054.4977416992188,-471.8140335083008,4681.9399250032675,4131.1238855124275,10.250000000000078,16.683135562472874,-0.018739203612009685,-0.5244929194450378,-0.10594090602562357,-0.03188159606501726,0.003130088130575787,411,16.723819732666016,-0.9925928273705678,0.33216723826526634
-1.6329131036996842,1.2385443449020386,0.4394969195127487,-0.0005781576434754099,0.020519739422844595,52.21628427505493,60.83548831939697,-2250.3583374023438,-739.8186340332031,4630.577481460805,4119.3285346747425,10.275000000000079,16.681813134087456,-0.009644718633757697,-0.47759899497032166,-0.11846855727378922,-0.03511864236257605,0.0004462304882433434,412,16.562959671020508,-1.2395975559099301,-0.0022190360525703445
-1.8542864531278611,1.3911540508270264,0.5483514219522476,-9.187685510329216e-05,0.01858087076429364,52.48782825469971,60.31373310089111,-2414.2944946289062,-981.5968933105469,4574.318523025761,4100.833068823933,10.300000000000079,16.680268181694878,-0.001532530619038476,-0.43132147192955017,-0.12982136332944483,-0.038304518516502496,-0.0023022286411908187,413,16.384990692138672,-1.5390530475720248,-0.2900925783223045
-2.0456886142492294,1.5469212532043457,0.6525919437408447,0.0003543458715469085,0.017285858749972172,53.99007558822632,61.24672222137451,-2547.6897583007812,-1199.0205078125,4513.961160660051,4076.293146491188,10.32500000000008,16.67852931552463,0.005909968167543411,-0.38497164845466614,-0.14001839076151965,-0.04141966797783862,-0.00505600560788028,414,16.191577911376953,-1.8861191582686465,-0.5177062572173052
-2.2083921045064927,1.7064149379730225,0.7528220117092133,0.0007772943436516216,0.016601946498472214,56.53956365585327,62.969305992126465,-2654.222412109375,-1390.7208557128906,4450.268916702542,4046.3176337958926,10.35000000000008,16.676628324720596,0.012962651542491384,-0.3410375118255615,-0.1491021502789141,-0.04446089599357363,-0.007753061664614581,415,15.984347343444824,-2.271160081955572,-0.6717515274815549
-2.3441211163997653,1.8697276711463928,0.8493773937225342,0.0011898384773580053,0.016471775137518886,60.35374355316162,66.03231811523438,-2737.5,-1556.2145385742188,4383.913356399816,4011.549612403085,10.37500000000008,16.674600177341038,0.01984008898337682,-0.3006574213504791,-0.1571204123336815,-0.04742699165764938,-0.010334042908970208,416,15.76486587524414,-2.679743465162064,-0.7408926820565719
-2.458376944065094,2.036703407764435,0.9422106146812439,0.0016023258498429134,0.01661617984614193,65.29447269439697,70.38005638122559,-2800.50341796875,-1702.5772094726562,4315.475856399822,3972.6442489387427,10.40000000000008,16.672485139634873,0.02671477695306142,-0.2614745497703552,-0.16412907001919985,-0.050319469642935856,-0.012746627588202811,417,15.534607887268066,-3.0931644915804193,-0.7173755356192398
-2.5520026266574862,2.206539273262024,1.031416893005371,0.0020242905908125462,0.017076696574670872,71.37008285522461,75.7336778640747,-2845.902587890625,-1828.6620483398438,4245.463270950609,3930.079818701938,10.42500000000008,16.67032135857476,0.033745620813634664,-0.2250278890132904,-0.1702134776484062,-0.05313433104660873,-0.014949064930590244,418,15.294967651367188,-3.489532828197377,-0.5985092559008086
-2.6248214662075045,2.378427267074585,1.116421401500702,0.002461206614626614,0.01790599661574314,78.497727394104,82.39890480041504,-2875.87255859375,-1931.956787109375,4174.315706253346,3884.363267493452,10.450000000000081,16.668149100409615,0.04102384464608298,-0.1927690953016281,-0.1754263658108841,-0.05587139485693767,-0.016912251578844982,419,15.047239303588867,-3.8453797117165527,-0.3878033872856935
-2.6837524294853212,2.5512319803237915,1.1971606612205505,0.002919583711682113,0.018780915774050624,86.57708168029785,90.15763473510742,-2893.32666015625,-2022.2113647460938,4102.418892288505,3836.064347815726,10.475000000000081,16.666008631388348,0.048657945460743375,-0.16166327893733978,-0.179851008224969,-0.05852594852714999,-0.01862048112431937,420,14.792600631713867,-4.137655232829492,-0.09555907050491441
-2.7260142028331757,2.7238045930862427,1.2733430862426758,0.003403605437574258,0.01993715837022755,95.51505088806152,98.88705825805664,-2900.11767578125,-2092.4746704101562,4030.0857257846,3785.509063697081,10.500000000000082,16.663935979207356,0.05671768138806025,-0.1352236270904541,-0.1835604254387995,-0.061095043854695184,-0.02007205580181847,421,14.532149314880371,-4.345918458658338,0.2612150100279973
-2.758488953113556,2.894793152809143,1.3446494936943054,0.00391561454182448,0.0210222155027045,105.11713409423828,108.52045249938965,-2898.241455078125,-2153.3598022460938,3957.5827838900695,3733.197196936833,10.525000000000082,16.661962933010525,0.06524215969774458,-0.10965587198734283,-0.18661427226079336,-0.06357113868414238,-0.021277283917296042,422,14.26685619354248,-4.454468683531873,0.6596230674258927
-2.778708750009537,3.0632216930389404,1.4111784100532532,0.004457345720181881,0.02226238512392175,115.19352340698242,118.82641983032227,-2889.76708984375,-2198.2896728515625,3885.1267475131162,3679.3632018806857,10.550000000000082,16.660118103027344,0.07426040040122138,-0.08842197805643082,-0.18908938088839938,-0.0659519942957002,-0.022257468678878112,423,13.997621536254883,-4.454165595792615,1.0723993186519682
-2.7941279113292694,3.2279434204101562,1.472805380821228,0.005027249189742578,0.023263617180493853,125.5763053894043,129.59517669677734,-2876.9200439453125,-2238.7033081054688,3812.882570267022,3624.4059600594,10.575000000000083,16.65842162238227,0.08374673624833424,-0.06750277429819107,-0.191036268158545,-0.06823038686491184,-0.023040748047957048,424,13.725228309631348,-4.343705180598052,1.4699857497437758
-2.802013021707535,3.3880196809768677,1.5297662615776062,0.0056217187599133045,0.02424304252504633,136.0394515991211,140.6813087463379,-2861.927001953125,-2267.39208984375,3740.959569168388,3568.4383773567665,10.600000000000083,16.656890445285374,0.09364133907688989,-0.0506783202290535,-0.1925095288735768,-0.07040089020105623,-0.023660016225184537,425,13.45040512084961,-4.130183571753305,1.8229684164148265
-2.808243888616562,3.5428589582443237,1.5824782848358154,0.006237178408722519,0.02491983498181953,146.35332489013672,151.9238395690918,-2846.36376953125,-2293.572021484375,3669.4113941195587,3511.7535751106752,10.625000000000083,16.6555298699273,0.10388486087322235,-0.03463611751794815,-0.19357447705922906,-0.07246024817358186,-0.024147874047373428,426,13.173774719238281,-3.8288615032706095,2.104611446741039
-2.813358783721924,3.6917208433151245,1.6309552192687988,0.006864933851478683,0.025273891845772556,156.53020858764648,163.04257583618164,-2831.853515625,-2316.6176147460938,3598.252299881276,3454.414274573568,10.650000000000084,16.6543451944987,0.1143327769305971,-0.020204314962029457,-0.1942513194502727,-0.07440219611214322,-0.024534793903059113,427,12.895905494689941,-3.462132387603924,2.2932217010080866
-2.8164388775825504,3.8342037200927734,1.6759634017944336,0.007499472032636143,0.025434470056531325,166.3196258544922,173.83018493652344,-2818.9501953125,-2334.31982421875,3527.45596199065,3396.498834204918,10.675000000000084,16.65333324008518,0.12489354444874658,-0.008540995419025421,-0.19460899862942715,-0.07622381494251423,-0.024846785305356497,428,12.6173095703125,-3.0577999048465454,2.3740997583189793
-2.820125585794449,3.9699485301971436,1.7178130745887756,0.008133932711644693,0.025278485798652942,175.6208724975586,184.22090911865234,-2807.7208251953125,-2351.4647827148438,3456.9822071078365,3338.1408385994505,10.700000000000085,16.652487648857964,0.1354532026582294,0.0023353355936706066,-0.19468493201000805,-0.07792230002317191,-0.02510367632081906,429,12.338408470153809,-2.6468292201826635,2.340865679825413
-2.8239445984363556,4.098649501800537,1.756551206111908,0.008760906370979296,0.024854123562516425,184.31266021728516,194.08248138427734,-2797.642578125,-2367.7229614257812,3386.7891864779526,3279.3542190315807,10.725000000000085,16.65179994371202,0.14588857690493265,0.01246513333171606,-0.19449731231121195,-0.07949596607248893,-0.025320255815875155,430,12.059592247009277,-2.2608045819732774,2.1960405461365347
-2.826384198665619,4.21992826461792,1.7925596237182617,0.009375154073433064,0.02428175198760955,192.41980743408203,203.30215454101562,-2788.7724609375,-2380.2738037109375,3316.848122024827,3220.1611449959373,10.750000000000085,16.65125846862793,0.15611269407802159,0.020622819662094116,-0.19407947898093533,-0.08094132185272378,-0.025506787363694588,431,11.781218528747559,-1.9293400178867066,1.9508465359051024
-2.828590148687363,4.333478212356567,1.82606041431427,0.009972980682993512,0.023533880177461056,199.86566925048828,211.82769775390625,-2780.819580078125,-2391.5181274414062,3247.1288105013887,3160.654299903165,10.775000000000086,16.650853686862522,0.16606415311495462,0.02792646735906601,-0.1934708634480682,-0.08225634918711287,-0.02566943368548737,432,11.503583908081055,-1.6776875632351824,1.624243839988537
-2.830745279788971,4.438992023468018,1.8569772839546204,0.010549876510861618,0.022614251121759264,206.63970947265625,219.60572814941406,-2773.5523681640625,-2402.0291748046875,3177.608320999435,3100.866346717131,10.800000000000086,16.650572882758247,0.17566800117492676,0.03468896821141243,-0.19268642934898533,-0.0834400077783554,-0.02581193985153643,433,11.226949691772461,-1.5247630863178598,1.2413201584059226
-2.8327511668205263,4.536039352416992,1.8853532075881958,0.01110181664678054,0.02154280107797694,212.75279998779297,226.6497573852539,-2766.8953857421875,-2411.70458984375,3108.2695117953326,3040.8156173470147,10.825000000000086,16.65040440029568,0.1848573320441776,0.040891967713832855,-0.19173999183184162,-0.0844892474747654,-0.02593687123498557,434,10.951559066772461,-1.4817470683566123,0.83120771383835
-2.8341060459613803,4.6243555545806885,1.9110078811645508,0.011625549121387939,0.020367156937139867,218.21365356445312,232.95440673828125,-2760.8094482421875,-2419.6695556640625,3039.0971271517774,2980.5230026009217,10.850000000000087,16.650336583455402,0.19357803795072767,0.046177443116903305,-0.1906493441416701,-0.08540371457526055,-0.026046133660489877,435,10.677630424499512,-1.5513622059403696,0.42472330765446203
-2.83479180932045,4.70354437828064,1.9341087341308594,0.01211882377162216,0.019112681147441846,223.04863739013672,238.54550170898438,-2755.340576171875,-2425.8463134765625,2970.076890945722,2920.0312637093207,10.875000000000087,16.650359895494248,0.20179266730944315,0.050497736781835556,-0.18943842143876788,-0.08618035476696571,-0.026141123207027037,436,10.405353546142578,-1.7278655414083932,0.051947519275902077
-2.8352719604969026,4.773427486419678,1.9545612931251526,0.012579715007179396,0.017772871850752804,227.29010009765625,243.45874786376953,-2750.4935302734375,-2431.080078125,2901.1933765414246,2859.385105872407,10.900000000000087,16.650464799669052,0.2094691495100657,0.05420146510004997,-0.1881282626957466,-0.08681964658663922,-0.026222903058438485,437,10.134883880615234,-1.9977203454608594,-0.2600429101678076
-2.835735756158829,4.833660364151001,1.9724255800247192,0.01300602155897113,0.01634916985883436,230.97534942626953,247.7312469482422,-2746.33056640625,-2435.653564453125,2832.4310382845883,2798.6081039192827,10.925000000000088,16.650640699598526,0.21657081113921273,0.0573858916759491,-0.18673208384951573,-0.08731915989978642,-0.026292578010457684,438,9.866353034973145,-2.340849384331623,-0.48910782357908367
-2.8361814439296724,4.884062767028809,1.9876330494880676,0.013395808474017853,0.014854311531540366,234.14302825927734,251.40753936767578,-2742.8345947265625,-2439.5802001953125,2763.7727741244316,2737.716764807955,10.950000000000088,16.650882297092014,0.22306538290447658,0.06006460636854172,-0.1852626847180645,-0.08767894464067771,-0.026351429709359234,439,9.599876403808594,-2.7323290347572433,-0.6195078768264817
-2.836626547574997,4.924447774887085,2.0000837445259094,0.01374744560644919,0.013299737018287846,236.833251953125,254.53201293945312,-2740.0301513671875,-2442.8668823242188,2695.2019092562673,2676.7272598030722,10.975000000000088,16.651182174682617,0.22892562879456413,0.0622338205575943,-0.1837327319613276,-0.08789849314423033,-0.026400833428174803,440,9.33554744720459,-3.1443635127840324,-0.6428143145246502
-2.8370926797389986,4.954621315002441,2.009872555732727,0.014059576408584884,0.01169673874627712,239.08468627929688,257.14574432373047,-2737.9290771484375,-2445.5388793945312,2626.7011554720875,2615.655587744967,11.000000000000089,16.651535034179688,0.2341289652718438,0.06390081346035004,-0.18215489223923972,-0.08797678591908946,-0.026442154036963067,441,9.073444366455078,-3.548367036402152,-0.5582316829010138
-2.837572538852692,4.974515914916992,2.0170294046401978,0.014331156421934917,0.010058023947037609,240.93325805664062,259.2898941040039,-2736.5059814453125,-2447.6066284179688,2558.2529285433766,2554.517115760104,11.02500000000009,16.65193663703071,0.23865784207979837,0.06508106738328934,-0.18054153260611291,-0.08791455533455488,-0.026476660698431007,442,8.813627243041992,-3.9169874087674095,-0.372351721210776
-2.838071382045746,4.9839982986450195,2.0215423107147217,0.014561440793631909,0.008395279320446637,242.41158294677734,261.00091552734375,-2735.7581787109375,-2449.0797119140625,2489.8402790072437,2493.326950049655,11.05000000000009,16.65238380432129,0.24249984158409965,0.06577847898006439,-0.1789047371553934,-0.0877110565377592,-0.0265054748530689,443,8.556138038635254,-4.2259251836216585,-0.09839853905998958
-2.8385935902595523,4.983047246932983,2.0235302448272705,0.014749980115241909,0.0067201582768679005,243.5485076904297,262.3095169067383,-2735.678466796875,-2449.9724731445312,2421.44632453947,2432.0999572518035,11.07500000000009,16.652873357137043,0.2456473641925388,0.06600291281938553,-0.17725649011198655,-0.08736719250675952,-0.026529555654988102,444,8.30100154876709,-4.455432111411103,0.24493924673724998
-2.839149677753449,4.97162938117981,2.0230367183685303,0.014896602737710284,0.005043644275203378,244.36859130859375,263.24120330810547,-2736.2611083984375,-2450.3074340820312,2353.054362869548,2370.85064542319,11.10000000000009,16.653405295477974,0.24809751245710585,0.06576549261808395,-0.17560847609517508,-0.08688337103809778,-0.02654969997192103,445,8.048225402832031,-4.591409181703528,0.6349729168069355
-2.839748114347458,4.949705123901367,2.020145893096924,0.015001414771361715,0.003376620385665515,244.8824920654297,263.8024597167969,-2737.50341796875,-2450.1026611328125,2284.6478351595874,2309.5929595711395,11.12500000000009,16.653975380791557,0.24985194206237793,0.06507530063390732,-0.1739721134081327,-0.086259633743666,-0.026566569432951003,446,7.797801494598389,-4.626062625894225,1.0466486799039627
-2.840404671430588,4.917308807373047,2.014952778816223,0.015064786562035292,0.0017293279450693191,245.0783462524414,263.971923828125,-2739.41015625,-2449.3832397460938,2216.2102497103688,2248.3403930428194,11.150000000000091,16.6545836130778,0.250916729370753,0.06394345313310623,-0.17235857068268096,-0.08549702508195421,-0.02658071955683665,447,7.5497050285339355,-4.558112039555596,1.4542292161523507
-2.841135996580124,4.874528884887695,2.00756299495697,0.0150873402075169,0.0001116952582701269,244.95114135742188,263.741455078125,-2741.987060546875,-2448.174072265625,2147.724995804119,2187.105812049167,11.175000000000091,16.65522681342231,0.25130213962660897,0.0623786523938179,-0.17077880016880276,-0.08459734268669819,-0.026592624719147143,448,7.303894996643066,-4.392576430564769,1.8329082032144515
-2.8419552326202395,4.821467161178589,1.998093068599701,0.015069937073971612,-0.0014663480695051002,244.50648498535156,263.1164245605469,-2745.233642578125,-2446.4996948242188,2079.175319290447,2125.9014602425264,11.200000000000092,16.655902862548828,0.2510224117173089,0.06039101257920265,-0.1692435377346425,-0.08356235090212012,-0.026602698958208208,449,7.06031608581543,-4.1401899820461505,2.160261932589113
-2.8428752303123477,4.758131980895996,1.9866712093353271,0.015013697561592404,-0.002995228929910672,243.75875854492188,262.1094436645508,-2749.14501953125,-2444.385986328125,2010.5444782259942,2064.7389678719205,11.225000000000092,16.65660752190484,0.25009607275327045,0.057993024587631226,-0.16776315306369471,-0.08239191240897632,-0.026611318861642738,450,6.818896293640137,-3.816516300495929,2.417463923079481
-2.84391964673996,4.684719800949097,1.9734650254249573,0.014919962613600022,-0.004466283954590459,242.72314453125,260.7359161376953,-2753.7308349609375,-2441.8650512695312,1941.8158527377134,2003.6293182137172,11.250000000000092,16.65734079149034,0.2485453420215183,0.05519525334239006,-0.16634781610237212,-0.08108892755614143,-0.0266188256469654,451,6.579550266265869,-3.4408410407806316,2.5902124155639625
-2.8450966596603395,4.601364612579346,1.9585647583007812,0.014790293716242985,-0.005870218217198868,241.4169692993164,259.0132522583008,-2758.9742431640625,-2438.9661254882812,1872.9725818636903,1942.5826919319786,11.275000000000093,16.658097373114693,0.24639613098568386,0.05201561003923416,-0.1650072973229239,-0.07965498175670188,-0.02662553764515024,452,6.342177867889404,-3.0349265398819565,2.6693438401350704
-2.8464261293411255,4.508268356323242,1.9422158598899841,0.014626479140581388,-0.007198911417080083,239.85430145263672,256.9565734863281,-2764.87158203125,-2435.7265625,1803.9982257845893,1881.6085387947712,11.300000000000093,16.658878326416016,0.24367810951338875,0.04847092181444168,-0.16375093443392222,-0.07809258420774726,-0.02663175030063069,453,6.106664180755615,-2.621709133227811,2.651126300001683
-2.847909224033356,4.405660390853882,1.924498200416565,0.014430504814162482,-0.00844363598002894,238.05270385742188,254.58282470703125,-2771.3897705078125,-2432.1806640625,1734.8764362338086,1820.715374732271,11.325000000000093,16.659679412841797,0.2404242753982544,0.04458845779299736,-0.1625875491564779,-0.07640446464939488,-0.026637748654867174,454,5.872883319854736,-2.2240136994941353,2.537246889336347
-2.849554121494293,4.293682098388672,1.9055873155593872,0.014204570965777487,-0.00959673323731686,236.0232391357422,251.90341186523438,-2778.503662109375,-2428.3652954101562,1665.591691971114,1759.910858130708,11.350000000000094,16.660499572753906,0.23667115304205152,0.04039447382092476,-0.16152524748715893,-0.07459153022089104,-0.026643792782184893,455,5.640696048736572,-1.8633492825013613,2.334519689688107
-2.851201939582825,4.172708511352539,1.8857566118240356,0.013951106689623797,-0.010641201090008018,233.775146484375,248.92784881591797,-2786.1368408203125,-2424.06396484375,1596.1291004183802,1699.2017257454538,11.375000000000094,16.661336686876083,0.2324591742621528,0.035824988037347794,-0.1605716360798288,-0.07265849554960305,-0.026650109467395426,456,5.409951686859131,-1.5588378515995602,2.0543518982055415
-2.8524829268455507,4.042940855026245,1.8652006387710571,0.013673344189415036,-0.011541226783373305,231.3157196044922,245.66434478759766,-2794.1947021484375,-2418.6924438476562,1526.4756793978731,1638.6001266243597,11.400000000000095,16.662190755208332,0.22784208257993063,0.030669519677758217,-0.15973978106858575,-0.07060644670591293,-0.02665680274022885,457,5.180486679077148,-1.3263161893413264,1.7120130916927434
-2.85352880358696,3.9048207998275757,1.8442751169204712,0.013375024374244926,-0.012291386207286285,228.64534759521484,242.1270751953125,-2802.50390625,-2412.6633911132812,1456.620811844163,1578.1328155281678,11.425000000000095,16.663059658474392,0.22288209862179226,0.025166301056742668,-0.15904194963920093,-0.06844005878589053,-0.026663685347171024,458,4.9521164894104,-1.1776400903382642,1.3257552213440178
-2.854709613323212,3.758659243583679,1.8231669068336487,0.013059630159476584,-0.01291211080073491,225.84046936035156,238.31429290771484,-2811.1446533203125,-2406.5673828125,1386.5582141879138,1517.8162307503353,11.450000000000095,16.663940217759873,0.21763727068901062,0.01952217146754265,-0.15848265252077065,-0.06616175984343597,-0.026670461843788514,459,4.724645614624023,-1.1202049602066886,0.915834699062154
-2.855949127674103,3.6047784090042114,1.8020660877227783,0.012730442642796774,-0.013394465450202503,222.8207015991211,234.2175521850586,-2819.9324951171875,-2400.4541625976562,1316.2795978549068,1457.6520461800221,11.475000000000096,16.664833492702908,0.21216217014524671,0.01385207287967205,-0.15806523530941435,-0.06377441277672108,-0.026676980346675403,460,4.497872829437256,-1.156684490150097,0.5034840441557664
-2.8570391058921816,3.4436328411102295,1.7811390161514282,0.012391085179704225,-0.013726919500406864,219.58794403076172,229.87389373779297,-2828.4324951171875,-2394.3746337890625,1245.781285476978,1397.6406921150801,11.500000000000096,16.665736304389107,0.20651713013648987,0.008330650627613068,-0.15778791701615305,-0.06128224743457095,-0.02668322837226408,461,4.271595478057861,-1.2849845207148942,0.10987331368805642
-2.857797008752823,3.2757195234298706,1.760637879371643,0.01204538294337402,-0.013904714631494076,216.17657470703125,225.30847930908203,-2836.2421875,-2388.3915405273438,1175.070473099049,1337.781326270353,11.525000000000096,16.66664653354221,0.2007658448484209,0.0031397868879139423,-0.15764490526561578,-0.0586895227941351,-0.026689149744500304,462,4.04561710357666,-1.4984038093825536,-0.24490183775611662
-2.8580289065837863,3.1014187335968018,1.7406731843948364,0.01169714862341364,-0.013928886979575748,212.73990631103516,220.46379852294922,-2842.944580078125,-2382.5590209960938,1104.1644184115498,1278.071537757169,11.550000000000097,16.667565239800346,0.19497187601195443,-0.0015119636664167047,-0.15762554741344229,-0.05599775977006733,-0.026694550968086123,463,3.819751739501953,-1.7859908177543844,-0.5427716814536048
-2.856598967313767,2.921403169631958,1.7215534448623657,0.011350823249000249,-0.013741884177079049,209.06448364257812,215.3436737060547,-2847.6097412109375,-2375.7357788085938,1033.0908039095973,1218.507562232266,11.575000000000097,16.66849136352539,0.1892092161708408,-0.005796100478619337,-0.1577181921298634,-0.05321279234963059,-0.026698978473398378,464,3.5938315391540527,-2.133082592794585,-0.7685516246226598
-2.8532271027565006,2.736333727836609,1.7034420371055603,0.011011936000287666,-0.013340679999155912,205.22122192382812,209.98963165283203,-2849.1453857421875,-2368.4945068359375,961.9005603793244,1159.1141677620506,11.600000000000097,16.66942384507921,0.18357003728548685,-0.009045894257724285,-0.15790777590996344,-0.050338348958350994,-0.026701300416973793,465,3.3677046298980713,-2.522008842742143,-0.9106767650658638
-2.847624170780182,2.5469030141830444,1.686515986919403,0.010685544802752439,-0.012747503518530094,201.19927215576172,204.41210174560547,-2846.1396484375,-2361.7169189453125,890.6719257357698,1099.9018050911513,11.625000000000098,16.670361624823677,0.17813867992824978,-0.010358067229390144,-0.15815538331231355,-0.04737755464932018,-0.02669969627853594,466,3.1412570476531982,-2.932938548478779,-0.9617837942367435
-2.8384776413440704,2.35409414768219,1.670726716518402,0.010376664929681784,-0.011944148492140082,196.98890686035156,198.62106323242188,-2836.1741943359375,-2355.4144287109375,819.5184345248321,1040.8588821175179,11.650000000000098,16.67130682203505,0.1729987727271186,-0.008808968588709831,-0.1584016424893618,-0.044336882152343805,-0.026691790019049765,467,2.9144465923309326,-3.344844191305633,-0.9191182579676893
-2.8243920385837558,2.158841133117676,1.6559325456619263,0.01009061021968825,-0.010927425368461585,192.57029724121094,192.62824249267578,-2816.730224609375,-2349.549560546875,748.6140796664326,981.9735213997438,11.675000000000098,16.672258377075195,0.1682389775911967,-0.003469842718914151,-0.15856384564450443,-0.04121888643759266,-0.026674385845207177,468,2.687330961227417,-3.7365604334892284,-0.7847385059799414
-2.8031730949878693,1.9623728394508362,1.6419457793235779,0.009832865120141717,-0.009680083937652535,187.91786193847656,186.44766235351562,-2783.847900390625,-2344.0628662109375,678.1958240511964,923.2347823860714,11.700000000000099,16.67321734958225,0.1639507876502143,0.007129906676709652,-0.15853028981476944,-0.03802859006043507,-0.026643079138236537,469,2.4601075649261475,-4.087905480008492,-0.565482160135802
-2.772847926616669,1.7660478353500366,1.6283122301101685,0.009608974415655518,-0.008232991901222632,182.99996948242188,180.09376525878906,-2734.0357666015625,-2338.8319702148438,608.5996265414276,864.6332107307974,11.7250000000001,16.674185858832466,0.16022675567203098,0.02425413578748703,-0.15815293653306203,-0.034769093106827444,-0.0265917987230903,470,2.2331578731536865,-4.380817780909557,-0.27266121005114125
-2.729587882757187,1.5714158415794373,1.6143353581428528,0.009424353893977677,-0.006540064608894544,177.76417541503906,173.58447265625,-2660.51220703125,-2333.6256713867188,540.2487323763837,806.1624114754258,11.7500000000001,16.675164964463974,0.1571573151482476,0.05039999261498451,-0.15723982181905793,-0.03144359137007789,-0.026512357460011075,471,2.0071074962615967,-4.600442690454362,0.07854288890656458
-2.6715135395526888,1.3801392912864685,1.5990976095199585,0.009283500760339607,-0.0047331108495730825,172.31470489501953,166.94733428955078,-2560.1565551757812,-2328.1212158203125,473.73592720059514,747.8217696907573,11.7750000000001,16.67615572611491,0.15481755137443542,0.08660867065191269,-0.15555275920276318,-0.028052519694458142,-0.026394063173341118,472,1.7828891277313232,-4.736081787244569,0.46999865335515995
-2.5953593432903292,1.1942355036735535,1.581216812133789,0.00918873695831672,-0.002893384344309808,166.33709716796875,160.19654846191406,-2427.9003295898438,-2321.411865234375,409.7320133211906,689.6187392952489,11.8000000000001,16.677154964870876,0.15324630671077305,0.13437505066394806,-0.15281328190269636,-0.024602540143882603,-0.02622358549346782,473,1.5618077516555786,-4.781895812534645,0.8818455726561336
-2.497787016630173,1.0158869922161102,1.559086561203003,0.00913996157907084,-0.001121825270239692,159.86214447021484,153.3607406616211,-2259.8173217773438,-2311.306640625,349.03450508143135,631.5834426643889,11.8250000000001,16.67816056145562,0.1524419751432207,0.1941908448934555,-0.1487259454854268,-0.021104390667090255,-0.02598505780595919,474,1.3455852270126343,-4.737239499670776,1.293956667850683
-2.3803404033184052,0.8482830226421356,1.5306336879730225,0.009130796559850685,0.00020851176192325925,153.0145492553711,146.4794578552246,-2058.16162109375,-2298.3699340820312,292.539072036981,573.800776648763,11.850000000000101,16.679164038764107,0.15229827827877468,0.2651081383228302,-0.14299808519191162,-0.017592668951562862,-0.025660859555134075,475,1.1363649368286133,-4.606516206406355,1.6875186531942106
-2.2452973008155825,0.6952269822359085,1.4933092594146729,0.00914535343998095,0.0007072658205873099,145.9492950439453,139.65492630004883,-1828.3177490234375,-2281.3782958984375,241.08503150961718,516.3415282967109,11.875000000000101,16.68015374077691,0.15255015757348803,0.34402793645858765,-0.1353886017197146,-0.014131907239613054,-0.025234011008448617,476,0.9366811513900757,-4.398497049823046,2.046540898962975
-2.098431789875031,0.5583782643079758,1.444408655166626,0.009156786307316875,-7.977437765319482e-05,138.27769470214844,132.84560775756836,-1582.2489624023438,-2258.9364013671875,195.37708778400798,459.3070708992482,11.900000000000102,16.68111589219835,0.15274968412187365,0.4252108037471771,-0.12576704178731385,-0.010772868138405592,-0.02469107984715473,477,0.74933922290802,-4.125142504143726,2.3590672913882664
-1.9415813833475115,0.43420644849538803,1.381428301334381,0.00913008707709153,-0.002299238566673959,130.92998886108398,126.15878677368164,-1328.5159912109375,-2225.8428955078125,155.82086372392448,402.83366086506624,11.925000000000102,16.68203459845649,0.15231266617774963,0.503567099571228,-0.11412886137609944,-0.007499963833185102,-0.024024754861822303,478,0.5772382616996765,-3.8000821750203833,2.6178857662297403
-1.7744195550680162,0.32008983939886093,1.3028897047042847,0.009032223189112225,-0.005767161685242558,122.88986206054688,119.44086837768555,-1070.178237915039,-2178.4432373046875,122.60796394362535,347.18758847736757,11.950000000000102,16.68289926317003,0.1506877773337894,0.5763648152351379,-0.1006107389066413,-0.004317660937940495,-0.023233394463310655,479,0.4231789708137512,-3.437015150472355,2.8206311278749485
-1.5989285349845888,0.21286173211410642,1.20749032497406,0.008828995909912056,-0.010483831156124954,115.01313400268555,112.95976638793945,-811.9059219360352,-2115.6950073242188,95.85350799572322,292.7265075447456,11.975000000000103,16.68368975321452,0.14730405476358202,0.6417860388755798,-0.0853602218257082,-0.0012178517331114388,-0.022319328917573607,480,0.2897520959377289,-3.0483210790693893,2.9693355159869217
-1.411165913939476,0.10907436162233353,1.0955775380134583,0.00849860997074171,-0.015941968366972044,107.34280395507812,106.5405387878418,-555.0737495422363,-2029.0046997070312,75.55585994729618,239.83413236163375,12.000000000000103,16.684399710761177,0.1417976286676195,0.6959692239761353,-0.068630726555778,0.0018160879597340814,-0.021286644512408748,481,0.17927412688732147,-2.644097836857611,3.069617373893274
-1.20696337223053,0.007440745830535889,0.9681680500507355,0.008027268428649165,-0.021633554533905197,99.94852066040039,100.08621597290039,-298.8211212158203,-1911.5986938476562,61.67901620871381,189.10901486894903,12.025000000000103,16.685015360514324,0.13393796980381012,0.736355721950531,-0.050690641478081847,0.004769595311265611,-0.020137490502039557,482,0.09367632865905762,-2.231709669854398,3.129725710797216
-0.9824234783649445,-0.09484107419848442,0.8276438415050507,0.007416155141962744,-0.026972370684646425,92.43619537353516,93.8728256225586,-38.66943359375,-1760.8165283203125,54.2084881782919,141.31904752274554,12.050000000000104,16.68551868862576,0.12374466492070092,0.7637047171592712,-0.031892026085755205,0.007675008288171804,-0.01886987367683768,483,0.034432753920555115,-1.8158259058882462,3.15962749738832
-0.7345664620399476,-0.19963477551937103,0.6774936318397522,0.006682172861226045,-0.03139472028348034,85.11879348754883,87.91733932495117,225.07557678222656,-1570.88720703125,53.24175233842135,97.2986343147222,12.075000000000104,16.685890621609158,0.11149966882334815,0.7750733494758606,-0.01261512360640714,0.010552942787155762,-0.01747616033520975,484,0.002509624231606722,-1.3988643234460618,3.1702707566655617
-0.4619185745716095,-0.30817966535687447,0.5218416899442673,0.005855235855472571,-0.03440200964007365,78.5474853515625,82.51115417480469,492.9178218841553,-1339.6162109375,58.86864175794984,58.026454138921366,12.100000000000104,16.68611208597819,0.09770223663912879,0.7694620490074158,0.0067269285317015865,0.013428391625776592,-0.015943187595408595,485,-0.001701260800473392,-0.9817166683249785,3.1730543725369595
-0.16653601080179214,-0.42247815430164337,0.36508961021900177,0.004975547454189513,-0.03568873880728605,72.55500602722168,77.42969131469727,764.0364532470703,-1069.9359130859375,71.19158730502613,24.53604886546004,12.125000000000105,16.68616188897027,0.08302347527609931,0.7470852732658386,0.025713094963202458,0.016337428023200096,-0.014254283652891398,486,0.02159162051975727,-0.5646324908827862,3.179461523614782
0.14732835739851,-0.5428373664617538,0.21157904714345932,0.004088303113536329,-0.03513110616453708,67.03277206420898,72.81265449523926,1038.8853149414062,-770.0722351074219,90.29249863617447,-2.212348961716664,12.150000000000105,16.686018837822807,0.06821788019604152,0.7115509510040283,0.04396980492737382,0.01929940463011328,-0.01239280895233167,487,0.07159662991762161,-0.14814661297661819,3.2007733090771984
0.4706771351397038,-0.6699064821004868,0.06462996453046799,0.0032354382580060633,-0.03299735861262498,62.037851333618164,69.27536010742188,1314.1588134765625,-453.1838607788086,116.26463150968083,-21.46415483943364,12.175000000000106,16.685656441582573,0.05398559901449415,0.668366014957428,0.061222573900801755,0.02233833618955675,-0.010346349626038816,488,0.1470554620027542,0.26605394949520095,3.2477729477917343
0.79103891402483,-0.8034999668598175,-0.0738100428134203,0.0024482023782178113,-0.0298962240365254,58.22203350067139,65.79565620422363,1580.4595947265625,-132.71783065795898,149.11860184656604,-32.793751358937065,12.200000000000106,16.685060924953884,0.04084849109252294,0.6210453510284424,0.0773269545226739,0.0254557004438463,-0.008111487777231018,489,0.2464175522327423,0.6744131715174178,3.3303718083503275
1.0967040583491325,-0.9431546628475189,-0.20338867977261543,0.0017433620758059262,-0.026463586241954398,55.08906650543213,63.38020706176758,1829.2188720703125,178.46242332458496,188.6300917147022,-36.111697125419624,12.225000000000106,16.684220631917317,0.029086667216486402,0.572638213634491,0.09223414852720375,0.02864180546317892,-0.005697786338845994,490,0.3679952621459961,1.0710111484252094,3.4571072839174213
1.3798272877931597,-1.0888372957706451,-0.32490678131580353,0.001123143066845496,-0.023182372041895022,53.20582962036133,61.59845542907715,2054.5385131835938,471.8665542602539,234.36056351643393,-31.650136542337613,12.250000000000107,16.683135562472874,0.018737556205855474,0.5244846343994141,0.1059436274433625,0.031882253532911374,-0.0031295978904727793,491,0.5100691318511963,1.4473506319495064,3.634493547291109
1.63295895755291,-1.2385725378990173,-0.4395187944173813,0.0005780660973129384,-0.020519495993276207,52.215896129608154,60.835082054138184,2250.39208984375,739.8686676025391,285.72402634599973,-19.853472685862535,12.275000000000107,16.681813134087456,0.009643191264735328,0.4775891900062561,0.11847106230968958,0.035119274863334944,-0.00044571918211999424,492,0.6709330081939697,1.792479429803226,3.866251127915385
1.8543260276317597,-1.3911821246147156,-0.5483725965023041,9.178917754640808e-05,-0.01858076881515816,52.487672328948975,60.31337261199951,2414.3219604492188,981.6417236328125,341.9838285920726,-1.3567559958276227,12.300000000000107,16.680268181694878,0.0015310681838956145,0.4313117563724518,0.12982362701637137,0.038305119808342364,0.0023027500902128508,493,0.8489037156105042,2.0934941622015053,4.152493808341715
2.045721909403801,-1.5469496846199036,-0.6526124477386475,-0.00035443192363926007,-0.017285821299269345,53.990140438079834,61.24665927886963,2547.7118530273438,1199.0595397949219,402.3418776032856,23.184287094966923,12.325000000000108,16.67852931552463,-0.00591140343911118,0.3849628269672394,0.14002040477709402,0.041420240141354064,0.005056525236382035,494,1.0423204898834229,2.3364440724589315,4.489002569766228
2.2084208726882935,-1.7064439058303833,-0.7528418898582458,-0.0007773808183647515,-0.016601979787985843,56.539867877960205,62.969428062438965,2654.240234375,1390.755859375,466.03467392895493,53.1607755898168,12.350000000000108,16.676628324720596,-0.012964093022876315,0.34102892875671387,0.1491039312678931,0.04446144527054846,0.007753566728954125,495,1.2495534420013428,2.5076015218428815,4.866747911492589
2.3441462337970735,-1.869757056236267,-0.8493966162204742,-0.0011899271627028995,-0.01647183443446503,60.354267597198486,66.03269004821777,2737.5140380859375,1556.2465209960938,532.3906797883186,87.92967207417136,12.375000000000108,16.674600177341038,-0.019841566681861877,0.30064886808395386,0.15712197694082192,0.047427518048083595,0.010334523526323183,496,1.4690380096435547,2.594994931690862,5.271819773933388
2.458396512269974,-2.036733031272888,-0.942229151725769,-0.0016024172659682223,-0.016616396227980498,65.29520225524902,70.38067245483398,2800.5130615234375,1702.6034545898438,600.8285307404581,126.83583509905577,12.400000000000109,16.672485139634873,-0.026716300182872348,0.26146700978279114,0.1641304182445017,0.05031996898564025,0.012747072835447558,497,1.6992976665496826,2.5900392077925365,5.685879442491172
2.552019566297531,-2.2065688371658325,-1.0314346551895142,-0.0020243856479784075,-0.017076872384914708,71.37103939056396,75.73451042175293,2845.9085693359375,1828.68701171875,670.8413572785372,169.400921463786,12.425000000000109,16.67032029893663,-0.03374720406201151,0.22501949965953827,0.17021462613662627,0.0531347991803941,0.014949468565942958,498,1.9389394521713257,2.4890649819923216,6.087178849180036
2.624834316968918,-2.3784563541412354,-1.116438388824463,-0.0024613067432418174,-0.017906208836392507,78.4988899230957,82.39995956420898,2875.87646484375,1931.9764404296875,741.9890715119307,215.1180967567411,12.45000000000011,16.668149100409615,-0.041025512748294406,0.19276230037212372,0.17542734785153608,0.055871833862398614,0.01691260840081916,499,2.1866700649261475,2.2945259438620407,6.4521151057916395
2.683762359619141,-2.551260828971863,-1.19717675447464,-0.0029196885216351697,-0.018781130075294594,86.57841873168945,90.15884399414062,2893.32861328125,2022.2276611328125,813.8859831330211,263.4175077674721,12.47500000000011,16.666008631388348,-0.048659692207972206,0.16165725886821747,0.17985184046280964,0.05852636672666491,0.01862079113291501,500,2.4413092136383057,2.0156797045665216,6.757199496661035
2.72602208852768,-2.7238335609436035,-1.2733582854270935,-0.0034037159691624693,-0.01993737267147152,95.51654815673828,98.88849067687988,2900.1181640625,2092.4883422851562,886.2191984650505,313.97319929578265,12.50000000000011,16.663935979207356,-0.05671952333715227,0.13521818816661835,0.18356110787382882,0.0610954474900479,0.020072315876143675,501,2.7017619609832764,1.6686017078879258,6.9812489294323825
2.7584945023059846,-2.8948227167129517,-1.344663679599762,-0.003915730274899195,-0.021022425642759263,105.11874961853027,108.52203369140625,2898.2406005859375,2153.3707275390625,958.7221525666122,366.2854078529038,12.52500000000011,16.661962933010525,-0.06524408443106545,0.1096511259675026,0.18661482153776818,0.06357154023890049,0.021277498218540008,502,2.9670560359954834,1.2754608986785723,7.107551796593504
2.778712546825409,-3.063252091407776,-1.4111916422843933,-0.004457466914817426,-0.02226259110278731,115.19520950317383,118.82807540893555,2889.7650146484375,2198.2985229492188,1031.1781675812608,420.1196760413737,12.55000000000011,16.660118103027344,-0.07426242033640544,0.0884176567196846,0.1890898136520765,0.06595239793105293,0.022257643448824648,503,3.2362911701202393,0.863086106073282,7.12575468597918
2.794130539894104,-3.2279744148254395,-1.4728175401687622,-0.005027375065715977,-0.023263835642927024,125.57804107666016,129.59695053100586,2876.91748046875,2238.7102661132812,1103.4222929474727,475.0771391150992,12.575000000000111,16.65842162238227,-0.08374883896774715,0.06749901920557022,0.19103660105368125,0.06823079258085915,0.02304088952838996,504,3.508685350418091,0.46094734251123065,7.033229735491678
2.8020147740840913,-3.3880507946014404,-1.5297776460647583,-0.005621848797075906,-0.02424319648904685,136.04114532470703,140.68312454223633,2861.924072265625,2267.397705078125,1175.345229959193,531.0448957679268,12.600000000000112,16.656890445285374,-0.09364350802368587,0.050675004720687866,0.192509778544929,0.07040130007819276,0.023660128577293025,505,3.783508062362671,0.09874711684177334,6.835747461698796
2.808245348930359,-3.542889356613159,-1.582488775253296,-0.006237311566777023,-0.024919916125008993,146.35503387451172,151.92566299438477,2846.3609619140625,2293.577392578125,1246.8933317658352,587.7298383948769,12.625000000000112,16.6555298699273,-0.10388707949055566,0.03463292866945267,0.1935746435067972,0.07246063932536696,0.0241479635129413,506,4.0601396560668945,-0.1961212669140424,6.547354684540089
2.813359367847443,-3.6917500495910645,-1.630964994430542,-0.006865068049830488,-0.025273939699448394,156.53186798095703,163.04433822631836,2831.850830078125,2316.6213989257812,1318.0523558136886,645.0692732093271,12.650000000000112,16.6543451944987,-0.11433501210477617,0.020201867446303368,0.19425140267405677,0.07440256645798231,0.024534866723870168,507,4.338008403778076,-0.4009825724998699,6.18944976783527
2.816439461708069,-3.83423113822937,-1.6759725213050842,-0.007499606751136598,-0.025434453411774513,166.32121658325195,173.83191299438477,2818.9478759765625,2334.323486328125,1388.8486265656434,702.984808182469,12.675000000000113,16.65333324008518,-0.12489578790134853,0.008538705296814442,0.1946090319189408,0.0762241519988397,0.024846845642599945,508,4.616604804992676,-0.4999057646994357,5.789149620681113
2.8201264619827273,-3.969974160194397,-1.7178215384483337,-0.008134066389847847,-0.02527840673605808,175.62236785888672,184.2225570678711,2807.71875,2351.46826171875,1459.3223234650588,761.3428953406701,12.700000000000113,16.652487648857964,-0.1354554295539856,-0.002337461104616523,0.19468491536525123,0.07792260795117295,0.0251037241744949,509,4.895505428314209,-0.48512914578279553,5.377102207335483
2.823945474624634,-4.098673582077026,-1.7565590143203735,-0.008761037448439198,-0.02485400496862413,184.31404876708984,194.08403778076172,2797.6407470703125,2367.7259521484375,1529.51529221506,820.129601883637,12.725000000000113,16.65179994371202,-0.14589076240857443,-0.01246696338057518,0.19449724573218471,0.07949624903335475,0.025320297427767185,510,5.17432165145874,-0.35775541268670397,4.984973053750661
2.8263847827911377,-4.2199506759643555,-1.7925668954849243,-0.009375282030001065,-0.024281604265392838,192.4210968017578,203.3035888671875,2788.7708740234375,2380.2761840820312,1599.456310891819,879.3227506873461,12.750000000000114,16.65125846862793,-0.15611481335428026,-0.02062433958053589,0.19407936246763766,0.08094157568526518,0.025506822733802816,511,5.452695846557617,-0.1276676677162871,4.6428495694842
2.8285904407501223,-4.333499431610107,-1.8260671496391296,-0.009973104478372309,-0.023533697085136116,199.8668441772461,211.82903289794922,2780.8182373046875,2391.5203247070312,1669.1755827424058,938.8296552893954,12.775000000000114,16.650853686862522,-0.16606620616383022,-0.027927877381443977,0.19347071364525686,0.08225657805251906,0.025669464894406396,512,5.730329990386963,0.18732495566843357,4.376808336319424
2.83074586391449,-4.439011573791504,-1.8569834232330322,-0.01054999510475391,-0.022614034739920696,206.64076232910156,219.60691833496094,2773.551025390625,2402.03125,1738.6960386750238,998.6176634070699,12.800000000000114,16.650572882758247,-0.1756699714395735,-0.03469026833772659,0.1926862462566604,0.08344021167662637,0.025811968979860853,513,6.006963729858398,0.5630078914763839,4.206870745229546
2.8327514588832856,-4.536057472229004,-1.88535875082016,-0.011101930039186329,-0.02154255556781395,212.75375366210938,226.65084838867188,2766.8941650390625,2411.7064819335938,1808.0348143097904,1058.6684446570687,12.825000000000115,16.65040440029568,-0.18485921952459547,-0.040893156081438065,0.19173977545000304,0.08448942640590114,0.02593689620212079,514,6.282354354858398,0.9707795363792522,4.145512119813248
2.8341063380241396,-4.624371767044067,-1.9110129475593567,-0.011625656272009923,-0.020366896862814666,218.21450805664062,232.95537567138672,2760.808349609375,2419.6710815429688,1877.2071684357677,1118.9611067054075,12.850000000000115,16.650337643093533,-0.19357980953322518,-0.046178434044122696,0.19064909447031791,0.08540386853926107,0.026046154466435892,515,6.556282997131348,1.3799761994152906,4.196834063250253
2.83479180932045,-4.703558921813965,-1.9341132044792175,-0.012118923640163037,-0.019112406508954433,223.04937744140625,238.5463409423828,2755.339599609375,2425.8475341796875,1946.2273771760028,1179.4528837439807,12.875000000000115,16.650360955132378,-0.20179432299402025,-0.05049852654337883,0.18943815512265888,0.08618048792502021,0.026141141932378452,516,6.828559398651123,1.7602901285483221,4.356447860065148
2.835272252559662,-4.773440361022949,-1.9545653462409973,-0.012579808633936469,-0.017772580567508578,227.2907485961914,243.45947265625,2750.49267578125,2431.0811767578125,2015.1108671662378,1240.099072098472,12.900000000000116,16.650464799669052,-0.2094707058535682,-0.05420215427875519,0.18812797973488077,0.08681975061636932,0.0262229197031953,517,7.099028587341309,2.0840650048952574,4.612044211593628
2.835735756158829,-4.8336710929870605,-1.9724289774894714,-0.013006106863349796,-0.016348862971130623,230.9759063720703,247.7318878173828,2746.329833984375,2435.6544189453125,2083.8731840607697,1300.8761015174168,12.925000000000116,16.650641759236652,-0.216572235027949,-0.057386476546525955,0.1867317842438931,0.08731923896238128,0.026292590494025294,518,7.367558479309082,2.328283005860055,4.944558681634124
2.8361814439296724,-4.8840718269348145,-1.9876359105110168,-0.013395886496315413,-0.014853992160269017,234.1435089111328,251.40807342529297,2742.833984375,2439.5810546875,2152.5314299103798,1361.767461991049,12.950000000000117,16.650882297092014,-0.22306667433844674,-0.060065094381570816,0.1852623851124419,0.08767899457494815,0.02635144011233224,519,7.634035587310791,2.476103107976083,5.32979848768526
2.836626547574997,-4.924454927444458,-2.000086009502411,-0.013747514266071044,-0.013299407244043488,236.8336410522461,254.53245544433594,2740.0296630859375,2442.8675537109375,2221.102279519755,1422.756988358236,12.975000000000117,16.651182174682617,-0.2289267877737681,-0.06223420798778534,0.18373241571094817,0.08789852227255475,0.026400843831147814,520,7.8983635902404785,2.5178589052073965,5.740373786798877
2.8370926797389986,-4.954626560211182,-2.0098742842674255,-0.014059637786125631,-0.011696400649654356,239.0850067138672,257.14610290527344,2737.9287109375,2445.539306640625,2289.603021096904,1483.828677201009,13.000000000000117,16.651535034179688,-0.23412997523943582,-0.06390110403299332,0.18215455934410346,0.08797678591908946,0.02644216235934147,521,8.160466194152832,2.4514743470682645,6.147763244089535
2.8375728309154513,-4.9745192527771,-2.0170305967330933,-0.014331209477097259,-0.01005767960863104,240.93348693847656,259.29017639160156,2736.5057373046875,2447.6068725585938,2358.0512388703414,1544.9671598670243,13.025000000000118,16.65193663703071,-0.23865871959262425,-0.06508126854896545,0.18054118306621986,0.08791453036741965,0.02647666694021481,522,8.420282363891602,2.2823082131473726,6.524346806561467
2.838071382045746,-4.983999729156494,-2.021542966365814,-0.014561484486118543,-0.008394932381296816,242.4117660522461,261.00111389160156,2735.758056640625,2449.080078125,2426.4638823029586,1606.1573316809888,13.050000000000118,16.65238380432129,-0.2425005700853136,-0.06577858328819275,0.17890438761550034,0.08771101076467795,0.026505481094852706,523,8.67777156829834,2.022481742280729,6.845256606691391
2.8385938823223116,-4.983046770095825,-2.023530423641205,-0.014750014445052837,-0.006719809777272129,243.54864501953125,262.3096618652344,2735.678466796875,2449.97265625,2494.8578337189742,1667.3843336341135,13.075000000000118,16.652874416775173,-0.24564794368214077,-0.06600292026996613,0.17725615721685029,0.08736711760535386,0.026529559816177307,524,8.932907104492188,1.6897792408927508,7.089926470604256
2.839149677753449,-4.9716267585754395,-2.0230363607406616,-0.014896628745142804,-0.005043296295756256,244.36865997314453,263.2412643432617,2736.26123046875,2450.3074340820312,2563.249795388896,1728.6336500403634,13.100000000000119,16.653405295477974,-0.2480979429350959,-0.06576541066169739,0.17560812655528202,0.08688327533074611,0.026549704133110235,525,9.185683250427246,1.3062344504371872,7.24325432841677
2.8397484064102176,-4.949700593948364,-2.0201451182365417,-0.015001432456415829,-0.0033762755271102957,244.8824920654297,263.80245208740234,2737.503662109375,2450.1024780273438,2631.656326150615,1789.8913358924142,13.125000000000119,16.653975380791557,-0.2498522400856018,-0.06507512927055359,0.17397176386823962,0.0862595089079899,0.026566573594140205,526,9.43610668182373,0.8965264030072522,7.296330887907625
2.8404049634933473,-4.917302131652832,-2.014951527118683,-0.015064795924711,-0.0017289881579634415,245.07827758789062,263.9718322753906,2739.41064453125,2449.3829956054688,2700.0939177033492,1851.1438978430979,13.15000000000012,16.6545836130778,-0.25091689493921066,-0.06394319981336594,0.1723582377875447,0.08549687527914289,0.02658072371802585,527,9.684203147888184,0.48630909363850716,7.246723078958809
2.841135996580124,-4.874520301818848,-2.007561147212982,-0.0150873402075169,-0.00011136233062457635,244.95101165771484,263.7412872314453,2741.9876708984375,2448.173828125,2768.57918381663,1912.3784727332347,13.17500000000012,16.65522681342231,-0.25130215618345475,-0.06237830966711044,0.1707784672736665,0.08459716375556245,0.026592626799741746,528,9.930011749267578,0.10058876877827383,7.098332802679527
2.8419552326202395,-4.821456670761108,-1.9980908632278442,-0.015069929791890507,0.0014666719920771404,244.5063018798828,263.11619567871094,2745.2342529296875,2446.499267578125,2837.128875589091,1973.58281843636,13.20000000000012,16.655902862548828,-0.2510222958193885,-0.06039058789610863,0.16924322148426307,0.08356214700384917,0.02660270103880281,529,10.173590660095215,-0.23775218935255743,6.860878008243154
2.8428752303123477,-4.758119583129883,-1.986668586730957,-0.015013681957132893,0.0029955417993238914,243.75851440429688,262.10913848876953,2749.145751953125,2444.385498046875,2905.759731912333,2034.7453001258132,13.22500000000012,16.65660752190484,-0.25009580784373814,-0.057992517948150635,0.1677628534580721,0.08239168770475934,0.02661132094223734,530,10.415009498596191,-0.5092084866645161,6.549062334771828
2.843919938802719,-4.68470573425293,-1.9734620451927185,-0.014919939727059404,0.004466584600510394,242.72284698486328,260.7355422973633,2753.731689453125,2441.8645629882812,2974.4883757111606,2095.8549375769853,13.25000000000012,16.65734079149034,-0.24854496121406555,-0.0551946721971035,0.1663475331415063,0.08108867372360003,0.026618827727560003,531,10.6543550491333,-0.6986281352257256,6.181510775501784
2.845096951723099,-4.601348638534546,-1.9585614204406738,-0.01479026354762126,0.005870504298956592,241.41661834716797,259.01280212402344,2758.9752197265625,2438.9654541015625,3043.3316679474883,2156.9015516516924,13.275000000000121,16.658097373114693,-0.24639561772346497,-0.052014950662851334,0.16500701436205809,0.07965470711821447,0.02662553764515024,532,10.891727447509766,-0.7958808576631127,5.779552727846889
2.8464261293411255,-4.5082502365112305,-1.9422122240066528,-0.014626441689878558,0.007199182414526944,239.85389709472656,256.95606994628906,2764.8726806640625,2435.725830078125,3112.306048440652,2217.875688004232,13.300000000000122,16.658878326416016,-0.24367749691009521,-0.048470187932252884,0.16375066811781322,0.07809228044093543,0.026631752381225293,533,11.127240180969238,-0.7962101783730307,5.36593404535888
2.847909516096115,-4.405639886856079,-1.9244943261146545,-0.014430461121675849,0.008443890332718989,238.0522689819336,254.58226013183594,2771.3909912109375,2432.1798095703125,3181.4278654572527,2278.7688337561854,13.325000000000122,16.659679412841797,-0.24042354689704049,-0.044587641954422,0.1625872994851257,0.07640412759306942,0.026637750735461777,534,11.361021041870117,-0.7002780346907548,4.963532254042335
2.849554413557053,-4.293659210205078,-1.9055832028388977,-0.014204519991209747,0.009596968344506844,236.02275848388672,251.90277862548828,2778.5050048828125,2428.3643798828125,3250.712640237525,2339.5733289954437,13.350000000000122,16.660499572753906,-0.23667032519976297,-0.04039359465241432,0.16152501446056355,0.07459116403624115,0.026643792782184893,535,11.593208312988281,-0.5139269886518071,4.594140285458478
2.8512022316455843,-4.1726837158203125,-1.885752260684967,-0.013951051553866854,0.01064140810917088,233.77462768554688,248.9271697998047,2786.1383056640625,2424.0628662109375,3320.1752653595945,2400.2824384925143,13.375000000000123,16.661337746514214,-0.2324582470787896,-0.035823971033096313,0.16057145298750386,0.07265810439781793,0.026650111547990026,536,11.823951721191406,-0.24769545913068625,4.277372223519202
2.8524829268455507,-4.0429147481918335,-1.8651962280273438,-0.013673283852171588,0.011541402593617143,231.3151626586914,245.66360473632812,2794.1962890625,2418.6911010742188,3389.828723001195,2460.884010147788,13.400000000000123,16.662190755208332,-0.2278410726123386,-0.030668409541249275,0.15973961462101763,0.070606038909371,0.02665680274022885,537,12.053417205810547,0.08387253496521424,4.029733679938032
2.8535290956497192,-3.9047945737838745,-1.844270646572113,-0.013374959875812276,0.012291530808611098,228.6447296142578,242.1262969970703,2802.5054931640625,2412.6620483398438,3459.6836302277566,2521.351287674644,13.425000000000123,16.663059658474392,-0.22288103898366293,-0.02516520582139492,0.1590417998363896,0.06843965306994322,0.026663687427765627,538,12.281786918640137,0.46307513327984223,3.8638869938502967
2.854709613323212,-3.758633255958557,-1.8231623768806458,-0.013059562540152031,0.0129122262737353,225.83981323242188,238.3134536743164,2811.146240234375,2406.5660400390625,3529.746267556857,2581.667838883141,13.450000000000124,16.663941277398003,-0.2176361448234982,-0.019521066918969154,0.15848253600747297,0.06616136453046167,0.026670463924383117,539,12.509257316589355,0.8700078825120141,3.788128256987509
2.855949127674103,-3.6047523021698,-1.8020615577697754,-0.012730371902580319,0.01339455075458117,222.82000732421875,234.21666717529297,2819.9339599609375,2400.4528198242188,3600.0249235627157,2641.8319898841182,13.475000000000124,16.664833492702908,-0.212160994609197,-0.013851005584001541,0.1580651520856303,0.06377402162493598,0.026676982427270006,540,12.736030578613281,1.2835795547413227,3.8060807460932327
2.8570391058921816,-3.443605661392212,-1.7811346054077148,-0.012391013399190468,0.01372697671675841,219.5872039794922,229.87296295166016,2828.433837890625,2394.3731689453125,3670.523272561738,2701.8433103797242,13.500000000000124,16.665736304389107,-0.20651592148674858,-0.008329627104103565,0.1577878670818826,0.06128184171862363,0.026683230452858683,541,12.96230697631836,1.6825475503830112,3.9166016114955147
2.857797008752823,-3.2756898403167725,-1.7606335878372192,-0.012045309082265664,0.013904745840413102,216.17584991455078,225.30752563476562,2836.2435302734375,2388.3902587890625,3741.2341185090027,2761.702639603358,13.525000000000125,16.66664653354221,-0.20076461964183384,-0.0031388176139444113,0.15764487197610216,0.058689075466295745,0.026689151825094907,542,13.188285827636719,2.0465359260765044,4.113897464476399
2.858028614521027,-3.101385474205017,-1.7406688928604126,-0.011697075802602583,0.013928885939278449,212.73914337158203,220.46278381347656,2842.945556640625,2382.5577392578125,3812.140206765838,2821.4123960730853,13.550000000000125,16.667565239800346,-0.19497065080536735,0.0015128013910725713,0.15762553076868546,0.05599725418557913,0.026694553048680722,543,13.414151191711426,2.357001992621053,4.387838247117232
2.8565983831882478,-2.9213664531707764,-1.721549391746521,-0.011350750428189192,0.013741833202511308,209.063720703125,215.34262084960938,2847.6103515625,2375.734130859375,3883.2138456818525,2880.9763395545315,13.575000000000125,16.66849136352539,-0.1892080075210995,0.005796940065920353,0.15771820877462023,0.05321222642789895,0.026698978473398378,544,13.640070915222168,2.5981190459509445,4.724456515562484
2.8532262265682222,-2.736294388771057,-1.7034382224082947,-0.01101186421977391,0.013340592614182644,205.22044372558594,209.988525390625,2849.1453857421875,2368.4928588867188,3954.4041044709143,2940.3696928260165,13.600000000000126,16.66942384507921,-0.18356886174943712,0.009046443738043308,0.15790780919947706,0.05033773726353812,0.026701300416973793,545,13.866198539733887,2.757541319530731,5.1066184026586505
2.8476230025291445,-2.5468627214431763,-1.6865124106407166,-0.010685476143130587,0.012747380763448599,201.19845581054688,204.4109649658203,2846.1385498046875,2361.7155151367188,4025.6327391144687,2999.582014298185,13.625000000000126,16.670362684461807,-0.1781375375058916,0.010358218103647232,0.15815541660182716,0.04737692006796669,0.026699694197941336,546,14.092645645141602,2.827023669251911,5.514843064507245
2.838475012779236,-2.3540542125701904,-1.6707232594490051,-0.010376600431249133,0.011943968520707043,196.98802947998047,198.6198959350586,2836.1710205078125,2355.4129638671875,4096.786202859586,3058.624902176604,13.650000000000126,16.67130682203505,-0.17299769653214347,0.008808297105133533,0.15840167577887543,0.04433624757099031,0.026691785857860563,547,14.319457054138184,2.8028714429415644,5.928247550016724
2.8243885338306427,-2.1588019728660583,-1.6559292674064636,-0.010090550922742103,0.010927218349298724,192.56939697265625,192.6270294189453,2816.7255859375,2349.5482177734375,4167.690478372283,3117.5102262732844,13.675000000000127,16.672258377075195,-0.16823798418045044,0.003468491602689028,0.15856384564450443,0.04121826225921217,0.026674379603423372,548,14.546571731567383,2.686191928438709,6.3255955606902985
2.8031681299209597,-1.962334930896759,-1.6419426202774048,-0.009832812064979376,0.009679826984219235,187.9169158935547,186.44641876220703,2783.8399658203125,2344.0617065429688,4238.108618020723,3176.248931717621,13.700000000000127,16.67321840922038,-0.16394989358054268,-0.007132472470402718,0.158530239880499,0.038027974204432984,0.026643068735263526,549,14.773796081542969,2.4829109093085133,6.686418933399562
2.772840625047684,-1.7660110592842102,-1.6283090710639954,-0.009608927602276982,0.008232726105262274,182.99891662597656,180.09249114990234,2734.023193359375,2338.830810546875,4307.704617166235,3234.850474381196,13.725000000000128,16.674186918470596,-0.16022597750027975,-0.024258475750684738,0.15815280337500753,0.034768481412014565,0.026591784158928086,550,15.000744819641113,2.203519046712193,6.992167117982054
2.729578244686127,-1.571380078792572,-1.6143320798873901,-0.009424314362680245,0.006539736915244789,177.76306915283203,173.58316040039062,2660.4959716796875,2333.6244506835938,4376.055197000225,3293.3212446448683,13.750000000000128,16.675166024102104,-0.15715666943126255,-0.05040569230914116,0.15723957214770573,0.031442976554373114,0.026512338734659663,551,15.226795196533203,1.8625165823754566,7.2273197517203815
2.671501857042313,-1.3801047205924988,-1.5990939736366272,-0.009283469551420582,0.004732807082761245,172.31356048583984,166.94599151611328,2560.1361694335938,2328.119873046875,4442.567596292227,3351.661855911959,13.775000000000128,16.67615572611491,-0.15481703811221653,-0.08661592751741409,0.15555234308384283,0.02805190071756416,0.0263940361256113,552,15.45101261138916,1.477536928757686,7.380376198160344
2.595342987775803,-1.1942024230957031,-1.5812126398086548,-0.009188715112073404,0.0028930433868694667,166.33586502075195,160.1951904296875,2427.8722534179688,2321.41015625,4506.57100052808,3409.8648527381315,13.800000000000129,16.677154964870876,-0.1532459259033203,-0.13438504934310913,0.15281264940193745,0.02460192012669132,0.02622354596217039,553,15.672093391418457,1.06815873833678,7.444612624666145
2.497767448425293,-1.015855997800827,-1.5590813755989075,-0.009139945974611327,0.001121546600600237,159.86082077026367,153.35937118530273,2259.7841796875,2311.30419921875,4567.267806863546,3467.9001066443825,13.825000000000129,16.67816056145562,-0.1524417433473799,-0.19420243799686432,0.1487250466685589,0.021103771690196272,0.02598500579109415,554,15.888315200805664,0.654459648874503,7.418481840329273
2.3803179144859317,-0.8482546806335449,-1.530627191066742,-0.009130787197174977,-0.00020865244587854877,153.01294708251953,146.47808837890625,2058.1238403320312,2298.366943359375,4623.762411355755,3525.6827116248523,13.85000000000013,16.679164038764107,-0.15229812926716274,-0.26512113213539124,0.1429968867694211,0.017592059857493236,0.025660790895512223,555,16.0975341796875,0.255431316598675,7.305539246578452
2.245271161198616,-0.6952014863491058,-1.4933008551597595,-0.009145345117602543,-0.000707386885185692,145.9478759765625,139.65356826782227,1828.2736206054688,2281.3744506835938,4675.2155073640815,3583.141885208838,13.87500000000013,16.68015374077691,-0.15255002511872184,-0.3440425992012024,0.13538705375733098,0.014131315830597542,0.02523392154288075,556,16.297216415405273,-0.11255861499713965,7.113830145534276
2.0984050661325457,-0.5583552569150925,-1.444398045539856,-0.009156774864046566,8.006446618099083e-05,138.27621841430664,132.84428787231445,1582.2052307128906,2258.9314575195312,4720.922347879248,3640.1762464759304,13.90000000000013,16.68111589219835,-0.1527494854397244,-0.42522481083869934,0.12576515260741558,0.010772294154369868,0.024690969575640844,557,16.484554290771484,-0.43703027492562224,6.854767100982431
1.9415517389774324,-0.43418534845113754,-1.381415069103241,-0.009130064190550912,0.0022997795212703815,130.92846298217773,126.1574592590332,1328.4697570800781,2225.8348388671875,4760.4774786471025,3696.6495329139216,13.92500000000013,16.68203459845649,-0.1523122853702969,-0.5035801529884338,0.1141266309786865,0.007499390109223704,0.0240246237843624,558,16.656652450561523,-0.710168053835136,6.541642500011666
1.7743891805410386,-0.3200685605406761,-1.3028736114501953,-0.009032186778706696,0.005767887292609874,122.88835525512695,119.4395866394043,1070.1324310302734,2178.433349609375,4793.689222574138,3752.2954038856055,13.95000000000013,16.68289926317003,-0.15068714817365012,-0.5763770937919617,0.1006081839364705,0.004317087083941935,0.023233240499310137,559,16.81070899963379,-0.9289948077954353,6.188035042430127
1.5988942176103593,-0.21284130145795643,-1.2074713706970215,-0.008828939733857812,0.010484622822370872,115.01163482666016,112.95851516723633,811.8578338623047,2115.6802978515625,4820.4425333499275,3806.756237625846,13.975000000000131,16.683690812852646,-0.14730311102337307,-0.641796886920929,0.08535736724991477,0.0012172852912311466,0.02231915414762707,560,16.94413185119629,-1.0949857739357434,5.806402846980769
1.4111294060945512,-0.10905490815639496,-1.0955557823181152,-0.0084985324685928,0.01594289735246167,107.34135055541992,106.53931427001953,555.0241174697876,2028.9876708984375,4840.738979196519,3859.6482450721433,14.000000000000131,16.684399710761177,-0.1417963206768036,-0.6959795355796814,0.06862760982506477,-0.0018166384070433736,0.021286446855921595,561,17.05460548400879,-1.2133012230710665,5.407085445172144
1.2069243088364603,-0.0074214935302734375,-0.9681436717510223,-0.008027166999662336,0.021634540735746367,99.9471664428711,100.08501434326172,298.7724609375,1911.5758056640625,4854.6145821332975,3910.3729368446157,14.025000000000132,16.685015360514324,-0.1339362727271186,-0.7363631725311279,0.05068731252671925,-0.0047701385415123785,0.02013727203960639,562,17.140199661254883,-1.2918515065486353,4.9978093866698865
0.9823800340294838,0.09485955536365509,-0.827617347240448,-0.007416030826435297,0.026973238292595306,92.43484497070312,93.87169647216797,38.621063232421875,1760.7853393554688,4862.083893656769,3958.162331986233,14.050000000000132,16.68551974826389,-0.12374259531497955,-0.7637084126472473,0.03188855149277049,-0.007675529217045185,0.01886963232786389,563,17.199438095092773,-1.340384297334051,4.583686183304942
0.734519074857235,0.19965324620716274,-0.6774656176567078,-0.006682028259901231,0.031395411040888076,85.11755752563477,87.91631698608398,-225.1226348876953,1570.8475952148438,4863.049420237614,4002.1819654701394,14.075000000000133,16.685890621609158,-0.1114972515238656,-0.7750728130340576,0.012611594917962786,-0.010553448891792607,0.01747589193850614,564,17.231355667114258,-1.3697285352585558,4.167622267121078
0.4618668429553509,0.30819809436798096,-0.5218130052089691,-0.005855076689985547,0.03440239663066955,78.54631805419922,82.51021957397461,-492.9650468826294,1339.5687866210938,4857.421354365456,4041.4531553505353,14.100000000000133,16.68611208597819,-0.09769957926538256,-0.7694579362869263,-0.00673041612840256,-0.013428882125953924,0.015942893191272466,565,17.23556137084961,-1.3912316255928796,3.751019898273512
0.1664808839559555,0.42249803245067596,-0.36506108939647675,-0.004975380486472732,0.035688817869880915,72.55395126342773,77.42888641357422,-764.0835266113281,1069.8820190429688,4845.0972281934255,4074.942375016093,14.125000000000133,16.68616188897027,-0.08302069372600979,-0.747078001499176,-0.025716455123484083,-0.016337927886053136,0.014253959080133546,566,17.212263107299805,-1.4163539445046214,3.334643721047634
-0.14738553781062366,0.5428591966629028,-0.21155154332518578,-0.004088138226414151,0.0351308689767525,67.03185844421387,72.81173896789551,-1038.9319458007812,770.0141906738281,4825.995140028179,4101.689425492204,14.150000000000134,16.686018837822807,-0.06821512762043211,-0.7115415930747986,-0.04397297159235749,-0.019299924778763685,0.012392454210952093,567,17.162254333496094,-1.4563409153431723,2.9195344528941805
-0.47073343023657804,0.6699302047491074,-0.06460404768586159,-0.0032352829936339172,0.032996932090731644,62.037126541137695,69.27481842041016,-1314.2044067382812,453.12632751464844,4800.021841383196,4120.939780259089,14.175000000000134,16.685656441582573,-0.053983007868131004,-0.6683566570281982,-0.061225520022757655,-0.022338878184450472,0.010345962635442914,568,17.086790084838867,-1.5218891388121243,2.507861686008443
-0.7910955742001534,0.8035255372524261,0.07383415848016739,-0.002448062718305177,0.029895552004469073,58.22148323059082,65.79513168334961,-1580.5064086914062,132.66088485717773,4767.166731214776,4132.2679384469975,14.200000000000134,16.685060924953884,-0.040846156577269234,-0.6210368275642395,-0.07732967594041282,-0.02545627468795635,0.00811106853741879,569,16.987424850463867,-1.6227401689125232,2.10362305783914
-1.0967574328184129,0.9431825876235962,0.2034110687673092,-0.0017432399709102434,0.02646293501584409,55.088613510131836,63.37984275817871,-1829.262451171875,-178.51652145385742,4727.654070997526,4135.58446056847,14.225000000000135,16.684220631917317,-0.029084630724456575,-0.5726301670074463,-0.0922366535631041,-0.02864240259382959,0.005697337970709344,570,16.865842819213867,-1.7671566696732894,1.7131161248028937
-1.3798759162425995,1.088866263628006,0.3249276652932167,-0.0011230383869296017,0.02318184565146081,53.20559501647949,61.59822177886963,-2054.5779418945312,-471.9160842895508,4681.9225097182625,4131.121547532165,14.250000000000135,16.683135562472874,-0.018735809458626643,-0.5244772434234619,-0.1059459327421811,-0.03188286730831885,0.0031291253354238852,571,16.723766326904297,-1.9612644620616455,1.34512233980705
-1.63300276696682,1.2386018633842468,0.43953853845596313,-0.0005779755914477678,0.020518984167004206,52.215832233428955,60.8350133895874,-2250.4263916015625,-739.9148864746094,4630.558061170929,4119.323645424966,14.275000000000135,16.681812074449326,-0.00964168148736159,-0.47758129239082336,-0.11847317619380483,-0.03511988759844512,0.00044522972223996207,572,16.562898635864258,-2.2082881747869014,1.0107502649108953
-1.8543637037277223,1.3912116289138794,0.5483915060758591,-9.1708822707243e-05,0.01858044632299491,52.48782300949097,60.31335163116455,-2414.350341796875,-981.682373046875,4574.297401380916,4100.825773263137,14.300000000000136,16.680268181694878,-0.0015297277261399561,-0.43130433559417725,-0.12982555780816168,-0.03830572318077684,-0.0023032468321739887,573,16.384925842285156,-2.5077616752034473,0.7228955782841273
-2.0457534521818164,1.546979010105133,0.652630627155304,0.00035450591478478034,0.01728562676367409,53.9904990196228,61.24691104888916,-2547.734619140625,-1199.094482421875,4513.938642836017,4076.283713936998,14.325000000000136,16.6785282558865,0.005912637441522545,-0.3849560618400574,-0.1400221524765594,-0.04142081854665332,-0.00505701833730262,574,16.191505432128906,-2.854843236694844,0.4953057643301313
-2.2084477424621585,1.7064728736877441,0.7528594732284546,0.0007774520787298573,0.01660191320895859,56.54044771194458,62.969855308532715,-2654.258056640625,-1390.7870178222656,4450.245277357519,4046.3063518764807,14.350000000000136,16.676628324720596,0.012965282011363242,-0.3410221040248871,-0.1491054792302767,-0.04446199246692869,-0.007754044745563848,575,15.984271049499512,-3.2398955057782435,0.3412891118027448
-2.344169306755066,1.8697859644889832,0.8494137227535248,0.0011899986831423303,0.01647183443446503,60.355050563812256,66.03335666656494,-2737.52783203125,-1556.2749633789062,4383.888825941517,4011.53667643095,14.375000000000137,16.674599117702908,0.019842758774757385,-0.300641804933548,-0.15712334181088058,-0.0474280340355448,-0.010334976055649037,576,15.76478385925293,-3.648484207909065,0.27218025632200626
-2.4584143280982973,2.0367623567581177,0.942245602607727,0.0016024903468536045,0.01661656787703513,65.29617691040039,70.38156700134277,-2800.5224609375,-1702.6265869140625,4315.450630140747,3972.6298023465,14.400000000000137,16.672484079996746,0.026717517111036513,-0.26146063208580017,-0.16413161666699222,-0.05032046624775004,-0.012747491034962484,577,15.53452205657959,-4.061903145959484,0.2957320245237107
-2.5520350456237795,2.206599235534668,1.03145033121109,0.002024461589681367,0.017077022187726026,71.37223148345947,75.7356071472168,-2845.914306640625,-1828.709228515625,4245.437568617318,3930.0641376736685,14.425000000000137,16.67032029893663,0.033748468591107264,-0.22501228749752045,-0.17021565811154868,-0.05313529436190929,-0.014949845153565853,578,15.294878959655762,-4.458261035543758,0.4146327969430733
-2.624845999479294,2.3784881830215454,1.1164534091949463,0.00246138684613398,0.01790639400931205,78.50026893615723,82.40127182006836,-2875.88037109375,-1931.9938354492188,4174.289710951309,3884.3464069607953,14.450000000000138,16.668149100409615,0.04102684557437897,-0.1927565038204193,-0.17542823002364716,-0.055872333205103,-0.01691294025565812,579,15.047146797180176,-4.814088768709366,0.6253707865519222
-2.683771413564682,2.5512940883636475,1.1971909403800964,0.0029197727857165354,0.01878133189297095,86.5799617767334,90.1603012084961,-2893.3309326171875,-2022.2420043945312,4102.392701673969,3836.046561074579,14.475000000000138,16.666008631388348,0.0486610954006513,-0.1616521179676056,-0.17985257283210943,-0.05852687023055851,-0.01862107617437543,580,14.792506217956543,-5.10633699401316,0.9176423289057181
-2.7260288059711457,2.723867416381836,1.273371696472168,0.00340380595487899,0.019937582811526283,95.51822662353516,98.89015769958496,-2900.1187744140625,-2092.5003051757812,4030.0594283585415,3785.4905109647284,14.500000000000139,16.66393491956923,0.056721017592483096,-0.1352134644985199,-0.18356174037458772,-0.061095950993941495,-0.02007255722511746,581,14.532052993774414,-5.314566232944623,1.2744361725878721
-2.7584994673728946,2.8948564529418945,1.3446761965751648,0.003915825202027894,0.021022644105192435,105.12053871154785,108.52384567260742,-2898.2398681640625,-2153.38037109375,3957.556458998191,3733.1780033353434,14.525000000000139,16.661961873372395,0.06524566560983658,-0.10964693874120712,-0.18661533752522938,-0.06357203125922647,-0.02127769587502716,582,14.26675796508789,-5.423077763632199,1.6728546896275442
-2.7787157595157623,3.0632848739624023,1.4112033247947693,0.004457567823655605,0.022262811645815082,115.19706344604492,118.82994842529297,-2889.7630615234375,-2198.3063354492188,3885.100462294089,3679.343494058008,14.55000000000014,16.660117043389214,0.07426410085625118,-0.0884137749671936,-0.18909022977099685,-0.06595286606483829,-0.022257803654608974,583,13.997522354125977,-5.422734022121011,2.085630856847302
-2.7941322922706604,3.2280057668685913,1.4728283882141113,0.005027480655892009,0.023264064508333203,125.5799331665039,129.59893798828125,-2876.9149169921875,-2238.7163696289062,3812.856385756002,3624.3858356717838,14.57500000000014,16.65842162238227,0.08375059399339888,-0.06749562174081802,-0.1910369173040607,-0.06823123158632009,-0.023041014364066057,584,13.725127220153809,-5.3122339011092645,2.4832061856906336
-2.802015942335129,3.3880807161331177,1.5297877192497253,0.005621959588738443,0.02424336293661498,136.04300689697266,140.68516540527344,-2861.9212646484375,-2267.4026489257812,3740.9335128311955,3568.417926431067,14.60000000000014,16.656889385647244,0.09364534583356646,-0.0506720133125782,-0.19251002821628121,-0.07040170579414008,-0.023660228445833903,585,13.45030403137207,-5.098676701834563,2.8361673065994575
-2.808246517181397,3.5429179668426514,1.5824980735778809,0.006237425999480112,0.024920013912955268,146.35691452026367,151.92770767211914,-2846.358154296875,-2293.58203125,3669.3854812149825,3511.7328602079265,14.62500000000014,16.6555298699273,0.10388897524939643,-0.03463006019592285,-0.19357480995436532,-0.07246101799358447,-0.02414804257553616,586,13.173672676086426,-4.797326125899674,3.1177797764069988
-2.8133599519729615,3.691777229309082,1.6309735178947449,0.006865184042979529,0.025274008359070246,156.53369903564453,163.04632186889648,-2831.8482666015625,-2316.6246948242188,3598.2265273575586,3454.39330942668,14.65000000000014,16.6543451944987,0.11433694097730848,-0.02019966021180153,-0.19425150254259765,-0.07440292015906459,-0.02453492914170822,587,12.895803451538086,-4.430577811944808,3.3063526989824927
-2.8164403378963474,3.834257125854492,1.675980567932129,0.007499723264434289,0.025434461734152918,166.32296752929688,173.83385848999023,-2818.9456787109375,-2334.3267211914062,3527.4303206925174,3396.4776920560776,14.675000000000141,16.65333324008518,0.12489773333072662,-0.008536631241440773,-0.19460906520845442,-0.07622448073278676,-0.024846895576870382,588,12.617207527160645,-4.026237097740101,3.387189598056428
-2.8201273381710052,3.9699987173080444,1.7178289294242859,0.008134182382996888,0.025278358882382244,175.6240234375,184.22441864013672,-2807.7169189453125,-2351.4713745117188,3456.9566787247422,3338.119524026295,14.700000000000141,16.652487648857964,0.1354573667049408,0.0023393977899104357,-0.19468491536525123,-0.07792291171798478,-0.025103767866981534,589,12.338306427001953,-3.6152697974185033,3.3539136859881404
-2.8239460587501526,4.09869658946991,1.7565658688545227,0.008761151881142288,0.024853919664245466,184.31560516357422,194.0857925415039,-2797.6390380859375,-2367.7285766601562,3386.763755751108,3279.3327396635045,14.725000000000142,16.65179994371202,0.1458926664458381,0.012468644417822361,-0.19449719579791427,-0.07949652783303138,-0.025320334878470015,590,12.059490203857422,-3.229259903047805,3.20904925727704
-2.8263850748538974,4.219972610473633,1.79257333278656,0.009375393341812251,0.02428149191328435,192.42253875732422,203.30523681640625,-2788.769287109375,-2380.2782592773438,3316.822779798958,3220.139525247003,14.750000000000142,16.65125846862793,0.15611668427785239,0.02062574401497841,-0.1940792792438536,-0.08094183367899578,-0.02550685602331644,591,11.781116485595703,-2.8978203009769503,2.9638215045988816
-2.828591024875641,4.333519458770752,1.8260731101036072,0.009973212669291593,0.0235335493629194,199.86817169189453,211.8305435180664,-2780.81689453125,-2391.5224609375,3247.1035476212223,3160.632568765071,14.775000000000142,16.650853686862522,0.16606801086001927,0.02792917937040329,-0.19347058048720236,-0.08225681107911444,-0.025669494022730818,592,11.5034818649292,-2.6462010978059434,2.6371931896996177
-2.8307461559772493,4.439030170440674,1.8569890260696411,0.010550099134483992,0.022613857889379557,206.6419677734375,219.60830688476562,-2773.5498046875,-2402.033203125,3177.58312525794,3100.8445072416353,14.800000000000143,16.650572882758247,0.17567170990837944,0.034691471606492996,-0.19268609645384907,-0.08344041557489733,-0.025811993946996074,593,11.226848602294922,-2.4933154164392595,2.254253986829951
-2.8327520430088047,4.53607439994812,1.8853638768196106,0.011102029907727207,0.021542351669542992,212.7548370361328,226.65209197998047,-2766.89306640625,-2411.7081909179688,3108.2443801407517,3040.793677163512,14.825000000000143,16.65040440029568,0.18486087520917258,0.04089425504207611,-0.1917395923576781,-0.08448960949822608,-0.025936917008066808,594,10.951457977294922,-2.4503407673791573,1.8441372045641926
-2.8341063380241396,4.62438702583313,1.9110175371170044,0.011625750939064297,0.02036667631978689,218.21546936035156,232.95648956298828,-2760.807373046875,-2419.6724243164062,3039.0720534805946,2980.500972390564,14.850000000000144,16.650337643093533,0.19358139899041918,0.046179354190826416,-0.19064889473323615,-0.0854040225032616,-0.026046173191787307,595,10.677530288696289,-2.5199967266382055,1.4376597502657542
-2.8347921013832096,4.703572511672974,1.934117317199707,0.012119013105730906,0.01911217348235905,223.05023193359375,238.54733276367188,-2755.3387451171875,-2425.8485107421875,2970.051869154422,2920.009161782655,14.875000000000144,16.650360955132378,0.20179581311013964,0.050499264150857925,-0.1894379387408203,-0.08618061276069632,-0.026141158577135264,596,10.405254364013672,-2.696537162130185,1.0649014709632687
-2.835272252559662,4.773452043533325,1.9545689821243286,0.012579890817423233,0.01777233089615638,227.29150390625,243.46034240722656,-2750.49169921875,-2431.08203125,2901.1684005264915,2859.3629490141016,14.900000000000144,16.650464799669052,0.20947208007176718,0.05420279502868652,-0.18812773006352856,-0.0868198546460994,-0.02622293426735751,597,10.134784698486328,-2.9664228595572384,0.7529377471560382
-2.8357360482215883,4.833681344985962,1.9724321365356445,0.013006183845350057,0.016348599775913516,230.97654724121094,247.7326431274414,-2746.3291015625,-2435.6552734375,2832.406108046022,2798.5858982328523,14.925000000000145,16.650641759236652,0.21657350990507337,0.05738702788949013,-0.18673151792778409,-0.08731931802497614,-0.026292602977592904,598,9.866255760192871,-3.3095744152803723,0.5239064464861636
-2.8361814439296724,4.884079933166504,1.9876385927200317,0.013395956196234567,0.014853715441187,234.1440658569336,251.40872192382812,-2742.83349609375,-2439.5817260742188,2763.7478805069586,2737.6945163969153,14.950000000000145,16.650882297092014,0.22306783331765068,0.06006555259227753,-0.18526210215157607,-0.0876790445092186,-0.02635145051530525,599,9.59977912902832,-3.70106674071888,0.3935444086306815
-2.836626547574997,4.924461364746094,2.000088155269623,0.013747577724206393,0.013299121162285765,236.83411407470703,254.5330047607422,-2740.029052734375,-2442.8681640625,2695.1770431046143,2676.7049732450605,14.975000000000145,16.651182174682617,0.22892784741189745,0.06223457679152489,-0.18373213275008235,-0.08789854723968997,-0.02640085215352622,600,9.335451126098633,-4.113103496055401,0.3702777958719614
-2.8370926797389986,4.954631328582764,2.0098759531974792,0.014059692921882574,0.011696106245518227,239.08538055419922,257.1465606689453,-2737.9283447265625,-2445.539794921875,2626.6763167862546,2615.6332691434986,15.000000000000146,16.651535034179688,0.234130902422799,0.063901387155056,-0.18215425973848084,-0.08797678591908946,-0.026442168601125277,601,9.073348999023438,-4.517098947228169,0.454899103482339
-2.8375728309154513,4.97452187538147,2.0170317888259888,0.014331257330773096,0.010057380003008405,240.9338150024414,259.29052734375,-2736.505615234375,-2447.6072998046875,2558.2281081680903,2554.494774270452,15.025000000000146,16.65193663703071,0.23865953087806702,0.06508145481348038,-0.18054090010535404,-0.08791450956147363,-0.026476673181998617,602,8.813532829284668,-4.88570172306357,0.6408140144868213
-2.8380716741085052,4.9840004444122314,2.0215436816215515,0.014561525057713276,0.008394628094336328,242.41202545166016,261.0013961791992,-2735.7579345703125,-2449.080322265625,2489.815467787231,2493.304591775335,15.050000000000146,16.65238380432129,0.2425012489159902,0.0657786875963211,-0.1789040880098777,-0.08771095666921831,-0.026505485256041912,603,8.556044578552246,-5.194613806837159,0.9147962043394819
-2.8385938823223116,4.983045816421509,2.023530662059784,0.014750047734566462,0.00671950445001434,243.54882049560547,262.30987548828125,-2735.678466796875,-2449.9727172851562,2421.421519422973,2432.0775837186948,15.075000000000147,16.652874416775173,0.24564850661489698,0.06600294262170792,-0.17725585761122767,-0.08736704270394821,-0.02652956397736651,604,8.300909042358398,-5.424088855033679,1.2581553443463882
-2.839149969816208,4.97162389755249,2.0230361819267273,0.014896654752575324,0.005042990968498468,244.36878967285156,263.2414093017578,-2736.2613525390625,-2450.3074340820312,2353.029557753051,2370.828265786566,15.100000000000147,16.653405295477974,0.24809837341308594,0.06576534360647202,-0.17560782694965937,-0.08688317546220523,-0.026549706213704834,605,8.048133850097656,-5.560030067515839,1.6482015539898185
-2.8397484064102176,4.949695825576782,2.0201444029808044,0.015001450141469943,0.003375972540521434,244.882568359375,263.80252838134766,-2737.50390625,-2450.1024780273438,2284.6230239395745,2309.5705799345155,15.125000000000147,16.653975380791557,0.24985253810882568,0.06507498025894165,-0.173971464262617,-0.08625938407231382,-0.026566575674734805,606,7.797710418701172,-5.5946459387101735,2.0598804904177634
-2.8404049634933473,4.917295455932617,2.0149505138397217,0.015064806327684007,0.001728689332563783,245.0782928466797,263.9718322753906,-2739.4110107421875,-2449.3828125,2216.185426283325,2248.318017983832,15.150000000000148,16.6545836130778,0.2509170605076684,0.06394296884536743,-0.17235793818192205,-0.08549672547633157,-0.026580725798620454,607,7.549614906311035,-5.5266584335872135,2.467454894620762
-2.8411362886428835,4.87451171875,2.007559835910797,0.015087343328408803,0.00011106930813329914,244.95095825195312,263.74120330810547,-2741.9881591796875,-2448.1734619140625,2147.7001510147707,2187.0834476713317,15.175000000000148,16.65522681342231,0.25130220585399204,0.06237800046801567,-0.17077818431280067,-0.0845969889856159,-0.026592628880336346,608,7.303805828094482,-5.361088873344374,2.846119064634816
-2.841955524682999,4.821446180343628,1.9980891346931458,0.015069925630701303,-0.0014669572936118881,244.50618743896484,263.1160430908203,-2745.23486328125,-2446.4988403320312,2079.150447035279,2125.87911112348,15.200000000000149,16.655902862548828,0.25102221303515965,0.06039020046591759,-0.16924293852339725,-0.08356194726676741,-0.026602703119397414,609,7.060227870941162,-5.108673376490795,3.1734504259057315
-2.842875522375107,4.7581071853637695,1.9866664409637451,0.015013670513862582,-0.002995817738182932,243.75835418701172,262.10890197753906,-2749.1466064453125,-2444.3851318359375,2010.519575453248,2064.716640115179,15.225000000000149,16.65660858154297,0.25009562571843463,0.057992056012153625,-0.16776258714196307,-0.08239145883935316,-0.026611323022831944,610,6.8188090324401855,-4.784977095080404,3.4306240319784815
-2.843919938802719,4.6846911907196045,1.9734596014022827,0.01491992204200529,-0.004466849876322101,242.72262573242188,260.73523712158203,-2753.7325439453125,-2441.864013671875,1941.7909102921158,2003.6070118192802,15.25000000000015,16.65734079149034,0.24854466319084167,0.05519413575530052,-0.16634726682539727,-0.08108842405224784,-0.026618827727560003,611,6.579463958740234,-4.409286806643936,3.6033399248246605
-2.845097243785858,4.601332187652588,1.9585586786270142,0.01479023858048604,-0.005870757091200689,241.41635131835938,259.012451171875,-2758.976318359375,-2438.9649658203125,1872.9475966934835,1942.5604114774828,15.27500000000015,16.658098432752823,0.24639522035916647,0.052014343440532684,-0.1650067813354627,-0.07965442831853785,-0.026625539725744843,612,6.342092037200928,-4.003365468561115,3.6824363959572506
-2.8464264214038852,4.50823187828064,1.942209243774414,0.014626411521256835,-0.0071994206426088305,239.8535919189453,256.9556579589844,-2764.8739013671875,-2435.725341796875,1803.9731887345,1881.5862873319745,15.30000000000015,16.658878326416016,0.24367698364787632,0.04846951365470886,-0.16375045173597463,-0.07809197667412358,-0.026631754461819895,613,6.106579303741455,-3.5901495836024986,3.664183560729515
-2.8479098081588745,4.405620098114014,1.924491047859192,0.01443042471127032,-0.008444112956341362,238.05191802978516,254.581787109375,-2771.3922119140625,-2432.1791381835938,1734.851341200321,1820.693153787052,15.32500000000015,16.659679412841797,0.24042293429374695,0.0445869080722332,-0.16258709974804397,-0.07640379885912235,-0.026637752816056376,614,5.872798919677734,-3.192463787903531,3.550270457673182
-2.8495547056198123,4.29363751411438,1.9055798053741455,0.014204478379317714,-0.009597173283075104,236.02236938476562,251.90225982666016,-2778.5064697265625,-2428.3637084960938,1665.5665359024704,1759.8886753324616,15.35000000000015,16.660499572753906,0.2366696298122406,0.04039280116558075,-0.1615248313682386,-0.07459081033515888,-0.026643794862779496,615,5.6406121253967285,-2.831816442125536,3.3475128683357
-2.8512025237083436,4.1726601123809814,1.8857487440109253,0.013951004740488318,-0.010641589120901221,233.77420043945312,248.9265899658203,-2786.1397705078125,-2424.06201171875,1596.1038741593075,1699.1795826200587,15.375000000000151,16.661337746514214,0.23245746890703836,0.03582306578755379,-0.16057128653993574,-0.07265772572960044,-0.026650111547990026,616,5.4098687171936035,-2.5273283937000817,3.067319612831067
-2.85248321890831,4.042889356613159,1.8651925325393677,0.01367323287760385,-0.011541556557617664,231.31468963623047,245.6629638671875,-2794.19775390625,-2418.6901245117188,1526.4503798966132,1638.5780323270892,15.400000000000151,16.662191814846462,0.22784022821320427,0.030667409300804138,-0.1597394648182063,-0.0706056331934237,-0.026656804820823454,617,5.180403709411621,-2.2948351585214093,2.724961469130483
-2.8535290956497192,3.9047669172286987,1.8442668318748474,0.013374904740055333,-0.012291659805476399,228.64422607421875,242.1256103515625,-2802.507080078125,-2412.6609497070312,1456.5954360489582,1578.1107792142955,15.425000000000152,16.663059658474392,0.22288012835714552,0.02516418881714344,-0.1590416833230919,-0.06843922030626608,-0.026663689508360226,618,4.952033996582031,-2.146191050186662,2.338691261246306
-2.8547099053859712,3.7586034536361694,1.823158621788025,0.013059504283503186,-0.012912331343762682,225.8392791748047,238.31270599365234,-2811.14794921875,-2406.5650024414062,1386.5327590470063,1517.7942554716187,15.450000000000152,16.663941277398003,0.21763518452644348,0.019519999623298645,-0.1584824527836889,-0.0661608984772709,-0.026670463924383117,619,4.7245635986328125,-2.0887896862904243,1.928765985471509
-2.8559494197368624,3.6047208309173584,1.8020578026771545,0.012730312605634174,-0.01339462669628413,222.8194351196289,234.21588134765625,-2819.9356689453125,-2400.4517822265625,1316.254060316539,1457.6301304105828,15.475000000000152,16.664833492702908,0.21216000119845072,0.013849949464201927,-0.15806508550660303,-0.06377352644342078,-0.026676984507864605,620,4.497790813446045,-2.125303087862581,1.51641831606842
-2.857039397954941,3.4435731172561646,1.7811309099197388,0.01239095202164972,-0.013727027691326148,219.58658599853516,229.87213134765625,-2828.4354248046875,-2394.3721923828125,1245.7556685929073,1397.6188358549177,15.500000000000153,16.665736304389107,0.20651491151915657,0.008328617550432682,-0.15778781714761217,-0.06128133197294623,-0.026683230452858683,621,4.271513938903809,-2.253635361578663,1.1228180859103818
-2.857797008752823,3.2756569385528564,1.760629951953888,0.012045246664427614,-0.013904765606061817,216.17523956298828,225.306640625,-2836.2449951171875,-2388.38916015625,1175.0447829727914,1337.7595310453464,15.525000000000153,16.66664653354221,0.20076359311739603,0.003137900261208415,-0.15764485533134534,-0.05868856364002375,-0.026689151825094907,622,4.045535564422607,-2.4670836248002534,0.7680603669174022
-2.858028614521027,3.10135281085968,1.7406653761863708,0.011697013384764534,-0.013928873455710838,212.73847198486328,220.46185302734375,-2842.946533203125,-2382.5568237304688,1104.1386580948629,1278.0498020414393,15.550000000000153,16.667565239800346,0.19496962428092957,-0.0015135413268581033,-0.15762553076868546,-0.05599674860109094,-0.026694553048680722,623,3.8196704387664795,-2.754694928431857,0.4702139748206699
-2.8565980911254885,2.921333909034729,1.7215460538864136,0.011350689050648444,-0.013741774945862463,209.06299591064453,215.3416290283203,-2847.61083984375,-2375.7327880859375,1033.0649947647858,1218.4858814481768,15.575000000000154,16.66849136352539,0.18920698099666172,-0.005797637160867453,-0.15771822541937702,-0.053211722924005354,-0.02669898055399298,624,3.59375,-3.101805110474729,0.24446234270381556
-2.853225350379944,2.7362616062164307,1.7034351229667664,0.011011804922827764,-0.013340503148614773,205.21968841552734,209.98749542236328,-2849.145263671875,-2368.4916381835938,961.8747237686928,1159.0925617460273,15.600000000000154,16.66942384507921,0.18356786833869088,-0.009046882390975952,-0.15790784248899067,-0.05033722751786072,-0.026701300416973793,625,3.3676230907440186,-3.4907429661761777,0.10236896700459011
-2.847621834278107,2.546828866004944,1.6865094304084778,0.010685419967076342,-0.012747262169556305,201.1976776123047,204.40989685058594,-2846.1378173828125,-2361.7142944335938,890.6460921768961,1099.8802707914363,15.625000000000155,16.670362684461807,0.17813659376568264,-0.01035832054913044,-0.1581554665360976,-0.04737638951634327,-0.026699694197941336,626,3.1411755084991455,-3.901676857081323,0.05129549736891522
-2.83847296833992,2.3540186882019043,1.6707205176353455,0.010376547376086794,-0.01194379999254431,196.9871826171875,198.61878204345703,-2836.1683349609375,-2355.4119873046875,819.4926467423253,1040.8374134305955,15.650000000000155,16.67130682203505,0.17299681901931763,-0.008807670325040817,-0.15840172571314587,-0.044335685810447875,-0.02669178377726596,627,2.914364814758301,-4.313579016669719,0.09399471833326803
-2.8243856132030487,2.1587652564048767,1.655926764011383,0.010090502028768966,-0.01092702069281157,192.5685577392578,192.6258773803711,-2816.72119140625,-2349.5473022460938,748.5884383683003,981.9521137479773,15.675000000000155,16.672258377075195,0.16823717289500767,-0.0034671772737056017,-0.15856386228926125,-0.04121766720915611,-0.02667437544223417,628,2.687249183654785,-4.705284252891609,0.2284065475387848
-2.8031634569168093,1.9622976779937744,1.641940414905548,0.009832769412790043,-0.009679575232272438,187.9160385131836,186.44519805908203,-2783.8323974609375,-2344.060791015625,678.1704085831411,923.213431191824,15.700000000000156,16.67321840922038,0.16394918163617453,0.007135067600756884,-0.15853020659098538,-0.038027359388728206,-0.026643062493479724,629,2.4600255489349365,-5.056611324796788,0.4476917078962729
-2.7728330314159395,1.7659744024276733,1.628306806087494,0.009608891191871452,-0.008232462389896519,182.99795532226562,180.0912857055664,-2734.0107421875,-2338.8299560546875,608.5745986466126,864.6119114164326,15.725000000000156,16.674186918470596,0.160225381453832,0.02426292560994625,-0.15815268686170983,-0.03476786139482328,-0.02659177375595508,630,2.233076333999634,-5.349499678737274,0.7405366635646764
-2.729568898677826,1.5713447332382202,1.6143296957015991,0.009424286274653124,-0.006539414423081537,177.7620620727539,173.58193969726562,-2660.47998046875,-2333.6235961914062,540.2243300919174,806.1411625150646,15.750000000000156,16.675166024102104,0.1571561892827352,0.050411492586135864,-0.15723933912111035,-0.03144235861777643,-0.026512320009308248,631,2.007026433944702,-5.569096027794712,1.09175866549918
-2.671490174531937,1.380070984363556,1.5990911722183228,0.009283449785771867,-0.004732517359962969,172.31253051757812,166.9447479248047,-2560.1160888671875,-2328.1189575195312,473.71233058018714,747.8005726102787,15.775000000000157,16.67615572611491,0.15481670697530112,0.0866231843829155,-0.1555519269649225,-0.02805128694215668,-0.026394009077881475,632,1.7828090190887451,-5.7047035683063845,1.4832254004172825
-2.5953272163867953,1.1941698789596558,1.581209123134613,0.009188701588208493,-0.0028927242756724425,166.33474349975586,160.19393157958984,-2427.8448486328125,-2321.4087524414062,409.7094283584918,689.5975986722896,15.800000000000157,16.677154964870876,0.15324572722117105,0.13439497351646423,-0.15281203354593537,-0.024601301149797337,-0.02622350851146756,633,1.561729073524475,-5.750484881613216,1.895075990615507
-2.4977481722831727,1.0158241391181946,1.5590770244598389,0.009139940773124824,-0.00112127183207566,159.85963439941406,153.35811233520508,-2259.7508544921875,-2311.3021850585938,349.0133071426508,631.5623798612534,15.825000000000157,16.67816056145562,0.15244164400630528,0.19421425461769104,-0.1487241644964478,-0.02110312878646437,-0.025984955856823713,634,1.3455088138580322,-5.705796594706003,2.3071836713447436
-2.380294841527939,0.8482235074043274,1.5306214094161987,0.009130788237472277,0.00020883851280358622,153.01147842407227,146.47682189941406,-2058.083984375,-2298.3643188476562,292.5195357803198,573.7798252347869,15.850000000000158,16.679165098402237,0.15229814582400852,0.2651350498199463,-0.14299567170217373,-0.017591391466477466,-0.02566072223589037,635,1.1362913846969604,-5.575043760756962,2.7007359231140913
-2.2452423930168153,0.6951718777418137,1.4932932257652283,0.009145350319089047,0.0007076257634533909,145.9466209411621,139.65230560302734,-1828.2246704101562,-2281.3709106445312,241.06743617091328,516.3207172635935,15.875000000000158,16.68015374077691,0.15255009134610495,0.3440592885017395,-0.13538546418305533,-0.014130635996311463,-0.025233834157907482,636,0.9366116523742676,-5.366998875479239,3.059743372990981
-2.098374837636948,0.5583282262086868,1.4443879127502441,0.009156777984938469,-8.023219786610147e-05,138.27488327026367,132.84305953979492,-1582.1546325683594,-2258.9265747070312,195.36181941062304,459.2864444974775,15.900000000000158,16.68111589219835,0.1527495351102617,0.4252413809299469,-0.1257631635589764,-0.010771623162610844,-0.02469085930412696,637,0.749274730682373,-5.093623326312362,3.372251522814394
-1.9415184438228608,0.4341619536280632,1.3814021348953247,0.00913006002936171,-0.0023002817247923485,130.92705535888672,126.15621566772461,-1328.4166870117188,-2225.8272094726562,155.80795359637517,402.81328012979816,15.925000000000159,16.68203565809462,0.15231220258606804,0.503595769405365,-0.11412423413370543,-0.007498737712778932,-0.024024486465118695,638,0.5771799087524414,-4.768546998902146,3.631050100695415
-1.7743566155433657,0.3200470097362995,1.3028575778007507,0.00903216701305798,-0.005768695603612605,122.88693618774414,119.43838882446289,-1070.0827026367188,-2178.4237060546875,122.5975364210421,347.1675998929765,15.95000000000016,16.68289926317003,0.1506868170367347,0.5763908624649048,-0.10060542090683955,-0.004316467294315686,-0.023233078212931208,639,0.4231277406215668,-4.405468747127622,3.8337756162420895
-1.5988594621419907,0.21282203821465373,1.2074519395828247,0.00882889708166848,-0.010485617346590448,115.01021575927734,112.95734024047852,-811.8090362548828,-2115.6653442382812,95.84546885508328,292.70700724160184,15.97500000000016,16.683690812852646,0.14730239907900491,0.6418079137802124,-0.08535427964752595,-0.0012167033749285049,-0.022318966894112925,640,0.2897089421749115,-4.016767529952397,3.9824616741638215
-1.4110937744379044,0.10903678461909294,1.0955331325531006,0.008498462248524996,-0.015944087452573797,107.33993911743164,106.53814315795898,-554.9761505126953,-2028.9700317382812,75.55024294867039,239.8153736356349,16.00000000000016,16.684399710761177,0.14179514514075386,0.6959889531135559,-0.06862426839013455,0.0018171924303746372,-0.021286238796461434,641,0.17923983931541443,-3.6125402815508543,4.082727858291343
-1.2068851724267007,0.007402293384075165,0.9681182205677032,0.008027067651270108,-0.021635710029912478,99.94581985473633,100.08384323120117,-298.7254638671875,-1911.5511474609375,61.675839185811945,189.091122842164,16.02500000000016,16.685015360514324,0.1339346170425415,0.7363691926002502,-0.0506837963218425,0.004770696270902776,-0.020137041093605607,642,0.09365159273147583,-3.200150246571766,4.142823964990915
-0.9823352754116059,-0.09487977251410484,0.8275896310806274,0.0074159049504618985,-0.02697419328551745,92.43350601196289,93.8705825805664,-38.57194519042969,-1760.7525634765625,54.2077025890922,141.3023441556222,16.050000000000157,16.68551974826389,0.12374049259556665,0.76371169090271,-0.03188491253281225,0.007676089677215998,-0.01886937641472789,643,0.03441804274916649,-2.7842658115685612,4.172717459990718
-0.734468547999859,-0.19967492623254657,0.6774364709854126,0.006681881577981817,-0.03139607891175519,85.11631774902344,87.915283203125,225.1738739013672,-1570.8062744140625,53.24340395929079,97.28353006868456,16.075000000000156,16.685890621609158,0.11149480111069149,0.7750731110572815,-0.012607897701355699,0.01055402235567968,-0.017475613138829522,644,0.0025052097626030445,-2.3673040771320824,4.183356620337937
-0.4618101462721825,-0.3082203008234501,0.5217831879854202,0.005854916484201222,-0.03440268791391378,78.54512786865234,82.50927734375,493.0194282531738,-1339.5193481445312,58.87275080678374,58.01337320830329,16.100000000000154,16.68611208597819,0.09769690533479054,0.7694555521011353,0.00673410450248259,0.013429456890212623,-0.015942586303568727,645,-0.0016953401500359178,-1.9501564186437714,4.1861404229168535
-0.16642013490200044,-0.4225212559103966,0.3650314509868622,0.004975215599350553,-0.035688809547502504,72.55287170410156,77.42805862426758,764.1386566162109,-1069.825927734375,71.19823651307217,24.525389504654683,16.125000000000153,16.68616188897027,0.08301793701118892,0.747072696685791,0.0257200628745233,0.01633851305328484,-0.014253620983510781,646,0.021607687696814537,-1.5330723340029504,4.192552023161888
0.1474477380514145,-0.5428831875324249,0.21152278035879135,0.004087975940035224,-0.035130619305400304,67.0309066772461,72.81079483032227,1038.9853210449219,-769.9536437988281,90.30170292843603,-2.2202586887458935,16.15000000000015,16.686018837822807,0.06821242471536,0.7115334868431091,0.04397643370177459,0.019300517748225148,-0.012392080744221101,647,0.07162244617938995,-1.1165869459909812,4.2138723907532905
0.47079337611794475,-0.6699543446302414,0.06457665376365185,0.0032351298098563723,-0.03299659919559539,62.0363712310791,69.27426147460938,1314.2538146972656,-453.0659713745117,116.27633595451807,-21.469099783761344,16.17500000000015,16.685656441582573,0.05398044983545939,0.6683473587036133,0.061228782395093,0.022339463871830827,-0.010345551718009093,648,0.14709047973155975,-0.7023878701052284,4.260884488398018
0.7911542788147927,-0.8035495281219482,-0.07385998032987118,0.002447921497946592,-0.029895052661764683,58.220895767211914,65.79458808898926,1580.5536499023438,-132.60057067871094,149.13268132190865,-32.79574906817142,16.20000000000015,16.685060924953884,0.04084379722674688,0.6210269331932068,0.07733269696377439,0.025456846851471798,-0.008110621729728092,649,0.24646110832691193,-0.2940319556959447,4.343499254063868
1.0968112453818322,-0.943206787109375,-0.20343530178070068,0.0017431116242307557,-0.026462496010383148,55.08813285827637,63.37946128845215,1829.3031616210938,178.5744514465332,188.6465225694275,-36.11076333518701,16.225000000000147,16.684220631917317,0.02908248868253496,0.5726192593574524,0.09223939994797825,0.02864295395139902,-0.00569685943395097,650,0.36804670095443726,0.10255993968564181,4.470253430975399
1.3799238145351411,-1.0888900458812714,-0.3249504119157791,0.001122922133706236,-0.02318151691751375,53.20534133911133,61.597970962524414,2054.612060546875,471.9696044921875,234.37910160991862,-31.646402049069003,16.250000000000146,16.683135562472874,0.01873387023806572,0.5244660377502441,0.10594839616618942,0.03188339265845576,-0.0031286228718275934,651,0.5101277232170105,0.47888960968115707,4.647660264493991
1.6330457001924517,-1.238625705242157,-0.4395599663257599,0.0005778695461416662,-0.0205185909346245,52.21576690673828,60.83493137359619,2250.4547729492188,739.9649810791016,285.7444031235577,-19.84716193680705,16.275000000000144,16.681812074449326,0.009639913009272682,0.47756943106651306,0.11847535665694733,0.03512039214263602,-0.00044471292204649297,652,0.6709980964660645,0.8240040226005393,4.879439046309539
1.8544006496667864,-1.391236662864685,-0.5484116971492767,9.161123794403321e-05,-0.018580134233804668,52.48798704147339,60.313313484191895,2414.3742065429688,981.7261962890625,342.0057724472603,-1.3480374098675973,16.300000000000143,16.680267122056748,0.0015280999812401002,0.4312937259674072,0.12982746363281678,0.038306220442886625,0.002303766460675744,653,0.8489746451377869,1.1249992432748193,5.165702048534862
2.0457849949598312,-1.547006607055664,-0.6526496410369873,-0.00035459596551988185,-0.017285334440132565,53.990872859954834,61.247151374816895,2547.755126953125,1199.1316833496094,402.3651276108112,23.19511749732461,16.32500000000014,16.6785282558865,-0.005914138940473397,0.3849474787712097,0.14002380030748388,0.04142133245351992,0.005057529123277319,654,1.0423965454101562,1.3679244037307716,5.502228517404542
2.208475196361542,-1.706503689289093,-0.752877414226532,-0.0007775358876811539,-0.016601673940579403,56.54104042053223,62.97027587890625,2654.2760009765625,1390.8194580078125,466.0590057846204,53.17340958103395,16.35000000000014,16.676627265082466,-0.012966678995225165,0.34101468324661255,0.14910691067936263,0.04446253966330891,0.0077545357658898315,655,1.249634027481079,1.5390522765531596,5.8799871228450975
2.3441934019327166,-1.8698198795318604,-0.8494307696819305,-0.0011900780058115173,-0.016471637818275178,60.3558464050293,66.034010887146,2737.5430908203125,1556.3038940429688,532.4159058090197,87.94389603120271,16.37500000000014,16.674599117702908,-0.01984408125281334,0.30063509941101074,0.15712460681239837,0.04742861452143865,0.010335436907353297,656,1.4691226482391357,1.6264122592870771,6.285066074218804
2.458433020114899,-2.036798357963562,-0.9422617554664612,-0.0016025666786680516,-0.016616578280008138,65.29715156555176,70.38244819641113,2800.533447265625,1702.6497802734375,600.854483079516,126.851493382254,16.400000000000137,16.672484079996746,-0.026718789918555155,0.26145491003990173,0.16413269857618507,0.050321067539589905,0.012747915476261217,657,1.6993857622146606,1.6214208377923838,6.699125205091281
2.552050524950028,-2.2066359519958496,-1.031465619802475,-0.002024537011235676,-0.017077062759320756,71.37341117858887,75.73669242858887,2845.9212646484375,1828.73095703125,670.867819261148,169.4177378890702,16.425000000000136,16.67032029893663,-0.033749724841780133,0.22500565648078918,0.1702165902179302,0.05313589149255995,0.01495022694267525,658,1.939030647277832,1.5204107185726932,7.100415485760568
2.62485768198967,-2.378524661064148,-1.1164679527282715,-0.00246146382813424,-0.017906500119636733,78.50163078308105,82.40256690979004,2875.8848876953125,1932.0106201171875,742.0158508773528,215.13601181483443,16.450000000000134,16.668148040771484,-0.041028128729926214,0.19275112450122833,0.175429045616731,0.055872907449213055,0.016913275231388983,659,2.1867637634277344,1.3258380381215085,7.465333718972263
2.683780175447464,-2.551329255104065,-1.19720458984375,-0.0029198523684600473,-0.01878147337340386,86.58149147033691,90.16175079345703,2893.3331298828125,2022.2557983398438,813.9129730697316,263.4362773177502,16.475000000000133,16.666007571750217,-0.04866241994831297,0.1616472452878952,0.17985325526713875,0.058527413265749534,0.018621363296430455,660,2.4414052963256836,1.0469629593877818,7.770391627756935
2.7260352313518528,-2.723901391029358,-1.27338445186615,-0.0034038896988117053,-0.01993774717849981,95.51989936828613,98.89181709289551,2900.119140625,2092.51171875,886.2463013167996,313.99267227623443,16.50000000000013,16.66393491956923,-0.05672241664595074,0.13520897924900055,0.18356228965156254,0.061096456578429686,0.02007279649349665,661,2.701859712600708,0.6998633474615792,7.994407441873572
2.7585038483142856,-2.8948891162872314,-1.3446879982948303,-0.0039159131071498125,-0.021022820955733573,105.12232208251953,108.52565383911133,2898.2388916015625,2153.3892822265625,958.7492798324238,366.3054652449752,16.52500000000013,16.661961873372395,-0.0652471308906873,0.10964296013116837,0.18661578693366335,0.06357250771539025,0.021277891450919715,662,2.9671554565429688,0.3067101791885643,8.120671598488114
2.7787186801433563,-3.063316583633423,-1.411214292049408,-0.004457660930264027,-0.022262992657545423,115.19891738891602,118.83184051513672,2889.7608642578125,2198.3134765625,1031.205252122463,420.1401973006315,16.55000000000013,16.660117043389214,-0.07426564892133077,0.08841011673212051,0.1890905793108899,0.06595331755386684,0.022257959699204095,663,3.23639178276062,-0.10566636970309218,8.138833318644986
2.794134044647217,-3.2280365228652954,-1.4728383421897888,-0.005027577403540985,-0.02326425592303655,125.58184432983398,129.60095596313477,2876.9122314453125,2238.7219848632812,1103.4492737289095,475.09803421468825,16.575000000000127,16.65842056274414,-0.08375220828586155,0.06749243289232254,0.1910371836201697,0.06823166018880804,0.023041137119147553,664,3.508786916732788,-0.5077957450821504,8.04626780817261
2.8020168185234073,-3.3881102800369263,-1.5297969579696655,-0.005622060497576621,-0.024243496094669484,136.04488372802734,140.68722915649414,2861.91845703125,2267.4071044921875,1175.3720795150439,531.0660838362651,16.600000000000126,16.656889385647244,-0.09364702635341221,0.050669215619564056,0.19251021130860616,0.07040211567127659,0.02366032415318558,665,3.7836105823516846,-0.8699758118114984,7.8487486755767275
2.8082473933696748,-3.542946219444275,-1.5825064778327942,-0.0062375289889128925,-0.024920084653171724,146.35881805419922,151.92979049682617,2846.3553466796875,2293.586181640625,1246.920040940827,587.7512614485662,16.625000000000124,16.65552881028917,-0.10389069716135661,0.03462739288806915,0.19357492646766303,0.07246140498418037,0.024148117476941816,666,4.060242652893066,-1.164814593096684,7.560325690414347
2.813360244035721,-3.6918041706085205,-1.6309812664985657,-0.00686528859285826,-0.02527404997096228,156.5355453491211,163.0483512878418,2831.8458251953125,2316.627685546875,1318.0789246078211,645.0909159895785,16.650000000000123,16.6543451944987,-0.11433867944611444,0.020197609439492226,0.1942515691216249,0.07440327802133606,0.024534987398357064,667,4.338111877441406,-1.3696390129494995,7.202399693348429
2.8164406299591067,-3.834282636642456,-1.6759876012802124,-0.007499828334461671,-0.025434445089396105,166.32474517822266,173.83585357666016,2818.9434814453125,2334.3294677734375,1388.8750702377058,703.0066081282476,16.67500000000012,16.65333324008518,-0.12489948007795545,0.008534720167517662,0.1946090818532112,0.07622481362792301,0.02484694343054622,668,4.616708278656006,-1.468520872706251,6.802089333561081
2.820127630233765,-3.970022678375244,-1.7178354263305664,-0.008134286412726968,-0.02527829022276039,175.6257095336914,184.22633361816406,2807.7149658203125,2351.47412109375,1459.3486572738402,761.3648448225814,16.70000000000012,16.652487648857964,-0.13545908861690098,-0.0023411649744957685,0.19468488207573761,0.07792321964598582,0.025103807398278964,669,4.895608901977539,-1.4537017087273054,6.390043447488006
2.8239463508129123,-4.098719120025635,-1.756571888923645,-0.008761252789980467,-0.024853817715109985,184.3171844482422,194.0876007080078,2797.6373291015625,2367.7308349609375,1529.5415314193494,820.151697849923,16.72500000000012,16.65179994371202,-0.1458943552441067,-0.012470169924199581,0.19449711257413022,0.0794968107938972,0.02532036816798364,670,5.17442512512207,-1.3262874864473186,5.997927447476027
2.8263853669166568,-4.219993352890015,-1.7925788164138794,-0.009375492170055828,-0.02428136291641905,192.4239959716797,203.3069305419922,2788.767822265625,2380.2802124023438,1599.4824646468896,879.3449687239446,16.750000000000117,16.65125846862793,-0.1561183234055837,-0.020627014338970184,0.19407917937531272,0.08094208335034797,0.02550688307104626,671,5.452798843383789,-1.0961644884212995,5.655827657179324
2.8285913169384003,-4.333539009094238,-1.826078176498413,-0.009973308376643267,-0.023533389157135074,199.8695068359375,211.8321075439453,2780.8155517578125,2391.524169921875,1669.2016602035312,938.8519740340017,16.775000000000116,16.650853686862522,-0.16606960031721327,-0.027930349111557007,0.19347044732914784,0.08225703994452062,0.02566951898986604,672,5.730432987213135,-0.7811445199689065,5.389818802959208
2.8307464480400086,-4.4390482902526855,-1.8569936156272888,-0.010550189640349162,-0.022613672716460014,206.64318084716797,219.60971069335938,2773.5484619140625,2402.0347290039062,1738.7220489974775,998.6400782820473,16.800000000000114,16.650572882758247,-0.1756732331381904,-0.034692540764808655,0.19268593000628095,0.08344061947316829,0.02581201475294209,673,6.007065773010254,-0.4054441726398712,5.219919641184317
2.8327520430088047,-4.536090612411499,-1.8853680491447449,-0.011102115212105874,-0.021542143610082828,212.75592041015625,226.65335845947266,2766.891845703125,2411.709716796875,1808.06076054533,1058.6909465071437,16.825000000000113,16.65040440029568,-0.18486231565475464,-0.04089522361755371,0.19173940926535316,0.08448978842936182,0.02593693573341822,674,6.282456398010254,0.0023337202240289456,5.1586025484628335
2.834106630086899,-4.624401569366455,-1.9110212326049805,-0.011625831041956459,-0.02036645161556992,218.2164306640625,232.95761108398438,2760.8062744140625,2419.673583984375,1877.2330566879089,1118.9836894270645,16.85000000000011,16.650337643093533,-0.19358272353808084,-0.046180158853530884,0.19064867835139757,0.08540418062845131,0.02604618983654412,675,6.556384086608887,0.4115252052090026,5.209965981825265
2.8347921013832096,-4.703585386276245,-1.934120535850525,-0.012119088007136566,-0.01911194045576367,223.05106353759766,238.54832458496094,2755.3377685546875,2425.849365234375,1946.253213548261,1179.475529026673,16.87500000000011,16.650360955132378,-0.20179705487357247,-0.05049990490078926,0.1894377057142249,0.08618074175756162,0.026141173141297477,676,6.828660011291504,0.791823075130373,5.369618073828125
2.835272252559662,-4.773463249206543,-1.9545716643333435,-0.012579959477045086,-0.017772081224804188,227.29222869873047,243.4612045288086,2750.490966796875,2431.082763671875,2015.1366577621288,1240.1217631575316,16.90000000000011,16.650464799669052,-0.20947322249412537,-0.0542033426463604,0.1881274803921764,0.08681995867582948,0.02622294467033052,677,7.099128723144531,1.1155723456764473,5.625246880250804
2.8357360482215883,-4.833690881729126,-1.972434401512146,-0.013006245222890804,-0.016348338661291012,230.97716522216797,247.73336029052734,2746.3284912109375,2435.6558227539062,2083.8989319320513,1300.898832249328,16.925000000000107,16.650641759236652,-0.2165745364295112,-0.05738748237490654,0.1867312682564319,0.0873193929263818,0.02629261338056591,678,7.367657661437988,1.3597572714294404,5.957785673537096
2.8361817359924317,-4.884087562561035,-1.9876405000686646,-0.013396011331991512,-0.014853444963888789,234.1445770263672,251.40933227539062,2742.8328857421875,2439.5822143554688,2152.557144212325,1361.7902278181753,16.950000000000106,16.650882297092014,-0.22306876050101387,-0.060065917670726776,0.18526183583546704,0.08767909860467824,0.026351458837683656,679,7.634133815765381,1.5075394079323288,6.3430400737906805
2.8366268396377565,-4.924467086791992,-2.0000895261764526,-0.01374762661817953,-0.013298841322311846,236.83454132080078,254.53350067138672,2740.02880859375,2442.8684692382812,2221.1279663558803,1422.7797831770615,16.975000000000104,16.651182174682617,-0.22892865869734022,-0.062234848737716675,0.18373184978921653,0.08789857636801439,0.026400858395310024,680,7.89846134185791,1.5492550228092106,6.753619470933848
2.837092971801758,-4.954635143280029,-2.0098769068717957,-0.014059734533774607,-0.011695821204057804,239.0857162475586,257.14695739746094,2737.9281005859375,2445.5400390625,2289.6286865707243,1483.8514949080181,17.000000000000103,16.651535034179688,-0.2341315978103214,-0.06390156596899033,0.18215397677761502,0.08797678591908946,0.02644217484290908,681,8.160562515258789,1.482830969840951,7.161002530112036
2.8375728309154513,-4.974524259567261,-2.017032265663147,-0.014331291660584023,-0.01005709184065608,240.93405151367188,259.29083251953125,2736.50537109375,2447.6075439453125,2358.076889085373,1544.9899958845804,17.0250000000001,16.65193663703071,-0.238660110367669,-0.06508157402276993,0.1805406004997314,0.08791448875552761,0.02647667734318782,682,8.420378684997559,1.3136285977659379,7.537569812017636
2.8380716741085052,-4.98400092124939,-2.021543800830841,-0.014561552105443095,-0.008394338371538052,242.41220092773438,261.00162506103516,2735.758056640625,2449.080322265625,2426.4895233627167,1606.180184483213,17.0500000000001,16.65238380432129,-0.24250171250767177,-0.0657787099480629,0.17890380504901188,0.08771091505732628,0.026505489417231114,683,8.67786693572998,1.0537713790746408,7.858454747395491
2.8385938823223116,-4.983044147491455,-2.0235302448272705,-0.014750067500215177,-0.006719214207067414,243.54894256591797,262.31002044677734,2735.6785888671875,2449.9727172851562,2494.8834747787323,1667.4071925398534,17.0750000000001,16.652874416775173,-0.2456488377518124,-0.06600288301706314,0.17725555800560502,0.08736697612492095,0.026529568138555712,684,8.933001518249512,0.7210456569618311,8.103093075152692
2.839149969816208,-4.971620559692383,-2.0230353474617004,-0.014896667236142934,-0.005042702806146143,244.3688507080078,263.24147033691406,2736.261474609375,2450.3073120117188,2563.275439500412,1728.6565104719823,17.100000000000097,16.653405295477974,-0.24809858865208095,-0.06576520204544067,0.17560754398879355,0.08688307975485356,0.02654971037489404,685,9.185776710510254,0.3374864490150201,8.256384930251478
2.8397484064102176,-4.949690341949463,-2.020143210887909,-0.015001456383253748,-0.0033756874990610117,244.882568359375,263.8025207519531,2737.50439453125,2450.1022338867188,2631.6819763656463,1789.9141932722753,17.125000000000096,16.653975380791557,-0.24985262089305454,-0.06507475674152374,0.17397118130175118,0.08625925507544852,0.026566577755329408,686,9.436199188232422,-0.07222655459800137,8.309423409316198
2.8404049634933473,-4.917288064956665,-2.014948844909668,-0.015064805287386707,-0.001728410012738515,245.07823944091797,263.9717559814453,2739.4114990234375,2449.382568359375,2700.1195862289273,1851.1667491194432,17.150000000000095,16.6545836130778,-0.2509170439508226,-0.06394266337156296,0.17235767186581305,0.08549657151233105,0.026580727879215057,687,9.684294700622559,-0.4824393217602663,8.25977785206711
2.8411362886428835,-4.874502182006836,-2.0075578689575195,-0.015087335006030397,-0.00011079740042629935,244.95084381103516,263.7410583496094,2741.98876953125,2448.1732177734375,2768.604873704513,1912.4013133284277,17.175000000000093,16.65522787306044,-0.2513020568423801,-0.06237762048840523,0.17077791799669167,0.08459681005448016,0.026592628880336346,688,9.930103302001953,-0.8681460709352775,8.111352256961018
2.841955524682999,-4.82143497467041,-1.9980867505073547,-0.015069911066539092,0.0014672199686803433,244.5060272216797,263.11582946777344,2745.2357177734375,2446.4984130859375,2837.154592942794,1973.6056437727639,17.20000000000009,16.655902862548828,-0.25102196468247306,-0.06038974970579147,0.16924268885204505,0.08356174336849645,0.026602703119397414,689,10.173681259155273,-1.2064654291740844,7.873866624414952
2.842875522375107,-4.758094072341919,-1.9866638779640198,-0.015013649707916568,0.002996070010278379,243.7581329345703,262.108642578125,2749.1473388671875,2444.384521484375,2905.7854858871297,2034.7681040999125,17.22500000000009,16.65660858154297,-0.2500952614678277,-0.05799153447151184,0.1677623374706109,0.08239122997394699,0.026611323022831944,690,10.415099143981934,-1.4778936383031955,7.562026452073579
2.8439202308654785,-4.684676170349121,-1.9734567403793335,-0.014919893953978167,0.004467089664849939,242.7223663330078,260.7349166870117,2753.733642578125,2441.8634643554688,2974.514169358809,2095.877717137022,17.25000000000009,16.65734079149034,-0.24854419959916008,-0.05519353970885277,0.1663470337988019,0.08108817021970643,0.026618829808154602,691,10.654443740844727,-1.6672805155210164,7.19445796490107
2.845097243785858,-4.601315259933472,-1.9585555791854858,-0.014790205290972415,0.005870982835714965,241.41604614257812,259.0120620727539,2758.977294921875,2438.9642944335938,3043.3575104232614,2156.924303745909,17.275000000000087,16.658098432752823,-0.24639465742641026,-0.05201368406414986,0.16500656495362415,0.07965414951886124,0.026625539725744843,692,10.891816139221191,-1.7644975676898695,6.792491275714271
2.8464267134666446,-4.508213043212891,-1.9422059059143066,-0.014626371989959404,0.007199631822960895,239.8532485961914,256.95521545410156,2764.8751220703125,2435.7245483398438,3112.331942796308,2217.8984111067493,17.300000000000086,16.658878326416016,-0.24367633793089125,-0.04846879094839096,0.16375025199889287,0.07809167290731174,0.026631754461819895,693,11.127327919006348,-1.764790376170486,6.378872529921183
2.8479101002216343,-4.405599355697632,-1.9244875311851501,-0.014430381018783685,0.008444307491936615,238.05152893066406,254.58129119873047,2771.3935546875,2432.178466796875,3181.4538208480653,2278.791524815246,17.325000000000085,16.659679412841797,-0.24042220579253304,-0.04458612948656082,0.16258691665571903,0.0764034701251753,0.026637752816056376,694,11.36110782623291,-1.6688230833987476,5.976479096634826
2.8495549976825716,-4.293615341186523,-1.9055761098861694,-0.014204429485344576,0.009597350133616242,236.02196502685547,251.9017105102539,2778.5079345703125,2428.363037109375,3250.738659715252,2339.595986485168,17.350000000000083,16.660499572753906,-0.23666881852679783,-0.04039197415113449,0.1615246815654273,0.07459045663407661,0.026643794862779496,695,11.593295097351074,-1.4824399493906353,5.607103318389676
2.851202815771103,-4.172636032104492,-1.885744869709015,-0.013950951685325976,0.01064173996400984,233.77373504638672,248.92599487304688,2786.141357421875,2424.0610961914062,3320.201358079509,2400.3050624129028,17.37500000000008,16.661337746514214,-0.23245659139421251,-0.035822123289108276,0.16057113673712442,0.07265735122257215,0.02665011362858463,696,11.8240385055542,-1.2161809007989357,5.290358388226403
2.8524835109710693,-4.042863249778748,-1.8651886582374573,-0.013673176701549605,0.011541680352996459,231.314208984375,245.6623306274414,2794.1993408203125,2418.6890258789062,3389.8548920150556,2460.906589817688,17.40000000000008,16.662191814846462,-0.2278393010298411,-0.030666379258036613,0.15973936494966542,0.07060522747747637,0.026656804820823454,697,12.053503036499023,-0.8845914802298029,5.042748476801302
2.853529387712479,-3.9047389030456543,-1.8442630171775818,-0.013374845443109186,0.012291757593422676,228.64370727539062,242.12491607666016,2802.5087890625,2412.6598510742188,3459.709875535563,2521.373815464661,17.42500000000008,16.663059658474392,-0.22287915150324503,-0.02516315132379532,0.15904160009930784,0.06843878130080513,0.026663689508360226,698,12.281872749328613,-0.5053746195473443,4.876934373986017
2.8547101974487306,-3.7585734128952026,-1.8231548070907593,-0.01305944394625974,0.01291240520487104,225.83875274658203,238.31195831298828,2811.149658203125,2406.5639038085938,3529.7725952621245,2581.6903117415172,17.450000000000077,16.663941277398003,-0.21763417455885145,-0.01951892115175724,0.15848238620466165,0.06616042826289094,0.026670466004977716,699,12.509343147277832,-0.0984353613637356,4.801210611953658
2.8559497117996218,-3.604689121246338,-1.8020540475845337,-0.012730249147498823,0.013394673509662667,222.8188705444336,234.21508026123047,2819.937255859375,2400.45068359375,3600.051336717202,2641.8544093367327,17.475000000000076,16.664834552341038,-0.21215895811716715,-0.013848886825144291,0.1580650522170894,0.0637730354230948,0.026676984507864605,700,12.736115455627441,0.3151348096933262,4.819198453818336
2.8570396900177,-3.4435402154922485,-1.7811272144317627,-0.012390888563514372,0.013727048497272165,219.58596801757812,229.8712921142578,2828.43701171875,2394.3711547851562,3670.549768113686,2701.865676426577,17.500000000000075,16.665736304389107,-0.20651385188102722,-0.008327608928084373,0.15778781714761217,0.061280824307863434,0.026683232533453286,701,12.96239185333252,0.7140934219922224,4.929753233230353
2.8577973008155824,-3.2756237983703613,-1.7606263756752014,-0.012045183206292264,0.01390475728368341,216.1746368408203,225.3057632446289,2836.2464599609375,2388.3882446289062,3741.260693406654,2761.724955296206,17.525000000000073,16.66664653354221,-0.2007625334792667,-0.0031369891948997974,0.15764487197610216,0.058688049733157145,0.02668915390568951,702,13.188370704650879,1.0780650253182102,5.12708002480803
2.858028614521027,-3.1013195514678955,-1.7406619787216187,-0.011696949926629185,0.013928831843818806,212.73780059814453,220.46090698242188,2842.9476318359375,2382.5557861328125,3812.1668549056767,2821.4346614119295,17.55000000000007,16.667565239800346,-0.1949685646428002,0.0015142685733735561,0.1576255807029559,0.05599623469422434,0.026694555129275325,703,13.414236068725586,1.3885078047202883,5.401047196340157
2.85659750699997,-2.9213008880615234,-1.7215428948402405,-0.011350626632810395,0.013741688601186495,209.0622787475586,215.34064483642578,2847.6114501953125,2375.7315063476562,3883.240545701575,2880.9985560652503,17.57500000000007,16.66849136352539,-0.1892059544722239,0.005798308178782463,0.1577182919984043,0.05321121525892256,0.02669898055399298,704,13.640155792236328,1.6295962439155895,5.7376859583567565
2.853224474191666,-2.736228585243225,-1.7034321427345276,-0.011011745625881617,0.013340386635317083,205.21894073486328,209.9864730834961,2849.145263671875,2368.4905395507812,3954.430831956457,2940.391843723942,17.60000000000007,16.66942384507921,-0.1835668749279446,0.00904728751629591,0.15790792571277473,0.05033671777218332,0.026701300416973793,705,13.866283416748047,1.788986033673435,6.119861394244559
2.847620666027069,-2.5467952489852905,-1.6865068078041077,-0.010685363791022098,0.012747117568231494,201.19688415527344,204.40882873535156,2846.136962890625,2361.713134765625,4025.659463548254,2999.6041072127123,17.625000000000068,16.670362684461807,-0.17813566658231947,0.010358388535678387,0.15815554975988166,0.047375865206503665,0.026699694197941336,706,14.092731475830078,1.8584334885251486,6.528091970710542
2.8384709239006045,-2.353984236717224,-1.6707180738449097,-0.010376495361221752,0.01194360857784096,196.9863510131836,198.61767578125,2836.165771484375,2355.410888671875,4096.81288762052,3058.6469355818535,17.650000000000066,16.67130682203505,-0.17299595806333753,0.008807024918496609,0.15840179229217313,0.04433513861406765,0.02669178169667136,707,14.319541931152344,1.8342459305938315,6.941494412808802
2.8243826925754547,-2.1587294340133667,-1.6559244990348816,-0.010090456255687729,0.0109268032706757,192.56771087646484,192.62474060058594,2816.7169189453125,2349.5462646484375,4167.71703190763,3117.5322077986507,17.675000000000065,16.672258377075195,-0.1682364112801022,0.0034658608492463827,0.1585639122235317,0.04121709296504606,0.026674371281044967,708,14.54665756225586,1.7175324682768442,7.338832429582638
2.803158783912659,-1.9622604846954346,-1.6419382691383362,-0.009832728841195312,0.009679301634082324,187.91516876220703,186.44403076171875,2783.8248291015625,2344.0599365234375,4238.134954881264,3176.270864414862,17.700000000000063,16.67321840922038,-0.16394851936234367,-0.007137666922062635,0.15853018994622856,0.03802674665361803,0.02664305625169592,709,14.773880958557129,1.5142206093053288,7.699638451774706
2.7728257298469545,-1.7659357786178589,-1.6283047795295715,-0.009608858942655127,0.008232165385017136,182.99701690673828,180.09008026123047,2733.998046875,2338.8291625976562,4307.730575608805,3234.872362827948,17.725000000000062,16.674186918470596,-0.16022483507792154,-0.024267543107271194,0.15815260363792577,0.034767209128415674,0.02659176127238747,710,15.00083065032959,1.2348026430478116,8.005362750368494
2.7295589685440067,-1.571305274963379,-1.6143274903297424,-0.009424262347815205,0.006539033674269439,177.76109313964844,173.5807113647461,2660.4625244140625,2333.622802734375,4376.080526780684,3293.34309189289,17.75000000000006,16.675166024102104,-0.15715579191843668,-0.05041786655783653,0.1572391227392718,0.03144166786036869,0.026512303364551435,711,15.226880073547363,0.8937800759474362,8.240486269537758
2.671477323770523,-1.3800317645072937,-1.5990886092185974,-0.009283436261906957,0.004732144933529278,172.31153869628906,166.94348907470703,2560.0933837890625,2328.1181030273438,4442.59208989104,3351.6836619612495,17.77500000000006,16.67615572611491,-0.15481647517946032,-0.08663156628608704,0.155551527490759,0.02805056913701912,0.026393982030151655,712,15.45109748840332,0.5087874258788381,8.39351002297325
2.5953091084957123,-1.1941322684288025,-1.5812059044837952,-0.00918869846731659,0.002892307636603467,166.33367156982422,160.1926612854004,2427.8129272460938,2321.4074096679688,4506.594424485772,3409.8866145369334,17.800000000000058,16.677154964870876,-0.15324566099378797,-0.1344066560268402,0.15281136775566284,0.024600578143173273,0.02622347106076473,713,15.672176361083984,0.09940380070764354,8.457712089563262
2.497726559638977,-1.0157899260520935,-1.5590726733207703,-0.009139947014908629,0.0011209495999867335,159.85845565795898,153.3568458557129,2259.7135620117188,2311.30029296875,4567.289747666931,3467.921799778633,17.825000000000056,16.67816056145562,-0.1524417433473799,-0.1942276656627655,0.14872319910055265,0.021102421384299817,0.025984899680769467,714,15.888395309448242,-0.314293221061358,8.431547565285
2.3802708923816684,-0.8481938540935516,-1.5306155681610107,-0.009130799680742588,-0.0002089552211570211,153.00999069213867,146.47553253173828,2058.0429077148438,2298.3616943359375,4623.782586717234,3525.7043071028525,17.850000000000055,16.679165098402237,-0.15229834450615776,-0.26514944434165955,0.1429943567663855,0.017590725156056294,0.025660647334484712,715,16.097610473632812,-0.7133128130508308,8.318573742203464
2.24521566927433,-0.6951469630002975,-1.4932851791381836,-0.009145360722062056,-0.0007076414329314845,145.9453125,139.65102767944336,1828.1792602539062,2281.3673706054688,4675.233659410116,3583.1633494612515,17.875000000000053,16.68015374077691,-0.15255029002825418,-0.344074547290802,0.13538377474023883,0.01413001962016073,0.025233738450555807,716,16.29728889465332,-1.0812885684692555,8.126837231770839
2.0983488440513614,-0.5583068132400513,-1.4443772435188293,-0.009156781105830371,8.070637025220527e-05,138.27348709106445,132.8418197631836,1582.1118774414062,2258.9216918945312,4720.938140916476,3640.1975337263893,17.900000000000052,16.68111695183648,-0.15274960133764479,-0.4252550005912781,0.12576111625388842,0.01077104813827782,0.02469074279082927,717,16.484622955322266,-1.405742015468928,7.8677512373825325
1.9414901137351992,-0.4341423362493515,-1.381388545036316,-0.0091300475457941,0.002301027617957031,130.92558670043945,126.15495300292969,1328.3729553222656,2225.8190307617188,4760.4909378525235,3696.6705760237537,17.92500000000005,16.68203565809462,-0.1523120039039188,-0.5036078691482544,0.1141218789006164,0.0074981711408614775,0.024024349145874986,718,16.656715393066406,-1.6788592718442132,7.554608565323173
1.7743275552988054,-0.320026658475399,-1.3028411269187927,-0.009032134763841656,0.005769599621967011,122.88545608520508,119.4371452331543,1070.0393981933594,2178.4136352539062,4793.700261735593,3752.316051792798,17.95000000000005,16.68289926317003,-0.15068630377451578,-0.5764021277427673,0.10060277439050627,0.004315897991617816,0.023232920087741485,719,16.810762405395508,-1.8976655306844046,7.200988230513079
1.5988258749246598,-0.21280185063369572,-1.2074324488639832,-0.008828841945911535,0.010486532808215163,115.00873565673828,112.95610809326172,811.7626876831055,2115.6502685546875,4820.45124669044,3806.776392674148,17.975000000000048,16.683690812852646,-0.14730150500933328,-0.6418179869651794,0.08535135017032687,0.0012161361528252369,0.022318790043571787,720,16.944177627563477,-2.0636375850885553,6.819347695113796
1.4110574126243591,-0.10901731252670288,-1.0955107808113098,-0.008498383706078784,0.015945092379766383,107.3384895324707,106.53693389892578,554.9272947311401,2028.9525756835938,4840.745313882529,3859.667649388018,18.000000000000046,16.684399710761177,-0.14179383714993796,-0.6959987878799438,0.06862108924158328,-0.0018177458685386693,0.021286041139974277,721,17.054641723632812,-2.181936641008939,6.420025322685697
1.206845597922802,-0.00738321989774704,-0.9680933952331543,-0.008026964141688677,0.02163671287651046,99.94445419311523,100.08264541625977,298.67723083496094,1911.5270385742188,4854.61849625082,3910.391463780112,18.025000000000045,16.685015360514324,-0.1339329034090042,-0.7363759279251099,0.05068041743620946,-0.004771238070740756,0.020136822631172436,722,17.140226364135742,-2.260473988193683,6.010746695571575
0.9822918310761453,0.09489782154560089,-0.8275628089904785,-0.0074157780341912,0.026975092102385353,92.43214797973633,93.86944580078125,38.5242919921875,1760.7206420898438,4862.085427021704,3958.1796397444728,18.050000000000043,16.68551974826389,-0.12373838159773085,-0.7637148499488831,0.03188140673090851,-0.007676603063933949,0.0188691371463487,723,17.19945526123047,-2.3089976081099635,5.596622358672339
0.7344214528799058,0.199693005066365,-0.6774081885814667,-0.006681733855765102,0.03139680087808196,85.11507034301758,87.91424560546875,-225.21998596191406,1570.7661743164062,4863.04853432152,4002.1976557967255,18.075000000000042,16.685890621609158,-0.1114923424190945,-0.7750720381736755,0.01260435236815453,-0.010554519877863794,0.017475348903315115,724,17.23136329650879,-2.338336576269031,5.180558039250968
0.4617584511637688,0.308238971978426,-0.5217542946338654,-0.005854753157524994,0.034403081146293486,78.54393768310547,82.50832748413086,-493.06610202789307,1339.471435546875,4857.418034672483,4041.4668101546436,18.10000000000004,16.68611208597819,-0.09769419001208411,-0.7694510221481323,-0.006737596780521416,-0.013429947390389956,0.015942293980027198,725,17.235557556152344,-2.3598387437185386,4.76395561758238
0.1663641318678856,0.42254267632961273,-0.3650027811527252,-0.0049750460308905205,0.03568884283701613,72.55180358886719,77.4272346496582,-764.1869049072266,1069.7716674804688,4845.091382121796,4074.9535960433245,18.12500000000004,16.68616188897027,-0.0830151057905621,-0.7470657229423523,-0.025723425115399524,-0.0163390358026785,0.014253299531644831,726,17.212249755859375,-2.384964498072092,4.347579670707665
-0.14750711806118488,0.5429080277681351,-0.21149520203471184,-0.004087809752541419,0.03513026976550723,67.02998542785645,72.80986404418945,-1039.0356750488281,769.895263671875,4825.986709499126,4101.697887730346,18.150000000000038,16.686018837822807,-0.06820964730448192,-0.7115253806114197,-0.04397962117270428,-0.019301091472186546,0.012391727043138826,727,17.1622314453125,-2.4249588481740276,3.932471163200635
-0.470853066444397,0.6699822396039963,-0.06455069594085217,-0.0032349766260788278,0.032996033273863745,62.0356502532959,69.27371597290039,-1314.3053894042969,453.0082321166992,4800.010817622915,4120.945269322154,18.175000000000036,16.685656441582573,-0.05397789594199923,-0.6683401465415955,-0.06123179093488695,-0.022340089090508615,0.01034516264681859,728,17.08675765991211,-2.490518314611439,3.520800262418206
-0.7912151008844376,0.8035795092582703,0.07388421893119812,-0.0024477872995947872,0.02989425579403226,58.22034740447998,65.79406356811523,-1580.60791015625,132.54341888427734,4767.153182887818,4132.270475125082,18.200000000000035,16.685060924953884,-0.0408415620525678,-0.6210210919380188,-0.0773355432171894,-0.02545751784323082,0.008110198328726661,729,16.987382888793945,-2.5913842381109267,3.1165654518981456
-1.0968683436512947,0.9432381391525269,0.2034580260515213,-0.0017429973215648288,0.026461815655948417,55.087674140930176,63.37911605834961,-1829.353271484375,-178.62896347045898,4727.637985133921,4135.584060597201,18.225000000000033,16.684220631917317,-0.02908058050605986,-0.5726134777069092,-0.09224208807620356,-0.028643640547617557,0.005696401703138613,730,16.865793228149414,-2.7358184799461913,2.726065183447164
-1.379974925518036,1.0889205932617188,0.3249719440937042,-0.0011228248659086101,0.023181067509079802,53.20511817932129,61.59776306152344,-2054.655517578125,-472.02000427246094,4681.904153346819,4131.118336510449,18.250000000000032,16.683134502834744,-0.018732245597574446,-0.524459719657898,-0.105950926169225,-0.03188406677110669,0.0031281354925421626,731,16.723709106445312,-2.9299457813215715,2.358081832341311
-1.6330909699201586,1.2386547327041626,0.43958069384098053,-0.0005777835915771867,0.020518228911163817,52.21572685241699,60.834900856018066,-2250.490234375,-740.0126800537109,4630.537765407373,4119.317836403647,18.27500000000003,16.681812074449326,-0.009638477737704912,-0.4775613248348236,-0.11847771189003636,-0.03512103400607062,0.00044420431419426773,732,16.562835693359375,-3.176989451296335,2.023724637916991
-1.8544390559196473,1.3912648558616638,0.548431858420372,-9.153123257974263e-05,0.018579980269804147,52.48818111419678,60.313334465026855,-2414.4022216796875,-981.7688598632812,4574.275509548003,4100.8175194023115,18.30000000000003,16.680267122056748,-0.0015267653442505333,-0.43128520250320435,-0.12982961912882407,-0.03830682173472649,-0.0023042853089545244,733,16.384855270385742,-3.4764820019772227,1.7358899947379534
-2.045817267894745,1.5470346212387085,0.6526692509651184,0.00035467353268737366,0.01728527930437562,53.991286277770996,61.24746036529541,-2547.7771606445312,-1199.1688842773438,4513.915454006016,4076.2732979057364,18.325000000000028,16.6785282558865,0.005915432961450683,-0.38493940234184265,-0.140025747744031,-0.041421900455846164,-0.005058045630887172,734,16.191431045532227,-3.823579944231622,1.5083253280601532
-2.208502942323685,1.706532061100006,0.7528964281082153,0.0007776136499043897,0.016601699948011923,56.5416898727417,62.97076988220215,-2654.2935791015625,-1390.8529663085938,4450.221024989907,4046.294075798809,18.350000000000026,16.676627265082466,0.012967975603209602,-0.34100663661956787,-0.14910862508931436,-0.04446308061790533,-0.0077550377093374735,735,15.984189987182617,-4.208644011428894,1.354338597522661
-2.3442176431417465,1.8698487877845764,0.8494492769241333,0.001190157718592192,0.01647169191373482,60.356714725494385,66.03475379943848,-2737.556884765625,-1556.3345947265625,4383.8636855123705,4011.5227516410987,18.375000000000025,16.674599117702908,0.019845412009292178,-0.3006269931793213,-0.15712610484051154,-0.04742913467008905,-0.010335912323219768,736,15.764699935913086,-4.617238325059415,1.2852633968529172
-2.45845200419426,2.0368277430534363,0.9422795474529266,0.0016026489921919782,0.016616787379765602,65.29821586608887,70.38343334197998,-2800.5430908203125,-1702.675048828125,4315.424763393232,3972.614386772939,18.400000000000023,16.672483020358616,0.02672016206714842,-0.2614477574825287,-0.1641340135119733,-0.05032156688229429,-0.01274835552201946,737,15.53443431854248,-5.030655139883217,1.3088505757917384
-2.552066880464554,2.206665515899658,1.0314827263355255,0.0020246229658001554,0.017077235448672692,71.37469863891602,75.73789024353027,-2845.9271240234375,-1828.7550659179688,4245.411186122726,3930.0475105522387,18.425000000000022,16.670319239298504,0.03375115700893932,-0.22499766945838928,-0.1702177054166367,-0.05313636794872372,-0.01495062433624416,738,15.294787406921387,-5.427002272151595,1.427786781127294
-2.6248699486255647,2.378554105758667,1.11648428440094,0.0024615548541480612,0.017906710259691497,78.5031099319458,82.40397834777832,-2875.888671875,-1932.0294799804688,4174.263008022141,3884.328633904292,18.45000000000002,16.668148040771484,0.04102964368131426,-0.1927446573972702,-0.17542999436786932,-0.05587336101883621,-0.016913626851876657,739,15.047053337097168,-5.782810479396849,1.6385575893385516
-2.683790105581284,2.551358461380005,1.1972200274467468,0.0029199480758117223,0.01878169183583703,86.58312797546387,90.16331100463867,-2893.3350830078125,-2022.271484375,4102.365791225267,3836.0278969047827,18.47500000000002,16.666007571750217,0.04866401354471842,-0.16164150834083557,-0.17985405421546577,-0.05852784394883207,-0.018621664982647692,740,14.792409896850586,-6.075030948040707,1.9308567400558396
-2.726042824983597,2.7239298820495605,1.2733990550041199,0.003403991127798534,0.019937969802122184,95.52167892456055,98.89358711242676,-2900.11962890625,-2092.5247802734375,4030.0324141500714,3785.471109795409,18.500000000000018,16.66393491956923,0.05672410544421938,-0.1352037489414215,-0.1835629720865919,-0.061096860213782404,-0.020073050326038046,741,14.531954765319824,-6.283225509491112,2.2876707454333554
-2.7585091054439546,2.894916534423828,1.3447016477584839,0.003916019997697471,0.021023043579355947,105.12420463562012,108.52755737304688,-2898.238037109375,-2153.3998413085938,3957.529423427415,3733.1579902885746,18.525000000000016,16.661961873372395,0.06524891075160769,-0.10963837802410126,-0.18661633621063817,-0.06357288014182394,-0.02127810159097448,742,14.266657829284668,-6.391697585748479,2.686099952227273
-2.7787221848964694,3.0633429288864136,1.4112269878387451,0.004457773802521165,0.022263211119978595,115.20086669921875,118.83379364013672,-2889.7589111328125,-2198.3218994140625,3885.073472499681,3679.3229942558605,18.550000000000015,16.660117043389214,0.07426751984490289,-0.08840596675872803,-0.18909101207456705,-0.06595366501316531,-0.022258128227366825,743,13.997421264648438,-6.391312396320119,3.0988760568845297
-2.794136381149292,3.22806179523468,1.4728500843048096,0.005027694957135976,0.023264480627253527,125.58381652832031,129.60300827026367,-2876.90966796875,-2238.7285766601562,3812.8294997213607,3624.3649467705095,18.575000000000014,16.65842056274414,0.0837541702720854,-0.06748884916305542,-0.19103751651530596,-0.06823198268097129,-0.02304127235779666,744,13.725025177001953,-6.28077199142212,3.496440146388097
-2.8020185708999636,3.3881349563598633,1.5298078656196594,0.005622182732509467,0.024243654219859207,136.04681777954102,140.68930435180664,-2861.9156494140625,-2267.41259765625,3740.9067580221417,3568.396732354006,18.600000000000012,16.656889385647244,0.09364906284544203,-0.05066609010100365,-0.19251047762471515,-0.07040241735749384,-0.023660430263510262,745,13.450201034545898,-6.067178703950068,3.849379383580575
-2.8082488536834718,3.5429710149765015,1.582516610622406,0.006237654344737641,0.02492017203814499,146.36073684692383,151.93185424804688,-2846.352783203125,-2293.59130859375,3669.35886678679,3511.7114174126,18.62500000000001,16.65552881028917,0.10389278332392375,-0.03462440147995949,-0.19357510955998797,-0.072461704589803,-0.02414820070072588,746,13.173568725585938,-5.765799084080999,4.130960712390704
-2.81336082816124,3.691829204559326,1.6309905648231506,0.006865415509128959,0.025274110308205727,156.53739547729492,163.05033493041992,-2831.8433837890625,-2316.6312866210938,3598.2000472067116,3454.3716346977567,18.65000000000001,16.65434413486057,0.11434079044395024,-0.020195305347442627,-0.19425166899016577,-0.0744035817881479,-0.024535056057978916,747,12.895699501037598,-5.399031235990963,4.31949558306018
-2.8164415061473846,3.834307909011841,1.6759963631629944,0.0074999557708810205,0.025434447169990708,166.3264923095703,173.83777618408203,-2818.9412841796875,-2334.3330688476562,3527.4039626119848,3396.4558525322295,18.675000000000008,16.65333324008518,0.12490160763263702,-0.008532529696822166,-0.19460913178748165,-0.07622512155592405,-0.024846999606600462,748,12.617103576660156,-4.994682151486174,4.400290539893031
-2.820128506422043,3.9700480699539185,1.7178435921669006,0.008134413328997668,0.02527823612730075,175.6273422241211,184.2281494140625,-2807.7130126953125,-2351.4775390625,3456.9304305074925,3338.0975258110384,18.700000000000006,16.652487648857964,0.13546120789315966,0.0023432348389178514,-0.19468488207573761,-0.07792352341279767,-0.0251038531713602,749,12.338202476501465,-4.583718304027941,4.36697200288494
-2.823946934938431,4.098743557929993,1.7565794587135315,0.008761378665953865,0.024853726168947515,184.31868743896484,194.08929443359375,-2797.635498046875,-2367.7337646484375,3386.7376051901097,3279.310587334476,18.725000000000005,16.651798884073894,0.14589644140667385,0.01247197762131691,-0.19449706263985977,-0.07949710207714142,-0.025320407699281074,750,12.059386253356934,-4.19772344828005,4.222067543488047
-2.8263859510421754,4.220016241073608,1.7925859093666077,0.009375614925137324,0.024281242241932153,192.42537689208984,203.30848693847656,-2788.7662353515625,-2380.2825927734375,3316.796717738938,3220.1172432182652,18.750000000000004,16.65125846862793,0.15612035989761353,0.02062852494418621,-0.19407907950677183,-0.08094234966645698,-0.02550692052174909,751,11.781012535095215,-3.8663092957286582,3.9768054189946125
-2.8285919010639193,4.333559989929199,1.8260847926139832,0.00997342697053556,0.02353323103194535,199.8707504272461,211.83352661132812,-2780.81396484375,-2391.5263671875,3247.077561855149,3160.6101783989293,18.775000000000002,16.650853686862522,0.16607157058186,0.02793174609541893,-0.19347031417109334,-0.0822572771323052,-0.02566955019878506,752,11.503378868103027,-3.6147238032413305,3.6501511022937407
-2.8307470321655277,4.439067363739014,1.8569997549057007,0.010550305113349553,0.022613481301756666,206.64430236816406,219.61097717285156,-2773.5472412109375,-2402.0368041992188,3177.557212734055,3100.8220192192416,18.8,16.650572882758247,0.17567513717545402,0.034693825989961624,-0.1926857635587128,-0.08344082753262845,-0.02581204180067191,753,11.22674560546875,-3.4618774836251243,3.267196186167838
-2.8327526271343233,4.5361082553863525,1.8853735327720642,0.011102225483619759,0.021541923067055057,212.75692749023438,226.65450286865234,-2766.890625,-2411.7116088867188,3108.2185317037815,3040.7710991142612,18.825,16.65040440029568,0.18486413690778944,0.040896397083997726,-0.1917392095282714,-0.08448996319930835,-0.025936958619958837,754,10.951355934143066,-3.418944794695552,2.8570749812658383
-2.834106922149658,4.624417543411255,1.9110262989997864,0.01162593507168654,0.020366214427785332,218.21731567382812,232.95863342285156,-2760.80517578125,-2419.6751098632812,3039.0462660787816,2980.478308892093,18.849999999999998,16.650337643093533,0.1935844620068868,0.04618113860487938,-0.190648461969559,-0.08540432627007344,-0.026046210642490138,755,10.677428245544434,-3.4886421547347677,2.4506046232184495
-2.8347921013832096,4.703599452972412,1.9341251254081726,0.012119185795082841,0.019111690784411474,223.0518569946289,238.54920196533203,-2755.3367919921875,-2425.8505859375,2970.0261366842506,2919.9864311455112,18.874999999999996,16.650360955132378,0.201798677444458,0.05050068721175194,-0.18943745604287274,-0.08618087075442692,-0.02614118978605429,756,10.405153274536133,-3.6652203944039323,2.0778642201879274
-2.8352725446224216,4.773475885391235,1.954575777053833,0.012580051023207557,0.01777181490869518,227.29290771484375,243.46198272705078,-2750.490234375,-2431.0838012695312,2901.1427168844457,2859.340166497074,18.899999999999995,16.650464799669052,0.2094747457239363,0.05420403182506561,-0.18812723072082418,-0.08682005854437035,-0.026222961315087334,757,10.134684562683105,-3.935137443980279,1.765927586463974
-2.8357360482215883,4.8337016105651855,1.9724379181861877,0.01300632948697217,0.016348056740722493,230.97776794433594,247.73404693603516,-2746.3277587890625,-2435.6566772460938,2832.380461025071,2798.5630714653357,18.924999999999994,16.650641759236652,0.2165759437614017,0.057388074696063995,-0.1867309852955661,-0.08731947198897666,-0.02629262586413352,758,9.866155624389648,-4.278311897502666,1.53693059592028
-2.8361817359924317,4.884096384048462,1.9876434206962585,0.013396089354289072,0.014853149519455358,234.14508819580078,251.40992736816406,-2742.8321533203125,-2439.5828857421875,2763.722267055344,2737.6716545341833,18.949999999999992,16.650882297092014,0.223070051934984,0.06006641685962677,-0.18526155287460122,-0.08767915270013787,-0.026351471321251266,759,9.599679946899414,-4.669817219904774,1.406607511296634
-2.8366268396377565,4.924474239349365,2.0000919699668884,0.013747695277801385,0.013298535474905407,236.8349838256836,254.53400421142578,-2740.0281982421875,-2442.869140625,2695.1514632223366,2676.6820823906287,18.97499999999999,16.651182174682617,0.2289298176765442,0.06223525106906891,-0.18373155018359388,-0.08789860549633882,-0.02640086879828303,760,9.335352897644043,-5.081856293229438,1.3833815155472307
-2.837092971801758,4.95464015007019,2.0098788142204285,0.014059796951612656,0.011695505993975657,239.08611297607422,257.1473922729492,-2737.9278564453125,-2445.5406494140625,2626.650758266282,2615.6103538750035,18.99999999999999,16.651535034179688,0.23413262433475918,0.0639018788933754,-0.18215367717199238,-0.08797679008027866,-0.02644218316528749,761,9.073251724243164,-5.4858435055737225,1.4680422745364874
-2.8375728309154513,4.974527597427368,2.0170336961746216,0.014331345756043664,0.01005677038879013,240.93436431884766,259.29119873046875,-2736.505126953125,-2447.6078491210938,2558.2025618551493,2554.4718376396518,19.024999999999988,16.65193663703071,0.23866100443734062,0.06508179008960724,-0.18054028424935195,-0.0879144679495816,-0.026476683584971624,762,8.813436508178711,-5.854428324423034,1.653992840938606
-2.8380716741085052,4.984002351760864,2.0215447545051575,0.014561597878524332,0.008394012758482897,242.41246795654297,261.00191497802734,-2735.7579345703125,-2449.0806274414062,2489.789933681321,2493.2816414116246,19.049999999999986,16.65238380432129,0.24250247412257725,0.06577883660793304,-0.17890348879863244,-0.08771086512305584,-0.02650549565901492,763,8.555949211120605,-6.163314188474185,1.9280046289105242
-2.8385938823223116,4.983043670654297,2.023530662059784,0.014750104950918008,0.006718886513417658,243.5491485595703,262.31026458740234,-2735.678466796875,-2449.9729614257812,2421.395985317063,2432.0546257255896,19.074999999999985,16.652874416775173,0.2456494669119517,0.06600292026996613,-0.17725524175522558,-0.08736689706232609,-0.026529572299744918,764,8.300814628601074,-6.392756690629221,2.271385548303119
-2.839149969816208,4.971618175506592,2.0230353474617004,0.014896696364467357,0.005042375632645038,244.3690185546875,263.2416534423828,-2736.26171875,-2450.3074340820312,2353.0040236471414,2370.8053016899453,19.099999999999984,16.653405295477974,0.2480990688006083,0.06576515734195709,-0.1756072277384141,-0.08688297988631268,-0.026549714536083242,765,8.048040390014648,-6.5286612903590955,2.661444542879578
-2.839748698472977,4.949686050415039,2.0201427936553955,0.015001477189199763,0.003375362406154508,244.88267517089844,263.8026351928711,-2737.504638671875,-2450.1022338867188,2284.5974806783915,2309.5476158378947,19.124999999999982,16.653976440429688,0.2498529851436615,0.065074622631073,-0.17397086505137174,-0.08625913023977241,-0.02656658191651861,766,7.7976179122924805,-6.563238897600182,3.073126732785059
-2.8404052555561066,4.917281866073608,2.014947831630707,0.015064817770954315,0.001728088950984052,245.07830047607422,263.97180938720703,-2739.411865234375,-2449.3823852539062,2216.1598647115948,2248.2950599907267,19.14999999999998,16.654584672715927,0.25091725918981767,0.06394244730472565,-0.1723573556154336,-0.08549642170951974,-0.026580729959809656,767,7.549522876739502,-6.495213787907225,3.4806949012160415
-2.8411362886428835,4.8744940757751465,2.007556438446045,0.0150873402075169,0.00011048201154305467,244.95083618164062,263.7410430908203,-2741.9892578125,-2448.1729736328125,2147.6745680807353,2187.060500359379,19.17499999999998,16.65522787306044,0.25130215618345475,0.06237732246518135,-0.1707776017463122,-0.08459663528453364,-0.02659263304152555,768,7.303714752197266,-6.329609541811318,3.8593439579463102
-2.841955816745758,4.82142448425293,1.9980849623680115,0.01506990794564719,-0.0014675278966813838,244.5059585571289,263.1157455444336,-2745.2362060546875,-2446.4981689453125,2079.1248366354225,2125.856176018559,19.199999999999978,16.655902862548828,0.25102193156878155,0.06038936972618103,-0.16924238924642243,-0.08356153947022549,-0.026602705199992013,769,7.0601372718811035,-6.077164294755862,4.1866524070894275
-2.8428758144378663,4.758081436157227,1.9866617321968079,0.015013639304943559,-0.002996368835678037,243.7580108642578,262.1084747314453,-2749.1480712890625,-2444.3842163085938,2010.4939314840553,2064.693721794926,19.224999999999977,16.65660858154297,0.25009509589936996,0.05799106881022453,-0.16776205450974507,-0.08239099694735161,-0.026611325103426543,770,6.818719387054443,-5.753444813030991,4.443796846565041
-2.8439205229282383,4.684661388397217,1.973454236984253,0.014919876268924053,-0.004467377827202264,242.72219848632812,260.73468017578125,-2753.7344970703125,-2441.863037109375,1941.7652297018287,2003.5841163872115,19.249999999999975,16.65734079149034,0.24854391813278198,0.055192992091178894,-0.1663467674826929,-0.08108790806478663,-0.026618831888749205,771,6.579375267028809,-5.377739097615713,4.616479234272742
-2.845097535848618,4.601298570632935,1.9585526585578918,0.014790180323837195,-0.00587125799435103,241.41583251953125,259.01175689697266,-2758.9783935546875,-2438.9638061523438,1872.9218672750708,1942.5375404594772,19.274999999999974,16.658098432752823,0.24639424350526598,0.05201306194067001,-0.16500629863751512,-0.0796538623968062,-0.026625541806339442,772,6.34200382232666,-4.971810749794733,4.695539781170826
-2.846427005529404,4.508194923400879,1.9422027468681335,0.01462634078104038,-0.007199890856988798,239.85295867919922,256.9548568725586,-2764.876220703125,-2435.7240600585938,1803.9474074362033,1881.5634453056687,19.299999999999972,16.658878326416016,0.24367582466867235,0.048468105494976044,-0.1637500189722975,-0.07809136914049991,-0.026631756542414495,773,6.106492042541504,-4.558596446396645,4.677250663783505
-2.8479103922843936,4.405580520629883,1.924484133720398,0.014430343568080857,-0.008444548840910403,238.05120086669922,254.58087158203125,-2771.394775390625,-2432.1777954101562,1734.825501918625,1820.6703438042039,19.32499999999997,16.659679412841797,0.24042157663239372,0.04458539932966232,-0.16258668362912365,-0.07640315803598505,-0.02663775489665098,774,5.872712135314941,-4.160920563413623,4.5633029204211315
-2.849555289745331,4.293596029281616,1.9055724740028381,0.014204386833155242,-0.009597571716941315,236.02157592773438,251.90122985839844,-2778.5091552734375,-2428.3623046875,1665.540632533859,1759.86589891895,19.34999999999997,16.660499572753906,0.23666810658242968,0.0403912179172039,-0.16152446518358873,-0.07459014870607557,-0.026643796943374095,775,5.640525817871094,-3.80029077497892,4.360514082833198
-2.851202815771103,4.172616720199585,1.885741114616394,0.013950902791352837,-0.01064193449960509,233.77330780029297,248.92545318603516,-2786.142578125,-2424.0601196289062,1596.0779036520228,1699.1568413017626,19.374999999999968,16.661337746514214,0.2324557966656155,0.035821277648210526,-0.16057095364479948,-0.07265704329457111,-0.02665011362858463,776,5.409782886505127,-3.4958268626754485,4.080294584936546
-2.8524835109710693,4.042843461036682,1.865184724330902,0.013673123646387264,-0.011541845760267289,231.31373596191406,245.66172790527344,-2794.2005615234375,-2418.6879272460938,1526.4243391988975,1638.55533831104,19.399999999999967,16.662191814846462,0.22783840696016947,0.030665459111332893,-0.15973919850209728,-0.07060491954947533,-0.026656806901418053,777,5.180318355560303,-3.2633629615033124,3.737916509756759
-2.853529387712479,3.9047183990478516,1.844258964061737,0.013374789267054942,-0.012291898033558285,228.6431884765625,242.1242904663086,-2802.510009765625,-2412.6587524414062,1456.5693251608113,1578.088140129888,19.424999999999965,16.663059658474392,0.2228782077630361,0.0251622274518013,-0.15904146694125335,-0.0684384692116149,-0.02666369158895483,778,4.951949119567871,-3.114751770832123,3.351633624824564
-2.8547101974487306,3.7585514783859253,1.8231506943702698,0.013059383609016291,-0.012912523798763332,225.83819580078125,238.31126403808594,-2811.15087890625,-2406.5626220703125,1386.5065749166704,1517.7716713188531,19.449999999999964,16.663941277398003,0.21763316459125942,0.019517958164215088,-0.15848226969136395,-0.06616009744834928,-0.026670466004977716,779,4.724478721618652,-3.0573852489452245,2.9417034724683795
-2.8559497117996218,3.6046650409698486,1.802049994468689,0.012730186729660775,-0.01339476713641974,222.8182830810547,234.21434783935547,-2819.9385986328125,-2400.4495239257812,1316.2278029440138,1457.6076057670955,19.474999999999962,16.664834552341038,0.21215791503588358,0.013847917318344116,-0.15806495234854853,-0.06377267131903952,-0.026676986588459208,780,4.497706413269043,-3.0939336054529947,2.529358876082328
-2.8570396900177,3.4435136318206787,1.781123161315918,0.01239082302478442,-0.013727120277785922,219.58536529541016,229.87051391601562,-2828.438232421875,-2394.369873046875,1245.7293379781931,1397.5963676689512,19.49999999999996,16.665736304389107,0.2065127756860521,0.00832664780318737,-0.1577877505685849,-0.061280418591916117,-0.026683232533453286,781,4.271429538726807,-3.222299151085292,2.1357694826016367
-2.8577973008155824,3.2755937576293945,1.7606223821640015,0.012045116627265012,-0.013904803056764645,216.1740493774414,225.30494689941406,-2836.2476806640625,-2388.386962890625,1175.018382167646,1337.7371208427796,19.52499999999996,16.66664653354221,0.20076142417060006,0.0031360648572444916,-0.15764482204183172,-0.05868758992175019,-0.02668915390568951,782,4.0454511642456055,-3.4357774006072295,1.7810298081091784
-2.858028322458267,3.1012861728668213,1.7406580448150635,0.011696882307304632,-0.013928847448278318,212.7371826171875,220.46004486083984,-2842.948486328125,-2382.5546875,1104.1121901510442,1278.0274467705142,19.549999999999958,16.667565239800346,0.19496745533413357,-0.0015150646213442087,-0.15762554741344229,-0.055995718706763134,-0.026694555129275325,783,3.8195860385894775,-3.7234138798103067,1.4832077294047166
-2.8565969228744508,2.921264410018921,1.7215390801429749,0.011350560053783144,-0.01374165635197017,209.0616683959961,215.33973693847656,-2847.6119384765625,-2375.7300415039062,1033.0384779928409,1218.4635795830145,19.574999999999957,16.66849136352539,0.18920484516355726,-0.0057990942150354385,-0.1577182919984043,-0.053210643095407115,-0.02669898055399298,784,3.593665838241577,-4.070543120555168,1.257485394944849
-2.8532235980033875,2.7361897230148315,1.7034285068511963,0.011011680087151667,-0.01334031901599253,205.2183074951172,209.98552703857422,-2849.1451416015625,-2368.4889526367188,961.8481795309267,1159.0703285454172,19.599999999999955,16.66942384507921,0.18356578217612374,-0.009047788567841053,-0.15790794235753156,-0.05033610607737045,-0.026701300416973793,785,3.3675386905670166,-4.459492962874585,1.1154248511663283
-2.847619205713272,2.546755313873291,1.686503291130066,0.01068530033288675,-0.012747015619096014,201.19622039794922,204.4078369140625,-2846.135986328125,-2361.7119140625,890.6195509908878,1099.8581047294995,19.624999999999954,16.670362684461807,0.17813460694419014,-0.01035850029438734,-0.1581555664046385,-0.04737523270574477,-0.026699692117346737,786,3.1410908699035645,-4.870431169261453,1.0643861645369521
-2.838468587398529,2.353944420814514,1.670714795589447,0.010376435023978305,-0.011943450452651237,196.98560333251953,198.61663055419922,-2836.1627197265625,-2355.40966796875,819.4661513326851,1040.8153068779372,19.649999999999952,16.671307881673176,0.1729949480957455,-0.008806326426565647,-0.15840179229217313,-0.04433450195211955,-0.026691779616076758,787,2.9142799377441406,-5.28232971029968,1.107120347296281
-2.8243794798851014,2.158690571784973,1.6559213399887085,0.010090400079633487,-0.010926618097756155,192.56694793701172,192.62364959716797,-2816.7122802734375,-2349.5450439453125,748.5620833395219,981.9300651787188,19.67499999999995,16.672259436713325,0.16823548409673902,-0.0034644894767552614,-0.15856389557877487,-0.04121646254488177,-0.026674367119855765,788,2.687164545059204,-5.674023568264887,1.2415654284754303
-2.803153818845749,1.9622228145599365,1.6419352293014526,0.009832678906924873,-0.009679065486595041,187.91433715820312,186.44290161132812,-2783.81689453125,-2344.0587768554688,678.1442763326876,923.1914390800863,19.69999999999995,16.67321840922038,0.16394767496320936,0.007140239235013723,-0.15853012336720132,-0.038026130797615944,-0.02664304792931751,789,2.4599409103393555,-6.0253320696921975,1.4608803632838
-2.7728181362152102,1.7658997178077698,1.6283016800880432,0.009608814209871192,-0.008231924036043349,182.9960708618164,180.08890533447266,-2733.985595703125,-2338.8280029296875,608.548853969409,864.5899696586998,19.724999999999948,16.674186918470596,0.16022410657670763,0.02427184022963047,-0.15815245383511445,-0.0347666026350893,-0.02659174878881986,790,2.232991933822632,-6.318195651060007,1.7537501010548757
-2.7295496225357057,1.5712705254554749,1.6143242120742798,0.009424225937409677,-0.006538734588795456,177.76007080078125,173.57949829101562,-2660.44677734375,-2333.6216430664062,540.1992140768348,806.1192695854579,19.749999999999947,16.675166024102104,0.15715517931514317,0.05042343959212303,-0.15723885642316277,-0.03144106552823152,-0.026512282558605417,791,2.0069425106048584,-6.537762421817244,2.104990608003589
-2.671465641260147,1.3799980878829956,1.5990850329399109,0.009283406093285233,-0.004731870815190514,172.3104705810547,166.94223022460938,-2560.073486328125,-2328.1168212890625,473.68804464324637,747.778728508798,19.774999999999945,16.67615572611491,0.15481597847408718,0.08663861453533173,-0.15555109472708187,-0.02804996368399005,-0.026393954982421836,792,1.7827259302139282,-6.673337258024748,2.496468691261906
-2.5952930450439453,1.194099247455597,1.5812016725540161,0.009188676621073274,-0.002891988525406443,166.33250045776367,160.19136428833008,-2427.785400390625,-2321.4055786132812,409.6862074850508,689.5758079765719,19.799999999999944,16.677154964870876,0.15324529674318102,0.13441649079322815,-0.15281073525490396,-0.024599958125981987,-0.0262234315294673,793,1.5616475343704224,-6.719084659763479,2.908323085809849
-2.497706699371338,1.0157573521137238,1.5590674877166748,0.009139932450746418,-0.0011206588368911565,159.85720825195312,153.35553741455078,-2259.6798095703125,-2311.2979125976562,348.9915724752947,631.5406685112405,19.824999999999942,16.67816056145562,0.1524415115515391,0.1942395120859146,-0.14872228363892795,-0.021101774319378715,-0.025984847665904427,794,1.3454294204711914,-6.674363200043025,3.320427216884908
-2.3802469432353974,0.8481620252132416,1.5306090116500854,0.00913079135836418,0.0002091633943997008,153.00843811035156,146.47420501708984,-2058.0023193359375,-2298.3587036132812,292.49957723604905,573.7582206962999,19.84999999999994,16.679165098402237,0.1522982120513916,0.26516348123550415,-0.14299312505438136,-0.017590052603851318,-0.025660578674862856,795,1.136215329170227,-6.5435797540937735,3.7139693737183097
-2.245186170935631,0.695116862654686,1.4932768940925598,0.009145357601170153,0.0007079033927955452,145.9439697265625,139.6496925354004,-1828.1293334960938,-2281.3634643554688,241.04951925266448,516.2992531059689,19.87499999999994,16.68015480041504,0.1525502238008711,0.34409141540527344,-0.13538216019882796,-0.014129337185131399,-0.025233648984987936,796,0.9365397095680237,-6.335508254533982,4.072961513419218
-2.0983180314302445,0.5582795143127441,1.4443665146827698,0.009156775904343868,-8.08751503619394e-05,138.27206802368164,132.84051513671875,-1582.0606079101562,-2258.9166870117188,195.346285915277,459.26516649708356,19.899999999999938,16.68111695183648,0.15274951855341592,0.42527177929878235,-0.12575910223831405,-0.010770377666667446,-0.024690628358126177,797,0.7492080330848694,-6.0621109592113225,4.38545080956848
-1.9414563804864884,0.4341188073158264,1.3813750743865967,0.00913003402192919,-0.00230153242222225,130.92409133911133,126.15363693237305,-1328.3194274902344,-2225.8109130859375,155.79477071753934,402.7922493217927,19.924999999999937,16.68203565809462,0.1523117886649238,0.5036234855651855,-0.1141194570885001,-0.00749752095504847,-0.024024209746036678,798,0.5771195292472839,-5.737018087530355,4.64422880713682
-1.7742945522069933,0.3200049474835396,1.3028243780136108,0.009032106675814533,-0.005770412614307596,122.88395309448242,119.43587493896484,-1069.9892578125,-2178.4035034179688,122.5867850303,347.14697649464733,19.949999999999935,16.68289926317003,0.15068582362598842,0.5764158368110657,-0.1005999780713617,-0.004315281225355597,-0.023232755720767957,799,0.42307475209236145,-5.373928233518869,4.846933783849112
-1.5987905353307725,0.2127824251074344,1.2074124217033386,0.008828790971343797,-0.01048752733243474,115.00722885131836,112.95486450195312,-811.7134780883789,-2115.6348266601562,95.83705358500494,292.68688890920237,19.974999999999934,16.683690812852646,0.1473006440533532,0.6418288946151733,-0.08534822927842443,-0.001215556577191522,-0.022318600709463038,800,0.28966420888900757,-4.985219633170761,4.9956008580470765
-1.4110211968421937,0.10899892449378967,1.0954874753952026,0.008498304643483922,-0.015946277278392006,107.33700180053711,106.53569793701172,-554.8789224624634,-2028.9345092773438,75.5442166328128,239.79601824270432,19.999999999999932,16.684399710761177,0.14179252915912205,0.6960080862045288,-0.06861772283951785,0.0018182987215354697,-0.02128582683873031,801,0.17920412123203278,-4.580988238690685,5.095850753670913
