AY,Alphaf,Alphar,Beta,BetaR,Fxf,Fxr,Fyf,Fyr,Myf,Myr,Time,Vx,Vy,YawAcc,YawR,delta,phi,t,yaw,global_x_m,global_y_m
1.2871224373353359e-17,0.0,0.0,-0.0,-0.0,1.374053716659546,0.2894238531589508,0.0,0.0,0.0,0.0,0.0,25.0,-0.0,4.644198828336497e-19,0.0,0.0,0.0,1,0.0,0.0,0.0
1.8646721373844016e-16,0.0,0.0,2.6556413383081645e-20,-1.321753905755455e-16,-67.78651428222656,-59.528560638427734,0.0,0.0,0.0,0.0,0.025,24.994197421603733,6.637562047807707e-19,6.764592311054186e-15,2.6712391725169005e-19,0.0,-1.2996945468953035e-20,2,-5.545488619919682e-20,0.6249274677700467,-9.028677110931537e-21
5.018275101390338e-17,0.0,0.0,-1.233815026263495e-19,-1.047142338571248e-17,-87.8669662475586,-80.07943725585938,0.0,0.0,0.0,0.0,0.05,24.987869262695312,-3.0830411552825215e-18,-2.086768401393048e-17,1.1341355559539731e-17,0.0,1.0965942057196424e-19,3,1.4924027353267453e-17,1.2497033013237848,4.6049001860413036e-18
-1.2642036419465235e-16,0.0,0.0,-4.512012435997139e-19,-8.070921688980207e-18,-113.50287628173828,-106.13795471191406,0.0,0.0,0.0,0.0,0.07500000000000001,24.98090320163303,-1.1271414857189599e-17,-1.443098502566624e-16,9.10988024389826e-18,0.0,3.650105284744391e-19,4,2.978636026772825e-17,1.8743129571278891,1.8388092322803198e-17
-8.986972272180701e-17,0.0,0.0,-7.477492619068646e-19,-9.752472466440908e-18,-141.43814086914062,-134.17393493652344,0.0,0.0,0.0,0.0,0.1,24.973195393880207,-1.8673688722804133e-17,-1.7353050170346564e-16,5.8875075767105314e-18,0.0,6.050494892413029e-19,5,4.0599701986384856e-17,2.4987391895718045,3.998870944325806e-17
-2.9129386903760247e-18,0.0,0.0,-8.700249750252204e-19,-5.042761659562206e-19,-168.95606994628906,-161.38504028320312,0.0,0.0,0.0,0.0,0.125,24.96472676595052,-2.1719935735578335e-17,-1.0719823325579321e-16,3.814326301998135e-20,0.0,6.613164089949738e-19,6,4.552906977993536e-17,3.1229632165696883,6.636535260756923e-17
-2.1851338048533756e-16,0.0,0.0,-8.54146210743162e-19,9.729701604924902e-17,-193.70321655273438,-185.5113067626953,0.0,0.0,0.0,0.0,0.15,24.955550299750435,-2.131569073204453e-17,-6.886649176418379e-17,8.4989995824315e-18,0.0,5.975332851828691e-19,7,4.657201549218917e-17,3.7469666798909502,9.456304555347474e-17
3.623441197902754e-17,0.0,0.0,-1.090756753388224e-18,-3.210049314875921e-17,-213.85328674316406,-204.91160583496094,0.0,0.0,0.0,0.0,0.175,24.945769839816624,-2.720976802497027e-17,-6.19438106002826e-17,5.640388207927852e-18,0.0,2.3797869621197363e-19,8,5.672704717470667e-17,4.370733181635538,1.2617310404012124e-16
1.3360792579604976e-16,0.0,0.0,-9.34376628889611e-19,1.4196018811888508e-17,-228.21131896972656,-218.574951171875,0.0,0.0,0.0,0.0,0.19999999999999998,24.935529496934677,-2.3299176093810602e-17,-4.9830389112876403e-17,-7.03336756787339e-18,0.0,-8.318958097603446e-19,9,5.392302070343767e-17,4.994249423344929,1.600379789364745e-16
-4.3733517592381e-17,0.0,0.0,-4.492121680160737e-19,1.4723964884893087e-17,-236.2314910888672,-226.08316040039062,0.0,0.0,0.0,0.0,0.22499999999999998,24.92499457465278,-1.119661107621729e-17,-2.256040226578511e-16,-2.1021702034047278e-17,0.0,-2.173068424516793e-18,10,3.9744221870715164e-17,5.617505974239772,1.8879707644454615e-16
-0.001039135981409345,0.0031830444931983948,-8.616596460342407e-06,-1.6830656619960447e-07,-3.770380391159783e-05,-237.95929718017578,-227.535888671875,-1.918975830078125,0.0038909912109375,-5.326227875629766e-17,1.0799670077492329e-19,0.24999999999999997,24.914336734347874,-4.19324629142971e-06,-0.000719010888133198,-3.0845741991823003e-06,-5.137508220061062e-05,-4.2439220144818445e-08,11,-6.07611923442164e-07,6.240497615602191,-2.41643679247346e-07
-0.01280903636943549,0.01903451979160309,-0.00011387467384338379,-5.0525578878879505e-06,-0.00041104906393866337,-233.919189453125,-223.45337677001953,-23.644271850585938,0.10556793212890625,-0.04797439575195378,9.727478027344043e-05,0.27499999999999997,24.903719160291885,-0.00012582747634345046,-0.008557213470339775,-9.883565569542752e-05,-0.0003356480229921791,-1.7586736367685027e-06,12,-5.022320328862406e-05,6.863223313813503,-1.7690437679809396e-05
-0.040048033464699984,0.04865490645170212,-0.0002528242766857147,-2.331858502695069e-05,-0.0010899968541726924,-224.97241973876953,-214.66370391845703,-73.90548706054688,0.34938812255859375,-0.6390811920166051,0.0027364730834961103,0.3,24.89328172471788,-0.0005804760924850901,-0.02666693553328514,-0.0005128769397641333,-0.0008944331851132829,-1.2377993688359315e-05,13,-0.00043500176980160177,7.485685791807744,-0.00017751130428187402
-0.0958127398043871,0.10457191988825798,-1.7601996660232544e-05,-6.444298805515232e-05,-0.002251043413247606,-212.17259216308594,-202.18624114990234,-176.1544952392578,0.22582244873046875,-2.4867183685302825,0.011471176147460948,0.325,24.883140987820095,-0.0016035439653529061,-0.06308963894844055,-0.0015906724394792152,-0.001987692346602741,-4.696173874809345e-05,14,-0.0018327073194086552,8.107890484020672,-0.0009102129000833092
-0.18442259132862093,0.1836666027083993,0.0016116201877593994,-0.00013762647275850215,-0.003580657536314365,-196.63306427001953,-187.11524200439453,-336.79864501953125,-1.7469635009765625,-6.890580749511728,0.017116737365722667,0.35000000000000003,24.87338383992513,-0.003423236000041167,-0.11943084746599197,-0.0038291159018565466,-0.00360231650986263,-0.00013095220973278424,15,-0.005546831991523504,8.729841464882611,-0.003267687743013168
-0.3191122613847256,0.29840485006570816,0.006367918103933334,-0.0002457998207713747,-0.00504788608744744,-179.3201141357422,-170.5352020263672,-577.1185340881348,-8.555778503417969,-15.31054687500001,-0.0265573501586914,0.37500000000000006,24.864050547281902,-0.006111579326291879,-0.2017897367477417,-0.007786121272537092,-0.006003066263107188,-0.00029923134317065645,16,-0.01361929066479206,9.351524509930593,-0.009344215651984837
-0.5020101390779019,0.4411572888493538,0.016714662313461304,-0.00038696683161067386,-0.0060978404681030825,-161.25144958496094,-153.4564666748047,-896.4486236572266,-24.72309112548828,-29.73851022720337,-0.24045181274414024,0.4000000000000001,24.85514958699544,-0.009618119026223818,-0.30785098671913147,-0.01411413688112058,-0.009094408000565574,-0.0005960098603617417,17,-0.028987254947423935,9.972850641724257,-0.02277830336785742
-0.7453883364796638,0.624516561627388,0.03587036021053791,-0.0005471736237237633,-0.0066217149432920425,-143.20621490478516,-136.65707397460938,-1310.9962463378906,-56.551483154296875,-52.14972581863402,-0.8585290908813463,0.4250000000000001,24.846642812093098,-0.013595429352588125,-0.4403872787952423,-0.02340604220335345,-0.013123085173934226,-0.001071299655803776,18,-0.05546192079782486,10.59350206260238,-0.04928963372595894
-1.0581647709012032,0.8427456915378571,0.06738083297386765,-0.0007107225984807463,-0.006307775064150236,-125.73714065551758,-120.75838088989258,-1829.6092529296875,-111.53498077392578,-84.92463197708126,-2.2723161697387666,0.4500000000000001,24.83844545152452,-0.017653246306710772,-0.5992060899734497,-0.03634681839621224,-0.018011201361625626,-0.0017805918454959055,19,-0.09778094291687012,11.212574057108425,-0.09720635689203047
-1.4521163254976273,1.115234613418579,0.115291528403759,-0.0008535239488889121,-0.00496345347791892,-108.48414993286133,-106.43011856079102,-2465.368896484375,-198.28232336044312,-130.6648633003234,-5.060690689086906,0.47500000000000014,24.8304197523329,-0.021193364842070475,-0.7850498557090759,-0.05359148137307225,-0.02412058392828122,-0.00278565583717555,20,-0.16163577139377594,11.827841911658577,-0.17794854463449095
-1.9304247319698336,1.419865906238556,0.18404097855091095,-0.0009461571570211533,-0.002086183728910181,-92.60107612609863,-93.7577018737793,-3214.9476318359375,-326.0709686279297,-192.2990857124327,-10.017748773097974,0.5000000000000001,24.822364383273655,-0.023485865030023787,-0.9923072457313538,-0.07579646081134057,-0.031086066154923958,-0.004154974987322408,21,-0.2536747455596924,12.434409748279432,-0.306313192757221
-2.4646446108818054,1.7588117122650146,0.2786332666873932,-0.0009304776660661493,0.0036798498839468083,-73.92888450622559,-78.15328788757324,-4015.7274169921875,-505.4602966308594,-272.6727765083311,-18.169522988796203,0.5250000000000001,24.814078013102215,-0.02308894983596272,-1.1959049701690674,-0.10316372002899692,-0.038893124971085845,-0.005958005265373857,22,-0.38122719526290894,13.022486339946214,-0.5001379092975952
-3.0292194485664368,2.1185614466667175,0.40378537774086,-0.0007281144187928873,0.01300704625181243,-50.98587787151337,-58.9879949092865,-4809.5513916015625,-747.7544555664062,-373.06596193313567,-30.806030404567668,0.5500000000000002,24.805467393663193,-0.01806122354335255,-1.3705508708953857,-0.13534073139912042,-0.047180568113627586,-0.008249891010725676,23,-0.5515079498291016,13.574264890233659,-0.7784693091909503
-3.6229088544845585,2.507477641105652,0.5622677206993103,-0.00025360235936572735,0.024960741552282065,-32.508222579956055,-44.56180667877197,-5586.01904296875,-1061.6282958984375,-493.3047467231747,-49.4998917937278,0.5750000000000002,24.79625489976671,-0.006288389364878337,-1.5090147256851196,-0.17139751906905543,-0.05594132988328207,-0.011062109539105839,24,-0.7707645893096924,14.060541665694988,-1.1571245895253535
-4.228574877977372,2.918465256690979,0.7546928524971008,0.0005468186872884423,0.03951050812960426,7.701221466064453,-7.792694091796875,-6312.576416015625,-1446.673583984375,-632.9552227973934,-76.0405991911887,0.6000000000000002,24.78644476996528,0.01355369264880816,-1.6004018783569336,-0.21051184869699677,-0.06494873990117532,-0.014409743600930173,25,-1.0439996719360352,14.438759558692649,-1.6408595712053964
-4.837481045722962,3.364964723587036,0.9797487556934357,0.0017402094548358148,0.05523550897062701,64.47240447998047,45.58463096618652,-6967.565185546875,-1908.38134765625,-790.769633197784,-112.20743879079805,0.6250000000000002,24.77638668484158,0.04311614566379123,-1.6301113367080688,-0.25099634141627025,-0.07424883548405749,-0.018288921729793704,26,-1.374418020248413,14.655636301271237,-2.212245800237747
-5.428546559810639,3.837991714477539,1.2328017354011536,0.0033322966986441345,0.07187390748651969,133.66500854492188,110.04849338531494,-7527.576416015625,-2431.2547607421875,-964.9587628364557,-159.9169724822042,0.6500000000000002,24.766212039523655,0.08252867394023472,-1.5961910486221313,-0.2915110443691593,-0.08359504536569005,-0.022678225244570013,27,-1.76305091381073,14.658454896591493,-2.8199639300798363
-5.998108077049256,4.3504133224487305,1.5101574659347534,0.005336524375787541,0.0878650246994686,212.46309280395508,184.05531311035156,-8001.22265625,-2999.8642578125,-1153.148173236846,-220.69834150075877,0.6750000000000003,24.756026797824436,0.1321123871538374,-1.5082381963729858,-0.33049855759494245,-0.09308527400564706,-0.0275348760799524,28,-2.208787441253662,14.417338975131942,-3.3735981106583637
-6.541189432144166,4.89405632019043,1.8047484159469604,0.0077178070293873555,0.1019954661601848,296.83447265625,263.53910064697266,-8393.900634765625,-3599.6620483398438,-1353.178739643096,-295.6949479460711,0.7000000000000003,24.74583519829644,0.19098737173610264,-1.376869797706604,-0.3666637858555141,-0.10253094047042648,-0.03279124450841506,29,-2.708495616912842,13.954600879283939,-3.755145982887831
-7.037387120723725,5.4629011154174805,2.111944079399109,0.010431617594299888,0.11451853177784847,384.7216033935547,342.9546432495117,-8710.755615234375,-4188.0440673828125,-1563.0262555122365,-385.6864991545671,0.7250000000000003,24.735563066270615,0.25804128911760116,-1.222823143005371,-0.3991986262076034,-0.11180897342815302,-0.038360796519881835,30,-3.2575113773345947,13.367346976282263,-3.8545734071147395
-7.46411476135254,6.039333343505859,2.4293795824050903,0.013446521927135146,0.12596697860615155,474.5256042480469,427.3214874267578,-8949.751953125,-4725.40087890625,-1780.7951458930959,-490.3876008391373,0.7500000000000003,24.725201924641926,0.3324879871474372,-1.0659021139144897,-0.42787351416524544,-0.1206085570124792,-0.04413021044878065,31,-3.8504254817962646,12.822530884021385,-3.623985724134209
-7.840353512763977,6.604631185531616,2.7531450986862183,0.016715439813098924,0.13522690622965475,564.6029357910156,510.92430114746094,-9118.316772460938,-5238.9390869140625,-2004.5389447212208,-608.5226228117933,0.7750000000000004,24.714770846896702,0.4131567147043016,-0.8963280916213989,-0.45234050773202145,-0.12861795573424367,-0.04996048176977698,32,-4.481525421142578,12.509490042974392,-3.126398776373202
-8.166903626918794,7.136646747589111,3.080085515975952,0.020192570082928362,0.14229804000987067,653.2060546875,594.9779663085938,-9226.266723632812,-5720.293273925781,-2232.4968640327443,-739.4960999846447,0.8000000000000004,24.704312218560112,0.49891137414508396,-0.7219138145446777,-0.47259175058271563,-0.13549012225270626,-0.055701458131660796,33,-5.144797325134277,12.557517287565169,-2.543847416539119
-8.43160185813904,7.611671209335327,3.406092047691345,0.023822816510977844,0.14768714621272777,739.107421875,676.4009704589844,-9286.60400390625,-6134.3123779296875,-2463.1535321235647,-882.5034318327891,0.8250000000000004,24.693927764892578,0.5883902311325073,-0.5637628436088562,-0.48866349499766665,-0.14087321137597544,-0.06120136015824359,34,-5.834190845489502,12.956148963005907,-2.120243740781036
-8.664573895931245,8.003864526748657,3.726935029029846,0.027553416258447472,0.15025661396670664,822.1561584472656,755.5278930664062,-9307.329833984375,-6528.24658203125,-2695.318632221221,-1035.8612412810312,0.8500000000000004,24.683748881022137,0.6802937719557021,-0.40449899435043335,-0.5007407308040943,-0.14439025265175054,-0.06631559900828009,35,-6.5439558029174805,13.531343916377747,-2.0509697480260107
-8.847411024570466,8.286481857299805,4.0383076667785645,0.03132682215925092,0.15118492534368103,903.6268615722656,833.2588806152344,-9299.00341796875,-6857.911560058594,-2928.00187807083,-1199.0674058318123,0.8750000000000004,24.674017164442276,0.7732115189234415,-0.26737475395202637,-0.5090610785502607,-0.1456689944162873,-0.07092373322147144,36,-7.268463134765625,14.010152460082427,-2.3740129126640435
-8.974513232707977,8.430606365203857,4.338975667953491,0.0351092224705172,0.15127344216041252,986.7512817382812,912.3316345214844,-9262.474731445312,-7112.108459472656,-3160.4769635200487,-1370.515194833277,0.9000000000000005,24.665099249945747,0.8663284116321139,-0.15718898177146912,-0.5142750153324178,-0.14429237315931173,-0.07493078365425351,37,-8.002790451049805,14.153651918089272,-2.932233037693775
-8.928589284420013,8.410637855529785,4.6359031200408936,0.03889677017282789,0.15515205332724713,978.9755249023438,998.3800964355469,-8957.804016113281,-7327.361328125,-3392.0388318061814,-1548.3179063200932,0.9250000000000005,24.65741475423177,0.9595776928795708,0.0017548378091305494,-0.5162652289045476,-0.1401467842543859,-0.07823294528076204,38,-8.7428617477417,13.886920885317258,-3.44232125385223
-8.598208475112916,8.350647926330566,4.925497770309448,0.04292217977237469,0.16428388290231752,772.8546295166016,1142.586669921875,-8230.468170166016,-7466.389831542969,-3615.983932209014,-1731.5019395232182,0.9500000000000005,24.649863772922092,1.0586761103736029,0.34537965059280396,-0.5114102529478196,-0.13379341816102758,-0.08054820598631446,39,-9.481943130493164,13.3468150259569,-3.6415050746840625
-8.446765756607057,8.160191535949707,5.206383943557739,0.04700816380315319,0.16065029920052704,625.983024597168,1346.71240234375,-7883.479309082031,-7545.3782958984375,-3821.7456364631644,-1918.1616853117923,0.9750000000000005,24.642842610677082,1.1592687500847711,0.4790964722633362,-0.5007540798990583,-0.124696205518939,-0.08151245339324809,40,-10.210443496704102,12.810433869625845,-3.429484181827074
-8.472946846485138,7.727190971374512,5.449442148208618,0.05087799902195812,0.147967943260163,797.2032470703125,1525.4839477539062,-7909.692657470703,-7540.504638671875,-4018.832619190215,-2106.796142709253,1.0000000000000004,24.638919830322266,1.2546617454952664,0.46863290667533875,-0.4887103999223657,-0.11168236508545497,-0.08106194640534756,41,-10.923565864562988,12.544627686835403,-2.915795779968243
-8.635438299179079,6.969464063644409,5.632975101470947,0.054357123541713216,0.13001539958199232,1293.7125854492188,1591.6365966796875,-8158.31787109375,-7541.745361328125,-4216.574935626983,-2295.3087586760503,1.0250000000000004,24.642107221815323,1.3407949606577556,0.3956960141658783,-0.4777919055062316,-0.09391371268055426,-0.07956467562861298,42,-11.62084674835205,12.673531003631359,-2.350176992415632
-8.869361877441406,5.849080801010132,5.7513182163238525,0.057356371400171254,0.11115372760907424,1668.8945922851562,1496.8759155273438,-8505.284545898438,-7612.1275634765625,-4420.532882404326,-2483.8523927092533,1.0500000000000003,24.652877383761936,1.4155521657731798,0.27929139137268066,-0.4693700913225331,-0.07102474400878571,-0.07767430563022588,43,-12.30390739440918,13.133252042693886,-1.993574265494107
-8.770418024063112,4.379378080368042,5.824901819229126,0.06003087589201855,0.10694154719332882,1652.6859741210938,1371.5469970703125,-8226.68603515625,-7743.5252685546875,-4633.164996051787,-2674.1555817961676,1.0750000000000002,24.66625213623047,1.4825179841783311,0.3839535415172577,-0.4620617447905968,-0.04286187997963041,-0.07607050840988815,44,-12.975175857543945,13.716555987832484,-2.0020904516369638
-8.059557712078096,2.8260198831558228,5.875924348831177,0.06283096507401989,0.11755454374291721,1637.8045043945312,1328.5969848632812,-6791.9171142578125,-7918.8258056640625,-4838.832146930694,-2867.7437135100345,1.1,24.68141767713759,1.5528011322021484,0.9864485859870911,-0.4456649948541152,-0.012464032386883128,-0.07505415459175144,45,-13.629228591918945,14.173858680779738,-2.3677770794206463
-6.89703460931778,1.457025408744812,5.8980348110198975,0.06592870828091882,0.12700719268317967,1652.7736206054688,1325.6209716796875,-4513.94873046875,-8114.24267578125,-5008.630074787139,-3065.714358651636,1.125,24.69959259033203,1.6307757960425482,1.934439778327942,-0.4092914741067857,0.016644544592345874,-0.07435468365382053,46,-14.244847297668457,14.327959140523665,-2.9370510491538306
-5.642717933654786,0.3049221783876419,5.862752199172974,0.06902387571170095,0.11658803264905702,1682.7410888671875,1335.8717651367188,-2123.308319091797,-8254.026000976562,-5121.478793048858,-3268.570425546167,1.15,24.720416598849827,1.7090139124128554,2.891611337661743,-0.3487361510559141,0.04395730055381805,-0.0733480420512842,47,-14.789739608764648,14.144379389721912,-3.5046827509025005
-4.428172028064728,-0.6832215785980225,5.731619834899902,0.07155299657516513,0.0830990399350412,1631.0091552734375,1345.4884643554688,63.43377685546875,-8252.052978515625,-5174.561501026153,-3474.921075570581,1.1749999999999998,24.743118286132812,1.773471964730157,3.696840286254883,-0.26610045953865463,0.0694491846183812,-0.07142652971289999,48,-15.230928421020508,13.709133075445836,-3.9248696368847313
-3.068910485506058,-1.6333742141723633,5.474183559417725,0.0730537044941816,0.0367535621572622,1577.95556640625,1353.4388427734375,2325.9537353515625,-8049.7181396484375,-5172.975656604765,-3681.2224000334713,1.1999999999999997,24.766915639241535,1.8125405576494005,4.433932304382324,-0.16452995898704084,0.09442300062713987,-0.06819524562209041,49,-15.539785385131836,13.143125406001996,-4.160729897878787
-1.250685313344002,-2.893864631652832,5.075505018234253,0.07338676607800963,-0.01102679768752707,1466.5194702148438,1369.4244384765625,5267.943359375,-7664.704833984375,-5114.826813220975,-3882.465353524682,1.2249999999999996,24.790301852756077,1.822553210788303,5.357527256011963,-0.04242057754224747,0.12495608010706029,-0.0633574012813121,50,-15.689105033874512,12.532305148482692,-4.26350878840863
-0.11164300683885814,-3.7534167766571045,4.506741762161255,0.07203712597182792,-0.1044619444813833,1395.8345336914062,1384.1993408203125,6806.968994140625,-7107.678955078125,-4983.1282292365995,-4074.082974374291,1.2499999999999996,24.8129399617513,1.7905512120988634,5.691905975341797,0.09789629532082122,0.1481991389322955,-0.05658422945399481,51,-15.648543357849121,11.914625861333828,-4.332891402455908
0.6368345230817796,-4.592053413391113,3.7534215450286865,0.0680077257918352,-0.21515500347852268,1314.1015014648438,1387.8695678710938,7439.546875,-6354.830322265625,-4812.954004383084,-4251.774948251244,1.2749999999999995,24.83724806043837,1.6917337311638727,5.580890655517578,0.2391799455938591,0.16793814771444815,-0.047962103944430366,52,-15.405001640319824,11.316323628136772,-4.486463193614828
1.4817566066980363,-5.564250230789185,2.8425819873809814,0.061298532248517855,-0.3169387732991814,1279.8072509765625,1418.8901977539062,7989.585693359375,-5344.682373046875,-4626.9653325080835,-4410.645706307883,1.2999999999999994,24.86300786336263,1.5259777175055609,5.326498985290527,0.375714305793553,0.18699446347353738,-0.037827427771377015,53,-14.962197303771973,10.810954725718084,-4.8241655005126045
2.4212839514017106,-6.693751811981201,1.807107388973236,0.05219255614196725,-0.40792956681483283,1263.5928344726562,1452.3763427734375,8521.35302734375,-4141.483154296875,-4427.225690174098,-4544.262765634055,1.3249999999999993,24.88889482286241,1.300195852915446,4.960224628448486,0.5045663949995067,0.20573248987047013,-0.026454383772031412,54,-14.329373359680176,10.552125943473218,-5.357544089660084
3.5526534497737887,-8.013248920440674,0.6904633641242981,0.04105765075893978,-0.47774510045007346,1240.4114990234375,1479.95361328125,8857.244140625,-2388.9925537109375,-4214.1918644905045,-4647.799844491475,1.3499999999999992,24.91269853379991,1.0234320163726807,4.255430221557617,0.6203478893124332,0.22476097559616803,-0.01408657108324366,55,-13.520722389221191,10.699124430088201,-5.9127253496170225
4.748904836177826,-9.565478801727295,-0.4449063763022423,0.028464770789418604,-0.5244932981189429,1213.9668579101562,1448.4833374023438,9017.7978515625,-340.8116798400879,-3992.7607609748793,-4707.524658334246,1.3749999999999991,24.93152618408203,0.7098618480894301,3.3370771408081055,0.7155260708785571,0.24510879964826962,-0.0009319385685693961,56,-12.560931205749512,11.20119101644823,-6.1488515729336095
6.156173026561738,-11.375146389007568,-1.539195954799652,0.015098566055689966,-0.5376623301037621,1192.5817260742188,1364.9794921875,9107.7802734375,2167.156494140625,-3767.315814685817,-4716.044950330246,1.399999999999999,24.94240230984158,0.37662314044104683,2.1855201721191406,0.7851980268415288,0.26758029493262764,0.012828681037804374,57,-11.482867240905762,11.654608923255433,-5.860588959824545
7.618801712989808,-13.456637859344482,-2.511303663253784,0.0018766729239759448,-0.5174938116944284,1183.625244140625,1261.4684448242188,9121.815673828125,4854.5634765625,-3539.6213078498795,-4661.866037976728,1.424999999999999,24.942635430230034,0.04680922461880578,0.9417678117752075,0.8237447536173902,0.29308334138722847,0.02708977655742149,58,-10.327163696289062,11.602752254326264,-5.338567611868096
8.424845278263092,-15.771982669830322,-3.381504535675049,-0.010821973551970156,-0.49907945091610284,1171.3513793945312,1193.5814819335938,9067.682373046875,6414.178955078125,-3311.5759160041766,-4540.5019510626635,1.4499999999999988,24.93207295735677,-0.2698247796959347,0.1825387179851532,0.8370117566408107,0.321583559266875,0.04172237992821276,59,-9.135662078857422,11.10939102466669,-5.179860964403888
8.906957364082338,-18.240139961242676,-4.194243907928467,-0.023019074493991928,-0.4778770933716005,1154.4076232910156,1130.0943603515625,8984.395141601562,7416.885986328125,-3084.883856678005,-4380.147477185709,1.4749999999999988,24.910871717664932,-0.573526554637485,-0.34059542417526245,0.8342444659521094,0.3520070122172358,0.05630277909985467,60,-7.9364142417907715,10.776929139226821,-5.575219588512988
9.119595408439636,-20.749805450439453,-4.969024896621704,-0.034722327581966736,-0.4585851544350665,1142.4256286621094,1058.6607666015625,8899.956970214844,7930.594787597656,-2860.273978137966,-4194.725327527505,1.4999999999999987,24.879593319363064,-0.8642246988084581,-0.6384808421134949,0.821659165588722,0.3826675364388841,0.07024715714653681,61,-6.747308254241943,11.017405521893046,-6.033831220833858
9.216929411888124,-23.28203582763672,-5.7216198444366455,-0.04594172591176617,-0.4388213366428841,1145.5880432128906,982.0482482910156,8820.987670898438,8227.219299316406,-2637.775053882595,-3996.4604578375634,1.5249999999999986,24.838701883951824,-1.1419363816579182,-0.8210586905479431,0.8032750316887687,0.41346279996693364,0.08293236766269427,62,-5.5785980224609375,11.536462662606155,-5.992473447706159
9.00348060131073,-11.58476734161377,-6.4607367515563965,-0.05678424533542737,-0.42338572154381204,859.7313842773438,938.3884735107422,8286.779296875,8495.168395996094,-2417.2503621101346,-3790.779975354653,1.5499999999999985,24.789066314697266,-1.4091433419121637,-1.194974660873413,0.7763326298887641,0.44565537418467727,0.09346909793656552,63,-4.438512325286865,11.715409811017956,-5.499163617119749
9.0678617477417,-12.676189422607422,-7.131973743438721,-0.0669705160934118,-0.3927499813650583,884.3097534179688,879.8139877319336,8294.0498046875,8654.238021850586,-2210.0808796882598,-3578.4007654547504,1.5749999999999984,24.73168902926975,-1.6587746143341064,-1.2635879516601562,0.7457131349926598,0.47680984820950806,0.10132901841977089,64,-3.3370368480682373,11.349326518491598,-5.115708139111589
8.996202981472017,-13.75280475616455,-7.751980304718018,-0.07645049988555042,-0.3667785015194693,939.8829345703125,802.1286582946777,8290.8125,8565.12601852417,-2002.7296345710722,-3362.044814908486,1.5999999999999983,24.667883978949654,-1.8895546595255535,-1.2223951816558838,0.714373787653907,0.5084162606713253,0.10636170212261291,65,-2.2772529125213623,10.831964139931653,-5.254549465249306
8.78699667453766,-14.80817699432373,-8.330015182495117,-0.08536013027954573,-0.34785957158311454,1002.8988037109375,806.2388172149658,8326.9453125,8186.7547397613525,-1795.4593220710722,-3147.9166644453826,1.6249999999999982,24.598746829562717,-2.104867034488254,-1.0188993215560913,0.6856643118916076,0.5401919835994442,0.10852485471802976,66,-1.258527159690857,10.683262042217361,-5.7744648374257
8.383169090747835,-15.853715896606445,-4.340888023376465,-0.09394736837883014,-0.3409949076887854,1050.5599365234375,788.2464599609375,8237.6962890625,7572.7265625,-1587.2856892585723,-2943.24779595135,1.6499999999999981,24.525396558973526,-2.310899363623725,-0.8294091820716858,0.662657529550522,0.5723044798921606,0.10776149288107219,67,-0.27636459469795227,11.039741082064445,-6.186602189408929
7.8709026932716375,-16.88555335998535,-4.587118148803711,-0.10249090566910202,-0.34331435455067627,1083.2249755859375,803.5521850585938,7977.8251953125,6915.79736328125,-1381.3432820320104,-2753.929631888851,1.674999999999998,24.449183146158855,-2.514630158742269,-0.6136912703514099,0.644833857901976,0.6047263189902464,0.10438033523872918,68,0.6761190891265869,11.584845043878579,-6.131315421245224
8.067226111888885,-40.842729568481445,-4.825656890869141,-0.1109291482277749,-0.3233173770050574,2057.7557983398438,785.0310668945312,8413.893798828125,6415.85009765625,-1181.897652149197,-2581.0346978068205,1.699999999999998,24.371897379557293,-2.7146980497572155,-0.04427749291062355,0.6345700350608107,0.633177218455456,0.09858114383989192,69,1.6057875156402588,11.866151642336636,-5.658939166053324
8.93684414625168,-42.948537826538086,-10.31148386001587,-0.11860124927510242,-0.29056682060467176,3487.3970947265625,1299.0191650390625,9449.93701171875,6405.013656616211,-971.5503071784916,-2420.6384453654146,1.7249999999999979,24.296552870008682,-2.895189391242133,0.4959896504878998,0.6422162368665372,0.6624301621724565,0.09140996674885148,70,2.530071496963501,11.661516022956121,-5.14929614097654
9.277967607975008,-44.15805244445801,-10.648638725280762,-0.12567763447609284,-0.28179170481286064,3418.5264892578125,2385.1463012695312,9612.281982421875,7046.002868652344,-735.3018818855224,-2260.513103950008,1.7499999999999978,24.228625827365452,-3.0611300468444824,0.12024929374456406,0.6518094757452205,0.6795537553494481,0.08463588362109868,71,3.465331554412842,11.134327799987789,-5.005369229218349
9.210275638103486,-45.17208671569824,-10.847050189971924,-0.13270062329722718,-0.27809392228404245,2917.839111328125,2252.4191284179688,9020.628173828125,7763.2164306640625,-494.99483232497687,-2084.3630322336976,1.7749999999999977,24.16262944539388,-3.22535064485338,-0.40368887782096863,0.6465645797153913,0.6913275572391747,0.07952873959865372,72,4.401390552520752,10.70422260947613,-5.34064253179206
9.204984045028688,-45.913082122802734,-11.086860179901123,-0.13956570331047663,-0.27176993002526983,2916.54931640625,1657.501953125,9163.287841796875,7694.9620361328125,-269.4791279792734,-1890.2826214670963,1.7999999999999976,24.085771772596573,-3.3835450808207193,-0.20862162113189697,0.6387540608704069,0.698515129415676,0.07644861902803055,73,5.324086666107178,10.711682778168818,-5.886616972567253
9.215601694583894,-46.406005859375,-11.36329460144043,-0.1462721421465414,-0.26516207808380843,2807.467041015625,1571.1361083984375,9114.574462890625,7830.4876708984375,-40.39693193435161,-1697.9085705637756,1.8249999999999975,24.001121520996094,-3.535949389139811,-0.2905783951282501,0.6330130179294958,0.7016649499054536,0.07521365297391196,74,6.237194538116455,11.147615383088324,-6.215330495419035
9.071345472335816,-46.70254707336426,-11.642386436462402,-0.15284605542886112,-0.26096839831526064,2642.7816162109375,1497.1730346679688,8834.58837890625,7863.212158203125,187.46742963791328,-1502.1463787913146,1.8499999999999974,23.914419809977215,-3.6839577886793347,-0.4519822597503662,0.6237349641658233,0.7008746568519726,0.07549976802114894,75,7.138954162597656,11.676041017631407,-6.077753104516486
8.880394256114961,-46.842824935913086,-11.943855285644531,-0.15930089212094067,-0.2548508676199964,2482.0717163085938,1421.9544067382812,8508.896484375,7828.792663574219,408.3321391105687,-1305.5660748362366,1.8749999999999973,23.827544318305122,-3.828186459011502,-0.6008641123771667,0.6105172962015964,0.696691729596326,0.0767829872252684,76,8.02413558959961,11.903528000148672,-5.580583992122308
8.733988451957703,-46.81393623352051,-12.257005214691162,-0.16554297553143654,-0.24391356462866365,2351.8818359375,1362.4248657226562,8266.530883789062,7788.9534912109375,621.054551219943,-1109.8462582468812,1.8999999999999972,23.74126222398546,-3.9664986398484974,-0.7088523507118225,0.5940400522211672,0.689085808102087,0.07844834507867901,77,8.887840270996094,11.670610606929456,-5.0845360194769516
8.648519206047059,-46.60520935058594,-12.563868999481201,-0.17145341216243346,-0.2286338942561726,2261.6546020507812,1320.104736328125,8141.5933837890625,7744.419921875,827.7178233146692,-915.1224209666079,1.9249999999999972,23.655709160698784,-4.096066951751709,-0.7614302635192871,0.5755404037089318,0.6782499049692589,0.08001564034732586,78,9.72650146484375,11.143413461597445,-4.929117240587215
8.575497090816498,-46.19386100769043,-12.831188201904297,-0.17694886171656876,-0.21225493756472408,2205.3197631835938,1251.0144348144531,8102.87353515625,7633.5509033203125,1031.2576579093957,-721.5119229197333,1.949999999999997,23.57094446818034,-4.2149350378248425,-0.7082770466804504,0.5566356551053817,0.6640802567838697,0.08120971023395493,79,10.538361549377441,10.668517669264606,-5.209215481424459
8.370344030857087,-45.560604095458984,-13.115626811981201,-0.1821810744417066,-0.20595767678539315,2175.7178955078125,981.4059295654297,8099.81982421875,7237.476348876953,1233.829496288302,-530.6731503367266,1.974999999999997,23.48480224609375,-4.326457447475857,-0.5002079606056213,0.5414931874633001,0.64642111855642,0.08180583387683395,80,11.325287818908691,10.53505439103553,-5.745587885305319
8.177135753631593,-44.76397132873535,-13.408228874206543,-0.18725611072825926,-0.20139293545321327,2044.2332763671875,889.1245574951172,7898.1561279296875,7079.705627441406,1436.32499189377,-349.73624161480325,1.999999999999997,23.397670321994358,-4.433295726776123,-0.49814292788505554,0.5298188879298016,0.6261736374207656,0.08161159788720469,81,12.093475341796875,10.814066236624862,-6.223390075698989
8.12448618412018,-43.847124099731445,-13.681477069854736,-0.19214765521570548,-0.18764741231617596,1945.89013671875,1040.6695251464844,7684.2161865234375,7167.68603515625,1633.7788950920115,-172.74360092876782,2.024999999999997,23.31345664130317,-4.535582860310872,-0.6405365467071533,0.5156586939662822,0.6037512358466276,0.08051398436630694,82,12.843356132507324,11.345013387183682,-6.380778362513081
8.355730962753297,-42.74514389038086,-13.889825820922852,-0.19649023897870233,-0.157847022547596,2002.0738525390625,1374.9707641601562,7719.7701416015625,7481.91943359375,1825.8842997550976,6.448549950139409,2.0499999999999967,23.23576397365994,-4.625279638502333,-0.7891777753829956,0.4977227367882756,0.5786460989483981,0.07867277465716703,83,13.570328712463379,11.84556190180253,-6.1416450556180395
8.802391302585603,-41.4328727722168,-13.995361328125,-0.19992108954251053,-0.11639568583932605,2146.7435302734375,1634.7011108398438,7978.8994140625,7956.8089599609375,2018.8785532951376,193.49653578998485,2.0749999999999966,23.165819380018448,-4.694040616353353,-0.872703492641449,0.47668689339093046,0.5511719304577319,0.07661573238643302,84,14.269623756408691,12.070213971144895,-5.632882904128307
9.124878239631654,-39.90951347351074,-13.997389793395996,-0.202350674760233,-0.08134335098640647,2266.56005859375,1603.7816162109375,8321.84130859375,8148.8355712890625,2218.3510386467015,392.416759789009,2.0999999999999965,23.100980122884113,-4.739361868964301,-0.7411937713623047,0.4559999573858993,0.5215743237614047,0.0750082566748396,85,14.938817977905273,11.92385853835549,-5.094691401426382
9.230866646766664,-38.224496841430664,-13.983359813690186,-0.2040913168487088,-0.059868348164118054,2317.4400634765625,1568.1879272460938,8572.651245117188,8056.7578125,2426.3970713615463,596.1376490712353,2.1249999999999964,23.039010365804035,-4.768453703986274,-0.5247548818588257,0.4403387725424976,0.49029689491799633,0.07427422289938651,86,15.581901550292969,11.479377129933157,-4.755944547012088
9.230344438552857,-36.526506423950195,-13.974052429199219,-0.2053932863713781,-0.045663392288339266,2299.1432495117188,1625.3286743164062,8594.435180664062,8004.64794921875,2640.713352489476,797.556594383735,2.1499999999999964,22.981349097357857,-4.787730640835232,-0.4402707815170288,0.42858337975380606,0.4593240817690226,0.07444361658947236,87,16.205528259277344,10.920169833911295,-4.745122451260354
9.101501536369325,-34.85116195678711,-13.972394466400146,-0.20641479174174843,-0.03688762318982327,2208.5222778320312,1711.01416015625,8363.61328125,7980.7293701171875,2855.5742320060767,997.6727931142037,2.1749999999999963,22.929424709743923,-4.801357057359484,-0.48636019229888916,0.4172311229751253,0.4287527567991351,0.07526452767311088,88,16.8125057220459,10.456713051053011,-5.058684781962577
8.874540150165558,-33.21594715118408,-13.979243278503418,-0.2072491268217566,-0.029947991310808414,2066.7005615234375,1861.2594604492188,7964.17578125,7959.6976318359375,3064.6645640373254,1197.1910273671333,2.199999999999996,22.884254455566406,-4.811832639906141,-0.6038594841957092,0.4036717714430414,0.39853519949055105,0.07632067078240905,89,17.401432037353516,10.249562290508393,-5.578991924758406
8.629729640483857,-31.603854179382324,-13.985485553741455,-0.2078909153549521,-0.020958464003516124,1902.2365112304688,2087.8296508789062,7564.250305175781,7921.945983886719,3263.768958568574,1396.1834681630316,2.224999999999996,22.846819559733074,-4.819273948669434,-0.7185835242271423,0.387064764938498,0.3683577560458863,0.07715111931170142,90,17.968578338623047,10.360147460199702,-6.1288820566120785
8.450812578201294,-29.97871971130371,-13.9758620262146,-0.20825085822103312,-0.007177322127196327,1785.8622741699219,2372.0601196289062,7301.317687988281,7863.408508300781,3452.8752161979673,1594.2321177601993,2.249999999999996,22.81770918104384,-4.821713235643175,-0.7755836248397827,0.36823628261066504,0.3378813394793465,0.07740153967795294,91,18.510318756103516,10.74433550376618,-6.539257619646815
8.386770808696747,-28.305458068847656,-13.932941436767578,-0.208194615587762,0.012158323860133997,1814.4977416992188,2668.355712890625,7224.3807373046875,7796.4320068359375,3635.408158397674,1790.8173304677186,2.274999999999996,22.797809176974827,-4.816168679131402,-0.7598473429679871,0.34889956927830407,0.306950787367921,0.07693943961693216,92,19.02483367919922,11.284349816087602,-6.700592295024989
8.451912486553192,-26.56207847595215,-13.842082500457764,-0.20759041091545027,0.03613984916762105,2035.5206298828125,2923.6717529296875,7336.6007080078125,7740.080810546875,3816.0176768302917,1985.728130638617,2.299999999999996,22.78837627834744,-4.799794091118707,-0.6749007105827332,0.3308641430335831,0.2756327619626457,0.0758849859504505,93,19.512609481811523,11.836882908456563,-6.582127399242296
8.583477413654329,-24.749652862548828,-13.698773860931396,-0.20637045010959862,0.06079615603719883,2376.2989501953125,3115.6746826171875,7535.075012207031,7711.9501953125,3999.432694530488,2179.2301509022886,2.3249999999999957,22.790296342637802,-4.771169556511773,-0.5617018342018127,0.31539004525675945,0.24420569675548853,0.07455134145556606,94,19.976167678833008,12.274582393333315,-6.2224707706040405
8.727570080757141,-22.886109352111816,-13.510644912719727,-0.20455718694714772,0.08329883527344599,2708.4285888671875,3261.587646484375,7726.6778564453125,7741.6842041015625,4187.809569835665,2372.0289057851014,2.3499999999999956,22.80345916748047,-4.730780919392903,-0.4690692722797394,0.30261066702893247,0.21296093324732565,0.07331431977398108,95,20.418928146362305,12.51039386516026,-5.705906007695341
8.835469162464143,-20.997438430786133,-13.288725852966309,-0.20222409138467018,0.10231474588537169,2930.93115234375,3381.495361328125,7812.9080810546875,7853.9056396484375,4380.9765162467975,2565.571010887641,2.3749999999999956,22.826769087049698,-4.68009418911404,-0.44886258244514465,0.29132315835425426,0.1820978756247768,0.07248237321657554,96,20.843660354614258,12.506062656497317,-5.136766663983622
8.847272002696991,-19.108656883239746,-13.043989658355713,-0.1994695505796876,0.116997868173685,2984.039306640625,3489.0496826171875,7718.16650390625,8013.137451171875,4576.299218273164,2761.918651878853,2.3999999999999955,22.858522203233505,-4.621029429965549,-0.5166835784912109,0.27941310248525636,0.15165289268147839,0.07220122662924723,97,21.250934600830078,12.270186226691663,-4.617227870192277
8.733004200458527,-17.235763549804688,-12.788938522338867,-0.19640265426835235,0.12758042978544082,2851.9659423828125,3598.1353759765625,7461.1846923828125,8134.1392822265625,4769.2533808708195,2962.2470881581503,2.4249999999999954,22.89670732286241,-4.555702209472656,-0.629986584186554,0.2651013913004682,0.12149950923278681,0.07240540786107225,98,21.638675689697266,11.849227351280813,-4.2296194196169195
8.543271470069886,-15.380725383758545,-12.532304763793945,-0.19310083385935847,0.1364201771679568,2569.6121215820312,3708.559326171875,7164.398376464844,8169.447509765625,4955.782998180388,3165.6005702138145,2.4499999999999953,22.93926450941298,-4.485482109917535,-0.7221052050590515,0.24810396538011925,0.09145151206185671,0.07284373920936407,99,22.003511428833008,11.312861021758236,-4.024849758441492
8.392010998725892,-13.527719974517822,-12.272575855255127,-0.1895560166456517,0.14768037179670487,2250.1219482421875,3794.2982177734375,6969.387054443359,8166.7396240234375,5134.892957592008,3369.8367579579553,2.474999999999995,22.984576755099827,-4.409808582729763,-0.7656279802322388,0.2294130686121025,0.06130452644156514,0.07318885159712471,100,22.342805862426758,10.736736856704736,-4.019545243706018
8.342898893356324,-11.647652626037598,-11.998072147369385,-0.1856687002710039,0.16374331113530186,2025.51904296875,3858.3753662109375,6937.7730712890625,8173.734375,5309.127633953092,3574.005248558541,2.499999999999995,23.03246392144097,-4.326234923468696,-0.7736992835998535,0.2101257402732057,0.030842682359615136,0.07318379991343198,101,22.655475616455078,10.188006686571647,-4.201685242141226
8.352293968200684,-9.719709873199463,-11.693911075592041,-0.18133297414781402,0.18301191412278406,2015.4396362304688,3888.2598876953125,7003.818023681641,8185.2603759765625,5482.571960735319,3778.348607933541,2.524999999999995,23.08463626437717,-4.232498009999593,-0.7796359062194824,0.19074814741811205,-1.9815062837220427e-06,0.07273645542932591,102,22.941389083862305,9.717153668820439,-4.540603928300679
8.318422865867616,-7.743095636367798,-11.347395420074463,-0.17651002270319416,0.2021070288100044,2242.8403930664062,3892.5384521484375,7006.343521118164,8196.65771484375,5657.66741132736,3982.980117332955,2.549999999999995,23.143948449028862,-4.128099547492133,-0.8386279940605164,0.17070897541397223,-0.03112038452258045,0.07191666786677227,103,23.200044631958008,9.355632857847144,-4.996888169747788
8.086336362361909,-5.745562314987183,-10.950936317443848,-0.17125503995073618,0.21682627022060189,2647.5787353515625,3896.6954345703125,6665.921203613281,8219.958129882812,5832.825999355313,4187.896560204049,2.574999999999995,23.213221232096355,-4.014706346723768,-1.0534590482711792,0.14755087558869978,-0.06221487812593829,0.07087916688510465,104,23.42856788635254,9.116622163226177,-5.530093451209728
7.47030532360077,-3.7839460372924805,-10.498472690582275,-0.16572818174049472,0.22392873775551828,3122.066162109375,3929.3538818359375,5629.266937255859,8268.421630859375,5999.47402944564,4393.39551345112,2.5999999999999948,23.294192420111763,-3.896240658230252,-1.5660253763198853,0.11545747083204795,-0.09292532621505258,0.06972536898758463,105,23.618148803710938,8.996027896746533,-6.104461548995773
6.507189822196961,-1.920703649520874,-9.976975917816162,-0.1599909005146234,0.2333038637409242,3628.5689697265625,4006.5540771484375,3962.993881225586,8334.057250976562,6140.205702877027,4600.106054222604,2.6249999999999947,23.387349446614582,-3.774019612206353,-2.3404390811920166,0.06752179460024742,-0.12280813665818131,0.06837538766388825,106,23.750308990478516,8.972159329206402,-6.693919592797549
5.2430592536926275,-0.29424789547920227,-9.364251136779785,-0.15397285553083048,0.2515129280887184,4144.00732421875,4117.8829345703125,1759.3357238769531,8389.079833984375,6239.280549907655,4808.457485497019,2.6499999999999946,23.492484622531467,-3.6460640695359974,-3.309791326522827,-0.003158066666406806,-0.14996999957676527,0.06656247820251963,107,23.796993255615234,9.004627130473121,-7.2861197189183455
3.9359913706779484,1.1449608206748962,-8.625199317932129,-0.14720796030883845,0.29165512138413263,4738.02392578125,4135.4713134765625,-517.6789855957031,8451.805786132812,6283.263943004566,5018.184481346629,2.6749999999999945,23.609629737006294,-3.500850200653076,-4.313997268676758,-0.09814285410349212,-0.1747692890685559,0.06392575314744864,108,23.72396469116211,9.03311298971899,-7.880629719466928
2.136282977461815,2.593963861465454,-7.726708173751831,-0.1393490801229339,0.33608693482636476,4634.961181640625,4081.7716064453125,-3803.752685546875,8475.215087890625,6270.321968364654,5229.479625999949,2.6999999999999944,23.73351838853624,-3.3288182152642145,-5.551405906677246,-0.2212612823181813,-0.20015571403454652,0.0601312312920333,109,23.494535446166992,8.976033016796153,-8.472136549216835
0.6530825585126877,4.372994303703308,-6.658433675765991,-0.13010587215764935,0.4210307214813686,4146.468505859375,4242.5906982421875,-6305.45654296875,8204.6708984375,6175.228151225968,5441.360003197214,2.7249999999999943,23.849862416585285,-3.1206353505452475,-6.307401180267334,-0.37297437908505227,-0.23234307844340768,0.05466813082276403,110,23.066377639770508,8.738452102290776,-9.009038253943693
-0.04114563725888729,6.229440689086914,-5.380403757095337,-0.11796879012810063,0.5477682274922857,3948.4044189453125,4441.491455078125,-7031.25439453125,7665.907958984375,6017.591737651745,5646.476775658148,2.7499999999999942,23.969457414415146,-2.8408384323120117,-6.318910121917725,-0.531318081175948,-0.2628306469970122,0.04738850065751933,111,22.4139347076416,8.27456338225024,-9.34329801092777
-0.7515118703246118,8.293683290481567,-3.911519169807434,-0.1026924819964858,0.6698743632095006,3689.888427734375,4551.100341796875,-7429.56884765625,6740.798828125,5841.810377788461,5838.124474632752,2.774999999999994,24.090120527479385,-2.482607364654541,-6.023290157318115,-0.6863321661139723,-0.2933218690747371,0.03865907056197071,112,21.536558151245117,7.729838552969972,-9.273744556879773
-1.5900875031948092,10.572149753570557,-2.3136606216430664,-0.08457011186455213,0.7745129584949402,3425.7740478515625,4504.336669921875,-7551.07568359375,5290.87060546875,5656.071156597054,6006.644445335868,2.799999999999994,24.20646031697591,-2.0520374510023327,-5.3888068199157715,-0.8292903871133167,-0.3239214984535851,0.028820908247973256,113,20.44548988342285,7.490957406714765,-8.810510768895668
-2.838957500457764,13.056673049926758,-0.6569805890321732,-0.06421714874378454,0.8429363579598556,3196.403076171875,4352.344482421875,-7585.484130859375,2998.9195556640625,5467.29426450721,6138.916210472573,2.824999999999994,24.31220160590278,-1.563409964243571,-4.322694301605225,-0.9520057209298872,-0.3545871492603318,0.018099446140612974,114,19.163951873779297,7.804044045913168,-8.43198614679208
-4.515032953023911,15.70769739151001,0.938567727804184,-0.04279786008373843,0.8617145731221132,2980.9227294921875,4089.7169189453125,-7583.802001953125,-120.865966796875,5277.657161235726,6213.889199364155,2.849999999999994,24.401556650797527,-1.044972472720676,-2.8489322662353516,-1.0424076562390086,-0.38525085263053144,0.006530391404442943,115,17.729839324951172,8.220307471592953,-8.636796167424587
-6.631537294387818,18.471280097961426,2.354180335998535,-0.021636617169158788,0.8216690858637825,2764.9354248046875,3669.95703125,-7545.1259765625,-4097.7509765625,5088.062111186898,6210.867550194208,2.874999999999994,24.469261169433594,-0.5295146505037943,-0.9883737564086914,-1.0909292528777617,-0.4159289870048879,-0.006046016497617171,116,16.196165084838867,8.068282900660146,-9.054618062554344
-8.131942546367647,19.8955659866333,3.531008005142212,-0.001880392767049324,0.7641742342481163,2544.3070068359375,3387.122314453125,-7530.609130859375,-6929.3221435546875,4899.433961772836,6108.4237757801275,2.8999999999999937,24.51411353217231,-0.046096216473314494,0.3161800801753998,-1.0969838830370295,-0.4235832448729119,-0.019876082515696867,117,14.62583065032959,7.6517025230586375,-8.921402134999703
-8.619328701496125,20.788522720336914,4.6162049770355225,0.016779726025099913,0.7298999502300418,2272.9754028320312,3195.7274169921875,-7550.4852294921875,-7891.8414306640625,4711.168733501351,5935.190722191254,2.9249999999999936,24.54035653008355,0.41181912024815875,0.8046879768371582,-1.0820794354173737,-0.42003559805054685,-0.034767326682010664,118,13.064348220825195,7.775400923759978,-8.49952533733867
-8.869717609882356,21.698880195617676,5.661163330078125,0.03461041864012916,0.6977368871661276,1978.3826904296875,2974.832275390625,-7650.633544921875,-8355.774658203125,4522.406602764046,5737.89468642465,2.9499999999999935,24.548473358154297,0.8499723672866821,1.0455389022827148,-1.0585363590117736,-0.41651982593747877,-0.05006652967662178,119,11.530125617980957,8.207913115209776,-8.60711750465279
-8.729752373695375,10.240196228027344,6.704423427581787,0.0517946673915418,0.6754317146142235,1269.840576171875,2730.4466552734375,-7368.4482421875,-8629.832092285156,4331.140764141001,5529.00031996957,2.9749999999999934,24.53675799899631,1.2720108032226562,1.4377964735031128,-1.027732373631154,-0.41414962921206505,-0.06470795268792934,120,10.032234191894531,8.130620425904183,-9.053872871694415
-8.984704470634462,10.686609268188477,7.704252243041992,0.06814150802471965,0.6343457303179987,1153.9998779296875,2474.9122314453125,-7614.83984375,-8895.251770019531,4146.929558086312,5313.25451766244,2.9999999999999933,24.507295820448135,1.6725536187489827,1.3692874908447266,-0.9935008333485753,-0.4102523592728431,-0.07781795820390044,121,8.577906608581543,7.6692931631543635,-9.026325161635066
-9.428555750846863,11.112975120544434,8.61941146850586,0.08347068406516175,0.5852808488168694,1075.212890625,2180.8375244140625,-7778.064453125,-9572.27505493164,3956.5585619925605,5090.873223411947,3.0249999999999932,24.463810390896267,2.046766546037462,1.5927460193634033,-0.9576235926703821,-0.4062718655495562,-0.08897575428873498,122,7.168549060821533,7.624496506653258,-8.55773094618886
-9.74856541156769,11.528669357299805,9.461841583251953,0.097428003410266,0.5343158684569957,1030.7481689453125,1827.3695678710938,-7931.92236328125,-10021.56086730957,3762.1069506644344,4851.566347038653,3.049999999999993,24.40726810031467,2.3855042457580566,1.7675938606262207,-0.9146631424409051,-0.40273969835102724,-0.09781188975902252,123,5.8102288246154785,8.083445357965159,-8.417233496467423
-9.602295124530793,11.921384811401367,10.260735988616943,0.11033602896350063,0.5034197044131459,1008.5199584960938,1460.422966003418,-8026.8671875,-9664.963497161865,3563.8088915824023,4601.027325355916,3.074999999999993,24.339915381537544,2.6965210172865124,1.5048328638076782,-0.8729293442095186,-0.3992284702565691,-0.1040387848289265,124,4.507760524749756,8.339806928434102,-8.834413624799819
-8.999013209342957,12.264222145080566,5.4333014488220215,0.12282299210363691,0.49990909217468976,1006.638671875,1235.7198486328125,-8050.47216796875,-8528.6953125,3363.137211894902,4359.403237926877,3.099999999999993,24.26361295912001,2.995206250084771,0.9131044745445251,-0.8422613797815749,-0.3947493994877057,-0.10749514348255063,125,3.2534914016723633,8.013768240452018,-9.210237652720268
-8.25181269645691,12.542661666870117,5.807685852050781,0.13551139841310247,0.5161630633872295,1050.047119140625,1146.1009521484375,-8031.87646484375,-7148.44140625,3161.8754076956834,4146.185855114387,3.124999999999993,24.181713528103298,3.2971045706007214,0.24264822900295258,-0.8281329773035683,-0.38839839278862565,-0.10819314135950359,126,2.0300092697143555,7.545626956167064,-9.028622269911505
-7.810154223442078,12.763145446777344,6.188076019287109,0.1486251448381673,0.5313504385831925,1092.987548828125,1109.4521484375,-7920.40673828125,-6412.4296875,2961.0784960745905,3967.4748199581422,3.149999999999993,24.094865587022568,3.6077062288920083,-0.03890214487910271,-0.8276358317070778,-0.3798591664903683,-0.10622945952973366,127,0.8177131414413452,7.5477800822545085,-8.52535211589635
-7.585218000411988,12.947184562683105,6.573456764221191,0.1620363913241292,0.5412677841665385,1124.6468505859375,1104.71142578125,-7681.18408203125,-6197.05126953125,2763.068327617561,3807.164077770644,3.1749999999999927,24.003495110405815,3.923841052585178,-0.17710404098033905,-0.8312203799552972,-0.3699427030791333,-0.10185068174304697,128,-0.39411842823028564,8.016732071861366,-8.344698148115524
-7.257230937480927,13.120062828063965,6.973781108856201,0.1757388877648049,0.5559420680889842,1153.5250244140625,1106.0924072265625,-7343.1630859375,-5888.3359375,2571.0387255667824,3652.2377960323647,3.1999999999999926,23.90801323784722,4.245363076527913,-0.23960505425930023,-0.8362240601693925,-0.3593025256416693,-0.0952934881189459,129,-1.6080539226531982,8.354505551796802,-8.715244922144901
-7.515907418727875,28.251032829284668,15.23940658569336,0.18968894167356026,0.5454476154974179,2635.0858154296875,1255.7640991210938,-7589.5872802734375,-5582.147552490234,2387.459648418343,3505.029397594867,3.2249999999999925,23.812713623046875,4.571976661682129,-0.5180152654647827,-0.8448506381514045,-0.3447306069736236,-0.08668948042717241,130,-2.826680898666382,8.131083865173283,-9.162398342660293
-8.658187651634217,27.76942253112793,15.903396129608154,0.2025680219946971,0.4881247707986573,4937.100830078125,3188.283203125,-8434.523803710938,-6095.8997802734375,2197.7199664115005,3365.4757087826074,3.2499999999999925,23.75324461195204,4.878560172186957,-0.26578861474990845,-0.854842086192082,-0.3251495652560047,-0.07734751079733795,131,-4.054731369018555,7.636007075012076,-9.111221689751927
-8.649908256530763,27.356481552124023,16.322330474853516,0.2146014820907065,0.48647121407782706,4483.04931640625,4010.41845703125,-8110.86279296875,-6586.62890625,1986.8568713187294,3213.0782142757676,3.2749999999999924,23.720355563693577,5.170034832424587,-0.10098404437303543,-0.8590868986535592,-0.3084920585592907,-0.0694987506235757,132,-5.287320613861084,7.513247169722712,-8.629533954167117
-8.335156309604645,26.904364585876465,16.8327054977417,0.22702388021916517,0.500036624301391,4360.548095703125,3698.14501953125,-7588.3701171875,-6604.6240234375,1784.0853014945149,3048.4124916195174,3.2999999999999923,23.6789427863227,5.469983418782552,-0.19378258287906647,-0.8625145867135731,-0.2891178695569653,-0.06404704765153414,133,-6.52031946182251,7.924010141220741,-8.348628101379203
-8.786581945419313,26.250670433044434,17.413630485534668,0.2392516512062095,0.4764079605562583,4806.97119140625,4390.668212890625,-7635.6201171875,-7311.1021728515625,1594.376048564827,2883.2968910335744,3.324999999999992,23.64018334282769,5.7664002312554254,0.07363711297512054,-0.865230544972263,-0.26722237440449936,-0.06082990328163718,134,-7.756142616271973,8.328377098466795,-8.638747456797264
-8.914352977275849,25.60122013092041,17.887176513671875,0.2509003344589729,0.4596693606043514,4679.205322265625,4742.86279296875,-7259.20751953125,-8000.8114013671875,1403.4855456351424,2700.5193367122797,3.349999999999992,23.60953860812717,6.0511525472005205,0.4652257561683655,-0.8578078489610215,-0.2453612423524739,-0.05978622709519194,135,-8.986920356750488,8.193770745573703,-9.11942988673849
-8.518749296665192,24.98264789581299,18.413430213928223,0.2624146945242554,0.4627973431731903,4271.908935546875,4576.25927734375,-6723.3758544921875,-7952.09716796875,1222.0053576468654,2500.4990516781004,3.374999999999992,23.57481638590495,6.332402759128147,0.5704686045646667,-0.8446823263705114,-0.22331221596316495,-0.060746862589897144,136,-10.200712203979492,7.692788119521928,-9.16316991410559
-8.190917611122131,24.408757209777832,18.99149799346924,0.2739819016924192,0.46038222224913833,3784.7628173828125,4694.857177734375,-6352.5323486328125,-7867.093994140625,1053.9209612845636,2301.696622478882,3.399999999999992,23.533657921685112,6.614129278394911,0.7075289487838745,-0.8287720693861601,-0.20108580640049986,-0.06303850854672113,137,-11.39322566986084,7.464705875134193,-8.710041263083005
-8.153704142570497,23.81399440765381,19.557168006896973,0.2853124037739454,0.44432196271638824,3386.5654296875,4688.376708984375,-6284.607238769531,-7986.1439208984375,895.1076525687439,2105.0192726253654,3.424999999999992,23.487328423394096,6.889182726542155,0.834254801273346,-0.8094709425438653,-0.17815384224128875,-0.06597193055317296,138,-12.560386657714844,7.795470112655478,-8.318936858476965
-8.236092126369478,23.172380447387695,20.109386444091797,0.29613452504813226,0.4219096977991493,3096.5428466796875,4471.1947021484375,-6383.59912109375,-8131.6588134765625,737.9924715995048,1905.3656746029033,3.4499999999999917,23.434761895073784,7.150084177652995,0.9208412766456604,-0.7873579836436376,-0.15465772069465797,-0.06918297461969797,139,-13.698273658752441,8.293925352529543,-8.458258438266494
-8.26592049598694,22.48617172241211,20.649084091186523,0.30641629093714207,0.40119453228656327,2791.9431762695312,4202.81005859375,-6515.091491699219,-8141.9415283203125,578.40249357216,1702.074204265989,3.4749999999999917,23.37543275621202,7.39553345574273,1.0784169435501099,-0.7639856158639114,-0.1308731704795932,-0.07240448407706912,140,-14.804411888122559,8.39111113978359,-8.972182935556555
-8.107785451412202,10.719958305358887,21.201894760131836,0.3164078721358741,0.392766293226735,1672.4329833984375,3969.163818359375,-6309.99072265625,-8218.968505859375,415.52520627968124,1498.5256660579805,3.4999999999999916,23.30277336968316,7.6295031441582575,0.9743447303771973,-0.7395283428351143,-0.10835023457430464,-0.07504763816945914,141,-15.878151893615723,7.979683856660132,-9.303572387595883
-8.220573663711548,10.409915924072266,21.72997283935547,0.3259048710306648,0.36804340316871603,1430.312255859375,3746.805908203125,-6512.76171875,-8265.502807617188,257.7754382132733,1293.0514534114957,3.5249999999999915,23.221477932400173,7.847830454508464,0.9791610240936279,-0.7148084821228352,-0.08438836776491103,-0.07675066310753756,142,-16.919408798217773,7.482545351833973,-9.110999069324874
-8.228458189964295,10.062047004699707,22.22665786743164,0.33483801214365844,0.347905810717541,1239.94140625,3546.74072265625,-6681.73779296875,-8143.0499267578125,94.95639524452176,1086.413883221067,3.5499999999999914,23.136753506130642,8.050190077887642,0.8861148953437805,-0.6913120110363115,-0.06005311536771531,-0.0774018808954676,143,-17.928722381591797,7.383542673264686,-8.582632360575818
-8.148906135559082,9.666470527648926,22.701318740844727,0.3433367916828602,0.33318342344790586,1105.9600830078125,3400.09716796875,-6817.0517578125,-7887.0052490234375,-72.0870495796982,882.8376350521239,3.5749999999999913,23.050172593858505,8.240336842007107,0.7214813232421875,-0.67110734021518,-0.03505508643928023,-0.07698833359007032,144,-18.909080505371094,7.772194152392998,-8.205814315485075
-8.028609573841095,9.21393871307373,23.160786628723145,0.3515288749330257,0.3229530898574482,1026.0164794921875,3333.7637939453125,-6922.60791015625,-7583.5345458984375,-242.51334352501163,685.6625038265406,3.599999999999991,22.96328862508138,8.422063191731771,0.5310428142547607,-0.6554570077532204,-0.009091698806319935,-0.07554509169395072,145,-19.865633010864258,8.3066140812513,-8.308682626894202
-8.013255834579468,17.620427131652832,23.594626426696777,0.3594359666570391,0.3059693126376859,1650.0310668945312,3355.693115234375,-7180.056121826172,-7337.3067626953125,-415.57854127892017,496.07414017908184,3.624999999999991,22.88010491265191,8.597406281365288,0.4175507128238678,-0.6439730576586352,0.018789755700364275,-0.07317400447404752,146,-20.804149627685547,8.539847176793728,-8.802667368020188
-8.094177079200746,16.343235969543457,23.93885326385498,0.36674018528928576,0.2783324749386863,2970.06103515625,3456.2159423828125,-7558.0223388671875,-7227.78173828125,-595.0799443245778,312.64147111169996,3.649999999999991,22.81572977701823,8.763925234476725,0.4187057912349701,-0.633643255001463,0.04881796277559237,-0.07040221970100667,147,-21.72696876525879,8.285707769588525,-9.288320879574792
-8.186319959163667,14.952148914337158,24.189849853515625,0.3733317420138273,0.24974430616403995,4052.5887451171875,3617.97705078125,-7858.9034423828125,-7284.3760986328125,-784.0305027962603,131.94692765466817,3.674999999999991,22.773640950520832,8.920460806952583,0.4538101553916931,-0.6227780238071305,0.07941485201135001,-0.06808802009870109,148,-22.632347106933594,7.744183698194729,-9.387620169440225
-8.227456998825074,13.540921211242676,24.38675308227539,0.37927901349165133,0.2285075106176915,4349.73388671875,3805.3343505859375,-7900.905029296875,-7488.6734619140625,-980.503088855831,-50.162474811154055,3.699999999999991,22.747997707790798,9.066827562120226,0.4662425220012665,-0.6113143803158572,0.10940968582901939,-0.06681533702564425,149,-23.51829719543457,7.323722042420516,-9.02756722073555
-8.106507968902589,12.157492637634277,24.573697090148926,0.38483170436446656,0.21689000299443884,4218.449462890625,3902.4493408203125,-7470.7452392578125,-7830.584228515625,-1178.0257145882488,-237.37931135900882,3.7249999999999908,22.728474934895832,9.20562638176812,0.6391046643257141,-0.5979933151223081,0.13914960935728696,-0.06670629306257311,150,-24.383792877197266,7.327820242871009,-8.470716306371312
-7.858893072605134,10.787612915039062,24.765094757080078,0.39012996348463835,0.20685682654843113,3909.0057373046875,3997.0169677734375,-6813.7489013671875,-8133.5042724609375,-1364.794345569688,-433.14391707190225,3.7499999999999907,22.710918850368923,9.338885413275825,0.9141809940338135,-0.5785225449185752,0.16917591008771132,-0.06742139758834063,151,-25.223896026611328,7.750887319821742,-8.102589669515256
-7.534915447235108,9.421589374542236,24.969969749450684,0.3951770199349884,0.19867266620250862,3141.3272705078125,4118.7010498046875,-6143.477630615234,-8204.527465820312,-1535.1380681038613,-636.4815238834263,3.7749999999999906,22.69325680202908,9.465802510579428,1.061153531074524,-0.5531955833462991,0.19932204474481083,-0.06840416228722872,152,-26.03057861328125,8.313557014613105,-8.160250447306058
-7.287558734416963,8.071054220199585,25.20297622680664,0.40004877380658393,0.19043562546419124,2094.4988708496094,4238.7874755859375,-5696.654949188232,-8092.8671875,-1688.7250088692379,-841.5947105289331,3.7999999999999905,22.66895506117079,9.585584004720053,1.001327395439148,-0.527404000032345,0.22974518976717062,-0.0690352274358474,153,-26.80077362060547,8.674636724194189,-8.601976719774683
-7.094917058944703,2.7378368377685547,25.42957878112793,0.4046168940243969,0.17498463060982403,1769.501953125,4254.807861328125,-5437.3232421875,-8022.2344970703125,-1831.1413825989412,-1043.9163902164323,3.8249999999999904,22.64197031656901,9.69633420308431,1.1156898736953735,-0.5013245290045533,0.26096933042164216,-0.06884038807378369,154,-27.536298751831055,8.638552054537577,-9.175727529713427
-6.706769156455994,1.9249060153961182,25.613926887512207,0.4088277511819757,0.16333621367316964,1520.4805908203125,4173.1273193359375,-4806.51513671875,-7951.0701904296875,-1967.0744636536224,-1244.4722526431894,3.8499999999999903,22.617001003689236,9.798549016316732,1.4075725078582764,-0.47016154950899103,0.29226414471354173,-0.06770310593621137,155,-28.233625411987305,8.233229560119943,-9.589708468794944
-6.00664039850235,3.8907954692840576,25.737181663513184,0.41272588664855187,0.14764064076219224,1978.0863037109375,4045.6273193359375,-3831.69970703125,-7820.4259033203125,-2087.2373420715817,-1443.2490074039304,3.8749999999999902,22.596384684244793,9.894412358601889,1.9937793016433716,-0.42852086204721646,0.3234027812522649,-0.06552442794387718,156,-28.881759643554688,7.653215508216526,-9.66393805979035
-4.894231760501862,2.6525376439094543,25.737221717834473,0.41614491943502285,0.12303676903776462,3174.978515625,3941.602294921875,-2318.154556274414,-7673.724365234375,-2183.029834747348,-1638.7596549869368,3.89999999999999,22.592639923095703,9.98496585422092,2.9441046714782715,-0.3672003795256515,0.35247153409037285,-0.06237305116933758,157,-29.458322525024414,7.1285704998548205,-9.389821849805806
-3.9302926421165467,1.9973722286522388,25.564501762390137,0.4185705931348943,0.06463434957330226,4694.333251953125,3916.330078125,-1145.1806030273438,-7579.17431640625,-2240.9836986541964,-1830.6027641177952,3.92499999999999,22.617068820529514,10.061410268147787,3.820371627807617,-0.2820150441597774,0.3714308774962696,-0.05848196059608245,158,-29.929086685180664,6.804829026435973,-8.883097881117017
-3.5091501176357274,1.6035208702087402,25.200928688049316,0.41905715266605176,-0.028176982944121916,5631.169189453125,3927.1590576171875,-703.9026565551758,-7609.769287109375,-2269.6132137298755,-2020.0821220279518,3.94999999999999,22.677697075737846,10.101601282755533,4.21688985824585,-0.1801874819839437,0.3837280404744673,-0.054144170523047756,159,-30.262662887573242,6.702739059578687,-8.280511582212508
-3.719926261901856,1.2796189188957214,24.666982650756836,0.416976591353941,-0.1359673066245888,5174.519775390625,3836.2735595703125,-768.6946411132812,-7828.98046875,-2287.2107801437555,-2210.3263542056884,3.97499999999999,22.765769958496094,10.084122551812065,4.120233535766602,-0.07562811574093395,0.39285449379308707,-0.049611586861030586,160,-30.444936752319336,6.758853472504867,-7.664136944965631
-3.6663546502590183,0.7832674980163574,23.982914924621582,0.4122918246803826,-0.2359076363386947,4980.248779296875,3943.01708984375,-426.6649169921875,-8017.749755859375,-2306.428146171584,-2406.0508659244406,3.99999999999999,22.87305196126302,10.003727806939018,4.310696601867676,0.028867992103808016,0.4025064886633204,-0.0451674950486097,161,-30.477130889892578,6.883453562463902,-7.053523658541556
-3.4627909958362584,0.303352415561676,23.1346435546875,0.4051050181626948,-0.33805714140080534,4967.671630859375,4080.8284912109375,154.8499755859375,-8199.911865234375,-2317.094769096383,-2606.4946098209266,4.02499999999999,23.005650838216145,9.865371916029188,4.640610218048096,0.14087654448852724,0.40935277674612797,-0.040927143381958284,162,-30.35408592224121,6.983902271181641,-6.437752521944882
-3.314680421352387,-0.08622926473617554,22.10837173461914,0.3952557496347138,-0.4491876911860175,4933.071044921875,4160.1678466796875,655.2174072265625,-8389.018310546875,-2313.2235197067293,-2811.492406451788,4.04999999999999,23.1640010409885,9.664301342434353,4.907951354980469,0.2603981655916042,0.4124507821079467,-0.03698888572908433,163,-30.06488609313965,6.96155926092492,-5.817621444329246
-3.2563093423843386,-0.4187483787536621,20.89650821685791,0.38251864908919186,-0.5684936794645822,4851.595458984375,4156.7930908203125,1015.243408203125,-8583.304931640625,-2296.843084526062,-3021.2178642154618,4.07499999999999,23.347771962483723,9.393652809990776,5.110228061676025,0.3857591502140867,0.41198369694226045,-0.03343723584270581,164,-29.600276947021484,6.722113980947453,-5.254022938492717
-3.22662992477417,-0.6977225840091705,19.4929256439209,0.36674138371177634,-0.6918089568957202,4668.0048828125,4085.584228515625,1370.90869140625,-8778.028076171875,-2271.4619993209803,-3235.8004875064794,4.099999999999991,23.554422590467667,9.047703213161892,5.2628068923950195,0.5154393493610004,0.4077292305218316,-0.03035464976747971,165,-28.953210830688477,6.237283733406203,-4.902487069855761
-3.1981342375278476,-0.9215604066848755,17.89437770843506,0.3478427603787334,-0.8178747471006921,4416.28857421875,3972.964599609375,1735.6337280273438,-8950.208251953125,-2237.1892820358207,-3455.251189410778,4.124999999999991,23.78033955891927,8.622411092122396,5.376239776611328,0.6485722037031475,0.39960101320355756,-0.027820520912809413,166,-28.11821746826172,5.660238431185366,-4.958316359392657
-3.148834335803986,-1.0903633311390877,16.10222578048706,0.3257720791608107,-0.9455125347181105,4147.2889404296875,3847.2484130859375,2103.806640625,-9077.165771484375,-2193.7984388351338,-3679.006395709607,4.1499999999999915,24.02111265394423,8.114517529805502,5.457247257232666,0.7840754378630332,0.3875390905733979,-0.025875922296725584,167,-27.091163635253906,5.3637661135090475,-5.427331005614231
-3.085099816322327,-1.1977607794106007,14.118389129638672,0.30049255514545153,-1.0743858959232713,3878.55224609375,3715.742431640625,2435.215648651123,-9143.328857421875,-2141.203272819506,-3905.935539996717,4.174999999999992,24.272545708550346,7.5214799245198565,5.490378379821777,0.921033756663511,0.3713897982364551,-0.024505519937014258,168,-25.869216918945312,5.632101492023641,-5.877798222635875
-3.0129638195037844,-1.24203360080719,11.94852876663208,0.2719860788372434,-1.2035472114212966,3619.0050048828125,3588.8663330078125,2699.759033203125,-9136.721923828125,-2080.3228816032256,-4134.518761432264,4.199999999999992,24.529507954915363,6.841218736436632,5.4640793800354,1.0581001332252187,0.3510681979987124,-0.023639249810465723,169,-24.451147079467773,6.104261447042282,-5.752350030062607
-2.952422422170639,-1.2342630326747894,9.601944923400879,0.24025188457737282,-1.3322259621297998,3389.6162109375,3483.05859375,2830.5167846679688,-9037.709716796875,-2012.8289057731465,-4362.936809527966,4.2249999999999925,24.786192576090496,6.072212325202094,5.356404781341553,1.1935327936162172,0.32668639229730534,-0.023167703849953567,170,-22.8378849029541,6.02639509484737,-5.310943548457288
-2.831896883249283,-1.183684766292572,7.095771789550781,0.20535608533990105,-1.4552855760962902,3214.0869140625,3407.1982421875,2834.0658569335938,-8724.63134765625,-1942.0659861564473,-4588.8795524478855,4.249999999999993,25.036256578233505,5.214860174391005,5.126738548278809,1.3249617907824451,0.2983286368912213,-0.022968285099171676,171,-21.03325080871582,5.637592700076467,-5.422613449607505
-2.319636765122414,-1.1862027049064636,4.4795743227005005,0.1676193090753168,-1.5545916573520369,3063.85400390625,3396.0897216796875,2794.4413452148438,-7659.878662109375,-1871.2143397331076,-4806.9953361392845,4.274999999999993,25.27223798963759,4.2762388123406305,4.582385540008545,1.4473156670600646,0.2676764433703579,-0.02288150349833792,172,-19.045948028564453,5.831150895025748,-5.725319044604124
-0.9647757321596147,-1.3211624026298523,1.8785784244537354,0.12808474927211777,-1.6003618091105747,2950.6710205078125,3344.1312255859375,2957.348388671875,-5261.1240234375,-1801.3533061027354,-4998.492302692001,4.299999999999994,25.485028160942925,3.282212151421441,3.551485538482666,1.549163469260183,0.23684298012542254,-0.022539116689505406,173,-16.89642333984375,5.9944940658997545,-5.454282164293567
1.3303739070892335,-1.543446660041809,-0.5805930346250534,0.08820885544095464,-1.577336251483804,2888.3343505859375,3291.1822509765625,3313.1453857421875,-1344.64892578125,-1727.4195963859363,-5130.020403277915,4.324999999999994,25.6653446621365,2.2698007689581976,1.8858294486999512,1.6184779624258387,0.20598679678743748,-0.02123911540932924,174,-14.622429847717285,5.71303136051712,-5.471041300868996
4.406223511695862,-1.7950246930122375,-2.732034683227539,0.04987677528776443,-1.4760007083193627,2914.7816162109375,2952.142822265625,3780.6715087890625,3870.785888671875,-1644.5909617423788,-5163.636626422413,4.349999999999994,25.805717044406467,1.2881743907928467,-0.2962018847465515,1.6396686020615447,0.17515319206206922,-0.01806574050806666,175,-12.28207015991211,5.893592634888145,-5.662122057011108
6.704492235183716,-2.0142005681991577,-4.471251964569092,0.014815254609678672,-1.3506469142318234,3012.4609375,2776.03369140625,4158.1363525390625,7743.376220703125,-1550.07417402265,-5066.8669792055925,4.374999999999995,25.90468512641059,0.3838125864664714,-1.8209810256958008,1.6071458125133882,0.1444055741503969,-0.01205146764228647,176,-9.95201301574707,5.916449247992313,-5.397412676496487
7.133611869812012,-2.1989026069641113,-6.11186957359314,-0.018036685004454975,-1.2817286994363712,3024.209716796875,2645.0223388671875,4324.637939453125,8419.39111328125,-1446.1207652091725,-4873.28257368801,4.399999999999995,25.96901363796658,-0.4684457514021132,-2.076474905014038,1.5577276626936598,0.11369339292597945,-0.0030136476536958773,177,-7.684459209442139,5.683193766945422,-5.5595832987195415
7.205716323852539,-2.3331480026245117,-7.716105222702026,-0.04934310693363697,-1.2243659406107732,3041.1578369140625,2560.849609375,4425.1927490234375,8510.55029296875,-1338.0048167228438,-4662.797795855979,4.424999999999995,26.00168016221788,-1.2840459081861708,-2.1065778732299805,1.5052290344410368,0.08283887406367568,0.008248447598220798,178,-5.490538120269775,5.9717720380016655,-5.660313090786071
7.314110159873963,-2.4124282598495483,-9.264066696166992,-0.07920951813011569,-1.1659606873764634,3011.6610107421875,2475.9033203125,4549.9248046875,8651.820556640625,-1227.3749979972572,-4450.0340385317595,4.449999999999996,26.00658628675673,-2.064288192325168,-2.121750831604004,1.4524836643134178,0.051833360209348214,0.02085715777176843,179,-3.371685028076172,5.900726078980592,-5.34083122575306
7.320666384696961,-2.4538156986236572,-10.771834373474121,-0.10764611142684449,-1.1113453121104182,2880.654052734375,2368.35888671875,4527.6834716796875,8758.068115234375,-1113.6268778800697,-4233.738524615744,4.474999999999996,25.985618167453342,-2.8081056806776257,-2.1452198028564453,1.3990482691473596,0.020927786676412475,0.03405534720933479,180,-1.328172206878662,5.634061206637036,-5.565306609259512
7.1618888020515445,-2.455553650856018,-12.248272895812988,-0.13481507333420922,-1.063932456012492,2691.923828125,2289.647705078125,4406.152313232422,8656.9755859375,-1000.4347910880781,-4014.7868217348846,4.4999999999999964,25.94096501668294,-3.51857582728068,-2.0981884002685547,1.3458723990295294,-0.009977242260886289,0.047037716568874656,181,0.6397240161895752,5.964425153325422,-5.730755396298249
7.0551065683364875,-2.5243104696273804,-13.688435554504395,-0.16082318828954362,-1.0165042867382983,2464.39892578125,2231.034912109375,4355.597198486328,8566.72802734375,-890.2809832572677,-3798.3624320864474,4.524999999999997,25.8753416273329,-4.197606510586208,-2.251568555831909,1.2939749793929918,-0.03880637665976572,0.05898663794503087,182,2.5336689949035645,6.015300525291762,-5.344656812510252
7.03759857416153,-1.2927230596542358,-15.112539768218994,-0.18573626133890786,-0.974914565521885,1285.377197265625,2307.034912109375,4362.82421875,8504.867919921875,-781.3910532951095,-3584.194231402854,4.549999999999997,25.780718061659073,-4.84424802992079,-1.7699923515319824,1.2470464857183239,-0.06518790633122665,0.06887054005075043,183,4.358003616333008,5.6111583072876865,-5.398070099714813
7.065191495418549,-1.2948410511016846,-16.474791526794434,-0.20954686892076335,-0.93087713294758,1126.7774658203125,2366.2073974609375,4451.41943359375,8482.738098144531,-672.3204478263592,-3371.572533404807,4.5749999999999975,25.66880120171441,-5.45895258585612,-1.7623844146728516,1.2027252267508437,-0.09134353336322161,0.07637147058020231,184,6.120049476623535,5.748056936529811,-5.798733929872821
7.101909625530244,-1.2836686372756958,-17.757417678833008,-0.2322508831354205,-0.8862513415094493,1034.7138671875,2396.8054809570312,4483.12451171875,8537.600524902344,-561.0349619865153,-3159.504080951194,4.599999999999998,25.544957054985893,-6.041865348815918,-1.7935101985931396,1.1583196787348624,-0.11671514449564867,0.08128157397149503,185,7.820988655090332,6.13958962343293,-5.601529844557732
7.0626184225082405,-1.2666500806808472,-18.958497047424316,-0.25385143319716014,-0.8432633941417172,969.7996826171875,2487.3846435546875,4482.7197265625,8486.543884277344,-448.9568491935466,-2946.0640678286354,4.624999999999998,25.412347581651474,-6.593196127149794,-1.792075276374817,1.1133591279477089,-0.14111462276760192,0.0835688465184664,186,9.459856033325195,5.905255683370019,-5.213659109147074
6.893248891830445,-1.2411091327667236,-20.081578254699707,-0.27443277486496964,-0.8048535538458859,939.9066162109375,2648.4610595703125,4422.5322265625,8260.392822265625,-336.88885602948415,-2733.9004707217023,4.649999999999999,25.27438481648763,-7.115657594468859,-1.7306500673294067,1.0692280852610874,-0.16457915256580163,0.08331736088777886,187,11.036316871643066,5.508902714991305,-5.461725781453277
6.587455093860627,-3.167464852333069,-21.12412929534912,-0.2940994372116346,-0.7673856070485884,1644.9212036132812,2858.3856201171875,4350.977188110352,7929.6810302734375,-226.32555036542178,-2527.390650165062,4.674999999999999,25.13561460706923,-7.613144980536567,-1.7843905687332153,1.0264158399462735,-0.18757281883851853,0.08072821903124701,188,12.551568031311035,5.745651178335441,-5.880820905622125
6.232126283645631,-3.215394616127014,-21.995235443115234,-0.31262728194191125,-0.7123151641312758,3981.026123046875,3069.0865478515625,4459.299072265625,7688.431640625,-117.5511206626629,-2329.1486244082266,4.699999999999999,25.020698971218533,-8.087360594007704,-2.161529779434204,0.9771192634303072,-0.20887348863913682,0.07648012755267755,189,14.00063419342041,6.201123809783563,-5.684536884844314
6.396252703666687,-3.238932728767395,-22.679308891296387,-0.3294904512538066,-0.6357407606760095,5476.4696044921875,3069.2806396484375,5188.284912109375,7694.9761962890625,-6.068643856021609,-2136.9378333926015,4.725,24.93889914618598,-8.527996804979113,-2.129110336303711,0.9214097950094301,-0.227564701657533,0.07177447170931885,190,15.36910343170166,6.085270276338462,-5.184285309523906
6.514281690120698,-3.1460334062576294,-23.270366668701172,-0.3446430056185168,-0.5875596491826229,4227.744140625,3143.0035400390625,5097.1656494140625,7824.3876953125,123.63847894671268,-1944.563428485375,4.75,24.85958523220486,-8.923832575480143,-1.8276344537734985,0.8744514073515262,-0.24652414493197064,0.06744453796149989,191,16.658178329467773,5.5552468561520705,-5.168059874097432
6.221586906909943,-3.1020085215568542,-23.81515884399414,-0.3588092249840026,-0.5414501441221817,4524.333984375,3391.354248046875,4497.50439453125,8032.356689453125,251.06762018206425,-1748.9537361025625,4.775,24.777889251708984,-9.292797512478298,-2.2363250255584717,0.8236507440309104,-0.26456529697303527,0.06380835767764657,192,17.875625610351562,5.361802547054144,-5.677458204261928
6.11066906452179,-3.0882023572921753,-24.268221855163574,-0.3715875379473935,-0.4817021583557677,4675.991943359375,3611.47607421875,4175.0865478515625,8260.668701171875,363.5052300453455,-1548.1448188662343,4.800000000000001,24.709097544352215,-9.628904130723742,-2.5186166763305664,0.7640659101707773,-0.2803910568494255,0.06072345173943967,193,19.011240005493164,5.764018844999059,-6.067989478444505
5.977203392982483,-3.1246880292892456,-24.629239082336426,-0.38284435369050857,-0.4193213382461876,4620.355224609375,3744.3564453125,3767.8746337890625,8464.090087890625,467.8823937416346,-1341.6281013369376,4.825000000000001,24.651419321695965,-9.927485783894857,-2.76357364654541,0.6979737753450901,-0.2942336522081962,0.058257938814136344,194,20.055370330810547,6.31413574707451,-5.8935074961497715
5.893737697601319,-3.199004590511322,-24.90253734588623,-0.3924726797165538,-0.35132790613926557,4492.161865234375,3802.8646240234375,3444.27001953125,8644.56982421875,562.0792595863616,-1130.0258491396721,4.850000000000001,24.60505591498481,-10.185222625732422,-2.9585299491882324,0.6263035164581774,-0.3061667860325153,0.05634281806236833,195,21.00016975402832,6.478043598920473,-5.322906796968785
5.8622685194015505,-3.284764885902405,-25.080659866333008,-0.400336528362367,-0.2786656031015416,4343.81640625,3779.481689453125,3270.85791015625,8757.574951171875,648.186010074643,-913.9116035342036,4.875000000000002,24.571442074245876,-10.398387908935547,-3.0724036693573,0.5507364869747472,-0.3163507639752487,0.05485128972673423,196,21.83943748474121,6.132074434140569,-4.82095317447446
5.863707220554352,-3.3536272048950195,-25.159347534179688,-0.40634858123370726,-0.2035125120752937,4199.904541015625,3696.278076171875,3230.5296630859375,8794.2080078125,729.9574578285497,-694.9722297549068,4.900000000000002,24.552152421739365,-10.564715067545572,-3.1105780601501465,0.473317661716844,-0.3250143432516559,0.05370601810589167,197,22.569507598876953,5.5189253760914445,-4.7032349478143605
5.887116634845734,-3.386627674102783,-25.13574981689453,-0.41046679367486494,-0.12747452752021815,4060.715087890625,3589.484130859375,3278.691162109375,8779.73779296875,810.7206994056982,-475.1170295595944,4.9250000000000025,24.548617468939888,-10.683221817016602,-3.09527587890625,0.3956493315543139,-0.3323370874982355,0.052883022266462326,198,23.189123153686523,4.9536098376390605,-4.9975583151817204
5.908814561367035,-3.3721518516540527,-25.01052474975586,-0.41269329621471207,-0.05245369989279554,3930.473388671875,3460.7503662109375,3362.17041015625,8725.452880859375,892.6879784584324,-255.6235847353756,4.950000000000003,24.561759101019966,-10.754046969943577,-3.0436019897460938,0.3188603438942144,-0.33848239829262056,0.052376310095993514,199,23.698781967163086,4.626183996205017,-5.557183682410045
5.91061133146286,-3.3049172163009644,-24.78749656677246,-0.41307179798463955,0.02028942592282318,3804.5535888671875,3320.02685546875,3429.7572021484375,8646.474365234375,976.7422387123385,-37.487262713891084,4.975000000000003,24.59180196126302,-10.778295728895399,-2.9796645641326904,0.24357181448177923,-0.34359941265585564,0.05215849680833866,200,24.100149154663086,4.576784205657018,-6.212674962512324
5.884115982055665,-3.1883196234703064,-24.470364570617676,-0.41166375142680106,0.0905761726234397,3680.873291015625,3187.4473876953125,3443.0013427734375,8562.927001953125,1062.486168766049,178.67459641696848,5.0000000000000036,24.63858922322591,-10.757470660739475,-2.9307501316070557,0.16975311696447237,-0.3477386307801113,0.0521620005296478,201,24.395261764526367,4.756210624532099,-6.85230088107596
5.832144582271576,-3.03331458568573,-24.05966854095459,-0.4085205222607214,0.1593708333890689,3576.222412109375,3079.552490234375,3391.259765625,8495.252197265625,1148.561202335385,392.747771465797,5.025000000000004,24.70200432671441,-10.692839092678494,-2.9144468307495117,0.09676513429256688,-0.35082024105646925,0.052287930598505714,202,24.58563995361328,5.087921805906837,-7.433704567332878
5.766670536994934,-2.8506001830101013,-23.55256175994873,-0.40366138511479005,0.22806469350743858,3496.5223388671875,3001.998291015625,3287.2449951171875,8455.050537109375,1233.3426964760101,605.1290763974379,5.050000000000004,24.782250722249348,-10.584891637166342,-2.9343740940093994,0.023726697201571997,-0.35272718091026367,0.05243132933963887,203,24.67169761657715,5.500665624454976,-7.964795881256132
5.6374532103538515,-2.6600815653800964,-22.94986057281494,-0.3971065134342644,0.2947301403367926,3329.726318359375,2958.280029296875,2999.14013671875,8437.728271484375,1315.52382135394,816.5053398251724,5.075000000000005,24.87870322333442,-10.43379677666558,-2.9948415756225586,-0.0503733133506313,-0.3531130063731889,0.05246413199412808,204,24.65256118774414,5.934804422803655,-8.480435985613846
5.510561871528626,-2.4822369813919067,-22.24612808227539,-0.38886299788554674,0.36419347091787024,3259.3924560546875,2951.574951171875,2734.7747802734375,8427.732666015625,1390.50232477191,1027.448546612282,5.100000000000005,24.990984598795574,-10.23946656121148,-3.0772063732147217,-0.1262672666638148,-0.35195248399391643,0.052253667366606166,205,24.526248931884766,6.334091417523941,-9.022988014981687
5.442457509040833,-2.2989801168441772,-21.42933750152588,-0.37881795372793137,0.4387463020791711,3298.37255859375,2960.3167724609375,2608.3157958984375,8425.896484375,1458.871694278747,1238.1418632626726,5.125000000000005,25.121084849039715,-9.999265670776367,-3.143989086151123,-0.20407540446119557,-0.34919506364600517,0.05171393615980957,206,24.289976119995117,6.633451566854489,-9.623787069180656
5.437243020534516,-2.0952569246292114,-20.486754417419434,-0.3668523043711781,0.5174817276009822,3393.2437744140625,2967.5533447265625,2593.634765625,8447.017578125,1524.0795891762086,1448.7892753720475,5.150000000000006,25.27007844712999,-9.709934658474392,-3.1913318634033203,-0.2833016505719083,-0.3448656958199179,0.050897623190240646,207,23.941259384155273,6.753309702771211,-10.279728798902493
5.462167656421662,-1.8628653585910797,-19.411680221557617,-0.35288805248486127,0.5981669532253813,3465.3873291015625,2973.5743408203125,2586.9664306640625,8503.207275390625,1588.9204583168337,1659.9647148251725,5.175000000000006,25.437246958414715,-9.368661244710287,-3.2365550994873047,-0.36361463285494156,-0.33896361485684107,0.04996854615445288,208,23.478153228759766,6.614217605681435,-10.925143586327103
5.455864357948304,-1.6115560829639435,-18.204630851745605,-0.336906489362323,0.6786277076594003,3482.80029296875,2989.830322265625,2460.28759765625,8592.74853515625,1653.5946190834352,1872.5448967099378,5.200000000000006,25.620322757297092,-8.973776499430338,-3.317445755004883,-0.44543066996770186,-0.33133181076575785,0.04911769531449698,209,22.898719787597656,6.185347532273124,-11.415495899466666
5.386400735378266,-1.3741813600063324,-16.86960792541504,-0.31891903330673704,0.7589176868885179,3471.611328125,3023.835693359375,2176.3355102539062,8701.59765625,1715.1018090248422,2087.3636100888434,5.225000000000007,25.81660164727105,-8.52438767751058,-3.4395718574523926,-0.529831138470816,-0.3215984729689794,0.04845823004956611,210,22.19993782043457,5.562001188088649,-11.561448058388095
5.30522130727768,-1.1720861494541168,-15.408074378967285,-0.2988944920438359,0.8420063821071998,3478.5980224609375,3071.601318359375,1868.0029296875,8811.9814453125,1769.5101967811916,2304.903551495093,5.250000000000007,26.02397282918294,-8.01864571041531,-3.5718846321105957,-0.6175297988259386,-0.3095152783396128,0.0479951895597854,211,21.377527236938477,5.015978596077831,-11.254831410012011
5.251900577545166,-1.0035869926214218,-13.817418575286865,-0.27674278414974757,0.9288542623625831,3477.208740234375,3124.5672607421875,1617.209228515625,8910.260986328125,1816.2102700233813,2525.2030876279046,5.2750000000000075,26.24047809176975,-7.453111012776692,-3.672898769378662,-0.7081975841908771,-0.2949768156327612,0.047669301866143765,212,20.426973342895508,4.89873147524961,-10.656950491315843
5.230896008014679,-0.8601686358451843,-12.094861507415771,-0.2523800866291618,1.0187244309810428,3471.6748046875,3181.197509765625,1444.1299438476562,8986.041015625,1856.6405007362737,2747.959612286107,5.300000000000008,26.46323733859592,-6.8243058522542315,-3.733243703842163,-0.8008728603855172,-0.2779631361073843,0.04742596800510538,213,19.34478759765625,5.321309831460855,-10.246186792733491
5.216364717483521,-0.7383790910243988,-10.23963975906372,-0.22575516692060824,1.109480899610281,3458.066650390625,3233.8843994140625,1311.5883178710938,9026.222900390625,1892.7437493324662,2972.6106376767316,5.325000000000008,26.68865203857422,-6.129589080810547,-3.75956654548645,-0.8946183278642057,-0.2584149844292279,0.04723974646588159,214,18.128862380981445,5.85299207938364,-10.441756916324035
5.175527334213257,-0.6380336880683899,-8.25761103630066,-0.19687155371253123,1.1987583151491161,3395.673828125,3276.529052734375,1206.2905883789062,8974.2939453125,1925.5334572792447,3198.266210186497,5.3500000000000085,26.91189236111111,-5.367714034186469,-3.7255899906158447,-0.988382770365661,-0.23624371894588428,0.04709167054808398,215,16.77836799621582,5.83282232184629,-10.982438727979664
5.002207362651825,-0.5555046796798706,-6.167056560516357,-0.1658322447600896,1.2806498528787802,3314.77294921875,3324.627685546875,1134.3260498046875,8639.402587890625,1955.6907219887182,3422.62355881931,5.375000000000009,27.12707307603624,-4.540239440070258,-3.558243989944458,-1.079835988515091,-0.21159575526065902,0.04693527641306908,216,15.294805526733398,5.324788404794115,-11.057279549961477
4.414854550361634,-0.4724797457456589,-4.016646027565002,-0.13298876068241694,1.3397532537928543,3227.0556640625,3393.02978515625,1078.999755859375,7527.249755859375,1984.048873233836,3638.6086235165785,5.400000000000009,27.328561147054035,-3.6559700965881348,-3.0668084621429443,-1.1636085835017054,-0.184904164978691,0.04664311515791978,217,13.684786796569824,5.227439893454641,-10.581887886649755
3.1994663357734683,-0.3540698401629925,-1.9042547345161438,-0.09919920527225046,1.3571946952459466,3125.5390625,3371.934814453125,965.6257247924805,5323.0465087890625,2011.023867130321,3826.789867413073,5.42500000000001,27.509916093614365,-2.737948364681668,-2.1278727054595947,-1.2288570954730826,-0.1572099444805786,0.045902619055634045,218,11.966719627380371,5.6824260505208395,-10.51693911383078
1.2726561725139618,-0.16514980792999268,0.07977797091007233,-0.06559188082086186,1.3209943465484997,3038.7381591796875,3284.6761474609375,681.7168121337891,1995.7415771484375,2035.1645102501338,3959.866030132819,5.45000000000001,27.663981119791668,-1.817139254675971,-0.7316527962684631,-1.2656349506529134,-0.12977786225751406,0.044211295381595156,219,10.174239158630371,5.678371801348729,-10.958205272659647
-1.2322996705770493,0.12696292996406555,1.8158326745033264,-0.033659711742862905,1.2250299998285843,2972.014404296875,2986.0269775390625,115.33056640625,-2094.4560546875,2052.2074305534816,4009.759569561563,5.47500000000001,27.785968780517578,-0.9356209966871474,0.9406971335411072,-1.2633977621791925,-0.104092435041324,0.040927463793526936,220,8.356406211853027,5.2527481584597195,-10.867118067956467
-3.9072588205337526,0.512061819434166,3.2091294527053833,-0.00487134867579691,1.0807997865135908,2917.4580078125,2671.319580078125,-715.7915267944336,-6217.080078125,2055.090694713643,3957.398168194415,5.500000000000011,27.875198788113064,-0.13579088780615065,2.450509786605835,-1.218551194686694,-0.08132325244255477,0.035326240971034234,221,6.572836875915527,5.430153250680344,-10.459190632346148
-5.1086601495742805,0.9089537262916565,4.377877712249756,0.020602301577826256,0.9679618508640152,2825.8477783203125,2463.07373046875,-1629.2930908203125,-7551.6318359375,2037.1959065437911,3801.9711662413342,5.525000000000011,27.93670442369249,0.5756418572531806,2.7139461040496826,-1.1516190322741686,-0.06103894478245159,0.026865621617420885,222,4.873962879180908,5.827842887569955,-10.70479937819648
-5.794509959220886,1.2923211455345154,5.460801601409912,0.04360838900031484,0.8752164669536787,2657.9964599609375,2274.384765625,-2481.9959106445312,-7996.797607421875,1996.4635792732931,3613.180370342911,5.550000000000011,27.974811130099827,1.2207104100121393,2.619154214859009,-1.0849842117973505,-0.04255801121865777,0.015815887455005506,223,3.2720725536346436,5.546395210118469,-11.108928989157318
-6.493181908130646,1.638414204120636,6.450059652328491,0.06432270979149256,0.7845192536586949,2479.5877685546875,2104.13671875,-3267.9080200195312,-8524.37255859375,1934.413681507189,3413.260430157369,5.575000000000012,27.99375957912869,1.8031219641367595,2.584717273712158,-1.0200493536233572,-0.025420150364185646,0.0027581407537920427,224,1.764485239982605,5.112197282754884,-10.830515244209725
-6.961286079883576,1.905573844909668,7.359249114990234,0.08287630812174811,0.70367487086965,2277.854248046875,1910.2908325195312,-3848.7138061523438,-8829.8408203125,1852.7159810067099,3200.151116192531,5.600000000000012,27.996480729844833,2.3255719078911676,2.5175411701202393,-0.9561408777334804,-0.008770624828363483,-0.011742315211323004,225,0.3491780757904053,5.34161886105446,-10.34443047272001
-7.186339128017426,2.1165210008621216,8.211192607879639,0.09957388707048938,0.6347735005680927,2074.4215087890625,1728.7888793945312,-4217.167724609375,-8897.44384765625,1756.498135852908,2979.405095684722,5.625000000000012,27.98617680867513,2.795938915676541,2.413282871246338,-0.8944982858780705,0.007369634477079211,-0.0269947516407761,226,-0.9767583012580872,5.885275454224306,-10.467722013680747
-7.369002771377564,2.2791608572006226,9.007358074188232,0.11461713531720866,0.5704979745009757,1877.427734375,1565.2994995117188,-4500.5858154296875,-8968.112426757812,1651.0689427376783,2756.9689994933165,5.650000000000013,27.965465121799046,3.2194317711724176,2.3289599418640137,-0.8352717137635802,0.023063475423087895,-0.04219662650051782,227,-2.2173941135406494,5.931553283703515,-11.041307011163374
-7.503589963912964,2.398035407066345,9.745047569274902,0.12809968794135743,0.5101769430470039,1674.0580444335938,1393.092529296875,-4712.412109375,-9018.06591796875,1538.5542973519396,2532.766188824372,5.675000000000013,27.936575147840713,3.5983705520629883,2.249023914337158,-0.7779989697828267,0.038245100895869306,-0.056585577679296666,228,-3.3762476444244385,5.402971562143623,-11.307109816409765
-7.479144310951233,2.452307343482971,10.443130493164062,0.14015567671571325,0.458374964446032,1234.6940307617188,1233.2290649414062,-4713.624847412109,-8969.528930664062,1420.7439946175673,2307.314540875154,5.7000000000000135,27.90088653564453,3.9362756411234536,2.2091658115386963,-0.722102813769535,0.052642796813758774,-0.0694395785131055,229,-4.45648717880249,4.91699758542214,-10.944713941876431
-7.452921748161317,1.2795854806900024,11.084099292755127,0.15106288598672815,0.4109519550464501,616.6396484375,1206.8687438964844,-4650.75537109375,-8958.234130859375,1302.9033734322645,2083.0763176085516,5.725000000000014,27.852425045437283,4.239767392476399,2.0824222564697266,-0.6699988659904618,0.0667613476763267,-0.07980989450836043,230,-5.462037086486816,4.97955514733177,-10.32882830484773
-7.535278189182282,1.2780356407165527,11.647838115692139,0.16066737672101716,0.35878725390500943,482.13385009765625,1164.3665161132812,-4734.00634765625,-9024.129699707031,1186.63448915492,1859.120464337067,5.750000000000014,27.80213673909505,4.505733913845486,2.067474842071533,-0.6182796784098777,0.0801923161185174,-0.08729693914944107,231,-6.396195888519287,5.529652830105612,-10.021120466373914
-7.5036524653434755,1.2644610404968262,12.125959396362305,0.16900991192801532,0.31050747229323544,387.6864013671875,1126.4125366210938,-4764.1689453125,-8935.281677246094,1068.2843304635148,1633.5172218443922,5.775000000000015,27.752210828993057,4.735574192470974,2.0217103958129883,-0.5669725484289562,0.09284131180503899,-0.09173226749739992,232,-7.259120464324951,6.124742773022069,-10.258490273585497
-7.32194561958313,1.2361891269683838,12.525150775909424,0.1762253307826647,0.26874602712078255,319.477294921875,1144.3901062011719,-4730.9287109375,-8635.017822265625,949.1801068307027,1410.1351799132385,5.800000000000015,27.7045652601454,4.933421876695421,1.902133822441101,-0.5178233113002986,0.10480489721194745,-0.0930837967834799,233,-8.05191421508789,6.360536407338455,-10.864303845594529
-7.187156319618226,2.4993555545806885,12.825093269348145,0.18238620442466993,0.22114303796578177,1654.0782775878906,1174.2844848632812,-5024.957763671875,-8258.18115234375,830.9068890572647,1194.2597343565935,5.825000000000015,27.66764958699544,5.102905697292751,1.9042689800262451,-0.4705835606732277,0.11662043582938272,-0.09152777001519545,234,-8.776906967163086,6.115628718508282,-11.475551616217418
-7.694661509990692,2.2488843202590942,12.962764739990234,0.18707127070385096,0.15984133072990184,1306.798828125,908.6880798339844,-6053.645751953125,-8149.240234375,705.2829449654723,987.8052055479941,5.850000000000016,27.6507568359375,5.233859486050076,1.4102798700332642,-0.4282529480415545,0.1281912257814505,-0.08808284630950186,235,-9.43368911743164,5.532152336055025,-11.797468058323737
-7.3028750896453865,1.8609630465507507,13.00671911239624,0.1907252941670078,0.13568291430968196,794.0554504394531,770.8494567871094,-5152.76220703125,-8275.52197265625,553.9418011666597,784.0741996886175,5.875000000000016,27.623365190294052,5.333300166659885,1.699234962463379,-0.3908871334720615,0.13998914176261001,-0.08406240516986374,236,-10.031773567199707,4.864311056733393,-11.71761069801982
-6.8227636337280275,1.6637892127037048,12.969421863555908,0.19374417035493754,0.10237027279409984,678.0171203613281,704.626220703125,-4154.7384033203125,-8378.323608398438,425.1227459908641,577.1861503722132,5.900000000000016,27.59539286295573,5.414363013373481,2.1188390254974365,-0.3425713658960578,0.14936746770251325,-0.07998756896496075,237,-10.564627647399902,4.337088692378942,-11.290279926985507
-6.637594091892243,1.5157188773155212,12.850605964660645,0.195681104060509,0.05264995822037757,506.07781982421875,610.2760620117188,-3763.9354248046875,-8406.7822265625,321.2542859078403,367.72806016225394,5.925000000000017,27.570845286051433,5.465025901794434,2.3044066429138184,-0.28701812516262754,0.15672211994790333,-0.07597239589085394,238,-11.019287109375,4.071381778263158,-10.658988785501398
-6.429749381542206,1.387755274772644,12.640119552612305,0.19633827234899967,0.0004660947051280272,281.7451171875,490.21893310546875,-3321.9837646484375,-8432.046630859375,227.15590028771686,157.5585044981919,5.950000000000017,27.549298604329426,5.479573673672146,2.4789626598358154,-0.227272136767031,0.16227983753727607,-0.07220211712373673,239,-11.389481544494629,4.080178105689439,-9.968548695341296
-6.280359280109406,1.3026010990142822,12.339240074157715,0.1956246450453993,-0.057519032286126245,76.79046821594238,363.29542541503906,-2983.6280517578125,-8462.2099609375,144.10630617149846,-53.24266127329207,5.975000000000017,27.531091901991104,5.45553101433648,2.618349075317383,-0.1634013778960925,0.16601399718210907,-0.06889596491678228,240,-11.669876098632812,4.310690840984832,-9.312868351729318
-6.184739685058594,1.2311911582946777,11.9498291015625,0.19339601197668013,-0.11991776631522628,-102.35350799560547,243.77909088134766,-2769.45654296875,-8471.259765625,69.51560487754743,-264.79791029672907,6.000000000000018,27.51726574367947,5.389085345798069,2.695941686630249,-0.0968821053210702,0.1680538620638121,-0.06610801392368681,241,-11.856199264526367,4.689178689425664,-8.726138015233746
-6.089791834354401,1.1656693518161774,11.470946788787842,0.18958349713914996,-0.18400813610755543,-232.00022888183594,147.83486938476562,-2598.00732421875,-8447.537353515625,0.27919130332486475,-476.57940443735396,6.025000000000018,27.50878863864475,5.278605355156793,2.738266706466675,-0.028895528773360515,0.16848812376906314,-0.06382625911359896,242,-11.945989608764648,5.14749757072976,-8.197217886545673
-5.988849103450775,1.1018504798412323,10.903225421905518,0.1841552591130255,-0.24908918518063727,-294.3370819091797,94.13128662109375,-2453.6881103515625,-8397.8857421875,-64.67099180214693,-687.767838275245,6.0500000000000185,27.50676049126519,5.123564932081434,2.758458375930786,0.03984296217980862,0.16737548835514166,-0.06199345916783881,243,-11.937853813171387,5.629396070301308,-7.6896677517745
-5.891463112831116,1.0374990701675415,10.24631118774414,0.1770909413607245,-0.31484865789665994,-342.52293395996094,50.27853012084961,-2327.7779541015625,-8340.06298828125,-126.01319456093856,-897.7149818299334,6.075000000000019,27.511761983235676,4.9236620797051325,2.7691404819488525,0.10895058598541416,0.16473105261647703,-0.06051513844673583,244,-11.831043243408203,6.083620359887728,-7.159366609565172
-5.80151596069336,0.9724308848381042,9.498335838317871,0.16837424866532702,-0.3812564106010352,-378.8918151855469,8.754698753356934,-2214.472412109375,-8286.77392578125,-184.20764341347999,-1106.2165565369658,6.100000000000019,27.523157331678604,4.678486718071832,2.77704119682312,0.17827979311609268,0.16053296198737382,-0.059291295251357526,245,-11.625113487243652,6.452662219430011,-6.570508373531681
-5.711955499649048,0.9072453379631042,8.657325267791748,0.15799148239197597,-0.44804063441500674,-398.79168701171875,-26.42674446105957,-2107.6072387695312,-8231.98388671875,-239.5694537162165,-1313.385904681498,6.1250000000000195,27.540223863389755,4.38768916659885,2.782700538635254,0.24778308775827834,0.15474761902620496,-0.058235738869737014,246,-11.319722175598145,6.665608004030076,-5.914196091281064
-5.6074484348297124,0.8431126475334167,7.722579002380371,0.1459410446440173,-0.5145125027226256,-402.1156463623047,-55.814709424972534,-2002.4981689453125,-8152.169921875,-292.25963468545683,-1519.185501849468,6.15000000000002,27.5619994269477,4.051229953765869,2.7785511016845703,0.3173387800949113,0.1473394372429043,-0.057280296539157456,247,-10.914621353149414,6.644928668373884,-5.231100880051771
-5.460863304138184,0.7794881761074066,6.697099208831787,0.13224707031882987,-0.5791830088689149,-392.40089416503906,-81.30862712860107,-1898.9788818359375,-7997.0831298828125,-342.3220889090917,-1722.9897498963446,6.17500000000002,27.58724636501736,3.6697512202792697,2.7435145378112793,0.3864678506696704,0.13831726332571792,-0.05636813057629169,248,-10.409966468811035,6.337770267278499,-4.629770888512491
-5.220584440231324,0.7140406668186188,5.590883731842041,0.11699017829603739,-0.6389663148092862,-372.6634063720703,-104.38628387451172,-1791.3863525390625,-7677.1004638671875,-389.7965609549922,-1922.9168281434181,6.200000000000021,27.61434766981337,3.2454273435804577,2.6418049335479736,0.45397745298555225,0.12775204971175042,-0.05543839607260981,249,-9.80708122253418,5.77355197371852,-4.276609687348016
-4.800840312242508,0.641124963760376,4.425888538360596,0.10035755551075883,-0.6883798040971069,-345.4991149902344,-126.77618408203125,-1667.7560119628906,-7046.3233642578125,-434.58121976847093,-2114.8443397401043,6.225000000000021,27.64135996500651,2.783370018005371,2.4164984226226807,0.5175134192179541,0.11583917671766196,-0.05439980069818174,250,-9.109789848327637,5.120418888152391,-4.325600087593707
-4.110451847314835,0.5513638854026794,3.239727258682251,0.08270064768072216,-0.719899181125549,-313.47206115722656,-150.2334384918213,-1504.711669921875,-5960.2769775390625,-476.27512006754574,-2291.0024238465626,6.250000000000021,27.666068606906467,2.293232282002767,2.0148489475250244,0.5732336401517324,0.10294760866772619,-0.05309595864037098,251,-8.326380729675293,4.670846986142119,-4.786717574532459
-3.203511989116669,0.43546899408102036,2.0713013410568237,0.06449497054093944,-0.7324228293097012,-278.6918411254883,-171.04889678955078,-1276.0592193603516,-4543.4012451171875,-513.8929118155961,-2440.0093482850625,6.275000000000022,27.686267428927952,1.7881050374772813,1.491265058517456,0.6173162798855415,0.08955425113414904,-0.051291321623138424,252,-7.4710283279418945,4.689062332663151,-5.420370138197255
-2.054930940270424,0.28425537794828415,0.9587039053440094,0.046291140969162974,-0.7208401425177012,-244.69659042358398,-176.45800590515137,-957.0568237304688,-2773.604248046875,-545.7943922996097,-2553.5943794130226,6.300000000000022,27.70022922092014,1.2831919723086886,0.828360915184021,0.6463031238753727,0.07618551951827673,-0.048721641648510165,253,-6.562798976898193,5.176342679933861,-5.81317194746921
-0.7756137654185296,0.09566410630941391,-0.06435987167060375,0.028658012254828277,-0.6871668007996031,-214.50699996948242,-167.36421585083008,-528.0944290161133,-873.0375366210938,-569.7208128928783,-2622.934485614232,6.325000000000022,27.706934611002605,0.7942431502872043,0.13385964930057526,0.6582513961060132,0.06331618054106472,-0.04512120597991276,254,-5.625095844268799,5.781511012224165,-5.673638943594808
0.5706544160842896,-0.12330229952931404,-0.97087362408638,0.012115140078879982,-0.6338815413399979,-191.56292343139648,-155.1363468170166,-6.149749755859375,1058.7683410644531,-582.9231736182907,-2644.7604240298015,6.350000000000023,27.706144120958115,0.33568021323945785,-0.5410643815994263,0.653209432951248,0.051307872753194345,-0.04026495669928849,255,-4.682565689086914,6.034926230612993,-5.107914837910372
1.9671999603509904,-0.3676496148109436,-1.73292076587677,-0.0028366571925708436,-0.5615356384845321,-175.36074447631836,-141.20644569396973,586.0349159240723,3014.197021484375,-583.0769173621987,-2618.291215503233,6.375000000000023,27.69837697347005,-0.07857100831137763,-1.2001996040344238,0.6311474735858953,0.04056909177637014,-0.033970442304831705,256,-3.7596089839935303,5.738786682326285,-4.560454425606198
3.0854199171066288,-0.61654332280159,-2.3534005880355835,-0.01591024866197298,-0.4851490544651436,-164.57019424438477,-135.69153022766113,1215.923828125,4424.0526123046875,-568.4260444641106,-2542.936289966169,6.4000000000000234,27.684733072916668,-0.440508160326216,-1.592063069343567,0.595788084581668,0.031134081076842943,-0.02611847801538296,257,-2.878866195678711,5.121553960775872,-4.443600838641231
3.9142061173915867,-0.8596218824386597,-2.862909436225891,-0.02710483798174265,-0.4129796526109228,-157.9276523590088,-135.97948455810547,1852.84912109375,5298.63623046875,-538.0279487610002,-2432.3349746585845,6.425000000000024,27.666609022352432,-0.7500826650195651,-1.7406235933303833,0.5534837373762457,0.0229830479581675,-0.01678251298156879,258,-2.0548012256622314,4.616714964585124,-4.8299067965886024
4.578593987226487,-1.093009889125824,-3.2884557247161865,-0.036554440931508336,-0.34468188777043196,-155.3727321624756,-136.90949821472168,2457.8744506835938,5905.74853515625,-491.70672073367115,-2299.869068896886,6.450000000000024,27.645388709174263,-1.0110119978586833,-1.7858830690383911,0.509255356151782,0.01607784731906628,-0.006239479546351915,259,-1.2932744026184082,4.530012459872173,-5.467461007961309
5.133663058280945,-1.2826796770095825,-3.6365221738815308,-0.044331000311405015,-0.27947638585065937,-156.38463401794434,-138.2268295288086,2981.82421875,6395.1588134765625,-430.2598594665958,-2152.225355517994,6.4750000000000245,27.62227800157335,-1.2253260612487793,-1.8110078573226929,0.46423295344831117,0.009770952606506855,0.00512444052551691,260,-0.5959590673446655,4.889693440641904,-6.009750326520269
5.559988236427308,-1.4320659637451172,-3.914645195007324,-0.05053293656846792,-0.21844049538108298,-160.06052207946777,-139.01232147216797,3380.5770874023438,6775.231201171875,-355.71425399785835,-1992.3463851810918,6.500000000000025,27.59833017985026,-1.3958130942450628,-1.8335667848587036,0.41865508192047707,0.003988090884437603,0.01686790682580326,261,0.03636207804083824,5.512237694100045,-6.221126979160288
5.8731764793396,-1.549624502658844,-4.127551078796387,-0.05525974789773593,-0.16126728704607113,-165.63184547424316,-139.4089412689209,3683.0489501953125,7045.453369140625,-271.19982681280965,-1822.9656051518043,6.525000000000025,27.5744014316135,-1.5253073639339871,-1.8413982391357422,0.37269824256952466,-0.0012251208755194455,0.02850412731690293,262,0.6031674146652222,6.152297352660388,-6.046202612854362
6.113242721557618,-1.6357158422470093,-4.27677321434021,-0.05859197827742714,-0.1067912783288211,-172.5080680847168,-139.2018585205078,3925.028564453125,7243.1063232421875,-179.12360305793436,-1646.8292709232953,6.550000000000026,27.55115509033203,-1.6161264313591852,-1.8374277353286743,0.32670408567379755,-0.005914809650738045,0.03954146321608723,263,1.1043604612350464,6.619889123008282,-5.567867630589136
6.288440072536469,-1.6934496760368347,-4.3613526821136475,-0.060595428592412515,-0.054908601785630576,-180.41537475585938,-138.53146743774414,4105.143859863281,7384.493896484375,-80.99788894661225,-1465.7516128422455,6.575000000000026,27.529093424479168,-1.670182016160753,-1.8287063837051392,0.2808571682968382,-0.010039093657054729,0.04953228707838427,264,1.5402125120162964,6.824196794902849,-4.926037414693592
6.40253438949585,-1.7221590280532837,-4.379283666610718,-0.06133431015328739,-0.00563286814623476,-189.1157341003418,-137.50712776184082,4237.150817871094,7462.5859375,21.63070754996515,-1281.1392654301399,6.600000000000026,27.508589426676433,-1.6893392139010959,-1.8069438934326172,0.23538156215486317,-0.013607099617745266,0.05810316754291071,265,1.911163091659546,6.760701414801399,-4.251542558616465
6.457994771003723,-1.7201706767082214,-4.32872748374939,-0.06087609664298244,0.04087692615065348,-198.5245246887207,-136.86560249328613,4323.658020019531,7479.1505126953125,127.55947799673909,-1094.574616992642,6.625000000000027,27.48986774020725,-1.6755461692810059,-1.772303581237793,0.19061943351367713,-0.016632780390319638,0.0649754838641846,266,2.2179930210113525,6.475336251714138,-3.6335987391120192
6.444261980056763,-1.6861685514450073,-4.209248304367065,-0.0592947199100718,0.08405228515772144,-208.02120208740234,-137.92347717285156,4356.409118652344,7423.013671875,235.65092849722504,-907.5958541752595,6.650000000000027,27.473038567437065,-1.6309180524614122,-1.7236961126327515,0.1468867997261317,-0.019122394923488183,0.06998115728790834,267,2.46183705329895,6.030590315068416,-3.1151099201685994
6.327044343948365,-1.6213629841804504,-4.023928642272949,-0.0566934689929585,0.12222656885513525,-216.1990966796875,-140.2068214416504,4312.997253417969,7253.7252197265625,344.56115646353277,-722.020512378383,6.675000000000027,27.45809343126085,-1.5583644972907171,-1.6514904499053955,0.10464710075617105,-0.021066090041366253,0.07307397780797982,268,2.6442384719848633,5.483974097378845,-2.702510962523394
6.066451346874238,-1.527211844921112,-3.779891014099121,-0.05322314122717907,0.15329536399427113,-221.57303619384766,-143.50221633911133,4169.677185058594,6921.9381103515625,452.38608779898317,-540.6773818852145,6.700000000000028,27.444913652208115,-1.4620853794945612,-1.5449888706207275,0.06462521160181194,-0.0224782707406782,0.0743299329004396,269,2.767482280731201,4.878970177552265,-2.3792556190735135
5.664630818367005,-1.4100618362426758,-3.485792875289917,-0.04907763554603731,0.17658717115102238,-223.3113784790039,-146.58364486694336,3897.034912109375,6460.9422607421875,556.628017425452,-367.6289291264162,6.725000000000028,27.43329366048177,-1.3474431302812364,-1.4316879510879517,0.027466792782803444,-0.02334302619435675,0.07393896420765916,270,2.8349430561065674,4.244481254854688,-2.1173015864084084
5.1594995141029365,-1.279703438282013,-3.1482614278793335,-0.04443705237943901,0.19339156782661107,-220.89511108398438,-150.6447982788086,3518.4717407226562,5916.7786865234375,654.0538902281938,-206.10537260784884,6.750000000000028,27.422957950168186,-1.2193981806437175,-1.3254508972167969,-0.006903992853934978,-0.023606581354328318,0.07218072861123204,271,2.8504607677459717,3.5986591576584424,-1.8847359612694616
4.6309482812881475,-1.1451131403446198,-2.77290415763855,-0.039421650095358085,0.2070396858467787,-215.2789535522461,-155.79439544677734,3097.946044921875,5371.8114013671875,742.015683746271,-58.18590544474742,6.775000000000029,27.41360346476237,-1.081249647670322,-1.240025520324707,-0.03895479379507799,-0.023220830792808747,0.06937819264997917,272,2.817730665206909,2.954117201564746,-1.6498815367711148
4.086081546545029,-1.0087042152881622,-2.3687491416931152,-0.03410461152831206,0.21747834521350778,-207.96896362304688,-161.9926528930664,2697.97509765625,4776.548828125,819.4643348693298,76.10937958944777,6.800000000000029,27.404939863416885,-0.9349973334206475,-1.1294838190078735,-0.06866078282539306,-0.022252180847698082,0.06583914284450809,273,2.7400994300842285,2.322809122040561,-1.3833917265778293
3.5102073848247533,-0.8684714138507843,-1.9525462985038757,-0.02858750714556303,0.22302980437431885,-201.30860900878906,-167.3523941040039,2332.728271484375,4089.8177490234375,886.9137123107474,195.52310029258967,6.8250000000000295,27.396670447455513,-0.7834159665637546,-0.9643296003341675,-0.09486313793154591,-0.020863283042275613,0.06178278231966753,274,2.6218960285186768,1.7196754480395713,-1.060192476275363
2.9282498478889467,-0.7249265611171722,-1.5402435660362244,-0.022990266581137838,0.22385909609301272,-195.63919067382812,-168.10869598388672,1981.1061401367188,3378.2625732421875,945.2319190978675,297.76854401819577,6.85000000000003,27.388540903727215,-0.629780822330051,-0.778046190738678,-0.1166300190481178,-0.019191140890017753,0.05731945749074923,275,2.4690592288970947,1.1643921043331553,-0.6621861611054829
2.3422187656164173,-0.5816416591405869,-1.141418695449829,-0.01743019063778416,0.21988579290466898,-189.95150756835938,-168.56785583496094,1625.8817749023438,2662.7788696289062,994.7595726012958,382.2251083492713,6.87500000000003,27.380326588948567,-0.47729263703028363,-0.5861427783966064,-0.13376301651270864,-0.017300703792454762,0.05249236982406133,276,2.2882471084594727,0.6809640791077303,-0.18094462361656116
1.753031799197197,-0.4378206953406334,-0.7660190165042877,-0.01204065687273643,0.21070076668682425,-184.35784912109375,-166.86762237548828,1270.2793884277344,1941.719970703125,1035.406616973865,448.7945800900156,6.9000000000000306,27.37184736463759,-0.32959093650182086,-0.39055296778678894,-0.14595214669681159,-0.01532593343375548,0.04732078978680407,277,2.0863735675811768,0.2953316776575436,0.380563891395713
1.1754686385393143,-0.2943418510258198,-0.4198155254125595,-0.006939334874135471,0.19704452602533187,-180.14481353759766,-163.7223129272461,915.1727447509766,1241.1796569824219,1067.1636016845691,497.3375793576155,6.925000000000031,27.36302269829644,-0.18988422221607631,-0.203117236495018,-0.15332872008692436,-0.0133642344106409,0.04182513217320858,278,1.8705244064331055,0.031501810401557584,1.0077562818866892
0.6170009791851044,-0.15192405879497528,-0.10747383954003453,-0.0022282255322515912,0.1795558966866746,-176.50275421142578,-161.66429901123047,558.2838432788849,577.0829620361328,1090.0429203033543,528.3670707821972,6.950000000000031,27.35378689236111,-0.06095050937599606,-0.03325564041733742,-0.1562481771424101,-0.011507727389766876,0.036043480186863014,279,1.6474276781082153,-0.09263736531977637,1.6762229549284764
0.082072975859046,-0.013008035719394684,0.16702177561819553,0.0020023932428905873,0.1588427784791766,-173.35528564453125,-159.66504669189453,203.1154327392578,-45.99109649658203,1104.0000163853376,542.7941448331211,6.975000000000032,27.344142066107857,0.05475379526615143,0.11862299591302872,-0.15514381417262468,-0.009814648474107195,0.030032819233311244,280,1.4232121706008911,-0.06846943245734385,2.3553869275437593
-0.4214260809123516,0.11967923119664192,0.40175317227840424,0.005682248978509713,0.13566347323372438,-171.1897735595703,-158.29957580566406,-143.20254516601562,-620.7618408203125,1109.07790220383,541.6443674207259,7.000000000000032,27.334130605061848,0.15532101194063822,0.25231266021728516,-0.15046512283530306,-0.00831834569401102,0.02386757634264259,281,1.203354835510254,0.10204338807321844,3.0131406824222826
-0.8798111706972123,0.24335981719195843,0.5956702828407288,0.008761531589657085,0.1110574876251815,-169.7225112915039,-157.7110366821289,-475.4837131500244,-1127.3620910644531,1105.4978385746908,526.1253214002364,7.025000000000032,27.323824564615887,0.23940468827883402,0.3606615364551544,-0.14273722856313836,-0.007034846129768991,0.01764022354192624,282,0.9926339983940125,0.40711646455865697,3.6203785335713197
-1.280718418955803,0.3553757146000862,0.750343382358551,0.011220580107533164,0.08621857528979755,-168.73473358154297,-157.75772094726562,-787.1349945068359,-1549.7312622070312,1093.610745745951,497.9412691236413,7.050000000000033,27.313304477267796,0.30648397074805367,0.43881404399871826,-0.1326785024154227,-0.005961981281657562,0.011461721021861432,283,0.7949044108390808,0.8276386853937288,4.154434301110996
-1.6171201020479204,0.4544282406568527,0.8684427440166473,0.013067123420934334,0.06216314414116889,-168.47466278076172,-157.9380111694336,-1068.1527557373047,-1884.9696655273438,1073.9323708832899,459.197987568479,7.075000000000033,27.302652994791668,0.35678744316101074,0.4887727200984955,-0.12102961110319914,-0.005098280234311966,0.005459799085785137,284,0.612936794757843,1.3406070951956126,4.600797880137037
-1.8892139464616777,0.5393338054418564,0.9534429311752319,0.014329187139144479,0.03957434909436051,-168.89850616455078,-158.7832794189453,-1317.6065368652344,-2134.3189086914062,1047.2285519898664,412.0737459303064,7.100000000000033,27.291944291856552,0.39109816153844196,0.5111104249954224,-0.10847239044455521,-0.004428365833180249,-0.0002277460300283653,285,0.448474645614624,1.9224913395912617,4.953101278743179
-2.099873995780945,0.6076902449131012,1.0090104341506958,0.015051530053531041,0.01899035466843394,-169.67636108398438,-159.78275299072266,-1530.3019409179688,-2308.1654052734375,1014.2883885682438,358.7157732130295,7.125000000000034,27.281229231092667,0.41065524021784466,0.5121623873710632,-0.09564559962694641,-0.0039034285967706373,-0.005463470815108354,286,0.3022906184196472,2.5518090534179256,5.21184935555957
-2.2505040496587756,0.6573842316865921,1.0382105708122253,0.015288869721522142,0.000788186841558357,-170.71881103515625,-160.81102752685547,-1699.1910400390625,-2416.0526733398438,976.0308400453018,301.0116380811994,7.150000000000034,27.270552317301433,0.4169683986239963,0.4986453354358673,-0.08298513986416987,-0.003465887305514845,-0.010121679738874307,287,0.17439578473567963,3.210640476766504,5.3825532339775615
-2.340603950619698,0.687934011220932,1.0443101227283478,0.01510500237509009,-0.01471881696929878,-171.85491943359375,-161.7619857788086,-1818.0674438476562,-2463.19873046875,933.5510640443309,240.61032124770696,7.1750000000000345,27.259945339626736,0.4117928279770745,0.47505882382392883,-0.07079655063466335,-0.003075938156916793,-0.014098414868013406,288,0.06428958475589752,3.8851620428847653,5.473862082961003
-2.37201281785965,0.7001906335353851,1.0301774740219116,0.014569440679875156,-0.027394271577369223,-172.90126037597656,-162.55160522460938,-1885.52490234375,-2454.3115234375,888.0993779481436,179.0303529859898,7.200000000000035,27.249427371554905,0.3970370027754042,0.4440584182739258,-0.05929475736077463,-0.002710997056480518,-0.017318588583650325,289,-0.028877273201942444,4.565495849875723,5.496016549979536
-2.3479018688201907,0.6958261132240295,0.9988220036029816,0.01375350429792912,-0.03720733567868728,-173.69183349609375,-163.1251678466797,-1902.5125122070312,-2394.195068359375,840.9612553895522,117.67256490005198,7.225000000000035,27.23901324801975,0.3746555248896281,0.4076668322086334,-0.0486383013511475,-0.0023627454334501884,-0.019743396756167472,290,-0.10620124638080597,5.245180745069771,5.4597072251709795
-2.272173354029656,0.6770453751087189,0.9528986513614655,0.012728478561492841,-0.04419095964995888,-174.05873107910156,-163.3138885498047,-1870.8357543945312,-2288.1488037109375,793.398442584377,57.81768819106552,7.2500000000000355,27.228715684678818,0.3465988238652547,0.36775583028793335,-0.03894151960151963,-0.0020342098255757904,-0.02137800758255528,291,-0.16895797848701477,5.920487454430462,5.375309401446637
-2.1516983419656754,0.6460736095905304,0.8946585059165955,0.011563086550555272,-0.048543297240448126,-173.84943389892578,-163.1844940185547,-1794.0313415527344,-2145.191650390625,746.6275487245126,0.6139680982883036,7.275000000000036,27.21853256225586,0.3147442804442512,0.3274517357349396,-0.030253624416003235,-0.0017326657389589752,-0.022274893658666715,292,-0.21853746473789215,6.589720805081649,5.252424837083607
-1.996444642543793,0.605414554476738,0.8260468542575836,0.010318493585214968,-0.05064512639057671,-173.09992218017578,-162.87311553955078,-1679.4983520507812,-1976.16845703125,701.7767651856915,-53.015823161482395,7.300000000000036,27.208468119303387,0.28076039420233834,0.28934088349342346,-0.022546529848070995,-0.0014682672229693547,-0.02253015972974541,293,-0.25634777545928955,7.252595069913902,5.099663823589372
-1.8174688756465913,0.556965559720993,0.7494874596595764,0.009045752255509286,-0.05092425480114144,-171.9818115234375,-162.37616729736328,-1540.1653747558594,-1788.3978881835938,659.7893063844178,-102.42003458726964,7.325000000000037,27.198515997992622,0.24603774150212607,0.25227978825569153,-0.015784170870898343,-0.0012376383828286309,-0.022268535361564153,294,-0.28375086188316345,7.909724240099782,4.924596820819915
-1.6295336455106737,0.5028178095817566,0.6678658425807953,0.007782600906471143,-0.04997810440605274,-170.90757751464844,-162.05828857421875,-1388.1281127929688,-1596.829833984375,621.2851720155163,-147.12998179186633,7.350000000000037,27.1886592441135,0.21160276399718392,0.21890601515769958,-0.00990132812580547,-0.0010338297074744716,-0.021621761723703187,295,-0.30206412076950073,8.56222940530112,4.733788959731591
-1.4403497010469437,0.445254385471344,0.5839834660291672,0.006554631891997818,-0.04816870698837167,-170.0386734008789,-161.85384368896484,-1232.3349304199219,-1406.649169921875,586.5819691956865,-187.0507276414827,7.375000000000037,27.178883022732204,0.1781501207086775,0.1881834715604782,-0.004816002258650449,-0.0008513341880892838,-0.020709229576187538,296,-0.3124978542327881,9.211454029033888,4.532881075914862
-1.2535064935684206,0.38635312020778656,0.5008658021688461,0.005381037136843345,-0.04567327927388619,-169.48135375976562,-161.66370391845703,-1077.7921752929688,-1219.4332275390625,555.7735959351826,-222.21695688953668,7.400000000000038,27.169164021809895,0.14619968003696865,0.15879051387310028,-0.0004832359438278351,-0.0006828175986651785,-0.01962479870268568,297,-0.3161719739437103,9.858769774861328,4.326693219800278
-1.0727580517530442,0.3279404416680336,0.4209441691637039,0.004276487953841078,-0.04267935773760831,-169.19931030273438,-161.44010162353516,-926.8861541748047,-1039.6757202148438,528.8287915528526,-252.7027875780202,7.425000000000038,27.15948740641276,0.11614792048931122,0.13164548575878143,0.003142124110271859,-0.0005229027074728389,-0.018433004986550795,298,-0.31414616107940674,10.50544634527576,4.11930932485994
-0.8995259180665017,0.27151674777269363,0.3458671495318413,0.003251708247716441,-0.039305332373559675,-169.09242248535156,-161.18507385253906,-780.4992446899414,-869.1011352539062,505.65663769847686,-278.694680583398,7.450000000000038,27.149838341606987,0.08828366796175639,0.107113778591156,0.006120977720370446,-0.00036980930575625015,-0.017174143303432553,299,-0.3073974549770355,11.152572475339829,3.9141497032635417
-0.7341407805681229,0.21830132976174355,0.2767396569252014,0.0023156526375604993,-0.03562662057485995,-169.0614776611328,-160.91587829589844,-639.2701568603516,-707.6768646240234,486.1441565812227,-300.42220896475214,7.475000000000039,27.14021258884006,0.06284741891754998,0.08496076613664627,0.00851582377017825,-0.0002244286682278831,-0.01587200629289782,300,-0.296808660030365,11.801019514188951,3.7140443943752315
-0.5802724808454514,0.16894142795354128,0.2138684205710888,0.0014730630585446803,-0.03184827118128304,-169.00113677978516,-160.65455627441406,-506.1820204257965,-559.1411590576172,470.1624026597085,-318.1141305803589,7.500000000000039,27.130599551730686,0.03996511300404867,0.0657181516289711,0.010393326331251593,-8.718965744999751e-05,-0.014541396345239859,301,-0.2831707298755646,12.451433923651466,3.5212999852453595
-0.4387703008949757,0.12380275502800941,0.15719175711274147,0.0007250995721965523,-0.02807246843549852,-168.87853240966797,-160.43412017822266,-382.50075912475586,-423.7859191894531,457.5078521490584,-332.09265955680513,7.525000000000039,27.120999230278862,0.019665428747733433,0.049069035798311234,0.011823348129272469,3.984013569204232e-05,-0.013194782463906204,302,-0.2671738564968109,13.104249347174527,3.337761080217972
-0.3101144649088383,0.08300285413861275,0.10648977104574442,7.064389955435534e-05,-0.024376025809603755,-168.73912048339844,-160.24808502197266,-269.2701110839844,-301.45101165771484,447.9453331709347,-342.68730753654677,7.55000000000004,27.111407385932075,0.0019152554321206277,0.034567251801490784,0.012864606664790623,0.00015515800174721315,-0.011845273435184387,303,-0.2494158148765564,13.759710941954054,3.1648683013639722
-0.19433991089463235,0.04655114561319351,0.061562614515423775,-0.0004929775803362564,-0.02081121616236996,-168.58191680908203,-160.03462982177734,-166.8889617919922,-191.8070240020752,441.2135803938307,-350.2235828279944,7.57500000000004,27.101819780137802,-0.013360591191384528,0.021944724023342133,0.013567253630380907,0.0002574332704306136,-0.010507327310961097,304,-0.23041720688343048,14.417904264875432,3.003707192670824
-0.09146711975336075,0.01438894122838974,0.02206360176205635,-0.0009696635847931433,-0.017424304635656165,-168.43614196777344,-159.84929656982422,-75.57392883300781,-94.68092727661133,437.0413563490268,-355.01875842805066,7.6000000000000405,27.092240651448567,-0.026270366377300687,0.011031972244381905,0.013976091509897403,0.00034567713915782173,-0.00919624374363938,305,-0.2106311023235321,15.078785347674788,2.855048707910931
-0.0012246257101651281,-0.013596683740615845,-0.0122738778591156,-0.0013642907431062198,-0.014246208865242495,-168.2990264892578,-159.69841766357422,4.687774658203125,-9.595199584960938,435.15200812819796,-357.3857816099698,7.625000000000041,27.08266364203559,-0.03694865438673231,0.0016201785765588284,0.014131326753719201,0.0004193759611365614,-0.007927266209568039,306,-0.1904492974281311,15.742210124112685,2.7193851082994804
0.07680694740265609,-0.037556350231170654,-0.04171898774802685,-0.0016823542307112824,-0.01129751529441473,-168.17850494384766,-159.56959533691406,74.1015625,64.00601959228516,435.2692024946498,-357.6256615995973,7.650000000000041,27.07309299045139,-0.0455465747250451,-0.006464822217822075,0.014068113088235348,0.00047851205131271883,-0.006714582283335548,307,-0.17020949721336365,16.40796197511269,2.5969626214907944
0.1431079410016537,-0.057696305215358734,-0.06649997271597385,-0.0019297894638581152,-0.008592906679276532,-168.0793685913086,-159.45887756347656,133.0048065185547,126.6585693359375,437.12174155714695,-356.02551110979323,7.675000000000042,27.063524458143448,-0.05222697224881914,-0.013346178457140923,0.013818038100687704,0.0005239097152600252,-0.0055704867185915555,308,-0.15020149946212769,17.075776381275478,2.4878111063754362
0.1982580788433552,-0.07416488602757454,-0.0868818920571357,-0.0021128136493278596,-0.0061406679475315695,-168.00255584716797,-159.35987091064453,181.89813232421875,178.91725158691406,440.4468617201084,-352.8590468763974,7.700000000000042,27.05396228366428,-0.05716006375021405,-0.019100120291113853,0.01341022803490441,0.0005552616751632529,-0.004504832171072056,309,-0.13067148625850677,17.745362240850014,2.391771660025167
0.24289355576038363,-0.0872066505253315,-0.10317936167120934,-0.0022377970476420393,-0.0039450458528360825,-167.94930267333984,-159.26687622070312,221.3425750732422,221.380877494812,444.9943150282118,-348.3861155867267,7.725000000000042,27.044402228461372,-0.0605199858546257,-0.023802632465958595,0.012871790957950031,0.0005737555604284418,-0.003524775626132311,310,-0.11182533204555511,18.416419741433078,2.3085229796631936
0.2776476003229618,-0.09709307551383972,-0.11566950753331184,-0.002311188981917039,-0.0020081492078559814,-167.91326904296875,-159.18511962890625,251.88357543945312,254.65884017944336,450.52787940504123,-342.85159364935816,7.750000000000043,27.03484853108724,-0.062482754389444985,-0.027539769187569618,0.012228074753856155,0.0005807762668372981,-0.002634777618523878,311,-0.09383120387792587,19.08865475587131,2.237606832385688
0.30331128276884556,-0.10408280044794083,-0.12470799125730991,-0.002339411987613749,-0.0003248211288339761,-167.8882827758789,-159.1155242919922,274.24231719970703,279.4745101928711,456.82496879102627,-336.4851226448735,7.775000000000043,27.025299072265625,-0.06322342074579662,-0.030386921018362045,0.011502166740619709,0.0005772246918523253,-0.001836819264418992,312,-0.0768226757645607,19.761789860238682,2.1784524475969693
0.3207182414829731,-0.10842269659042358,-0.13063256070017815,-0.0023286815810301966,0.0011146440979721854,-167.86940002441406,-159.05479431152344,289.15430450439453,296.61555099487305,463.681026721018,-329.4982598900528,7.800000000000043,27.01575385199653,-0.0629112000266711,-0.03244310989975929,0.010715251532474433,0.0005636668872423277,-0.0011307010868102218,313,-0.06090160459280014,20.435572081100865,2.130399552201
0.3307249687612057,-0.11045406013727188,-0.13372785225510597,-0.002284941760868897,0.0023229370593351117,-167.85350036621094,-159.00047302246094,297.39351654052734,306.8736000061035,470.9098843336272,-322.0828711151817,7.825000000000044,27.00621287027995,-0.061707732578118644,-0.03379474952816963,0.009885903637726326,0.0005421938505819378,-0.0005144030884137155,314,-0.04614143818616867,21.10977786445758,2.0927197287074604
0.33421650603413583,-0.11041482165455818,-0.13439383544027805,-0.0022137768430406106,0.0033158584408453508,-167.83985137939453,-158.95034790039062,299.7508087158203,311.0762596130371,478.34472224714,-314.4110311150296,7.850000000000044,26.996678246392143,-0.05976472463872698,-0.03453691676259041,0.009030632574539283,0.0005130782698011311,1.5520912667042222e-05,315,-0.0325905904173851,21.784215589768433,2.0646357241499667
0.3320664130151272,-0.10865779221057892,-0.13296511583030224,-0.002120348652714805,0.004111150643005417,-167.82691955566406,-158.9028091430664,297.0574188232422,309.9905319213867,485.8384924650354,-306.6341246247038,7.875000000000044,26.987149980333115,-0.057222255402141146,-0.03472181037068367,0.008163922922381156,0.0004786783688436862,0.00046356749789144787,316,-0.020275434479117393,22.45872606231792,2.0453386726158453
0.3250672020018101,-0.10537239536643028,-0.12973439134657383,-0.002009374678076338,0.004725697170858844,-167.8143310546875,-158.85650634765625,289.9468307495117,304.432559967041,493.2649279356166,-298.8843613266691,7.900000000000045,26.977628072102863,-0.054208234780364566,-0.03449281305074692,0.007297960203685014,0.00043858388046159527,0.00083494592957952,317,-0.009203004650771618,23.13318143351479,2.034003336777386
0.31408195495605473,-0.10090243816375732,-0.1250056903809309,-0.0018851149365720359,0.005181127885884118,-167.8008041381836,-158.81028747558594,279.3073272705078,295.0939254760742,500.5135987043547,-291.2735473274928,7.925000000000045,26.96811252170139,-0.05083805157078637,-0.03384510427713394,0.006442869632079661,0.0003952933386970841,0.0011352751440047305,318,0.0006351414485834539,23.807483010277483,2.029800997432059
0.2998675160109997,-0.09553103893995285,-0.11906129494309425,-0.001751303185251676,0.005495275824486085,-167.78604125976562,-158.7634506225586,265.85113525390625,282.6478271484375,507.49628188611786,-283.89619919059055,7.9500000000000455,26.958601209852432,-0.047212731507089406,-0.03282792493700981,0.005608773820450648,0.00035064455876919996,0.0013703848046943776,319,0.009262100793421268,24.481558279406187,2.031910616541916
0.2830754224210978,-0.08940313011407852,-0.11216176394373178,-0.0016112709762211097,0.0056840091615426875,-167.76988983154297,-158.71537017822266,250.14524841308594,267.7199516296387,514.1425602674661,-276.83000351187906,7.975000000000046,26.94909625583225,-0.04342233141263326,-0.03152003139257431,0.004803871871974328,0.00030425913253477247,0.0015461664403558675,320,0.016714133322238922,25.155357528843243,2.0395290234760504
0.264340016245842,-0.08274136483669281,-0.10454350803047419,-0.0014679403745611558,0.005763982016542625,-167.75140380859375,-158.66559600830078,232.78065490722656,250.88085556030273,520.396191477794,-270.13700472113743,8.000000000000046,26.939597659640842,-0.039545752935939364,-0.02996658720076084,0.004034816747963721,0.0002573949094676462,0.0016684410345358949,321,0.02303805761039257,25.828850249152968,2.0518795159050396
