AY,Alphaf,Alphar,Beta,BetaR,Fxf,Fxr,Fyf,Fyr,Myf,Myr,Time,Vx,Vy,YawAcc,YawR,delta,phi,t,yaw,global_x_m,global_y_m
1.2696031531484001e-17,0.0,0.0,0.0,0.0,0.763253331184,0.201391890646,0.0,0.0,0.0,0.0,0.0,11.11111111111111,0.0,1.83355319577e-17,0.0,0.0,0.0,1,0.0,0.0,0.0
-1.4511050815016002e-16,0.0,0.0,-1.665451906292889e-19,-1.580526748880745e-16,-59.2388153076,-52.4997787476,0.0,0.0,0.0,0.0,0.025,11.108966403527777,-1.8501449958833335e-18,-2.3145231532e-17,1.0861052738027803e-19,0.0,-3.883702343803389e-20,2,-8.75180934147e-20,0.2777509689329861,-3.527975694160052e-20
6.631765061527201e-18,0.0,0.0,-3.2058572300959784e-19,-1.0092056615862473e-16,-87.6060562134,-80.6904830932,0.0,0.0,0.0,0.0,0.05,11.106201807666666,-3.560489804861111e-18,-1.84642848699e-15,2.0093622604560757e-18,0.0,-2.191289509523696e-19,3,9.69135559015e-19,0.5554405715729167,1.9477052273615565e-20
-2.0823952927134002e-16,0.0,0.0,-2.834792188609884e-19,9.153336752303947e-17,-124.8281707764,-117.5844726562,0.0,0.0,0.0,0.0,0.075,11.102529101888889,-3.147336295888889e-18,-3.73180947814e-15,-2.5067260942353735e-18,0.0,-3.9755888840466877e-19,4,-3.55882174919e-18,0.8330497079423611,-4.237271107533925e-19
-1.3349042396242e-16,0.0,0.0,-7.201664012962517e-19,-1.495850182028343e-16,-167.6062469482,-159.8956756592,0.0,0.0,0.0,0.0,0.1,11.097758611055555,-7.992231945750001e-18,-1.92550960053e-15,-1.193466971072218e-17,0.0,-1.548886354254714e-19,5,-1.93140105217e-17,1.1105533043541667,-3.7361485715242656e-18
-1.0350434523772e-16,0.0,0.0,-5.369995892537739e-19,-1.0421983250086618e-16,-212.948257446,-204.641036988,0.0,0.0,0.0,0.0,0.125,11.091782252000002,-5.9562826536111105e-18,2.38549338364e-15,-2.0294500990155845e-17,0.0,8.275684558279459e-19,6,-4.47336727552e-17,1.387922565142361,-1.279198480544274e-17
-1.8672874144722002e-16,0.0,0.0,-3.749754541256298e-19,2.4359370770953955e-16,-258.035461426,-249.033493042,0.0,0.0,0.0,0.0,0.15,11.084575653083332,-4.156443795555555e-18,3.82410520562e-16,-1.8249501221660737e-17,0.0,2.074000171650815e-18,7,-7.08090824194e-17,1.6651270389559025,-2.8931703742759265e-17
-1.1713258804058e-17,0.0,0.0,-3.533249404134154e-19,-3.876608015609334e-17,-300.344421386,-290.602142334,0.0,0.0,0.0,0.0,0.175,11.076180140166665,-3.9134907396666666e-18,-1.44784056358e-16,-5.01311355361553e-18,0.0,3.3947798530882785e-18,8,-8.72964265364e-17,1.9421364863715274,-5.093007263586509e-17
-2.3626106570486002e-17,0.0,0.0,-2.933043941074734e-19,-4.052104771102539e-18,-337.772918702,-327.3074646,0.0,0.0,0.0,0.0,0.2,11.066704856027776,-3.2459130178888894e-18,3.66093569034e-16,2.5334521462764385e-18,0.0,4.705909364902449e-18,9,-8.9836168802e-17,2.218922548823958,-7.553333157580977e-17
-1.7760219693958002e-17,0.0,0.0,-5.010063529940398e-19,-2.279379998559587e-17,-368.683624268,-357.573059082,0.0,0.0,0.0,0.0,0.225,11.056305567416667,-5.539279308222223e-18,1.88875244697e-16,9.411040747388413e-18,0.0,5.903687208597381e-18,10,-8.11932100443e-17,2.4954601791170132,-9.929173780210177e-17
-1.5020738828914e-16,0.0,0.0,-9.606669137598913e-19,6.157183446059054e-17,-391.924621582,-380.29650879,0.0,0.0,0.0,0.0,0.25,11.045176188138889,-1.0610735591944446e-17,-8.61336422058e-17,1.235539373002793e-17,0.0,6.964669965191519e-18,11,-6.35967689271e-17,2.7717287010614577,-1.1949529371392135e-16
0.00075357561145174,0.00013782083999999695,1.0285526499995146e-05,6.007125141502139e-07,6.387223463020348e-05,-406.853912353,-394.86807251,1.3822937010000373,-0.002502441399997224,0.0,0.0,0.275,11.033535003666666,6.6279825558888885e-06,0.000520541740116,4.731617535303791e-06,-7.024607456612305e-07,2.8299589505711773e-08,12,1.22621895571e-06,3.047712590958822,2.519689039449217e-07
0.0022056689398562,0.001688674092000006,0.0001054368912999995,5.875304031584689e-06,0.00015534571039142102,-412.863418579,-401.31726074200003,4.122161865999999,-0.08747100829999965,0.034557342525000936,-6.25610349999306e-05,0.3,11.021619372888889,6.475536388777778e-05,0.00151264609303,4.641591182179086e-05,-1.4130358237209237e-05,9.398892453972821e-07,13,3.76858115487e-05,3.323402020537224,6.5053632379141094e-06
0.0011889589004538,0.002477206289999992,1.5180557949995288e-05,8.170696659779423e-06,3.307228045038357e-05,-411.127197266,-399.568908691,2.28463745199997,-0.11434173579999651,0.13761138917500082,-0.002249336242499923,0.325,11.009640163833334,8.995643131333333e-05,0.000857621605974,7.633642263897191e-05,-2.1184484203114177e-05,2.8343108223341416e-06,14,0.000127581646666,3.598792763354426,3.118909426871833e-05
0.00034422965327422,0.002840235829499993,-0.0001908242702500021,7.760167305612432e-06,-5.7038529788460306e-05,-401.935470581,-390.497711181,0.5710449219999987,0.05001831049999339,0.19472732547500007,-0.005107879637499836,0.35,10.99781672161111,8.534489703972222e-05,0.000171652354766,8.91483909757041e-05,-2.741937603172488e-05,4.699914881435799e-06,15,0.000248177151661,3.873885968660631,8.505579605528138e-05
-0.00014214644052126002,0.002821810543999992,-0.0003975741565499999,5.705758937608231e-06,-9.88564778960155e-05,-386.25410461399997,-375.054092408,-0.6383666989999597,0.3674087524999976,0.20900344852499997,-0.0038574218749999837,0.375,10.986336602111113,6.268538628416665e-05,-0.000393781840103,8.605393725386379e-05,-3.144051521436539e-05,5.7967864752963975e-06,16,0.000375368079403,4.148687870739748,0.00017257275917884952
-0.00031570682986024,0.0026259869334999963,-0.0005178637802499969,3.152054851296051e-06,-0.00010027432184386598,-365.24307251,-354.380752563,-1.2953796389999752,0.7058563231999955,0.193044281050001,0.005327796937499957,0.4,10.975359810722221,3.4594935035277776e-05,-0.000766497396398,7.11493296234708e-05,-3.424125561555629e-05,5.898060027088726e-06,17,0.00048908975441,4.423209049310848,0.0002924369605077068
-0.00029346426490528,0.002322182059500008,-0.0005199946462999955,9.108060022184451e-07,-7.69904851849129e-05,-340.177825928,-329.729812622,-1.487396240999999,0.9388198852000045,0.1606597900750016,0.022974205017499846,0.425,10.965012444388888,9.986999632222222e-06,-0.000925020780414,4.958727846160612e-05,-3.505684870805145e-05,5.186640425341393e-06,18,0.000576049555093,4.697463663066596,0.00043904830975894326
-0.0001985675055035,0.0020586475730000053,-0.00042228400709999614,-6.048002399773235e-07,-4.53431052302344e-05,-312.362289429,-302.382110596,-1.3718872069999861,0.9976272582999997,0.12347488405000165,0.04644470214749996,0.45,10.955388810888888,-6.625821495416666e-06,-0.000897444959264,2.6534363421530358e-05,-3.531523253886444e-05,4.0329283686111634e-06,19,0.000630490016192,4.971468628778411,0.0006043859870062612
-0.00013099519237602002,0.001844063401000004,-0.0002696625888500004,-1.3713941399428727e-06,-1.831861752016743e-05,-283.05758667,-273.57383728,-1.1348266599999874,0.8852691649999969,0.08917770387500198,0.07138538360499995,0.475,10.946541892166668,-1.5012023545249998e-05,-0.000752797874156,5.74863666013645e-06,-3.485867206927477e-05,2.7958055993884223e-06,20,0.000653176859487,5.245242706333937,0.0007798316409759206
-0.00011957753322312,0.001686789095499991,-0.00011052191254999622,-1.5807403838640547e-06,-8.354864839053267e-07,-253.416976928,-244.435264588,-0.8789215090000084,0.6513671875,0.06080703737500231,0.09351711272999985,0.5,10.938498179111113,-1.7290927240138887e-05,-0.000549833464902,-1.0570614276776039e-05,-3.4025003823446815e-05,1.7055825364220244e-06,21,0.000649113382678,5.518805649493096,0.00095755725921161
-0.00015250127216842,0.0015799626709999959,5.0254166150003055e-05,-1.4752424021476208e-06,7.367287956482358e-06,-224.437309265,-215.94293212899998,-0.6597747799999922,0.372932433999992,0.038833999650002095,0.10980129241749985,0.525,10.931252373583332,-1.6126246514944445e-05,-0.00034226331627,-2.1671101545559592e-05,-3.306558963156121e-05,8.48680430311578e-07,22,0.000625396496616,5.792177476140916,0.0011313481889779424
-0.00020390342651826002,0.0015125870705000044,0.00010987743735000471,-1.260784834209403e-06,9.039790384817761e-06,-196.9258804321,-188.8882369995,-0.4892883299999937,0.10946655280000073,0.022339630150002288,0.11912460326749964,0.55,10.924772686416667,-1.3773787941305556e-05,-0.000160383278853,-2.787945360853799e-05,-3.214440637079509e-05,2.100164305671502e-07,23,0.000589369155932,6.0653777391795485,0.0012969130658241996
-0.00021249097007922,0.0015118271109999942,0.00015697255730000303,-1.005056848779787e-06,1.018094166438227e-05,-171.4837493896,-163.86064147949998,-0.2976379399999871,-0.09704589839999755,0.010107421900002444,0.12186126708749966,0.575,10.919012493555554,-1.0974228846166667e-05,4.21581887622e-07,-2.970530947242607e-05,-3.186404625288589e-05,-2.6495633808304773e-07,24,0.000547645031475,6.338425009921037,0.0014518345447397554
-0.00024180184955150001,0.001533128320999999,0.000171009451150006,-7.933106953684373e-07,6.220977350899209e-06,-148.5050201416,-141.2462921143,-0.2115936280000028,-0.23602294920000588,0.0026664734000027756,0.1194351196274997,0.6,10.913909276333333,-8.658120754666666e-06,9.27477449295e-05,-2.839390906948987e-05,-3.1703840464989865e-05,-6.211122845178223e-07,25,0.000505761534441,6.611336494258905,0.0015953338642645419
-0.00027135635828014003,0.0015590265395000052,0.00015837699174999637,-7.075727748331499e-07,6.397410604812646e-07,-128.19001770019997,-121.241394043,-0.19625854500000628,-0.30483245850000174,-0.002623367299997293,0.11353454589749955,0.625,10.909393098611112,-7.719189246333333e-06,0.000128424697323,-2.5518821945448084e-05,-3.162165697713066e-05,-9.025178474584323e-07,26,0.000467044999823,6.884127741724278,0.0017278168051588687
-0.00028977797082962,0.001579232514000009,0.0001319386065000011,-7.57250717135167e-07,-4.3228609534049e-06,-110.5702476501,-103.87725067139999,-0.21664428700000826,-0.31764221190000796,-0.0075298309249974505,0.1059137344349995,0.65,10.905390845416667,-8.258114879333334e-06,0.000126465994981,-2.2263081505484138e-05,-3.15708124467872e-05,-1.144217185048176e-06,27,0.000432833010564,7.156812513472238,0.0018503094678298452
-0.00029221057338844,0.0015900135040000096,0.0001016929745499967,-9.09559537599115e-07,-7.492751468246931e-06,-95.542591095,-89.0535202026,-0.24589538600000083,-0.2924041747999979,-0.012945938099997657,0.09797267913749931,0.675,10.901830461277777,-9.915864009388888e-06,0.00010452663264,-1.9341522350472043e-05,-3.151268583557251e-05,-1.3641499016843597e-06,28,0.000403105776059,7.429402756059631,0.0019640173395279207
-0.00027989243790256003,0.0015918985009999997,7.45095312500027e-05,-1.1153235370680137e-06,-8.6584513259258e-06,-82.91020584110001,-76.5782012939,-0.2678070069999876,-0.24755096440000557,-0.019093322749997678,0.09066257476749937,0.7,10.898645189083332,-1.21555149235e-05,7.65816948842e-05,-1.7068982737667407e-05,-3.142244005230639e-05,-1.563635417405291e-06,29,0.000377117103199,7.7019086810372785,0.0020700496487449024
-0.0002573612327979,0.0015873908999999992,5.384907129999533e-05,-1.3284894956498545e-06,-8.204708489194451e-06,-72.4310684204,-66.2153320312,-0.27566528299999504,-0.1981353759999962,-0.02578849792499737,0.08447380065749924,0.725,10.895772510111112,-1.4474918417472221e-05,5.16972759215e-05,-1.5471604200455907e-05,-3.129110250765739e-05,-1.7334168386891897e-06,30,0.000353891373379,7.974338884182587,0.0021692915836280685
-0.00022976367290492,0.0015794485805000064,4.011765120000288e-05,-1.5161594080933154e-06,-6.741890477601416e-06,-63.8631763458,-57.7290802002,-0.26922607500000595,-0.15377807619999828,-0.03268012999999725,0.07952041625749934,0.75,10.893157323194446,-1.651576389525e-05,3.4189564758e-05,-1.4410061062272186e-05,-3.112231428133113e-05,-1.861359564846292e-06,31,0.000332548137521,8.246700491173891,0.002262384436745992
-0.00020761779669526,0.0015679895880000017,3.1650066350003e-05,-1.6676941010739314e-06,-5.392305881019668e-06,-57.0094680786,-50.9278335571,-0.26341247599998496,-0.11881256110000038,-0.0394107818749974,0.07567596435249938,0.775,10.890751944638888,-1.816244346425e-05,2.06044096558e-05,-1.3735108249366132e-05,-3.0899170498165015e-05,-1.9389810838097356e-06,32,0.000312443764415,8.518999342987506,0.0023497665415804143
-0.00017640266232778,0.001558527350500008,2.6769936049997334e-05,-1.7714805194303174e-06,-3.0310692403329037e-06,-51.7789039612,-45.7251415253,-0.23152160699999058,-0.09339141850000487,-0.04599609377499703,0.07270565032499937,0.8,10.88851081,-1.928878393502778e-05,2.0611238142e-05,-1.3225859354579075e-05,-3.068499929560363e-05,-1.965815217424218e-06,33,0.000293139804853,8.791240115069435,0.002431730943356859
-0.00014971963464612,0.0015522018075000005,2.3566186449996973e-05,-1.8218134096450587e-06,-1.1273589590250975e-06,-48.2918968201,-42.2430915832,-0.20022582999999372,-0.07569885249999686,-0.05178413394999679,0.07037086486249924,0.825,10.886388354833334,-1.9832968973777778e-05,2.37731928792e-05,-1.2672286073797409e-05,-3.0472518575322856e-05,-1.943244880464151e-06,34,0.000274587509921,9.063426343790633,0.002508505947978859
-0.00012782588182714,0.0015486776829999882,2.0857900399996743e-05,-1.8314075870639116e-06,2.4351641327812354e-07,-47.1657733917,-41.0827388764,-0.1724243160000185,-0.06336212159999377,-0.056789779699996636,0.06847839354999932,0.85,10.884331597222221,-1.993364801616667e-05,2.79641481029e-05,-1.2024695924464893e-05,-3.0272001266759495e-05,-1.8775109677744728e-06,35,0.000256891857134,9.335560333703977,0.0025803258947808163
-0.00011001725524692001,0.0015473291274999967,1.7412006850001105e-05,-1.81302637696519e-06,1.1323657707543018e-06,-46.4806327819,-40.366195678699995,-0.1496734609999919,-0.05347442629999932,-0.06110038759999709,0.06689434050999948,0.875,10.882288614916668,-1.9729876738805555e-05,3.17328267556e-05,-1.1274685254949729e-05,-3.0087998682457534e-05,-1.7788841294100564e-06,36,0.000240197390667,9.607643078065552,0.0026474550186313677
-0.00010442137627264001,0.0015424042940000021,1.2639910000000754e-05,-1.7936302674533846e-06,9.378577957008273e-07,-44.0111942291,-37.8702278138,-0.1490783699999838,-0.04372406010000418,-0.06484222412499689,0.0655574798524995,0.9,10.88029013738889,-1.9515217799277774e-05,2.76955051959e-05,-1.0574734829354367e-05,-2.9876428212467797e-05,-1.6606894918442347e-06,37,0.00022456869192,9.879675305229915,0.002710180327562657
-8.4488173160944e-05,0.0015419721605000047,7.666647400005056e-06,-1.7551523472342065e-06,2.0124998286945696e-06,-40.1762237549,-34.0190601349,-0.12300109800000314,-0.033172607399990284,-0.06856918337499648,0.0644643783499994,0.925,10.878380669499998,-1.909321427875e-05,3.25267137669e-05,-9.81148068755471e-06,-2.972493492493864e-05,-1.536117826743312e-06,38,0.000209956298932,10.151658683994405,0.0027687896850516914
-7.0991425218406e-05,0.0015443414449999998,2.745538950001125e-06,-1.6987591410895507e-06,2.4021447573913253e-06,-35.1466598511,-28.992193222,-0.10641479500000628,-0.024879455499998926,-0.07164421082499656,0.06363506316499963,0.95,10.876592000333334,-1.8476710263500003e-05,3.49887341144e-05,-8.955828030314814e-06,-2.9596588246308854e-05,-1.408822238656677e-06,39,0.000196507753571,10.423595836840692,0.0028235865506758768
-6.2486706156056e-05,0.001576274633500005,-2.1494924999990173e-06,-1.6358315675223431e-06,2.349223187901069e-06,-29.0032119751,-22.8747406006,-0.10296630799999207,-0.01258087159999377,-0.07430458069999671,0.06301307677749966,0.975,10.874956978694444,-1.7789599142916668e-05,3.10570030706e-05,-8.102028910593784e-06,-2.998826018428957e-05,-1.2821194371677393e-06,40,0.00018430086493,10.695490194231217,0.0028749032044745534
-6.0695522188308e-05,0.0015451535585000037,-6.992369849995184e-06,-1.591211042231885e-06,1.8653805577354347e-06,-21.863684654300002,-15.78443193436,-0.11117553699997984,-0.0008621214999919857,-0.07687873839999651,0.06269855498749982,1.0,10.873503155166667,-1.7302039244277778e-05,2.3102196792e-05,-7.476943825682383e-06,-2.933534358523271e-05,-1.1615600026840388e-06,41,0.00017316971207,10.967345941636296,0.0029230548760900456
-4.7565203021784005e-05,0.00154659897050001,-1.0531395700001667e-05,-1.5363869173173651e-06,2.468485552495302e-06,-13.88703727722,-7.87696313858,-0.09642028800001867,0.008674621499991986,-0.07965812682499601,0.06267700195000002,1.025,10.872257020749998,-1.670399291875e-05,2.44808652496e-05,-6.8657676375827966e-06,-2.924184686443523e-05,-1.0519915022089456e-06,42,0.000162895361427,11.23916794006568,0.002968304821072163
-3.8442404184002005e-05,0.001549556851500003,-1.3366341599999054e-05,-1.470632940305153e-06,2.708845024746753e-06,-5.26076602936,0.666184395551,-0.08894348100000116,0.01816558840000937,-0.08206863402499648,0.06289386748749982,1.05,10.871236589222221,-1.5987598089861113e-05,2.32426809816e-05,-6.261199470758383e-06,-2.9159403305064122e-05,-9.505178151047762e-07,43,0.000153498913278,11.510961606851014,0.0030108932165018114
-3.2755594293114e-05,0.0015527680515000086,-1.6171485200000557e-05,-1.4028067499919088e-06,2.674595725100661e-06,4.05610775948,9.88680934906,-0.08645629899999108,0.026351928700009353,-0.08429222104999651,0.06334800719750006,1.075,10.870457755194444,-1.5249152056638887e-05,2.09956542676e-05,-5.701595716564253e-06,-2.9084371862320306e-05,-8.553822967730043e-07,44,0.000144939185702,11.782732783186356,0.0030510562356994625
-3.96018892388e-05,0.0015816316009999998,-1.8686056149998242e-05,-1.3436972402255444e-06,1.587290497973495e-06,16.82820892334,22.5314025879,-0.10385131799998248,0.03159332269999027,-0.08645362852499629,0.06400680541500028,1.1,10.869973500583335,-1.4605954371888887e-05,1.32849536385e-05,-5.231660713326324e-06,-2.948722698875653e-05,-7.670819202951029e-07,45,0.000137133116368,12.054488171231402,0.0030890104046982004
-3.2235136904964e-05,0.0015514940025000007,-2.0202249299994257e-05,-1.3027196603278153e-06,1.9166092312947117e-06,34.5982189179,40.1321449279,-0.09532165500002066,0.037040710500008345,-0.08904991147499584,0.06479663848250004,1.125,10.869904624083334,-1.4160438392222223e-05,1.50650103024e-05,-4.904334824920916e-06,-2.889464764367142e-05,-6.908262994984192e-07,46,0.000129864871269,12.326236645414415,0.0031249289760049287
-2.2069533724756002e-05,0.0015543252230000026,-2.205744389999903e-05,-1.2472379842145831e-06,2.4175064131272256e-06,57.511850357,62.825881958,-0.0819091799999967,0.04288482619999456,-0.09143295284999636,0.06572265624500025,1.15,10.870390997999998,-1.3557964848583332e-05,1.87707100849e-05,-4.46335747231799e-06,-2.8840682220279372e-05,-6.25148516134973e-07,47,0.000123144942336,12.597990338558278,0.0031589606513419493
-2.2825012592872003e-05,0.001589283347000009,-2.3759901549999518e-05,-1.1875689590777596e-06,1.671465940726635e-06,85.103591919,90.14385986330001,-0.08738708500001735,0.04779052800000727,-0.09348068234999628,0.06679477690000012,1.175,10.871567196305556,-1.2910736081222223e-05,1.59038390848e-05,-3.960912670455632e-06,-2.9289050358706304e-05,-5.647700646224997e-07,48,0.000117117153422,12.869764814064588,0.0031912783009526153
-0.0007510938623456801,0.0044658407565,-4.017353059999895e-05,-1.5918744349446295e-06,-6.104267067230353e-05,116.39899826039999,121.1267204285,-1.424179076999991,0.057052611999992564,-0.09566535947499671,0.0679895401000003,1.2,10.873547659972223,-1.7309321265194443e-05,-0.000472909217933,-6.923377656314566e-06,-7.489854483994145e-05,-5.54773330758896e-07,49,0.000110676897748,13.141578748046449,0.003221859269243472
-0.004299579950752801,0.011420004070000003,-0.00014031678435000305,-6.262107699068429e-06,-0.0003484927038027453,150.0588378907,154.4687194824,-7.966201782000013,0.12178039500000182,-0.13126983639999795,0.06941585540000013,1.225,10.87641398111111,-6.810927718305556e-05,-0.00285271601751,-4.373458210177331e-05,-0.00020352194341535134,-1.2306323401412223e-06,50,8.14664235804e-05,13.41345326736968,0.003246910450110828
-0.012535332492508001,0.02592613548049999,-0.0003595687449000004,-2.1904942904973175e-05,-0.0009693570872007869,184.53475189210002,188.6707229614,-23.203094482999973,0.3330383299999937,-0.3304248809499983,0.07246036527500017,1.25,10.880210664527777,-0.00023833037832638888,-0.00842618849128,-0.0001752776441292148,-0.0004836584020586129,-4.6769470675901116e-06,51,-5.88927905483e-05,13.68541107464707,0.0032461461616752497
-0.028594409022494,0.04838176071650001,-0.0006473250686999943,-5.9565225003715126e-05,-0.002104686326668543,218.240585328,222.190887451,-53.00901794399999,0.8459548950000055,-0.9105022430249976,0.08078632352500002,1.275,10.884937710222223,-0.0006483637520833333,-0.0193433109671,-0.0005107340573613876,-0.0009641373954932728,-1.5222561699851793e-05,52,-0.000517556327395,13.957475406502526,0.0031566333098715376
-0.05430047707634201,0.08155917003750002,-0.0007101967931000056,-0.00013212918421873365,-0.0037742134315778796,249.688339234,253.56679534900002,-100.37931823700004,1.349250792999996,-2.2357276916250077,0.10193519590000027,1.3,10.890554851944446,-0.0014389601225666666,-0.0365480668843,-0.0011939152724430742,-0.001716053296382852,-3.999694425549699e-05,53,-0.00168705743272,14.229668817040128,0.0028304599015243495
-0.092718727327842,0.12469474971289998,-0.0001801811158999994,-0.00025472758718759683,-0.0060801590550217995,277.601867676,281.52104187,-170.388961792,1.3317031859999986,-4.745210647550008,0.13566646572500018,1.325,10.896979437944445,-0.0027757614023166664,-0.0616026185453,-0.0024049561791289983,-0.0027848283456902434,-8.892613308274548e-05,54,-0.00418937113136,14.502011430916367,0.0019774719583713976
-0.14437699019926,0.18056740798045,0.0017939135433999998,-0.00044152996990858224,-0.008872920382851613,300.978118896,305.025344849,-263.028015137,-0.15209960899998975,-9.00493469235003,0.16895904537499984,1.35,10.904100206166667,-0.0048144870541111115,-0.0941556245089,-0.004337093593992569,-0.004243063364115517,-0.00017442651839003423,55,-0.00891994964331,14.774517626584283,9.617039531062063e-05
-0.21165948808158,0.2486034911128,0.006064902990999994,-0.0007043245750253874,-0.012177649463093318,318.755615234,323.252822876,-381.18830871579996,-4.564537048000005,-15.580635070775031,0.1651565551500001,1.375,10.911776224777778,-0.007685433245361112,-0.134672880173,-0.007180950164035319,-0.0061401900609567945,-0.0003103320630839857,56,-0.0170466657728,15.047188667933979,-0.0036008513646522593
-0.29523485302878,0.33031161129450004,0.013664539903350002,-0.0010555399969380133,-0.015858310778938553,330.076049805,335.661117553,-524.2396259306,-13.766738892000006,-25.11034278867003,0.05104312894999996,1.4,10.91983477275,-0.011526326545416667,-0.18212044239,-0.011130237569041026,-0.008518015416511867,-0.0005112314170001283,57,-0.0300169065595,15.319996537710669,-0.010262554920046955
-0.39686466157436,0.42439585924150003,0.025728769600300003,-0.0015027414401655999,-0.019915763615877772,335.323577881,341.858245849,-693.328987122,-29.85945892299999,-38.216333436935074,-0.2931253433500038,1.425,10.92809783088889,-0.01642211754288889,-0.23622097075,-0.01634606561169406,-0.01140634989765308,-0.0007917890660173593,58,-0.0495304130018,15.592852194092266,-0.02147137321715318
-0.51343340724704,0.53332953155,0.0431952532381,-0.002050564859584009,-0.023930414460753335,334.12403869599996,342.119934082,-880.545349121,-55.100914001999996,-55.549558114985075,-1.0396118164250037,1.45,10.936375723944444,-0.022425777796249997,-0.293019354343,-0.022948294746208717,-0.014841034217116198,-0.001165709301613565,59,-0.0774990841746,15.86554839609641,-0.03930291435423443
-0.64521949887304,0.6533088982105,0.06687736883745,-0.0026995340449061144,-0.027883927033320377,327.74839782699996,337.02462768500004,-1084.3007202150002,-91.6601943971,-77.56319184301012,-2.417134666475012,1.475,10.944488313472222,-0.0295450910925,-0.350852459669,-0.030997291344548046,-0.018782085588351004,-0.0016446047024822263,60,-0.115957319736,16.137665714573526,-0.06636125765615924
-0.7885538980363801,0.787162691355,0.09738659020501,-0.0034422493614030924,-0.03147187705367155,316.595046997,327.39343261700003,-1296.1325378420001,-141.3613662724,-104.67070984838512,-4.7086395264025125,1.5,10.952274534444443,-0.03770060837277778,-0.405518263578,-0.040453446086561665,-0.023240873160578174,-0.0022367395854303415,61,-0.166960284114,16.408431767513203,-0.10577232708511344
-0.94285707920768,0.9341382980355,0.13477243576185,-0.00427215095440163,-0.034720713040578714,301.06513977,313.831954956,-1513.941894531,-205.3423919674,-137.0740232944351,-8.242673683212512,1.525,10.95958285861111,-0.0468212780025,-0.455947518349,-0.05123844123073118,-0.0281933676266882,-0.0029464189607797202,62,-0.232470840216,16.676527977748062,-0.16111915794618079
-1.1049597963642,1.0994081497205,0.1790944822133,-0.005175140454774634,-0.0374740096500433,284.058273315,298.211532593,-1733.205200195,-282.3411655421,-174.92257065771017,-13.37623348239753,1.55,10.966306262555555,-0.056752686699166666,-0.501116871834,-0.0632080978127384,-0.03368098478238479,-0.0037741733801287237,63,-0.314298093319,16.93984730404832,-0.23630233844120702
-1.2734064817474,1.287090301515,0.2298711650075,-0.006142612783331456,-0.03975481154767979,265.934661866,281.304382324,-1949.796203613,-373.88534927359996,-218.25270066258517,-20.434762620950032,1.575,10.972363154083332,-0.06739982300333333,-0.539460301399,-0.07623167959016444,-0.03974556330479866,-0.00471696075412136,64,-0.414048403502,17.195217792460284,-0.3353059551529151
-1.4481207609134,1.500132083895,0.28659806400550003,-0.007164254952797613,-0.04170013004962198,246.89546203599997,264.438987732,-2165.8192138599998,-477.82253265300005,-266.9976057529102,-29.781896352790056,1.6,10.977688895333335,-0.07864830394583334,-0.573406398296,-0.09015927139957154,-0.04640916477849578,-0.005769936158151331,65,-0.533118009567,17.43812260275765,-0.4618424705895172
-1.6228467226006,1.7367579937,0.3493178933855,-0.00822385601032643,-0.042865400345748345,229.27759552039998,248.093025208,-2372.46765137,-591.4955444330001,-321.1430860994102,-41.727459669115056,1.625,10.982258054944445,-0.09031854569916667,-0.601305067539,-0.10486655355231012,-0.05361909710519844,-0.006926672895538197,66,-0.672719597816,17.662467366698944,-0.6188509951387561
-1.7909135073382,1.99705225229,0.4177629053595,-0.009299239418207834,-0.04286872097462567,213.716117859,233.6963424681,-2557.61486816,-714.817886353,-380.4547773836602,-56.51484827994006,1.65,10.986069573305555,-0.10216503507555555,-0.618399977684,-0.12013453098318283,-0.0613119708090872,-0.0081775554983595,67,-0.83383256197,17.860476450183675,-0.8078239344124671
-1.9464553266746,2.28032720089,0.4921278953555,-0.010356378092011375,-0.0414395938323498,200.60336303690002,221.7034530642,-2714.27026367,-844.017364502,-444.39514908766023,-74.38529543876508,1.675,10.989159478083334,-0.11381196479,-0.623042285442,-0.13569257659100048,-0.06939770446612244,-0.009508116552050956,68,-1.01707589626,18.022843396332366,-1.0279604663821753
-2.0859563291112,2.587387919425,0.57192645967,-0.011359644970104464,-0.03861744202511101,190.50640869149998,212.3523178099,-2838.60327148,-976.406036377,-512.2519056794102,-95.48572955131509,1.7,10.991590287944444,-0.12486593590833334,-0.614321529865,-0.15118802126851436,-0.07779773898559535,-0.010897527224032881,69,-1.22262001038,18.139276964533504,-1.2752304733408204
-2.2070494920026,2.920954346655,0.656211823225,-0.012276017895269251,-0.03455770053408393,183.5099411011,205.5361099244,-2925.74230957,-1112.4225158689999,-583.2169874664103,-119.89588046074012,1.725,10.993436177583332,-0.13496239980055555,-0.58993524313,-0.166260447773905,-0.08647377686246022,-0.01231952832986297,70,-1.45012176037,18.199554618172684,-1.5415353945437296
-2.3120133429750003,3.2845710516,0.743741631508,-0.013080179152059201,-0.029754824746746622,179.7883567813,201.9734115603,-2985.51757813,-1246.325897217,-656.3605452056603,-147.7064433574651,1.75,10.99478085836111,-0.14382190174527776,-0.556082844734,-0.18059842438547072,-0.09541653032247742,-0.013745136146444813,71,-1.69873869419,18.195103614830163,-1.8142391419765513
-2.3984792530552004,3.6799403429,0.8336595594880001,-0.01375275112269102,-0.02420562511176472,179.03085327169998,201.27404022259998,-3018.19543457,-1373.432128906,-730.9984846589102,-178.8645907878901,1.775,10.995714399555556,-0.15123085843194448,-0.51481872797,-0.19400364546854593,-0.10461523436925035,-0.015144905058650428,72,-1.96726429462,18.120964304554644,-2.0763760078958797
-2.4714505493664,4.10810518265,0.9244695603845,-0.014285475927159919,-0.01852884341572837,181.1446075438,203.4748382567,-3031.98449707,-1494.631774902,-806.4533705231602,-213.20039401054012,1.8,10.996319452916667,-0.15709833966361111,-0.468867063522,-0.20631409096373202,-0.11406406333782015,-0.016491255744766613,73,-2.2542386055,17.97782367542331,-2.3077731137754163
-2.5296350002336,4.568405628205,1.0150252282625,-0.014675003808177822,-0.012680263902494123,185.92149353,208.3224868773,-3030.7780761699996,-1603.6043701170001,-882.2529829499101,-250.56618838309012,1.825,10.996674431694444,-0.16138782103861113,-0.422832876444,-0.21745615775338512,-0.12374756257153452,-0.017761141458379898,74,-2.55802130699,17.773682827891037,-2.4871725928940234
-2.5769944369764004,5.05922293663,1.105042159555,-0.0149192864203518,-0.0069844276009304925,192.9483032223,215.26750183130002,-3018.62231445,-1703.5326538089998,-958.0224348541601,-290.65629763601515,1.85,10.996841854527778,-0.16407721572444445,-0.376780390739,-0.2274520998780442,-0.13364737290355885,-0.018935999134495993,75,-2.87695240974,17.5246506565883,-2.595204666538904
-2.6197392821278003,5.576258659365,1.193100750445,-0.015029376922507545,-0.0020005451547409044,202.5709304811,224.45993804969999,-3007.01550293,-1794.2523193359998,-1033.4879927154102,-333.24461398124015,1.875,10.996883180416667,-0.16528874635694443,-0.334563046694,-0.23632092565052498,-0.1437154908553058,-0.020003448194789088,76,-3.20938563347,17.25443381591677,-2.6178064385829836
-2.6541489481948006,6.11398220062,1.27906578779,-0.015018241580193993,0.002762417676067417,213.6715164187,235.69033813430002,-2993.90344238,-1871.070739746,-1108.6633802886602,-378.1009219646402,1.9,10.996832317777779,-0.16516549719694443,-0.298030078411,-0.244222208354893,-0.15390219021580118,-0.020959391948682755,77,-3.55381083488,16.992309699838287,-2.5494691839042862
-2.6836367726294004,6.667866945265001,1.36267799139,-0.014893406944400845,0.0070795830748996555,226.5798110967,248.46773529,-2977.84851074,-1941.5435180670002,-1183.51096634816,-424.8776904582902,1.925,10.996735890694445,-0.16379096441805555,-0.263187170029,-0.2512325138715199,-0.16415373754880996,-0.0218052306363113,78,-3.90890479088,16.76967193800271,-2.39560678381617
-2.7069255650024004,7.232818603515,1.4435878396050001,-0.014665089774896013,0.011127024090673777,240.71297454880002,262.4070892332,-2960.09167481,-2002.123046872,-1257.95717911666,-473.41627840996523,1.95,10.996626747972222,-0.16127809882166666,-0.232125580311,-0.2574085675303972,-0.17440653323834016,-0.022546877307342235,79,-4.27342271805,16.615557690109085,-2.1734260583281833
-2.7252466619056,7.803504705430001,1.522522449495,-0.014337365956517512,0.014916846923181367,255.8353500368,277.473365784,-2941.61608887,-2054.07025146,-1331.95947098691,-523.4693545817653,1.975,10.996534559472224,-0.15767213371055555,-0.204623997211,-0.26286714894874735,-0.18458833904049,-0.02319254823012902,80,-4.6462521553,16.55184468070505,-1.9108571761437168
-2.7415379226172005,8.37436580658,1.599072098735,-0.013921101394577931,0.01822652469771451,271.61794281000005,293.34864807099996,-2923.2878418,-2101.9177246,-1405.49987320866,-574.8211108682652,2.0,10.996481577555556,-0.15309302343249998,-0.178950592875,-0.2676599900276841,-0.19462340466637465,-0.02375177044705835,81,-5.0264081955,16.589004972322343,-1.6434274622923977
-2.7544322013810003,8.93960428238,1.67318248749,-0.013427338844902863,0.021233187795310835,287.734649658,309.771560669,-2905.71777343,-2142.5768432699997,-1478.58206925366,-627.3690539832652,2.025,10.996485816111111,-0.14766241113333334,-0.156681239605,-0.27184231807237513,-0.20443079498596525,-0.024235704267937235,82,-5.41297197342,16.723306940292606,-1.409393517522371
-2.7650816857846,9.49329280853,1.745661735535,-0.012861167441918581,0.02393855790803628,303.985046387,326.556182861,-2889.26745605,-2177.8035278300003,-1551.2250135894099,-680.9334750650152,2.05,10.996561050416666,-0.14143640796333334,-0.137185826898,-0.2755127366213013,-0.2139222095652159,-0.0246549690471958,83,-5.80514383316,16.93619197472133,-1.2438367533198575
-2.7755497992068,10.02934741972,1.8163023591049998,-0.012233036971980867,0.026193044445225397,320.166275025,343.375564575,-2874.18920899,-2211.13549805,-1623.45669999066,-735.3785632607652,2.075,10.99671787686111,-0.13452996810277776,-0.119025349617,-0.2787133735540466,-0.2230068595773717,-0.02501914384274485,84,-6.20222616196,17.196197796838398,-1.1727303509657605
-2.7847576618232006,10.5416827202,1.884994506835,-0.01155342218862481,0.0281283115946091,336.12361145,360.16621398999996,-2860.4779052699996,-2240.60473633,-1695.31143021541,-790.6569507120151,2.1,10.996963712916665,-0.1270582113,-0.102993659675,-0.2814805810193678,-0.23159250810210608,-0.025337374948333293,85,-6.60357046127,17.463309526176378,-1.2080886851270762
-2.7918425202360004,11.024175167100001,1.9524075388950002,-0.01082690976267037,0.029901608615322487,351.691329956,376.77992248500004,-2848.08813477,-2264.68133545,-1766.82337784716,-846.6720691202652,2.125,10.997308095305556,-0.11907152831555555,-0.0897036418319,-0.283887845616728,-0.23958243245849734,-0.025617258614744336,86,-7.00860691071,17.695144087131276,-1.345203138556081
-2.7992874920360005,11.47061109545,2.0186042785650002,-0.010060587239578164,0.03132201182445271,366.739074707,393.100479126,-2836.96801758,-2287.96325683,-1838.0255812164098,-903.2891025065152,2.15,10.997761620416668,-0.11064767837527777,-0.0771712735295,-0.28597246825062944,-0.2468775796979997,-0.0258643167399727,87,-7.41685438156,17.853955818361925,-1.5626502227157704
-3.0197081327434003,11.8079714775,2.077551722525,-0.009538098960556414,0.015011968587470018,407.15800476100003,403.995666504,-3222.29394531,-2309.59625244,-1908.9497816559099,-960.4881839272651,2.175,10.997860166750002,-0.10490186512472222,-0.197109490633,-0.28977552886611946,-0.2529605725233337,-0.026104429840569557,88,-7.82874488831,17.913058137167393,-1.8252440444393039
-3.2382919907618,11.9613494873,2.1287937164299997,-0.009486767570845092,0.002607291923533226,431.016021729,415.72251892099996,-3620.2199707,-2319.25122071,-1989.50713028866,-1018.2280902382652,2.2,10.996743308166666,-0.1043266803025,-0.318808734417,-0.2973537534838831,-0.25704351472410414,-0.026464807551030506,89,-8.24904823303,17.86110874892985,-2.0890756381225724
-3.2388507068134,12.03599357605,2.19712018967,-0.009322261197476913,0.01043389688567725,443.231903076,433.397506714,-3615.1616211,-2322.98657227,-2080.01262955616,-1076.2093707560152,2.225,10.995562871305555,-0.1025064786275,-0.31283557415,-0.30525691704581015,-0.25950750465407385,-0.02698610260895323,90,-8.6807384491,17.705010135358812,-2.3075883777530564
-3.2389590621010003,12.039179325100001,2.2855665683749997,-0.008962524310254813,0.01811007173718752,456.473587036,450.430999755,-3601.58227539,-2333.07055664,-2170.39167008366,-1134.2840350627653,2.25,10.994753307777778,-0.09854338235333332,-0.302194714546,-0.31295501720341934,-0.2603448274683842,-0.027583472528009575,91,-9.12360858917,17.471405138726016,-2.439323892597749
-3.702686673399,11.856444358800001,2.37928235531,-0.008855380970358403,-0.013803025570346319,506.47482299800004,464.053985596,-4448.62878418,-2347.1126709,-2260.4312269684096,-1192.6107989787652,2.275,10.993391672777777,-0.09735321833027778,-0.572587966919,-0.3234883186582359,-0.25879344458721226,-0.02821567160074807,92,-9.57887268066,17.20418887180137,-2.456621607675434
-3.7202370166780003,11.4550638199,2.4801065921800003,-0.009038040531619987,-0.0011581781993427343,498.809524536,479.995452881,-4474.6862793,-2352.64331055,-2371.6469465729097,-1251.288615751265,2.3,10.991017023722222,-0.09933996531694445,-0.56938791275,-0.3377046387418822,-0.2542616765188379,-0.02898119725608862,93,-10.052488327,16.958117714723073,-2.3526356192918048
-3.7356570541850003,10.94073963165,2.6113823652250003,-0.008904032554221808,0.011667337863958446,510.64741516099997,497.844619751,-4490.13269043,-2358.6196289,-2483.5141035554097,-1310.1046985150151,2.325,10.989300409944445,-0.09785167872916667,-0.571191012859,-0.3519665654587256,-0.2472398028953516,-0.029852007240070214,94,-10.5464935303,16.789114907444407,-2.1466667872792633
-3.7517564296716,10.303496360795,2.770704865455,-0.008447538655346972,0.024500678393414202,524.0533142090001,514.859054566,-4502.46289063,-2367.53540039,-2595.7674208161598,-1369.070189237515,2.35,10.988450580166665,-0.09282757010722222,-0.572067320347,-0.3662617151095474,-0.23760740722694146,-0.030732169496672124,95,-11.0609436035,16.740711231872435,-1.8854033857189851
-3.7740875482576,9.534427165985,2.9525729417799997,-0.007677266123424737,0.03682389873844474,539.694549561,530.97090149,-4520.63793946,-2381.09753418,-2708.3289930819096,-1428.258574247265,2.375,10.988596810222223,-0.0843640416861111,-0.574483513832,-0.3805818984751068,-0.22528189822782305,-0.031550698299640786,96,-11.5958719254,16.829303324091622,-1.6356697047360278
-3.804240107535,8.62260198593,3.153082847595,-0.006605984087651315,0.048587226914931246,558.153503418,545.840164185,-4550.9741211,-2396.4145507900002,-2821.3449415684095,-1487.786012601765,2.4,10.989863077805557,-0.07259992261722222,-0.581668913364,-0.39501799592816866,-0.21015624179003742,-0.03227219441194276,97,-12.1513767242,17.03384386561683,-1.4683662040119663
-3.8416790485346004,7.556932449345,3.3701956272149998,-0.005245700699793674,0.05996330650175622,579.882034301,558.809860229,-4595.79174805,-2410.76391601,-2935.1192945959097,-1547.6963763715148,2.425,10.992377599083333,-0.05766324698916667,-0.59514605999,-0.40971481685208555,-0.19210718348961098,-0.03289128573858927,98,-12.7277288437,17.295426660476192,-1.4365966391034808
-4.3660207808056,6.3377394676200005,3.46925127506,-0.0044530383692003685,0.020898438849175617,596.465789795,597.995666504,-4651.66210937,-3308.16699219,-3050.0140882971596,-1607.9654742717653,2.45,10.99671787686111,-0.04896913137694445,-0.231943562627,-0.4181087344231029,-0.17146935783929393,-0.03349945394375426,99,-13.3216257095,17.530594526403146,-1.5540536523847148
-4.3981380462684,4.966136455535,3.53913664818,-0.003896887369898156,0.024127935709371936,621.606445312,609.838714599,-4688.83984375,-3323.49743653,-3166.3056410314093,-1690.6696490765153,2.475,11.00252893236111,-0.04287583132583333,-0.239610493183,-0.42400647110408907,-0.14819377932053934,-0.034274063474982755,100,-13.9248094559,17.658721306558256,-1.7832791060525848
-4.373019772765,3.449787259105,3.62928712368,-0.003202078004159266,0.0325468599470614,648.668151855,616.543945313,-4643.17089843,-3319.57873535,-3283.526637125159,-1773.7570849897652,2.5,11.010296079861112,-0.03525594456333333,-0.224990606308,-0.42991998701537254,-0.12202851705497057,-0.0351634386045831,101,-14.5365533829,17.633260880245587,-2.0444601913628278
-4.153248679634601,1.830501556395,3.74125778675,-0.0021306449952413374,0.05678181103980202,680.893341064,614.403961181,-4244.53491211,-3315.58691406,-3399.605909585909,-1856.746553373515,2.525,11.020398669777778,-0.02348059374425,-0.0754085257649,-0.4341431280033532,-0.09313045619802829,-0.036041923902064864,102,-15.1559896469,17.46188643825972,-2.24307060428538
-3.9378217279954004,0.28175419382775,3.7586250305149997,-0.000771827646353999,0.06740821077978604,694.262878418,616.6029663090001,-3001.6570434600003,-4171.20275878,-3505.7192823886585,-1939.6362262250154,2.55,11.033369700111113,-0.00851586150625,0.766897976398,-0.42502313285116766,-0.06299236720020387,-0.036757835698511133,103,-15.7740430832,17.206826274199358,-2.3058419736489646
-2.9216404676438,-0.780308365824,3.7288596630099997,0.001749006598926173,0.13185273106276632,685.504547119,602.935058594,-1120.1993293803,-4204.810791010001,-3580.7607084751576,-2043.9162951945154,2.575,11.048445171777779,0.019323823766583332,1.46815741062,-0.39712632069530823,-0.036782645748868775,-0.03709435939177195,104,-16.3651332855,16.959728112071907,-2.212454337315271
-1.9454893291008002,-1.33525145054,3.67281973362,0.005667118894575139,0.17571500253873396,659.637634277,586.64074707,663.7931861878,-4215.04211426,-3608.765691709665,-2149.0365649697655,2.6,11.064098146222221,0.06270223193694445,2.10929322243,-0.3521658031966012,-0.015290751099196781,-0.03659519145736118,105,-16.9038276672,16.798862530743424,-1.9998730568362562
-1.1689653500938,-1.62971049547,3.53802418709,0.010273980304004634,0.18691900446794105,614.095977783,561.331359863,2056.53326416,-4197.9675293,-3592.1708620549703,-2254.4126178262654,2.625,11.078888575222221,0.11382828156166666,2.60333299637,-0.2928953222142348,0.004162769057245156,-0.03497392556483955,106,-17.3674221039,16.758331200596313,-1.7333981600744182
-0.6442943900822801,-1.7424052357700002,3.282986044885,0.01473774621898976,0.16541015037200169,563.1431274419999,524.215026856,2939.60644531,-4128.62854004,-3540.75753045097,-2359.3618060587655,2.65,11.091904110388889,0.16348150041361112,2.89153289795,-0.2237421333865077,0.02133927211254422,-0.03224429988020618,107,-17.7383975983,16.828852848330353,-1.4701645983973861
-0.36785169467368,-1.71580952406,2.89932799339,0.018297090144146332,0.11696804076956116,500.829574585,477.436355591,3303.92492676,-3990.60803223,-3467.26736931822,-2462.5775195597653,2.675,11.102859709,0.20317271351805555,2.96108222008,-0.15018116328403006,0.03500460809337725,-0.02865123991942854,108,-18.0064640045,16.978947291308554,-1.2396781195263273
-0.23183215335028,-1.643012583255,2.4037203788749997,0.020453859475328653,0.05605086902791373,433.72465515199997,424.461837768,3354.6612548800003,-3792.99523926,-3384.6692461492203,-2562.342720365515,2.7,11.11189842225,0.22731292578916668,2.88776016235,-0.07687650579139563,0.045794582100343026,-0.02454126247167897,109,-18.1688766479,17.17552161848726,-1.0447369859160616
-0.08639428168537601,-1.576345145705,1.820244073865,0.021105555800037423,-0.0012659059262530674,365.703170776,367.027572632,3321.25622559,-3491.92785645,-3300.8027147772204,-2657.167601347015,2.725,11.119227939194444,0.2347123457325,2.73925280571,-0.006428342920579383,0.054410796640670195,-0.020240055493532697,110,-18.2281036377,17.392973650118904,-0.871809057149921
0.17607147656392003,-1.5361251831049998,1.192136883735,0.02050102863565717,-0.04343790091749657,298.285758972,308.695800781,3303.30725097,-2990.55908203,-3217.7713091374703,-2744.465797758265,2.75,11.1249340905,0.22810454169916664,2.51193118095,0.05937604619190534,0.06133643444038626,-0.01597041113546714,111,-18.1895313263,17.612376637420258,-0.7009849887804953
0.57569826692308,-1.52775657177,0.577017024159,0.019082187952960142,-0.06649122615986297,235.0324020388,252.07106781000002,3305.33325195,-2257.18341064,-3135.1886278632205,-2819.229774809015,2.775,11.129046546083334,0.21239232685833334,2.19106578827,0.11833338520373782,0.06705419552766143,-0.011826952759413562,112,-18.0613441467,17.816692015081244,-0.5129525687028278
1.0851826935964002,-1.5570418238650001,0.025060288607999998,0.01733162975062172,-0.07076056467046211,179.12611007729998,200.2937164305,3344.8995361300003,-1359.820800781,-3052.5552965644706,-2875.659360075015,2.8,11.13161087036111,0.192948281765,1.80380058289,0.16832621189712416,0.07207877947575601,-0.007792471247259257,113,-17.8549365997,17.986686973600804,-0.2944419638522303
1.6556634783710003,-1.6291431784600001,-0.4291601479055,0.01568087975189966,-0.05954979248586626,131.6603164673,153.8868293758,3437.1854248100003,-403.2904434204,-2968.9328081612207,-2909.6548800945393,2.825,11.132675806694444,0.1745844715172222,1.40426969528,0.20836920244141274,0.0768426878066947,-0.0037829272218473007,114,-17.5840072632,18.100213643448885,-0.04306619831076086
2.2272446095956004,-1.74259918928,-0.7722773849965,0.014442299704955775,-0.03865984454324842,93.42023086549999,116.5495891571,3573.45544433,511.34156799330003,-2883.003172540971,-2919.737141180049,2.85,11.132324006833334,0.16078753603833335,1.04093980789,0.23882304871819818,0.08164666838980475,0.0002955843859272927,115,-17.2626571655,18.135703220220663,0.22941880420388122
2.7541956305472,-1.8937696814549998,-1.009817391633,0.013795045449753046,-0.013397417813937423,64.70883464815999,86.74206829072,3744.67285156,1309.306518554,-2793.666786432721,-2906.9536019802167,2.875,11.130696402666667,0.1535582045713889,0.743848025799,0.2609411508484021,0.08670473950800689,0.004504659481717473,116,-16.9037952423,18.07871066272489,0.4972862535169455
3.1882984399784,-2.074122607705,-1.16519021988,0.013768686396733176,0.00979404538606323,45.3591394424,66.34104609491,3942.53381348,1910.5600585910001,-2700.049965143721,-2874.2209390163666,2.9,11.127946641722222,0.15322688553055555,0.546864688396,0.27688416471369787,0.09206699355683869,0.008851006520195931,117,-16.5179004669,17.928666040849876,0.7254711859979297
3.5060232937296,-2.27923452854,-1.273021697995,0.014232560164659337,0.02618677145264105,34.3249816895,53.6658716202,4142.96875,2295.990844728,-2601.4866198067207,-2826.4569375515916,2.925,11.124282413055557,0.15833771891055556,0.449739485979,0.28916836142733704,0.09771725183294926,0.013272825567411307,118,-16.1119842529,17.702727690733617,0.8777369982158438
3.7341278135770004,-2.50354373455,-1.36181861162,0.015024632126515409,0.03622963098592685,30.610624313400002,48.502239227299995,4325.0571289,2535.378967285,-2497.9124010567207,-2769.0571664333916,2.95,11.11989869011111,0.16708496544083332,0.410721302032,0.2997899133805842,0.10359204787840919,0.017649881662035835,119,-15.6897287369,17.435154066034762,0.9259590281440342
3.9157812118572,-2.745944976805,-1.4471321702000002,0.01601648590291833,0.04262883673957723,33.20961761470001,49.6093540192,4491.23693847,2705.317626949,-2389.7859728342205,-2705.6726922512667,2.975,11.114980909555555,0.1780381633175,0.396120071411,0.30985316690292,0.10967799098649415,0.02183997448545547,120,-15.252617836,17.172414397259477,0.8582368583947426
4.066247272495801,-3.00703191757,-1.532121419905,0.01713786709626312,0.04650582088130237,41.2531642914,56.1442060471,4636.43322754,2838.789489747,-2277.5050493724707,-2638.0397515775417,3.0,11.109691196027777,0.19041505124833333,0.390027940273,0.31967237499959217,0.1159931989748484,0.025714101971046573,121,-14.801197052,16.96490103073932,0.6843073492036135
4.1925737619444,-3.288056969645,-1.617384970185,0.01832815550227788,0.048353442983133245,54.0843143463,67.673078537,4756.71948242,2952.574096678,-2161.5942186839707,-2567.0700143338668,3.025,11.104183197027778,0.20354199740611112,0.383779913187,0.32936651439380665,0.12256941339486457,0.029173363054050862,122,-14.3357248306,16.856304522942143,0.4369003745999033
4.2985910832914005,-3.5912126302700003,-1.70012009144,0.01954535952014234,0.048636145855101356,71.10601615908,83.60134577752001,4849.80114746,3055.944274899,-2042.6762316234706,-2493.255661916917,3.05,11.098597844444445,0.21695370475444442,0.372537106276,0.33883118917105054,0.12945195375789362,0.03215488424656723,123,-13.856467247,16.872457821719383,0.16777192963038196
4.381281936165401,-3.919568657875,-1.77815890312,0.0207464139629794,0.047195146839961885,91.744380712485,103.4355044365,4912.13513183,3146.8678588880002,-1921.4312029369705,-2416.857055044442,3.075,11.0930633545,0.23017431298888885,0.355764329433,0.34794961971759214,0.13669203598097046,0.03463347995076869,124,-13.3638696671,17.012411443684247,-0.06199886145898384
4.434744024272801,-4.276953458785,-1.8504216671,0.021883488041099314,0.04359947573310557,115.2634973526,126.5393753054,4941.10021973,3217.1375732399997,-1798.6278246412205,-2338.185358572242,3.1,11.087699466277778,0.24267627133250003,0.336093991995,0.3566114845847362,0.14434475420893148,0.036617441335988085,125,-12.8585519791,17.24492249607417,-0.1962348170833209
4.4624458849474005,-4.66738152504,-1.916335761545,0.022908418070135595,0.038227417922290355,141.5580806733,152.4756488805,4936.81542969,3272.88574219,-1675.1003191479706,-2257.756919241242,3.125,11.082607905083332,0.25392942958416664,0.310653477907,0.36470776061313165,0.1524598554589081,0.03814216347787034,126,-12.3412618637,17.51284738788755,-0.1992352184417642
4.4702632367652,-5.095509052275,-1.9753642082199998,0.023783247762758163,0.031746068213186415,169.6587600704,180.52556228609998,4905.84729004,3318.418579098,-1551.6799334057205,-2175.9347756864922,3.15,11.077876620833333,0.2635175817541666,0.279972881079,0.37210479041012096,0.16109734407902546,0.03926417405118528,127,-11.8129196167,17.74591583212846,-0.06807862955962138
4.4643101215328,-5.564984083175,-2.0270267725,0.024488766989366643,0.02481377043025269,199.0407180788,210.10832977270002,4856.27148437,3356.9506836,-1429.0337511547204,-2092.9743112090423,3.175,11.073557535805556,0.2712319956886111,0.245549589396,0.3786813002752841,0.17030680480011606,0.040054109242304646,128,-11.2746219635,17.879522425022866,0.16306074051365657
4.448538440465001,-6.078344106675,-2.071704506875,0.025020483745625172,0.017829603423699773,229.0124969485,240.55030822779997,4797.35620118,3386.62902832,-1307.6269640454705,-2009.0505441190423,3.2,11.069664425333334,0.27702616320722223,0.211353510618,0.3843877221213356,0.18012641237115082,0.040587848336700205,129,-10.7275810242,17.874410095871113,0.42957435089297535
4.428096967933801,-6.6374733448050005,-2.11120915413,0.025379785788549634,0.011208567794602846,259.31682586709996,271.2888107301,4736.24060059,3409.86853027,-1187.6930590159704,-1924.3848184110423,3.225,11.066178215861111,0.28091755178333333,0.178993731737,0.38926343744581626,0.19057845412255525,0.04093624806386409,130,-10.1730041504,17.7306621444483,0.6536249311887937
4.4107145607476,-7.242205142975,-2.146390914915,0.025587112879496842,0.005643499984657158,289.287475586,301.674690247,4681.25256347,3432.7644043,-1069.2870440012205,-1839.1381051542921,3.25,11.063046985194445,0.28313322199722224,0.148728445172,0.3933561168297569,0.20166422834445885,0.041159025650249585,131,-9.61203289032,17.4903640390009,0.7674276676674379
4.3965486407262,-7.89189648628,-2.1779481172599997,0.02566823110180742,0.0010871631493446629,318.682785034,331.356620788,4632.65612793,3455.44836426,-952.2557299144705,-1753.3189950467922,3.275,11.060199737555555,0.2839581171666667,0.120617128909,0.3967200221808655,0.21338317743819948,0.041303801745111966,132,-9.04573822021,17.226708530146627,0.7352395234782679
4.3848947524998,-8.585541725155,-2.20648884773,0.02564709018007996,-0.0025695777654161063,347.302261353,359.960342407,4589.46960449,3477.6973877,-836.4393267162205,-1666.9327859402922,3.3,11.057555940416668,0.28365635209722223,0.0944045707583,0.39940631948248195,0.22572531454863948,0.04140507676797251,133,-8.47511863708,17.02202776404584,0.5663187130850353
4.3746786892368,-9.321887493135002,-2.2325278520599996,0.0255444398841946,-0.005466216679825242,375.11920166,387.281341553,4550.1607666,3499.11474609,-721.7025866039705,-1579.9903512477922,3.325,11.0550403595,0.28245624568611105,0.0697159916162,0.401457552733845,0.23867572597607417,0.04148493414994521,134,-7.90111255646,16.941489243596333,0.31365191170227774
4.3645946383438,-10.099573612225,-2.256346940995,0.025377580358392757,-0.00774655252440814,402.123626709,413.244064331,4513.04138184,3519.01831055,-607.9485674389705,-1492.5124825955422,3.35,11.052578820111112,0.2805479367583333,0.0462479554117,0.40290614591828794,0.2522178668299714,0.041555216635570186,135,-7.32460403442,17.011301229117137,0.057975474202819455
4.3533420443492,-10.91662979125,-2.2781988382350002,0.025159721297636807,-0.00956066300900792,428.442077637,437.896148681,4477.10656738,3536.01855469,-495.12253289297047,-1404.5370248317922,3.375,11.050106684361111,0.27807626459444446,0.0242729801685,0.40378771881823367,0.2663263538550136,0.04162021024978831,136,-6.74643325806,17.20921882668253,-0.11811305267408992
4.3412877380894,-11.7708487511,-2.2979329824450003,0.024902640947998895,-0.010903234295020986,454.27096557699997,461.400527954,4441.97265625,3551.14880371,-383.19486870847044,-1316.1365609645422,3.4,11.047568851055555,0.2751705216036111,0.00329010165296,0.4041314996266526,0.2809742475163324,0.041679374037746304,137,-6.16739082336,17.471113136393853,-0.15735455763696568
4.333510106798601,-12.6573905945,-2.31517314911,0.024622020751072716,-0.01138354163941651,480.885925293,483.87303161600005,4417.4707031200005,3563.98583985,-272.14555230222044,-1227.3578408717922,3.425,11.044909159333335,0.27200296521194445,-0.0124685717747,0.4040041006583162,0.2961061124480599,0.041730440151775385,138,-5.58821344376,17.711749337758757,-0.046962100481308625
4.3248960077778005,-13.57124090195,-2.3298565149300003,0.024334624057634938,-0.011576862167405328,507.292022705,505.556533813,4396.160522460001,3572.640625,-161.70878472422044,-1138.2581948755421,3.45,11.04206509061111,0.26875754197444446,-0.02512492612,0.4035316558808816,0.311671540006234,0.04177307985754014,139,-5.00947523117,17.852805838160258,0.1770216976399387
4.321267712118001,-14.50690984725,-2.3420287370699997,0.024049033320253245,-0.01104452955501743,534.4368133539999,526.928482056,4387.16027832,3578.76806641,-51.80477166272041,-1048.942179250542,3.475,11.038995318944446,0.2655283610025,-0.0328100509942,0.40278846748791663,0.3275970768765659,0.04180774256353485,140,-4.43162298203,17.848574250294654,0.44164915490929013
4.3203246414678,-15.45676088335,-2.35138809681,0.02378480404754489,-0.010113846300191926,561.98123169,548.330612183,4386.09362793,3582.4822998,57.87423529527959,-959.472977590292,3.5,11.035637325722222,0.2625299824608333,-0.0371908470988,0.4019120211732534,0.3437937568360053,0.04183746593800454,141,-3.8549387455,17.700691416309986,0.6610993556516184
4.3180675804574005,-16.4158024788,-2.358412861825,0.023543740115308028,-0.009194111134166866,590.142883301,570.178955078,4384.95788574,3583.9860839800003,167.5265759935296,-869.910920095292,3.525,11.031982633805555,0.2597821255525,-0.040645904839,0.40093816974171365,0.36017695794047183,0.041866323785197675,142,-3.27957963943,17.45719720978234,0.7646365582720207
4.3146300017842005,-17.379023551899998,-2.36350512505,0.02332541084016231,-0.008294625875252941,619.048675537,592.8174133299999,4383.36987305,3583.74291992,277.1505231370296,-780.3112679957919,3.55,11.028046078138889,0.2572803695997222,-0.0434463620186,0.3998866871646026,0.3766575974513523,0.04189614286689129,143,-2.70567154884,17.196560465364932,0.7192661553731271
4.3102128446090004,-18.341310501099997,-2.36692929268,0.0231293293630365,-0.007412348173987742,648.780578613,616.56628418,4381.11035156,3582.17712402,386.73476996327963,-690.7176949977919,3.575,11.023854149722222,0.25501981377611105,-0.0457839816809,0.3987711888531536,0.39314534427368686,0.041926731768812064,144,-2.13331627846,17.00216551096763,0.5398786394584595
4.3049574673168,-19.2970457077,-2.36890149117,0.02295511285468581,-0.0065467641235137245,679.359710694,641.721008301,4378.03051758,3579.53222656,496.26252875227965,-601.1632668972919,3.6,11.019442876166668,0.2529969977008333,-0.0477422066033,0.3976022275811509,0.40954244375001886,0.04195670065351165,145,-1.56259989738,16.935662953752416,0.2839006752909982
4.2989599585548,-20.2404737473,-2.369501590725,0.022802299422973956,-0.005700079674252965,710.765960694,668.517120362,4373.99499512,3575.9564209,605.7132916917797,-511.6749612332919,3.625,11.014862060555556,0.25120773249194445,-0.0493549071252,0.39638862507341077,0.42574942681389316,0.04198423108129193,146,-0.993594348431,17.017718237224052,0.032521996257013686
4.2923219561614,-21.166267395,-2.368681192395,0.022670370999899197,-0.004875484897857395,742.936767578,697.136199951,4368.9942627,3571.50354004,715.0631665697797,-422.27605071079194,3.65,11.010164684722222,0.24964729944861114,-0.0505855046213,0.39513943607365803,0.44167284980164884,0.04200758783621128,147,-0.426358968019,17.222079071593683,-0.13521980219256852
4.285144805905601,-22.06846427915,-2.3665992021599997,0.022558753341419838,-0.004075471566482193,775.7442626960001,727.680847168,4363.05090332,3566.2132568300003,824.2880231372797,-332.9884622097919,3.675,11.005414326972222,0.24831054939166666,-0.051403414458,0.39386458086057347,0.45721231153803576,0.04202543933781736,148,0.139060765505,17.48448541519813,-0.16715282133043413
4.277534526588401,-22.93964385985,-2.36325287819,0.022466780656960644,-0.003305806308102543,808.978149414,760.173828125,4356.19104004,3560.13232422,933.3642957202796,-243.8331307890419,3.7,11.000675625277779,0.247191372845,-0.0517849810421,0.3925747120756811,0.47224041305558984,0.04203689093051016,149,0.70263427496,17.723236618645533,-0.05379008699648165
4.269593632217201,-23.77452373505,-2.358720779415,0.022393635273206106,-0.002567613163957559,842.439666748,794.550292968,4348.46984864,3553.31384277,1042.2690717212797,-154.82982268354186,3.725,10.996019575333332,0.2462820212047222,-0.0517051070929,0.3912811481547456,0.4866613304900292,0.04204146823868589,150,1.26434671879,17.86470865531184,0.16940530061574943
4.2614304780992,-24.5657997131,-2.353102445605,0.022338457904351596,-0.0018691656184998229,875.839385986,830.6802673340001,4339.94006348,3545.83911133,1150.9808179372797,-65.99697661429185,3.75,10.991515053638889,0.24557433194583334,-0.0511845648289,0.3899950743753815,0.5003523586934397,0.04203904642662261,151,1.82419979572,17.86582260281163,0.4336172060409557
4.2531548798102,-25.307091712949997,-2.346509456635,0.022300233220289137,-0.0012107536545909203,908.888549805,868.3473815919999,4330.67346191,3537.79907227,1259.4793195242796,22.64900116895815,3.775,10.987233055972222,0.24505847030222222,-0.0502323359251,0.3887274762762332,0.5131995643053632,0.042029712879116235,152,2.38221120834,17.726689533607622,0.6581873856125674
4.244874900578201,-25.9910335541,-2.339066267015,0.022277898037298776,-0.0005976009300647004,941.253601074,907.2734069820001,4320.75720215,3529.28723144,1367.7461560720296,111.09397797570816,3.8,10.983244578055555,0.24472407168805554,-0.0488709174097,0.38748884005201023,0.5250749657901207,0.042013713106745725,153,2.93841409683,17.4898890215591,0.7752277469168267
4.236705029011,-26.611032486,-2.3309313058849996,0.022270295544520043,-3.156139084916549e-05,972.612640381,947.1195678710001,4310.30578614,3520.40893554,1475.7650861257796,199.32615876170817,3.825,10.979615317444443,0.24455971188027778,-0.0471200793982,0.38628911927180326,0.5358613507717386,0.041991359198292354,154,3.49285674095,17.226992315978706,0.7498402511131803
4.2287661790864,-27.1604528427,-2.32218313217,0.02227624812572059,0.00048764553652019804,1002.6365356440001,987.5005798340001,4299.45422364,3511.2878418,1583.5227307792795,287.3363821502082,3.85,10.976409912111112,0.24455366863138886,-0.0450111664832,0.3851376682843019,0.5454420228590197,0.041963021499882486,155,4.04560184479,17.01672505968842,0.590037776038688
4.221159988642801,-27.6325378418,-2.3130055666000002,0.022294576083537448,0.0009581487940445106,1031.006072998,1028.00515747,4288.34704589,3502.01574707,1691.0090863702794,375.1185781952082,3.875,10.97368770175,0.2446942693658333,-0.0425652712584,0.3840430092076123,0.5536986045413055,0.04192912861376587,156,4.59672451019,16.92147850401145,0.34372208697838014
4.213950127359,-28.0200910568,-2.3034766912449998,0.02232396240176732,0.001375061851322068,1057.40625,1068.217102051,4277.13647461,3492.61364746,1798.2177625175295,462.6689718719582,3.9,10.971505906833334,0.24496816926527776,-0.0397694557905,0.3830140636308,0.560504162904657,0.041890129948611306,157,5.14631319046,16.96912459359969,0.08396821824394624
4.207330816985801,-28.3163928986,-2.2937752008450003,0.022363181610042283,0.0017461551440129414,1081.564758301,1107.728088379,4265.9765625,3483.34936524,1905.1461743827795,549.9843130584582,3.925,10.969915390027777,0.2453630997075,-0.0367134474218,0.3820582218259513,0.5657398543840181,0.041846512363315526,158,5.69446849823,17.145305683864954,-0.11277152570513654
4.2014019429648,-28.5148010254,-2.28394281864,0.022411110187213885,0.0020731433421702287,1103.2351684569999,1146.1339111329999,4255.015258789999,3474.32971191,2011.7955884452795,637.0680471894582,3.95,10.968964894611112,0.2458678517077778,-0.0334225930274,0.3811817422226232,0.5692884832468748,0.0417988043290898,159,6.24130105972,17.398168955005012,-0.18903545961146334
4.1962531685830005,-28.608795166,-2.274112701415,0.022466659982452702,0.0023570694738547725,1122.2056274410002,1183.0469360349998,4244.3848877,3465.65759277,2118.1709699150297,723.9262899872082,3.975,10.96870210436111,0.24647158053194446,-0.0299288444221,0.3803900510093176,0.571035283896077,0.04174755928408034,160,6.78692913055,17.653879616336724,-0.12282431263612145
4.1916762530818,-28.5919809341,-2.2644612789150003,0.022528430755624433,0.002570343424237276,1138.298217774,1218.1066284180001,4234.19763183,3456.91235352,2224.2805921075296,810.5677298064581,4.0,10.96916940477778,0.2471599810652778,-0.0260469280183,0.3796905384598662,0.5708672883651357,0.04169331402157736,161,7.33148097992,17.838219370157073,0.06641910363574483
4.1880949795272,-28.458051681500002,-2.2550610303900003,0.022594988976882755,0.002743670998561184,1151.3724975579998,1250.97619629,4224.54553223,3448.85034179,2330.1355329032795,896.9905386444582,4.025,10.97040918138889,0.2479184667269444,-0.022090813145,0.3790891633953708,0.5686732098122591,0.0416364472099607,162,7.87509536743,17.89797555778691,0.3238149932625885
4.185605144497,-28.20096206665,-2.24600934982,0.02266543166837417,0.002883199573666348,1161.3280639650002,1281.3315429680001,4215.49804687,3441.65112304,2435.7491712090296,983.2117971892083,4.05,10.972463819722224,0.24873822927472222,-0.0181428641081,0.3785867247664762,0.56434615560675,0.04157733335622167,163,8.41791439056,17.816042648650214,0.5751057218472728
4.184260779615,-27.81490802765,-2.237272262575,0.022738997332299515,0.0029941782296343347,1168.1038818359998,1308.864257813,4207.10144043,3435.45031738,2541.1366223807795,1069.2530752652083,4.075,10.975374645666667,0.2496120333672222,-0.0142753338441,0.37818202414983293,0.55778379378542,0.04151636361203306,164,8.96008110046,17.616060866679998,0.7480559722206429
4.1841033577952,-27.294349670400003,-2.2288812398899998,0.022815011856004624,0.0030808217310089253,1171.678283691,1333.261535645,4199.38146973,3430.3861084,2646.3141583915294,1155.1393331997083,4.1,10.979182985083334,0.2505336370733333,-0.0105689289048,0.37787213206614206,0.5488876206775278,0.04145391248438616,165,9.50173473358,17.355425758430197,0.7930761071149701
4.185134631395201,-26.63447952275,-2.22082161903,0.022892917640303812,0.0031468681260341637,1172.0859375,1354.226196289,4192.34411621,3426.56286621,2751.2986951347793,1240.8989859097082,4.125,10.983931223555555,0.2514981726805556,-0.00710029201582,0.3776520218030969,0.5375710502580269,0.041390296223799854,166,10.0430088043,17.108769240255935,0.69726294751672
4.1873175084636,-25.83098220825,-2.213059544565,0.022972229906558297,0.003194194891287106,1169.425170898,1371.471801757,4185.969726560001,3424.05126953,2856.1072980400295,1326.5630575649582,4.15,10.989664925472221,0.2525015340911111,-0.00393703626469,0.37751496887587027,0.52375716710422,0.04132575201807601,167,10.5840291977,16.946646406061852,0.48795983309137714
4.190625995402,-24.8797903061,-2.20550751686,0.023052532535811285,0.003227499749310101,1163.797058105,1384.541442872,4180.22424317,3423.00720215,2960.7565412040294,1412.1643393032082,4.175,10.99642859563889,0.2535404264927778,-0.00121513777412,0.3774517853790968,0.5073719686292495,0.0412603630909711,168,11.1249094009,16.91545832602725,0.22489780949576693
4.1950174510482,-23.77685928345,-2.198123574255,0.02313359250147489,0.003256513641016041,1155.136474609,1392.518920899,4175.12121582,3423.6446533199996,3065.2621472832793,1497.7395193569582,4.2,11.004262500333333,0.25461354189444446,0.000869569543283,0.37744898905969315,0.4883432665212511,0.04119406286341014,169,11.6657466888,17.024260944785564,-0.016826439373113428
4.2002707839036,-22.5184688568,-2.1907138824450003,0.023215282887220173,0.003275403619478641,1143.440795898,1394.622131347,4170.68249512,3425.86901855,3169.6401776787793,1583.3306356899582,4.225,11.013196309416665,0.2557204001480555,0.00228540459648,0.377489435818943,0.466596758586657,0.04112658918048176,170,12.206618309,17.242170002402904,-0.16812415433543448
4.2061435818640005,-21.102343559250002,-2.183240890505,0.023297214622155865,0.003278121916329187,1128.927734375,1390.2469482430001,4166.90490723,3429.54956054,3273.9072400567793,1668.9773611537082,4.25,11.023257573444445,0.2568576567702778,0.00301070767455,0.37755727984747417,0.4420945946492687,0.0410574759890102,171,12.7475738525,17.507103644710714,-0.1856063125173999
4.2125344991702,-19.5275039673,-2.1755130290949998,0.023379152598738035,0.0032760665489356233,1111.949096679,1378.818969727,4163.7520752,3434.86987305,3378.0798627375293,1754.7161001672082,4.275,11.0344696045,0.2580235567358333,0.00292319036089,0.3776329136225415,0.4148078627645401,0.04098603669269928,172,13.2886428833,17.743417855508703,-0.0640115962239259
4.2191412508532,-17.796582221999998,-2.16736984253,0.023460587071392945,0.003209803251913316,1092.939453125,1359.850646972,4161.27746582,3441.63989258,3482.1736646175295,1840.5878469934582,4.3,11.046850416388887,0.25921316610444445,0.00210157106631,0.37769629685653994,0.3847385436612609,0.04091150147167092,173,13.8298215866,17.883462570649773,0.16218844214458988
4.226197195052,-16.02566719055,-2.158375620845,0.02354124132113476,0.0032405853889745165,1072.679260254,1332.843444824,4161.19506836,3449.72229004,3586.2056012630296,1926.6288443079582,4.325,11.060366100722222,0.2604228423702778,0.000943530874792,0.37773547861336526,0.35377317071795533,0.040834207382339456,174,14.3710842133,17.886936568288117,0.4285184217509222
4.2328565180314,-14.258822441100001,-2.148331046105,0.02362240115541083,0.0032463767240574824,1050.705780029,1297.3062744140002,4162.94396973,3458.54077149,3690.2354779720295,2012.8719015589581,4.35,11.074912812972222,0.26166468858722225,-0.000830877397675,0.3777375092742794,0.32288205003609305,0.04075767895167209,175,14.9123907089,17.75249939332891,0.6588442587117845
4.2563018560454005,-12.492506504049999,-2.13708031178,0.02371878470035831,0.00467652335774261,1028.8711547849998,1252.742675781,4199.01794434,3467.5626220699996,3794.3090772152796,2099.3354208462083,4.375,11.090305116444444,0.2630978988277778,0.00764817744493,0.377799993689893,0.2920404142154909,0.04068656422813351,176,15.4537258148,17.518275081212174,0.7871184739583839
4.2975405335422,-10.7198123932,-2.12432706356,0.02386767205004612,0.007338284727813123,1007.3002319340001,1198.646484375,4271.42858887,3475.9562988300004,3899.2845258237794,2186.0244863979583,4.4,11.106293996166666,0.2651317252052778,0.0286308918148,0.37822556683345115,0.2612185690105264,0.04063226070898356,177,15.9953927994,17.251081491557855,0.7762671740778055
4.347754591705001,-8.93934249878,-2.11123275757,0.02408731626096268,0.01017101895925754,980.737915039,1135.2606201170001,4364.59606933,3483.2883300699996,4006.0702405455295,2272.9233938687084,4.425,11.12267176311111,0.2679671512711111,0.0573517046869,0.37928587113188783,0.2304445774812305,0.04061204565196116,178,16.5381278992,17.02754644318067,0.628860003019628
4.403331214189601,-7.14964914322,-2.1000043153799997,0.024375058333068276,0.01271781759476056,948.9683227539999,1063.208618164,4472.015625,3488.6260986300003,4115.1851422787795,2360.005602120458,4.45,11.139282650416666,0.27157445748638886,0.0912928581238,0.3811392648024592,0.19970630560122457,0.040641648351922896,179,17.0829639435,16.912446092464155,0.3867462959292335
4.451645988223,-5.351903915405,-2.092967271805,0.02471185458427547,0.013741052979534646,907.570587158,982.9920654289999,4567.786743160001,3494.66186524,4226.985532903779,2447.221254586208,4.475,11.15600797863889,0.27574174933972223,0.11966997385,0.3838185047273642,0.1689890810148456,0.04073067283371454,180,17.6310997009,16.940045554794445,0.11981139119747986
4.451610648629201,-3.5563246011749996,-2.0927833318699998,0.025023964580368933,0.010096750054354545,855.1104431159999,896.054840088,4573.63879395,3503.44604492,4341.180201482779,2534.587801217208,4.5,11.172777811694443,0.2796455886638889,0.116006456316,0.3868769455023952,0.13830791729477404,0.04087480810528571,181,18.1834793091,17.103371798678342,-0.09343068640064109
4.246073234082401,-1.790137946605,-2.10268294811,0.025076424692711305,-0.01010468960335564,803.521392822,801.813293457,4196.10168457,3517.8724365199996,4455.521171331529,2622.173952340208,4.525,11.189760631972222,0.2806580397805556,-0.0378195159137,0.38837004676791625,0.10754385020214406,0.041032171797456815,182,18.7395992279,17.35475174388313,-0.18884071712947112
3.5356875240834005,-0.16264313086889998,-2.126751184465,0.02417576233749861,-0.0673187576953956,727.9289855960001,701.05166626,2886.1342163050003,3542.3840332,4560.423713445779,2710.1207632532078,4.55,11.207320955055556,0.2709983123672222,-0.546763002872,0.3818886450441609,0.07668739638687962,0.04104168843715757,183,19.293258667,17.61923603598646,-0.1375036960902414
2.4317942678932,0.9981687664985,-2.158202528955,0.021514222030586807,-0.1429749156904228,627.9041748049999,600.77444458,847.0653076169,3577.64904786,4632.577068853404,2798.6803640832077,4.575,11.224927902222223,0.24153285556361112,-1.30088281631,0.3588943462703886,0.049099696090576135,0.04052334990398133,184,19.8265342712,17.820314214976886,0.04367620607765141
1.2975207895076002,1.809579610825,-2.16068148613,0.017143029051463195,-0.20207948173663176,516.042037964,502.138259888,-1236.764755249,3601.70788574,4653.7537015438265,2888.1215902797076,4.6,11.240946451833334,0.19272274441194445,-2.05544734001,0.31686876545164416,0.02324858176361585,0.0390235033512282,185,20.3132038116,17.908951990310374,0.30162087484170363
0.23894720375498002,2.611619234085,-2.0845648050300003,0.011592821368305826,-0.23598676551233141,403.97755432099996,401.05097961399997,-3120.73864746,3561.5821533199996,4622.8345826626,2978.1642874232075,4.625,11.2536207835,0.13046705888388888,-2.72582697868,0.2567511662153248,-0.005969098215565953,0.03624997920109921,186,20.7264251709,17.87764230184386,0.575225614631843
-0.14513645376972,3.4791265726100002,-1.891246855255,0.006148660551700168,-0.2005147247935915,287.229949951,302.358596801,-3658.15808105,3401.2678222699997,4544.8161164761,3067.2038412562074,4.65,11.261478000222223,0.0692438789538889,-2.86919212341,0.1867294872680307,-0.03709051133207412,0.03216807105520167,187,21.0447940826,17.750699271604795,0.8225646729648969
-0.3635651625697,4.379398345945,-1.58505189419,0.0017639954625091163,-0.14878619950503563,196.55349731400003,202.0943069453,-3781.63330078,3121.11743164,4453.362164449851,3152.2355368129574,4.675,11.264655854972224,0.019870820558722222,-2.7943983078,0.11544568634430923,-0.06726946840936092,0.02708548221018023,188,21.2613105774,17.56259005595549,1.029961225925114
-0.13831048160804,5.52409601212,-1.1834399700149998,-0.0006594770983117964,-0.06588830313370687,117.6951560974,114.44641494749999,-2990.802673336,2735.30847168,4358.82133193035,3230.2634726039573,4.7,11.26425531175,-0.007428519634750001,-2.3435754776,0.05269232744884223,-0.09777401461491399,0.021465498666078563,189,21.3807239532,17.34216100079229,1.2044464725189632
-0.4045196995142801,6.7896289825450005,-0.7388437390325,-0.001863095613798681,-0.03369457418603052,78.6559638977,35.580853462250005,-2965.9124755870002,2211.1986694400002,4284.05126509695,3298.6461843959573,4.725,11.261068979888888,-0.020980472779944446,-2.10693120956,-0.003037354468739959,-0.1279252633734818,0.01578870864771893,190,21.4159622192,17.108868834718468,1.3620272067781891
-0.7628120705485001,8.154292583465,-0.3073165640235,-0.0024580108213178866,-0.016298621812986698,55.20886230466,-24.22696447376,-2981.664184571,1555.98840332,4209.903453207276,3353.926151131957,4.75,11.255313025583332,-0.027665735946749998,-1.82054615021,-0.052223261557106465,-0.1581460123142418,0.010249210825274078,191,21.3758716583,16.87620731292229,1.520308620008017
-1.1512554675384001,9.598746299744999,0.0807847492398,-0.002755686692454358,-0.009211992804469757,48.93028235435,-65.0080413819,-2993.052062988,840.001922608,4135.361848593,3392.825861214957,4.775,11.247449451027778,-0.030994524972222222,-1.5017683506,-0.09379980428738004,-0.18843692306576973,0.004917543597581513,192,21.2705593109,16.65612796070542,1.6948542887353721
-1.5456755638086002,11.10632658005,0.40609470009799997,-0.002991182953639166,-0.01079736948051724,57.559705734290006,-91.168264389,-3000.02825928,108.5417213435,4060.5355470183,3413.8259092801572,4.8,11.237925423527777,-0.0336147927575,-1.17395246029,-0.12722169366428893,-0.2188146362244255,-0.00017753876282069575,193,21.1113605499,16.461537167909498,1.8964302674805873
-1.9226615577946002,12.672010421749999,0.657328814268,-0.00335200669145531,-0.01889857131820264,76.51159954069999,-107.8532810211,-3018.57995605,-579.770759582,3985.5348405362997,3416.5394523137443,4.825,11.227047178472223,-0.037633279959444446,-0.869842231274,-0.15267266699709858,-0.24928039182430242,-0.005020155922589808,194,20.9098949432,16.3067598619636,2.12902420665127
-2.2474737524946002,14.28454494475,0.837215989828,-0.003962361081258404,-0.029591458539330547,102.12804412839999,-118.2729072571,-3035.01879883,-1174.928924561,3910.0703416350498,3402.045183324194,4.85,11.214973661638888,-0.04443800697722222,-0.6082482934,-0.17103879127017402,-0.2798472476779716,-0.00958589646034215,195,20.6770153046,16.20613507891982,2.3888364988076023
-2.4895093739068006,15.935671806350001,0.9585465490834999,-0.004827614057119924,-0.038886733384459346,132.8637580875,-124.67236328119999,-3036.51745605,-1632.954772949,3834.1948716642996,3372.671960210169,4.875,11.20188925,-0.054078818195277774,-0.403208583593,-0.18352590421252676,-0.3105278954096013,-0.013824235151703397,196,20.4220733643,16.17152022410147,2.66459706408396
-2.6302196621904,17.62182617185,1.0395531058325,-0.005883656257578766,-0.04350001914994312,167.9826469425,-124.51752090459999,-3032.62963867,-1910.2350463839998,3758.2819352630495,3331.848090886444,4.9,11.187963485722223,-0.06582688954138889,-0.279666811228,-0.19175716922031527,-0.34131656761358464,-0.017656366875487117,197,20.1524181366,16.209772432612496,2.9392634928858197
-2.6803753077962,19.338024139399998,1.1158342957485,-0.0069348683576820145,-0.04181628964613259,207.817771912,-116.8458652496,-3023.95007324,-2025.322265626,3682.4661942962994,3284.092214726844,4.925,11.173395580722222,-0.07748727169305555,-0.229809969664,-0.19826585170040706,-0.37220291125161703,-0.020977536814305232,198,19.8724040985,16.32117436073376,3.1926202360925395
-2.6549734413636004,21.07513427735,1.1817831397049998,-0.007977920365733575,-0.027609946013716385,252.94235229449998,-89.8760242462,-3013.98266601,-2001.724609376,3606.8674424652995,3233.459158086194,4.95,11.158384746972224,-0.08902259170999999,-0.243842855096,-0.20334431680853185,-0.40317317775257006,-0.02368918824204304,199,19.5841274261,16.499015412767445,3.4039983297278695
-2.5493296682826005,22.832360267650003,1.3025081753699999,-0.008594809383046442,-0.018302795134684517,302.89457702699997,-69.21148777012,-3004.0506591800004,-1829.520690921,3531.5178758150496,3183.416042851794,4.975,11.143181059083334,-0.09577588074750001,-0.318445771933,-0.21082485334965942,-0.4342080425552034,-0.025718708407371255,200,19.2873687744,16.72993142625764,3.554630492716824
-2.5818336248404004,24.6017923355,1.4208359718299999,-0.008996331891938167,-0.014086065498763685,357.451820374,-31.508550643899998,-2991.54101562,-1910.9395141619998,3456.4166093355498,3137.678025578769,5.0,11.127901077277777,-0.10011298788916667,-0.284485578537,-0.21837068727100928,-0.4653459716908502,-0.027024930665555415,201,18.9795265198,16.99467884749941,3.6293864842873673
-2.6051846265746006,26.37089824675,1.518806695935,-0.009296871701542614,-0.00991467514016967,414.862564087,15.150072097700004,-2970.17736817,-1982.186950683,3381.6280839450496,3089.904537724719,5.025,11.112740834555556,-0.10331670443222223,-0.252941459417,-0.22507348090543938,-0.4965615153286085,-0.02772574566748469,202,18.6616268158,17.26898884144935,3.6189530962614116
-2.3383213341264004,28.2342233658,1.5953860878950001,-0.00914686187106221,0.016497511052435795,406.27435302699996,76.9772834778,-2372.50097656,-2038.1834716800001,3307.3736497407995,3040.3498639576437,5.05,11.099866231277778,-0.1015317688386111,0.0176002327353,-0.22754777394071665,-0.5286327825592155,-0.027957068255860917,203,18.3363838196,17.525464377320226,3.5225094508765364
-2.3471698135144,30.079879760749996,1.643756628035,-0.008760030440643512,0.014582784573359776,468.97351074200003,143.1339759827,-2332.73254394,-2083.65826416,3248.0611253267994,2989.3952771656436,5.075,11.089284684916667,-0.09714495804583334,0.0446023419499,-0.22675162193113302,-0.5598720116850069,-0.02777958521406587,204,18.0110015869,17.737484805829244,3.3493887831704705
-2.2048807799816004,31.9968805313,1.664938271045,-0.008386549665639587,0.05591553051020966,454.740203857,207.61289978029998,-2020.741088869,-2111.8085327119998,3189.7428117282993,2937.3038205616435,5.1,11.07938236661111,-0.09291997386361112,0.179509669542,-0.22528708306957795,-0.591382750084818,-0.027355212574987835,205,17.6872844696,17.883202915099886,3.1179344754911993
-2.0633830905002,33.8699026108,1.6639323830600001,-0.007652299508358904,0.032195214492348634,447.35046386700003,295.142745972,-1708.106689454,-2125.461364748,3139.224284506575,2884.5086072438435,5.125,11.073303222666668,-0.08473788698527779,0.317193210125,-0.21885353502061852,-0.6237342317960802,-0.026785027704869423,206,17.3688392639,17.948550599648406,2.8524272377374786
-2.0597540646816004,35.76841449735,1.6391996145249998,-0.006947643728681773,0.024387387936679637,492.827728271,372.681671142,-1682.896911621,-2130.403869632,3096.521617270225,2831.3720731251433,5.15,11.068990495472221,-0.07690463629027779,0.324278473854,-0.21082159097673092,-0.6551435536936747,-0.026091729891180894,207,17.0613651276,17.929165777778145,2.5795784920693725
-2.0509628295926,37.65288734435,1.593981385235,-0.006433153255290635,0.017017572317876758,531.609695435,438.967193603,-1665.747436523,-2123.080383304,3054.4491944797,2778.1119763843435,5.175,11.06551382277778,-0.07118713524611112,0.323327928782,-0.20271070084923223,-0.6866747152094632,-0.025360392566405824,208,16.7654972076,17.829691449061304,2.3246209052334037
-2.036236149073,39.520187377949995,1.53463679552,-0.006094537004026087,0.01032817667248743,568.125518799,501.578506469,-1653.234924316,-2102.14019775,3012.805508566625,2725.0349668017434,5.2,11.062705781722222,-0.06742290738555555,0.314992934465,-0.194719885998804,-0.7182009831676042,-0.024660534637763028,209,16.481180191,17.661444771114237,2.10858173795744
-2.0152130335568,40.75305557255,1.4681944847100001,-0.005953769694905903,0.004723363784014971,597.916473389,561.527557373,-1642.184814453,-2066.184082027,2971.474635458725,2672.4814618579935,5.225,11.06074968975,-0.06585393514888888,0.303400874138,-0.1870011796323251,-0.7408031647594318,-0.02402986688270178,210,16.208108902,17.440171776462655,1.9470213911050107
-1.9929721623672,40.7998008728,1.39978861809,-0.0059104943674896165,-0.0008483458040552824,608.181518555,622.017578125,-1634.138244629,-2024.7800292929999,2930.4200150974,2620.8268598073187,5.25,11.05945799086111,-0.06536763161416666,0.284694522619,-0.17964456330592085,-0.74069627213048,-0.023457497388496503,211,15.9458503723,17.183910088028984,1.8496580952171595
-1.9703577429018002,40.84135437015,1.32873851061,-0.005994058328774178,-0.005637494868487625,619.9551086419999,679.56628418,-1628.830444335,-1979.635437012,2889.5665589816754,2570.2073590749937,5.275,11.059149636166666,-0.0662899845175,0.263450860977,-0.17278852139588263,-0.7406991350289587,-0.022935524056531077,212,15.6937665939,16.91115383739113,1.8206662112908665
-1.9462323367592003,40.873382568400004,1.256514430045,-0.006188768173823982,-0.009720655532382298,630.893463135,730.154968262,-1625.5290527349998,-1930.743164064,2848.8457978733004,2520.7164731496937,5.3,11.059735616055555,-0.06844701038472223,0.240195810795,-0.166488181336497,-0.7407141486007662,-0.022462215832426927,213,15.4510936737,16.639446704072768,1.859406882107417
-1.8946928977942001,40.89624404905,1.1868478655799999,-0.0064635751893984,-0.010592707631326017,640.30154419,766.6527404789999,-1623.150390625,-1831.970214844,2808.2075715549254,2472.447894048094,5.325,11.06105380588889,-0.07149495184416667,0.192022457719,-0.16091238754130036,-0.7407271648003247,-0.022032814396246405,214,15.2169761658,16.384444767786373,1.9613352693736923
-1.8401741266272003,40.9130687714,1.13729262352,-0.006694163848061876,-0.00956076911933667,648.4544982909999,803.345397949,-1620.913330078,-1728.471618652,2767.6288117893005,2426.648638676994,5.35,11.062936782833333,-0.07405821647916667,0.14381121099,-0.1569611719452492,-0.7407420452122372,-0.021626634476228278,215,14.9896612167,16.159426099551354,2.1190184819337503
-1.8220060706106,40.9235458374,1.0896637141685002,-0.006955605644077231,-0.011241658611450309,654.6984252929999,831.8392944340001,-1618.871765137,-1692.721374512,2727.1059785373504,2383.436848210694,5.375,11.065401501138888,-0.07696780893527778,0.12707605958,-0.15357577821226556,-0.7407554608871183,-0.021226671373103596,216,14.7674951553,15.975167406775782,2.3230276414345385
-1.7564394414434001,40.9277229309,1.0480445027340002,-0.007223261655991659,-0.007930093737624357,659.552642822,843.8479309090001,-1616.885009766,-1571.092529297,2686.6341844089256,2341.1188138478938,5.4,11.068178812666666,-0.07994973825083333,0.0695108547807,-0.15091333284671873,-0.7407644157657212,-0.020840504692625012,217,14.5497980118,15.83985225051256,2.562473265647457
-1.659341278672,40.93219566345,1.051044821741,-0.007231928372811292,0.0009854834508658285,664.525756836,848.02810669,-1614.702758789,-1391.808105469,2646.212059164776,2301.8415006154687,5.425,11.070930692888888,-0.08006557822222223,-0.0116405561566,-0.15099612386710998,-0.7407741363028136,-0.020439634450083746,218,14.3338336945,15.759226179582697,2.8255287758119882
-1.6566277235774,40.93446922305,1.0533295571785,-0.007199146004127904,0.001629748736878239,667.447753906,856.4574584960001,-1613.44543457,-1386.120361328,2605.8444901950506,2267.0462979787435,5.45,11.07406722175,-0.07972521086527778,-0.0151139702648,-0.15133138255881892,-0.7407848222373659,-0.020007569852649523,219,14.1174402237,15.736893642384569,3.0998225895309477
-1.654325392839,40.93347740175,1.0540080368515,-0.007149705354745461,0.0023136685305369105,669.046142578,860.089019775,-1612.878723145,-1381.546508789,2565.5083543308006,2232.3932889455436,5.475,11.077305475861111,-0.07920081416777777,-0.0180200003088,-0.15174740161070313,-0.7407945427753311,-0.019578182980718013,220,13.9004840851,15.77405041319174,3.3725757354085015
-1.6529728502000003,40.930940628049996,1.0541991591445,-0.007083404607024024,0.0029659068501232113,669.659240722,860.207122802,-1612.800598145,-1378.922607422,2525.1863862521755,2197.8546262258187,5.5,11.08057551913889,-0.07848950723805555,-0.0197290647775,-0.15222224323309153,-0.7408064604218978,-0.019179724147205028,221,13.6828670502,15.869143477428661,3.6309772826409032
-1.652872818709,40.928167343149994,1.0547499060655001,-0.007001893672471966,0.0035248172380286263,669.4064941409999,857.153411865,-1613.096740722,-1378.789001465,2484.8663712985503,2163.381561040269,5.525,11.083821190722222,-0.07760900590166667,-0.0199589431286,-0.1527214028450743,-0.7408199426741086,-0.01882905657202329,222,13.4645347595,16.017887227859894,3.862770408960195
-1.6539689302458003,40.9261016846,1.056149244307,-0.006907946503819326,0.003960450575267732,668.419982911,851.2525329590001,-1613.730529785,-1380.995910644,2444.5389527805005,2128.911836003644,5.55,11.086992687638888,-0.07658956779361112,-0.0188496988267,-0.15320899435124485,-0.7408343570333686,-0.018532740369428934,223,13.2454824448,16.213408272347234,4.056837976002471
-1.6560365885476,40.92516708375,1.058624565603,-0.006804787502593931,0.004264257178475312,666.8522644039999,842.8794860840001,-1614.702209472,-1385.055053711,2404.1956895358753,2094.386938237544,5.575,11.090043385833333,-0.07546655833722221,-0.0167370326817,-0.1536555232421583,-0.7408471734957022,-0.01828976437052798,224,13.0257501602,16.446520931158194,4.2037599982018286
-1.6587970197176003,40.925598144549994,1.062016218902,-0.006695670198559828,0.0044411899031044505,664.8519897460001,832.460174561,-1616.002990722,-1390.3928222660002,2363.8281342990754,2059.760561894769,5.6,11.092935138277777,-0.07427574031888888,-0.0139869293198,-0.154040549756807,-0.7408587249582292,-0.018094608758107228,225,12.8054122925,16.706131839867126,4.29630904069367
-1.6619932085246,40.9273147583,1.0660585165045,-0.006583632780000328,0.004502230387529685,662.543182373,820.4393310539999,-1617.593688965,-1396.507141113,2323.428059531025,2025.000741338119,5.625,11.095636155861111,-0.07305064962972223,-0.0108945667744,-0.1543520397358538,-0.740868012732207,-0.01793981876161237,226,12.5845661163,16.979759666020204,4.329848664924337
-1.6654234856392,40.9301223755,1.0704741179925001,-0.0064714211116429395,0.004459449201326601,660.0243225090001,807.2554626470001,-1619.406738281,-1403.0268554680001,2282.9882173069,1990.088062810294,5.65,11.098122066916666,-0.07182161841138889,-0.00765962852165,-0.15458408429049614,-0.7408749369507686,-0.017817818935981167,227,12.3633213043,17.25414428994604,4.302604685212885
-1.6689186006808001,40.9338378906,1.07487335801,-0.006361458566067285,0.004326122358583223,657.3740539549999,793.3349914559999,-1621.3605346680001,-1409.6599121089998,2242.503048849875,1955.0123914235942,5.675,11.100375917222221,-0.07061553498111112,-0.00441964808851,-0.15473498565571844,-0.7408804297209635,-0.017721895202388448,228,12.1417951584,17.515911377482286,4.21578809651986
-1.6723551571356001,40.938205718999995,1.079023689034,-0.006255853825867906,0.004114255930442067,654.6566772460001,779.065124512,-1623.376037598,-1416.197631835,2201.969035483175,1919.7708936208692,5.7,11.102388170027778,-0.0694558189975,-0.00125860061962,-0.15480572587226574,-0.7408844910410461,-0.01764658600026799,229,11.9201011658,17.752253051566022,4.073557942597254
-1.6756348758898,40.9430141449,1.08264002204,-0.006156422730010326,0.0038354804407508413,651.929199219,764.796386719,-1625.387817383,-1422.4715576170001,2161.384634543225,1884.365952824994,5.725,11.104155646416666,-0.0683627401788889,0.00175838405266,-0.15479908461433653,-0.7408874538072647,-0.01758765315811634,230,11.6983556747,17.95158470326876,3.882825098285028
-1.6786821126936002,40.9480857849,1.08558946848,-0.006064692434905432,0.003501035001438428,649.2430419919999,750.83013916,-1627.347595215,-1428.342407227,2120.74993910865,1848.804163884569,5.75,11.105680465694444,-0.06735336449416668,0.00457835756242,-0.15471937287380672,-0.7408895843367912,-0.017541863432201172,231,11.4766654968,18.10413887608667,3.652907214184231
-1.6814464867074002,40.953271865800005,1.087795227767,-0.00598192482121205,0.0031210939801799686,646.644622803,737.4193420409999,-1629.222900391,-1433.708557129,2080.066249228275,1813.095603703894,5.775,11.106971104944444,-0.06644186046388889,0.00716027105227,-0.15457205013133365,-0.7408911822328453,-0.017506734672856163,232,11.2551336288,18.202461998381793,3.3950544249758265
-1.6838846266298,40.95844078065,1.089144021271,-0.005909121695214827,0.0027062390210887367,644.174102784,724.772705078,-1630.9924316410002,-1438.478820801,2039.3356767185,1777.252889775669,5.8,11.108037100888888,-0.06563950330027778,0.00946294236928,-0.1543635911969845,-0.7408922807875824,-0.017480279912437835,233,11.0338516235,18.241786131592512,3.1218745765050797
-1.6859785705798,40.9634838104,1.08967489004,-0.0058470367522883105,0.002265626300805635,641.864593506,713.046203613,-1632.641662598,-1442.606445313,1998.560865927475,1741.290919255644,5.825,11.108894348138888,-0.06495484875305554,0.0114655336365,-0.15410126982972625,-0.7408930131565346,-0.017460840917114525,234,10.8129034042,18.220256281736205,2.846691104458597
-1.687717074155,40.968290328950005,1.08933478594,-0.005796198463504145,0.001808250880020646,639.741149903,702.3625793460001,-1634.160217285,-1446.0617065430001,1957.7448243625252,1705.225758122819,5.85,11.10955874125,-0.06439392765361111,0.01315144822,-0.15379280919632193,-0.7408931796042219,-0.01744698207652019,235,10.5923614502,18.139003433489197,2.5828707605821135
-1.6891094833606002,40.972818374650004,1.0882330238805,-0.005756927240403214,0.0013414918475356493,637.821777344,692.795104981,-1635.5401611329999,-1448.854553223,1916.8908189304002,1669.074215459244,5.875,11.110048294055556,-0.06396044459611111,0.0145247355103,-0.1534461488463137,-0.7408936123673366,-0.017437434227888945,236,10.3722858429,18.002062043610902,2.3431585092856335
-1.6901600331098001,40.9769611359,1.0862852334989999,-0.005729362482816848,0.0008729502006091005,636.1162414549999,684.3925476070001,-1636.775939942,-1450.9910278319999,1876.002314902075,1632.852851628669,5.9,11.11038419936111,-0.06365611321388889,0.0155876623467,-0.15306904523582757,-0.7408937122368219,-0.017431083212873663,237,10.1527280807,17.81614129893191,2.139054921423626
-1.6908879995322001,40.9806594849,1.083620488646,-0.005713469340795941,0.0004088036147243952,634.6282043450001,677.1605834960001,-1637.86517334,-1452.5042724609998,1835.0829164035251,1596.578075932869,5.925,11.11058447097222,-0.06348067687611111,0.0163553878665,-0.15266908837434934,-0.7408936123673366,-0.01742697299822956,238,9.93372440338,17.590265805393337,1.9802680510440853
-1.6913093000622001,40.9838924408,1.080257982018,-0.005709059000398315,-4.492026501415063e-05,633.356201172,671.085479737,-1638.808105469,-1453.424560547,1794.1362870700252,1560.265469121344,5.95,11.110669242,-0.06343215703972221,0.016843708232,-0.152253452152059,-0.740893845394099,-0.01742429527298865,239,9.71530532837,17.335308724956406,1.8742650328370907
-1.6914452552760002,40.98655509945,1.0762524902839998,-0.0057158037679411276,-0.0004830875389151498,632.292877197,666.1255493169999,-1639.6082153319999,-1453.792236328,1753.1660844333003,1523.929855107669,5.975,11.110658645638889,-0.06350703537472223,0.017070595175,-0.151828944274224,-0.7408934126309844,-0.017422389448320093,240,9.49748706818,17.063444468043002,1.8259430801587253
-1.6913186460772,40.9886875153,1.0716930329775,-0.005733254755160381,-0.0009012114372317784,631.4285888669999,662.221984864,-1640.27154541,-1453.651062012,1712.1758790500003,1487.585049199469,6.0,11.110571755305553,-0.06370044002916667,0.0170584414154,-0.15140180652502183,-0.7408933793414468,-0.017420728093543024,241,9.28027820587,16.787550448591123,1.8374322671320076
-1.6909557580944001,40.99023628235,1.0665853321549998,-0.005760866846268049,-0.0012957514056275046,630.7487487799999,659.294311524,-1640.80682373,-1453.0520629890002,1671.1690904147504,1451.243772649169,6.025,11.11042446561111,-0.06400638570388889,0.0168311819434,-0.15097769812128764,-0.740893246183297,-0.01741890549266583,242,9.06367969513,16.520589223768855,1.9080340502765785
-1.6902158170912003,40.9911994934,1.0610417127615,-0.005797900389890847,-0.0016481414532310966,630.2343444820001,657.23147583,-1641.2254028319999,-1451.741210938,1630.1489198215004,1414.917471074444,6.05,11.11023479038889,-0.06441675540472222,0.0162857379764,-0.15056261117592948,-0.740893046446072,-0.017416610596826775,243,8.84768295288,16.275000572512326,2.0342946628433167
-1.6891527086518001,40.9916229248,1.055241405963,-0.005843069058386038,-0.0019536185138286167,629.865600586,655.926269531,-1641.540283203,-1449.819946289,1589.1182847507005,1378.623940800994,6.075,11.11001438563889,-0.06491732266222222,0.0154687063769,-0.15016533412038643,-0.7408933460519093,-0.017413538598897854,244,8.63226890564,16.062132119918754,2.210205197772556
-1.6879425466064002,40.991487503049996,1.0492010414615,-0.0058954287819903755,-0.0022238568037442757,629.622833252,655.276062012,-1641.7644653319999,-1447.615051269,1548.0797776706254,1342.378442143769,6.1,11.109777026694445,-0.0654976608025,0.0145183969289,-0.1497902112360719,-0.7408935457891342,-0.017409401336519817,245,8.41740894318,15.891733505287723,2.4275142232305464
-1.6866113245534002,40.99078941345,1.0430114865314999,-0.0059540849049990975,-0.0024579770116548282,629.487609863,655.1859436039999,-1641.911010742,-1445.175659179,1507.0356660373254,1306.188065862044,6.125,11.109533309944444,-0.06614788538888888,0.0134585378692,-0.14944025522412124,-0.7408932128937594,-0.01740403756364489,246,8.20306873322,15.771534001957138,2.676134307475782
-1.6851881027268,40.989606857300004,1.0367628037930001,-0.006018132888920184,-0.0026560329729740898,629.444000244,655.5686340340001,-1641.991699219,-1442.556823731,1465.9878907687755,1270.0586743825688,6.15,11.109291712444445,-0.0668579960863889,0.0123149687424,-0.14911792950838887,-0.7408933793405742,-0.017397398386270347,247,7.98921108246,15.706918639490832,2.9446214722808173
-1.6836942017126002,40.98797416685,1.03045630455,-0.006086673916869779,-0.0028180509552040104,629.4768066409999,656.347351074,-1642.0170288089998,-1439.800109863,1424.9380982883006,1233.9947537892938,6.175,11.109058592055556,-0.06761805464833333,0.0111063364893,-0.1488250150779958,-0.7408940784208614,-0.01738952437600582,248,7.77579450607,15.70071402652375,3.2207054789817344
-1.6821537166826002,40.98587036135,1.0242092311405,-0.006158811252605935,-0.0029447009097847508,629.5712585450001,657.4461669919999,-1641.9968872069999,-1436.9503173829999,1383.8876725680757,1197.9997510427188,6.2,11.108842425888888,-0.06841813110638889,0.00985407922417,-0.1485629267371509,-0.7408941782894739,-0.017380517481966055,249,7.56277608871,15.753090010054128,3.4918472030290024
-1.6805853396668002,40.98336601255,1.0180483162415,-0.006233672086675235,-0.003036757598162569,629.7149658200001,658.800109863,-1641.939453125,-1434.044189453,1342.8377503879008,1162.0759931081438,6.225,11.108647452472221,-0.06924856040222221,0.00857658311725,-0.14833249672394222,-0.7408943447371613,-0.017370511902534694,250,7.35011100769,15.861578409863347,3.745798870056095
-1.6790093690132,40.98053741455,1.0120255351045,-0.006310408576768647,-0.003095609557131555,629.896575927,660.3453063970001,-1641.8524169920001,-1431.120910645,1301.7892640597759,1126.224888371819,6.25,11.108476850722221,-0.0700999548038889,0.00729038380086,-0.14813414115697754,-0.7408949772375009,-0.017359655359901253,251,7.13775396347,16.021205710183946,3.9711438513975956
-1.6774447888114001,40.977373123199996,1.006159484384,-0.006388211891740252,-0.003122929844843892,630.1046142580001,662.0225830070001,-1641.742919921,-1428.21710205,1260.742953634976,1090.4468656056938,6.275,11.108333799583333,-0.07096335291861111,0.00601316709071,-0.14796786003643142,-0.7408951103965236,-0.01734810389866581,252,6.92565822601,16.224732127839708,4.157793975180439
-1.6759041577614,40.97397613525,1.000521987677,-0.00646631013101769,-0.0031202029655461884,630.329925537,663.77923584,-1641.61730957,-1425.357421875,1219.699380636951,1054.7414380544437,6.3,11.108220418305555,-0.07183020313583334,0.00475661922246,-0.14783328717756597,-0.7408957428968632,-0.01733600732165979,253,6.71377849579,16.462985387020094,4.297424638807649
-1.6744124472138,40.97033691405,0.9952064752555001,-0.006543988090159231,-0.0030904150926434324,630.562957764,665.5615539549999,-1641.481750488,-1422.587707519,1178.658947897701,1019.1075025075687,6.325,11.108137766527777,-0.07269255816944445,0.00354113662615,-0.14772965692154258,-0.7408958760550131,-0.017323509189876164,254,6.50206947327,16.72527428546036,4.38383060039328
-1.6729749143100001,40.9665603638,0.990126997233,-0.006620595063243485,-0.003035210936143951,630.796569824,667.3309326169999,-1641.3414306640002,-1419.920227051,1137.621904135501,983.5428098195937,6.35,11.108085844249999,-0.07354321579138888,0.00237218942493,-0.14765583742513388,-0.7408964752666879,-0.017310752024091672,255,6.2904882431,16.999864444155214,4.413188708467325
-1.6715966701518001,40.96265792845,0.9853974878795,-0.006695518835299327,-0.0029562851403797537,631.023406983,669.030792236,-1641.2015380859998,-1417.3643798829999,1096.588368368901,948.0448041433187,6.375,11.108064651500001,-0.07437537113833333,0.00125193281565,-0.14761061362083241,-0.74089707447749,-0.01729786482112009,256,6.07899188995,17.274496170600493,4.384217270734513
-1.6702933400846,40.95867729185,0.980983614923,-0.0067681934845908905,-0.0028564249218850637,631.2380065919999,670.643585205,-1641.0661621089998,-1414.9500122069999,1055.558329916751,912.6106946462437,6.4,11.108072068944445,-0.07518273260861112,0.000196978959139,-0.14759265392836038,-0.7408976736891648,-0.01728496825548682,257,5.86754131317,17.536922994156487,4.298226217224205
-1.6690777748778,40.95462989805,0.9769572317605,-0.006838135272852711,-0.002738594347724562,631.4344482419999,672.1399230960001,-1640.9395141599998,-1412.7003784180001,1014.531675864026,877.2369443410687,6.425,11.108107037027777,-0.07595992750583333,-0.000782416202128,-0.14760012742402864,-0.7408977069778296,-0.01727216739719965,258,5.65609788895,17.775448503593076,4.159056087603615
-1.6679615110130002,40.950609207149995,0.9732680022735,-0.006904937443876951,-0.002605908068061255,631.609222412,673.494598388,-1640.824645996,-1410.637695313,973.5081880100261,841.9194348806187,6.45,11.10816743638889,-0.07670241925444445,-0.00167796085589,-0.1476310533821892,-0.7408982728999669,-0.017259568356587325,259,5.444627285,17.979439414079206,3.9729083412030297
-1.6669493675226001,40.9466228485,0.9699763953695,-0.006968261901033023,-0.002460983210775667,631.758850098,674.689605713,-1640.7240600589998,-1408.770446777,932.4875718601261,806.6534924977938,6.475,11.108250088166667,-0.07740644945027779,-0.00248587829992,-0.14768326798447626,-0.7408988055316941,-0.0172472710021925,260,5.23309659958,18.13979326234842,3.7480739339911473
-1.6660248428628,40.9427013397,0.9670249223695,-0.007027823082694245,-0.002304617944011919,631.8811035159999,675.71484375,-1640.639709473,-1407.0691528319999,891.469470358651,771.4342313283688,6.5,11.108353932694445,-0.07806883090083333,-0.0032180105336,-0.14775462405685616,-0.7408993048747563,-0.01723537208166478,261,5.02147722244,18.24934106968024,3.4945708709635577
-1.6651064515134002,40.93887901305,0.964460551737,-0.007083256884817049,-0.0021305144379461303,631.974700927,676.559783936,-1640.572814941,-1405.384155274,850.4534776218261,736.2575025075688,6.525,11.108473671805555,-0.0786854906213889,-0.00393732311204,-0.1478440729800326,-0.7408997376387437,-0.017223944415812875,262,4.80974245071,18.303167461907798,3.223705702559445
-1.6642594695104,40.9351863861,0.962305605414,-0.00713416487351688,-0.0019451491934332256,632.039154052,677.218902588,-1640.523925782,-1403.8348388670001,809.4391572483011,701.1228986257188,6.55,11.108607186222223,-0.07925198309944444,-0.00459430599585,-0.14795094896343033,-0.7409001704018583,-0.017213007770298577,263,4.59786701202,18.298833645592627,2.9475768736430634
-1.6635564744484002,40.93165016175,0.960572421552,-0.007180406608693815,-0.0017576924312026386,632.073394775,677.6810913090001,-1640.4938964839998,-1402.5541992180001,768.4260591037511,666.0270276540438,6.575,11.108751297,-0.07976672715611112,-0.0051333932206,-0.14807277193851362,-0.7409005698763084,-0.017202570467480076,264,4.38582754135,18.236493149396523,2.6785411133718364
-1.6629906028484003,40.928285598749994,0.9592058956630001,-0.007221959723936036,-0.0015704792285731008,632.076812744,677.9482727049999,-1640.4832153329999,-1401.5300903319999,727.4137116916511,630.9631726735938,6.6,11.108903884888889,-0.08022944960333334,-0.00555871753022,-0.14820662907293394,-0.7409009360612206,-0.01719267203866351,265,4.17360401154,18.11889470063961,2.428665522494816
-1.6625504642684001,40.9251079559,0.958152145146,-0.007258852827406552,-0.0013852379094812363,632.0502014159999,678.029632568,-1640.491882324,-1400.740966797,686.401631308326,595.9249204152939,6.625,11.109059651694444,-0.08064044846416667,-0.00588074373081,-0.1483498239157256,-0.7409012356661854,-0.017183384264354087,266,3.96118164062,17.951271191295035,2.2091885375724627
-1.6622294872988002,40.9221343994,0.9574153721355,-0.007291162380967601,-0.0012039566121017596,631.995727539,677.939239502,-1640.518859863,-1400.174194336,645.389334250226,560.9063962453688,6.65,11.109216478138888,-0.08100053502444444,-0.00610471237451,-0.14849984310881534,-0.7409015685615602,-0.01717478620716407,267,3.74854850769,17.741117569835126,2.0300133440027346
-1.6620196402026,40.919372558549995,0.9569707810900001,-0.007319008018823627,-0.0010283039733048295,631.9167175289999,677.696502686,-1640.5625,-1399.813842774,604.376362753651,525.9020413869688,6.675,11.109371185305555,-0.08131103383166667,-0.00623791618273,-0.1486542898074239,-0.7409018015883226,-0.017166950687902176,268,3.53569698334,17.49786586005624,1.8992565845544551
-1.6619118690538002,40.91680717465,0.956793665887,-0.007342548906450298,-0.000859656696533009,631.816558838,677.3231201169999,-1640.620727539,-1399.642211914,563.362300253651,490.9066953176188,6.7,11.109522713555556,-0.08157368335472222,-0.00628844415769,-0.14881103348219926,-0.7409015685615602,-0.017159935963197922,269,3.32262206078,17.232470540551876,1.8228733820247038
-1.6618963897185999,40.91449356075,0.956859260798,-0.007361975418236317,-0.0006991266645434818,631.7001037590001,676.841705322,-1640.690795898,-1399.640808106,522.3467820651761,455.91564001976883,6.725,11.109666824333335,-0.08179057803416667,-0.00626486120746,-0.14896807676281204,-0.7409017682987852,-0.017153782604660935,270,3.10932159424,16.956921656266918,1.8043766776552905
-1.6619634181220002,40.91241264345,0.9571428894984999,-0.007377501855446179,-0.0005476061273262901,631.570983887,676.274871826,-1640.770141601,-1399.7912597650002,481.3295121677261,420.9246198171188,6.75,11.109803517666666,-0.08196408549944444,-0.00617554364726,-0.14912370523904148,-0.7409019347455998,-0.017148507257042513,271,2.89579677582,16.683706829191674,1.8446646440288728
-1.6621034622192001,40.910560607899995,0.95762002468,-0.007389362805131746,-0.00040577573190171034,631.4332580570001,675.6445617669999,-1640.8560180660002,-1400.075195313,440.31025862770105,385.9298383229938,6.775,11.109930674222221,-0.08209679689666667,-0.00602885009721,-0.1492763709485289,-0.7409021344828248,-0.01714410992036011,272,2.68205070496,16.42524596602644,1.9419656788712572
-1.6623067378960001,40.9089374542,0.9582667648815,-0.007397806898311236,-0.0002741231176305723,631.290679931,674.971557617,-1640.945922852,-1400.474731446,399.288858176051,350.9279584401688,6.8,11.110047234416667,-0.08219147721916666,-0.00583292543888,-0.14942472566596599,-0.7409022343523101,-0.017140570828934467,273,2.46808862686,16.193324359853282,2.091905072804761
-1.6625643372562002,40.90753173825,0.959059536458,-0.007403092648912305,-0.00015295928463804107,631.1467590330001,674.274932861,-1641.037536621,-1400.972473144,358.265210104751,315.91609015401883,6.825,11.11015213861111,-0.0822509908013889,-0.005595613271,-0.14956765419263224,-0.7409023342209224,-0.01713785981417352,274,2.25391745567,15.998550319998163,2.287691607346595
-1.6628673523644002,40.906339645399996,0.9599760174755,-0.0074054848125439865,-4.24358643860468e-05,631.00466919,673.571990967,-1641.12866211,-1401.552062989,317.23927168922603,280.89177832541884,6.85,11.110246446388889,-0.08227826820472223,-0.0053243720904,-0.14970420777766924,-0.7409024673790724,-0.01713593318357458,275,2.03954553604,15.849862791514884,2.5204168993368605
-1.6632076054832001,40.9053535461,0.9609946608535,-0.007405250225509579,5.74367807899113e-05,630.867156982,672.8778991700001,-1641.2176513670001,-1402.1978149420002,276.21105513647603,245.85297675069384,6.875,11.110329098166666,-0.082276273105,-0.00502620125189,-0.1498336374065707,-0.7409025006686099,-0.01713474412375937,276,1.82498300076,15.754112376737497,2.7794546829052513
-1.6635773569352001,40.90456199645,0.9620952606195,-0.0074026531232925475,0.0001467715312741297,630.736572266,672.2056579590001,-1641.302978516,-1402.895263672,235.18061385230104,210.79803137714384,6.9,11.110400093916667,-0.08224794434166667,-0.00470758834854,-0.14995534386836007,-0.7409025672476849,-0.01713423437808093,277,1.61024022102,15.715736230152134,3.0529424853282427
-1.6639693051618,40.903951644900005,0.9632590115095001,-0.007397955140678688,0.00022579269304549924,630.614776612,671.5662231450001,-1641.383361816,-1403.63092041,194.14803938940105,175.72564978534385,6.925,11.110460493305556,-0.08219619592027777,-0.00437451992184,-0.15006889439939902,-0.7409026005372223,-0.017134348810785318,278,1.39532864094,15.736542885651915,3.3283238876527816
-1.6643768787338,40.90351486205,0.9644685089575,-0.007391409590060699,0.00029481580127805273,630.5033569330001,670.968261719,-1641.457641601,-1404.392395019,153.11345534400104,140.63487677509386,6.95,11.110511355916666,-0.08212383422583333,-0.00403241207823,-0.15017398939385015,-0.7409026338267598,-0.017135023963725533,279,1.18026030064,15.815617986075358,3.5929263151952715
-1.6647940903902,40.9032344818,0.96570792794,-0.007383262501759135,0.0003542177199223899,630.403381347,670.418579101,-1641.5251464839998,-1405.168762207,112.07701430397603,105.52506689961885,6.975,11.110551622166668,-0.08203360769472222,-0.00368600478396,-0.15027047904905655,-0.7409026338267598,-0.017136200539985998,280,0.965047419071,15.94935643724205,3.8345474709604104
-1.6652156829798002,40.9031009674,0.9669626653175001,-0.007373747942647927,0.0004044279942401192,630.315582276,669.9220581049999,-1641.585449219,-1405.9506225589998,71.03888564187602,70.39584784444384,7.0,11.110583411333334,-0.08192812403055555,-0.00333943893202,-0.15035829678611778,-0.7409026338267598,-0.017137814041098744,281,0.749702394009,16.131620332593922,4.042022856618674
-1.6656372755792002,40.903099060049996,0.968219578264,-0.00736309061693931,0.00044591735875530524,630.24041748,669.481658936,-1641.638061523,-1406.7293090819999,29.999249411401017,35.24708228046884,7.025,11.11060672336111,-0.08180988331638889,-0.00299637159333,-0.15043747589422232,-0.7409026005372223,-0.01713980412982725,282,0.534237623215,16.35401595610678,4.205747438715316
-1.6660547792952003,40.9032173157,0.9694670140720001,-0.0073515022251652105,0.00047918249041417057,630.178039551,669.098937988,-1641.683288574,-1407.497558594,-11.04170212667399,0.07884955341884137,7.05,11.110623677583332,-0.08168124490305556,-0.0026599986013,-0.15050816617637613,-0.7409026005372223,-0.0171421115092385,283,0.318665504456,16.606277475075157,4.3181265478772595
-1.6664646893734,40.90344047545,0.9706943929180001,-0.0073391809439294995,0.0005047583621005904,630.128295898,668.773895263,-1641.721191406,-1408.2488403329999,-52.08378434102399,-35.10858941143116,7.075,11.110634273944445,-0.08154441912972223,-0.00233299494721,-0.1505705673696295,-0.7409025672476849,-0.017144678962989025,284,0.102998033166,16.876739715548315,4.37393433725218
-1.6668637931386001,40.903760910049996,0.9718925952895,-0.007326312986476688,0.0005232059216273557,630.090667725,668.5054321289999,-1641.751831055,-1408.9776611329999,-93.126814126174,-70.31481041975616,7.1,11.110639572138888,-0.08140147560166666,-0.00201752665453,-0.15062492914542644,-0.7409025339581474,-0.01714745031498649,285,-0.11275306344,17.152878036377764,4.370562442735741
-1.6672123700344,40.904132843,0.9730604887015,-0.007313024748905435,0.0005387375603285416,630.06414795,668.28982544,-1641.775390626,-1409.6115722660002,-134.170609902549,-105.53925194808116,7.125,11.110640631777777,-0.08125383820805557,-0.00174381083343,-0.15067190064913702,-0.7409020013255475,-0.01715037146981539,286,-0.328576624393,17.421890030315133,4.3081467158412705
-1.667543277148,40.90460777285,0.974169462919,-0.007299414019168842,0.0005492069498175707,630.0484313960001,668.125,-1641.791992187,-1410.2117919930001,-175.21499466819898,-140.77954125473116,7.15,11.1106385125,-0.08110259142194444,-0.00148591946345,-0.15071224753977444,-0.74090196803601,-0.01715337792900774,287,-0.544462680817,17.671291607341438,4.189565548495829
-1.667832565308,40.90514564515,0.9752758443380001,-0.007285575464326962,0.0005573208786523088,630.042053222,668.0017700190001,-1641.802185059,-1410.73449707,-216.25979447287398,-176.03483605455617,7.175,11.110633214305556,-0.08094879488138888,-0.00126266642474,-0.15074655238345935,-0.74090196803601,-0.01715640623445143,288,-0.760402023792,17.889499285110357,4.020309693268472
-1.6681076884304002,40.9057350159,0.9763508737075001,-0.007271582425331534,0.0005613587926254869,630.044128418,667.918151856,-1641.8065795900002,-1411.2296752930001,-257.304849099349,-211.30319848130617,7.2,11.110626856472221,-0.08079325987222223,-0.00105235225055,-0.15077546432608543,-0.7409019347464727,-0.01715939812949949,289,-0.976386666298,18.06637120216783,3.808229539848962
-1.6683714211010001,40.9063682556,0.977387815713,-0.00725754153265433,0.0005612633453474068,630.053771972,667.869812012,-1641.805969238,-1411.7033691410002,-298.350013589099,-246.58394036363117,7.225,11.110618379388889,-0.08063718676555556,-0.000852489261888,-0.15079926632828508,-0.7409019014569351,-0.017162312002238788,290,-1.19240891933,18.19368137391143,3.5631716716976802
-1.6686227411014,40.9070358276,0.978381663559,-0.00724355161455195,0.0005574388223587638,630.069946289,667.852874756,-1641.800964355,-1412.153259278,-339.395162820049,-281.87652459215616,7.25,11.11060884263889,-0.08048167659166666,-0.000663978105877,-0.15081819141682065,-0.7409018681673976,-0.017165121845238884,291,-1.40846180916,18.2655048625268,3.2965216536417863
-1.6688606262230001,40.9077301025,0.9793286621565,-0.0072297005761378765,0.0005502604458902826,630.091705323,667.863769531,-1641.792480469,-1412.577697754,-380.440186928924,-317.18035607410616,7.275,11.11059930588889,-0.08032770620444446,-0.000487274141051,-0.15083257248671797,-0.7409018348778601,-0.017167817255552047,292,-1.62453830242,18.278495744795357,3.0206743408483088
-1.6690846383568,40.90844154355,0.9802261888975,-0.00721606852031042,0.0005400764554627369,630.118255615,667.89907837,-1641.780761719,-1412.975952149,-421.484998940649,-352.49479851795616,7.3,11.11058976913889,-0.08017616967361112,-0.000322514359141,-0.15084267585410244,-0.7409018015883226,-0.017170395112250308,293,-1.84063243866,18.2320445763607,2.7484566005330544
-1.6692943394232,40.90916633605,0.9810725152475,-0.007202725667128268,0.0005272109361982388,630.1487121580001,667.955566407,-1641.766357422,-1413.34765625,-462.52951798362403,-387.81919732168114,7.325,11.110581292055555,-0.08002785344916667,-0.000169631704921,-0.1508488011246369,-0.7409018015883226,-0.017172854375082536,294,-2.05673789978,18.128308006557155,2.4925294649581202
-1.6694898754324001,40.909896850600006,0.9818664789215,-0.007189734954595418,0.0005119671022470735,630.182373047,668.030029297,-1641.749816894,-1413.6931152339998,-503.57367691917403,-423.15288872793116,7.35,11.110573874583332,-0.07988346119722223,-2.84393445327e-05,-0.15085126454866565,-0.7409017682987852,-0.017175199205192917,295,-2.27284955978,17.97210906149901,2.264797854398306
-1.6696713924436002,40.9106025696,0.9826073944545,-0.007177153078877409,0.0004946248586028776,630.218139648,668.1194152830001,-1641.7315673829999,-1414.012329102,-544.617422341524,-458.49521660878116,7.375,11.110566457111112,-0.07974360552111111,0.000101366487797,-0.1508503324421396,-0.7409012356661853,-0.017177428562312854,296,-2.48896241188,17.7707127381485,2.075855564946023
-1.6698387443976002,40.91133117675,0.983294904232,-0.007165028933994428,0.000475461314459992,630.256072998,668.220703125,-1641.711914063,-1414.306030274,-585.660711526099,-493.84552483633115,7.4,11.110561158916665,-0.07960884935333334,0.000219964582357,-0.15084630441107064,-0.7409012356661853,-0.01717954556731795,297,-2.70507144928,17.5334876002474,1.9344913943768858
-1.6699925154430002,40.912054061899994,0.983928948639,-0.007153403611664222,0.0004547291320236089,630.295166016,668.330902099,-1641.69128418,-1414.574584961,-626.703509377674,-529.2031755931812,7.425,11.110556920361113,-0.07947965628583334,0.000327761023073,-0.15083944677123506,-0.7409012356661853,-0.01718154813961865,298,-2.92117261887,17.271469088842785,1.8472797153155303
-1.6701328515998,40.9127635956,0.984509706499,-0.007142314562585923,0.0004326694001944712,630.334838867,668.447265625,-1641.66998291,-1414.818786621,-667.745791482174,-564.5675402172062,7.45,11.110554801083332,-0.07935642368250001,0.000425102654845,-0.15083000919407674,-0.7409012356661853,-0.01718343731951846,299,-3.13726210594,16.99684513342781,1.818274602468333
-1.6702598988978001,40.913461685200005,0.985037565229,-0.007131790915083014,0.00040950916385983836,630.374511719,668.567260742,-1641.6484375,-1415.039306641,-708.7875410549241,-599.9380098827312,7.475,11.110554801083332,-0.07923949923777777,0.000512362923473,-0.15081827464057707,-0.7409012023766478,-0.017185212066713876,300,-3.35333633423,16.72238823443227,1.8488216032127809
-1.6703743875056,40.91413879395,0.9855132401005,-0.007121858676603388,0.0003854621716030106,630.4136657720001,668.688415527,-1641.6270141599998,-1415.2368774410002,-749.828751992424,-635.3139925487562,7.5,11.110555860722222,-0.07912913958222222,0.00058993633138,-0.15080449278200547,-0.7409012023766478,-0.0171868734215084,301,-3.56939220428,16.46086059204229,1.9374959739282702
-1.6704764634334,40.91479492185,0.9859374761590001,-0.0071125360523448585,0.00036072894072906067,630.451873779,668.8085632330001,-1641.605957031,-1415.4123535160002,-790.869427346424,-670.6949144847813,7.525,11.11055903963889,-0.07902558479055556,0.000658233067952,-0.15078886335523772,-0.7409012356661854,-0.017188420343581076,302,-3.78542685509,16.224420047401765,2.0801701119550184
-1.6705665648,40.9154262543,0.9863113760935001,-0.007103839166915694,0.0003354972449028452,630.4887084960001,668.925720215,-1641.585571289,-1415.566650391,-831.909576272199,-706.0802233226813,7.55,11.110563278194444,-0.07892898387388889,0.000717673217878,-0.1507716526767483,-0.7409012023766478,-0.01718985387327031,303,-4.00143814087,16.02405466323765,2.270206905259688
-1.6706436693674,40.91603469845,0.9866075813790001,-0.007095776342674084,0.00031008200162009153,630.5237121580001,669.039093018,-1641.566101075,-1415.697998047,-872.9492155544241,-741.4693895824563,7.575,11.110569636027778,-0.07883944445194443,0.000767114921473,-0.15075306048341308,-0.7409012023766478,-0.017191174010541203,304,-4.21742343903,15.869072179349452,2.498769747690057
-1.6707082152348,40.9166126251,0.9868857860565,-0.007088347579654937,0.0002847180579989356,630.556640625,669.145385742,-1641.5477294920001,-1415.80682373,-913.9883680812991,-776.8618395336313,7.6,11.110578113138889,-0.07875695824611112,0.000807821168564,-0.1507333697360389,-0.7409012023766478,-0.01719238387630425,305,-4.43338155746,15.76666821281908,2.7552347234427517
-1.6707642912856002,40.9171619415,0.987118422984,-0.0070815549584303476,0.00025919730581393165,630.587219238,669.244049072,-1641.530639648,-1415.900817871,-955.0270613185991,-812.2570101268813,7.625,11.1105887095,-0.07868155837055556,0.000842472363729,-0.15071273023763168,-0.7409012356661854,-0.017193482430255955,306,-4.64931058884,15.721593114810164,3.0276855448535995
-1.670811167361,40.91768074035,0.9873066544510001,-0.007075400039446838,0.00023373320106836537,630.615264893,669.334197998,-1641.514953613,-1415.978759766,-996.065327309799,-847.6545305736563,7.65,11.11059930588889,-0.078613244825,0.000870634510648,-0.15069130843570439,-0.7409012356661854,-0.017194472793289364,307,-4.86520957947,15.73593281419099,3.3034680117571686
-1.6708486974214003,40.91816711425,0.987451970577,-0.007069879181668339,0.00020849020826346317,630.6405944830001,669.4150695799999,-1641.5007934569999,-1416.040649414,-1037.103201150124,-883.0539995678063,7.675,11.110612021555555,-0.07855199277388888,0.000892329670023,-0.15066925413291385,-0.7409012356661854,-0.01719535808628007,308,-5.08107757568,15.80901379495404,3.5697783023577756
-1.6708774656056002,40.918592453,0.987556219102,-0.007064985103022703,0.00018359043229350272,630.662719727,669.486145019,-1641.48828125,-1416.086914063,-1078.140720986549,-918.4550158031562,7.7,11.110625796861111,-0.07849771115527777,0.000907825306058,-0.15064675042162906,-0.7409007363239958,-0.01719614351074558,309,-5.29691362381,15.937436245322223,3.814257565041048
-1.6708974719038001,40.9190120697,0.9876213073744999,-0.007060707920670309,0.00015918686188286287,630.6823730460001,669.547149659,-1641.477416992,-1416.118225098,-1119.177928017799,-953.8571886547312,7.725,11.110640631777777,-0.07845028407055556,0.000917291501537,-0.15062393045999994,-0.7409007363239958,-0.017196832187561486,310,-5.51271677017,16.115233781644644,4.02556523143995
-1.6709094464748002,40.919399261449996,0.9876493513605,-0.007057033070449415,0.0001353502047364467,630.699005127,669.597686768,-1641.4682006839998,-1416.135375977,-1160.2148634425992,-989.2601442821812,7.75,11.110655466722221,-0.07840957078666666,0.000921171740629,-0.1506009274061764,-0.7409007363239958,-0.01719742827792434,311,-5.72848749161,16.334152257409567,4.19390434450323
-1.6709136813880001,40.91975402835,0.987642437219,-0.007053946508358753,0.00011217342117166783,630.712677002,669.637207031,-1641.460754394,-1416.1395263670001,-1201.2515684596992,-1024.663528681606,7.775,11.110672420916666,-0.07837538917861112,0.000919925048947,-0.15057790770749688,-0.7409007363239958,-0.017197935942995787,312,-5.94422531128,16.584034299972405,4.311474758628474
-1.6709109067924,40.9200725555,0.9876025319085,-0.007051430029183056,8.973030727832439e-05,630.7232360840001,669.665496826,-1641.45501709,-1416.131530762,-1242.2880873195493,-1060.067016840781,7.8,11.1106883155,-0.07834754056388887,0.000913960684557,-0.1505549712325738,-0.7409007363239958,-0.017198359344007277,313,-6.15992975235,16.85329151803067,4.372833387846858
-1.6709014147476002,40.92036056515,0.987531900407,-0.007049464387438462,6.809028664649237e-05,630.730804443,669.6828918460001,-1641.451049805,-1416.1121215819999,-1283.3244627467993,-1095.470305109831,7.825,11.110705269694444,-0.07832581798222221,0.000903597450815,-0.15053225113955712,-0.7409007363239958,-0.017198700561513455,314,-6.37560176849,17.129442700534042,4.375144555939442
-1.6708856433626,40.92061424255,0.987432569264,-0.0070480287771596765,4.731999113112589e-05,630.73550415,669.689971924,-1641.448669433,-1416.08203125,-1324.3607389919243,-1130.873108149381,7.85,11.110722223916666,-0.07830998963777777,0.000889103510417,-0.15050983065202878,-0.7409007696135332,-0.017198962716442275,315,-6.59124135971,17.399692726370517,4.3183094008249565
-1.6708641767468,40.92083740235,0.9873068034670001,-0.007047100831969788,2.7482559870059265e-05,630.73751831,669.6877441409999,-1641.447998047,-1416.0421142569999,-1365.3969557277494,-1166.275158930631,7.875,11.11073917813889,-0.07829979889916666,0.000870728748851,-0.15048782628363175,-0.7409007696135332,-0.01719915205054493,316,-6.80684947968,17.651525266693636,4.204968454901314
-1.6708371609496002,40.921028137250005,0.9871567785719999,-0.007046656104884887,8.636107284080491e-06,630.737121582,669.6771850580001,-1641.4486694329998,-1415.9926757819999,-1406.4331556789243,-1201.676211787056,7.9,11.110756132333332,-0.07829497257861111,0.000848720606882,-0.15046632125777346,-0.7409007696135332,-0.01719926960414237,317,-7.02242612839,17.873282074640265,4.04037743362225
-1.6708050340408003,40.92118644715,0.98698461056,-0.007046669108600106,-9.167977565608676e-06,630.73449707,669.659423828,-1641.450683594,-1415.934631348,-1447.4693724147494,-1237.076028681606,7.925,11.110773086555556,-0.07829523748833334,0.000823335489258,-0.1504454154432409,-0.7409007696135332,-0.017199319538413697,318,-7.23797225952,18.05470192565272,3.8321621498700082
-1.6707682341294,40.92131614685,0.986792743204,-0.007047113835685007,-2.588554096678896e-05,630.7299194340001,669.6356201169999,-1641.453735352,-1415.8685913079998,-1488.5056395045995,-1272.474394465306,7.95,11.11078898111111,-0.07830029560472222,0.000794838182628,-0.15042517541893446,-0.7409007696135332,-0.017199306014538,319,-7.45348930359,18.18739425956752,3.5899639388758575
-1.6707273453444,40.921417236349996,0.986583292485,-0.00704796219813706,-4.147977427529977e-05,630.72366333,669.6067199710001,-1641.457763671,-1415.79522705,-1529.5419828883994,-1307.871109248006,7.975,11.110804875694445,-0.07830983234777777,0.000763499352615,-0.15040570105346668,-0.7409007696135332,-0.017199232153443243,320,-7.66897726059,18.265226095036326,3.324992450182472
-1.6706825137156003,40.921489715549995,0.9863585233709999,-0.00704918558775835,-5.592125455101663e-05,630.7159423830001,669.573822021,-1641.462524414,-1415.715270996,-1570.5784269801743,-1343.265989924256,8.0,11.110819710638888,-0.07832353313777778,0.000729594787117,-0.150387025636375,-0.7409007363239958,-0.017199102116273603,321,-7.88443851471,18.28460400116585,3.0495063154873234
-1.6706341773226001,40.9215373993,0.9861206114284999,-0.007050755396385867,-6.918808475508845e-05,630.707000732,669.537872314,-1641.468017579,-1415.629516602,-1611.6149900905243,-1378.658871699156,8.025,11.110834545555555,-0.07834107511583334,0.000693406735081,-0.15036923239124134,-0.7409007363239958,-0.017198919023957048,322,-8.09987354279,18.24463854538291,2.7762458268989385
-1.6705829203140001,40.92155838015,0.9858717024305,-0.007052641455392627,-8.126695233279512e-05,630.697052002,669.499694824,-1641.473999024,-1415.538574219,-1652.6516905299993,-1414.049609614206,8.05,11.110848320861113,-0.0783621354236111,0.000655231997371,-0.15035237125263373,-0.7409007363239958,-0.017198687037655213,323,-8.31528377533,18.14718389821488,2.5178439612983388
-1.6705291807694,40.9215564728,0.9856140613555,-0.007054814116312121,-9.215207875799013e-05,630.686279297,669.460021972,-1641.480407714,-1415.443237305,-1693.6885405055993,-1449.438073969681,8.075,11.11086209613889,-0.07838636636722222,0.000615362019744,-0.1503364755099152,-0.7409007363239958,-0.01719841031856465,324,-8.53067016602,17.99675052342034,2.286242757288431
-1.6704732507484001,40.9215297699,0.9853495955480001,-0.00705724425080341,-0.00010184433365388875,630.674957275,669.419586181,-1641.4871826170001,-1415.3442993170002,-1734.7255506984493,-1484.824154902306,8.1,11.110874811805555,-0.07841345336694444,0.000574067700654,-0.15032161174198605,-0.7409007696135332,-0.017198091987595858,325,-8.74603557587,17.800295266711306,2.0921422543231936
-1.67041571438,40.9214839935,0.9850803017595,-0.007059901170113936,-0.00011034937363713455,630.6631774909999,669.3788757320001,-1641.49420166,-1415.2424316410002,-1775.7627302638743,-1520.207762385231,8.125,11.110886467833334,-0.07844306528555556,0.000531630008481,-0.15030777994919547,-0.7409007696135332,-0.017197736205910485,326,-8.96137905121,17.566899023449555,1.9445068393042426
-1.6703570097732003,40.9214191437,0.9848082661635,-0.007062755745902763,-0.00011767851194118918,630.6510925289999,669.338409424,-1641.501342774,-1415.138427735,-1816.8000853053743,-1555.588823176256,8.15,11.110898123833332,-0.07847486270805556,0.00048834271729,-0.1502950300654133,-0.7409007696135332,-0.017197347134722527,327,-9.17670440674,17.307346410085938,1.8501523281277634
-1.6702974289680002,40.92133331295,0.984535127878,-0.007065778329703381,-0.0001238496936939266,630.6388549809999,669.298614502,-1641.508544922,-1415.0328369140002,-1857.8376188747243,-1590.967283869631,8.175,11.11090872022222,-0.07850853105388889,0.000444504752522,-0.15028336209098866,-0.7409007696135332,-0.017196927894907586,328,-9.39201164246,17.033627060165575,1.8134323846367402
-1.6702372640338001,40.921234130849996,0.9842627644545001,-0.007068941353656282,-0.00012888778850323257,630.6265563960001,669.259765625,-1641.515686035,-1414.926513672,-1898.8753324977743,-1626.343104792481,8.2,11.110919316611112,-0.07854373918638889,0.00040041244938,-0.15027280931510992,-0.7409007363239958,-0.01719648368796571,329,-9.60730361938,16.758381947990706,1.8360385438521445
-1.6701770991094,40.9211215973,0.983992844818,-0.0070722156894030734,-0.0001328243141261801,630.614257812,669.222137451,-1641.522766113,-1414.820190429,-1939.9132246486492,-1661.716267634281,8.225,11.11092885336111,-0.07858019736083333,0.000356353761163,-0.1502633384484141,-0.7409007363239958,-0.017196018675075992,330,-9.8225812912,16.49431977583195,1.916923264843406
-1.6701172262446,40.920991897600004,0.983726829292,-0.007075575329548227,-0.00013569688381191795,630.602081299,669.18585205,-1641.529724121,-1414.714355469,-1980.9512938014743,-1697.086772395006,8.25,11.110937330444445,-0.07861758271861112,0.000312604446663,-0.1502549827806133,-0.7409007363239958,-0.01719553493682798,331,-10.0378456116,16.253630580208696,2.052348951264337
-1.6700579374990001,40.92085266115,0.983466207982,-0.0070789932263228975,-0.00013754848297020805,630.590026855,669.151062012,-1641.536437988,-1414.609863281,-2021.9895369044993,-1732.454631281731,8.275,11.110945807555558,-0.07865562207166667,0.000269425858278,-0.1502477090218209,-0.7409007363239958,-0.01719503871502523,332,-10.2530994415,16.047423571893177,2.236061447197156
-1.6699998170114,40.9207019806,0.9832123219960001,-0.007082444932760627,-0.00013842677022116536,630.578216553,669.117889405,-1641.542907715,-1414.5070190430001,-2063.0279478541993,-1767.8198778637561,8.3,11.110953225027778,-0.07869403395388888,0.000227063777857,-0.15024150052753,-0.7409007363239958,-0.017194532090239835,333,-10.4683427811,15.885214893935261,2.45957913155218
-1.669942864772,40.92054367065,0.982966333629,-0.0070859070421810015,-0.00013838335406344589,630.566711425,669.086273193,-1641.549255371,-1414.406738281,-2104.066520547074,-1803.1825533398312,8.325,11.110960642499998,-0.07873255345555556,0.000185747383512,-0.15023634065288455,-0.7409007696135332,-0.01719401922366834,334,-10.6835784912,15.774489117987862,2.712584628183137
-1.66988751888,40.92037963865,0.9827293753620001,-0.007089356668029183,-0.00013747314268918413,630.5554809570001,669.056274414,-1641.555297851,-1414.309265137,-2145.105251931349,-1838.5427217968563,8.35,11.110968059972222,-0.07877093222416667,0.000145688536577,-0.15023219610852165,-0.7409007696135332,-0.01719350427648984,335,-10.8988075256,15.720354528178834,2.9834011447665802
-1.6698342174248002,40.92020797725,0.982502341272,-0.007092773004374783,-0.00013575377507053595,630.544616699,669.027801513,-1641.561157227,-1414.215148926,-2186.1441343776237,-1873.9004534252813,8.375,11.110974417805556,-0.0788089384636111,0.000107080726593,-0.15022903360472922,-0.7409007696135332,-0.017192988289042754,336,-11.114030838,15.725307723703889,3.2595310978967076
-1.6697828143864002,40.92003250125,0.9822860062125001,-0.007096136805699032,-0.00013328506830256708,630.534118653,669.000854492,-1641.566711425,-1414.12487793,-2227.183163308299,-1909.2558321484312,8.4,11.110979715972222,-0.07884635693500001,7.00982272974e-05,-0.1502268198519698,-0.7409007696135332,-0.017192476462757306,337,-11.3292512894,15.789119070389333,3.52823261423361
-1.6729001462488,39.14295196535,0.9845383465305,-0.007145259644238253,-0.0004052002524391703,610.863769531,670.64654541,-1642.256469727,-1414.332641601,-2268.222331093924,-1944.6089540966811,8.425,11.111429002555557,-0.0793953984975,0.00051620148588,-0.15020404982473415,-0.7117073974809823,-0.01717836066868184,338,-11.5444488525,15.908849443401277,3.7771100765311236
-1.6773405224072,37.33967781065,0.9858538806415,-0.0071599169130482235,-0.000777423990703006,591.083007813,675.583190918,-1645.381530762,-1414.887145997,-2309.278742837099,-1979.9672701367062,8.45,11.112147437194444,-0.07956340909,-0.00115227838978,-0.15021005858197467,-0.6802314299782062,-0.017135346455890873,339,-11.7596263885,16.078978064935757,3.9946878916534496
-1.6831132888766,35.53474235535,0.9854775369155,-0.007184754531265374,-0.0012007722620632313,572.969879151,679.675628662,-1650.702209472,-1415.547912598,-2350.413281106149,-2015.3394487866312,8.475,11.113385094527779,-0.07984831929194444,-0.00359165086411,-0.15026823200693415,-0.6487587914274336,-0.017072955665585213,340,-11.9748497009,16.29166673622924,4.170927422965075
-1.6893028289032002,33.72926712035,0.9837878048400001,-0.007219890572595265,-0.0015926358705978445,555.416687012,681.918334961,-1657.324645996,-1416.027770997,-2391.680836342949,-2050.728146601581,8.5,11.115120781805555,-0.08025134603194445,-0.00637846253812,-0.15039265156419618,-0.6173048116480241,-0.017002783451450627,341,-12.1902084351,16.53713075337959,4.297669310308472
-1.6953895628432003,31.923173904400002,0.981363356112,-0.007263768752303527,-0.0018956569193059047,538.012634277,682.241851807,-1664.262756348,-1416.4149169930001,-2433.113952492849,-2086.1288408765063,8.525,11.117328008027776,-0.08075512117805556,-0.00906305108219,-0.1505863133096912,-0.5858617341847241,-0.016934319405488844,342,-12.4058008194,16.80406421017872,4.368997688955936
-1.7011658340670002,30.11942863465,0.9787136018289999,-0.007314087412587078,-0.002109827996081257,520.674163819,680.6364440919999,-1670.837707519,-1416.986694336,-2474.720521401549,-2121.5392138013312,8.55,11.119985580444444,-0.08133399817666667,-0.0112811801955,-0.15084184361618885,-0.5544709379029608,-0.016873406877626243,343,-12.6217193604,17.080135300916748,4.3815146557373525
-1.7066179156264,28.318458557150002,0.9761748611925001,-0.007368616676200407,-0.0022414308061150805,503.39759826600005,676.970611572,-1676.741577148,-1418.024658204,-2516.491464089524,-2156.963881159731,8.575,11.123073365944444,-0.08196315003777778,-0.012817421928,-0.15114456180847802,-0.5231301258255199,-0.01682242190692115,344,-12.8380432129,17.352530054778516,4.334513041747823
-1.7117488741864,26.520531654350002,0.9738970100855,-0.0074256462943811654,-0.0023103062896591853,486.219543457,671.019836426,-1681.950134278,-1419.586181641,-2558.410003518224,-2192.414497614831,8.6,11.126571231416667,-0.08262349499583334,-0.0136575866491,-0.15147655812778207,-0.4918409790727357,-0.016781181401022097,345,-13.0548238754,17.608527278455455,4.230038298654574
-1.7166174143538,24.7273540497,0.9718849062895001,-0.007483758341905359,-0.002339487929322858,469.17489623999995,662.537567139,-1686.593322754,-1421.697937012,-2600.458756875174,-2227.904152155856,8.625,11.130450566611112,-0.08329915503666667,-0.0138546572998,-0.1518217537393626,-0.46062621773954465,-0.01674798447386334,346,-13.2720928192,17.836083490650672,4.072830120661022
-1.7213932245986001,22.9386301041,0.9701182246205,-0.007542378574661475,-0.002353128827668984,452.251876832,651.286193847,-1690.845886231,-1424.5460815430001,-2642.623589944024,-2263.446600581156,8.65,11.134680642027778,-0.08398356537027778,-0.0134083116427,-0.15216363704431923,-0.4294789508934322,-0.016720540390767466,347,-13.4898557663,18.024402820369303,3.8701388360765745
-1.7260910540776002,21.1551094055,0.968334823845,-0.00760154288290212,-0.00237995861520419,435.434829712,637.0824279779999,-1694.864624024,-1428.044006348,-2684.894737099799,-2299.060252619731,8.675,11.139225429972221,-0.08467693295749999,-0.012420328334,-0.1524871944718915,-0.3984155070442457,-0.01669664476175892,348,-13.7080993652,18.164463796485858,3.631418851962612
-1.7305764079142,19.375354766850002,0.9663820266745,-0.007661406270923865,-0.00241284527369829,418.660522461,619.78970337,-1698.759338379,-1431.8693847660002,-2727.266352700399,-2334.7613527784306,8.7,11.144044664166666,-0.08538072307916668,-0.0110759967938,-0.15278145712759286,-0.36740833911673104,-0.01667447498599542,349,-13.9267883301,18.24947489834808,3.367907635564036
-2.052560997011,17.4814872742,0.9613468349,-0.008014221540055239,-0.031094908681942382,519.0917663580001,587.2945251470001,-2278.001403805,-1438.100036621,-2769.735336159875,-2370.5580873975805,8.725,11.148557662972221,-0.08934892714027778,-0.244503855705,-0.1556283430433828,-0.3358988823636767,-0.016684779130751233,350,-14.1473608017,18.274983966254453,3.09211716601274
-2.0521302044362,15.64306735995,0.9604001939289999,-0.008642695828249156,-0.022192239957563958,452.882720948,555.41583252,-2287.302795407,-1442.089233399,-2826.6853712549996,-2406.5105883131055,8.75,11.151946385694446,-0.09638528029111111,-0.248031973839,-0.16181563191444276,-0.30475264749322645,-0.01682728113561768,351,-14.3747806549,18.23846325775483,2.817579867081114
-2.2098915547128004,13.7631111145,0.97412753105,-0.009241362477878523,-0.02912181008112507,456.760375977,531.111816406,-2574.574218752,-1447.011230469,-2883.8679411401745,-2442.5628191480805,8.775,11.155385971055555,-0.10309390723694443,-0.359731703997,-0.16900718218798286,-0.27364721724433577,-0.017113614645283153,352,-14.6113491058,18.139662524660025,2.5589121779082564
-2.3684135824398003,11.847435474400001,1.001545906065,-0.010075594568447888,-0.032432121396580575,435.61979675199996,501.777816772,-2860.651855471,-1458.2305297849998,-2948.2322966089746,-2478.7380999098054,8.8,11.158174938638888,-0.11242905424694444,-0.467835694551,-0.17985849836543427,-0.2427094995648815,-0.017564510704321867,353,-14.8608970642,17.981432421389066,2.3318580887214506
-2.3937446236648,9.963022232065,1.0517671406285,-0.010763247729044191,-0.022951521748469116,411.02053833,476.323501586,-2887.08758545,-1476.551269531,-3019.7485929957497,-2515.1938631544303,8.825,11.16112179225,-0.12013455231972221,-0.463250607252,-0.19150330339069202,-0.21214286841711752,-0.018180576846539905,354,-15.1270246506,17.770569117337324,2.1529615377761977
-2.4287169486272,8.10344147682,1.123290896415,-0.01122690407483026,-0.01446254597103084,391.28131103500004,447.334121704,-2923.2698364300004,-1503.169555664,-3091.925782632,-2552.1076448927056,8.85,11.1646408505,-0.12534961932222222,-0.457877874374,-0.2030152499652106,-0.1816144036957218,-0.018877255626534264,355,-15.4097576141,17.519259524300647,2.0381451423198493
-2.4710924804258005,6.264023303985001,1.2108969092350002,-0.01148964260141864,-0.00678732507208853,372.93255615199996,415.172805786,-2966.19207763,-1537.84967041,-3165.00752854275,-2589.686883784306,8.875,11.168704562722223,-0.1283300668,-0.451330751181,-0.21438773012408902,-0.15112423856041515,-0.019581613881068275,356,-15.708896637,17.245793272142816,2.0003743758106403
-2.5020850121974,4.4429080486300006,1.3105068206800001,-0.01155382270309891,0.0016785554550809558,351.95585632300003,381.050445556,-2989.53045655,-1572.891601563,-3239.1623304835,-2628.1331255445557,8.9,11.173300213277777,-0.12910007602638887,-0.436018764973,-0.22551220340496067,-0.12067109552504372,-0.0202480824275217,357,-16.0241851807,16.973946669355563,2.0470756800600687
-2.4958678722348,2.6398265361749997,1.420005977155,-0.011386514809088826,0.012813478133051143,340.162826538,344.855789185,-2947.2746582,-1605.804382324,-3313.9005918972503,-2667.455415583631,8.925,11.178474426277777,-0.12728936142388889,-0.393629044294,-0.2360387803784407,-0.09020343826171227,-0.02084849001464852,358,-16.3550548553,16.73118354606736,2.1775513880050914
-2.2876233279732,0.8772333860405,1.539816200735,-0.010775720893683427,0.039316417781621246,324.356445312,305.795883179,-2540.9854736400002,-1634.8041992180001,-3387.5824583522503,-2707.600525141731,8.95,11.184389326305554,-0.12052452398666667,-0.20940771699,-0.24402185541620264,-0.05955537055990097,-0.02134249183276738,359,-16.6996021271,16.545402790896976,2.3808908498383823
-1.8186317235268001,-0.685542061925,1.663531124595,-0.00923785979686597,0.08119375623448491,302.568504334,281.373710632,-1464.937896729,-1858.459411622,-3451.1070951932484,-2748.4706301221813,8.975,11.191068225444445,-0.103384455045,0.301457583904,-0.24408515542592102,-0.02993270206138675,-0.021596305648786403,360,-17.0508651733,16.439800157073627,2.635284878983952
-0.7564313024280601,-1.8429843783350002,1.7427135705949999,-0.006349518033643884,0.15792157441341764,256.510360717,236.8685073856,656.19900941849,-2041.716430663,-3487.7305426114735,-2794.9321154127315,9.0,11.197778913722223,-0.0711014618475,1.15045380592,-0.22622241853329678,-0.0031402186594698244,-0.021366945061118695,361,-17.3903846741,16.425929730961453,2.9108503821265295
0.3510365463794,-2.8475315570850004,1.8021924495700001,-0.0014613403383731305,0.21814395239436737,212.0076828007,202.1908264163,2719.016540523,-2081.2631225630003,-3471.3255673760113,-2845.9750261793065,9.025,11.202917099,-0.016371285956777778,1.92833948135,-0.18683618015801232,0.0258897395255143,-0.02022468822185086,362,-17.6886558533,16.49839915888866,3.1782070772207205
0.5706334240738601,-3.8268263339999997,1.751499950885,0.003727688475470225,0.1859768612986056,168.0996551514,168.0857162476,3280.2874755820003,-2239.362487793,-3403.350153862936,-2898.0066042433814,9.05,11.205244064333332,0.041769854724444444,2.19624042511,-0.1345730752148938,0.05668006580255171,-0.017899817249817304,363,-17.9196949005,16.637726413498374,3.41914157292187
0.5987729407846201,-4.891869068145,1.5342262983350001,0.0076491177590651644,0.13265986028786816,133.4320678711,133.0824661255,3363.032287596,-2264.730773925,-3321.342966973386,-2953.9906664382065,9.075,11.204932530722223,0.08570951720083334,2.22043991089,-0.07865682065781104,0.08701570101592968,-0.014730754380822894,364,-18.0723495483,16.820154639284333,3.630709156926232
0.67494630366548,-6.0751557350150005,1.22352153063,0.01035077505076247,0.08497799163022629,107.6897239685,99.05111694339999,3357.527832027,-2110.30462646,-3237.267159783486,-3010.608935786331,9.1,11.20238939922222,0.11595754987666668,2.13364577293,-0.024148219426076315,0.11736007472670229,-0.011189297327399447,365,-18.1456718445,17.02506130532734,3.82142684341321
0.7872929170727602,-7.361196279525,0.8456707298755,0.011923839808235937,0.04319147945399635,93.18107986449999,66.9556751251,3342.882934567,-1878.088928219,-3153.328963982811,-3063.366551447831,9.125,11.197962231111111,0.13352903227,2.01068329811,0.027734879477766133,0.14771785578896796,-0.0076058023801997224,366,-18.1426925659,17.236225796541415,4.005332762012984
0.97945517152546,-8.74073648453,0.434746727347,0.012583486084893543,0.012171691680445084,87.6877422333,40.5324105546136,3348.159423826,-1517.571166992,-3069.7568906186357,-3110.3187746533063,9.15,11.191868252222221,0.14084014627666666,1.83743870258,0.0759596460071945,0.17813370208550175,-0.004173315948889453,367,-18.0678901672,17.439630196679875,4.19731134211047
1.5641780316834002,-10.09462738038,0.0378738045695,0.013136822299784575,0.016950446094240654,108.9082088471,17.010375976600002,3928.04223633,-1002.2425842279999,-2986.0529050229857,-3148.2580538281063,9.175,11.18329683938889,0.14692142605777778,1.8290336132,0.1236584673494539,0.20815298705076307,-0.0009100955761810315,368,-17.9248466492,17.620378874209038,4.409835412721715
1.916700264815,-11.53168916705,-0.3222746029495,0.013398533012640417,0.006560788891565209,120.99512863160001,5.6695251465,3932.1542968700005,-341.4762802122,-2887.8518491147356,-3173.3141184338065,9.2,11.172885894777776,0.14970925119194442,1.52265059948,0.16567811431193716,0.2387355305869743,0.0023035836284217718,369,-17.7167015076,17.7606083760129,4.649831171243507
2.3036908686204,-13.0328001976,-0.6191325187685,0.01355723452708484,0.007513732428035174,143.8106536865,2.173923492500002,3938.5079345699996,379.8975296017,-2789.5479916929858,-3181.8510254391103,9.225,11.161204444027778,0.15132433838305553,1.18716490269,0.19955027764984712,0.26937069652095413,0.005499266925080525,370,-17.4540805817,17.840612844097464,4.914811830776744
2.9420095086102003,-14.481387138399999,-0.8405070006844999,0.014319170116442383,0.0345810364831078,193.1634025574,2.7813911437999934,4510.56079102,1017.573760986,-2691.0852933287356,-3172.353587199068,9.25,11.146809260055555,0.15962397058805555,1.12379443645,0.23024818599575592,0.29959340538303736,0.008767012916131233,371,-17.1458454132,17.842642256570436,5.190359880875423
3.1953698635124,-16.00205898285,-1.0178091228019999,0.01516316227628303,0.032591642665296586,232.6921081547,16.385520935,4524.54577637,1490.676208495,-2578.3212735532356,-3146.914243174418,9.275,11.130923165222221,0.16879291998027776,0.90341091156,0.25544173984155727,0.33041631585145614,0.012197913414205718,372,-16.7971515656,17.755880785749785,5.450534231296498
3.3714769899832002,-17.5770330429,-1.17687958479,0.015925432841378102,0.028367856692810726,282.23844146700003,39.6161956787,4533.8717041,1824.524780277,-2465.2076291439857,-3109.647337962043,9.3,11.114213731555557,0.1770136257013889,0.74473553896,0.27596126288306777,0.36128450005856994,0.015693917797971264,373,-16.415813446,17.582571576768913,5.661516775824257
3.4953197777316003,-19.199991226199998,-1.32890278101,0.01656344821625669,0.022859659335657395,339.960021973,72.09311532978,4541.61706543,2061.900146484,-2351.8608365414857,-3064.0342184551178,9.325,11.096922556555556,0.18382009532722224,0.630885124207,0.2931058118087999,0.39222244244305676,0.01911588526306584,374,-16.0075397491,17.342369366023018,5.788907234341843
3.5929697930854005,-20.8624334335,-1.47766286135,0.017068517757293174,0.01755395792861765,405.249420166,113.7838439941,4551.8503418,2246.419921872,-2238.3204099057357,-3012.486714793017,9.35,11.079247792555556,0.18912471003,0.543616950512,0.307723936321946,0.4232223532557624,0.022332403374106122,375,-15.5765171051,17.07217168695894,5.807152409176208
3.6742628335924006,-22.55793857575,-1.62389928102,0.017443869506999093,0.012724371467754195,477.49491882300003,164.151805878,4561.38110351,2398.896484374,-2124.5241513607357,-2956.326216746217,9.375,11.061370637694445,0.19297268655555555,0.473205983639,0.3204167618141613,0.454299462450052,0.02524277031172542,376,-15.1259279251,16.821010844068763,5.7086331377213275
3.7338080048556,-24.279652595549997,-1.76643925905,0.017695486215149617,0.007519602305552473,555.720336914,222.3529739382,4564.81591797,2514.323303225,-2010.4896237729856,-2896.353804636867,9.4,11.043472290027779,0.19544000426916666,0.420039653778,0.33156615229682573,0.4854577314800139,0.027782618720922345,377,-14.658290863,16.640229133552197,5.509673405364406
3.7800135016434004,-26.02282905575,-1.9043366313,0.017819200450826984,0.0023713069827067767,638.741821289,287.259262085,4558.14135742,2611.677337646,-1896.3692258237356,-2833.4957220562424,9.425,11.02573394775,0.19649055269027776,0.374254405499,0.34147297839333424,0.5167069308157379,0.02992239583595412,378,-14.1756000519,16.570780932393983,5.250923326472089
3.9085751473874004,-27.7815990448,-2.0268357992199997,0.01785781628656223,0.006154212618391702,724.396270752,394.18360900799996,4538.74841309,2868.8121337879998,-1782.4156918882356,-2768.2037886150924,9.45,11.008498933583333,0.19660863611444446,0.251207053661,0.349854079502018,0.548019313649108,0.0316664563414436,379,-13.6795949936,16.63093489093852,4.99074437654978
4.004040825365,-29.5454330444,-2.083376049995,0.018158437239385938,0.011157799205734344,807.670166015,470.453048706,4505.79724121,3077.123107912,-1668.9469815609857,-2696.483485270392,9.475,10.992145538333332,0.19962211449944445,0.153333172202,0.3541335130586209,0.5793974765605577,0.03310101175509728,380,-13.1748228073,16.808099264809247,4.791888535844758
3.9913290858308,-31.31972026825,-2.1377643346750004,0.018384473036787786,0.006970844439088313,894.622406006,560.974258423,4460.79064942,3093.628051758,-1556.3020505307356,-2619.5554075725922,9.5,10.976446999444445,0.2018189430236111,0.133482441306,0.3577201918357737,0.6108425014604917,0.0342988745656439,381,-12.6646175385,17.059059773498397,4.704449592869336
4.0487348973764,-33.1024942398,-2.1888604164150003,0.018513261842747136,0.007852593669316775,981.776245117,711.326080323,4409.68835449,3241.144042965,-1444.7822842952357,-2542.214706278642,9.525,10.961731804749999,0.20296058721000002,0.0439427569509,0.3607426133556774,0.6423044207880472,0.03527312755206596,382,-12.149728775,17.32012432657948,4.751273332343453
4.095748531819001,-34.8850097656,-2.189128637315,0.01884777360090593,0.014371924632860295,1065.1004028319999,774.595245361,4358.85705567,3369.8737793,-1334.5400754329858,-2461.186105204517,9.55,10.948419570916665,0.2063777877225,-0.0175670497119,0.3607780666877948,0.6737910076454279,0.03607658660823411,383,-11.6326274872,17.523729278080925,4.9205907205551425
4.0688828468344,-36.66824626925,-2.184579253195,0.019186912601633962,0.012860756524479286,1149.1545410160002,876.293060303,4310.85644531,3358.12683105,-1225.5686490412359,-2376.939260722017,9.575,10.936009089138889,0.20985399683305556,-0.0250231008977,0.3602469657871944,0.7052652108044624,0.03677396446799212,384,-11.116153717,17.61690024314782,5.168159672444125
4.045730155705,-38.45355606075,-2.179370880125,0.01949433709886029,0.011818936228424658,1232.04296875,976.91482544,4267.93713379,3347.9171142600003,-1117.7972379084858,-2292.986089945767,9.6,10.924641291305555,0.21299562520444443,-0.0314997471869,0.35953959691213183,0.7367331555339398,0.03736847356935136,385,-10.6006278992,17.575740054592348,5.429203753594584
4.0341025531268,-38.41734313965,-2.1742939949049997,0.019832046730956,0.011861684125107708,1266.2974243160002,1078.799865722,4224.45703125,3338.1706543,-1011.0988095637359,-2209.288162089267,9.625,10.914999643972223,0.21649516291083334,-0.035506952554,0.3586307599010548,0.7384148751836044,0.037849090922392394,386,-10.0863237381,17.411423047975273,5.635908088655522
4.0294523298722,-38.41184043885,-2.16615176201,0.020135014594514545,0.012394707494901057,1306.539367676,1182.55255127,4190.74926757,3328.45397949,-905.487383782486,-2125.8338957317674,9.65,10.90728441875,0.21964801682361113,-0.0287491548806,0.3578206928770185,0.738360613276769,0.03821123921876494,387,-9.57331085205,17.166859256788225,5.735052806602833
4.027966606615,-38.4023571014,-2.154512882235,0.020452024390949074,0.012920423816469254,1346.874084473,1280.151123047,4166.85046387,3317.11071777,-800.718652093236,-2042.6225462445173,9.675,10.9016365475,0.22299165527027778,-0.0185698587447,0.3572249104513303,0.7383306194244363,0.038480226811236404,388,-9.06133460999,16.90523497314088,5.701465435764998
4.0267197906978005,-38.38811302185,-2.1407452821749997,0.020778582036014848,0.013126773027867984,1384.651062012,1370.768066406,4149.11242676,3303.19091797,-696.547390496486,-1959.6947783002672,9.7,10.897876951416666,0.2264750169383333,-0.00633228570223,0.35691175599645636,0.7383050197884341,0.03868519866902078,389,-8.55002593994,16.693684523628292,5.544065746763895
4.0242594540106005,-38.37032032015,-2.12684106827,0.021104428117849502,0.01285219279709535,1419.347900391,1455.072875976,4134.08447266,3286.9039917,-592.819579827486,-1877.1150053510173,9.725,10.895848804055555,0.22998478677527778,0.0066107371822,0.3569150849484598,0.738285112658979,0.03885086393355972,390,-8.03894805908,16.586289302115045,5.303311192100775
4.0202903211128,-38.3505039215,-2.114642500875,0.021416700400416402,0.012068056223043825,1450.9155273430001,1533.557861328,4119.47888183,3269.44128418,-489.467468010986,-1794.9424055585173,9.75,10.895432366277777,0.2333798838986111,0.0190283022821,0.3572386590207135,0.7382702322461938,0.03899386320051497,391,-7.52764034271,16.610490343392495,5.0408379258988285
4.0155045807338,-38.330171585049996,-2.1053643226650003,0.021703893195589782,0.010869560911703817,1479.5379028319999,1606.546875,4104.23730468,3252.780029301,-386.480495965236,-1713.2063734540172,9.775,10.896523793527777,0.23653411202972224,0.0298606399447,0.35785374936418207,0.7382603452614138,0.03912298906271413,392,-7.01566314697,16.760163712487017,4.8238833977167275
4.0105181932438,-38.31036281585,-2.09958410263,0.021956926788695708,0.009360903040712408,1505.4405517579999,1673.940917969,4088.27258301,3238.0171508800004,-283.874563348236,-1631.8868727214922,9.8,10.899027718444446,0.23934761683138892,0.0387424640357,0.3587155150024125,0.7382527885416401,0.039241570471462546,393,-6.50262784958,16.997035139055356,4.708261603254248
4.005951207876801,-38.29193782805,-2.09743177891,0.022169476171974793,0.0076527577593195,1528.764892578,1735.288635254,4072.10131835,3225.862121579,-181.667748772986,-1550.936443949492,9.825,10.902841356055555,0.24174988269805558,0.0456279367208,0.35977422140479504,0.7382480614299348,0.03935003602918449,394,-5.9882144928,17.260178076946534,4.724035873631477
4.002309769388,-38.27518463135,-2.098732829095,0.022337869096060885,0.005845960044587949,1549.552001953,1790.034057617,4056.4786377,3216.68139648,-79.86521581423601,-1470.289890910017,9.85,10.907848146222221,0.2436986068883333,0.0506471842527,0.36098136574749845,0.7382421358974981,0.03944793632756021,395,-5.47217035294,17.481402057558018,4.867495739714825
3.9999536991148004,-38.260520935049996,-2.103103756905,0.02246074485200365,0.004024163583451284,1567.786193848,1837.664367676,4042.12768555,3210.6271972659997,21.54675012826398,-1389.872855998017,9.875,10.913914574527778,0.24517589145250002,0.0539678297937,0.36229243995293536,0.7382373089180528,0.03953517149797723,396,-4.95430994034,17.60281246918221,5.101629832114028
3.9989671111138003,-38.24795150755,-2.110099434855,0.02253857365436739,0.0022426757819161984,1583.400024414,1877.7742309569999,4029.60119629,3207.489135745,122.59994226701399,-1309.607176066367,9.9,10.920897589777779,0.24618312716472224,0.055832080543,0.3636671637069252,0.7382310171989583,0.03961242397551774,397,-4.43450784683,17.592113017919054,5.365245577546293
3.9992168247668003,-38.237683296200004,-2.119486808775,0.022572493588025964,0.0005258501623094361,1596.3250122069999,1910.18951416,4019.23583984,3206.81329346,223.339972174264,-1229.419947672742,9.925,10.92864036561111,0.24672857589194447,0.0564945377409,0.36507434473814915,0.7382254245610236,0.03968108775866954,398,-3.91268992424,17.45158887829507,5.5886693551041295
4.001097416876,-38.2296104431,-2.13082754612,0.02256522399062211,-0.0010491545870874245,1606.485107422,1934.849182129,4011.18566894,3209.2482910179997,323.820868170264,-1149.249615336242,9.95,10.936987135138887,0.24683743715277778,0.0556912459433,0.36647972813434876,0.7382179344203248,0.039742943836204726,399,-3.38882827759,17.218161190026176,5.712128021908593
4.0045163035388,-38.22387599945,-2.143540501595,0.022520763764552258,-0.0024480713007661156,1613.7249755859998,1951.4370727589999,4005.5184326099998,3214.6768798840003,424.100509893764,-1069.018408060792,9.975,10.9457736545,0.24654886788805555,0.0534306392074,0.3678466621435478,0.7382111100703759,0.03980001870729978,400,-2.86294722557,16.954153710587725,5.7019968270615164
4.009229612353001,-38.220357894900005,-2.157210230825,0.022443775522530122,-0.0036517831829170977,1617.9308471680001,1959.913208005,4002.23840332,3222.716918945,524.238470709014,-988.6514860636919,10.0,10.954833560527778,0.2459091113672222,0.0498373582959,0.3691403259322231,0.7382031538761522,0.039854293097951715,401,-2.33512401581,16.730909050003323,5.5604266058008305
4.0151056230082,-38.219076156650004,-2.1713638305650003,0.0223394586703851,-0.00463633615286351,1619.1731567380002,1960.76098633,4001.2675781300004,3233.1392822260004,624.294430792014,-908.083563090067,10.025,10.96400260925,0.24497063623527776,0.045005787164,0.37032816235714616,0.7381953974200262,0.03990741067826677,402,-1.80548334122,16.60947027136023,5.325447634558539
4.0213350296014,-38.219871521,-2.185638070105,0.022213014694553588,-0.005444826606884178,1617.667480469,1954.58215332,4002.4533691399997,3244.434753416,724.3261202452641,-827.2550810344169,10.05,10.973128212833334,0.2437863581711111,0.0396094582975,0.37138577020566427,0.7381865756987005,0.03996057403141226,403,-1.27419435978,16.623582569192,5.061158262949688
4.027892422673,-38.222681045499996,-2.199796676635,0.022068473707060624,-0.006069951657915587,1613.734191894,1942.2681274420002,4005.5792236300003,3256.513061522,824.387454473764,-746.1442121990169,10.075,10.98207155863889,0.24239690767388888,0.0337590798736,0.37230412801748164,0.738177620819225,0.040014253372127016,404,-0.741448283195,16.769872169595246,4.840398431482629
4.0348925828904,-38.2273073196,-2.21350634098,0.021911018468705065,-0.006483897917318248,1607.736694336,1924.7563476569999,4010.38439941,3269.5446777310003,924.5269350645141,-664.7313856609669,10.1,10.990712907583333,0.24085626006138888,0.0274286922067,0.3730696869621851,0.738168466203397,0.04006836131544057,405,-0.207453325391,17.00821656291229,4.724572195618778
4.042092806099601,-38.2335319519,-2.2264289855949997,0.0217457942902324,-0.006697724265578378,1600.053710937,1903.003479004,4016.57690429,3283.057434079,1024.786545049764,-582.9927687176919,10.125,10.998953713305555,0.23921868867333332,0.0208584032953,0.37367355873937425,0.7381595779029965,0.040122644028520504,406,0.327564507723,17.272489380927293,4.746287592073969
4.0492576897150006,-38.24103450775,-2.238320827485,0.02157759486155023,-0.006728575842483731,1591.0586547859998,1877.981872558,4023.8536377,3296.59783936,1125.2009676570142,-500.91633286571687,10.15,11.006713443333334,0.23753527137972222,0.0142714250833,0.37411248097612043,0.7381499572345165,0.040176735326978054,407,0.863369882107,17.4888602100947,4.899852068217327
4.0561708152308,-38.24960041045,-2.2489128112800003,0.02141073325496685,-0.006597748053932771,1581.117370606,1850.633422851,4031.91564941,3309.75195313,1225.7973085995143,-418.5013868817169,10.175,11.013932757916667,0.2358524170186111,0.0078688710928,0.37438868407230813,0.7381404697224411,0.04023020244700041,408,1.39972615242,17.596548656667846,5.1425169746135095
4.062658989432401,-38.2589826584,-2.25806033611,0.021248975347163468,-0.006326859838275348,1570.575317383,1821.849426269,4040.48010254,3322.18432617,1326.5951998347643,-335.75758805346686,10.2,11.020571390777778,0.2342111037836111,0.00181164732203,0.3745088259267082,0.7381314482647631,0.04028252524015335,409,1.93640232086,17.56509634146572,5.406289132392688
4.06859633327,-38.26891708375,-2.2657566070549997,0.021095531495195406,-0.005938394100813517,1559.7507934569999,1792.460266114,4049.2879638699997,3333.641967775,1427.6072023982645,-252.7029798992168,10.225,11.02660814922222,0.23264664742694446,-0.00377742690034,0.37448319300029576,0.7381228595693271,0.04033314194551361,410,2.47317934036,17.403137800581316,5.617033160977578
4.0738379836042,-38.27915000915,-2.27190899849,0.020953006603843936,-0.005459533289822449,1548.933959961,1763.158874511,4058.10815429,3343.839233403,1528.8394014950145,-169.3619307048418,10.25,11.032035615722222,0.2311881548827778,-0.0087511902675,0.37432530083830967,0.7381146703492137,0.04038145751349306,411,3.00985479355,17.156078533529026,5.715420863661367
4.0783707976354,-38.28945541385,-2.276519298555,0.020823414688469006,-0.004908205368875194,1538.377807617,1734.687927246,4066.7408447300004,3352.7308349600003,1630.2921053522646,-85.76594986976679,10.275,11.03686332702778,0.22985840837166668,-0.0130956731737,0.37405089537714636,0.7381068473140129,0.04042687273241693,412,3.54624700546,16.8933056956502,5.673713767856185
4.0821760833238,-38.2996206284,-2.2796459198,0.020708324517499356,-0.004303577815704544,1528.2938232420001,1707.584655761,4075.0196533199996,3360.26123047,1731.9606264705146,-1.947678995766779,10.3,11.041114595194445,0.2286756700938889,-0.0167749784887,0.37367612203288814,0.7380993571733141,0.04046884248674151,413,4.08219718933,16.688595821729802,5.503569336729271
4.087619841096401,-37.75294399265,-2.28182005882,0.02065206315885489,-0.0048363879245543525,1511.567382812,1682.1261596680001,4079.2702636699996,3366.5358276399998,1833.8361178035145,82.05885176598323,10.325,11.04510519238889,0.22813664542305556,-0.02202603966,0.3732017464622792,0.7307456037445158,0.040506064324163475,414,4.61756753922,16.59934072657654,5.252667793370763
4.0971586108166,-35.960834503200005,-2.28422260284,0.020578210372908693,-0.0022927658368624747,1463.352966309,1664.8367919920001,4079.6370849600003,3373.09582519,1935.8178743952644,166.22224745698324,10.35,11.049314075055555,0.2274072004688889,-0.020606033504,0.37266481989698175,0.6991093139443898,0.04051515236126542,415,5.1521935463,16.65048471165022,4.991191896371637
4.1122021794322,-34.1730098724,-2.28343868256,0.020540693091037884,-0.0007004423805532934,1426.03894043,1651.769836426,4083.4460449199996,3381.8671875,2037.8088015192645,250.54964308673325,10.375,11.054531733194445,0.22709967361555558,-0.0176279488951,0.37218491827013117,0.6676672351663417,0.04049005206797642,416,5.68607997894,16.827729295733427,4.79208437822693
4.129624307155201,-32.38151168825,-2.27868103981,0.020544762734072353,0.0009807922301863256,1391.6146850579998,1637.683227539,4091.41503906,3391.57873535,2139.8949526422643,335.0963227742333,10.4,11.060781478888888,0.22727310657499997,-0.013844082132,0.37178977174289296,0.6362366912056157,0.0404433427191772,417,6.21933460236,17.081756290254283,4.7107522907190775
4.146993279452801,-30.58678245545,-2.270555973055,0.020589422697192602,0.002526380200219618,1358.3150024420002,1621.848937988,4101.265625,3400.6439209,2242.180328618764,419.88579115798325,10.425,11.068048477166665,0.2279169526363889,-0.00971144903451,0.37149559231042445,0.6048228585804912,0.04039065374163548,418,6.75209140778,17.342045592330546,4.7698290061615545
4.1632480323322,-28.7901802063,-2.259958982465,0.020669777341271556,0.0038338750019247755,1325.5474243170002,1603.890441895,4111.03955078,3409.0887451199997,2344.711969243764,504.90188918048324,10.45,11.076320012416668,0.22897770007444448,-0.00603664433584,0.3713003493135568,0.5734286501224444,0.04034444789658898,419,7.28449487686,17.53641947626959,4.9530387815661605
4.1779014050984005,-26.9942598343,-2.247870206835,0.020779591124476363,0.0048841094826383245,1293.0714111329999,1583.126098633,4119.65917969,3417.17211914,2447.4879580132642,590.1291078084832,10.475,11.085584428583333,0.23038706845694445,-0.00335641414858,0.37118536733310403,0.5420865231087091,0.04031163691982985,420,7.81667423248,17.610954002758,5.209765777101051
4.1909218549716005,-25.200459480299997,-2.23482835293,0.020912616020808558,0.0057052853219382695,1260.664611816,1558.682250976,4126.889038089999,3425.2648925700005,2550.4794375055144,675.5584107869832,10.5,11.095815234722222,0.23207634687416664,-0.00189477845561,0.3711223169944805,0.5108024197186726,0.04029380622411924,421,8.34872341156,17.54483726895755,5.469035825277747
4.202490460873601,-23.40876674655,-2.221180438995,0.021063627657678323,0.006336947601212023,1228.053039551,1529.6638183599998,4133.02624512,3433.64270019,2653.6516634577642,761.1900331012332,10.525,11.106970045305555,0.23398766915,-0.00162157660816,0.3710806718136264,0.4795636732907385,0.04028878782987723,422,8.88069725037,17.3561263649079,5.659089073753422
4.2128478825118005,-21.6215848923,-2.20701742172,0.021228718678175572,0.0068406694370832,1194.924926758,1495.2081298829999,4138.643554689999,3442.41870118,2756.9773195857642,847.0311006059833,10.55,11.118982103138888,0.2360772093136111,-0.00234388932586,0.3710327682032152,0.44840387294292483,0.04029254538378137,423,9.41260719299,17.09680994331234,5.7271938648500385
4.221329385043401,-19.838623046899997,-2.19238507748,0.021404300056516064,0.007174015542229376,1161.042541503,1455.062377929,4144.26391602,3449.9511718700005,2860.4434084530144,933.0915681354833,10.575,11.131769816083333,0.23830413818361112,-0.00308432779275,0.3709645912793092,0.41731491268114346,0.0403006347354568,424,9.94443511963,16.838498028632525,5.654251052011058
4.2278958320606,-18.05933380125,-2.177523612975,0.021585819451982624,0.007326463829576712,1126.271850586,1409.0000610349998,4150.2644043,3455.77368164,2964.0500063535146,1019.3403474322333,10.6,11.145243114888888,0.24061656660500003,-0.00339610734954,0.3708831651282096,0.38628968519219525,0.04030879898880977,425,10.4761610031,16.652657855378106,5.460133217202547
3.9810581147652,-16.34369277955,-2.16513812542,0.02154026691369481,-0.024667619062365496,949.719207764,1369.1815795900002,3715.841796878,3460.3525390699997,3067.8066164610136,1105.7346894732334,10.625,11.15964889525,0.2404190103213889,-0.18373093009,0.3687888885371633,0.35577132383888216,0.04028850903010985,426,11.0066280365,16.590663671783933,5.198245118125721
3.9840882658962,-14.66087722775,-2.14952945709,0.021264228186158363,-0.008785466749956089,952.885772705,1325.4129638670001,3703.566406246,3467.71862793,3160.7026613829635,1192.2435029499834,10.65,11.175112194472222,0.23766595456333336,-0.197500348091,0.3639979948931153,0.32512596299080976,0.040157419086769695,427,11.5318851471,16.66914096319791,4.940232725446108
3.8670666038998003,-12.98509311675,-2.1208268404000004,0.021054244175952988,-0.014274629787509124,838.224700927,1260.648010254,3504.504699702,3473.55297851,3253.2918215391137,1278.9364686482334,10.675,11.190977096555555,0.23565239376500002,-0.278229922056,0.35863552030229756,0.2946438289507062,0.03990476832308308,428,12.0500354767,16.86617626712189,4.755174036449357
3.7470667779398,-11.33834695815,-2.084511876105,0.020647078054324895,-0.017574953208727682,736.394592285,1208.11352539,3308.028625485,3467.33239746,3340.9044390316635,1365.7752931109833,10.7,11.206696828194445,0.2314184274938889,-0.357505053282,0.3506556577018489,0.2641315179653773,0.03952676173456892,429,12.5587387085,17.129382959274636,4.690497420269502
3.7512552499786005,-9.671845912915,-2.032169401645,0.020319619511663545,-0.008808092175947614,723.408996582,1131.667236328,3334.7841796879998,3450.9613037100003,3423.6051546687886,1452.4586030474832,10.725,11.222443050805557,0.22806715634138885,-0.345637649298,0.34182414947383943,0.23330447127432546,0.03900992539074644,430,13.0549974442,17.392011111007243,4.760687828087506
3.7555611312408,-7.985475063325,-1.963304936885,0.020206688997845813,-0.0005228025463491692,698.717193604,1037.059204101,3380.426696779,3420.91308594,3506.9747591609885,1538.7326356402332,10.75,11.23788197836111,0.22711129652138892,-0.316263318062,0.33351728397964847,0.20256770574436367,0.038421458336165205,431,13.5389242172,17.591305165316232,4.946730530086956
3.7536247551404003,-6.2779102325450005,-1.885178685185,0.02028624885493719,0.006364993496296374,670.4299621580001,935.858795166,3435.512145999,3371.70251464,3591.4854265804634,1624.2554627887332,10.775,11.252792146472224,0.22830824057250002,-0.273973822594,0.3261105336464393,0.17188516883178703,0.03783386096989998,432,14.0115633011,17.6828623824652,5.20431570277984
3.7340842962262,-4.55372095108,-1.806668639185,0.02050329232246102,0.010451133571666913,643.6821899409999,830.393707275,3474.712341304,3306.44165039,3677.3732302304384,1708.5480256547332,10.8,11.267164018416668,0.2310463454988889,-0.229635983706,0.3198276705811448,0.14124408152492626,0.037295149254441905,433,14.4744081497,17.64832490316301,5.476175621504707
3.6803923547244004,-2.8166729211800003,-1.733480513095,0.020785404305705947,0.010751655696216568,615.28326416,721.050628662,3451.971740721,3241.4100341800004,3764.2410387630384,1791.2090669144832,10.825,11.281028323694445,0.2345145245394444,-0.206509619951,0.31450267998161324,0.11057180610499356,0.036820881876269744,434,14.9290084839,17.496586832936053,5.705106667619838
3.4505743026720004,-1.094473689796,-1.67123657465,0.02091347946765264,-0.003852226106385444,582.983779908,605.75289917,3108.434509277,3175.2891845699996,3850.540332281063,1872.2443177689831,10.85,11.294596989944445,0.2362437877388889,-0.302154690027,0.3085335040037926,0.0798080302955984,0.03638422332597831,435,15.3758869171,17.259743827632306,5.845321828603941
2.6778787553266,0.509394660592,-1.64607715607,0.020184626372801828,-0.06134948601035101,519.3166961669999,484.93946838399995,1932.870117187,2949.744201662,3928.251195012986,1951.6265473832327,10.875,11.307711071444446,0.22827292482055553,-0.636120557785,0.2978916121562302,0.049134373360819855,0.035842802676261575,436,15.8115329742,16.985017828396188,5.871105366788134
1.4763927280914002,1.59899699688,-1.650756061075,0.017584798582414785,-0.14216080398993797,381.04309082,388.01298523,-242.586639404,2939.3112182639998,3976.572947942661,2025.3701524247826,10.9,11.31971147325,0.19907537433833333,-1.4083698988,0.2723437746603502,0.02272793481084703,0.03480814170622513,437,16.2227191925,16.722788678598146,5.781826380455644
0.58932806924012,2.535685420035,-1.6261338591549999,0.013482185399198937,-0.1779885764512811,275.402984619,296.97000122099996,-1834.3572387680001,2916.4833374,3970.508281957561,2098.8529328813825,10.925,11.328947279194445,0.1527482105625,-1.97208535671,0.2295540829913467,-0.0049218416834186,0.0328136046586245,438,16.5843009949,16.511693391665684,5.5999620540703114
-0.23942458033578,3.551226496695,-1.555887818335,0.008707133923644245,-0.19875883610938172,186.6553497314,199.5056076047,-2917.162109376,2485.058715816,3924.6493509883608,2171.7650163163826,10.95,11.334295272833335,0.09869172341305554,-2.19735980034,0.17692614162419057,-0.03561534583274268,0.02968118002027883,439,16.8764896393,16.368200091239327,5.359073422544515
-0.4193187750878,4.5505185127250005,-1.40558642149,0.004175480807558871,-0.15903532502598117,117.8848228455,120.2637100219,-3124.576354979,2359.030212406,3851.72029825396,2233.8914842117824,10.975,11.33570459152778,0.047332292629722224,-2.22729229927,0.12095142235804078,-0.06596226203008654,0.025461725845738803,440,17.0904445648,16.287921986942628,5.088919271601522
-0.48069521635772006,5.66266989708,-1.15234649181,0.0008366030581616451,-0.11012477371006554,70.0274543762,47.27227211,-3046.485107418,2159.833435064,3773.6058893794852,2292.867239521932,11.0,11.333796183277778,0.009481890334027777,-2.10950255394,0.06666744420010613,-0.0961802957948541,0.020524191895347127,441,17.2250423431,16.254488825428812,4.808142780291786
-0.5943316519257601,6.893750667575,-0.8305019140245,-0.0013744660210429423,-0.06902746681798719,42.061958313,-11.98490667341,-3004.871704105,1898.287780758,3697.4437616940354,2346.8630753985317,11.025,11.329240798944445,-0.01557166584663889,-1.97633469105,0.015562178708981708,-0.12637781281624216,0.015280789732393671,442,17.2840843201,16.247559999820748,4.525053777306893
-0.7780722036957801,8.22597742081,-0.46265855431549996,-0.002678291954243536,-0.03776066149053793,30.922295525695002,-56.1126270294,-2993.4692382820003,1536.5988159180001,3622.32196909141,2394.3202699174817,11.05,11.322530110666666,-0.030325115140833334,-1.81089544296,-0.031880008571363194,-0.1566102006031033,0.01002487487354721,443,17.2723369598,16.246831361049708,4.24191296576168
-0.7049379363657401,9.718656063065,-0.08597871102400001,-0.0030574121809094496,0.00895026544686262,30.08686387538,-86.2668895722,-2355.1774902370003,1028.180755615,3547.4852381343603,2432.735240315432,11.075,11.314702563805556,-0.034593813535277775,-1.32675778866,-0.07183943619512452,-0.18751231514699793,0.004956857472881625,444,17.1965465546,16.233497736032874,3.9594661269230658
-1.0743712604002,11.293759346049999,0.25140392780299997,-0.002844823266306781,0.006391797276401144,46.4671850204,-103.6807632447,-2408.60223389,393.497192383,3488.6058008784353,2458.439759205806,11.1,11.306509441805556,-0.032165106385833336,-1.06148946285,-0.10177519777086799,-0.21773512387682095,0.00031012436122529507,445,17.0714969635,16.19197527188873,3.680321720939042
-1.4458813697146,12.91533899305,0.5136118382215,-0.002801923486220208,-0.003404046523626879,67.4156064987,-116.6463394165,-2448.9248046800003,-258.6856489179,3428.3907450311854,2468.2771890153795,11.125,11.297240787083334,-0.03165408761972222,-0.783514380455,-0.1248000230283511,-0.2482029351045469,-0.0039017502396307573,446,16.90832901,16.111007145673657,3.4106040413637686
-1.4296028137230001,14.65544080735,0.703134596348,-0.0027000068600284534,0.011632508710328652,70.7762069702,-125.34712982180001,-1867.424804682,-802.8694763179999,3367.1676249141856,2461.8100477924318,11.15,11.28798272875,-0.03047770510111111,-0.298417747021,-0.13831601496896478,-0.27942250677285063,-0.007706105245207219,447,16.7178878784,15.984138870183482,3.159830717175548
-1.644755080339,16.4321422577,0.8299635648729999,-0.0025952335774583244,-0.0022535778375529034,98.1416397095,-130.99889373780002,-1884.096008302,-1186.710632324,3320.4820047971357,2441.738310884482,11.175,11.279158062416665,-0.02927211423722222,-0.134095817804,-0.14357753911091606,-0.3100512727982662,-0.010979548424423861,448,16.5152759552,15.81101139593145,2.93894897092843
-1.7719469517512,18.226613998399998,0.908248603346,-0.0027806473258230593,-0.011706067092181851,124.0246047974,-136.581325531,-1889.237304683,-1421.334411621,3273.3796045895856,2412.070545076382,11.2,11.269800398083333,-0.031337421387499995,-0.0320401787758,-0.1455447496290008,-0.34088941322005006,-0.013701267849558722,449,16.3076648712,15.596749056319997,2.7581621713842748
-1.8414422631304002,20.030959129350002,0.955684512856,-0.0031603142287235267,-0.01809500823238255,150.5294036865,-140.0272712708,-1885.806030277,-1558.384765624,3226.148671972511,2376.537184785857,11.225,11.259969075527778,-0.03558515674527777,0.0306630879641,-0.14549386660751515,-0.3718406048299851,-0.01586838501799953,450,16.0988273621,15.349933372789211,2.6257650594929896
-1.8707506150004,21.840645790099998,0.9811808764915,-0.0036691522467200044,-0.022170273039743903,177.5516204836,-141.041065216,-1874.1195068339998,-1629.385131836,3179.003521215586,2337.577565645257,11.25,11.249750985027779,-0.04127723475305556,0.0667721703649,-0.14422979719602452,-0.40288309293146723,-0.0174855916705217,451,15.8910636902,15.08126441490461,2.5474555277780766
-1.8742376983148001,23.6501493454,0.98884242773,-0.004257729052840603,-0.024652844760188378,204.7017593383,-140.1480979919,-1854.169006346,-1660.550415039,3132.150533544736,2296.842937349357,11.275,11.239233016972223,-0.04785389949888889,0.0875726491213,-0.14227680130014966,-0.4339995503311423,-0.018581343059254705,452,15.6857089996,14.802456916731629,2.526082849093953
-1.8601329654460002,25.4566049576,0.9797226488570001,-0.0048929894604015,-0.025969336833095373,231.65080261190002,-137.87475204470002,-1827.9722900370002,-1665.034667969,3085.796308386086,2255.329176973382,11.3,11.228488286333334,-0.054941309823055555,0.0981330350041,-0.13993548322785834,-0.46521198139932707,-0.019218217227999858,453,15.4835157394,14.525331872525905,2.5617154150558314
-1.8341468274626,27.25589179995,0.955368369816,-0.005548776234075132,-0.026361793151014317,258.327354431,-134.8070678711,-1800.143310544,-1648.991760254,3040.097001135161,2213.703310274157,11.325,11.217563417222221,-0.06224439375916667,0.0997575744987,-0.13744466194987198,-0.49649756617334545,-0.01948849062791868,454,15.2848510742,14.261114260861817,2.651907314599181
-1.780321413283,29.0473918915,0.9199982285480001,-0.006197551403937556,-0.022871747590252865,284.856636047,-128.5925064086,-1775.407897949,-1578.90032959,2995.0934183715613,2172.478516267807,11.35,11.206479602388889,-0.06945362521555556,0.0749962478876,-0.13508799741161973,-0.5278570203786895,-0.01949696280918797,455,15.0897407532,14.019929163010927,2.792087613538966
-1.7494492113602,30.8319978714,0.8837749660015,-0.006790562477296668,-0.023325498225132767,311.57951355,-126.3958320618,-1756.635986328,-1545.182250977,2950.7082209228365,2133.0060080280573,11.375,11.195218828000002,-0.07602300080999999,0.0655777528882,-0.13332952046626298,-0.5592704035954942,-0.019336193183776086,456,14.897559166,13.81051988603492,2.9760351441341752
-1.7192532807618002,32.610706329349995,0.8429556190965,-0.007361327833173066,-0.022299921131158803,339.48905944800003,-117.4051322937,-1744.106506347,-1506.4413452140002,2906.7923212646365,2094.3764517536324,11.4,11.183786392222224,-0.08232900665861112,0.0524878278375,-0.13184487473750423,-0.5907325226611473,-0.019085464889439505,457,14.7077112198,13.64012376621545,3.196296232935764
-1.6381861507858,34.38626766205,0.8068722784515,-0.007872941884524037,-0.016069339247592847,368.967117309,-99.4344062805,-1736.229553223,-1369.506164551,2863.1896586059615,2056.7154181232822,11.425,11.172257529361111,-0.08796035415583332,-0.00836279708892,-0.131006486659216,-0.6222421292166839,-0.018804278770899633,458,14.5196590424,13.514383479035589,3.4444783614407584
-1.6215749353132,36.1607732773,0.7875900268555,-0.008253413977534351,-0.014423858354703115,400.07960510199996,-79.1640853882,-1730.676269531,-1347.507995605,2819.7839197753865,2022.4777640095072,11.45,11.160700056277777,-0.09211596515444444,-0.017004262656,-0.13133012731071922,-0.6537638032212695,-0.01851065069649393,459,14.3318195343,13.437425377386164,3.7115470828749855
-1.6074677199084,37.9336986542,0.7695934176445,-0.008593294190012368,-0.012804339121269648,432.751953125,-50.01523780823,-1725.309020996,-1328.7609252930001,2776.5170130371116,1988.7900641193821,11.475,11.149211459694445,-0.0958108074136111,-0.0242347773165,-0.13184940211146098,-0.6852978276364092,-0.018222521633755016,460,14.1433734894,13.411903144990571,3.9880138125878952
-1.5945426285236002,39.70508003235,0.754392534494,-0.008891941178698385,-0.011114393841148422,466.503601074,-14.013969421359999,-1718.696838379,-1312.1163940430001,2733.384287512212,1955.5710409870571,11.5,11.1379061805,-0.09904022018111111,-0.0303810555488,-0.13253595671800086,-0.716817171375116,-0.017958219540325216,461,13.9540643692,13.438803128723071,4.264054780777266
-1.584392863515,40.95201492305,0.7432333230970001,-0.009191775666735631,-0.00820266411400669,495.60609436100003,28.14080953594,-1709.859985352,-1298.822875976,2690.416866552737,1922.7681311359822,11.525,11.127143436,-0.1022810820075,-0.0312574505806,-0.13333303250993722,-0.7410083280323622,-0.0177244252054922,462,13.7636842728,13.517308997047396,4.529760176148736
-1.5786678492998,40.927389144900005,0.736931979656,-0.00941326328445977,-0.008322411696015473,502.514266968,79.5984363555,-1701.6261596680001,-1290.017822266,2647.670366918937,1890.2975592365822,11.55,11.116827858805557,-0.1046487192313889,-0.0351556167006,-0.13416615252271408,-0.7408684454961943,-0.01750173500407716,463,13.5721635818,13.644754296832673,4.7754581855931
-1.5766215115742,40.9078407288,0.7319453954699999,-0.00960832527014142,-0.007312642959789623,513.98677063,137.4056396485,-1694.540466309,-1284.045898437,2605.129712927237,1858.0471136799322,11.575,11.107454299916666,-0.10672732359833334,-0.0390163064003,-0.1350928826477118,-0.7408641844380138,-0.017285882676818465,464,13.3793964386,13.816657547665152,4.992056491146303
-1.5760918557664,40.888559341450005,0.728240340948,-0.009778483578743785,-0.006316700814993937,526.851287842,197.7192535402,-1688.886108398,-1278.774353027,2562.766201269512,1825.9459662190072,11.6,11.099083158694445,-0.10853567057194444,-0.0432814694941,-0.13612256059382524,-0.7408706426039232,-0.017085726355245398,465,13.1852388382,14.026848532974096,5.171370151530695
-1.5764919817402,40.869455337549994,0.7263357043265,-0.009923360582347595,-0.0052824445206106916,539.988571167,259.187820434,-1683.991577148,-1274.381469727,2520.544048559562,1793.9766073933322,11.625,11.091735627916668,-0.11007090409583334,-0.0474130436778,-0.13725799932444147,-0.7408792645871513,-0.016909010012452853,466,12.9895353317,14.267625260929973,5.306429670234886
-1.577456665036,40.8509197235,0.7266298532485,-0.010041603894447975,-0.00418654098840265,552.961578369,321.094589234,-1679.170593261,-1271.0158996579999,2478.4442591308616,1762.117070650157,11.65,11.08541700575,-0.11131910814166668,-0.0510465465486,-0.13849135083724992,-0.7408873206499874,-0.016760156992571124,467,12.792140007,14.529970137482806,5.391773222903375
-1.5789285153152002,40.833543777450004,0.7294134199619999,-0.010131770622693997,-0.0030412012280802295,565.56439209,382.726104736,-1673.996582031,-1269.0451965329999,2436.4649942993365,1730.3416731587072,11.675,11.080128351861113,-0.11226516630916666,-0.0538604445755,-0.1398059204408069,-0.7408961423713131,-0.01664015765863362,468,12.5929222107,14.80382283685306,5.423710488501253
-1.5805862635388002,40.817693710300006,0.734705001116,-0.010192662344608756,-0.0018386023339982103,577.667266846,443.154251099,-1668.346191406,-1268.075195313,2394.6150797485616,1698.6155432453822,11.7,11.075858010194445,-0.11289639605416665,-0.0559766888618,-0.1411812101172831,-0.7409049308031012,-0.016547450524371014,469,12.3917818069,15.078411290021306,5.400546022071729
-1.5821937769624002,40.803647995,0.7426744401455,-0.010222772709676852,-0.0005739025674411502,589.175720215,501.479904175,-1662.3234252920001,-1267.6721191410002,2352.9064249634116,1666.9136633625571,11.725,11.072581609083334,-0.11319643093472223,-0.0575891025364,-0.14260215636152454,-0.7409133197595669,-0.01647887100540133,470,12.1886425018,15.342638091341412,5.3227462182451
-1.5840518802374,40.79158401485,0.7531870901585,-0.0102206629867439,0.0007148649322948457,600.0082397460001,556.7466430659999,-1656.154418945,-1268.283996582,2311.3483393311117,1635.2218603840322,11.75,11.070257822666667,-0.11314931843027777,-0.0585644170642,-0.14405739080494392,-0.7409209097688781,-0.016430462851108454,471,11.9834470749,15.585513934783364,5.193031625563955
-1.5867233782988002,40.78155899045,0.7659795582294999,-0.01018689077517013,0.0019532958916362478,610.093780517,608.11907959,-1650.092102051,-1270.807769776,2269.9444788574865,1603.514760469482,11.775,11.068830490111111,-0.11276087827138889,-0.0585785396397,-0.14552490907896973,-0.7409275343816023,-0.016398348873436157,472,11.7761573792,15.796623271767109,5.016380806407292
-1.5903091788262,40.77354621885,0.7806553542615,-0.010123176726683076,0.0031064910669093854,619.367797852,654.952697753,-1644.355773926,-1275.31137085,2228.6921763062114,1571.744566225082,11.8,11.068230734944443,-0.11204948855777778,-0.0576396286488,-0.1469806595097838,-0.7409329938622596,-0.01637941754314939,473,11.5667734146,15.96660615091989,4.799936379082435
-1.594397035245,40.76753616335,0.796805679798,-0.010031829260997494,0.004187075441136521,627.7734375,696.700439453,-1639.10369873,-1280.961303711,2187.5832819580614,1539.861781953832,11.825,11.068379084277778,-0.11103981071055555,-0.0561093278229,-0.14840267101852675,-0.7409379207103172,-0.016371433261377022,474,11.3553266525,16.087634745297766,4.552802869037586
-1.5976269572984003,40.7634677887,0.8145171403885001,-0.009912644479848985,0.005320620830795991,635.267059326,733.125213623,-1634.430053711,-1285.2240600579998,2146.6056894898115,1507.837749361057,11.85,11.069187588166667,-0.10972851680388888,-0.0550688281655,-0.1497939230167965,-0.7409411165032979,-0.016372578628689547,475,11.1418638229,16.15385459829888,4.285729536295184
-1.6016194552190002,40.76137161255,0.8336364924905,-0.009766230957137691,0.006356016770883596,641.821807862,763.915161133,-1630.377441406,-1291.055267334,2105.7449381470365,1475.707147859607,11.875,11.070566177361112,-0.10812114510277777,-0.0533147081733,-0.15115072036837543,-0.7409434467700493,-0.01638088540264471,476,10.9264278412,16.161757561802762,4.010684650773467
-1.6063165545490001,40.761140823350004,0.8537837564945,-0.009595458873117682,0.007276446855510661,647.431793213,789.341766357,-1626.953186035,-1298.347351074,2064.9855021118865,1443.4307661762568,11.9,11.072421603722221,-0.10624822643055556,-0.0508358590305,-0.15245355541843275,-0.7409447783506762,-0.01639493253709056,477,10.7090797424,16.11046216329943,3.7403380248713107
-1.6110508918798,40.7627468109,0.8747628033165,-0.009402408822415874,0.008131933260225833,652.096313477,809.515106201,-1624.148864747,-1305.883300781,2024.3116724610115,1410.9720823994069,11.925,11.074664857638888,-0.10413159926722222,-0.0481414459646,-0.15369232479958403,-0.7409459101940783,-0.01641383681964339,478,10.4899044037,16.0018811014963,3.487471512915181
-1.6157253563360001,40.76610183715,0.8963929712775001,-0.009188676621072776,0.008926073333136627,655.829833985,824.626037598,-1621.945068359,-1313.489868164,1983.7079508423365,1378.324999879882,11.95,11.077209048805555,-0.10178775423111111,-0.0452989004552,-0.15486245120347897,-0.7409463096685279,-0.01643681074523069,479,10.2689971924,15.840750667086448,3.2643427357535986
-1.6212841868356,40.77112197875,0.9184224009515,-0.00895711268369811,0.009558671879975913,658.637237549,834.797851562,-1620.3273315430001,-1322.902526855,1943.1593241333615,1345.487753175782,11.975,11.07996940613889,-0.09924718903166668,-0.0415773242712,-0.15595031921923339,-0.7409461432208405,-0.016463140669927073,480,10.046462059,15.634506490104453,3.0820374633377545
-1.6268942743536001,40.7776889801,0.9404880702480001,-0.008711130745870002,0.010088321565622844,660.540802002,840.156280518,-1619.277893066,-1332.594238281,1902.6511408447864,1312.415190004407,12.0,11.082865397138889,-0.09654672609444444,-0.0376241616905,-0.1569412648161431,-0.740945410851016,-0.01649246977172621,481,9.82242965698,15.39300416911748,2.94984714117478
-1.6328187674316,40.78564834595,0.9623309075835,-0.00845368681240136,0.01048375209353506,661.6040954590001,841.278015136,-1618.764587402,-1343.02734375,1862.1691935181364,1279.100334047382,12.025,11.085816489333332,-0.09371826218222222,-0.0332618132234,-0.15782743166877153,-0.7409434467691768,-0.016524513009179342,482,9.59704303741,15.128088040844645,2.874712003573761
-1.6386906892034,40.79499053955,0.9838281869884999,-0.00818757252107701,0.010773401030699983,661.910461426,838.721282959,-1618.744140625,-1353.507202148,1821.7000788330863,1245.524650453632,12.05,11.088758044777778,-0.09079204665277779,-0.0287845600396,-0.15860410931131655,-0.7409423149266475,-0.01655899886471341,483,9.37045574188,14.853022143051852,2.8607718922708436
-1.64496186078,40.805475235,1.0046434104420001,-0.00791621149029725,0.010907255044087634,661.556030274,833.0404357919999,-1619.160644531,-1364.838378906,1781.2314753174612,1211.6869703999319,12.075,11.09163072375,-0.08780553109111112,-0.0238793659955,-0.15926314181250417,-0.7409402842657334,-0.016595600684931617,484,9.14282989502,14.581813115956692,2.9090601562568112
-1.6511322706970002,40.816957473749994,1.024587690832,-0.007643098078733888,0.010923639726589171,660.646209717,824.8045654299999,-1619.947143555,-1376.084350586,1740.7524592041862,1177.566010927282,12.1,11.094383663611112,-0.08479711910083333,-0.0189566910267,-0.1597984871259054,-0.7409378874216522,-0.016634128095480174,485,8.91434001923,14.32846296878378,3.017367492512575
-1.6573346614832,40.829322814950004,1.04347062111,-0.00737117424712876,0.010810664480017614,659.2862243659999,814.5863342289999,-1621.032470703,-1387.4721069339998,1700.2537806153111,1143.163902162632,12.125,11.096979777027778,-0.08179925382138889,-0.0139322895557,-0.16020977906678247,-0.7409358234712007,-0.016674345989129282,486,8.68516254425,14.106197020551749,3.1802935951461326
-1.6633248686768,40.84233856205,1.06107056141,-0.0071036207044721,0.010587887933935619,657.57546997,802.898376465,-1622.3464965819999,-1398.5398559569999,1659.727968847736,1108.477099489282,12.15,11.09938727486111,-0.07884715994194444,-0.00901354383677,-0.1604955196069956,-0.7409330937317447,-0.016715997412450178,487,8.45547771454,13.926717149782124,3.38949091389062
-1.6688902705860003,40.8559036255,1.0774338543425,-0.0068426080311113115,0.010282173685558903,655.6084289549999,790.2172241220001,-1623.8229370119998,-1408.884155273,1619.169306433186,1073.513603090357,12.175,11.101584964333334,-0.07596497734388889,-0.00438319053501,-0.16066274947857476,-0.7409306968859181,-0.016758726583792388,488,8.22546100616,13.79953085670453,3.6340894982325382
-1.6742221683264,40.8697986603,1.0923738479599998,-0.006590487298907962,0.009880356772521822,653.4703674320001,776.9716491700001,-1625.401733398,-1418.844177246,1578.573733007886,1038.291499208532,12.2,11.103559070166666,-0.07317892379222221,9.15963100852e-05,-0.16071597941096974,-0.7409277008301622,-0.01680202999922866,489,7.99527931213,13.731402473632983,3.901278790219377
-1.6792287081444,40.8839130402,1.1058260202399999,-0.006349499828446069,0.009395582391528228,651.238922119,763.517791748,-1627.030212403,-1428.239807129,1537.9386896729359,1002.820394777382,12.225,11.105303234527778,-0.07051406635166667,0.00432873703539,-0.1606601029623516,-0.7409251375375211,-0.016845423920545888,490,7.76509332657,13.725962795408542,4.177008887633873
-1.6838587790710002,40.8980312347,1.11776214838,-0.006121562887610522,0.008839358311328335,648.980407715,750.210998535,-1628.6641235349998,-1436.965332031,1497.262934362861,967.114399599157,12.25,11.106815338138889,-0.06799191650416667,0.00827187858522,-0.1605019278383369,-0.7409220749018176,-0.016888455818391646,491,7.53505516052,13.783502091250782,4.446766496651264
-1.6880596637702001,40.912055969250005,1.12811988592,-0.005908306622265356,0.008224425052955347,646.752624512,737.293579101,-1630.2667846680001,-1444.913635253,1456.546331274486,931.190266298382,12.275,11.108099619555555,-0.06563082337388888,0.0118687236682,-0.1602494268774817,-0.7409195448987138,-0.016930700211182346,492,7.30530595779,13.900959447681783,4.696376325599165
-1.6918179273632001,40.9258270264,1.1368624567949999,-0.005711062092842041,0.007561053471662495,644.6029663090001,725.0223388669999,-1631.808166504,-1452.0508422849998,1415.789661657786,895.0674254170569,12.3,11.109166675138889,-0.063445828855,0.0151062337682,-0.15991143844561861,-0.7409172146328349,-0.01697175554415784,493,7.07597637177,14.072106762076809,4.9127772457864864
-1.6950773477596002,40.939201354999994,1.144062817095,-0.005530874798127903,0.00686383841841623,642.569610596,713.562469483,-1633.264587403,-1458.265197754,1374.994457495186,858.766154359932,12.325,11.110026041666666,-0.0614487917886111,0.0179312862456,-0.15949749998834387,-0.7409148510782914,-0.01701124626998841,494,6.84718179703,14.287912849001644,5.0847250976502
-1.6978680074216,40.952085495,1.149732708935,-0.005368445898458685,0.006140859362226903,640.682922363,703.048675538,-1634.61730957,-1463.606201172,1334.162842810111,822.309524416082,12.35,11.110695732972223,-0.059647742244999996,0.0203622058034,-0.15901801447887928,-0.7409129535746545,-0.017048814526416593,495,6.61902475357,14.53706107006909,5.203381075266019
-1.7002229094466002,40.964345932049994,1.1539081335049999,-0.005224354319320384,0.005398738835717768,638.9645996090001,693.572937012,-1635.852478027,-1468.129028321,1293.297410070861,785.719369386782,12.375,11.111190583972224,-0.05804932365805556,0.0224204938859,-0.15848240284935267,-0.7409109894936879,-0.01708413990186659,496,6.39159250259,14.806584673421083,5.262753729730963
-1.7021496474724,40.9758911133,1.1566638350449998,-0.00509896468491704,0.004646227299607933,637.429016113,685.1951904289999,-1636.960876465,-1471.844787597,1252.401098120186,749.016143678757,12.4,11.111529668166666,-0.05665778699861111,0.0241111721843,-0.1578999695189469,-0.7409089588336466,-0.01711696856378523,497,6.16495943069,15.082578766718783,5.259973630382504
-1.7036637008146003,40.986642837549994,1.1579995751399998,-0.004992436160724322,0.0038912528596297983,636.083831787,677.938964844,-1637.9375,-1474.780761719,1211.477076208561,712.2200239888319,12.425,11.111730999416666,-0.05547506941694444,0.0254462007433,-0.15727973594586342,-0.7409070280422176,-0.01714711221837336,498,5.93918704987,15.350945137900988,5.195391469184097
-1.7047866821286002,40.9965648651,1.158039689065,-0.004904738057972222,0.0031408083942537327,634.931152343,671.797943115,-1638.780944825,-1476.975097656,1170.528638708561,675.350504945857,12.45,11.111815770472223,-0.05450098050972222,0.0264426730573,-0.1566303906931035,-0.7409055300139034,-0.017174437707568296,499,5.71432352066,15.598126846095193,5.072500765788733
-1.7055371373852002,41.005578994749996,1.1568002104750001,-0.0048356690791289125,0.0024017148728132758,633.967437744,666.748168945,-1639.493408203,-1478.462890625,1129.5591150879359,638.426127504457,12.475,11.111801995166665,-0.05373341341805556,0.0271178744733,-0.15596020620471143,-0.740904165143739,-0.01719886804938222,500,5.49040460587,15.811792411440166,4.897697093442632
-1.7059436887486001,41.013677597050005,1.15441799164,-0.004784875523116022,0.0016793303465315532,633.1858215340001,662.7370300289999,-1640.080505371,-1479.295837402,1088.571779882861,601.464555238832,12.5,11.11170768738889,-0.05316854351083333,0.0274947527796,-0.15527690564814842,-0.7409033329053017,-0.017220365793098557,501,5.26745557785,15.981435144770169,4.679894455493239
-1.7059603363320002,41.0207710266,1.15096104145,-0.004751786266715083,0.0009860401399583072,632.5746459960001,659.6970825200001,-1640.549865722,-1479.391235352,1047.569767248586,564.4821593037819,12.525,11.111550860944444,-0.05280010816111111,0.0275410749018,-0.15458836199300902,-0.740902001324675,-0.017238922616359113,502,5.04548978806,16.098859942362285,4.430025434402678
-1.7056761592640002,41.02691459655,1.146530270575,-0.004735672581678488,0.00032132075598162305,632.118835449,657.537475586,-1640.910339356,-1478.91619873,1006.556020605536,527.4973784199819,12.55,11.111347410416666,-0.052620097994722226,0.0273307617754,-0.15390193222201654,-0.7409012689565955,-0.017254537478842934,503,4.82450962067,16.158537619902972,4.160456509603164
-1.7051205098676,41.03206825255,1.141215264795,-0.004735774530810687,-0.00031119554235279826,631.798950196,656.147613525,-1641.1730346680001,-1477.928771972,965.533262121636,490.5244734517319,12.575,11.11111217075,-0.05262011455166667,0.0268901139498,-0.15322367502663053,-0.7409006031658457,-0.017267231186497856,504,4.60450792313,16.15781567177793,3.884352519637945
-1.7043145626794003,41.0362434387,1.13513678312,-0.004751234909140957,-0.0009076840370018072,631.596343994,655.428161621,-1641.349609375,-1476.470825195,924.503936254936,453.57625415243194,12.6,11.110856797972222,-0.05279068731611111,0.0262407753617,-0.15255911646623418,-0.7408999706655062,-0.01727706095570226,505,4.38546895981,16.096982326688583,3.6150240257041624
-1.7032919049258002,41.03945350645,1.12832689285,-0.0047811283722294365,-0.0014661967062481233,631.493255615,655.294250488,-1641.452087402,-1474.607299804,883.4701960205609,416.66448352255696,12.625,11.110594007694443,-0.05312158001805555,0.0254121404141,-0.15191308351992355,-0.7408994380329063,-0.017284119372891742,506,4.16736984253,15.979188094641675,3.365289655919814
-1.7020786762252003,41.0417480469,1.120903134345,-0.004824479121204461,-0.001984742648627984,631.473632813,655.6575012210001,-1641.492126465,-1472.387817383,842.433893835511,379.799301027457,12.65,11.110331217444445,-0.053601976898055556,0.0244271419942,-0.15128977066680416,-0.7408994047433689,-0.0172885271125568,507,3.95018076897,15.810235334551846,3.1468827162902104
-1.7007007241266001,41.043102264400005,1.112952947615,-0.004880268184852162,-0.0024618893097316666,631.522277832,656.439941406,-1641.4808349609998,-1469.860595703,801.396590673886,342.98960559288196,12.675,11.110077963944445,-0.054220590326388894,0.0233076736331,-0.1506928064636696,-0.7408989719802541,-0.017290431896904396,508,3.73386693001,15.598251790174487,2.9699271915912826
-1.6991856485562,41.04360580445,1.1045897007,-0.004947451104688712,-0.0028969601061994634,631.62677002,657.5681762700001,-1641.428466797,-1467.076965332,760.359569799861,306.24309070030694,12.7,11.109840605,-0.05496584292916667,0.0220770537853,-0.15012525354587442,-0.7408991051375314,-0.01728999913323121,509,3.51838827133,15.35326810405848,2.8425036374550663
-1.697548928859,41.0432777405,1.09586828947,-0.005024960535675439,-0.003288672351477067,631.7743835450001,658.967681885,-1641.343627929,-1464.066833497,719.323858129936,269.5661665670069,12.725,11.109624438805556,-0.05582589656111111,0.0207498054951,-0.14958970849542277,-0.7408992050061439,-0.017287406712353754,510,3.30370092392,15.086722218125097,2.7703203110951016
-1.6958120316312002,41.0421295166,1.0868422985050001,-0.005111705205967693,-0.0036367087548817346,631.953582763,660.58392334,-1641.2338256839998,-1460.8718872069999,678.290267431711,232.96449572958193,12.75,11.109434763583334,-0.0567886523075,0.0193431619555,-0.14908838506507407,-0.7408989054003066,-0.017282832525123432,511,3.08975720406,14.810915350849019,2.7564993939633418
-1.6940015345806003,41.0402736664,1.0776470601565,-0.0052065995652940825,-0.003941694014939328,632.15411377,662.3554382330001,-1641.10571289,-1457.542053222,637.259421789611,196.44269854940694,12.775,11.109273698583333,-0.05784206092361112,0.0178813487291,-0.14862296437498798,-0.7408991717166065,-0.01727645654296376,512,2.876506567,14.53844481645981,2.8014829366791956
-1.6921393424320001,41.0377292633,1.0683251619365,-0.005308579909686916,-0.004204471292601853,632.36541748,664.2250061029999,-1640.965454101,-1454.120056152,596.231778967361,160.00414721885693,12.8,11.10914442275,-0.058974338074444445,0.0163823608309,-0.14819457826891544,-0.7408994047433689,-0.0172684545761366,513,2.66389727592,14.2816384325379,2.903057782569076
-1.6902090996518,41.034553527849994,1.058916449547,-0.005416590337393672,-0.004422954011562711,632.578582764,666.141815186,-1640.819091797,-1450.5773315430001,555.207642614836,123.65114581505694,12.825,11.109047995666666,-0.06017374909583333,0.0148367565125,-0.14780402569505804,-0.7408997043492063,-0.017259005555744507,514,2.45187497139,14.052014007986603,3.056494581133495
-1.6879537910186002,41.030809402450004,1.0496350824825,-0.005529195238135564,-0.004570155559489538,632.785766601,668.046173096,-1640.672363281,-1446.443115234,514.187165319911,87.38671252648194,12.85,11.10898441738889,-0.06142437044111112,0.0130456956103,-0.14745496849992146,-0.7409000039541709,-0.017248248881653716,515,2.24038410187,13.859785414827337,3.254791481839057
-1.6855978667752003,41.0265712738,1.0405420660965001,-0.005644701007884083,-0.004661322533591136,632.9807128909999,669.903289795,-1640.529968262,-1442.1303100589998,473.1703562378859,51.22563464563195,12.875,11.108954747527779,-0.06270739353361111,0.0111834667623,-0.14715216708405035,-0.7409003035600084,-0.017236191835936374,516,2.02936077118,13.713434818880573,3.4890097805364335
-1.6832961201658,41.0218982697,1.0317185521135,-0.00576194875546846,-0.0047108573298557015,633.1578063960001,671.6696472169999,-1640.396057129,-1437.922607422,432.15710703133595,15.172376894156955,12.9,11.108956866805554,-0.064009949565,0.00937023293227,-0.14689533848646336,-0.7409006031658457,-0.01722282921710988,517,1.81873846054,13.619366480547567,3.7486845604666965
-1.681061840059,41.016843795750006,1.0232016444195,-0.005879930432800497,-0.00472136693333989,633.311767578,673.31362915,-1640.274475098,-1433.8451538079998,391.14720560311093,-20.775688291393045,12.925,11.108989715583332,-0.06532084196805556,0.00761586753651,-0.14668311783699609,-0.7409009027716832,-0.01720825673252034,518,1.60845243931,13.581652236433285,4.02229108063294
-1.6789091914924001,41.011468887350006,1.0150253474725,-0.005997709772297208,-0.004695819312233422,633.438049317,674.808410644,-1640.168640136,-1429.924133301,350.14034372566095,-56.621817136593044,12.95,11.109051174583334,-0.06662966062638889,0.00593399023637,-0.1465138905945639,-0.740901235667058,-0.017192662675984363,519,1.39843976498,13.601876566105348,4.297748561798633
-1.6768523395036001,41.005834579500004,1.007220953704,-0.006114425407826227,-0.004637483080640013,633.532836914,676.1306762690001,-1640.081054688,-1426.185363769,309.13612772226094,-92.36992046911804,12.975,11.109137005277779,-0.06792683568277777,0.00433469424024,-0.14638569267750226,-0.7409015352720226,-0.017176288396465473,520,1.18864011765,13.679086100177257,4.562941652676398
-1.6748962491744,40.99999809265,0.999788880349,-0.006229292955190641,-0.004549005275065477,633.593536377,677.267242432,-1640.013671875,-1422.638244629,268.1341013550609,-128.02455456334303,13.0,11.109246148,-0.06920364995805556,0.0028238678351,-0.1462963769124758,-0.7409018348778601,-0.017159401250375086,521,0.978996157646,13.809844377837388,4.8062391515953085
-1.6730566918898002,40.994047164899996,0.992840856313,-0.006341602931626702,-0.004434182980632816,633.618347168,678.196990967,-1639.967468261,-1419.311035156,227.13375955818591,-163.59051067906802,13.025,11.109375423861112,-0.07045219341916667,0.00141374068335,-0.14624359638857506,-0.7409026671162974,-0.01714225715087338,522,0.769453763962,13.98838903786136,5.016989681452017
-1.6713371723846002,40.9879798889,0.9862792789949999,-0.0064507410416086465,-0.004296036700570552,633.6040649409999,678.9072570799999,-1639.944213867,-1416.211975098,186.13457285166092,-199.073286557968,13.05,11.109519534638887,-0.07166562808888889,0.000108034619188,-0.1462247545239705,-0.7409029667212621,-0.017125092245406384,523,0.559962451458,14.206884828610482,5.185974861171286
-1.6697404652838002,40.981880188,0.9802055656934999,-0.006556159568580967,-0.0041374938314762254,633.5497741690001,679.375762939,-1639.944702148,-1413.344970703,145.13596750498593,-234.478585935418,13.075,11.109675301444444,-0.07283785276944446,-0.00109359470662,-0.14623723809145275,-0.7409032996166369,-0.017108113553148993,524,0.350475311279,14.45576241250262,5.305802145893483
-1.6682601451880001,40.975824356100006,0.9746033251294999,-0.0066573726937235594,-0.003960497908789032,633.457702637,679.6117248529999,-1639.968688965,-1410.697570801,104.13734995128593,-269.812210202993,13.1,11.109839545361112,-0.07396343681555556,-0.00219611800276,-0.14627856702266065,-0.740904098564664,-0.017091492723183978,525,0.140949293971,14.724129627637257,5.371221490272643
-1.6669087707972001,40.96980094905,0.9694488942625,-0.006753967939150604,-0.003768881647847976,633.329559326,679.6412658690001,-1640.015686035,-1408.291625977,63.13813272716092,-305.079649473018,13.125,11.110009087444446,-0.07503778570222222,-0.00318901543505,-0.14634607815634051,-0.7409043648809639,-0.01707536707471821,526,-0.068655140698,15.000238912762136,5.3793526541463335
-1.6656898468756,40.963876724200006,0.9647986888885,-0.006845619171643235,-0.0035657492957636037,633.169036865,679.474609375,-1640.084472656,-1406.1319580069999,22.13774057628592,-340.28694012244296,13.15,11.110178629555556,-0.07605724036694445,-0.00407191598788,-0.1464370417523382,-0.740904631196391,-0.01705985104047354,527,-0.278373599052,15.271992227554765,5.329813389636079
-1.6644073992952002,40.95812034605,0.960642307998,-0.006931923796172706,-0.0033353049783599936,632.9810180659999,679.126281738,-1640.172424316,-1403.859069824,-18.86437124011408,-375.44023907261794,13.175,11.11034499275,-0.0770172973475,-0.00499831745401,-0.14654995978251392,-0.7409053302766784,-0.01704502888454483,528,-0.48823812604,15.527463107181976,5.224742454388434
-1.6631802976166001,40.9525203705,0.9570167064665001,-0.007012145802366906,-0.003086407087220493,632.7702331549999,678.6275024409999,-1640.276733398,-1401.6892089839998,-59.868681848014084,-410.53671581821794,13.2,11.110507117388888,-0.07790976928333333,-0.00587738025934,-0.14668616382749455,-0.7409055300139034,-0.017030883962145877,529,-0.698281526566,15.755414069163875,5.068714940712039
-1.6621244907358002,40.94713020325,0.953958272934,-0.007086076090496294,-0.002832732931069404,632.542663574,677.998504639,-1640.3940429680001,-1399.833007812,-100.87560018296409,-445.57894604281796,13.225,11.110661824555555,-0.07873231338138889,-0.00662201782688,-0.1468426578310006,-0.7409057297511282,-0.017017360097219263,530,-0.908535242081,15.945787294396462,4.868552813534877
-1.6612395405732001,40.9420013428,0.9513782560805,-0.007153642880038202,-0.0025777024873407588,632.30355835,677.2651977529999,-1640.52130127,-1398.2898559569999,-141.8854512571641,-480.57477123811793,13.25,11.110806994972222,-0.07948410179888889,-0.00723397918046,-0.14701607955236368,-0.7409063622514678,-0.017004471853961634,531,-1.11902594566,16.09014838177347,4.633038491412915
-1.6605118662104001,40.93709564205,0.949275910855,-0.007214836288153007,-0.0023232387455450645,632.056823731,676.4527893070001,-1640.655700684,-1397.0329589849998,-182.89848378891412,-515.5320176370429,13.275,11.110939449722222,-0.0801650020811111,-0.00772430468351,-0.14720328313212389,-0.7409064621200803,-0.016992288932271206,532,-1.32977557182,16.18206437545851,4.372541833294035
-1.6599334359202003,40.9324874878,0.9476234316800001,-0.007269700007360847,-0.0020715934292315327,631.807434082,675.5844116210001,-1640.794189454,-1396.04675293,-223.91487630601412,-550.457841611668,13.3,11.11106024847222,-0.08077549437694444,-0.00809949822724,-0.14740128915920672,-0.7409070946212926,-0.016980910160404577,533,-1.54080176353,16.217398738396966,4.098574386895827
-1.6594979703428003,40.928167343149994,0.9464221596719999,-0.007318331305436891,-0.0018250159212010468,631.558929444,674.680419922,-1640.934204101,-1395.319091796,-264.9347310423641,-585.359010434918,13.325,11.111167271944444,-0.08131665488083334,-0.00836560036987,-0.14760730131420854,-0.7409076938329674,-0.016970437487476495,534,-1.75211787224,16.194509066253794,3.8232889548953284
-1.6591974377608,40.92411613465,0.9456144571325,-0.007360886226963759,-0.0015854697826400699,631.314819336,673.7637023929999,-1641.0730590829999,-1394.8344726569999,-305.9580861448891,-620.241987729818,13.35,11.111260520083334,-0.08179020550527777,-0.00852812174708,-0.14781865643622474,-0.7409077937007071,-0.016960962459653967,535,-1.96373355389,16.114337156918765,3.5589453904526804
-1.6590125620348002,40.92037391665,0.9451446831204999,-0.007397548384435941,-0.001353573210201148,631.078735352,672.853027344,-1641.208496094,-1394.5574340829999,-346.9849126219641,-655.112849546243,13.375,11.111339992944444,-0.08219817446333333,-0.00860387180001,-0.1480329576803015,-0.7409078935693197,-0.016952551655977057,536,-2.17565441132,15.98038561600154,3.3173655013175654
-1.6589356034972003,40.916944503799996,0.945015490054,-0.007428525317171357,-0.0011307191619761028,630.853607178,671.963256836,-1641.338500977,-1394.473327636,-388.0151250243141,-689.9767853983179,13.4,11.111404630861111,-0.08254287143555555,-0.00859890598804,-0.14824814109633624,-0.7409079601483946,-0.01694523940625185,537,-2.38788342476,15.798579912545446,3.1094012850878094
-1.6589585304306,40.913862228400006,0.9451994597935,-0.007454059414419584,-0.0009180936419040988,630.642364502,671.1082153320001,-1641.461181641,-1394.567016601,-429.0485875487391,-724.838618589218,13.425,11.111455493500001,-0.08282698690888887,-0.00852020643651,-0.14846225924804407,-0.7409085593591968,-0.016939034032853992,538,-2.60042047501,15.577020085517695,2.9444405750155584
-1.6590724348996002,40.911067962649994,0.945668131114,-0.007474418552735063,-0.0007166475467381431,630.446533203,670.299591065,-1641.575439453,-1394.82196045,-470.0851170897641,-759.702794004243,13.45,11.111493640472222,-0.08305350111583334,-0.00837513525039,-0.14867356443566676,-0.7409085926487343,-0.016933917850728692,539,-2.81326246262,15.325631594698702,2.8299730467263013
-1.6592682629782,40.9085845947,0.946392923591,-0.007489892454941027,-0.0005271049884189855,630.268127441,669.5466308590001,-1641.6800537109998,-1395.221191406,-511.12450307608907,-794.5733430154929,13.475,11.111520131416667,-0.08322564264138888,-0.00817130506039,-0.14888050869719466,-0.7409086259382718,-0.016929858610659414,540,-3.02640414238,15.055729421443523,2.7712374973612706
-1.6595368146910001,40.9064064026,0.9473451375955,-0.007500785407970099,-0.0003500054261155678,630.10836792,668.8565673830001,-1641.774291992,-1395.747802735,-552.1665044188641,-829.4538728006429,13.5,11.111533906722222,-0.08334679736027778,-0.00791613478214,-0.14908169387275141,-0.7409086925173466,-0.016926810539571385,541,-3.23983860016,14.779514083761487,2.7709679462743164
-1.6598690360826,40.90452957155,0.9484969973575,-0.007507413662236423,-0.00018572048978180575,629.967926026,668.234436035,-1641.857727051,-1396.385437012,-593.2108617186641,-864.3475678690179,13.525,11.111538145277779,-0.08342047532388888,-0.00761678256094,-0.1492759381847161,-0.7409086925173466,-0.016924717461407175,542,-3.45355653763,14.50952176715773,2.829251601797563
-1.6602566033564001,40.902935028049995,0.9498212039455001,-0.007510100750156483,-3.4474773917492296e-05,629.8472595210001,667.683532715,-1641.930114746,-1397.1183471680001,-634.2573048949391,-899.2572037943179,13.55,11.111531787444445,-0.08345029420333333,-0.0072800507769,-0.14946220965829932,-0.7409087258068842,-0.01692352111950237,543,-3.66754698753,14.258053401156973,2.943506964258878
-1.6606909006856,40.901647567750004,0.9512914717200001,-0.00750917436541312,0.00010364894875990004,629.7465820320001,667.2053222659999,-1641.991210938,-1397.931457519,-675.3055577635891,-934.185162473518,13.575,11.111518012166666,-0.08343989650416667,-0.00691242190078,-0.14963967605541287,-0.7409092251499466,-0.01692315701544135,544,-3.88179826736,14.03660901711486,3.108585023372896
-1.6611640423532001,40.90059280395,0.9528827071185,-0.007504961681493794,0.0002286745928975171,629.664886474,666.799865722,-1642.041503906,-1398.810363769,-716.3553380370391,-969.1334489114929,13.6,11.111496819388888,-0.0833929247325,-0.00651987129822,-0.1498076382964677,-0.740909258439484,-0.016923557529915454,545,-4.0962972641,13.85535392759847,3.3169902151111765
-1.6616688728304,40.89978408815,0.9545710980905,-0.007497789871903418,0.0003407201875374187,629.601867676,666.464752197,-1642.0814819329998,-1399.74194336,-757.4063756346891,-1004.1037080057179,13.625,11.111469268805555,-0.083313021395,-0.00610801344737,-0.149965530459501,-0.740909258439484,-0.01692465608386716,546,-4.3110294342,13.72264212557227,3.5592121714212146
-1.6621988207076002,40.8992099762,0.9563341736794999,-0.0074879798683608065,0.0004399777162983544,629.556365967,666.1952819830001,-1642.1119995109998,-1400.7142944339998,-798.4584126830141,-1039.097256589718,13.65,11.111437479666666,-0.08320377932666667,-0.00568182999268,-0.15011293642590506,-0.7409092251499465,-0.016926382977380798,547,-4.52597999573,13.644620094200597,3.824154182660031
-1.6627448320392002,40.898851394649995,0.9581219851960001,-0.00747584792122775,0.0005269579163890451,629.526977539,665.98828125,-1642.133911133,-1401.7117919930001,-839.5112126707891,-1074.115113950568,13.675,11.111401451972222,-0.08306869202194443,-0.00524750957265,-0.1502495565898425,-0.7409092251499465,-0.016928668510540704,548,-4.74113464355,13.624930847774253,4.099639029714909
-1.6633019417532002,40.8986930847,0.959973603486,-0.007461692075703128,0.0006020227787602426,629.5122985840001,665.836029052,-1642.1478881829998,-1402.725097656,-880.5645604491141,-1109.157908750393,13.7,11.11136224536111,-0.08291109568555556,-0.00480938609689,-0.1503752910827008,-0.7409091918604089,-0.01693144194314517,549,-4.95647668839,13.664532653122535,4.3729688768118535
-1.6638685435022003,40.898717880250004,0.9618408381915,-0.007445811937414893,0.000665209201459551,629.510986328,665.735565186,-1642.154296875,-1403.7522583,-921.618257653689,-1144.2260361917931,13.725,11.111320919472222,-0.08273433479999999,-0.00436783628538,-0.15049000674667917,-0.7409091918604089,-0.016934633575278534,550,-5.17199087143,13.76164245505933,4.631513300968651
-1.6644373357276,40.8989124298,0.963706165551,-0.007428496708990896,0.0007171628840151803,629.521728516,665.682983399,-1642.153625489,-1404.7803955079999,-962.6721150755641,-1179.3198426492932,13.75,11.111278533944445,-0.08254161311527779,-0.00392796192318,-0.150593720226459,-0.7409091918604089,-0.01693817994877632,551,-5.3876619339,13.91180791890337,4.863297661783054
-1.6650024771688001,40.8992576599,0.9655537605295,-0.007410019468485628,0.0007585004626523504,629.543304443,665.674438477,-1642.14642334,-1405.799804688,-1003.7259557127891,-1214.439352536993,13.775,11.111235088777779,-0.08233597709083335,-0.00349373882636,-0.15068648145608476,-0.7409091585708715,-0.016942021766705503,552,-5.60347318649,14.10810492490289,5.05756393316344
-1.6655594408530001,40.8997383118,0.967369645836,-0.007390637689470885,0.0007898432549358547,629.5744934080001,665.706085205,-1642.1331787109998,-1406.802001953,-1044.779616296289,-1249.5843476541932,13.8,11.111191643611113,-0.0821202827825,-0.00306849041954,-0.15076850681781193,-0.740909125281334,-0.016946100772419124,553,-5.81940984726,14.341452541607929,5.205276971942852
-1.6661039918670002,40.90033721925,0.9691415131105,-0.007370592720927648,0.0008118263623654763,629.6141662590001,665.774108887,-1642.1144409180001,-1407.780029297,-1085.832945764064,-1284.7543977030182,13.825,11.111148198444445,-0.08189723723472223,-0.00265506957658,-0.15084002933770474,-0.740909125281334,-0.016950363910752796,554,-6.03545618057,14.601031003381872,5.299551858587152
-1.6666302889600002,40.90103912355,0.9708299636845,-0.00735010978722863,0.0008253166126695762,629.6612548830001,665.875610352,-1642.091064453,-1408.723632812,-1126.8858067870142,-1319.9488984354432,13.85,11.111106872555556,-0.08166932397416665,-0.00225813500583,-0.15090139855616866,-0.7409090919917964,-0.016954760207149158,555,-6.25159788132,14.874783118194827,5.3359815416119485
-1.667136433725,40.90183258055,0.9724842309974999,-0.00732938862544168,0.000830964386715937,629.714660644,666.004638672,-1642.063476562,-1409.629028321,-1167.9380833983391,-1355.1669892557431,13.875,11.111066606305556,-0.0814387864536111,-0.00187809194904,-0.1509530971707119,-0.740909058702259,-0.016959240767622924,556,-6.46782016754,15.149975718777997,5.31284873574717
-1.6676160007724001,40.90269851685,0.974039256571,-0.007308616489079904,0.0008297694102101306,629.7733154289999,666.159698486,-1642.032470703,-1410.4855346680001,-1208.989670312389,-1390.407714963768,13.9,11.111028459333333,-0.0812076942788889,-0.00151972041931,-0.15099552465595878,-0.7409090254127214,-0.016963758778795822,557,-6.68410968781,15.413794500833717,5.231211570138302
-1.6679743617726,40.903629302949994,0.9755656123165001,-0.007287838631092508,0.0008316916195479903,629.8362731929999,666.3307800289999,-1641.998596191,-1411.11907959,-1250.040482079964,-1425.669853330468,13.925,11.110992431638888,-0.08097655243333333,-0.00125656079035,-0.151030212329063,-0.7409090254127214,-0.01696826014521743,558,-6.90045452118,15.653944015611728,5.094858363760741
-1.6683192878940003,40.904586792,0.9770441055279999,-0.007267076377570354,0.0008285406890617618,629.902496337,666.517547608,-1641.962524414,-1411.727233887,-1291.090446984739,-1460.947830320218,13.95,11.11095958286111,-0.0807456175486111,-0.00100531836506,-0.1510584751261444,-0.7409084927801217,-0.016972662683399885,559,-7.11684417725,15.859224104355967,4.910133692146436
-1.6686503410374003,40.90561294555,0.978465944528,-0.007246456124612102,0.0008205231177641218,629.9718017580001,666.7151794429999,-1641.924743652,-1412.310485839,-1332.139510095089,-1496.241011167393,13.975,11.110929913,-0.08051627212111111,-0.000765918463003,-0.1510805960080099,-0.7409084594905843,-0.016976899814303125,560,-7.3332695961,16.02005539831427,4.685643904922367
-1.6689670830938002,40.9066696167,0.9798237085354999,-0.007226093865403575,0.0008080175088555913,630.042785644,666.920135498,-1641.885864258,-1412.867309571,-1373.187628686389,-1531.548773313368,14.0,11.110902362388888,-0.0802898241413889,-0.000538667081855,-0.15109689122482925,-0.7409084262010467,-0.016980936167835012,561,-7.54972267151,16.128929038154748,4.431856092829474
-1.6692683458346003,40.907745361349996,0.9811119139219999,-0.007206097270685139,0.0007914232714792953,630.114501953,667.128997803,-1641.8464965819999,-1413.395996094,-1414.234775292839,-1566.870456052643,14.025,11.110879050361111,-0.08006745742416667,-0.00032396192546,-0.15110766038261442,-0.7409084262010467,-0.016984759260405907,562,-7.7661948204,16.18075964816594,4.160609381352822
-1.6695532530516002,40.908834457400005,0.982326716186,-0.007186563608266872,0.0007711325327009784,630.186004638,667.338714599,-1641.807128906,-1413.895263672,-1455.280937707389,-1602.2053559549931,14.05,11.110857857611112,-0.07985025644305556,-0.000122093741084,-0.15111321973136066,-0.740908392912382,-0.016988372212943758,563,-7.98267841339,16.173124644600986,3.8845614299279867
-1.6698212206354002,40.90992736815,0.983465671539,-0.00716758026311923,0.0007475201896611024,630.2565612799999,667.5464782720001,-1641.768310547,-1414.3641357420001,-1496.3261159300391,-1637.5527375467932,14.075,11.11083984375,-0.07963919805166667,6.67723725201e-05,-0.1511139021664428,-0.740908392912382,-0.016991787508985858,564,-8.19916725159,16.106378283592402,3.616596227296411
-1.670069181921,40.910985946699995,0.9844988584504999,-0.00714922317696143,0.0007212132165365663,630.3250732419999,667.750976562,-1641.73034668,-1414.797058105,-1537.3703236937142,-1672.9118409403432,14.1,11.110826068444444,-0.0794351266488889,0.000240057372139,-0.1511100405827122,-0.7409078935693197,-0.016995015551497395,565,-8.41565227509,15.98363579918601,3.3692210125433553
-1.6703002035636003,40.912065506000005,0.9854836761935,-0.007131556848191631,0.0006923009488585995,630.391693115,667.9476928710001,-1641.693664551,-1415.199707031,-1578.4135823607141,-1708.281767392968,14.125,11.110814412444446,-0.0792387459013889,0.000401157769375,-0.15110200116525574,-0.7409078602797822,-0.016998067783781975,566,-8.63212966919,15.81062745254296,3.1539811703958804
-1.6705154538114002,40.91313171385,0.9863902628415,-0.0071146442148138315,0.0006609749313708685,630.455566406,668.135925293,-1641.658508301,-1415.574096679,-1619.4559239744892,-1743.661760068743,14.15,11.110805935333333,-0.07905075947444445,0.000550473865587,-0.15109010016406865,-0.7409078935693195,-0.017000950447608243,567,-8.84859275818,15.59542989923639,2.9809203544962237
-1.6707137644260002,40.9141750336,0.9872183799755,-0.007098541452902907,0.0006276088908745786,630.516357422,668.314086914,-1641.625122071,-1415.918823242,-1660.4973866820142,-1779.051112485718,14.175,11.110799577499998,-0.07887179652861111,0.000687489984557,-0.15107460389545085,-0.740907860279782,-0.017003669784744834,568,-9.06503677368,15.34808809943837,2.858111158603622
-1.6708952814372,40.9151954651,0.987968057392,-0.007083295375819681,0.000592537673064527,630.573699951,668.480926514,-1641.59362793,-1416.233337402,-1701.5380147337892,-1814.449083066768,14.2,11.110796398583334,-0.07870237032583333,0.000812054146081,-0.15105584525460272,-0.740907860279782,-0.017006228916102258,569,-9.28145503998,15.080144887156136,2.7912783574660787
-1.671059566736,40.91618537905,0.988639920951,-0.007068944994692354,0.0005560727819651233,630.6273498529999,668.6354675289999,-1641.56427002,-1416.517700195,-1742.577855432039,-1849.854916501818,14.225,11.110795338944445,-0.07854291134416666,0.000924202380702,-0.15103410720215654,-0.7409078602797822,-0.017008630962573563,570,-9.49784469604,14.804100727271164,2.7835327395351204
-1.6712069124016,40.91714286805,0.989234924315,-0.007055519958022343,0.0005185093369157618,630.677124023,668.77709961,-1641.537231445,-1416.7721557619998,-1783.616962182539,-1885.267859006693,14.25,11.110796398583334,-0.07839375072055556,0.00102407776285,-0.1510097392781687,-0.7409078602797822,-0.017010878004748292,571,-9.71420097351,14.532829147483426,2.8352275807739598
-1.671337464454,40.9180355072,0.989754378794,-0.007043045753097061,0.00048012405699827964,630.722442627,668.905303955,-1641.512634277,-1416.9971923819999,-1824.655392968664,-1920.687162900743,14.275,11.110799577499998,-0.07825516164305554,0.00111194362398,-0.15098302444362052,-0.7409073609375925,-0.01701296900232295,572,-9.93052101135,14.278975517273226,2.9439440396214533
-1.6714516609924002,40.918914794900004,0.9901997745035,-0.007031537984346843,0.0004411935312587581,630.7640991210001,669.0200805659999,-1641.490234375,-1417.193237305,-1865.693208825589,-1956.112092710293,14.3,11.110804875694445,-0.07812733451527777,0.00118792604189,-0.15095426230382583,-0.7409073609375925,-0.017014906035887085,573,-10.1468019485,14.054367185804606,3.104606395070199
-1.6715496480466001,40.91975212095,0.9905730187874999,-0.007021008095075291,0.00040197302264717875,630.801605225,669.121246338,-1641.470214844,-1417.361145019,-1906.7304646849639,-1991.541923642918,14.325,11.110811233527777,-0.07801038523527777,0.00125240208581,-0.15092373581976604,-0.7409073942271299,-0.0170166880651721,574,-10.3630390167,13.869462371239662,3.3097208212031335
-1.6716320097456001,40.920545578,0.990876227617,-0.007011459726301024,0.00036270807383386654,630.834960937,669.209106445,-1641.452453613,-1417.501403808,-1947.767220056064,-2026.975952268393,14.35,11.110819710638888,-0.07790433863805556,0.00130568642635,-0.1508917279524225,-0.7409073942271299,-0.017018318211036138,575,-10.5792322159,13.73286410094715,3.549727231218304
-1.6716987460894,40.9212913513,0.991111904384,-0.007002890797434494,0.00032367241304860183,630.864257813,669.283111572,-1641.437011719,-1417.614257813,-1988.803531396389,-2062.413487363593,14.375,11.110828187722223,-0.07780919472388889,0.00134759384673,-0.1508585549521395,-0.7409073942271299,-0.0170197954332106,576,-10.795378685,13.650921368150126,3.8134468514167805
-1.6717501491278002,40.9219856262,0.9912829995179999,-0.006995291945796555,0.00028510865712665827,630.889709473,669.345184326,-1641.4237670890002,-1417.7003784180001,-2029.839456689364,-2097.853843808918,14.4,11.110838784111111,-0.0777248293161111,0.0013787643984,-0.15082444984533053,-0.7409073942271299,-0.017021123892857138,577,-11.0114765167,13.627435606676444,4.088604233995133
-1.6717876791980002,40.92263221745,0.9913923442365,-0.006988649647528964,0.000247132474123455,630.9112243659999,669.394989014,-1641.412780762,-1417.762451172,-2070.875050866589,-2133.296353269368,14.425,11.1108493805,-0.07765110168194443,0.00140025652945,-0.15078969559315133,-0.7409073942271299,-0.0170223035899932,578,-11.2275247574,13.663486682188585,4.362399826101656
-1.671812212469,40.9232292175,0.9914428293685,-0.006982947778023455,0.0002099204870151693,630.928863525,669.432647705,-1641.403808594,-1417.8015747069999,-2111.910370385639,-2168.740414548668,14.45,11.110861036500001,-0.07758782141750001,0.00141256279312,-0.15075450857733388,-0.7409073942271299,-0.017023338685815334,579,-11.443523407,13.757385895942107,4.622105799144495
-1.6739578515268003,39.76249504085,0.9930230379125,-0.0070220525535591195,-9.774076970802577e-07,618.850860596,669.8791809080001,-1641.524902344,-1417.991516113,-2152.945465600489,-2204.185453916343,14.475,11.111190583972224,-0.07802464895777778,0.00222173589282,-0.15070319279203542,-0.7224656694678264,-0.017018805070177195,580,-11.6594629288,13.904763873821464,4.855657644962802
-1.6777403563214002,37.9593963623,0.9950260519999999,-0.007026583568464689,-0.000373340692471351,597.9919433590001,674.3722534179999,-1643.870056152,-1418.484619141,-2193.9835881590893,-2239.6352418191677,14.5,11.11173841688889,-0.07807883951388889,0.000916731427424,-0.15066186386082753,-0.6909698281260056,-0.016986142855823817,581,-11.8753232956,14.098766713688212,5.052219638140046
-1.6832099616528002,36.15573596955,0.9952522814285,-0.007041663718125673,-0.0008291864536104673,579.518768311,678.993621827,-1648.5089721680001,-1419.209411621,-2235.080339562889,-2275.0973572976927,14.525,11.112807591749998,-0.07825395299333333,-0.00128282222431,-0.15066502636461995,-0.6594987541817495,-0.01693023207739958,582,-12.0911531448,14.330385110913076,5.202678645448781
-1.6893567144874002,34.3508386612,0.993963778021,-0.007068166852316443,-0.0012758096865949687,561.859527588,681.9157409669999,-1654.800170898,-1419.797241211,-2276.293063867089,-2310.5775925882176,14.55,11.114384333305557,-0.07855962548,-0.00398023054004,-0.15073027381132142,-0.6280356697203819,-0.016862609631943273,583,-12.3070354462,14.588886481560529,5.300042373568532
-1.6955328196254003,32.5452327728,0.99167737365,-0.007105052673714814,-0.0016506189212524122,544.443969727,682.910247802,-1661.7218017579999,-1420.2218017579999,-2317.663068139539,-2346.0725236184926,14.575,11.11644109088889,-0.07898422578972222,-0.0067255711183,-0.1508644638407676,-0.5965877153428945,-0.016793812690850955,584,-12.523065567,14.86229037076361,5.3397493150562285
-1.7014326334026,30.7411394119,0.9889462292185001,-0.007150087143861273,-0.0019334081380236138,527.099029541,681.989257812,-1668.472961426,-1420.713500977,-2359.206113183489,-2381.5780686624425,14.6,11.118955612194444,-0.07950285242666666,-0.00911902822554,-0.15106356842171487,-0.5651787762771628,-0.016731005781605947,585,-12.7393398285,15.137900308294043,5.319878809147902
-1.7069730639416,28.93925476075,0.9861789643745,-0.007200998253471606,-0.0021234268924331615,509.80645752000004,679.0435180669999,-1674.62109375,-1421.53704834,-2400.917937219139,-2417.0959061868675,14.625,11.121907764,-0.08009022308722222,-0.0109082153067,-0.15131528707904995,-0.5338161262788378,-0.01667770302850696,586,-12.9559421539,15.402869093354619,5.241252812919813
-1.7122138380970002,27.1405534744,0.983563899994,-0.007255810477944141,-0.0022470819611347284,492.602966309,673.9024658200001,-1680.060119629,-1422.927490234,-2442.7834645628886,-2452.6343323953674,14.65,11.12527741325,-0.08072431716666667,-0.0119684785604,-0.1516027253844532,-0.5025102182557094,-0.016634477635361997,587,-13.1729345322,15.644778925796844,5.107423253604727
-1.7172529429230001,25.345866203299998,0.9812006354330001,-0.007313127218180657,-0.0023307548935521216,475.513168335,666.312225341,-1684.88104248,-1425.0184326170001,-2484.7849675536136,-2488.2075196512174,14.675,11.129038068972221,-0.08138952155916668,-0.0122985588387,-0.1519074243027394,-0.47126496372799603,-0.01660004275442021,588,-13.3903532028,15.852215319229645,4.924539829168257
-1.7220969498194,23.555797576899998,0.9790060818215001,-0.007372333658460004,-0.0023957146980548277,458.558685303,656.0245971679999,-1689.250305176,-1427.7019653319999,-2526.9069936156134,-2523.8329804666423,14.7,11.133162180583334,-0.08207886583277776,-0.0120173273608,-0.15221202335241313,-0.44009667455423157,-0.016572284501534636,589,-13.6082115173,16.015309786519957,4.701096385029112
-1.7267210334556002,21.77099227905,0.976795524361,-0.007432858155420697,-0.00244766610495244,441.712860107,642.842559815,-1693.338012696,-1430.8140869140002,-2569.138251245013,-2559.5255295999423,14.725,11.137612660722223,-0.08278581831194444,-0.0112674636766,-0.15250398903159862,-0.4090094120579895,-0.01654891734356283,590,-13.826499939,16.126224313361227,4.447561067150672
-1.7312753140928003,19.989999771100003,0.974487543108,-0.007494853632769756,-0.0025146888190098198,424.92584228600003,626.609283448,-1697.269042969,-1434.5382080069999,-2611.4717015624133,-2595.295881772792,14.75,11.142352422083333,-0.08351186083416667,-0.010024510324,-0.15277078783859468,-0.37798170450068,-0.01652790541868405,591,-14.0451917648,16.179550472024072,4.175902469780038
-1.8945473045156,18.148397445649998,0.9694175720239999,-0.007797485480252359,-0.014795416140144173,460.45606994599996,596.050994873,-1991.022827148,-1440.661499023,-2653.9034276366383,-2631.159336972967,14.775,11.146817737166666,-0.086918912,-0.127846807241,-0.15512455618900536,-0.34651868661838753,-0.01653128222372352,592,-14.2653360367,16.172415990692595,3.899062421728923
-2.0533875346166,16.2633509636,0.9668433368214999,-0.008422960071183046,-0.023097662713321303,463.254928588,563.665710449,-2286.704040532,-1444.684997558,-2703.6789983153385,-2667.1758744485423,14.8,11.150302886972222,-0.09392077724138889,-0.247864723206,-0.1610584119928586,-0.3152480821257667,-0.016656118940106213,593,-14.4916934967,16.104042957701143,3.630705560819316
-2.2109222441936,14.381031036349999,0.9784957170505,-0.009030837513099122,-0.030115023526052657,467.838348388,540.311523438,-2574.8345336889997,-1448.600524903,-2760.8465993286386,-2703.2929993874923,14.825,11.153647104888888,-0.1007295234336111,-0.360920488834,-0.16814611562846893,-0.2841003908391421,-0.016929995929901194,594,-14.7271184921,15.975948258672602,3.3852486398452504
-2.3656385481330005,12.4653072357,1.004172414542,-0.009864374685083936,-0.0332950667330466,446.083831787,511.740493775,-2855.471130375,-1458.749633789,-2825.2174626708643,-2739.508012510067,14.85,11.15635024177778,-0.11005399127805554,-0.467812538147,-0.1788072654594181,-0.2531437730389599,-0.0173703007221807,595,-14.9752483368,15.79275426021167,3.1778380636207832
-2.3867161333526,10.579018592850002,1.0526466667645,-0.0105667511733698,-0.023458833130162823,420.192550659,487.40502929699994,-2875.349182126,-1475.614929199,-2896.6042409302395,-2775.976753354792,14.875,11.159158282805556,-0.1179204384486111,-0.46155744791,-0.1904129220165153,-0.22256974329563436,-0.017980689961897993,596,-15.2398405075,15.563021261723815,3.0239571385889694
-2.4197320759262,8.717714309689999,1.1228855848300001,-0.011041378494493704,-0.014842296097722666,400.32157898,459.59437561000004,-2908.870849613,-1500.893310547,-2968.4879704833893,-2812.867126584767,14.9,11.162555482638888,-0.12325500448555554,-0.455899327993,-0.20187946169506163,-0.19202245335518825,-0.01867654690701376,597,-15.5209760666,15.300487262747113,2.9379081854771094
-2.4616924405052,6.87725496292,1.2094620466250001,-0.011313150962838331,-0.007169504292985598,382.101028443,428.559402466,-2951.5167846699997,-1534.665161133,-3041.209741723714,-2850.389459348442,14.925,11.166504753972221,-0.12633374167805556,-0.449893057346,-0.21320224060850448,-0.16151948007892888,-0.01938290253257531,598,-15.8184480667,15.024544990386557,2.93044290403847
-2.4988194584808006,5.05387878418,1.30813592672,-0.011393579468064406,0.0007282868480700627,362.70063781700003,395.09135437,-2985.85662842,-1569.410522461,-3114.997661340464,-2888.756088376767,14.95,11.17099550036111,-0.1272831277713889,-0.439331829548,-0.22435114839418435,-0.1310512111208042,-0.020053528106859134,599,-16.1320343018,14.759374982443186,3.0063100278958967
-2.5146326124626,3.248064637185,1.416713774205,-0.011260147815367293,0.010152723250622305,348.42024231000005,360.28096008299997,-2984.15185547,-1601.97442627,-3189.6440770509644,-2927.991351438292,14.975,11.176029841111111,-0.125849056575,-0.41416913271,-0.23507764553974939,-0.10060408100388729,-0.02066286144496353,600,-16.4613265991,14.531940907187922,3.161933208087043
-2.397049459819,1.469611525535,1.534878194335,-0.01079294821697649,0.029831856681341248,334.999771119,322.08396911600005,-2743.36132812,-1630.7929077150002,-3264.247873437714,-2968.040712095042,15.0,11.181767781583334,-0.12068892518666667,-0.294395595789,-0.24427948296268936,-0.07004516886141056,-0.021185540098339076,601,-16.8051738739,14.368715984985691,3.3837257022584923
-2.0668031454112,-0.19182270206525,1.659555912015,-0.009586099318303046,0.06264548422646822,314.140655518,307.05879211499996,-1922.371643063,-1852.910888673,-3332.8319066407144,-3008.8105347879173,15.025,11.188329060861113,-0.10725571877416668,0.130646720529,-0.24768871198723558,-0.039655132340964475,-0.021531393177717732,602,-17.1588726044,14.290915779051815,3.6478129497447953
-1.2143059030172,-1.5194656848900001,1.74037909508,-0.007318462382892575,0.12685856332717133,279.731369018,253.246826172,-185.68682861300002,-2035.984252929,-3380.8911977172893,-3055.133307004742,15.05,11.195284525555557,-0.08193373680111112,0.846124887466,-0.23610748993320121,-0.011636390059555243,-0.021512222579126796,603,-17.5076980591,14.308276504887296,3.92288082407615
0.05328940600160801,-2.4678977727899998,1.8141752481500002,-0.003016250737622663,0.20832446133619023,231.31661224380002,217.7325439452,2167.7152099570003,-2074.041137696,-3385.533368432614,-3106.032913327967,15.075,11.201251347861112,-0.03378588499305556,1.71873342991,-0.20379698761466125,0.014789081769888905,-0.020751261748319965,604,-17.8254871368,14.414186846413816,4.178324146212238
0.52076615393152,-3.48475050926,1.80980825424,0.00232696847144837,0.20099472629167256,185.930999756,184.19896697989998,3194.08477784,-2245.601623531,-3331.3404881836873,-3157.883941770367,15.1,11.20467397902778,0.02607296945319444,2.17300868034,-0.15412227551269678,0.04630997035024469,-0.018829162682282224,605,-18.0832252502,14.58802148103176,4.395075011042754
0.56874264627684,-4.50785779953,1.636669397355,0.006669634157865777,0.1495111618880069,147.20864105229998,148.5954284668,3348.064208986,-2307.41436768,-3251.488368737687,-3214.023982358642,15.125,11.20529704625,0.07473634348972222,2.24042630196,-0.09822357285173174,0.07667288215900686,-0.015908111891311034,606,-18.2640743256,14.804923370337315,4.570619132773476
0.6407020911572401,-5.651109695435,1.3539487123499998,0.009779841166713805,0.10067923208101012,116.8408546448,113.7072753907,3363.292297365,-2182.456726077,-3167.786763513037,-3271.709341550642,15.15,11.203553941527778,0.10957246853250001,2.17298173904,-0.04293575357148777,0.10701226660386096,-0.012462647231022656,607,-18.3649253845,15.0444245709716,4.71525448607114
0.7345738366247401,-6.902316331865,0.9943871200065,0.011713361656852264,0.05610676212121336,99.11938858030001,80.2635879516,3345.051330571,-1981.352905274,-3083.704456078912,-3326.270759702567,15.175,11.199809180361111,0.13119341598611112,2.06221604347,0.010084946841190379,0.1373609845960469,-0.008872474095302734,608,-18.3880805969,15.292327557810339,4.845515582213036
1.0545225292462002,-8.221337318425,0.58906121552,0.01265698725038582,0.031099230077027747,110.44473457330001,51.12286710741,3633.61425781,-1669.969055176,-3000.0781728146367,-3375.804582334417,15.2,11.19434250725,0.1416942146088889,2.02251029015,0.059956199190651274,0.16767047505779165,-0.005378526379305764,609,-18.3375110626,15.538065498151086,4.979424525548716
1.4497805535836001,-9.56727409361,0.1822461653501,0.013433244612690225,0.019913015150435146,105.8851833344,24.9208688736,3925.73278809,-1215.590026856,-2909.237816369386,-3417.553808713816,15.225,11.186184353305556,0.15027579334055555,1.9268103838,0.11047106787551048,0.19776778232090791,-0.002014090995928435,610,-18.2150859833,15.770681764970908,5.133924018366331
1.7801477819692,-10.98567295075,-0.2034466713666,0.013707499230387015,0.004795819450719918,115.5310935974,11.487058639500002,3930.71105957,-596.640914917,-2811.094496667136,-3447.943559385215,15.25,11.176313824111112,0.1532089047961111,1.64010322094,0.1551982258825826,0.22830734077216297,0.0012872282498427316,611,-18.0239562988,15.975511268291342,5.322294324327444
2.4708851158656002,-12.43254566195,-0.5330672860145,0.01382267054457593,0.04248985302004896,169.2740173335,5.296953201299999,4499.36120606,129.9794006352,-2712.826720177886,-3462.85958225814,15.275,11.16503715513889,0.15434044930666665,1.53281021118,0.19237935023090544,0.2585040921350614,0.004536048372178233,612,-17.7742176056,16.13349507129402,5.549966922546886
2.8350085198876003,-13.89086484905,-0.7850015759465,0.014541454601883268,0.02852984138555552,179.3140144346,3.035659790000004,4501.37890625,823.217468262,-2600.3426900263858,-3459.61009724226,15.3,11.150776545194445,0.16215994954111113,1.21097385883,0.22658470831059635,0.28913404826035144,0.007865595304975295,613,-17.4731063843,16.223080798719035,5.810816941884532
3.1302045285672,-15.403409004250001,-0.9847497642049999,0.015258796807143177,0.02847745617471613,217.4355239873,14.0117893219,4520.18334961,1368.14755249,-2487.808217370136,-3439.0296605357103,15.325,11.13532596163889,0.169924861855,0.959598958492,0.25356063265153483,0.3198990432980317,0.011348290125078724,614,-17.1283168793,16.225049197155784,6.08527009760301
3.3354571819268,-16.9717187881,-1.1558468341800001,0.01594123391707153,0.02578174210148786,264.7320251461,34.2397098542,4532.30383301,1753.1343688939999,-2374.803633629886,-3404.8259717234596,15.35,11.118968327833334,0.17726509107472221,0.779291033745,0.2751731669380656,0.3507353028622565,0.01490399300972982,615,-16.7488460541,16.129923507557937,6.341376261304398
3.478796619179,-18.5891981125,-1.313906610015,0.016532689745964866,0.021381317808588027,320.341918945,63.77132129667999,4542.07849121,2024.887939451,-2261.496037804636,-3360.997612501109,15.375,11.101946300916666,0.18356174230583333,0.650445461273,0.29294981714783264,0.3816463806091892,0.018405878194208154,616,-16.3412208557,15.944534960150571,6.540454784720492
3.5874901115900006,-20.247859001149997,-1.4660447835900001,0.017009605721141727,0.01668894552143531,383.79406738299997,102.68696403499999,4553.47229004,2229.186523439,-2147.9440755243863,-3310.375414014834,15.4,11.08446757,0.18856060173777778,0.554283320904,0.3079333273626466,0.41262496948753274,0.021723812808337867,617,-15.9101390839,15.695103547960004,6.646241374187493
3.673997056485,-21.9402132034,-1.61477100849,0.017366840693349872,0.012110785394386035,454.343307495,150.5508499141,4564.09313965,2390.890014648,-2034.1072682733864,-3254.645750928859,15.425,11.0667239295,0.19221335649500002,0.479533225298,0.3208330804715338,0.4436691886432189,0.02475083452414155,618,-15.4590883255,15.425416331654471,6.635352352916609
3.7381536066546004,-23.660289764399998,-1.759533822535,0.017607839086989797,0.007202534252436065,531.190002441,206.48711395220002,4569.47485352,2513.67611694,-1920.0049397821363,-3194.873500562659,15.45,11.048900816166666,0.19456739226972222,0.423050284386,0.3320882317388756,0.4748005098122194,0.027413046863100515,619,-14.9907598495,15.189447597469872,6.506339483478646
3.7880204021898,-25.4031906128,-1.89979696274,0.017726844936948483,0.002327748174270806,613.143859863,269.404563904,4565.50976562,2615.987152095,-1805.7680684441364,-3132.031597639159,15.475,11.03118154738889,0.19556853506305558,0.375299841166,0.34204649013502364,0.5060222619439195,0.029671309679482245,620,-14.5072593689,15.039363192853074,6.284290818011805
4.0005828022944,-27.1620750427,-2.01339673996,0.017831517570796332,0.014373260374596429,697.1174316409999,397.80049133299997,4549.0279541,3025.490356442,-1691.6303243036364,-3066.6319188367834,15.5,11.014014350055554,0.19641740454555556,0.181515946984,0.349874452684998,0.5373209461417764,0.031525637537535754,621,-14.0106134415,15.011579721886227,6.018588532376136
4.0103368222722,-28.92580699925,-2.0726211071,0.018159704321544817,0.011548112511200304,780.700622558,447.87713622999996,4517.87817383,3075.5175170949997,-1577.9046254511363,-2990.9946599257332,15.525,10.997491412694446,0.19973314470722223,0.157260686159,0.35412828660385326,0.5686800840960781,0.03306532331595958,622,-13.505897522,15.114537484274642,5.772822168223149
4.0001800477548,-30.7012434006,-2.1305644512199997,0.01839833603868339,0.00753145805373799,867.467559814,536.794555664,4474.10534668,3096.261657718,-1464.9576711053862,-2914.1067219983584,15.55,10.98166571722222,0.20206716325555557,0.135516658425,0.35778320888398707,0.6001028216668081,0.03433887607743896,623,-12.9956226349,15.323551332855908,5.608485914012584
4.0614001989344,-32.4846982956,-2.175256729125,0.018591492199818663,0.010982753580398012,953.7995300289999,647.7373962409999,4423.42492675,3251.6979370070003,-1353.1050374383863,-2836.700180555408,15.575,10.966901779166667,0.20391457610666666,0.0508903823793,0.36038827977347415,0.6315644746780636,0.035362018875882174,624,-12.4807138443,15.585785413404672,5.567919350336868
4.0980225324626005,-34.26739501955,-2.173347353935,0.018986484762487835,0.014986364790306126,1037.4246521,747.085021972,4371.61450196,3362.52111816,-1242.5194142696364,-2755.407732130233,15.6,10.95332887438889,0.20799020926166667,-0.0117560978979,0.36021344324825133,0.6630429888291487,0.03620711479117457,625,-11.9644508362,15.833532433120006,5.661855630557874
4.071773684027,-36.0521144867,-2.171728014945,0.019340125507446605,0.01341737695795673,1121.869873047,848.234313965,4322.3781738200005,3353.3133545,-1133.2290517206366,-2671.344704176233,15.625,10.940729777027778,0.2116214566761111,-0.0207662861794,0.3598077106550733,0.6945224184412053,0.036921000088444345,626,-11.448682785,16.002403520804105,5.865641159529808
4.048861068485801,-37.83787345885,-2.168090343475,0.019660666073018397,0.01230841275321121,1205.136169433,948.3126220700001,4278.48278808,3344.75805664,-1025.1695973751366,-2587.5118703137327,15.65,10.929174423222223,0.21490252680250002,-0.0280454028398,0.3591949172888187,0.7259894643540432,0.03751137712908268,627,-10.9337091446,16.048765756187656,6.125945258833294
4.033198910953801,-38.41308021545,-2.163225769995,0.020004076534438288,0.011895443853109285,1255.568908692,1047.105133057,4236.03442383,3334.86901855,-918.2075276731366,-2503.8929188977327,15.675,10.919025209222221,0.21845416890250002,-0.0345201343298,0.35837805920437094,0.738465541823009,0.03798374700501429,628,-10.41979599,15.961031964562586,6.3751274071794475
4.0260825097514,-38.40574646,-2.15612637997,0.020305569256359554,0.012248900465517814,1293.539489746,1150.559326171,4199.75512696,3324.20385742,-812.3066670773866,-2420.5211934339827,15.7,10.91066360475,0.22157770064138888,-0.0282005444169,0.3575856356212406,0.7383561524813637,0.03833230069622361,629,-9.90711784363,15.762317271749136,6.548930427747441
4.023554414511801,-38.3967628479,-2.14539039135,0.02061758562583609,0.012684661239176529,1334.182189941,1249.395446777,4173.78991699,3312.44470215,-707.3127889033866,-2337.4160969984828,15.725,10.904396904833332,0.22485421763527777,-0.0180870443583,0.35700273623696094,0.7383254262600789,0.038581988693168194,630,-9.39545822144,15.504044949466827,6.602933226935029
4.0222056686868,-38.38280296325,-2.1322337389,0.02093804088686989,0.012886839898712088,1372.639160156,1341.4249267579999,4155.0123291,3298.76599121,-602.9680409786366,-2254.6049794447326,15.75,10.900054507777778,0.22825913296805556,-0.00591860059649,0.3567010999550765,0.7382997933354118,0.03876463160960867,631,-8.88444805145,15.252508452539411,6.5235912102681315
4.0203358829004,-38.36499881745,-2.118554472925,0.021258487825650225,0.012673695465338745,1408.035644531,1426.9476318359998,4139.73925781,3283.34643554,-499.0927327511366,-2172.1358296644826,15.775,10.897472169666665,0.2316986852222222,0.00687330076471,0.35671388312699986,0.7382798862059566,0.038907847258470324,632,-8.37365531921,15.072004173809228,6.331381233940366
4.017174887657401,-38.3449134827,-2.106157541275,0.021567560153673206,0.011977535793719431,1440.26184082,1506.599731446,4125.328125,3266.81573486,-395.59925130588664,-2090.0521687759824,15.8,10.89652273388889,0.2350478702122222,0.0191742461175,0.3570411856257069,0.7382653386885465,0.03903071053094562,633,-7.86262464523,15.008633178800919,6.075481110713995
4.0128751397154,-38.3241567612,-2.096594333645,0.021853223711950878,0.010834743201342718,1469.4659423829999,1580.726806641,4110.42321778,3250.40930176,-292.4660481808866,-2008.3817754044824,15.825,10.897101296305557,0.2381747133202778,0.0301464181393,0.3576617354498328,0.7382560176241585,0.03914345795239443,634,-7.35091972351,15.078672358268589,5.821351291692921
4.0082625925510005,-38.303894043,-2.09054160118,0.022105953538179943,0.009367508928566914,1495.915893555,1649.401916504,4094.7236328199997,3235.751831053,-189.70546773638662,-1927.1215428604824,15.85,10.899111429861112,0.24097452561055555,0.0391782410443,0.358532555837024,0.7382497259068092,0.039249705596317484,635,-6.83814764023,15.264330120585731,5.634222617041267
4.0039187431292005,-38.2849111557,-2.08819496632,0.022318996022351274,0.007681976589610792,1519.80279541,1712.254638672,4078.62561035,3223.544555667,-87.33737691588667,-1846.2277470841573,15.875,10.902455647777778,0.24337227145833337,0.0462201088667,0.3596040454113299,0.7382443662938917,0.03934947426861027,636,-6.32398319244,15.518000845057134,5.56247812097798
4.000357037783401,-38.26780986785,-2.08939361572,0.022488204539669487,0.005878894816835338,1541.2106933599998,1768.764099121,4062.84594726,3214.1837158159997,14.628263342863335,-1765.6391331924822,15.9,10.907021628472222,0.24532069762555553,0.0514027476311,0.36082803424778487,0.7382407710273338,0.0394415655469704,637,-5.80816936493,15.77413293498634,5.625040759636817
3.9979723453558003,-38.2527265549,-2.09382379055,0.022611783536589904,0.004045147940453102,1560.1328125,1818.401794434,4048.12561035,3207.863098146,116.19941202436334,-1685.2845402970822,15.925,10.912683275,0.2467973033586111,0.0548910014331,0.36216008084613116,0.7382359440478885,0.039525034841055275,638,-5.29051351547,15.96593104921999,5.806048640616461
3.9970140874398,-38.2398900986,-2.1010620594000002,0.02268988697733249,0.002250392967366115,1576.5122070319999,1860.75213623,4035.06005859,3204.64129639,217.40255228311335,-1605.0879628434323,15.95,10.919302834416666,0.24780026740499997,0.0568254888058,0.36355963857763374,0.738231216937056,0.03959983637820901,639,-4.77088499069,16.0427758841521,6.058414001472917
3.9973038136990002,-38.22927761075,-2.110647559165,0.022724006648215986,0.0005214562065846079,1590.264343261,1895.512268067,4024.03881836,3203.9541626,318.2790537478634,-1524.9719304336822,15.975,10.926728778416667,0.2483418087163889,0.0575322322547,0.3649909212165457,0.7382249252188341,0.039666885619927116,640,-4.24920749664,15.983860809018875,6.31565894173266
3.9989767491786,-38.22105026245,-2.1222717762,0.022716108711162933,-0.0010954906642184428,1601.321777344,1922.656921387,4015.2568359300003,3205.942871091,418.88002420686337,-1444.8730763686822,16.0,10.93480639988889,0.24843898084416668,0.056961491704,0.36642510004260104,0.7382192660009517,0.03972766811053281,641,-3.72545075417,15.804304289175489,6.509221166021719
4.0022017061698,-38.2150697708,-2.1354231834400004,0.022669875818399948,-0.0025429596783779194,1609.559265137,1941.977600097,4008.79504395,3210.9292602530004,519.2614451051134,-1364.7245045914071,16.025,10.943376753055555,0.24812748034805557,0.054946038872,0.3678269880399824,0.7382117758602529,0.039783935710998294,642,-3.19963097572,15.551808486483273,6.586815731286858
4.0068186342674,-38.2114505768,-2.1496572494499997,0.022589926890242782,-0.0037942750448724076,1614.819030762,1953.2154541,4004.68774414,3218.696289062,619.4813212038633,-1284.451273085082,16.05,10.952276653722222,0.24745321936083334,0.0515400469303,0.36916069911520305,0.7382049182207664,0.03983752766674258,643,-2.67181611061,15.294394293130182,6.526921590846035
4.0125708103194,-38.2100429535,-2.164420485495,0.022481338577405894,-0.004834559602051539,1617.1079101569999,1956.714233397,4002.88818359,3228.802551266,719.5985148073634,-1203.983865858532,16.075,10.961340798277778,0.24646715985416665,0.0469108112156,0.37039380927794846,0.7381969287378779,0.03989008348630888,644,-2.14212465286,15.102221648503873,6.345266896549713
4.0191775620024,-38.21082210545,-2.179372668265,0.022349605730167532,-0.0056569447869715085,1616.5938110349998,1953.0522460900002,4003.2775879,3240.7117919909997,819.6707193971133,-1123.263802076882,16.1,10.970414479583333,0.24522528052333334,0.0413161106408,0.3714976895504135,0.7381890724122668,0.0399428265594581,645,-1.61071872711,15.02831116326818,6.091201446572841
4.025687056780201,-38.21361541745,-2.194195747375,0.022199137128583506,-0.006332391619179517,1613.557678223,1942.960327148,4005.66821289,3252.6399536100002,919.7526590946134,-1042.246007277107,16.125,10.979355706111113,0.24377226829527776,0.0355570949614,0.37245985636214896,0.7381801508223287,0.0399964309988444,646,-1.07779335976,15.093538169563985,5.834601751626859
4.032675242426601,-38.2183141708,-2.208663344385,0.02203446014643606,-0.006797148079363813,1608.352050781,1927.403320312,4009.81762696,3265.5957641550003,1019.8943644168634,-960.9300084368571,16.15,10.988038380944444,0.24215469757722222,0.0292803253978,0.3732712216772746,0.7381713291018757,0.040050830225218284,647,-0.543555438519,15.28029577161318,5.646700760939805
4.0399397194338,-38.22468757625,-2.222390413285,0.021860822043515606,-0.00705584869197378,1601.3488159180001,1907.311035156,4015.4475097699997,3279.178161625,1120.1398050908633,-879.2901143329821,16.175,10.996357599888889,0.24042771922222222,0.0226943250746,0.3739212660106709,0.7381626405387001,0.04010568302130046,648,-0.00822883658111,15.536890675550817,5.58013037346274
4.0472240567192,-38.232386589049995,-2.235165715215,0.021683147586749107,-0.007126377728079786,1592.917236328,1883.655029297,4022.2600097699997,3292.890502925,1220.5259928351134,-797.310660292357,16.2,11.004226472638889,0.23864366941972223,0.0160408150405,0.37440542869657456,0.7381526203948975,0.04016056078449211,649,0.527950942516,15.791686262138418,5.653875629356646
4.0543232262092,-38.24127578735,-2.2466683387749997,0.02150592253865143,-0.007027178098363567,1583.4268798829999,1857.3703002930001,4029.95532226,3306.344299318,1321.0824930793633,-714.988397719232,16.225,11.01158036125,0.23685071203444444,0.00951132271439,0.37472437552748084,0.7381436655162946,0.040214993300578004,650,1.06474494934,15.973137910230534,5.847574912388277
4.061046510936801,-38.25100898745,-2.25675690174,0.021333110431649045,-0.006780028426828568,1573.222412109,1829.361999512,4038.24694824,3319.1710815399997,1421.8313761358634,-632.329790236282,16.25,11.018372641666666,0.23509182863777778,0.00328179891221,0.3748834994014813,0.7381344776100566,0.04026846042060035,651,1.60191810131,16.030045593916547,6.106974628837564
4.0672502160108,-38.26136779785,-2.26535260677,0.021168113037943255,-0.006407947371833368,1562.629516602,1800.473388671,4046.86901855,3331.087280278,1522.7875498418634,-549.350513197782,16.275,11.024574703638889,0.2334043052461111,-0.00251132575795,0.3748921546759922,0.7381258889154934,0.040320400384159454,652,2.13924527168,15.94617880906653,6.359110764507297
4.072804665567401,-38.2720832825,-2.272309064865,0.021013764127514684,-0.005935216512698873,1551.943847656,1771.4375,4055.58337402,3341.837829588,1623.9592753056136,-466.07333119083194,16.3,11.030175950805555,0.2318196495375,-0.00773557834327,0.3747626584676666,0.7381175998267675,0.04037022230253214,653,2.6765165329,15.745002428620957,6.532922070149312
4.0776365518532005,-38.28293132785,-2.2777689695400003,0.02087225040505719,-0.005385326802762975,1541.430847168,1742.986755371,4064.1804199199996,3351.261718751,1725.3488596561135,-382.5273854511319,16.325,11.035180621666665,0.23036249809805553,-0.0123246917501,0.3745105569809122,0.7381098766593063,0.040417339447860155,654,3.21354198456,15.483094035408863,6.579380568453669
4.0817406177562,-38.2936782837,-2.281638026235,0.020745288361223944,-0.0047756158368440355,1531.312255859,1715.703735352,4072.48461914,3359.3336792,1826.9533701541136,-298.7458424823569,16.35,11.039604610861112,0.2290526363586111,-0.0162557382137,0.374151862471916,0.738102419808145,0.04046118173731581,655,3.7501540184,15.234134007619733,6.485353159457687
4.0851037204278,-38.3041238785,-2.284020900725,0.020634124272278342,-0.004125628980683075,1521.77331543,1690.074157715,4080.34997559,3366.01062012,1928.7654856326135,-214.76250050235691,16.375,11.043478647861113,0.2279048495822222,-0.0195057448,0.3737033861440194,0.7380951626950812,0.04050125815061386,656,4.28620862961,15.068077240110046,6.277240568946085
4.087725275758601,-38.314163208000004,-2.28493821621,0.020539515474456465,-0.0034542954839947644,1512.961975097,1666.479003907,4087.65930176,3371.27996826,2030.7742350223634,-130.6122349993569,16.4,11.046838760388889,0.22692864139861113,-0.0220655836165,0.37318233867675904,0.7380894036085864,0.040537206664055934,657,4.82158565521,15.03147286801305,6.013413284033061
4.0932230651354,-37.3057785034,-2.28568768501,0.02050590138810722,-0.0025785557912038964,1485.24609375,1645.62487793,4089.31848145,3375.54748535,2132.9657175663633,-46.33023579285688,16.425,11.050138473499999,0.22662480672194446,-0.0253163184971,0.3725784336091598,0.7226121433280536,0.040564811993339195,658,5.35617685318,15.134514592490563,5.7676820960133774
4.103522366286,-35.515675544749996,-2.285868406295,0.020459054720118577,-0.0011689324027262366,1442.480163574,1634.482299805,4088.79846192,3380.70880127,2235.198679602613,38.05845134089313,16.45,11.053982840638888,0.2261855867175,-0.0224246028811,0.3719774913095243,0.6910700628509504,0.04055894471650211,659,5.88987445831,15.348396126090906,5.608560970511288
4.118622010942601,-33.7262601852,-2.2826329469699997,0.020450386963012893,0.0004615392107382359,1407.438232422,1625.402832031,4092.7823486400002,3388.06396484,2337.418641150613,122.57617137264313,16.475,11.058931350694444,0.22619096769222224,-0.018221128732,0.37146739609224344,0.659634242501587,0.04052146904659679,660,6.42276239395,15.613603097635936,5.580249093746458
4.1353881657088,-31.933109283449998,-2.275734782215,0.020482869205960215,0.0020887654867436456,1374.673522949,1614.9138183599998,4100.34887696,3395.97668457,2439.738199866613,207.27777049364315,16.5,11.06498930188889,0.2266744275888889,-0.0134233580902,0.37107131745970096,0.6282097072975777,0.040466549671439644,661,6.95499229431,15.856595338534472,5.690584585515436
4.1519463717956,-30.1365556717,-2.265872478485,0.02055412124868821,0.0035411842354579203,1342.86328125,1602.398864746,4109.22045898,3403.61840821,2542.2469217906128,292.1771876078932,16.525,11.072138680361112,0.2276101377275,-0.00872042961419,0.3707953806815585,0.5967979552663647,0.040409466477916586,662,7.48673439026,16.01012605599834,5.909082645184289
4.167277622223801,-28.339239120499997,-2.25400137901,0.02065843602022623,0.004737189855284656,1311.520385743,1587.317932129,4117.69458008,3410.86950684,2644.9774332651127,377.2676478131432,16.55,11.080365710777777,0.22893557945888887,-0.00475756963715,0.37062903298228644,0.5654205913038146,0.040361400581381025,663,8.01815414429,16.03170360139713,6.17545170921912
4.181042540073,-26.54266929625,-2.24089431763,0.020789261728048018,0.005668538380228205,1280.368225098,1568.857666016,4124.96105957,3418.04882813,2747.919797767113,462.53938548414317,16.575,11.089650260083333,0.23057884640166668,-0.00198836484924,0.3705474403843721,0.5340911975298782,0.04032786139653477,664,8.54939079285,15.915216605556898,6.416211344251296
4.1932755887484,-24.7482557297,-2.227110028265,0.02094043773182369,0.006375189450133892,1249.155822754,1546.090454101,4130.97253418,3425.4899902399998,2851.0438242563628,547.9906061873932,16.6,11.099956300527777,0.23247192303333333,-0.000551982899196,0.37051844521729144,0.5028183293495809,0.0403093274598465,665,9.08054542542,15.6925991164983,6.56488540945079
4.2041893899418,-22.956858634950002,-2.2129096984850003,0.021106941476097242,0.0069080999476868275,1217.564880371,1518.102905273,4136.13269043,3433.43469238,2954.318137610863,633.6278559433931,16.625,11.111227671305556,0.2345588637722222,-0.000359778729035,0.370509390470076,0.4715994734050243,0.04030299412983365,666,9.61167049408,15.42508179230349,6.58028671513489
4.213550293444801,-21.169637680050002,-2.1982779502899996,0.02128499876210852,0.007286392097705505,1185.254211426,1484.084716797,4141.02526856,3441.08886719,3057.721454871613,719.4637232528931,16.65,11.123384899555555,0.23679698507,-0.0008320013294,0.3704938109770036,0.4404565175518348,0.04030462947716283,667,10.1427764893,15.186386013594916,6.457896880374641
4.2211807250998,-19.3871192932,-2.18348813057,0.02147019248754823,0.0074945306204613924,1152.033569336,1443.969177246,4146.1464843799995,3447.67602539,3161.247086585613,805.4909449326432,16.675,11.136334737138888,0.23913600378555555,-0.0013299160637,0.3704656480492328,0.4093893785657325,0.0403096853219818,668,10.6738538742,15.042436798144392,6.231187502047127
4.100948709249,-17.64635419845,-2.16995310783,0.02156004920725347,-0.0030439580159334068,1051.037658692,1404.101257325,3929.46350098,3452.26452637,3264.900748695113,891.6828455673932,16.7,11.150081422583334,0.24043354723194443,-0.0932387635112,0.3696227908525876,0.37881206148428886,0.04030953551915037,669,11.2046833038,15.033129178716925,5.962464311374139
3.9788615107584,-15.9503836632,-2.157421946525,0.021363607787385358,-0.010874883072683063,966.8283691409999,1368.690734863,3704.602294924,3457.7990722699997,3363.137336219613,977.9894587266432,16.725,11.165009604555555,0.2385611832141667,-0.191046208143,0.36596280856624624,0.3481917509944139,0.04023832924960188,670,11.7323188782,15.160980011210503,5.725383459892812
3.9816898465204003,-14.24436855315,-2.134675621985,0.021150821216304388,-0.006235009909000917,950.3432006840001,1311.532775879,3699.314941406,3466.73254395,3455.7523935927134,1064.4344355333933,16.75,11.180801391611112,0.23651839958305557,-0.199247151613,0.3610636574265727,0.31722657778920593,0.040038579684323915,671,12.2534093857,15.390839602276792,5.583802530339163
3.7354964196704,-12.6152434349,-2.102391481395,0.020815654070605375,-0.022129095991974417,743.506195069,1256.319946289,3287.620788572,3466.62426758,3548.235267127863,1151.1027491321433,16.775,11.196659935833333,0.23309946060194442,-0.360193431377,0.3542001919542126,0.28706220880099137,0.039719420633597936,672,12.7664203644,15.661309161851705,5.574254324897686
3.7384880185128,-10.951792717,-2.0584219694100003,0.020382249570465357,-0.013005834305454444,740.76461792,1196.959594727,3301.420837397,3456.09423828,3630.4257868421632,1237.7683558216434,16.8,11.212537553583333,0.22856838173333335,-0.358889847994,0.3451606575556668,0.2562458813331566,0.0392486819437815,673,13.2676277161,15.903138005814608,5.697531237765129
3.7417080104320006,-9.275444984435,-1.9951753020299998,0.020167977454712105,-0.004398906499168094,719.621307373,1109.925354004,3336.539733889,3432.7634277399998,3712.961307777088,1324.1707117786434,16.825,11.228328280972221,0.22648337814555555,-0.337658643723,0.33641593508992923,0.2254564268254786,0.038669123995147284,674,13.756029129,16.057959432954927,5.921475936777312
3.7441029250632005,-7.57822585106,-1.91897559166,0.020159842329857167,0.0034359316359078426,692.4687194820001,1013.0215148929999,3387.956420898,3394.45117187,3796.3748011243133,1409.9897974721434,16.85,11.243671841083334,0.22670134901999997,-0.301538437605,0.3284002529715782,0.19474147424946595,0.03805937245747909,675,14.232383728,16.091356973966384,6.19245144570431
3.7355335116414,-5.86076283455,-1.838132500645,0.020323970035072397,0.009246167611107178,664.23336792,911.300689697,3444.6435546820003,3331.72558594,3881.0737116467635,1494.8510767688936,16.875,11.258468627916667,0.22884830832472222,-0.252829551697,0.3214642496502644,0.16406897412476248,0.03748148730692555,676,14.6980018616,15.997897719799376,6.449742245933396
3.7130192697066002,-4.12875843048,-1.76007539034,0.02060131953716568,0.012574871382952237,637.153411865,804.915252686,3480.389526362,3264.76147461,3967.1898005138137,1578.1442164173936,16.9,11.272747251722222,0.2322663201225,-0.208346948028,0.3156962422034935,0.13343169430593754,0.036967905013079956,677,15.1545553207,15.799218583063887,6.638983696101271
3.6311523258724003,-2.387375593185,-1.689587295055,0.02090730426289922,0.010012607687779373,610.159027099,693.912780762,3408.98498535,3196.73181152,4054.1995386728636,1659.7632532826433,16.925,11.286537382333332,0.23600545194416667,-0.202487722039,0.31073580506806536,0.10274158402908021,0.03652111396725511,678,15.6035499573,15.537194816547471,6.722344255245557
3.2827270030954003,-0.6746869534255,-1.6365903615950002,0.020925750814617027,-0.014709479260729245,571.368972778,571.167755127,2922.542114254,3057.0848999,4139.424163306614,1739.6815485706434,16.95,11.30001068113889,0.23649571670416666,-0.316634684801,0.3045353668382498,0.07192952594141763,0.03609182072176599,679,16.0449047089,15.26424363176235,6.684626754843083
2.3832892149724,0.8382198512545,-1.629934370515,0.019780851620165504,-0.08133959759367423,488.58419799800004,459.336669922,1419.151443479,2928.011474606,4212.487716162964,1816.1086710681434,16.975,11.313007142805557,0.22381009327027776,-0.813775420189,0.2919058247105477,0.041822030006640726,0.035475469538308636,680,16.4740066528,15.031942538455677,6.535083227923721
1.2077084243294,1.8503935933150002,-1.6340350508700001,0.016706967631873026,-0.15539648158110936,352.524719239,364.350036621,-711.6987609859999,2919.441711429,4247.9665022499385,1889.3089579332934,17.0,11.324397193055555,0.18921393487194446,-1.56952810287,0.26174417714093196,0.01570884086278976,0.03424063664221643,681,16.873260498,14.878304926289035,6.304018595274817
0.31445970162782,2.784239411355,-1.60244524479,0.012368829059253605,-0.18899388991867228,249.63366699300002,267.123924255,-2160.932617186,2741.303527834,4230.174033225288,1962.2950007190184,17.025,11.332675086138888,0.14017906453861112,-2.01543474197,0.21623047114964555,-0.012383796856817196,0.03197284678309893,682,17.2173213959,14.81768922631048,6.031511179690046
-0.32381874322882004,3.7992525100699996,-1.5351243615149999,0.007405149836823905,-0.1925561841266322,165.5292663575,179.6153259277,-3046.53808594,2459.372558596,4176.1507177956355,2030.8275889148674,17.05,11.336946487416666,0.08395331601305556,-2.23853158951,0.16316696978588793,-0.0434193919479178,0.028536185118603376,683,17.490354538,14.841528658333216,5.751681565073567
-0.43177689462922,4.821838617325,-1.3535997867549998,0.0031431896347771963,-0.1464422682058841,102.2042846679,98.3557052612,-3104.708862308,2314.389648433,4099.987265647135,2092.3119028797673,17.075,11.337388356527779,0.03563567996027778,-2.20007133484,0.10725040730071428,-0.07367139558073746,0.02408590145657937,684,17.6844558716,14.928656186066936,5.48331265417917
-0.50279582440836,5.966415405275001,-1.081704616549,0.00010189016362639835,-0.09915233363711994,59.975917816199996,28.90460395817,-3030.2940673860003,2100.278747554,4022.3695440894353,2150.1716440905925,17.1,11.33470217386111,0.0011548947077249998,-2.07641506195,0.05376073774398488,-0.10388336857335127,0.019044106829908106,685,17.7999782562,15.055557612292828,5.230411778165307
-0.6314569175241601,7.225608587265,-0.7441897988315,-0.0018602310251432021,-0.06022596908664284,36.42782831196,-26.4492721558,-3000.032836913,1821.900024413,3946.612192404785,2202.6786127794426,17.125,11.329509947027779,-0.021075529770722225,-1.94005036354,0.003492226023965929,-0.13408779316879388,0.013792477996002523,686,17.8410949707,15.201402900118694,4.987597186223272
-0.47731944546132,8.671056747435,-0.365389190614,-0.0025971097536254617,-0.003364595069013474,26.467966437344,-66.861032486,-2326.382019045,1425.001342774,3871.6113714819603,2248.2261133897678,17.15,11.322964562305556,-0.02940704632138889,-1.49349057674,-0.03952010383195825,-0.16492595439638594,0.008620765320842182,687,17.8139801025,15.348558089023882,4.745713964228043
-0.79723305404162,10.1964726448,0.0006326436995000018,-0.0025708643531129048,0.003267598788986756,35.0833036396684,-93.22520256039999,-2380.155151367,881.396636962,3813.451821005835,2283.851146959116,17.175,11.315631866444443,-0.02909101752777778,-1.27208244801,-0.07422389747710788,-0.19510748412887097,0.0038368507723645696,688,17.7320690155,15.482048279038992,4.496463461854915
-1.1665030419798001,11.774435997000001,0.3076105415825,-0.0025235245841272905,-0.0007747105052312795,51.879910945889996,-109.5012245179,-2428.51751709,241.5238113401,3753.94794222166,2305.886062883166,17.2,11.307092242777777,-0.028533788605,-1.0020815134,-0.10269616048781562,-0.22550005273250423,-0.0005210021168135793,689,17.6046028137,15.588572098141483,4.235128667476102
-1.1940634712594,13.50174379345,0.544740140438,-0.0021565014546278747,0.01383948486984015,58.687756538399995,-118.849319458,-1853.041442875,-378.89733123770003,3693.23500429441,2311.9241581666683,17.225,11.298934088805558,-0.02436620700691667,-0.484778791666,-0.11959393424912622,-0.2565660515534747,-0.0044474088003605495,690,17.4437026978,15.656367874260102,3.9617431393802964
-1.4721648275852,15.24380254745,0.7025071084500001,-0.002013146926130281,-0.0015229359514425747,82.4139099121,-128.400440216,-1874.5206298839998,-874.048461914,3646.908968222535,2302.451724885726,17.25,11.290555530111112,-0.022729577289694446,-0.271175354719,-0.12888717635325753,-0.2871702332724725,-0.007859698899884535,691,17.2649383545,15.6770233079496,3.6812588218415234
-1.6527849078188002,17.00493431095,0.797763258219,-0.002202911457888112,-0.012748658248540243,106.45186996460001,-136.1783599853,-1885.237976077,-1201.497955322,3600.045952475435,2280.600513337876,17.275,11.281556023499999,-0.024852309789916666,-0.129740133882,-0.13377029027137985,-0.3179354446925828,-0.010790024981558045,692,17.0762004852,15.646114518171203,3.402070479646355
-1.7537345021952002,18.78114795685,0.855089128017,-0.0026186842192755496,-0.019771721971098062,131.58560180659998,-141.6932907105,-1885.660278324,-1392.836791992,3552.91500307351,2250.563064454825,17.3,11.272017161055555,-0.029517921308611108,-0.0444069094956,-0.1358548796146966,-0.3488166284557952,-0.013245520884164214,693,16.8826408386,15.562734957596854,3.134149366108321
-1.8048973262292,20.568571090699997,0.8896404802819999,-0.0031720344781852984,-0.024081328309617647,157.6267433167,-144.6372528076,-1877.386901859,-1501.0003662109998,3505.77349611541,2215.742144655025,17.325,11.262034310222223,-0.03572367959555555,0.00754762953147,-0.13626362490778846,-0.37979694838921557,-0.01521221021342399,694,16.6874217987,15.429180435732045,2.8876798471101726
-1.8243646234296,22.362418174749997,0.907331228258,-0.0038090948601575128,-0.02662007192312913,184.25029754690001,-145.3074302673,-1862.182128902,-1557.314453125,3458.838823568935,2178.2171354997504,17.35,11.251697540277778,-0.04285898887444444,0.0387538522482,-0.13565429365029105,-0.41086144085926923,-0.016684611642882465,695,16.4924545288,15.250410806187498,2.672075142652128
-1.8226592689718,24.15734386445,0.9102206826229999,-0.004493389420912164,-0.027901922095936893,210.9825897216,-144.2884979248,-1840.6375122059999,-1580.4835815430001,3412.284270346385,2139.2842741716254,17.375,11.241081025861112,-0.050510896576666665,0.0566634982824,-0.1344366963999723,-0.44199755571730454,-0.017687211690323723,696,16.2988853455,15.033452256854606,2.495333099836247
-1.8065112650424002,25.950154304500003,0.8991331458095,-0.005196764594607082,-0.028218913167082943,237.626228333,-142.1231079101,-1815.572265622,-1580.192504883,3366.268332541235,2099.7721846330505,17.4,11.230244106722223,-0.05836146159305555,0.0648051723838,-0.13290023554337638,-0.4732247506835843,-0.018279257367828722,697,16.1073608398,14.786800895782745,2.3636577671302548
-1.7626668035998003,27.73825454715,0.8777997791765,-0.005883199046921669,-0.026019318957334493,264.099235535,-138.4392700195,-1790.707214354,-1528.765258789,3320.879025900685,2060.2673720109756,17.425,11.219225989444446,-0.06600569933666667,0.0483576059341,-0.13140490388076348,-0.5045300095611681,-0.018545739924480453,698,15.9181194305,14.519860630096861,2.2812929982766965
-1.7355405986296002,29.52044487,0.8514819443225,-0.006520750449214037,-0.024967773962013443,290.565200806,-135.7935867309,-1769.6635131829998,-1504.263061524,3276.111345541835,2022.0482405412506,17.45,11.208018196944444,-0.0730857253075,0.0441268347204,-0.13023990406180197,-0.5359008487796064,-0.018575461218343137,699,15.7307567596,14.242449046952354,2.2505642511120283
-1.7079668074812002,31.29718494415,0.8184797763825,-0.007129280677693415,-0.02370888939245224,317.22744751,-132.7612571716,-1754.188476563,-1473.7407226569999,3231.86975771226,1984.4416640031507,17.475,11.196597417194445,-0.07982504036694445,0.0356601960957,-0.12923482706643877,-0.5673278141189795,-0.01845784312487674,700,15.5449666977,13.964423917628084,2.271980783580408
-1.6336549431118002,33.0709657669,0.793587744236,-0.007636605583280274,-0.017395561221231412,344.57086181600005,-124.692111969,-1744.0228881839998,-1352.518188477,3188.015045798185,1947.5981459367256,17.5,11.184986962222222,-0.08541699912805556,-0.0176148805767,-0.12909057528157367,-0.5988005858279021,-0.018262616772167006,701,15.3601713181,13.6954059147445,2.3443320955309788
-1.6169381469472002,34.84364700315,0.7758729755880001,-0.008047848109994132,-0.015553018891252372,373.491455078,-112.12237167360001,-1737.431396485,-1332.756958008,3144.4144735935847,1913.7851912248007,17.525,11.173200607305555,-0.08992216653305556,-0.0242392756045,-0.1296138697909564,-0.6303128056108225,-0.018023425375061207,702,15.1749210358,13.444610964500372,2.4649267893933025
-1.6024611800904,36.61468315125,0.758774161339,-0.008413597395475361,-0.013740606691985768,404.104095459,-92.2875480652,-1732.316894531,-1314.7250976569999,3100.9786886814595,1880.4662672746008,17.55,11.161337958444443,-0.09390921228472221,-0.0307681094855,-0.13030226364326442,-0.6618388738317386,-0.01777790897037056,703,14.9888000488,13.22070041855736,2.6296570202105163
-1.5899005830260002,38.3849887848,0.7441552579399999,-0.008734143682620413,-0.011942262433130306,436.191986084,-64.9106359482,-1726.883117676,-1299.294311523,3057.6707663181846,1847.5981398331758,17.575,11.149510277638889,-0.09738390644388889,-0.0362395830452,-0.13114325662598483,-0.693368304293323,-0.01755130725100595,704,14.8015813828,13.031531039848431,2.8329202066928345
-1.5790286928458002,40.155323028599994,0.7329360544685,-0.009010011801447402,-0.010170208567665094,469.46734619200004,-30.12002480033,-1719.916442871,-1287.037719726,3014.4986883762845,1815.1157820451008,17.6,11.137843661833333,-0.10035481717861111,-0.0400839410722,-0.1321014286967124,-0.7248857172406007,-0.017354271821364536,705,14.61307621,12.883885223207564,3.067719649999621
-1.5714917212722002,40.942398071300005,0.72641775012,-0.00928623986313886,-0.008566447237582847,490.2474823,11.876893043599999,-1711.163146973,-1277.8804931640002,2971.5007773045095,1782.9398390519507,17.625,11.126741833166667,-0.10332856741222222,-0.0392504744232,-0.13309319820910773,-0.740952135333225,-0.01718427371854134,706,14.423166275,12.783216856568416,3.325845542150672
-1.5682003200066001,40.9203872681,0.723690927029,-0.009486138190962204,-0.007455169411639981,498.49862670899995,64.3014516831,-1703.1323242180001,-1272.488342285,2928.7216986301846,1750.9928267228506,17.65,11.116162406083333,-0.10545261204249999,-0.0418535582721,-0.13410832031520842,-0.7408842247247465,-0.01701689820522259,707,14.2318515778,12.733393334371295,3.598098876780906
-1.5683482497914,40.901222229,0.7219046354295,-0.009659970829642438,-0.006488739460959986,510.46505737300004,122.47554016109999,-1696.538330078,-1269.808197021,2886.1433905247345,1719.1806181657257,17.675,11.10653241475,-0.10729211072138889,-0.0445537604392,-0.13518871483512007,-0.7408825602487447,-0.01685300872816511,708,14.0390501022,12.736503193765735,3.8745856823304883
-1.5699735790466003,40.8822803497,0.721029341221,-0.00981047688192559,-0.0055667047177562975,523.649719238,183.4920120234,-1691.183898925,-1268.022399903,2843.7299322727845,1687.4354132402007,17.7,11.097910139305556,-0.10887928307055555,-0.0475048646331,-0.13634009924284832,-0.7408875869662873,-0.016701494627776304,709,13.8446578979,12.792742759733647,4.145057142578183
-1.5721695989342002,40.8636379242,0.7215686142444999,-0.00993753671365958,-0.004605720723456542,537.117477417,246.191070556,-1686.330444336,-1266.6498107910002,2801.4503347996597,1655.7348532426256,17.725,11.090326309194445,-0.11021415392555554,-0.0504575408995,-0.13756613538507342,-0.7408941782894739,-0.016570043701146005,710,13.6485691071,12.900335085017467,4.399257736946491
-1.5746382594082002,40.845750808700004,0.7239533960819999,-0.010039812502483815,-0.0035847846557895717,550.468414307,309.78308105400004,-1681.330566406,-1265.906280517,2759.2920736912597,1624.0686079728507,17.75,11.083796819055557,-0.11128298110444446,-0.0530331507325,-0.13886215440708613,-0.7409013022452604,-0.016462956537307016,711,13.4506788254,13.055513165417551,4.627300981889796
-1.5773640811432001,40.829095840449995,0.7285106480125001,-0.010115913370943148,-0.0025163790420563163,563.487243653,373.40960693299996,-1675.837280274,-1266.181152344,2717.25880953111,1592.4209509599257,17.775,11.078328026666668,-0.11207123597472221,-0.0549201741815,-0.14021456586528624,-0.7409089588336466,-0.016381120509839593,712,13.2508964539,13.252572081784573,4.820058374148868
-1.5802784293884,40.81398773195,0.7352176010605,-0.010164965469263204,-0.0014143974428220563,576.026672363,435.994659424,-1669.806762696,-1267.495605468,2675.3628775242596,1560.7664221513257,17.8,11.073913574222223,-0.11256982054972221,-0.0560847148299,-0.14160400358507194,-0.740916082789433,-0.01632297101161627,713,13.0491552353,13.483996350444784,4.96955084613403
-1.5825792998092003,40.80072784425,0.744230479002,-0.010185363618741792,-0.00021729942955147716,587.976715088,496.498352051,-1663.402648926,-1268.345397949,2633.6177084568594,1529.0790320146257,17.825,11.070529090027778,-0.11276127563583332,-0.0571846216917,-0.14302080528495045,-0.7409234730615193,-0.016285487019265493,714,12.8454093933,13.740669770872962,5.069327175350886
-1.5849273383650002,40.78944587705,0.755644977093,-0.010175101085864205,0.001012410181106888,599.241821289,553.877105713,-1656.885498047,-1269.820526123,2592.0326422337093,1497.3703970659008,17.85,11.0681353675,-0.11262328260472224,-0.0578228905797,-0.14446154214517856,-0.740930064384706,-0.016264750773173776,715,12.6396217346,14.012170806151996,5.1148082063968126
-1.5879704862854,40.78017234805,0.769145101309,-0.010134602311945434,0.0021958855499866745,609.739501953,607.2223815919999,-1650.520935059,-1272.972351074,2550.6105047825345,1465.6248839128257,17.875,11.066672007249998,-0.11216016279333332,-0.0576123632491,-0.14590757203802754,-0.7409357568929984,-0.01625694126132487,716,12.4317674637,14.287148499207943,5.103576290057121
-1.5918284893,40.7728614807,0.784369379282,-0.010065474556312131,0.0032990129066459645,619.395843506,655.848419189,-1644.527038574,-1277.910003663,2509.3474814060596,1433.8005751359756,17.9,11.06606907313889,-0.11138899458777779,-0.0565390475094,-0.14733735664827607,-0.740940350845681,-0.016259101958832643,717,12.2218532562,14.553769860947753,5.035593974521787
-1.5958563268144002,40.7674636841,0.800970762968,-0.009969647570438828,0.004358123463997651,628.146759033,699.169799805,-1639.0549316410002,-1283.383514404,2468.2343054417097,1401.8528250444006,17.925,11.066241794166666,-0.11033018430083334,-0.0551329962909,-0.1487329362832777,-0.7409439128227017,-0.016269225091861447,718,12.0099143982,14.800227588538295,4.913331706475313
-1.5990176141268002,40.7639846802,0.819097965956,-0.00984622253747658,0.005478300253133499,635.945495605,736.9555053710001,-1634.1903076170001,-1287.460998535,2427.2579321506846,1369.7682371843005,17.95,11.067100101055555,-0.10897264712388889,-0.0542190000415,-0.15010248351863878,-0.7409463762467303,-0.016285662829509908,719,11.7959947586,15.015287986980113,4.741781145419007
-1.6030028104790002,40.7624397278,0.8386062085629999,-0.009696099314595284,0.006495447297964145,642.764984131,768.843383789,-1629.9698486329999,-1293.229614258,2386.40317446026,1337.5817122209255,17.975,11.068548626361112,-0.1073251002363889,-0.0525433272123,-0.15143927387249917,-0.7409485400657944,-0.016306719487177414,720,11.5801315308,15.188848722191493,4.528339877693146
-1.6074265390638,40.7626724243,0.859074085951,-0.009521881765923643,0.007424799492375636,648.595336914,795.185699463,-1626.3998413079998,-1299.985046387,2345.6539282444346,1305.2509718644756,18.0,11.070490943055555,-0.10541509423,-0.0503267981112,-0.15272503140204247,-0.7409493057242841,-0.016331340203397497,721,11.3623838425,15.312478257729532,4.282567874251899
-1.61191861033,40.76469993595,0.8803723454475,-0.009325162586644016,0.00829207142523509,653.4377441409999,816.072875976,-1623.471618653,-1307.053955078,2304.993932211735,1272.7513457048005,18.025,11.07283592225,-0.10325898726777778,-0.0478556714952,-0.1539523824798639,-0.7409499382246235,-0.016358902880376863,722,11.1428289413,15.379908342294325,4.015817888111407
-1.6166035890592,40.7684135437,0.9023875296115,-0.009107499101794272,0.009080059179894948,657.309509277,831.714385986,-1621.166137695,-1314.665039062,2264.4071417454097,1240.0749968278506,18.05,11.075492435027778,-0.10087283121222224,-0.0450334437191,-0.1551156512440978,-0.7409493723033589,-0.01638886864413103,723,10.9215545654,15.387443913932568,3.7407446691937305
-1.6219413280504003,40.773782730099995,0.924730688333,-0.008872088145007827,0.009727589113902195,660.217773438,842.220947265,-1619.4698486329999,-1323.666381836,2223.8779883030347,1207.2083708513005,18.075,11.078373591111111,-0.09829088217694444,-0.0415012799203,-0.15619766030544313,-0.7409488396707592,-0.016420846342865048,724,10.6986618042,15.334258489803528,3.4707124065142434
-1.627487015721,40.780708313,0.9471607208235,-0.008621750482392991,0.010264481349358668,662.189300537,847.687438965,-1618.364685058,-1333.2386474609998,2183.39124208721,1174.1167113054005,18.1,11.081392500138888,-0.09554337296222222,-0.0376163944602,-0.15718785688837025,-0.7409482737494946,-0.01645471842298147,725,10.4742765427,15.22255058133881,3.219127587771853
-1.6332137823134003,40.78898620605,0.9693674445160001,-0.008359711555728734,0.010680479595190332,663.28805542,848.854034424,-1617.818969727,-1343.311889648,2142.9321249607597,1140.7857451188754,18.125,11.08447074888889,-0.09266513917194445,-0.0334035865963,-0.1580751888739381,-0.7409460766417657,-0.016490403741278487,726,10.2485370636,15.057538290699103,2.9987315758711457
-1.6391921609658002,40.7986373901,0.9912011027315,-0.008088739076011358,0.010964609755183756,663.5990600590001,846.196350097,-1617.788452149,-1353.9929809569999,2102.486650717585,1107.2029478776753,18.15,11.087537341638889,-0.08968614869638888,-0.0288414377719,-0.1588543965194123,-0.7409446784811912,-0.01652779098597966,727,10.0215930939,14.847278692383917,2.8208952382370622
-1.6453784882976001,40.8094158173,1.012372165919,-0.007812593717950782,0.011108372600370621,663.223937988,840.297546386,-1618.213378906,-1365.176696778,2062.04193941386,1073.3531233537503,18.175,11.090531879,-0.08664758669,-0.0239955242723,-0.15951457750885786,-0.7409424480847976,-0.01656678236911443,728,9.79360866547,14.602314147128933,2.694961114215794
-1.651623374226,40.821199417100004,1.0326650142695,-0.0075344005346577505,0.011122454064640006,662.272369385,831.7691345210001,-1619.023620606,-1376.570007324,2021.5866049412098,1039.2237059343004,18.2,11.093404557972221,-0.08358373410166667,-0.0190017931163,-0.16005255269380078,-0.7409398847912836,-0.016607310271356684,729,9.56475639343,14.335158035280239,2.6276786288786806
-1.6579817265242,40.833831787099996,1.051803618668,-0.007257668448930918,0.010996219188660204,660.853027344,821.186981201,-1620.144897461,-1388.2564086920002,1981.1110144260597,1004.8094557512004,18.225,11.096112993027779,-0.08053332567222221,-0.0138413757086,-0.16046327871288962,-0.7409371883404923,-0.016649257139126433,730,9.33521461487,14.059645571928122,2.6227746578855844
-1.66385101974,40.84716033935,1.0697544813135,-0.00698523279104034,0.010785162631985923,659.0697326659999,809.074279785,-1621.504333496,-1399.1166381829998,1940.6073919895348,970.1030455339004,18.25,11.098626454666666,-0.07752775318083333,-0.00899761449546,-0.160748569844783,-0.7409346250487239,-0.0166924762904853,731,9.10516738892,13.79018751657049,2.6806926927401173
-1.6695669799998,40.86102867125,1.086351573465,-0.006719466479168746,0.01046498408992051,657.019744873,795.935089111,-1623.032836914,-1409.753417969,1900.069783652135,935.1251295793254,18.275,11.100923750138888,-0.07459339996166665,-0.00423116749153,-0.1609136858323897,-0.740932161624695,-0.016736605701979258,732,8.87478923798,13.540973816732588,2.7985246033735236
-1.6750319123286002,40.875221252450004,1.101497113705,-0.006462986381142596,0.01004681162272283,654.791473389,782.1873779289999,-1624.66796875,-1419.975219726,1859.493962729285,899.8812941301004,18.3,11.102987925222223,-0.07175946401222222,0.000369616027456,-0.1609614729291579,-0.7409290656994539,-0.01678121781143518,733,8.64425086975,13.325179559842342,2.9701427026253637
-1.6801514804368,40.8896121979,1.115105330945,-0.006218057744334439,0.009544610181350867,652.465454101,768.225738525,-1626.35546875,-1429.596740723,1818.877263510535,864.3819136369505,18.325,11.104813681722224,-0.06905126488861112,0.00471002515405,-0.16089734068117686,-0.7409262360913854,-0.016825882976038025,734,8.41371822357,13.154224744406383,3.186523674181781
-1.6848812907948003,40.90403556825,1.12715023756,-0.0059866337269515795,0.008969379869465947,650.110717773,754.408660889,-1628.0496826170001,-1438.524047852,1778.218376791785,828.6419951188755,18.35,11.10639890036111,-0.06649074041194444,0.00875139422715,-0.16072839639955155,-0.7409235396405942,-0.016870171553025105,735,8.18334674835,13.03713606445251,3.4362454197221264
-1.68907837868,40.91832733155,1.137560606,-0.005770261771192267,0.008343438185055995,647.785644531,741.0071105960001,-1629.713134766,-1446.484802246,1737.51713472636,792.6788939225754,18.375,11.107748879333334,-0.06409532907944444,0.0123701328412,-0.16046364489762746,-0.7409208431906757,-0.016913643496633643,736,7.95328187943,12.98005139360026,3.706124123056395
-1.6928474485860001,40.932365417499994,1.14639741182,-0.005570207398768853,0.007666912564540621,645.540374756,728.255798339,-1631.314575195,-1453.66015625,1696.77430635721,756.5167738664254,18.4,11.108871036111111,-0.06187935670222222,0.0156372524798,-0.16011275677932532,-0.7409183797657743,-0.016955843156635616,737,7.7236533165,12.985897007693701,3.9819491465314014
-1.6961682021648001,40.94598579405,1.153633236885,-0.00538759100983202,0.0069509139032494695,643.414978027,716.338653565,-1632.8289794920001,-1460.005249023,1655.991441977335,720.1752699601753,18.425,11.10978020561111,-0.05985553065944444,0.0185294169933,-0.15968485337111002,-0.7409158830522081,-0.01699635753501963,738,7.49457931519,13.054254073618942,4.249268036423378
-1.6990330457688,40.95910263065,1.15928840637,-0.005223265648208303,0.006205878983840558,641.441192626,705.395874023,-1634.2365722650002,-1465.499267578,1615.170717490035,683.6751387346003,18.45,11.110490163166666,-0.05803356981944444,0.0210354309529,-0.15918943882938938,-0.7409138856817041,-0.017034836051582906,739,7.26616382599,13.181417583228379,4.494172239530761
-1.7014446079736,40.97157096865,1.163400828835,-0.005077833125851271,0.005441444080201636,639.641113282,695.525238037,-1635.5227661130002,-1470.142944336,1574.31480318341,647.0376570451504,18.475,11.111017862944445,-0.05642038252611112,0.0231546070427,-0.15863621704709802,-0.7409117884425876,-0.017070986382787093,740,7.0384979248,13.360638956943347,4.704036610594659
-1.7034006983028,40.983301162749996,1.16602039337,-0.004951658066964964,0.004667657944141177,638.029815674,686.786254883,-1636.677734375,-1473.929016113,1533.426734030585,610.2840834367504,18.5,11.11138449775,-0.055020223889166664,0.0248839724809,-0.1580348419834752,-0.7409096579139337,-0.017104573421437307,741,6.8116569519,13.582531849324475,4.868170470809632
-1.7049290627222,40.9942455292,1.1672450900100002,-0.004844851783395635,0.0038920546687750864,636.615722656,679.203643799,-1637.696105957,-1476.90637207,1492.50979067121,573.4358580339253,18.525,11.111608081388889,-0.0538345136575,0.0262442734092,-0.15739498424209253,-0.7409080933065445,-0.01713540887373439,742,6.58570432663,13.835611285249193,4.978346055959305
-1.7060759931782001,41.004304885850004,1.167079508305,-0.004757412714661854,0.0031193150718054567,635.400756836,672.778564453,-1638.576782226,-1479.159240723,1451.567388022285,536.5131987321753,18.55,11.111708747027777,-0.05286338014722222,0.0272729676217,-0.15672531574126972,-0.7409065286991554,-0.01716335333982957,743,6.36068868637,14.106930080675836,5.029179468714018
-1.7068543404304,41.01342582705,1.165649831295,-0.004689188457234525,0.002356592757607396,634.382080078,667.478485107,-1639.323303223,-1480.709350586,1410.602968466635,499.5342177141003,18.575,11.111705568111113,-0.05210526287555556,0.0279801115394,-0.15603389254314473,-0.7409049973813036,-0.017188331918324574,744,6.1366481781,14.382773267752388,5.018349784069157
-1.7072544664140001,41.02157211305,1.16298562288,-0.004639792540658265,0.0016132660063695396,633.5521850590001,663.2583618159999,-1639.9408569329998,-1481.54071045,1369.61988588606,462.5164839494503,18.6,11.111619737416667,-0.05155597709944445,0.0283617675304,-0.15532895380257347,-0.7409035326425267,-0.01721031131968192,745,5.91360807419,14.649370154213457,4.946651894557551
-1.7073298186042003,41.02874946595,1.15926194191,-0.004608703255808004,0.0008923267131155148,632.899932862,660.0456237799999,-1640.43560791,-1481.7527465819999,1328.621364462735,425.4779661882003,18.625,11.111467149527778,-0.051209818985833336,0.028462221846,-0.15461805623915523,-0.7409027004049621,-0.017229282181274817,746,5.69158267975,14.893585568052309,4.81788800814229
-1.7071044921924001,41.034910202000006,1.1544800996800002,-0.004595300065389333,0.00019859039780062643,632.408935547,657.750793457,-1640.81652832,-1481.3942871089998,1287.610474264985,388.4341475236503,18.65,11.111265818277777,-0.05105995883555556,0.0283049605787,-0.1539079243345756,-0.7409019014569352,-0.017245264268695253,747,5.47057580948,15.103555460455398,4.638611710347306
-1.7065130651030003,41.0400505066,1.1487735509900001,-0.004598756453166635,-0.0004551074101303768,632.059448242,656.262023926,-1641.094726563,-1480.350219727,1246.590061056985,351.39929034592535,18.675,11.111029518972224,-0.051097277965833326,0.0278451610357,-0.15320544901803312,-0.7409011690879831,-0.017258300234177307,748,5.25058174133,15.269237632376678,4.417744866218061
-1.7056586355018002,41.044181823749994,1.14225625992,-0.00461806281062264,-0.0010708608453977079,631.831939697,655.479034424,-1641.282714844,-1478.812255859,1205.56269289291,314.39053485275036,18.7,11.110773086555556,-0.05131061706277778,0.0271670743823,-0.15251735477138798,-0.7409005032972333,-0.017268424407509614,749,5.03158521652,15.382854563454842,4.166092701148766
-1.7045761048834003,41.04731750485,1.135048270225,-0.0046522646649940005,-0.0016468036309019232,631.708618165,655.286376953,-1641.3932495109998,-1476.846984864,1164.53062502181,277.42022845627537,18.725,11.110507117388888,-0.05168939630194444,0.0262976009399,-0.15184863502159818,-0.7408999040864311,-0.01727569296474959,750,4.81356143951,15.439212266274192,3.895785701222442
-1.7032921969854,41.0495109558,1.12718528509,-0.004700329001030673,-0.002180633751260374,631.673522949,655.619812012,-1641.438537598,-1474.505249023,1123.495793784035,240.49905383467535,18.75,11.110242207833334,-0.05222217490277778,0.0252632815391,-0.15120380049793902,-0.7408998707968937,-0.017280205774439894,751,4.59647989273,15.435886858383489,3.619678613030372
-1.7018383085774003,41.050760269150004,1.1187856197350001,-0.004761191594621949,-0.0026713050575052064,631.710510254,656.389831543,-1641.430114746,-1471.846069336,1082.459830344085,203.63642260910035,18.775,11.109984715777777,-0.05289716439111111,0.0240897331387,-0.15058659627049803,-0.7408999040864311,-0.01728209807523275,752,4.38030338287,15.3732768426052,3.3507361992086926
-1.7002426236852002,41.0510787964,1.1099944710699998,-0.0048337606537277875,-0.0031180277038941233,631.805358887,657.519897461,-1641.378540039,-1468.921142578,1041.424077475435,166.84027087570036,18.8,11.109744177916667,-0.05370226171277778,0.0228008013219,-0.15000021813277972,-0.7408994713224438,-0.017281535274389928,753,4.16498994827,15.254524898090112,3.1014338236820733
-1.6985295295696001,41.050559997549996,1.100781023505,-0.004916935023663917,-0.0035203710073609413,631.94619751,658.941040039,-1641.293579101,-1465.77746582,1000.3896139744601,130.11724231125035,18.825,11.109524832833335,-0.05462525619388889,0.021416336298,-0.14944729595615125,-0.7408996044805938,-0.01727870670603154,754,3.95049381256,15.08531886538265,2.8831987301140094
-1.6967077881068002,41.0492286682,1.0912877917250001,-0.005009584421422576,-0.0038767841447079478,632.1206665039999,660.577606201,-1641.183166504,-1462.432373047,959.3572744969351,93.47280566575034,18.85,11.109331978694444,-0.05565360602416666,0.0199481844902,-0.1489300434935465,-0.7408997709282812,-0.01727380898633238,755,3.73676538467,14.873585574250054,2.7059144835707816
-1.6948121547714001,41.0471305847,1.081654638052,-0.005110569721459883,-0.004188512351772865,632.317779541,662.379211426,-1641.054077149,-1458.950866699,918.3276953343351,56.91199633957534,18.875,11.109169854055557,-0.056774678329722224,0.0184221658856,-0.14845030831263803,-0.7408999706646335,-0.017267036650912605,756,3.52375173569,14.629094971228724,2.577507142939001
-1.692860007286,41.0443286896,1.071841388943,-0.005218783007127536,-0.004455932476295327,632.526977539,664.288604736,-1640.912841797,-1455.3679809569999,877.30134340561,20.43822467210034,18.9,11.109038458916666,-0.05797618793111111,0.0168554093689,-0.14800925554653976,-0.7409002369809334,-0.017258577993553917,757,3.31139850616,14.362994892758783,2.503627273525112
-1.6908755868718002,41.0408744812,1.062005370854,-0.005333130925991333,-0.004680406267424452,632.738922119,666.24710083,-1640.765747071,-1451.72833252,836.2785223606851,-15.945974851824644,18.925,11.108942031861112,-0.059246002799999996,0.015267775394,-0.14760766749894638,-0.7409005032972332,-0.017248623388679926,758,3.09964966774,14.087298030838314,2.4874374529866494
-1.6886655479666002,41.0368309021,1.052210241555,-0.005452380205590365,-0.0048432237181211465,632.945251465,668.201385498,-1640.6182861329999,-1447.679992676,795.2593786839101,-52.239183164824645,18.95,11.108878453583335,-0.060570430424444446,0.013513315469,-0.14724727522441095,-0.7409008029030706,-0.017237350727124595,759,2.88844776154,13.81434363544854,2.529510659530737
-1.6861948430558003,41.03227424625,1.0426277518295,-0.005574723849495226,-0.00493471838587068,633.1389160159999,670.103210449,-1640.474853515,-1443.159606934,754.2439215305851,-88.43118298172465,18.975,11.108849843333333,-0.06192941632527777,0.0115633262321,-0.14693387109844214,-0.7409011025089081,-0.01722482242673144,760,2.67772960663,13.556256846517071,2.6278408043555297
-1.6837761253124002,41.0272731781,1.0333691239375,-0.005698780863072937,-0.004982089363769328,633.314239502,671.915557861,-1640.339416504,-1438.740661621,713.2320501927101,-124.51017315507465,19.0,11.10885408188889,-0.06330761230666666,0.00966162793338,-0.14666867018802376,-0.7409014021138727,-0.01721101352037352,761,2.46742630005,13.324428054655376,2.7779617154968426
-1.681429693104,41.0218849182,1.0243844389899999,-0.005823500025858189,-0.004988741544859088,633.4662475590001,673.605255127,-1640.2159423829999,-1434.4620971680001,672.2235647801101,-160.47868969559966,19.025,11.108890109583333,-0.06469335407027778,0.00782365724444,-0.1464502077549026,-0.7409017017197101,-0.01719598018407336,762,2.25746965408,13.12903213508763,2.973165406347629
-1.6791720479744003,41.01616859435,1.0158239007010001,-0.005947896696495554,-0.0049578852866141625,633.590057373,675.139038086,-1640.108154297,-1430.352600098,631.2181662205351,-196.34024212479966,19.05,11.108954747527779,-0.06607569340194444,0.00606291694567,-0.14627678603371405,-0.74090196803601,-0.01717988366393108,763,2.0477938652,12.978604320662892,3.2048086251455445
-1.6770123898990001,41.0101852417,1.007602095602,-0.006071078820047752,-0.004892523927351305,633.6820678710001,676.499786377,-1640.018920898,-1426.430297852,590.2154623631101,-232.09905712724967,19.075,11.109045876388889,-0.06744472516916666,0.00438736518845,-0.14614630778499257,-0.740902300931385,-0.01716295594626597,764,1.83833563328,12.879687975558138,3.4626954281183497
-1.6749632775778003,41.0039978027,0.9998643398295,-0.006192220920565212,-0.004796017627358695,633.739318848,677.6656188960001,-1639.950500488,-1422.716308594,549.21498934066,-267.75981457354965,19.1,11.109160317305555,-0.06879125204361111,0.00280688819475,-0.1460565759010093,-0.7409026005363497,-0.017145462306847534,765,1.62903511524,12.836567030183172,3.735520347853845
-1.6730342030556002,40.99769592285,0.9925195574765,-0.006310592189245681,-0.004671839939290493,633.760009765,678.621704101,-1639.904174805,-1419.230346679,508.21622682846004,-303.3277222883996,19.125,11.109293831722221,-0.07010715703166666,0.00133064365946,-0.14600502708912294,-0.7409034327747869,-0.017127672182711648,766,1.41983556747,12.851092917105134,4.011354535313216
-1.67123305202,40.9912776947,0.9856746792785,-0.0064255398394909525,-0.00452338119209677,633.7404785159999,679.347442627,-1639.881530762,-1415.9854736329999,467.21862245833506,-338.80848095537465,19.15,11.109444300333333,-0.07138516339999999,-3.59312653018e-05,-0.14598906476750395,-0.7409037323806243,-0.017109836285483532,767,1.21068418026,12.922612391985618,4.278155849215989
-1.6695643514438,40.98483085635,0.9793134927739999,-0.006536505751832686,-0.004354005967281404,633.679992676,679.823486328,-1639.883422851,-1412.990661621,426.22158418928507,-374.20811779619964,19.175,11.10960748461111,-0.07261904577416667,-0.00129045755602,-0.14600580939281757,-0.7409039986969241,-0.017092176198499832,768,1.00153183937,13.047999009310223,4.524282771202779
-1.6680091172472002,40.978435516350004,0.9734218418610001,-0.006642973938788885,-0.0041645636676174,633.580718994,680.064483642,-1639.909729003,-1410.210632324,385.22449861801005,-409.53288433672463,19.2,11.10977914597222,-0.07380305892888889,-0.00244741770439,-0.1460527476069907,-0.7409047976440785,-0.01707488021557715,769,0.792333543301,13.221787285937271,4.73899182166959
-1.6665974319022003,40.972076416,0.968063145875,-0.006744513717275915,-0.00396057333034777,633.444396973,680.087219239,-1639.959838868,-1407.697998047,344.22675539293505,-444.7881501448246,19.225,11.109953986277779,-0.07493237654361112,-0.0034840956796,-0.14612709973565013,-0.7409050639603785,-0.017058093978332915,770,0.583047866821,13.4364046988881,4.912898497111081
-1.6653266668332,40.965858459450004,0.963205367329,-0.006840797913806312,-0.0037448578022052843,633.275299073,679.908721924,-1640.0321044930001,-1405.447692871,303.2277594212351,-479.9806000959996,19.25,11.110130945833333,-0.0760033478338889,-0.00440353574231,-0.1462258863673724,-0.7409058629092782,-0.017041941282150665,771,0.373637646437,13.682492878447245,5.038382897952324
-1.6639000862820001,40.9597644806,0.9588641822314999,-0.006931243441732444,-0.0034913160239023445,633.0772705080001,679.543151856,-1640.124267578,-1402.915100097,262.2269568089101,-515.1167924177746,19.275,11.1103047265,-0.07700945768083334,-0.00543712545186,-0.14634887447539513,-0.7409060626456305,-0.017026503270197307,772,0.164068773389,13.949305612946013,5.109922898166264
-1.6626250863096002,40.9538707733,0.9551765024645,-0.007015160063791878,-0.0032265530787619215,632.856506348,679.0192565919999,-1640.233154297,-1400.660705566,221.22385011946008,-550.1896699201995,19.3,11.110473208944445,-0.07794302370805556,-0.00635030074045,-0.14649649682370558,-0.7409062623828554,-0.017011732088825966,773,-0.045694604516,14.225168075009975,5.1243396230437614
-1.6615383207780001,40.94823074345,0.951993912457,-0.007092405779420714,-0.0029579753634262507,632.619171142,678.3609313970001,-1640.355285645,-1398.752319336,180.21802126203508,-585.2061875593496,19.325,11.110633214305556,-0.07880243990166666,-0.00711545627564,-0.14666507492059305,-0.7409069281736052,-0.016997589247016564,774,-0.255685180426,14.497978261459707,5.080944792397863
-1.6606238722822002,40.9428100586,0.9493429660800001,-0.0071629072476497605,-0.00268760625612642,632.369384765,677.596466064,-1640.487792969,-1397.1584472650002,139.20913912091007,-620.1749955427496,19.35,11.110783682916669,-0.07958687841888888,-0.00774700753391,-0.1468510967227324,-0.7409070946212926,-0.01698411219548568,775,-0.465930402279,14.755730296456315,4.981583761607281
-1.6598756074922,40.9376583099,0.947193652393,-0.007226657186389419,-0.002418227251788484,632.112243653,676.7498168950001,-1640.627624512,-1395.8671875,98.19694429668506,-655.1039567243746,19.375,11.110921435888889,-0.08029622336222222,-0.00824987795204,-0.14705128321303715,-0.740907194489905,-0.01697138935950727,776,-0.676452875137,14.98703870151534,4.830570449192926
-1.6592873930976,40.93285560605,0.9455451369265,-0.00728371229185759,-0.0021524337621384687,631.8529357909999,675.844360352,-1640.771484375,-1394.8662109369998,57.18125368388506,-690.0006364118746,19.4,11.111047532833332,-0.08093110389166666,-0.00862884521484,-0.14726250517690337,-0.7409083263333069,-0.016959533091161275,777,-0.887270748615,15.181641506256472,4.634514600136502
-1.6588465243588,40.92829704285,0.944310277698,-0.007334190637777286,-0.0018921005329414697,631.593933106,674.9052429200001,-1640.916931152,-1394.131835938,16.161966574510053,-724.8722916852995,19.425,11.111158794833335,-0.0814928114413889,-0.00889537297189,-0.14748174991371915,-0.7409084262019194,-0.0169486526217044,778,-1.09839749336,15.330860111260215,4.40204696291077
-1.6585402965558003,40.92405700685,0.943490147592,-0.007378245147872984,-0.0016387167497976317,631.339996338,673.952636719,-1641.0610961920002,-1393.639587403,-24.860956704289947,-759.7255875837495,19.45,11.11125522188889,-0.08198305136638889,-0.00905952043831,-0.14770637090691222,-0.7409085260705319,-0.016938839497251286,779,-1.30984270573,15.427995006578731,4.143452376147505
-1.6583592176438002,40.920173645,0.9430564939965,-0.007416071918176462,-0.001393915289341065,631.094970703,673.005401612,-1641.201477051,-1393.372314453,-65.88748410908995,-794.5665772688245,19.475,11.111336814027778,-0.08240398433472222,-0.00912910979241,-0.14793390473245382,-0.740909125281334,-0.016930158216287367,780,-1.52161228657,15.468638687202995,3.8702251274714
-1.6582937955878,40.916595459,0.942980200054,-0.007447902934989551,-0.0011590824777702258,630.8612060549999,672.08013916,-1641.336181641,-1393.3116455079999,-106.91752103536496,-829.4008851301495,19.5,11.111404630861111,-0.08275818493638888,-0.00911223329604,-0.14816207105885865,-0.7409091585708715,-0.01692263894738726,781,-1.73370873928,15.45089024019026,3.5945650259553434
-1.6583341002438001,40.91335487365,0.9432312548139999,-0.007474002433813169,-0.0009353649177661201,630.641784668,671.191314697,-1641.4632568359998,-1393.439025879,-147.95092557638995,-864.2336762678495,19.525,11.111457612777777,-0.08304860856805557,-0.00901736039668,-0.14838883922573615,-0.740909258439484,-0.016916286892068477,782,-1.94613134861,15.375460189384798,3.328835720341321
-1.6584700554576002,40.91044807435,0.9437792003155,-0.007494661697917077,-0.0007236919199106529,630.4389038080001,670.350921631,-1641.581420899,-1393.7357788089998,-188.98750699728996,-899.0696519148246,19.55,11.111496819388888,-0.08327846725777777,-0.00885285064578,-0.14861232837535276,-0.7409092917281488,-0.01691108124438317,783,-2.1588768959,15.245658801302358,3.085009079463037
-1.6586915850652,40.90787124635,0.944593578578,-0.00751019021573394,-0.0005247891240808503,630.254272461,669.568572998,-1641.68951416,-1394.183471679,-230.02704251976496,-933.9130463850496,19.575,11.111523310333332,-0.08345122138666666,-0.00862691085786,-0.14883094061147986,-0.7409093583072238,-0.016906988714793857,784,-2.3719394207,15.067266375806216,2.874120713771099
-1.6589889049524,40.9056472778,0.9456441700434999,-0.00752091516075122,-0.00033918747201201163,630.089416504,668.851654052,-1641.786804199,-1394.763916016,-271.06928037376497,-968.7676331770245,19.6,11.111538145277779,-0.08357050518194445,-0.00834753829986,-0.14904322783984758,-0.7409098909398235,-0.01690395832876062,785,-2.58531093597,14.848289473570668,2.7057618958784957
-1.6593526691238,40.90370941165,0.9469014406209999,-0.007527173589313452,-0.00016726316121385188,629.944458008,668.205657959,-1641.87286377,-1395.459716797,-312.11395047874,-1003.6367310774245,19.625,11.111541324194443,-0.08364008532638888,-0.0080222543329,-0.14924792505907858,-0.7409099242293611,-0.016901931829619028,786,-2.79898118973,14.59861247133693,2.5876318950679003
-1.6597735315546,40.90207290645,0.9483365714555,-0.007529311400266386,-9.226930116454569e-06,629.820098877,667.63394165,-1641.947387695,-1396.25415039,-353.16077207298997,-1038.5232239973495,19.65,11.111536026,-0.08366379472944445,-0.00765832560137,-0.14944401693906484,-0.7409099242293611,-0.01690084471893602,787,-3.01293873787,14.329558944111385,2.525172517784472
-1.6602427303784002,40.900724411,0.9499218463920001,-0.007527676052902299,0.0001348501712096586,629.716308594,667.138061524,-1642.010375976,-1397.131286621,-394.20945676536496,-1073.4295777570994,19.675,11.111521191055557,-0.08364550769333333,-0.00726256286725,-0.1496305880181364,-0.7409099575188987,-0.01690062833709943,788,-3.22717046738,14.05338210327608,2.5213031293002826
-1.6607517957688003,40.899652481100006,0.9516307711595,-0.007522616046834422,0.000265024076014759,629.63269043,666.717987061,-1642.061950684,-1398.075866699,-435.259716164765,-1108.3578599226244,19.7,11.111498938666667,-0.08358911507666666,-0.00684139505029,-0.14980692257184805,-0.7409099242293611,-0.01690121194389009,789,-3.44166207314,13.782707188463197,2.5762699072066324
-1.6612932801276001,40.898841857899995,0.953438311814,-0.0075144778010515275,0.0003814331651742336,629.5685424809999,666.371032715,-1642.103027344,-1399.07421875,-476.311264931865,-1143.3097565900994,19.725,11.111470328444444,-0.08349847462444444,-0.00640066852793,-0.14997250461263054,-0.7409099242293611,-0.016902521678195788,790,-3.65639901161,13.529951387252915,2.6876180715540996
-1.6618601739362,40.898275375349996,0.9553207457070001,-0.007503603053220271,0.0004843043291550676,629.52255249,666.0923767090001,-1642.1342163089998,-1400.113525391,-517.363840615465,-1178.2866120588494,19.75,11.111437479666666,-0.08337737785444445,-0.00594562385231,-0.15012685144262664,-0.7409099242293611,-0.016904484719190357,791,-3.87136483192,13.306748405769747,2.850289657004327
-1.6624454677152003,40.897932052650006,0.9572557806975,-0.007490325218614212,0.0005739608891086168,629.493347168,665.877105713,-1642.15637207,-1401.181945801,-558.4171960231901,-1213.2894501936244,19.775,11.111399332694443,-0.08322955005694443,-0.00548118166625,-0.15026971339039244,-0.7409098909398235,-0.01690702512520694,792,-4.08654356003,13.123405039966766,3.0568437451065895
-1.6630428820852001,40.897802352949995,0.959222495558,-0.007474970430452212,0.0006508220848445868,629.47946167,665.720367432,-1642.170288086,-1402.268127441,-599.47110532494,-1248.3189988386493,19.8,11.111359066444445,-0.08305862545972223,-0.00501193013042,-0.15040089071870308,-0.7409098909398235,-0.01691007215599147,793,-4.30191850662,12.988415836671129,3.297790090515671
-1.6636462837456,40.8978614807,0.9612013697645001,-0.007457851818220467,0.0007153898273020448,629.479400635,665.617797852,-1642.1762695319999,-1403.361511231,-640.52536252709,-1283.3757020246744,19.825,11.111315621277777,-0.082868081,-0.00454212492332,-0.15052033349368854,-0.7409098909398235,-0.01691355195046664,794,-4.51747322083,12.908059462168334,3.5620210841076383
-1.6642495393762002,40.8980979919,0.963174730539,-0.007439270027832977,0.0007682294530463587,629.491851807,665.565216065,-1642.174865723,-1404.452087402,-681.57976926539,-1318.4597398054493,19.85,11.111271116472222,-0.08266126943972221,-0.00407571671531,-0.15062805835968138,-0.740909857650286,-0.016917396889288873,795,-4.7331905365,12.886096643428425,3.837322455777608
-1.6648478299348002,40.8984909058,0.96512630582,-0.007419510100755948,0.0008099548025034533,629.51550293,665.55859375,-1642.166687011,-1405.530822754,-722.634140908465,-1353.5710419904992,19.875,11.111225552027777,-0.0824413696925,-0.00361634022556,-0.15072419847518048,-0.7409098243616212,-0.016921543514328605,796,-4.94905328751,12.923584810369618,4.110939005505885
-1.665433707833,40.8990249634,0.9670130908485,-0.007398840953829871,0.00084143940031206,629.5491333,665.595489502,-1642.1520996099998,-1406.585266113,-763.68830808374,-1388.7093125593492,19.9,11.111181047222223,-0.0822113619911111,-0.00316878198646,-0.15080898686625022,-0.7409098243616212,-0.016925929407759773,797,-5.16504621506,13.018819510726669,4.370168674266034
-1.6660041064058,40.899681091299996,0.9688811302195001,-0.007377506016642729,0.0008633389588670405,629.5915527340001,665.668945313,-1642.131958008,-1407.609680175,-804.74211057399,-1423.8739442121741,19.925,11.111136542416666,-0.08197396165805555,-0.00273588509299,-0.15088277307329595,-0.7409097910720838,-0.016930496312900497,798,-5.38115215302,13.167405512010834,4.602956787651459
-1.6665599018320003,40.9004440308,0.97068953514,-0.007355744037408022,0.0008759202494040757,629.6416931159999,665.77609253,-1642.106811523,-1408.605895997,-845.79540952419,-1459.0641862165492,19.95,11.111093097249999,-0.08173182606694444,-0.00231647398323,-0.15094592328053197,-0.7409097577825463,-0.016935189094031758,799,-5.59735631943,13.36245516953522,4.798462029115521
-1.6670961290592001,40.90129852295,0.972427964209,-0.007333777119605418,0.0008800101132228671,629.69845581,665.913024902,-1642.077453613,-1409.5652465819999,-886.8480798122649,-1494.279333616474,19.975,11.111051771388889,-0.081487438745,-0.00191402446944,-0.15099877038350767,-0.7409097244930088,-0.01693995885715083,800,-5.81364297867,13.594905273308655,4.94756712645858
-1.6675977468514003,40.9022293091,0.9740601480005,-0.007311801359266692,0.0008774403188165202,629.760650635,666.07598877,-1642.044494629,-1410.460632325,-927.90001615259,-1529.518464781024,20.0,11.111012564777777,-0.08124296036027778,-0.00154035841115,-0.15104186365880617,-0.7409096912034712,-0.01694475878889689,801,-6.0299987793,13.8539373885681,5.043309459247999
-1.6679848760358,40.90322494505,0.9756566286074999,-0.007289870851877172,0.000876968088859446,629.827209473,666.256958008,-1642.008666992,-1411.145446777,-968.9511285183149,-1564.779980589149,20.025,11.110975477444445,-0.08099901179472223,-0.00125577650033,-0.15107671777959783,-0.7409096912034713,-0.01694953687440906,802,-6.24640989304,14.127482082937586,5.08121097026809
-1.6683455735422001,40.904275894150004,0.977200657129,-0.007267997040670643,0.0008722119146191116,629.897369385,666.4537048340001,-1641.970581055,-1411.781555175,-1010.001345193115,-1600.058616758574,20.05,11.110941568999998,-0.08075570894611112,-0.000993081601337,-0.15110481412916635,-0.7409096579139337,-0.01695420884957503,803,-6.46286582947,14.402783001197628,5.0594912714325035
-1.6686912298224001,40.9053668976,0.978683531285,-0.007246306841958603,0.0008624361108468265,629.9703063970001,666.6617126460001,-1641.930725098,-1412.39038086,-1051.05060971949,-1635.3531556379492,20.075,11.11090977986111,-0.08051447570333332,-0.000743269687518,-0.15112650224721902,-0.7409096246243964,-0.016958702933924492,804,-6.67935705185,14.666993968741824,4.979153630433598
-1.6690214067674,40.90645980835,0.9800977706905001,-0.007224920930196635,0.0008480212312969041,630.044555664,666.877258301,-1641.8898315430001,-1412.970642089,-1092.09887784694,-1670.662915159449,20.1,11.110882229277777,-0.08027664489222222,-0.0005064936704,-0.15114211502913072,-0.740909125281334,-0.01696297959611641,805,-6.89587545395,14.90778068054619,4.843940197275879
-1.6693350821686,40.90760040285,0.9814376831045,-0.007203950097053058,0.0008293949682009229,630.119873047,667.0967102049999,-1641.8485107420001,-1413.520874023,-1133.146123635515,-1705.9871812116742,20.125,11.110857857611112,-0.08004344999777777,-0.000283180765109,-0.15115196872524583,-0.7409090919917964,-0.016967025312327445,806,-7.11241197586,15.113898857947765,4.660158596711902
-1.6696312338076003,40.9087505341,0.982699245216,-0.007183494211087977,0.0008069683690269539,630.1949157710001,667.3168334960001,-1641.8071899420002,-1414.039733887,-1174.1923364040651,-1741.325203062249,20.15,11.110836664833336,-0.07981600032916666,-7.35473804525e-05,-0.15115641287527162,-0.740909058702259,-0.016970843203415742,807,-7.32895851135,15.275721540070448,4.436387784153949
-1.6699094235852003,40.909902572600004,0.9838799834245,-0.0071636427378439435,0.0007811388273455795,630.2688293460001,667.5347595220001,-1641.766418457,-1414.526184082,-1215.2375161526152,-1776.6761964094242,20.175,11.110818650999999,-0.079595297575,0.000122244571685,-0.15115578037458294,-0.740909058702259,-0.0169744447126849,808,-7.54550743103,15.385690497704138,4.183076770963134
-1.6701692134120003,40.9110507965,0.9849784076195001,-0.00714447682052277,0.0007522836459823081,630.3409423830001,667.74786377,-1641.726623535,-1414.9796752920001,-1256.2816766140402,-1812.039351011474,20.2,11.110803816055558,-0.07938223580527777,0.000304149143631,-0.1511504374075686,-0.7409090254127214,-0.016977844404261755,809,-7.76205205917,15.43867038037836,3.912055450414238
-1.670406222345,40.91218566895,0.9859658777729999,-0.0071260619978435686,0.0007211675084735597,630.410552979,667.955596923,-1641.688232422,-1415.392822265,-1297.324842202415,-1847.413842893774,20.225,11.110792160027778,-0.07917753524249999,0.000469400605652,-0.15114073351428492,-0.7409090254127214,-0.016981053721432455,810,-7.9785861969,15.432188969194659,3.6359806527617082
-1.6706248313174001,40.91327285765,0.986871421337,-0.007108454966024241,0.0006878022482005319,630.476898194,668.1535949710001,-1641.6515502930001,-1415.772766113,-1338.3670480129651,-1882.798663450399,20.25,11.110783682916669,-0.07898184160388888,0.000620101403911,-0.15112708481368872,-0.7409085260696592,-0.016984079946269146,811,-8.19510364532,15.366552424770799,3.3677435925315544
-1.6708263546268,40.9143695831,0.9877240955835,-0.0070917072197826374,0.000652408603247382,630.540283203,668.3398132320001,-1641.616699219,-1416.1223754880002,-1379.4083367702901,-1918.192982603224,20.275,11.110778384749999,-0.07879570954388887,0.000758773472626,-0.1511098408456618,-0.7409084927801217,-0.01698692723998583,812,-8.41159820557,15.2448301433412,3.119866542287879
-1.6710116684422003,40.915437698350004,0.988494724036,-0.0070758686933726275,0.000615178443444548,630.600006104,668.513946533,-1641.583984375,-1416.443481445,-1420.4487542507652,-1953.596041990424,20.3,11.110775205833333,-0.07861970199472222,0.000885691319127,-0.15108926792632957,-0.7409085260696592,-0.016989599763761597,813,-8.62806606293,15.07270972697885,2.903917367660164
-1.6711798965946,40.916473388650004,0.989183604718,-0.007060979958403847,0.0005765048711390336,630.6558532720001,668.675048828,-1641.553466797,-1416.7343139650002,-1461.4883538601403,-1989.0071290265491,20.325,11.110775205833333,-0.07845426599194444,0.00100016396027,-0.15106566566118035,-0.7409084927801217,-0.016992101678758097,814,-8.84450244904,14.858229495579298,2.729969304823433
-1.6713304549452002,40.91747283935,0.9897916913010001,-0.007047072743949804,0.0005367259179321992,630.707580567,668.82232666,-1641.525268555,-1416.994323731,-1502.5271905300654,-2024.425486875674,20.35,11.110777325111112,-0.0782997492286111,0.00110202888027,-0.15103936694541445,-0.7409084927801217,-0.016994436105903284,815,-9.06090259552,14.61140143284988,2.6061311169064014
-1.6714637815932003,40.91843414305,0.990320384504,-0.007034170976816481,0.0004961484390191293,630.754974365,668.955413818,-1641.499572754,-1417.2237548829999,-1543.5653222439403,-2059.8503449689492,20.375,11.110781563666668,-0.07815642489333334,0.00119136809371,-0.15101068802937623,-0.7409085260696592,-0.01699660512578671,816,-9.27726364136,14.343741911690065,2.538169989668331
-1.6715798765386,40.919349670399995,0.9907715618625,-0.007022290781647051,0.0004550586136845695,630.798034668,669.0740966789999,-1641.476379395,-1417.422912598,-1584.6028115627903,-2095.280938841024,20.4,11.110786861833333,-0.07802445855416668,0.00126839091536,-0.15097991187404708,-0.7409085260696592,-0.016998609778676958,817,-9.49358177185,14.067732734700332,2.52924433102689
-1.671678301692,40.92019462585,0.991147279738,-0.007011440480799708,0.00041379843966668706,630.836395263,669.1770324710001,-1641.455688477,-1417.591064453,-1625.6397210476653,-2130.716511655974,20.425,11.110794279305557,-0.07790394955222221,0.00133250083309,-0.15094738801913424,-0.7409080267274696,-0.017000452145198488,818,-9.70985507965,13.79623789380298,2.579758905247743
-1.6717596411726001,40.9210166931,0.9914504289645001,-0.007001620594434928,0.0003726491873511361,630.870880127,669.266693115,-1641.437438964,-1417.729248047,-1666.6761132595902,-2166.1562882672993,20.45,11.110802756416668,-0.07779489788749999,0.00138448970392,-0.1509133994257937,-0.7409080267274696,-0.01700213430594085,819,-9.92607975006,13.541903248480203,2.6873486405635996
-1.6718255013180001,40.9217891693,0.9916836023355,-0.006992826961338707,0.0003317440472968872,630.901031494,669.342834473,-1641.4216308599998,-1417.840270996,-1707.7120492336903,-2201.599519468474,20.475,11.110812293166667,-0.07769725388944444,0.00142551108729,-0.15087826234419519,-0.7409080267274696,-0.017003656260886593,820,-10.1422557831,13.316567529737384,2.8469919446577943
-1.671876320247,40.922512054449996,0.991849392651,-0.006985050218866807,0.00029130326995008553,630.9270324710001,669.405944824,-1641.408203125,-1417.925109863,-1748.7475900051904,-2237.0455262433743,20.5,11.110823949166667,-0.07761092649555557,0.0014559563715,-0.15084222644560816,-0.7409080267274696,-0.01700502009064271,821,-10.3583803177,13.13071180446964,3.051247604006225
-1.671912828089,40.9231796265,0.9919508993620001,-0.006978276323000509,0.0002515241541972473,630.948913574,669.4560852049999,-1641.396972656,-1417.984985352,-1789.7827950833155,-2272.4936539899495,20.525,11.110835605194445,-0.07753574185888888,0.00147634546738,-0.15080554140165095,-0.7409080267274696,-0.017006228916102258,822,-10.5744533539,12.992973229807934,3.290603782126025
-1.6719356089828001,40.92379570005,0.9919912219035001,-0.006972486548364068,0.000212589678578661,630.966705322,669.4935607909999,-1641.388061523,-1418.020996094,-1830.8177193997155,-2307.9432786237494,20.55,11.110847261222224,-0.07747149301888888,0.00148719432764,-0.15076849017295588,-0.7409080267274696,-0.01700728585815828,823,-10.7904729843,12.909745418179323,3.553923005098071
-1.6719452470574,40.92435646055,0.991973608733,-0.006967657488294524,0.00017467352398120117,630.980621338,669.519195557,-1641.381286621,-1418.0343017579999,-1871.8524209377906,-2343.3938035260994,20.575,11.110859976861112,-0.07741792334444446,0.00148895534221,-0.15073127249674795,-0.7409080267274696,-0.01700819507800733,824,-11.0064401627,12.884883947010085,3.8289618686243103
-1.6719426184916002,40.92486381535,0.9919015169155,-0.006963762095057941,0.00013793880576850237,630.990875244,669.5340271,-1641.3764648430001,-1418.026000977,-1912.8869531033156,-2378.8446610700494,20.6,11.110872692527778,-0.07737471825555556,0.00148205203004,-0.15069410475475895,-0.7409080267274696,-0.0170089607368285,825,-11.2223529816,12.919530208852871,4.102941278986463
-1.6719281613846,40.9253158569,0.9917786419400001,-0.006960767599277308,0.00010253656210696259,630.997741699,669.5394592289999,-1641.373596191,-1417.9971923829999,-1953.9213647243905,-2414.2953110944745,20.625,11.110885408194443,-0.07734153833666665,0.00146691186819,-0.15065723661843283,-0.7409080267274696,-0.017009589076390438,826,-11.4382133484,13.012061783036167,4.363140405556406
-1.6719026058952002,40.9257164001,0.9916086196895,-0.006958640191289567,6.860373025560293e-05,631.0015563970001,669.536682129,-1641.372436524,-1417.948974609,-1994.9557046291654,-2449.7452409040498,20.65,11.110898123833332,-0.07731798622333333,0.00144398247357,-0.15062083453528247,-0.7409080267274696,-0.017010084257907142,827,-11.6540212631,13.158171261785807,4.597486935235237
-1.6718666821724,40.92606544495,0.9913952946660001,-0.006957340859966515,3.6262732075677564e-05,631.002624512,669.5270690909999,-1641.372802734,-1417.8825683589998,-2035.9900155422654,-2485.193965269275,20.675,11.1109108395,-0.07730363971666666,0.00141374417581,-0.15058509824235827,-0.7409080267274696,-0.017010452523147254,828,-11.8697776794,13.351069049056253,4.795116160610962
-1.6718211203848001,40.926361084,0.9911426305744999,-0.006956828513538044,5.622214632256611e-06,631.0012512210001,669.511810302,-1641.374572754,-1417.799316406,-2077.0243356106153,-2520.64102947825,20.7,11.110922495527777,-0.07729802694583333,0.00137671630364,-0.15055019418734766,-0.7409080267274696,-0.01701069803330733,829,-12.085483551,13.581801072983643,4.946873128996246
-1.6717666506814002,40.926605224599996,0.9908544123165,-0.006957059459553831,-2.322432230695407e-05,630.997741699,669.4920654299999,-1641.377502441,-1417.700561524,-2118.058699929465,-2556.0860123884,20.725,11.110934151555556,-0.07730067604111111,0.00133345089853,-0.15051630546244507,-0.7409080267274696,-0.01701082911078047,830,-12.3011398315,13.839666102749566,5.045734819939083
-1.6717041492508,40.92680168155,0.990534663202,-0.006957987924886742,-5.0198961083395e-05,630.992340088,669.468811035,-1641.3813476569999,-1417.587646485,-2159.09313749049,-2591.5285264265,20.75,11.110945807555558,-0.07731107374027776,0.00128451851197,-0.15048356522580036,-0.7409080267274696,-0.01701084887642481,831,-12.5167484283,14.112713279417504,5.087132831157207
-1.6716344922816002,40.926952362099996,0.9901872277274999,-0.006959566055889905,-7.523934786218756e-05,630.9853210450001,669.442993164,-1641.3860473630002,-1417.4620361329999,-2200.127671181915,-2626.968217588625,20.775,11.110956403944446,-0.07732869022416666,0.00123049889226,-0.15045212328024504,-0.740907993437932,-0.017010764612347403,832,-12.7323112488,14.388296535370973,5.06916197776147
-1.6731389075492,40.172018051150005,0.9907746613015,-0.007004684790131225,-0.0003582707832260662,624.2170410159999,669.397521972,-1641.183532715,-1417.429809571,-2241.16232236599,-2662.40476849195,20.8,11.11123402913889,-0.07783196038666668,0.00215481314808,-0.15041121046799394,-0.729560796664886,-0.017008546698496156,833,-12.9478263855,14.653661302752171,4.992659296143425
-1.6763555407536002,38.36717414855,0.9927493631844999,-0.0070141343306663415,-0.0005444262635710828,602.3902893070001,673.1358642580001,-1643.151367188,-1417.697387695,-2282.191910683865,-2697.840513731225,20.825,11.11166530186111,-0.07793999380527777,0.000994323287159,-0.15037003133961743,-0.6980381239750485,-0.016981357488239503,834,-13.1632699966,14.89653728765154,4.86117486437649
-1.6814659088864001,36.563542366,0.9930905997745,-0.007033122357136104,-0.0009750202056321525,583.553253174,677.959899902,-1647.3058471680001,-1418.274047852,-2323.270694863565,-2733.2829484236004,20.85,11.11261473761111,-0.07815766665666667,-0.00108914624434,-0.15036963186551666,-0.6665676825320047,-0.016928707001543336,835,-13.3786792755,15.10570290621746,4.680796533965787
-1.68746239543,34.75826358795,0.991827845572,-0.00706315574021639,-0.0014134376385263937,565.758026123,681.2792663570001,-1653.323730469,-1418.787658691,-2364.4533410427653,-2768.7397996199,20.875,11.114077038222222,-0.07850175930388888,-0.00376133131795,-0.15042953634520378,-0.6350990220770351,-0.016861766991134293,836,-13.5941333771,15.271485719640731,4.459846811164318
-1.6936062276392003,32.95249557495,0.989468038084,-0.007103538520984241,-0.0017933025880298816,548.294708252,682.684326172,-1660.192993164,-1419.123779296,-2405.7864343044903,-2804.209491087175,20.9,11.116024653111111,-0.07896444035888889,-0.00657855160534,-0.1505589659742798,-0.603650385265338,-0.016791604139678853,837,-13.8097276688,15.386188094534825,4.208513775097049
-1.699521520732,31.1473388672,0.9865829050545,-0.007152178141435931,-0.0020775795599712616,530.915313721,682.171234131,-1667.040100097,-1419.468994141,-2447.2912591335903,-2839.6875855695753,20.925,11.118434270222222,-0.07952238122611112,-0.00912434700876,-0.15075613976344907,-0.5722269652603983,-0.016726219373735585,838,-14.0255622864,15.444433436324813,3.938402083459514
-1.7050860464526,29.344439506550003,0.9836213290695,-0.007206769302749755,-0.002268990622272908,513.592422486,679.685699463,-1673.348083496,-1420.0956420900002,-2488.9672616360153,-2875.1743104231005,20.95,11.121286816055557,-0.0801499353513889,-0.0111039439216,-0.15101035513417588,-0.5408531965635337,-0.016669912242033794,839,-14.241724968,15.443419093372716,3.6620232654953155
-1.7103452205686,27.5448617935,0.980841338634,-0.007265201241689265,-0.0023913696363048057,496.352874756,675.051818847,-1678.948242188,-1421.2687377930001,-2530.8009637234154,-2910.6767014753505,20.975,11.124560038250001,-0.08082359201388889,-0.01236151997,-0.15130516706698402,-0.5095386332676397,-0.016623820829813857,840,-14.4582843781,15.383065106473637,3.392240948419221
-1.7153901666356,25.7484998703,0.9783191680930001,-0.007325968648060008,-0.0024612534280086212,479.217941285,668.028167725,-1683.897155762,-1423.1390380859998,-2572.7746697781154,-2946.2084199201754,21.0,11.128231684361111,-0.08152652945777777,-0.0128741692752,-0.15162201665755212,-0.4782736380581587,-0.016586987023293812,841,-14.6752853394,15.26604805527527,3.1416891396033937
-1.7201741546374,23.9573144913,0.976003646849,-0.007388182587835208,-0.0025054486383106617,462.221084595,658.362670898,-1688.355285645,-1425.510253906,-2614.8720986721655,-2981.786895872325,21.025,11.132272084555556,-0.08224875562722223,-0.0127988858148,-0.15194367658305832,-0.4470912008414339,-0.0165574040889415,842,-14.8927459717,15.09771256280233,2.922186078795625
-1.8835228115284,22.12302589415,0.972807377576,-0.007548258855143969,-0.016001070777519815,518.076553345,640.867004394,-1978.956726075,-1429.675476074,-2657.0809808132917,-3017.424652219975,21.05,11.13643222386111,-0.08406226833666666,-0.131816193461,-0.15309000098475362,-0.4153750494984701,-0.016536211152335712,843,-15.1108293533,14.885838506701194,2.744202104409397
-2.0439092218902,20.24358272555,0.968703567982,-0.00805888878524763,-0.02578798388531625,530.105194091,609.075683594,-2277.813110353,-1435.538024902,-2706.5548989651666,-3053.1665391218253,21.075,11.139657762305555,-0.08977520796999999,-0.254058420658,-0.15772443391361135,-0.38389024362916335,-0.016592944805924593,844,-15.3329610825,14.640151574240098,2.6168414130915303
-2.2013433158374003,18.3408689499,0.9753502011299999,-0.008664842197332245,-0.032715716843716255,539.490615845,589.3490295409999,-2569.797851559,-1437.806213379,-2763.5002267239925,-3089.0549897443752,21.1,11.142280366694443,-0.09654851423361112,-0.372714012861,-0.16444638566316494,-0.3525008954409717,-0.016802666661183695,845,-15.5635576248,14.37216893878663,2.548034974128897
-2.3551805108748,16.42192316055,0.996746182441,-0.009494391909752991,-0.036670787781677025,516.415374756,565.64251709,-2856.646484375,-1445.064208984,-2827.7451730129674,-3125.0001450788504,21.125,11.14407221475,-0.105809378955,-0.486503183842,-0.1747906359684544,-0.32134595536301325,-0.017189014353354383,846,-15.8061504364,14.09566612123216,2.5441583372937657
-2.3578666120730003,14.519931316400001,1.0413204133515,-0.010257688207991056,-0.024811916620410105,478.59899902300003,548.205322266,-2846.504089356,-1457.958801269,-2899.1613351223423,-3161.1267503034505,21.15,11.145705117111111,-0.11433318257333333,-0.472033798695,-0.18679225464514929,-0.29068466548303384,-0.017772045854747474,847,-16.0652942657,13.827144798034084,2.609200191224154
-2.3670366525694,12.65076351165,1.1107649207149999,-0.010737478524601081,-0.013980877917772245,457.07856750499997,529.595336915,-2836.414733883,-1479.113708496,-2970.3239373562424,-3197.5757203351754,21.175,11.148118972777777,-0.11970728635777778,-0.451748907566,-0.1983482432472211,-0.26004229236898757,-0.018466731425102825,848,-16.3413467407,13.585688014235421,2.7429550045157494
-2.396852025393,10.807955741899999,1.198425769805,-0.01097268662342663,-0.00544656494366651,439.358505249,506.82247924800004,-2855.4740600630003,-1510.807373047,-3041.234305703317,-3234.5535630475756,21.2,11.15128623113889,-0.12236448625722224,-0.438502043486,-0.20944425399535724,-0.22942131608836278,-0.01917671144624403,849,-16.6336097717,13.391655991936137,2.938934376627405
-2.4364837735854,8.984102725985,1.298391342165,-0.011012574742838257,0.0019661114441121915,422.659698486,480.86642456000004,-2891.6828003,-1545.164245605,-3112.6211572048924,-3272.323747373751,21.225,11.155078676,-0.1228511085113889,-0.431050568819,-0.2203098846629329,-0.1988462377259154,-0.019842826291601633,850,-16.9415912628,13.264380403368222,3.183324390673461
-2.4793496787542,7.175179243085,1.40739321709,-0.010873678408420066,0.008952552020326032,408.255325318,452.593826294,-2936.7126464800003,-1577.874389648,-3184.9132272123925,-3310.9528535138757,21.25,11.159459220027777,-0.12134914596888888,-0.427343994379,-0.23103485049151878,-0.1683267778189124,-0.02044134885995538,851,-17.2650241852,13.219301855207602,3.4549207497550594
-2.5168011784538002,5.378737211224999,1.52445113659,-0.010558312281672906,0.016314768267400307,394.41255188,421.81463623,-2977.4486084,-1606.453430176,-3258.3310433743927,-3350.3997132550758,21.275,11.164434221055554,-0.11788196861749999,-0.422714620829,-0.2416785399741055,-0.13785002419605097,-0.020970221443547352,852,-17.6037635803,13.264860825986439,3.7262007757832367
-2.5342221379286,3.5971059799200003,1.650189578535,-0.010038492365212925,0.025275173492130286,382.215713501,389.50474548399995,-2988.37646484,-1629.5697631829998,-3332.767258584393,-3390.561049009476,21.3,11.1699994405,-0.11213371323222221,-0.407155513763,-0.25207442231591043,-0.10741009709763746,-0.021434162830782175,853,-17.9576034546,13.399579574198055,3.9657698016317937
-2.6546734929106,1.83314818144,1.744733750825,-0.009467456532049515,0.021809537467147658,368.07165527300003,370.71020507900005,-2824.7714843800004,-2017.6682128900002,-3407.476670205393,-3431.300293089051,21.325,11.176540586694445,-0.10581657290472223,-0.158603578806,-0.2593563203290919,-0.07690523464165282,-0.021844818109756567,854,-18.3249263763,13.609920204233376,4.142392955757943
-2.293441072111,0.13985661417265,1.816999435425,-0.008552091654972924,0.05496906386483278,353.070297241,330.362411499,-2146.98962403,-2040.0257568299999,-3478.0959573148907,-3481.741998411301,21.35,11.183774736194446,-0.09564699398138889,0.123616814613,-0.2603023916603603,-0.046283195178442565,-0.022216468481580865,855,-18.6981010437,13.869877530537565,4.231136404881997
-1.5683323323766,-1.255382537845,1.90064674616,-0.006478336487947569,0.1040749289184286,325.814254761,309.425765991,-669.825580298682,-2197.57727051,-3531.7706979156405,-3532.742642332051,21.375,11.1915365855,-0.07250355349638889,0.745633542538,-0.2509136502648937,-0.017726728423637088,-0.022338358035739133,856,-19.0660533905,14.144688599125201,4.220110778130778
-0.35395648032472005,-2.209626078605,1.949508309365,-0.0026993566742151776,0.18871162813189782,274.011657715,257.003265381,1690.181457523,-2341.193298336,-3548.5163374231074,-3587.682074094801,21.4,11.198733647666664,-0.030229451755555557,1.66020047665,-0.22086232414222776,0.008115540775509127,-0.021819110282888382,857,-19.4068260193,14.399727416645485,4.114820633055367
0.37786554098132,-3.2412230968499998,1.93859308958,0.0024365710741770076,0.20525565087764938,224.42575073289998,220.576461792,3071.16442871,-2385.639587405,-3506.2618009850275,-3646.211906553201,21.425,11.203560299333333,0.027298325051861114,2.19434666634,-0.17126552614751403,0.039486554243902454,-0.020221841968402775,858,-19.6892662048,14.612091160729111,3.936438066226959
0.50890230909,-4.231057643890001,1.79884070158,0.007044072006383074,0.16098700598608517,179.118560791,183.0027770996,3312.372924803,-2384.237182622,-3429.4826902672776,-3705.852896238326,21.45,11.205455991944445,0.07893334660277777,2.26678061485,-0.11508403739064993,0.06989888225502823,-0.01752946308830084,859,-19.8945064545,14.777009757447193,3.711760113673994
0.9652966991071601,-5.20324087143,1.54446864128,0.011135631510542938,0.13959386623902703,155.2201385498,140.8070411683,4061.81738282,-2288.407409667,-3346.6733671471998,-3765.4588258038757,21.475,11.204323238805555,0.12477238145138887,2.4962348938,-0.05274274025611263,0.09970977486510268,-0.014069756757963908,860,-20.0149917603,14.904833197522215,3.4630213676132082
1.0116363987296,-6.332203149795,1.18874627352,0.013886671715101287,0.08290600236786022,129.008277893,104.93627929690001,3983.5244140600003,-2112.9638671840003,-3245.1279325766995,-3822.6690110455506,21.5,11.200626161361113,0.15554941362805555,2.37414884567,0.008193805462351829,0.1301287628594461,-0.010148524610721698,861,-20.0464839935,15.014440377588384,3.205306131359605
1.4815910071144,-7.495811223985,0.7624099552635,0.015701302868505185,0.06450389629180522,123.61920928960001,71.4784212112,4590.95190429,-1837.7727661109998,-3145.5398222251997,-3875.493107725151,21.525,11.194391250611112,0.17578096853361108,2.48175740242,0.06885456108419334,0.15993797851040042,-0.006096839181954741,862,-19.9919204712,15.127515797103586,2.949309989019521
1.685867148637,-8.758106708525,0.2975013032555,0.01675906051922642,0.023538228620173768,116.3416538239,47.366609096569995,4550.20922852,-1401.985412597,-3030.76602461795,-3921.4374268779243,21.55,11.18552419875,0.18747640980611113,2.25777435303,0.12823886307546156,0.19047395833942984,-0.0019895786006711314,863,-19.8501014709,15.265100615949267,2.7065102567073738
2.0080316483976,-10.12143945693,-0.16769136674690002,0.01700342219399521,-0.00038197629789298645,123.2961959839,31.8954658509,4528.21569824,-768.008850098,-2917.01079390495,-3956.4870621928494,21.575,11.174928877083333,0.19003033638,1.95351982117,0.18107654502424736,0.22096618742414087,0.0020626312679804973,864,-19.6276569366,15.443712438237002,2.493722379197885
2.4323261141774,-11.56980848315,-0.5813323557375,0.016883489439080322,-0.00640654401078857,141.4143333436,23.5005474091,4512.05212402,47.68203735360001,-2803.80540144895,-3975.6872834452965,21.6,11.162825690388889,0.18848535087361112,1.56821012497,0.22521471166743912,0.251530055543784,0.006011868738714878,865,-19.3354644775,15.669355820919474,2.3342829680233157
2.878460741044,-13.085439682,-0.9077783226985,0.01678651708587704,-0.00047373250289233746,170.8846092222,23.2073879242,4519.7232666,879.833068848,-2691.00409834845,-3974.4952325114564,21.625,11.149371465055555,0.1871766977838889,1.18441975117,0.25951627644065695,0.28215359511530475,0.009883022014207996,866,-18.9870262146,15.932213339019484,2.2544207417293824
3.2363982558236004,-14.656636238099999,-1.1521328687649999,0.01686622362476717,0.0063716649228874505,210.2340469358,32.1143245697,4542.401977539999,1535.2035217310001,-2578.01101668345,-3952.4994057902563,21.65,11.13471984863889,0.1878184742397222,0.888882577419,0.2851970223194007,0.31286165676316596,0.013708251365349942,867,-18.5957889557,16.20472332868895,2.2748547927570466
3.4777489900552006,-16.2752723694,-1.3460150957099999,0.01706769904330763,0.008946391379716902,258.72062683080003,50.9991083145,4565.92016601,1974.863769531,-2464.4509672449503,-3914.11931774698,21.675,11.11905309888889,0.18979508015833335,0.690837144852,0.3047730539648712,0.343662146744231,0.017463327227645785,868,-18.1723117828,16.445687518240234,2.4010152316126963
3.6337324082892,-17.9371204376,-1.515179634095,0.01728512950156949,0.007939844964376974,315.70796203599997,79.791895508793,4582.12023925,2263.135192874,-2350.3029630947003,-3864.747723508705,21.7,11.102629767527779,0.19192952248777778,0.558707296848,0.32027348374778775,0.37455190255680165,0.021064437008914912,869,-17.7238006592,16.610094573430597,2.616257955991122
3.7389103412612004,-19.63589286805,-1.67352551222,0.017450399453151837,0.005146257640506924,380.509613037,118.082611084,4592.63244629,2461.239257816,-2235.7499571134504,-3808.169343686854,21.725,11.085694630944444,0.19346944159944446,0.466492265463,0.3330244660209792,0.40551890668569873,0.024403566640379588,870,-17.2550792694,16.661975676310444,2.8810302817061224
3.96791324615,-21.36212730405,-1.797228217125,0.017702818230588977,0.016995648052255882,450.39929199200003,181.06820678670002,4598.09155273,2888.8430786100002,-2120.9341459562,-3746.638362241454,21.75,11.06863975525,0.1959665947488889,0.272046595812,0.34233361218903535,0.4365579493222325,0.027393304100900347,871,-16.7700576782,16.586751048135955,3.1391510542050485
4.008982527256,-23.1077528,-1.88760572672,0.018108625724048262,0.015118769669574202,525.573913574,238.1522598268,4594.10412597,2978.4351806649997,-2005.98185713795,-3674.417285276204,21.775,11.051524480194445,0.2001497977311111,0.226732879877,0.34852356422239616,0.46769036904335204,0.03002706222798097,872,-16.2745018005,16.39932146241071,3.330829700271919
4.089106148482601,-24.87320613865,-1.97478979826,0.01845764754904035,0.022872575666952458,605.599975586,331.547813415,4578.12524414,3147.409240719,-1891.1292539887002,-3599.9564057595785,21.8,11.034632788777778,0.20369650589083332,0.138397544622,0.3536879329178677,0.498904897351526,0.03226340598032914,873,-15.7708368301,16.143597357823456,3.408988089184904
4.1425314366786,-26.6489553452,-2.0211608409900004,0.018958411299596335,0.02077727958388602,686.606658935,392.153320313,4548.90100097,3277.940368652,-1776.6761228852001,-3521.2711747416033,21.825,11.018324957944445,0.20891497532527778,0.0729959607124,0.3561633744408793,0.5302012179939665,0.034098099267222945,874,-15.2616949081,15.882663683675371,3.3533136618576695
4.133660030367,-28.432216644249998,-2.0565073490100003,0.019456765721556513,0.019061922961544242,770.188812256,476.043701172,4507.54431152,3302.281311035,-1662.9535978609504,-3439.3226655253034,21.85,11.002597808833334,0.21410200330944443,0.0486709326506,0.35767974507652384,0.5615593406186837,0.03557039874751432,875,-14.7499628067,15.682636928168867,3.1774670132091285
4.116468632217201,-30.22082519535,-2.08367908001,0.019908154881452568,0.01709794048584886,854.6433715820001,564.70135498,4458.02087402,3316.30059815,-1550.2649900729505,-3356.7656327494283,21.875,10.987685521444444,0.2187734511163889,0.0278447102755,0.35863478793247283,0.5929678968560433,0.03670387755820353,876,-14.2365875244,15.59481211571503,2.9264809701133747
4.0958297252698,-32.011660575899995,-2.10165202618,0.02031179231472494,0.015250916555092555,939.393615722,656.8596191409999,4405.62365723,3324.527771,-1438.8144682224504,-3273.8581177956785,21.9,10.973688761388889,0.22292594114944445,0.010275025852,0.3591055682347784,0.6244246396644464,0.037541058891586876,877,-13.7223043442,15.641739693290418,2.665129752111251
4.0737170696264,-33.80101394655,-2.11077082157,0.02067143765588475,0.013585841662548035,1024.012084961,751.154113769,4355.83459473,3326.1118164,-1328.6738767917004,-3190.7449235206786,21.925,10.960649914222223,0.22660465704083332,-0.00238664704375,0.3591962821589831,0.6558919685379168,0.03813869304616158,878,-13.2077131271,15.811056979197241,2.4610194243839265
4.051537531619201,-35.58779239655,-2.112606048585,0.020992009430212497,0.012113949978768006,1108.057617188,846.144805908,4311.81188965,3321.4050293,-1219.7780119234503,-3107.5921281106785,21.95,10.948555204611111,0.22986594173638888,-0.0098929759115,0.3590355603871832,0.6873689014372799,0.03855653885999737,879,-12.693239212,16.058655883443308,2.36685497085102
4.0298194527584,-37.37109947205,-2.109344124795,0.02127767923031117,0.010770264534337996,1190.9473266599998,940.3412475580001,4274.18237305,3311.44592285,-1111.9827146822004,-3024.5570023781784,21.975,10.937347412111112,0.23275648554166667,-0.0130455316976,0.3587427791152892,0.7188344160322659,0.0388481217099381,880,-12.1791353226,16.320271627336805,2.406711286813398
4.011942291259,-38.34644412995,-2.104047775265,0.021574756930530146,0.00989458595899818,1252.942810059,1032.632080078,4238.73547364,3297.47998047,-1005.1281553559504,-2941.7708543069284,22.0,10.927269193861111,0.23578976591416667,-0.0166076868773,0.35837296590775325,0.7384851826361644,0.039053426462748286,881,-11.6655158997,16.52827123804726,2.569931652828939
4.0030145168272,-38.3310251236,-2.09839510918,0.021813093203219867,0.009432800067771084,1286.5609130859998,1130.452392578,4205.88146973,3283.90625,-899.1597685149504,-2859.3338547951785,22.025,10.91867552863889,0.2382078601255556,-0.00856683310121,0.3580533199974325,0.7382862777927911,0.039180380184153527,882,-11.1524600983,16.629159235915406,2.8141020974143314
4.0005614817182,-38.3195514679,-2.0908397436149997,0.02204828569758017,0.009389921093614898,1325.4506835930001,1225.717285156,4181.51611328,3272.22546387,-794.0127317717005,-2777.2361985451785,22.05,10.912072923444445,0.2406314843230556,0.00144495884888,0.3579639709433921,0.7382639072384345,0.03925089569636638,883,-10.6397275925,16.597203423963627,3.076182312835932
4.0006844401328,-38.304607391350004,-2.082174062725,0.022281932310188757,0.009268926195161389,1362.429626465,1314.724182128,4163.60412598,3261.4078369199997,-689.4748289397005,-2695.4305619484285,22.075,10.907321506083333,0.24307643373805554,0.0118755651638,0.35813171680323863,0.7382497591954741,0.03929190837722996,884,-10.126958847,16.44081362212842,3.288731223851537
4.001240819688,-38.2871208191,-2.0737631320950003,0.022509405798650923,0.008880853690066609,1396.434814453,1397.62084961,4148.83312988,3250.76055908,-585.3847257902005,-2613.8953660254283,22.1,10.904271867527777,0.24549014038500003,0.0219058655202,0.358556391128412,0.7382395726048567,0.039324482166187204,885,-9.61378002167,16.20031052249309,3.397066930965909
4.0012180387942005,-38.26849460605,-2.06704902649,0.022722881046460534,0.008152637257118468,1427.4353027339998,1474.989318847,4134.80505371,3240.28533936,-481.6638975432005,-2532.626352048428,22.125,10.902802149444444,0.24778573049444447,0.0309230927378,0.35921995100355636,0.738232881412185,0.0393612545952894,886,-9.09983253479,15.937693718086026,3.3732162801989554
4.0003970503798,-38.25009441375,-2.062962174415,0.022913896275732367,0.007096880098108383,1455.6327514650002,1547.043701172,4120.30395508,3230.42382813,-378.2937712004505,-2451.619218564428,22.15,10.902812745833334,0.24986964133055553,0.0385626628995,0.36009177007512677,0.738230218251804,0.039407094255598074,887,-8.58479309082,15.720888532310163,3.2232038901851965
3.9987036705028007,-38.2327337265,-2.0621201992050002,0.0230747408024727,0.005744056682182924,1481.307983398,1613.948852539,4105.06237793,3221.1187744179997,-275.28617232345056,-2370.858622861178,22.175,10.904211468166666,0.25165650579666665,0.0449397079647,0.3611373271198009,0.7382277548269025,0.03946151012665343,888,-8.06838607788,15.606320657728526,2.9857856333684984
3.9966399550448006,-38.21722316745,-2.064754128455,0.023198567390230004,0.004170815594322023,1504.706726075,1675.5897827140002,4089.4144287100003,3212.940734865,-172.65961287520054,-2290.330653500728,22.2,10.906906127916667,0.2530699968338889,0.0500460788608,0.3623279931527925,0.7382271556161004,0.03952118574114122,889,-7.55037927628,15.624171605125516,2.7227792138407563
3.9951372921446007,-38.203764915449995,-2.070700526235,0.023281703789289076,0.002504790390193252,1525.916687012,1731.5089111329999,4073.98559571,3207.107482907,-70.42425215745058,-2210.007135129103,22.225,10.910799238416665,0.2540678944852778,0.0536264330149,0.3636269499753104,0.7382251915351339,0.039582213741976804,890,-7.03058576584,15.77014082162808,2.5032476348556636
3.9945776999044003,-38.1926250458,-2.079577445985,0.0233228433864816,0.0008232794504808089,1544.922851563,1781.2221069339998,4059.4342041,3203.857910155,31.425387735299424,-2129.829448056428,22.25,10.915776358722221,0.2546331120861111,0.0557855851948,0.3649974792510674,0.7382235936382072,0.0396416396850207,891,-6.50887107849,16.00603154341048,2.3854401701308645
3.9952105998980003,-38.1837348938,-2.0908659696600003,0.02332244599281328,-0.0008100757370654558,1561.6361694329998,1824.298400878,4046.30651856,3203.301818848,132.91124283779942,-2049.733000302553,22.275,10.921710332222224,0.2547671894233334,0.0566038675606,0.36640505975499593,0.7382201981071288,0.039697978025600614,892,-5.98515224457,16.269298656220407,2.40114133572494
3.9971493124948005,-38.1771774292,-2.10419487953,0.02328235709604776,-0.002346561430817108,1575.9464721680001,1860.435668945,4034.9809570300004,3205.4277343780004,234.0689058017994,-1969.650454831353,22.3,10.928466584944445,0.2544864681033333,0.0561413988471,0.36781700118571736,0.7382165362606231,0.03975106647741766,893,-5.45939445496,16.48934854717955,2.546666473028746
4.0001219272574,-38.1728544235,-2.119073152545,0.023205331403274135,-0.003774638653107407,1587.749816894,1889.4264526369998,4025.6705322199996,3209.637878417,334.9434297275494,-1889.514761471903,22.325,10.935901006055555,0.2538167768055556,0.0546690374613,0.3692033429821818,0.7382113763866758,0.03980168318295245,894,-4.93160963058,16.606461568448218,2.7831763459976226
4.0041436314614005,-38.1708688736,-2.135220646855,0.023094129863577038,-0.005066093370799218,1596.968933105,1911.2507934569999,4018.46435547,3215.937072757,435.5851930330494,-1809.2738145114781,22.35,10.94386630588889,0.25278402699361113,0.0521503165364,0.37054124853389003,0.738206649275843,0.0398509433407509,895,-4.40184545517,16.58828155824438,3.046582874195794
4.0094185769526005,-38.17103672025,-2.15218245983,0.022953042663111354,-0.006164976574554637,1603.4428710930001,1925.622009278,4013.4185791,3224.754455565,536.0468019197995,-1728.8753876925532,22.375,10.952213075416667,0.2514307863183334,0.0483588464558,0.37180022465068285,0.7382000579517839,0.039899949665891464,896,-3.87018942833,16.43923360884422,3.2646803052623175
4.0157186627432,-38.17341804505,-2.169456124305,0.022787113163054037,-0.007057683256262691,1607.096740723,1932.488647461,4010.54260254,3235.717529292,636.3822663972994,-1648.2565263034282,22.4,10.960786607527778,0.2498079174094444,0.0434500873089,0.37294974484501,0.7381939659707869,0.039949721650045185,897,-3.33677339554,16.199982648377794,3.3769972618164004
4.0226203978072,-38.1778011322,-2.186687231065,0.022601517882732,-0.007752073382186638,1608.028991699,1932.348754883,4009.77062988,3248.032409664,736.6458314607994,-1567.363588071128,22.425,10.969435373944442,0.2479681207075,0.0377603247762,0.3739652414574038,0.7381866089891107,0.04000100414580614,898,-2.80177021027,15.936725124471565,3.3518797090992467
4.029286438226,-38.184138298,-2.20371043682,0.022400105922408382,-0.008315519726391255,1606.463928222,1925.791992188,4010.9694824300004,3260.122009276,836.8900972077994,-1486.162777829528,22.45,10.978019502416666,0.24594994054888886,0.0320042297244,0.37483852526862366,0.7381792187161517,0.0400540260185482,899,-2.26537752151,15.723010794941672,3.1958523052184935
4.036426496501,-38.1921930313,-2.220203876495,0.02218726317528744,-0.008670229376905035,1602.707824707,1913.700195312,4013.94360351,3273.2360229469996,937.1643342685494,-1404.659727597628,22.475,10.986415015333332,0.24379847778222224,0.0257302410901,0.37556110745097354,0.7381706633119987,0.040108354504807625,900,-1.72780203819,15.619076852914805,2.952333837764993
4.043834960459,-38.201783180250004,-2.235804080965,0.021968149516014623,-0.00882271147391543,1597.099182129,1896.926818848,4018.45056153,3286.962280277,1037.5129243562994,-1322.828827023953,22.5,10.994512769916668,0.24156793952000002,0.0191527716815,0.376122568388819,0.7381621079061003,0.0401634236827962,901,-1.18926727772,15.654587393301057,2.689791038156978
4.0512775957626,-38.212644577,-2.25026142597,0.021747656422502988,-0.008787652414590801,1589.986145019,1876.385498047,4024.2164306699997,3300.8455810590003,1137.9741883945494,-1240.6547700170279,22.525,11.002222696944445,0.23931029770111112,0.0124939978123,0.37651808110009694,0.7381537189487619,0.04021870092008864,902,-0.650008022785,15.81985441834233,2.4825163101279606
4.0585435330874,-38.22442531585,-2.2633100748099997,0.021530234286599323,-0.008583622025872015,1581.709655762,1852.9704589839998,4030.95825196,3314.4824829060003,1238.5795991612995,-1158.1336304905528,22.55,11.009476979583333,0.2370732525983333,0.00594922434539,0.3767481782174071,0.7381440982794092,0.040273682713106766,903,-0.110263057053,16.06825657633518,2.389468776514343
4.0654426395856005,-38.23699092865,-2.2747814655300003,0.02131984039925815,-0.00823254457337995,1572.6066284180001,1827.5546875,4038.3972168,3327.5115966760004,1339.3535554602995,-1075.271568417903,22.575,11.016221576277779,0.23489966988555555,-0.000310252566123,0.3768179197487024,0.7381355761639209,0.04032785307410676,904,0.429732322693,16.329324542679533,2.4373107249006765
4.0718221664400005,-38.2500190735,-2.284561157225,0.02111986196860631,-0.007756519612836871,1562.989013672,1800.960205078,4046.27160644,3339.6380004850002,1440.3134858802996,-992.0837785010028,22.6,11.022423638249998,0.2328266865677778,-0.00614445190877,0.37673622728304823,0.7381271872065827,0.04038065856511695,905,0.969752371311,16.52879867727003,2.6126302684224387
4.077574050422601,-38.26326847075,-2.292592525485,0.020933130683668352,-0.007178199617968239,1553.146606446,1773.940673828,4054.34375,3350.64636231,1541.4702760412997,-908.5928284888778,22.625,11.028066211277778,0.2308856778675,-0.0114487074316,0.37651511833387846,0.7381190645646716,0.040431516619493096,906,1.5095859766,16.609865633279885,2.865678991861722
4.0826322853582,-38.276480674750005,-2.298888921735,0.020761939359746132,-0.0065182511349501085,1543.3386840819999,1747.175048829,4062.40332031,3360.3965454060003,1642.8288697912997,-824.8266694311278,22.65,11.033146116472222,0.22910243935055552,-0.0161542762071,0.37616877423369094,0.7381107754768185,0.04047983218729802,907,2.04904055595,16.549404036203455,3.1245711683864004
4.0869288206054,-38.289496421850004,-2.303466558455,0.02060805026067232,-0.005799536777540981,1533.793945312,1721.219482422,4070.2701416,3368.74609375,1744.3889527990498,-740.8167557959778,22.675,11.037675009833332,0.2274971703688889,-0.0201837942004,0.37571304079185797,0.7381034184942696,0.04052503518570401,908,2.58794474602,16.364535514222425,3.315819480999319
4.090437662605,-38.3021259308,-2.30633366108,0.0204726389222468,-0.005043251562971101,1524.7058715819999,1696.6104736329999,4077.79321289,3375.6300048800003,1846.1457063390499,-656.5981034522277,22.7,11.04167408413889,0.22608379522972225,-0.0235119611025,0.3751654282928809,0.7380970934856376,0.040566601304713804,909,3.1261510849,16.10763244440011,3.3852502935333435
4.0931926906136,-38.3141183853,-2.307597637175,0.02035645227784518,-0.004264879796411627,1516.223327637,1673.738464355,4084.85266114,3381.0953369100002,1948.0905366613,-572.2073533302278,22.725,11.045176188138889,0.22487166855083332,-0.0261544790119,0.37454318070496107,0.7380903024260987,0.0406040936193006,910,3.66353726387,15.85130418851908,3.3132846568500782
4.0952082157182,-38.32542419435,-2.3073850870149997,0.020259816981021344,-0.0034820110846986068,1508.463500976,1652.9070434569999,4091.35534668,3385.15753174,2050.2118531898,-487.67996990747775,22.75,11.0482205285,0.22386554214694446,-0.0281183701009,0.3738634088364048,0.7380849761035913,0.040637200040683115,911,4.20000553131,15.667757290671119,3.120274271694285
4.0965286314484,-38.33587265015,-2.3057805299750003,0.0201826602108793,-0.0027086631738654394,1501.506469727,1634.328613281,4097.23242187,3387.89233399,2152.4957368568,-403.0510316139777,22.775,11.050849490694443,0.22306582993944446,-0.0294396299869,0.3731426242873339,0.7380800825450713,0.04066574995978539,912,4.73548126221,15.608467703057572,2.860500581007777
4.0972050488026,-38.345363616949996,-2.302909493445,0.02012457833192973,-0.001957609094268277,1495.412841797,1618.1632690430001,4102.4354248,3389.38586426,2254.9265474035496,-318.3537232642277,22.8,11.053112877750001,0.2224692536725,-0.0301603414118,0.3723964398394857,0.7380755218810534,0.04068971008724446,913,5.26991462708,15.68990550630613,2.6066961816450864
4.0973055183928,-38.3538684845,-2.2989385128,0.02008488058701153,-0.0012387769232059043,1490.2022705079999,1604.445007324,4106.94140625,3389.7620849600003,2357.48743302355,-233.6190766577277,22.825,11.05506049261111,0.22206943896083337,-0.0303449649364,0.3716390368253581,0.7380719599040327,0.04070915532438876,914,5.80327653885,15.889225863149838,2.429587210374202
4.096868008378601,-38.3613204956,-2.29395008087,0.020062651514280105,-0.0005628844536347771,1485.854125976,1593.0954589849998,4110.75488282,3389.1000976600003,2460.1609681798,-148.8750245337277,22.85,11.056742138333334,0.22185734576638888,-0.0300376247615,0.37088309854913465,0.7380688306892543,0.04072426460237324,915,6.33555746078,16.150960183313025,2.378252655299575
4.0958498775978,-38.367740631100006,-2.2881838083300003,0.020056511679496642,5.123241111484941e-05,1482.324645996,1583.9894409180001,4113.90197754,3387.32702637,2562.9298402503,-64.14752209222769,22.875,11.05820655822222,0.22181880142944446,-0.029221970588,0.37014164121211907,0.7380666002911151,0.040735237658248255,916,6.86676597595,16.402657193245613,2.4667364542303196
4.094485652447401,-38.3731403351,-2.2817606925950003,0.020065073326343386,0.0006135264513309161,1479.55078125,1576.950561523,4116.42822265,3384.88012696,2665.7773896888,20.535653567022322,22.9,11.05949931675,0.22193945116472225,-0.0280929654837,0.36942461837816637,0.7380652687113611,0.040742274229238755,917,7.39692878723,16.574997819436966,2.6704941054927156
4.0928287804124,-38.377485275249995,-2.2748045921299997,0.02008699030994448,0.001120347527924692,1477.453308106,1571.761413574,4118.39208985,3381.86358643,2768.68809525505,105.15765674102231,22.925,11.060660680138888,0.22220527132361112,-0.0267003104091,0.3687392205821379,0.7380637041048445,0.040745628147653576,918,7.92608499527,16.620785441227348,2.9334713020285226
4.0909327089778005,-38.3808403015,-2.267437577245,0.020120845745309607,0.0015694792427925265,1475.949401856,1568.1867065430001,4119.85888672,3378.38189697,2871.6478975013,189.7042464017723,22.95,11.061726676083332,0.22260134418805555,-0.025095988065,0.36809140664688067,0.7380624723928302,0.04074560318054409,919,8.45428180695,16.527650543055138,3.183695427848071
4.088851469757601,-38.383285522449995,-2.259776473045,0.020165183216264516,0.001960201775217248,1474.945922851,1565.967163086,4120.89892578,3374.5426635699996,2974.6443696693,274.1637938260223,22.975,11.06273015338889,0.22311222222111113,-0.0233341492712,0.3674858038154875,0.7380620396288428,0.040742532222936126,920,8.98157691956,16.321126658889618,3.353002039729506
4.0866355896016,-38.38485717775,-2.251929998395,0.020218552548281404,0.0022932090035183046,1474.3468627930001,1564.846130371,4121.58471679,3370.4481201099998,3077.6668428138,358.5273604152723,23.0,11.06369654338889,0.2237224082152778,-0.0214651413262,0.36692564117047677,0.7380617733125429,0.04073675649228349,921,9.50803184509,16.057422424011552,3.3954962021536343
4.0911094069468,-36.6008281708,-2.246063470845,0.020327600672647588,0.003077710201773874,1436.152160645,1567.962097168,4114.01208496,3367.17938232,3180.70646073355,442.7885634180223,23.025,11.065450244472224,0.22496504916083332,-0.0190773811191,0.3663824894660324,0.7091190712175071,0.04071465641648802,922,10.0336761475,15.807986756371662,3.2997892905763084
4.1007848620396,-34.8041362762,-2.239146351815,0.02041788391417009,0.0041629683717024695,1404.0300903319999,1576.9814453119998,4109.90649414,3366.89050293,3283.55676285755,526.9680479760223,23.05,11.068385442111111,0.22602442238055553,-0.0123005257919,0.36598890754618346,0.6776627112383486,0.04065901299445775,923,10.5586147308,15.640145673343664,3.0918186433668433
4.1142991900472,-33.0046482086,-2.22971224785,0.020537214336901123,0.005356098609792538,1375.869140625,1583.593322754,4110.89440918,3369.37084961,3386.30442521105,611.1403105492723,23.075,11.072790357805555,0.22743624117638891,-0.00529072899371,0.3657691634671781,0.6462350135308963,0.0405800294621896,924,11.0830917358,15.599085502109636,2.827635997773536
4.129014480115,-31.2022418976,-2.217960834505,0.020685338108357314,0.006442201241065601,1348.7960205079999,1586.2039794920001,4114.98303222,3373.07617187,3489.07678544055,695.3745817895223,23.1,11.078612009694446,0.2291975087588889,0.00138544954825,0.36572165933121675,0.6148260411738817,0.04049318544344536,925,11.6073617935,15.695895696961149,2.5782847329339207
4.1432858347888,-29.397096633900002,-2.2045812606800004,0.02085772785475643,0.007281233263381024,1321.901428223,1584.295715332,4120.08666992,3377.15551758,3591.95136124605,779.7014860862723,23.125,11.085792117638888,0.23125799165833336,0.00721808476374,0.3658308489356373,0.5834229943510494,0.040412329376046156,926,12.1316652298,15.904677764798706,2.4108281789399224
4.1559114158198005,-27.593005180349998,-2.190721273425,0.021046937127797646,0.007798370773260519,1294.7918701170001,1577.227172852,4124.9173584,3380.7468261799995,3694.95352799405,864.1303740257723,23.15,11.094274520861111,0.23353497187305555,0.0120702255517,0.3660753271226702,0.5520718125900986,0.04034605827680868,927,12.656211853,16.16943676163917,2.3704409266674284
4.1673334062052,-25.7911720276,-2.17692887783,0.02124572753900759,0.008065821326464025,1267.1105346680001,1564.1802368160002,4129.02319336,3385.26635742,3798.07646195405,948.6490446802724,23.175,11.103987163972223,0.23594778445027778,0.0152054419741,0.3664200067477287,0.5207723460885472,0.04029717262617606,928,13.1811752319,16.418976478302586,2.4682595087679067
4.1777366817004005,-23.991962432850002,-2.163559794425,0.021448708267759953,0.008147940834951134,1238.511047363,1544.311523437,4132.58337403,3391.06286621,3901.3020417880502,1033.2807036157724,23.2,11.11484527588889,0.23843563265277778,0.0165902879089,0.366820845781514,0.48952003418324974,0.04026429507016742,929,13.7066698074,16.585931416498134,2.6782310579117254
4.060471731421001,-22.23689460755,-2.151296496395,0.021585263933229404,-0.002642366587340551,1129.850830078,1521.3029785150002,3915.4147949199996,3397.25207519,4004.6166261387993,1118.0572752710225,23.225,11.126848856611112,0.24021327495583333,-0.0768190100789,0.366684358775552,0.45888524275591214,0.04024184129327611,930,14.2326564789,16.62495383418295,2.9438994233303184
3.9404009342236,-20.5254764557,-2.1406266689300004,0.02142195182107176,-0.011153915775909478,1039.882720947,1505.771362305,3688.138244627,3402.48327637,4102.5019960118,1202.9885771507725,23.25,11.140554216166667,0.23868893583611112,-0.176280885935,0.3636758189814361,0.4281313580932964,0.040170560122224634,931,14.7564945221,16.525437396379548,3.1937257645174273
3.8164416134404,-18.84744644165,-2.122888326645,0.02111123374268459,-0.01756823704929552,934.1286315919999,1476.434814453,3461.85510254,3411.671875,4194.705452127475,1288.0506590600226,23.275,11.155587302305555,0.23554320136694443,-0.275062263012,0.3584325541379687,0.3974784405254502,0.0399773685911194,932,15.2743339539,16.31439512164406,3.361304739883171
3.6830784559226,-17.2090535164,-2.09453737736,0.020599444921427613,-0.021755905980044867,820.076293945,1444.585754395,3229.083435059,3415.76831054,4281.251829690974,1373.3424559350226,23.3,11.171391805,0.230157011085,-0.373299002647,0.3502106767727705,0.3668440485716898,0.0396195604151207,933,15.782532692,16.04757925655196,3.4039506970968114
3.6712134063220003,-15.5469522476,-2.0465836524950003,0.0201573934700774,-0.01381552058121944,804.6130371090001,1388.712219239,3206.692626954,3413.01867676,4361.978915567449,1458.7366636985225,23.325,11.187685860527777,0.2255451348091667,-0.381496548653,0.3407477996288056,0.3358037575788092,0.03908239666202136,934,16.2776489258,15.792299645987452,3.312875852982408
3.650117129092,-13.8709464073,-1.978614211085,0.019905556218841373,-0.006668336386971795,781.9514160159999,1316.3892211920002,3192.823669431,3390.46008301,4442.146231241299,1544.0621306175224,23.35,11.204075283472221,0.2230528162586111,-0.374619394541,0.3312639833823414,0.3048669636829294,0.03843362981451712,935,16.7591400146,15.608937886194845,3.1121235640799085
3.6411607325058,-12.17697572705,-1.8972806334499999,0.019839120752523462,0.001088548110144121,758.249389648,1237.081054687,3222.026245118,3350.6230468800004,4521.966822977074,1628.8236326927724,23.375,11.220295164333333,0.22263000408805558,-0.344903767109,0.32224542137670514,0.27399475976700016,0.03774801563658224,936,17.2273216248,15.537383752089323,2.848962479749673
3.6267702162314,-10.46518087385,-1.809499144555,0.019950777942535847,0.00746158024374876,731.738952636,1152.505249024,3267.11120606,3286.94555665,4602.517479105024,1712.5892088647724,23.4,11.236164304944445,0.22419995731777778,-0.299615770578,0.31415663548813577,0.24319563465522684,0.0370867985109587,937,17.6832199097,15.590799210057003,2.5807343930838553
3.6154738128166,-8.73707342148,-1.722516477105,0.020207723053416806,0.012862339856965044,703.5423278799999,1062.404754639,3326.986633296,3215.34606934,4684.195259256524,1794.7628477810222,23.425,11.251594755388888,0.22740006446833336,-0.245962440968,0.30732426242110006,0.21246002593560193,0.036487196114029,938,18.1284313202,15.756156667505893,2.3619945042441852
3.6076430261102,-6.993270158765,-1.6402009129550001,0.020588309579079155,0.01723450447371141,673.322387695,965.267272949,3396.656188963,3141.19555664,4767.369925088924,1875.1464995145222,23.45,11.266505983138888,0.23199109567527776,-0.188129469752,0.30188711945092944,0.18176947457224196,0.03596645241347097,939,18.5648612976,15.999643659813655,2.2345000934664414
3.5505473852114005,-5.23576116562,-1.56840330362,0.021043418842302396,0.01647115199943338,643.052459717,833.909301758,3458.585632329,2984.906250003,4852.286329813,1953.6763884305217,23.475,11.280805799694443,0.23742177420194446,-0.0910242199898,0.2980254360009385,0.15110438136552803,0.035527563465913174,940,18.9945964813,16.27472117573504,2.2210459094939834
3.4739442884958,-3.4731011390699997,-1.53597617149,0.021346842356001698,0.009611343172602465,612.5948486330001,739.472625733,3482.2920532179996,2831.315795899,4938.750970621225,2028.2990446805966,23.5,11.294365988833334,0.24113570650416666,-0.0151630854234,0.2969343721925523,0.12045568324346054,0.03514069354445694,941,19.4207496643,16.53096031569293,2.3232256350561173
3.3558855116388004,-1.7159439921400002,-1.5163870453850001,0.02149408187471832,-0.00021143598887129073,580.89390564,621.259979248,3299.4173584,2808.6743774389997,5025.808271951675,2099.081939578072,23.525,11.307542588972222,0.2430826756688889,-0.0708105787635,0.2961272013556595,0.08973013211812786,0.034757019416330616,942,19.8460235596,16.722336193035762,2.522405560002558
2.7361741900472,-0.02298395335650001,-1.53444570303,0.02096913329271792,-0.051588043541585964,524.773376464,462.105606079,2503.957031253,2482.2496337909997,5108.293705911672,2169.2987990140455,23.55,11.320019827944444,0.23740579684583332,-0.214514479041,0.29290690696455396,0.058855335780972066,0.034302530170328575,943,20.2686443329,16.815024434156577,2.783046430434899
1.6507867604466,1.26618438959,-1.6026731133449998,0.01870311401951203,-0.1333137994934853,400.046707153,377.741409301,502.851303101,2510.107360841,5170.892631692997,2231.3550398588204,23.575,11.331732008194445,0.21196338865499997,-0.953439414501,0.2789986147504992,0.03085921892556309,0.033475358577538236,944,20.6809463501,16.794419401839217,3.0595515215715765
0.64278960973038,2.235778450965,-1.659098625185,0.014523624946458705,-0.18967444409092327,277.62178039500003,285.792175293,-1360.8917846680001,2538.698059079,5183.4639142705155,2294.1077238798457,23.6,11.34106636047222,0.16472496920166665,-1.63699626923,0.24591033623485167,0.003947578586649764,0.03181315698626301,945,21.0594234467,16.66915592701079,3.308291320540929
0.07327672550455601,3.2689371109,-1.64196431637,0.009626753096518387,-0.1939402123006776,181.8046035767,198.1910629272,-2378.683593751,2518.418884276,5149.441619653816,2357.5751753568206,23.625,11.346889072000002,0.10923707650777777,-2.01019430161,0.19965152770612177,-0.026293338467818946,0.029056943383235893,946,21.380191803,16.46598725978613,3.501095577974645
0.37046481668994,4.426423072815,-1.51063680649,0.0056068373070245,-0.12012069086796424,102.2681045532,116.8520202637,-1738.4296875,2421.137817385,5089.974529810041,2420.5356474637206,23.65,11.349062389805555,0.063633012275,-1.72370612621,0.15183603494064746,-0.05742728846709762,0.02535918790210792,947,21.6313323975,16.21596742081807,3.6305475101640674
0.31568395569886004,5.70224070549,-1.28569102287,0.0030982630954775213,-0.08297235669085415,59.386131286600005,43.4509296418,-1687.0092163079998,2264.902954101,5046.513787622541,2481.064092898345,23.675,11.348695755000001,0.0351613594425,-1.62885820866,0.1099980238869247,-0.08749965980383079,0.021282728833309138,948,21.8191261292,15.943068596391385,3.7036030799287305
0.19508735425732002,7.062634706495,-1.0138545036295,0.0014059445071046984,-0.05383707059864132,34.245335578900004,-18.242228508,-1711.618713379,2061.913696292,5004.338557214841,2537.68666675087,23.7,11.346165339138889,0.015952088352694446,-1.54318809509,0.07032934895562297,-0.11767267574316828,0.017197116188724194,949,21.9485397339,15.661521580340116,3.7332947925058404
0.037110712658572007,8.494877815245001,-0.7138304710385,0.0003733825319282948,-0.030363575518381314,23.42190694807,-63.9879570007,-1744.7123413079998,1797.754394532,4961.548089380366,2589.2345091581687,23.725,11.34188546075,0.004234861892972222,-1.43482613564,0.033027762341516276,-0.14791885787233033,0.013276841114995356,950,22.0226726532,15.378113284275322,3.7346153806592053
-0.16880873367162003,9.985270500165,-0.40923579037150004,-0.00016248145092527042,-0.014281719413611643,25.95038652419,-93.80437088010001,-1774.690917969,1442.604431152,4917.930280847666,2634.178369021469,23.75,11.33627467686111,-0.001841934346077778,-1.28656828403,-0.0010863903384871045,-0.17823973750925598,0.009610705470361384,951,22.0454311371,15.094915861145253,3.7224286722034385
-0.42615088969446,11.52599716185,-0.12708434788530001,-0.0004072434938662857,-0.00697279967785026,38.38602924346,-112.0122489929,-1803.426086425,992.377166748,4873.563007898441,2670.2434798002687,23.775,11.329676310222222,-0.004613937085694445,-1.09525942802,-0.030951982235883118,-0.20865107307633993,0.006223117750402317,952,22.0221271515,14.811865107805339,3.7104345467411757
-0.7110278099778001,13.111846923849999,0.111510223010495,-0.0005729952331393605,-0.0073831205011777815,56.315498352000006,-122.35426330569999,-1825.9912109380002,485.809112549,4828.477355737817,2695.0529089689667,23.8,11.322306527027779,-0.006487628238055556,-0.873887777328,-0.05560569668456205,-0.23916504853679782,0.0030918064902765133,953,21.9595851898,14.528854537595748,3.710653121745146
-0.9829963594668001,14.73581600185,0.29544255137450004,-0.0008140466168812728,-0.01231318875811638,76.1759567261,-133.5937080383,-1838.9617309569999,-6.747863769000006,4782.827575464366,2707.1981367826916,23.825,11.314262814,-0.009210339436916666,-0.654800415039,-0.07467969749766676,-0.2697825876742041,0.00018126840744576287,954,21.8656520844,14.247097125705896,3.7330169894282865
-1.2085371524114001,16.393126487700002,0.4269339591265,-0.0011992155871901782,-0.018345299601692316,97.1934127807,-143.1734771729,-1844.9718627920001,-421.2621002201,4736.853532190441,2707.0294401884653,23.85,11.305583318083333,-0.013557837034277776,-0.468148708344,-0.08863058364430676,-0.30050607068830754,-0.0025303822239454254,955,21.7481079102,13.969669774333193,3.7850072266202064
-1.373493906855,18.079882621800003,0.517357558012,-0.0017241312699401248,-0.023197329436569145,119.4805679321,-151.2057571411,-1845.408813474,-730.194076539,4690.729235620641,2696.4978876829628,23.875,11.296325259749999,-0.01947636612588889,-0.327744543552,-0.09847355213191117,-0.3313308786586178,-0.00503758246282515,956,21.6136226654,13.701373395682179,3.871458236726442
-1.4836576431978001,19.7914476395,0.5805674493315,-0.002345992128116679,-0.026187503821942185,142.97235488889999,-156.8251914978,-1841.484863277,-942.781097412,4644.594015283791,2678.243035769488,23.9,11.286561754027778,-0.02647823550636111,-0.229643851519,-0.10536151868571099,-0.36225111102137836,-0.007308107263561935,957,21.4672603607,13.448208115226882,3.9945983942253633
-1.540123596788,21.52301979065,0.628780633211,-0.0030054771586916166,-0.02634208575895864,167.4156188965,-159.3544158935,-1834.8441772429999,-1059.380706787,4598.556893701866,2654.6735083341873,23.925,11.276378631583334,-0.0338910002675,-0.174775823951,-0.11036573985447147,-0.39325486677348226,-0.009298032673337836,958,21.3125114441,13.216756179721708,4.154273021703419
-1.5794513076538002,23.2694559097,0.66809168458,-0.0036624181422313497,-0.02617198258621492,192.6921463013,-161.0889129638,-1826.0421752910001,-1146.351379395,4552.685789270791,2628.1889906645124,23.95,11.265806621972224,-0.04126028054277778,-0.132474467158,-0.11418259897338906,-0.4243309939277249,-0.010968427646272053,959,21.1514816284,13.013654043845941,4.348260320775862
-1.6003868043394,25.0265445709,0.698381483555,-0.004306576212592761,-0.025272412543045655,218.5641098018,-161.3302154541,-1815.29101562,-1201.2174377439999,4507.034734888516,2599.5302061796374,23.975,11.254894468527777,-0.04847036053750001,-0.104157157242,-0.11711691147439296,-0.45548684946752793,-0.012306937611643746,960,20.9856719971,12.845157242353284,4.57255836590905
-1.6112843960486003,26.7903223038,0.720166474581,-0.004923770817230712,-0.02409382436074191,244.75180816699998,-160.6225166321,-1803.020019531,-1238.936126708,4461.6524594980165,2569.4997702360374,24.0,11.243678198916667,-0.055361737807500006,-0.0833052322268,-0.11944741045485471,-0.486723997999408,-0.01332929498549927,961,20.8161277771,12.716759957805483,4.8216290433692475
-1.6140934556712,28.55821037295,0.7333962619300001,-0.005508539094924706,-0.02265106516272584,271.094108582,-159.3316192627,-1789.9200439410001,-1262.48147583,4416.576959009742,2538.5263670683375,24.025,11.232179005944444,-0.06187352455333333,-0.0686510950327,-0.12133242084144592,-0.5180468836735652,-0.014074670082128312,962,20.6435985565,12.632884311106615,5.0886665358791605
-1.6105517566236,30.32687854765,0.739253550768,-0.006053391685330114,-0.020933573850341634,297.48101806600005,-157.67269516,-1777.026184082,-1274.117675781,4371.828957911217,2506.9643301725873,24.05,11.22040960525,-0.06792236533416666,-0.0593424886465,-0.12292245284789063,-0.5494197369077126,-0.01459606292810886,963,20.4686107635,12.596636132629557,5.3658885550405095
-1.6036361485718,32.096638679499996,0.7395280599595,-0.006553551023095241,-0.01910300014070126,323.938858032,-155.8192939758,-1765.429260254,-1278.337280273,4327.403303309167,2475.1113882780623,24.075,11.208373175722222,-0.0734556963047222,-0.0535822883248,-0.12432811088316723,-0.5808545252822868,-0.014949264667678165,964,20.2914962769,12.609632285705334,5.644846490884847
-1.5951477825612002,33.8675470352,0.7362582683565,-0.007007470706290434,-0.017246960993599358,350.47544860799997,-153.8545646668,-1755.687744141,-1277.982391357,4283.267571802818,2443.152956271237,24.1,11.196062299944444,-0.07845737040055556,-0.050209287554,-0.12562148338895676,-0.6123409290476476,-0.015184729719932486,965,20.1124610901,12.671892906268589,5.91674399246232
-1.5860141038868,35.6383190155,0.7312757074835,-0.007414943195615226,-0.015391007150808548,377.09828186,-151.2716445922,-1747.659545898,-1274.8947143560001,4239.375378199293,2411.203396487312,24.125,11.183470620055557,-0.08292631970500002,-0.0483500547707,-0.1268512063446225,-0.6438446100698746,-0.015342685341182626,966,19.9316272736,12.781787831266087,6.172757752757588
-1.5768643617678002,37.41004753115,0.7261150479315,-0.0077765052844296365,-0.013571116254251473,404.492004395,-143.61517333979998,-1740.67010498,-1270.404998779,4195.683889551843,2379.3310286284122,24.15,11.170626746277778,-0.08687018520305555,-0.0474238395691,-0.12804639143001548,-0.6753669997999527,-0.015451774037053723,967,19.7490634918,12.936037401310962,6.404359148421717
-1.5682289421512001,39.181674957249996,0.721950739622,-0.008093071914260697,-0.01180466126885607,433.401550293,-128.0278968811,-1733.788696289,-1265.7031860349998,4152.167136927344,2347.5709036589374,24.175,11.157632403916667,-0.09030149214805555,-0.0468932017684,-0.12922568909494334,-0.7068784872139209,-0.015530548469557419,968,19.5648021698,13.12976956849783,6.603632153068201
-1.5606767833216,40.954116821300005,0.719216644764,-0.008366816786296496,-0.010149391178371566,464.101043701,-103.4510002136,-1726.161804199,-1262.20336914,4108.822419520118,2315.928324008062,24.2,11.14462534586111,-0.09324721164166666,-0.0460640154779,-0.13038896618160523,-0.7383850477798317,-0.01558996817078031,969,19.3788661957,13.356633324408795,6.763580908446822
-1.5582523703572002,40.9799194336,0.7198389470575,-0.008647731907476145,-0.009015375574322328,470.280670166,-67.9505348205,-1718.456115723,-1261.228881836,4065.6683744151433,2284.373239779562,24.225,11.132152345444444,-0.09627026816222223,-0.0421915054321,-0.13145505453294798,-0.7409767029944379,-0.015624322948841241,970,19.1913394928,13.608972654889197,6.878422146859885
-1.5595650464296003,40.95977592465,0.720287293196,-0.00886252573221484,-0.008222458891050277,478.891601563,-20.69329690935,-1712.146057129,-1262.8605346680001,4022.706971522068,2252.842517733662,24.25,11.120154062916667,-0.09855523705472222,-0.042541526258,-0.13251256251233004,-0.7409474082223926,-0.015625787687443514,971,19.0023097992,13.8780499315002,6.943860653038009
-1.5628126382848,40.9400501251,0.719924479723,-0.00905956636337376,-0.00755931929605926,490.878799439,33.931667529095,-1707.174316406,-1264.699279785,3979.9033200938434,2221.271004366962,24.275,11.109023623999999,-0.100645687845,-0.0439568720758,-0.13359247433438445,-0.7409411497928354,-0.015609894025279583,972,18.8117618561,14.15433683862649,6.9572895494818505
-1.5664905846156003,40.9199848175,0.719430953264,-0.009239947673547577,-0.006872355852564911,504.41874694800003,94.1824550629,-1702.7600097660002,-1265.775512695,3937.2239621836934,2189.653522372337,24.3,11.09886275397222,-0.10255582630638889,-0.0461584031582,-0.1347186336132763,-0.7409397516340063,-0.015591579591303507,973,18.6196422577,14.427845887962803,6.917920243839209
-1.5700038075484,40.899995803850004,0.7197799980640001,-0.009402070725802745,-0.006094263405828573,518.700149536,158.9763793945,-1698.083557128,-1266.16229248,3894.654961939543,2158.009134554962,24.325,11.089750925694444,-0.10426969163944445,-0.0486798845232,-0.13590498033266216,-0.7409403175561435,-0.015581198464542433,974,18.4258747101,14.68846817676235,6.826876836556013
-1.5732476025798001,40.880697250400004,0.721558481455,-0.009543419040946114,-0.00521291573036026,533.2833709720001,227.2110977176,-1692.6353149410002,-1266.361450196,3852.2028730113434,2126.355077242962,24.35,11.081752777111111,-0.1057610164086111,-0.051075797528,-0.13715376985744143,-0.7409424813734622,-0.01558380961076073,975,18.2303695679,14.926335699645179,6.687227696746457
-1.5763396710124002,40.8626022339,0.725247353315,-0.009661593693434329,-0.004245917517283337,547.865463257,297.549011231,-1686.274658204,-1266.91796875,3809.8869901378184,2094.696040988062,24.375,11.07491493225,-0.10700465904333334,-0.0530272983015,-0.13845756198095976,-0.7409463429571929,-0.01560024838871269,976,18.0330467224,15.132196154655214,6.503953931504316
-1.5794737964880001,40.84596824645,0.730929225683,-0.009754832419609269,-0.0032245086344940286,562.201995849,368.474243164,-1679.1456909180001,-1268.261779785,3767.7301236827184,2063.023091769312,24.4,11.06926282247222,-0.10798223316666666,-0.0543585047126,-0.13980275793701447,-0.7409502711208711,-0.015628796227242864,977,17.8338356018,15.297791160590425,6.283848148120244
-1.5827847659624,40.83101654055,0.7385568320755,-0.009822173984778464,-0.002178710761697507,576.0891418460001,438.305587768,-1671.545288086,-1270.569702149,3725.7514814097685,2031.316547274687,24.425,11.064794328472223,-0.10868382950611111,-0.055066280067,-0.14117332050248352,-0.7409547652040687,-0.015666703620587676,978,17.632686615,15.416225576626179,6.035337025232467
-1.5846202343734002,40.817787170399995,0.7483395934104999,-0.009861185133557574,-0.0009562513567860615,589.3519897460001,505.63835143999995,-1663.809509277,-1270.6911315910002,3683.9628492076185,1999.5523047209622,24.45,11.061479780416667,-0.1090828329325,-0.0565187297761,-0.14257063119221278,-0.740958227314222,-0.015711079582545213,979,17.429567337,15.482312205018264,5.768224836138922
-1.5868184447276001,40.80643463135,0.760298758745,-0.009869387877773536,0.0002767938533845917,601.842468262,569.121917724,-1656.23828125,-1271.8753356930001,3642.3676114756936,1967.7850264311871,24.475,11.059267256,-0.1091517342461111,-0.0574009343982,-0.1439975861936947,-0.7409616228444279,-0.01575893221808487,980,17.2244300842,15.492867909651824,5.493358048680159
-1.5896422535168002,40.7968673706,0.7741750478745,-0.009847077661857752,0.0014788386591224115,613.435272217,627.714019776,-1649.062805176,-1274.517944336,3600.9616544444434,1935.988143038862,24.5,11.058083640194445,-0.10889332327583334,-0.0575664527714,-0.1454376739085527,-0.7409636867940068,-0.015808075862571932,981,17.0172405243,15.446945673739165,5.2222210675713665
-1.5930192291762002,40.7891540527,0.7896053195,-0.009795436263553286,0.0026342891989371985,624.028747559,680.653381348,-1642.441345215,-1278.437957763,3559.7350843150434,1904.125194430462,24.525,11.057840983083334,-0.10831984380888889,-0.0570892766118,-0.14687208576119595,-0.740966116928498,-0.015857435888895585,982,16.8079948425,15.345992439173337,4.966473649049744
-1.7815049976108002,40.76539230345,0.8014750182629999,-0.009909350898583424,-0.011827958726912212,724.608428955,715.274475098,-1987.344970708,-1283.9500122069999,3518.6740506846672,1872.164245486387,24.55,11.057608922333335,-0.10957731140972223,-0.156246632338,-0.14953800988087954,-0.7411275044910478,-0.01591695857957163,983,16.5962696075,15.193850101250273,4.737504905583727
-1.9687584072352,40.66903495785,0.80059120059,-0.010533209907811817,-0.022723290923596328,782.607452393,733.3172912590001,-2365.133239746,-1284.6467285160002,3468.9904264169672,1840.065495181212,24.575,11.054740481916667,-0.11644620034416667,-0.245271682739,-0.15570978583846573,-0.7412107282745537,-0.016099708646696718,984,16.3777580261,14.996374926028437,4.546462221400077
-1.970619723205,40.5829544067,0.8150992393495,-0.011025808364798613,-0.016776437645333462,778.781463623,774.925048828,-2380.336059573,-1275.532012939,3409.862095423317,1807.949326968312,24.6,11.051860385472223,-0.12186062832666665,-0.247204884887,-0.16185789295200223,-0.7411909875936586,-0.016438488744776505,985,16.150396347,14.76164335236369,4.404044923256416
-2.1593261450488,40.4971294403,0.8424838483335,-0.01155005370597844,-0.026751815173227972,848.851501465,806.419250489,-2755.719604488,-1273.867919922,3350.353693933992,1776.061026644837,24.625,11.048615773527779,-0.12761778301666665,-0.341879606247,-0.1691399407681897,-0.7413337330283051,-0.01686812216734613,986,15.9138355255,14.50062748036187,4.319604193171897
-2.3534926801890004,40.351184845000006,0.8667608797549999,-0.012485093725894174,-0.03399870510192148,876.907714844,825.325653076,-3167.84088135,-1276.690673828,3281.460703821792,1744.214328646787,24.65,11.042009989416666,-0.13786769575555555,-0.424152106047,-0.17971854925106417,-0.7414052721928793,-0.017430677496916964,987,15.6641130447,14.22729319862609,4.3007057878938
-2.3626037239994,40.222927093500005,0.9135528802874999,-0.013213492210855372,-0.02437652723288455,870.5756835939999,858.395507812,-3192.162536618,-1274.912628174,3202.264681788042,1712.297061801087,24.675,11.035123401222222,-0.14582100841722223,-0.423790156841,-0.1903101073528514,-0.7413845328249871,-0.018120913715694128,988,15.3991479874,13.958616549229296,4.352138343403319
-2.3690733522204,40.11800003055,0.9843296110640001,-0.013697309518335594,-0.014516802676750153,872.412719727,888.02432251,-3197.174499516,-1279.526916504,3122.460618372592,1680.424246096737,24.7,11.028643714055555,-0.1510721941788889,-0.420842975378,-0.200879361481975,-0.7413744461029822,-0.018842299556523164,989,15.1190233231,13.714172670989969,4.473946348841171
-2.3745226591842004,40.03308105465,1.07354110479,-0.01393521302745685,-0.004680957104838101,876.017059326,912.7975769039999,-3190.8775024419997,-1290.741363525,3042.5312558846917,1648.436073184137,24.725,11.022655699,-0.15361299117416669,-0.414190858603,-0.2113171220322691,-0.7413597321370118,-0.019519264702640843,990,14.8238544464,13.514721853782548,4.659866000941514
-2.3787391692386004,39.965248107899995,1.177042007445,-0.013927615736265435,0.005111891939320323,881.5547485349999,935.1716308590001,-3179.6327514689997,-1302.8484497069999,2962.7593183236418,1616.167539096012,24.75,11.017172071666666,-0.15345285336166667,-0.40750002861,-0.22158224316332392,-0.7413390260604023,-0.02010982483564809,991,14.5138683319,13.379979787295849,4.896402152589178
-2.3808668464448,39.9122104645,1.29284185171,-0.013674444823952636,0.01497983380384988,889.43447876,956.1498107909999,-3167.571899415,-1310.608428955,2883.268499536917,1583.596327853337,24.775,11.012187533916666,-0.15059494309944443,-0.403843939304,-0.23171393992586561,-0.7413148245841018,-0.02060020017723123,992,14.1892852783,13.325813325105669,5.162729782319503
-2.3804798632902,39.87248802185,1.420708715915,-0.01317213415137633,0.025054353745239316,899.636627197,976.39276123,-3156.687011718,-1311.543914795,2804.079202051542,1550.831117129462,24.8,11.007692548972223,-0.14500318302055556,-0.404607594013,-0.24180951756554023,-0.7412899240275143,-0.02099478494354614,993,13.8502235413,13.361203402534596,5.431750614651515
-2.5498290955984,39.844501495399996,1.55090969801,-0.012473413267792593,0.01943441181310314,911.4493408200001,1039.731872559,-3147.600463867,-1620.8110046349998,2725.1620267585918,1518.042519259587,24.825,11.0038608975,-0.13726282450888888,-0.279937028885,-0.25153752903927773,-0.7412766748011933,-0.021307970607001552,994,13.4966936111,13.485455708410518,5.6724706225815416
-2.6943639457196,39.81306648255,1.598020911215,-0.012172333543882714,0.011011929758507578,922.445281982,1048.724243164,-3143.80731201,-1881.14334106,2646.4720151619167,1477.522244143711,24.85,11.000744501749999,-0.13391134639583335,-0.16315343976,-0.256285495854842,-0.7412581325427753,-0.02164060774959682,995,13.1326961517,13.685966053405162,5.854099274026969
-2.7044996917204003,39.78943443295,1.646199822425,-0.01185856739439006,0.014143756225865936,935.331237793,1076.957702637,-3146.314636235,-1888.674438476,2567.876832361667,1430.4936606172112,24.875,10.998033947416667,-0.1304270409875,-0.164732441306,-0.26036670700140835,-0.7412464146334334,-0.022076687894458012,996,12.7627038956,13.938057598898078,5.951684168060194
-2.7099840462184,39.7763748169,1.706505060195,-0.011458863325178975,0.017824980342519083,947.985046387,1101.975585938,-3150.132141113,-1886.556976316,2489.218966455792,1383.2767996553112,24.9,10.995801289888888,-0.12600489788583336,-0.171150967479,-0.26456201795524775,-0.7412388912031971,-0.022575423065230502,997,12.3867721558,14.208165326188189,5.950800487660932
-2.9019139647456003,39.7646369934,1.717862308025,-0.011353668462115394,0.0015995585289850897,959.41708374,1135.398925781,-3153.221252443,-2227.200225829,2410.4656629279666,1336.1128752474099,24.925,10.994233025444444,-0.1248302476275,-0.0232967939228,-0.2657598578796409,-0.7412356288302686,-0.02312367430706635,998,12.006644249,14.45874869055769,5.8504076797283195
-2.9032148122768002,39.75700950625,1.7287267446499999,-0.011308344789323629,0.00215200476954584,970.947113037,1157.522705079,-3156.374084477,-2218.582153317,2331.6351316168916,1280.4328696016848,24.95,10.992981592805556,-0.12431773046638889,-0.0317684672773,-0.26643863106207266,-0.7412239109217995,-0.023734595138713427,999,11.6254692078,14.654064976202205,5.664160685400426
-2.9009110212306,39.7552032471,1.74903070927,-0.011240840937768264,0.0032887126629977345,981.9530944820001,1176.0164794920001,-3157.353576662,-2205.461425777,2252.725779504967,1224.9683157687598,24.975,10.992125405194445,-0.12356593377055554,-0.0420583114028,-0.2673629809871471,-0.7412107615649638,-0.024350688328473417,1000,11.2431335449,14.76592444819847,5.418612764121809
-2.8988823533068,39.7572917938,1.7764987945550001,-0.011141523754454602,0.004645693106945574,992.8760070799999,1192.384338379,-3154.9718627939997,-2195.739730836,2173.7919400884166,1169.8317801243347,25.0,10.991637971666668,-0.12246866193083333,-0.0505415387452,-0.2685263829090073,-0.7411933178595375,-0.02492178449904788,1001,10.8592834473,14.77791112908328,5.149108247068826
-2.8986165761994,39.761611938499996,1.808213353155,-0.01100773007830347,0.006024859451265181,1003.977752686,1207.7178955079999,-3149.614379878,-2191.704635622,2094.9176435185664,1114.9382868534346,25.025,10.991519292194445,-0.12099656793805555,-0.0562153607607,-0.26986693497850944,-0.7411732109928573,-0.025419221378731004,1002,10.4736251831,14.687914955387063,4.894849083321541
-2.9002889275598003,39.76698684695,1.84183305502,-0.01084013402195158,0.007343724962550287,1015.2330627440001,1222.443054199,-3142.3558349570003,-2192.806808472,2016.1772840216163,1060.1456709628847,25.05,10.991772545722222,-0.11915694508277778,-0.0594377741218,-0.27131719263982684,-0.7411525049153752,-0.0258342604704772,1003,10.0859584808,14.508745504213076,4.693310291930154
-2.9036044239972005,39.772825241099994,1.875844478605,-0.010640622684709193,0.008578230164959651,1026.516296387,1236.528747559,-3134.3241577139997,-2197.638381956,1937.6183881476913,1005.3255007510846,25.075,10.992396672555556,-0.11697034868916667,-0.0609739795327,-0.27282524089633536,-0.7411338627883447,-0.026172273869449772,1004,9.69616794586,14.266619955390828,4.574691642315202
-2.9082312822388006,39.778873443600006,1.909554839135,-0.010411357804370133,0.009725551171474457,1037.67010498,1249.721984864,-3126.4000244100002,-2204.936660768,1859.2602842048414,950.3845412021847,25.1,10.993378957111112,-0.11446014046666668,-0.0614760890603,-0.27435764043337196,-0.7411176175045225,-0.026446259050093235,1005,9.30419826508,13.997604813944317,4.557215967145558
-2.9139936804748,39.78520584105,1.942797720435,-0.01015454273060645,0.010780612371579035,1048.540313721,1261.785644531,-3119.131958007,-2214.001495364,1781.1002835945912,895.2611246829847,25.125,10.994699266222222,-0.11164997186916666,-0.061258431524,-0.2758935020788167,-0.7411042351209244,-0.026671539591866,1006,8.91002750397,13.742420073584729,4.644041766514486
-2.9207339048356,39.792089462250004,1.97567766905,-0.009872805254405183,0.011736093193172538,1058.96383667,1272.654846192,-3112.782592778,-2224.40919495,1703.1219846444162,839.9110872988847,25.15,10.996327930027778,-0.10856813026805555,-0.0604238510132,-0.27741410048135884,-0.7410941151085092,-0.026862361325733913,1007,8.51366424561,13.540314099658538,4.822363732040152
-2.9264618396762,39.79980659485,2.00882667303,-0.00956590194621326,0.012782693655328883,1068.7982788079998,1282.032775879,-3107.390258792,-2232.562393184,1625.3024198249661,784.3008574251346,25.175,10.998233159388889,-0.10521122978805555,-0.0604452714324,-0.27892635986130526,-0.741085792730246,-0.027029971946125372,1008,8.11512947083,13.422920683858433,5.064966045676507
-2.9330572009074003,39.80873489379999,2.0426161289199998,-0.009233854652247114,0.013746452122519156,1077.951904296,1289.990539551,-3102.832885747,-2242.05885315,1547.617663355166,728.4867975955347,25.2,11.000378926583334,-0.10157879028055555,-0.0597158111632,-0.280430097126636,-0.7410799670646763,-0.02718168058215179,1009,7.71442842484,13.409080253483191,5.33411355277559
-2.9404606997934004,39.8189601898,2.0770008563999998,-0.008878940583325912,0.014611866084391833,1086.365997315,1296.642089843,-3098.964782718,-2252.948364253,1470.046841211491,672.4353262667846,25.225,11.00273132325,-0.09769515858750001,-0.058138422668,-0.2819050556073162,-0.7410747739011915,-0.02732214152374981,1010,7.31158828735,13.501503944728709,5.587269171305263
-2.9485552191704003,39.83062171935,2.111750245095,-0.008503768284900478,0.015367770030006379,1094.014434814,1302.1043090819999,-3095.67681885,-2265.1290283159997,1392.572721643541,616.1116171604597,25.25,11.005257500555555,-0.09358841511944443,-0.0557236149907,-0.2833300465262609,-0.741070512843011,-0.027454317537486925,1011,6.90666484833,13.685909254558252,5.783803323135277
-2.9571985244746,39.843729019150004,2.1466982364650002,-0.008111179849222348,0.016006536499544394,1100.901519776,1306.515258789,-3092.893493649,-2278.4026794389997,1315.180801172291,559.4833914525597,25.275,11.007928848277778,-0.08928924798972221,-0.0525525175035,-0.28468496302028073,-0.7410666845488179,-0.027580114448380755,1012,6.49974393845,13.932900249992517,5.891649047530779
-2.9662349462536004,39.8582248688,2.18149471283,-0.00770415936908951,0.01652433511834538,1107.054016113,1309.991699219,-3090.563049319,-2292.51560974,1237.858463831066,502.5233244665846,25.3,11.010716756194446,-0.08482999271805555,-0.0487456992269,-0.28595239467261424,-0.7410624900705851,-0.027700807660669128,1013,6.09093809128,14.202421009826391,5.892787011681972
-2.9754375517384,39.8741054535,2.216024160385,-0.007285654006761296,0.016927816507052582,1112.520324707,1312.617675781,-3088.641845708,-2307.06112671,1160.594387598091,445.2104342230846,25.325,11.013597912249999,-0.08024267852305554,-0.0444952845573,-0.2871187593624382,-0.7410586284877272,-0.027817293910559072,1014,5.68038225174,14.450153705494674,5.786570361392838
-2.9834108650682003,39.8912963867,2.250197172165,-0.0068573854542687464,0.017341087093372003,1117.3379211430001,1314.522338867,-3087.090087892,-2319.491470339,1083.3783414553911,387.5339060553345,25.35,11.016549004444444,-0.07554589874222223,-0.0408992245793,-0.2881836909039677,-0.7410547336144591,-0.02793011831411787,1015,5.26822566986,14.634850067215831,5.590216964688644
-2.9910202682066003,39.909778595,2.284200549125,-0.006419041622411718,0.01770307414367934,1121.541961669,1315.798156739,-3085.8453369119998,-2331.422592159,1006.2010892580911,329.5466192968595,25.375,11.01954989963889,-0.07073591980666666,-0.037287004292,-0.2891618033928152,-0.7410506722935035,-0.028039045763801576,1016,4.85459947586,14.725356972481805,5.336263139929897
-2.9986910045176,39.9294128418,2.3178532123549997,-0.005972909084653618,0.017965276917211198,1125.150573731,1316.4989013670001,-3084.857238773,-2343.661727905,929.0549558352911,271.26105449288445,25.4,11.022581524305556,-0.06583766390888889,-0.033310353756,-0.29004497418881503,-0.7410459118922607,-0.028143622690250964,1017,4.43963384628,14.70609530946299,5.067316873501976
-3.0063786804716006,39.950164794900004,2.350829124455,-0.005521553734298444,0.01812218703967401,1128.1896362310001,1316.6917724609998,-3084.1100463860002,-2356.130096431,851.9335248659661,212.6695112952594,25.425,11.025629043583333,-0.060879223876666666,-0.029015602544,-0.2908246811773516,-0.7410420503094028,-0.02824370137124161,1018,4.0234708786,14.579986013536287,4.8289452938345505
-3.0141025721982,39.97185325625,2.382957577705,-0.005067702190589844,0.018164458480093924,1130.685058594,1316.905944824,-3083.605590815,-2368.838775635,774.8307737063161,153.76625888448442,25.45,11.028678682111112,-0.05589053448694445,-0.0243351515383,-0.29149246882113894,-0.7410380222779848,-0.028339427448216402,1019,3.60626482964,14.368231621179387,4.661886866525758
-3.0217736005786007,39.9943275452,2.4139572382,-0.004614295894109169,0.018090666031401702,1132.647064209,1316.895996094,-3083.3535156219996,-2381.611328121,697.7406339359411,94.54528949360937,25.475,11.031721962833334,-0.05090399334833333,-0.0194493755698,-0.2920399814506309,-0.7410333284566896,-0.028431162944873706,1020,3.18818283081,14.106900874829456,4.5949462418944345
-3.0292877912486005,40.017480850249996,2.443648576735,-0.004164129343497692,0.01790816459536465,1134.1434631349998,1316.484619141,-3083.3349609389998,-2394.2321472169997,620.656796045391,35.00500629058437,25.5,11.034746170055554,-0.04595037549722222,-0.0145039595664,-0.2924644227499145,-0.741028601345857,-0.028519338544070263,1021,2.76939964294,13.840842978884067,4.639855687116857
-3.0365899443656,40.041206359849994,2.471924066545,-0.0037198813042998275,0.017620278962074087,1135.233734131,1315.697814942,-3083.525756837,-2406.578460695,543.573422021916,-24.85079738984063,25.525,11.03773964775,-0.041059272156944444,-0.00956129375845,-0.2927651935055697,-0.7410244401571617,-0.02860433707522539,1022,2.35009264946,13.615963086571393,4.789066754539638
-3.0426879227178003,40.065340042100004,2.498744249345,-0.003283226915257306,0.017323568486826636,1135.95880127,1314.5300903319999,-3083.900817874,-2416.826644895,466.485278100991,-85.01525890721567,25.55,11.040691799583334,-0.03624922699388889,-0.00539206527174,-0.29295005017546766,-0.7410201125199062,-0.028686374920420022,1023,1.93043589592,13.471218359476126,5.016920524154095
-3.0482937753226005,40.089838027949995,2.524338960645,-0.002854458759979992,0.016971943837956992,1136.3546142579999,1313.059814453,-3084.419616699,-2426.288955693,389.387757654141,-145.43592502959066,25.575,11.043594148416666,-0.031523567934722226,-0.00145364028867,-0.29303553764490475,-0.7410162842257131,-0.028765131667921287,1024,1.51058185101,13.431772763951173,5.284030390750491
-3.053662180905,40.114519119250005,2.54855632782,-0.0024354730403683285,0.016542603779246677,1136.452514648,1311.328125,-3085.045654293,-2435.440338132,312.27726723666603,-206.0931489219157,25.6,11.046437157527777,-0.026903353217583335,0.00244880514219,-0.29302302078928133,-0.7410123893524451,-0.02884014750619989,1025,1.09067189693,13.504549567319652,5.54411482614883
-3.0587811648842003,40.1392002106,2.5713034868199998,-0.0020281891049491103,0.016037651791807637,1136.283081054,1309.3757934569999,-3085.763366699,-2444.250778203,235.151125879341,-266.9791573752157,25.625,11.049215528694443,-0.022409930825222222,0.00629447633401,-0.2929135981572257,-0.7410075290834623,-0.028911158200086533,1026,0.670845866203,13.676984993239062,5.75206795323127
-3.0636355400042,40.163850784299996,2.592383265495,-0.00163446557487742,0.015460013191665314,1135.87576294,1307.232543946,-3086.568054203,-2452.679519651,158.007041711866,-328.0854268302907,25.65,11.05192502338889,-0.018064007163055555,0.0100519936532,-0.2927090340968428,-0.7410038006578817,-0.028978109653624646,1027,0.251241743565,13.919212161135382,5.871833774546648
-3.0682066142546005,40.1882724762,2.611826896665,-0.0012560690050140203,0.014813893900809916,1135.254272461,1304.908569336,-3087.4575805699997,-2460.67453003,80.842840356791,-389.40241482156574,25.675,11.054558224138889,-0.013885295225527776,0.0136914579198,-0.2924119584772308,-0.7409999390741512,-0.029041080929880277,1028,-0.168005734682,14.189287475550762,5.8826824464400005
-3.0724587559722005,40.2123451233,2.62948668003,-0.0008946177078469859,0.014106080818822959,1134.4461059579999,1302.451477051,-3088.4269409199997,-2468.1585693320003,3.6564008425410037,-450.91927807231576,25.7,11.057114071305556,-0.009891892679861113,0.01716324687,-0.292025933276283,-0.7409960109113456,-0.029100228073156795,1029,-0.586766242981,14.44052203332383,5.782777000577902
-3.0764036476586,40.23595428465,2.6453733444200003,-0.0005516220650193528,0.013339521107963773,1133.470306397,1299.8845214849998,-3089.468139652,-2475.142532347,-73.554272680459,-512.6232423056158,25.725,11.059588326361112,-0.006100713378861111,0.0204660724849,-0.29155518626438764,-0.7409920827494128,-0.029155709208888162,1030,-1.00491523743,14.629606168076126,5.589413330749856
-3.0800269782562,40.2590236664,2.65939092636,-0.0002284788056947714,0.012520005063011827,1132.350982666,1297.228881836,-3090.567871094,-2481.597152706,-150.79097617175898,-574.5018056142908,25.75,11.061978869972222,-0.0025274276009027777,0.023582611233,-0.2910041782343321,-0.7409886539296695,-0.02920766997851728,1031,-1.42233419418,14.72408511352877,5.335919329339356
-3.0833202779288005,40.281414032,2.67157268524,7.355878008200727e-05,0.011652982801509,1131.105010987,1294.5089111329999,-3091.7130126929997,-2487.5043029810004,-228.055172949109,-636.5417344319408,25.775,11.064285702166666,0.0008138753603111112,0.0265003815293,-0.2903776695891045,-0.7409852251090534,-0.02925621857291008,1032,-1.83891129494,14.70787832832402,5.065796026758314
-3.0862689435494,40.30303382875,2.68190419674,0.0003533874651496254,0.010744938496550714,1129.7508544920001,1291.7492065430001,-3092.888854979,-2492.835266109,-305.347998266434,-698.7293420064658,25.8,11.066506703694444,0.003910765258805555,0.0292036868632,-0.2896809533573114,-0.7409817962893102,-0.02930142781296255,1033,-2.25454187393,14.58390340312277,4.825164069362696
-3.0888595402196,40.32381629945,2.6902953386300004,0.0006100608309102242,0.009802611194036711,1128.305419922,1288.973388672,-3094.082031253,-2497.566741945,-382.670219640909,-761.0502236591908,25.825,11.068643993805555,0.006752547083638889,0.0316766425967,-0.2889194557326908,-0.7409789333908315,-0.029343337230033163,1034,-2.66912865639,14.373394783155954,4.654857684937042
-3.0910944044554003,40.343652725249996,2.69686853886,0.0008427975084390684,0.008831500945815102,1126.7839965819999,1286.1989746099998,-3095.2811889649997,-2501.699508663,-460.022270422234,-823.4893922078159,25.85,11.0706975725,0.009330358977111111,0.033918287605,-0.28809900237993963,-0.7409760704932256,-0.029381959307589415,1035,-3.08258342743,14.112096335811877,4.583540699710343
-3.0929609775568,40.362428665150006,2.70155131817,0.0010509632739816544,0.007838778521155308,1125.199249268,1283.446777344,-3096.476684575,-2505.2096252479996,-537.404300146359,-886.0318799243909,25.875,11.072668499416666,0.0116369718065,0.035912360996,-0.2872255854123151,-0.7409727748316324,-0.02941728780398482,1036,-3.49482512474,13.844047095328477,4.623006563547839
-3.0944601357026,40.3801326752,2.70440018177,0.001234103387581193,0.006830515615284386,1123.56716919,1280.73046875,-3097.659545898,-2508.096984866,-614.816217260734,-948.6621205555908,25.9,11.074559953472223,0.013667158782472223,0.0376582592726,-0.2863054299654735,-0.7409699785122287,-0.029449318557830853,1037,-3.90578246117,13.614075579341996,4.766415037594518
-3.0955985963322,40.3967075348,2.705476403235,0.001391900233469914,0.005812437504370804,1121.896392822,1278.066101074,-3098.823181156,-2510.370559689,-692.257705908184,-1011.3645451772409,25.925,11.076372994305556,0.015417215310861111,0.0391562916338,-0.2853447278916421,-0.7409677148254249,-0.029478037005227564,1038,-4.3153924942,13.46030607880735,4.989692083350777
-3.0963784039020004,40.41203308105,2.7047930955900004,0.0015241837880547579,0.004790548784441069,1120.196746826,1275.464172363,-3099.962768555,-2512.032745358,-769.728285437084,-1074.1238091694659,25.95,11.078110800861111,0.016885089377555555,0.040404714644,-0.2843497043299681,-0.7409650516641711,-0.029503441065218888,1039,-4.72360134125,13.407936397233277,5.25577417050115
-3.0968179583530007,40.426120758050004,2.702399015425,0.0016309298644268143,0.003769446529280344,1118.476654053,1273.018859863,-3101.073852542,-2513.113784794,-847.227354650959,-1136.924627803416,25.975,11.079776551999998,0.018070352574194443,0.0414309166372,-0.2833264845483677,-0.7409628878459797,-0.029525536979974894,1040,-5.13036441803,13.465289069085156,5.520910247723479
-3.0969581484800006,40.43890953065,2.6982985734950002,0.001712152506596076,0.0027498761118875297,1116.729125976,1270.9090576170001,-3102.157470708,-2513.692047124,-924.754200964509,-1199.7524724232658,26.0,11.081375545916666,0.018973023527194446,0.0422886647284,-0.28227949605619956,-0.7409607906068633,-0.029544347635649,1041,-5.53564405441,13.622722278752233,5.741919409860923
-3.0967785298856003,40.4503688812,2.692628383635,0.0017679896840023023,0.0017390319683276048,1114.955474854,1268.921875,-3103.2117309610003,-2513.7285461399997,-1002.3081377322089,-1262.594773601366,26.025,11.082914140500002,0.019594499220444442,0.0429197400808,-0.2812139320143304,-0.7409587599459492,-0.029559922966983766,1042,-5.93940973282,13.854492328487812,5.8831860337589825
-3.0962776422522005,40.46047592165,2.68536436558,0.0017987256578552786,0.0007426932101845974,1113.1702575680001,1267.0544433599998,-3104.229797363,-2513.219619748,-1079.888431006234,-1325.437987254866,26.05,11.084395514583333,0.01993780748711111,0.0433216579258,-0.28013545164064274,-0.7409567625754452,-0.029572323310709567,1043,-6.34163856506,14.123173140877785,5.922263945958462
-3.0954700887166005,40.46927070620001,2.676635980605,0.00180478538963571,-0.00023470563522622997,1111.380706787,1265.292236328,-3105.2083740239996,-2512.1880645789997,-1157.494175940309,-1388.2684777485658,26.075,11.085822847166666,0.020007553199916664,0.0435077100992,-0.2790496142852788,-0.7409558637588058,-0.029581613165643447,1044,-6.7423157692,14.3858387765883,5.853231427135421
-3.0943634629264003,40.47663116455,2.666491508485,0.0017867059328100377,-0.0011884141803158953,1109.5862731940001,1263.625854493,-3106.148986816,-2510.645858768,-1235.1243852909092,-1451.0731793630407,26.1,11.087200376722222,0.01980958713425,0.0434829816222,-0.2779618294932808,-0.7409539662560416,-0.029587861191292843,1045,-7.14143514633,14.600963912887956,5.6873353808398734
-3.0929711997506004,40.4826412201,2.6549801826449997,0.0017451275903623874,-0.002114483326495936,1107.787567139,1262.051757812,-3107.054565429,-2508.6164092989998,-1312.7781099613092,-1513.8393258322408,26.125,11.088531282222222,0.019350921114277775,0.0432592816651,-0.27687715727085627,-0.7409526679649523,-0.029591125644130196,1046,-7.53899669647,14.734926899585238,5.450913871508717
-3.0913093626534,40.487308502199994,2.64224386215,0.0016807887133102255,-0.0030093889366254317,1105.983459473,1260.5551757819999,-3107.929077147,-2506.125411985,-1390.454474097034,-1576.5547360647158,26.15,11.089817682888889,0.018639657646416664,0.0428478643298,-0.27580044124352804,-0.7409519023064627,-0.02959147310340502,1047,-7.93500900269,14.767109804571987,5.1810147001441225
-3.0893957674468,40.4905872345,2.6283372640650002,0.0015945055449213352,-0.003870167853870794,1104.171020508,1259.136657715,-3108.776611326,-2503.202728268,-1468.1527010257091,-1639.207871364341,26.175,11.091063817333334,0.01768477674988889,0.0422615893185,-0.27473622542661824,-0.7409507038839859,-0.029588976389838758,1048,-8.32948589325,14.692851838149043,4.9194686917317
-3.0872453093566006,40.4925556183,2.61334490776,0.001487169099832988,-0.00469384326750618,1102.3518981940001,1257.78326416,-3109.601074218,-2499.87345886,-1545.8721163088592,-1701.7879395710409,26.2,11.092271804805556,0.016496095599388888,0.0415099039674,-0.2736887542357202,-0.7409500380932361,-0.029583714566148393,1049,-8.72244930267,14.523875115550755,4.706382372688429
-3.0848766803736,40.49318122865,2.5973842144,0.0013597360614495436,-0.005478103116798223,1100.523040772,1256.4812622069999,-3110.407470705,-2496.167434689,-1623.6121431643091,-1764.284776042541,26.225,11.093443764583334,0.015084164010166668,0.0406085848808,-0.27266195583276687,-0.7409488729602967,-0.02957578125895085,1050,-9.11392498016,14.28620421005818,4.57406126453704
-3.0822860836936004,40.49254989625,2.5804874897000003,0.0012132511483350682,-0.006218784391992501,1098.6874694829999,1255.23852539,-3111.196899415,-2492.077804567,-1701.3723299319342,-1826.6889619097658,26.25,11.094581815944444,0.013460521068833334,0.0395491570234,-0.2716597084458212,-0.7409482404590844,-0.029565282578679592,1051,-9.50394535065,14.015978564801859,4.542267155226866
-3.0795126557342,40.490642547600004,2.5628063678700004,0.0010488054373058873,-0.006915612974783382,1096.839019775,1254.046142578,-3111.971191406,-2487.674804688,-1779.1522524173092,-1888.9909070239407,26.275,11.095689137777779,0.011637223263583333,0.0383644513786,-0.27068555740757144,-0.7409471419060926,-0.029552332957847042,1052,-9.89254951477,13.753855035842607,4.615475084730076
-3.0765780091312,40.4875545502,2.5443675517999997,0.0008675055446126013,-0.007567744143737435,1094.979278565,1252.89819336,-3112.730102544,-2483.000442503,-1856.9515322024592,-1951.1827771411408,26.3,11.09676678975,0.009626509207805554,0.0370736382902,-0.26974236561824144,-0.7409465426952905,-0.029537063473996136,1053,-10.2797775269,13.53887807815992,4.782470310491393
-3.0734961628924,40.4832763672,2.525315880775,0.0006704886452418098,-0.00817386140263729,1093.102935791,1251.785644531,-3113.47564697,-2478.078918455,-1934.7697847660593,-2013.2577882037158,26.325,11.097815831500002,0.007440960034722223,0.0356872789562,-0.2688326797243948,-0.7409455107196284,-0.029519617688311836,1054,-10.6656780243,13.402736932010109,5.018269603758226
-3.070286393167,40.47794532775,2.505649209025,0.0004589082013361284,-0.00873352470572017,1091.212005615,1250.713378906,-3114.2093505840003,-2472.946746826,-2012.6066759403093,-2075.2097611650906,26.35,11.098838382305555,0.005093348316027777,0.0342223122716,-0.26795866354509545,-0.7409455107196284,-0.029500149564665047,1055,-11.0502996445,13.365235414857896,5.288012948771601
-3.0669685602234,40.47152519225,2.4855637550400003,0.00023393137770539685,-0.009246622221031703,1089.301696778,1249.66229248,-3114.934631345,-2467.635620112,-2090.4619097049094,-2137.0334298357407,26.375,11.099835501777779,0.002596599774227778,0.0326915867627,-0.2671221147118772,-0.740945011376566,-0.02947882763117567,1056,-11.4336938858,13.431593080136917,5.552201324836895
-3.0634617626704,40.4640979767,2.465086340905,-3.267092277979373e-06,-0.009705121813082838,1087.373474121,1248.626953125,-3115.654785158,-2461.9967041,-2168.3352754885345,-2198.7243203385406,26.4,11.100808249583332,-3.6267366441388894e-05,0.0310357417911,-0.2663246144790797,-0.7409445120343764,-0.029455824577177617,1057,-11.8159170151,13.591912375681703,5.77248841073757
-2.8605634272068,40.4615325928,2.44675076008,-0.00016078924481909706,0.007307082050561969,1002.5103149419999,1249.91394043,-2727.8827514619998,-2454.446243287,-2246.2266451174833,-2260.2742379410406,26.425,11.10217200386111,-0.0017851098285361112,0.133079528809,-0.265037542013591,-0.7407821257874474,-0.02942931364071932,1058,-12.1969509125,13.822821882722097,5.917206447455636
-2.6543495953058,40.4999332428,2.43941092491,2.0875089213803357e-05,0.02255339789093801,932.054077149,1255.29699707,-2321.887451171,-2447.599960323,-2314.4237139040333,-2321.6353940232157,26.45,11.105889214416667,0.0002318364244677778,0.233160585165,-0.2616807106826535,-0.7407919794826898,-0.029330924402665354,1059,-12.5744590759,14.091063868997228,5.966174547891053
-2.4480047732630004,40.58111953735,2.436715364455,0.0005582159894603972,0.0461816226304389,859.7870788570001,1265.725891113,-1916.672790525,-2441.468154909,-2372.470900183307,-2382.825393031291,26.475,11.112235387166667,0.0062030279595,0.333099514246,-0.25587162397629315,-0.7405943396399958,-0.02908403896659637,1060,-12.9453601837,14.35895789792404,5.9137350456540885
-2.242525479194,40.72079086305,2.429471850395,0.0013549077816015168,0.02819546694658614,766.873931885,1278.5303955079999,-1530.2083129890002,-2434.707580566,-2420.3877199464323,-2443.8620969040157,26.5,11.1209487915,0.015067870004305558,0.437745004892,-0.24778929625276047,-0.7406687417039214,-0.028639415900351437,1061,-13.3061256409,14.590838643392686,5.768845757327138
-2.2373434096552,40.87193870545,2.4107657671,0.0023770023503546763,0.0360396851823705,803.15649414,1293.628479004,-1507.5886840819999,-2424.865356443,-2458.6429277711572,-2504.7297864181655,26.525,11.131784651027779,0.026460327208055558,0.420032233,-0.23711771015870287,-0.7405495652443631,-0.027992392591042324,1062,-13.6534290314,14.758653484816115,5.552247929223646
-2.2312832534328,41.0006885529,2.3668711185499998,0.003154525494390586,0.026369077312841712,811.919738769,1295.842956543,-1504.628173828,-2413.8230743430004,-2496.3326448732073,-2565.3514203292407,26.55,11.142956415805555,0.03515085412388889,0.412363052368,-0.22671610202168602,-0.740566043554075,-0.02720306285289514,1063,-13.9856719971,14.845117512576948,5.291594514946994
-2.2263285547524,41.10460090635,2.30046057701,0.003691437495508852,0.016798469061569135,812.152954102,1291.877990723,-1512.07977295,-2401.171615597,-2533.9483492189074,-2625.6969971878157,26.575,11.154065661972222,0.0411747230425,0.404845625162,-0.2164999830531615,-0.7405748985649381,-0.026384055513283232,1064,-14.3031740189,14.844040611313506,5.016375078039849
-2.22157640159,41.1884365082,2.21689748764,0.00399120826534502,0.0073985683959358565,808.6901550299999,1283.3682861329999,-1523.478820801,-2387.551696774,-2571.7503435426574,-2685.7262875777405,26.6,11.164950264833333,0.04456187701888889,0.397400915623,-0.20647416358998727,-0.7405885805543736,-0.025617175390813346,1065,-14.6062021255,14.758919997030567,4.754039314915158
-2.2163988590240002,41.255907058700004,2.119856715205,0.004058055169140534,-0.0018065683291797416,802.7664794919999,1271.0220336910002,-1535.484436035,-2373.815673828,-2609.8373140626823,-2745.4150799970907,26.625,11.175530751555556,0.04535116669194445,0.391242712736,-0.19661633965600905,-0.7406077886035416,-0.02494725721872118,1066,-14.8950080872,14.600723563187232,4.527445135280687
-2.2056010067462,41.309650421149996,2.01290357113,0.0039034139350863405,-0.010333542525969356,794.5495300299999,1253.7874755859998,-1546.606750488,-2351.6477050820004,-2648.2244249635573,-2804.7604718427906,26.65,11.185743543833333,0.04366280717972222,0.383254259825,-0.18693772981925172,-0.7406294267872007,-0.024389083621262787,1067,-15.1698169708,14.385336162895314,4.35345898389158
-2.1932404726736,41.35145759585,1.8980083465600002,0.0035398435523107006,-0.01854307260218728,784.023132324,1231.10192871,-1556.394958496,-2328.968719478,-2686.8895937257575,-2863.5516644698405,26.675,11.195519765222222,0.0396305571,0.376662969589,-0.1774420292157583,-0.7406507320763578,-0.023936144418401004,1068,-15.430891037,14.131085398639556,4.242568484296514
-2.0831865519262003,41.38329315185,1.78629285097,0.003036865529009353,-0.017378673034854977,771.38293457,1196.538635254,-1564.96472168,-2129.6239624,-2725.7994676881576,-2921.7758824567904,26.7,11.204696231416667,0.03402726103861112,0.292444109917,-0.16862470232111945,-0.740665246305103,-0.02356917746483684,1069,-15.6785697937,13.856628610366997,4.1992702381731855
-1.9596602141844002,41.4147605896,1.731754004955,0.0027792208181519084,-0.011413030946994814,757.423736572,1152.367980957,-1572.442993164,-1907.298034671,-2764.923585730158,-2975.0164815167896,26.725,11.213099161777777,0.03116375870166667,0.197865858674,-0.16342526312207722,-0.7406798604007157,-0.023204280703021662,1070,-15.9162921906,13.579429233758015,4.223337137540627
-1.9694389134630004,41.43687057495,1.666782557965,0.0024210464574851817,-0.01725394242878358,742.024261474,1101.951721192,-1579.7282714849998,-1930.424652102,-2804.234660559258,-3022.6989323835646,26.75,11.220768822555556,0.027166054480611112,0.211184859276,-0.1583208155502762,-0.740693209495649,-0.022790625206728286,1071,-16.146856308,13.315105091712871,4.311239614910878
-1.8371242612576002,41.44890403745,1.59910285473,0.001986146529833259,-0.010226923495913134,725.9740600580001,1025.887786865,-1587.174438477,-1693.798187253,-2843.727867346383,-3070.9595486861144,26.775,11.227334340416666,0.02229916138780556,0.112788498402,-0.15348413218136026,-0.7406948406821132,-0.02236407210442832,1072,-16.3699455261,13.077125233542928,4.456579403973007
-1.6624551057800003,41.467260360750004,1.6152403950699998,0.0020612927954673085,0.005465959206253448,711.2256774909999,949.170257568,-1594.491699219,-1378.814025879,-2883.407228308308,-3113.3045033674384,26.8,11.232432259444444,0.023153364244444443,-0.0238690115511,-0.15354265514620158,-0.7407030631917642,-0.02187144972072281,1073,-16.5895423889,12.87674402216277,4.650797976650183
-1.6868870317950002,41.4797859192,1.6246473789200002,0.0021764266589396394,0.0036835931337108356,696.1350097659999,876.145599365,-1602.779235839,-1428.182250976,-2923.2695207887828,-3147.7748540144134,26.825,11.236507627694444,0.024455473240888887,-0.0022325576283,-0.15387097297431848,-0.7407124508343544,-0.021272608821243193,1074,-16.8098392487,12.7234839902933,4.884127840105862
-1.7098898947228003,41.4844379425,1.6184991002100002,0.0022409405660094614,0.001476123353129158,681.086029053,803.6302795409999,-1611.7023315430001,-1474.446228027,-2963.339001684758,-3183.4794102888136,26.85,11.239330503666666,0.025186712543166664,0.0185462012887,-0.15366211456586854,-0.7407219050568923,-0.02064817036636833,1075,-17.0302124023,12.624870233741087,5.145381710167417
-1.7294516742230002,41.48388290405,1.6003875136399999,0.002247484556180926,-0.0009215065972746658,666.483551025,733.419769288,-1621.183654785,-1513.5203247069999,-3003.631559973333,-3220.340565989489,26.875,11.240928437972222,0.025263852957222225,0.0363523289561,-0.15296852754955217,-0.7407351875718781,-0.020068086027304383,1076,-17.2499332428,12.58563914428694,5.421922830067027
-1.745161584019,41.48028564455,1.57395982742,0.0021929776589619614,-0.00339173746589185,652.607421875,667.052093506,-1631.08404541,-1544.517883301,-3044.161151342958,-3258.178574107164,26.9,11.241353352861111,0.02465207750597222,0.0506967902184,-0.1518728198532171,-0.7407505007486505,-0.019574354686524895,1077,-17.4683742523,12.607455668277543,5.700423461749562
-1.7567436248096,41.475103378300005,1.542225539685,0.002077009477056297,-0.005823940591763994,639.606079102,605.649597168,-1640.888305664,-1567.248291016,-3084.938252478208,-3296.791521189689,26.925,11.240682601916667,0.023347037947833334,0.0614746548235,-0.15046364145201283,-0.7407663798466875,-0.019182965713714435,1078,-17.6850261688,12.688896173084713,5.96766679906269
-1.7643956691004001,41.469055175799994,1.50718969107,0.0019014351206291698,-0.008154358428989034,627.5622253409999,550.263000488,-1649.916137695,-1582.587524414,-3125.960460119808,-3335.972728465089,26.95,11.23901049297222,0.02137027473913889,0.0691303685308,-0.14882496514377686,-0.7407801949951458,-0.018891022921031408,1079,-17.8994998932,12.82565019233411,6.211288400253968
-1.7689242482184002,41.46249961855,1.4702050089849998,0.001668910468692843,-0.01038595374427409,616.572418212,501.476501465,-1657.635742188,-1592.408691406,-3167.208363562183,-3375.537416575439,26.975,11.236445109055557,0.01875263949236111,0.0745115354657,-0.14702456837831443,-0.7407926119839021,-0.018684430279992337,1080,-18.1115169525,13.010895597646796,6.420400485335167
-1.7701717942944002,41.45530319215,1.4318392872799999,0.001382857709256037,-0.01244447947896751,606.76876831,459.677810669,-1663.83569336,-1596.544189453,-3208.649257116883,-3415.3476338605888,27.0,11.233109368222223,0.015533801375166668,0.0775336623192,-0.1451205413570032,-0.740802565547757,-0.018544316797669144,1081,-18.3208847046,13.235791776070727,6.586068312968228
-1.7697377890346002,41.4472103119,1.392332315445,0.0010463161359016288,-0.014427350632750476,598.280273437,425.079956055,-1668.574829102,-1597.826538086,-3250.2451494508828,-3455.2612385969137,27.025,11.2291261885,0.011749221012,0.0793155133724,-0.14315664314536777,-0.740810754768743,-0.018451372475674462,1082,-18.5274829865,13.49003838224647,6.701628081766092
-1.767153763774,41.4377708435,1.351649820805,0.0006621236146466579,-0.016253136894112265,591.183258056,397.487380982,-1672.0594482420001,-1595.211364746,-3291.9595201784327,-3495.2069020490635,27.05,11.224621666805554,0.007432088152388889,0.0793330818415,-0.14117020793291007,-0.7408169799070173,-0.01838882772141064,1083,-18.7312469482,13.762454639246108,6.7628505630651485
-1.7637569278462002,41.42663383485,1.30976754427,0.00023336943836058617,-0.01800329978344173,585.479949951,376.496582032,-1674.541931153,-1590.9631347660002,-3333.7610063844827,-3535.0871861677133,27.075,11.219713423,0.0026183381366222222,0.0784736201167,-0.13919559049805752,-0.7408223062295247,-0.01834341874413325,1084,-18.9321708679,14.041541428441564,6.767963128719334
-1.7588479369832002,41.4133338928,1.266572237015,-0.00023736044142823423,-0.019588785690641198,581.1134033200001,361.624069214,-1676.247497559,-1583.66796875,-3375.6245546633077,-3574.8612645368635,27.1,11.214510599777778,-0.0026618813474972225,0.0761145949364,-0.13725917277980887,-0.7408255686024532,-0.01830582448032699,1085,-19.1302852631,14.31599678314167,6.717552335611725
-1.7531838178610002,41.397747039799995,1.2222906351099998,-0.0007457462877076995,-0.021036858727522662,577.996002198,352.416320801,-1677.339538575,-1574.643310547,-3417.5307421022826,-3614.4529637556134,27.125,11.209113862777777,-0.00835915716986111,0.0727986320853,-0.1353961750840427,-0.7408286645268216,-0.01826987804749192,1086,-19.3256702423,14.575164273201107,6.6143710400319815
-1.7464108824722,41.3797340393,1.177078962325,-0.0012883431884742134,-0.02229511495760919,576.019592285,348.31886291499995,-1677.921386719,-1563.228332519,-3459.4642305666575,-3653.8190465192883,27.15,11.203615400527777,-0.014434109131499999,0.0682566463947,-0.13362840204193105,-0.7408319934788251,-0.018231955049524788,1087,-19.5184440613,14.809402389803443,6.463074334863897
-1.7383807629328,41.35925292965,1.1315100192999998,-0.0018589508092769836,-0.023307059995842965,575.067474365,348.918655395,-1678.052062988,-1549.177185059,-3501.4122652346327,-3692.899754832263,27.175,11.1980957455,-0.020816733853694445,0.0624285154045,-0.13199378705447606,-0.7408345900601311,-0.018190060196703176,1088,-19.7087688446,15.01036970355422,6.269910857422008
-1.7296369880482,41.33637428285,1.085874319075,-0.0024524444505361225,-0.02410165571889452,575.018798828,353.682571411,-1677.767883301,-1533.533691406,-3543.363566809333,-3731.629184458738,27.2,11.19263013202778,-0.027449360738194442,0.055785458535,-0.1305125535007791,-0.74083665400971,-0.018143113660102066,1089,-19.8968524933,15.171226595112623,6.0423906947910195
-1.7191316366154001,41.3113994598,1.0409876108185,-0.003061240474980393,-0.024548371863390917,575.7557373049999,362.155792236,-1677.098266602,-1514.4310913079998,-3585.307763891858,-3769.967526743888,27.225,11.187286376944444,-0.03424707800138889,0.0475724190474,-0.12921920596227357,-0.7408401161198634,-0.018090663950794703,1090,-20.0829372406,15.286761665259935,5.788950804470696
-1.7082826733588001,41.2844295502,0.9973149895685,-0.003678194510869351,-0.02475005222062145,577.160522461,373.761749267,-1676.0753173819999,-1494.5178222660002,-3627.235220556908,-3807.828304026588,27.25,11.182119581444445,-0.041130197545,0.0389154292643,-0.12813588196498288,-0.7408426461220945,-0.0180322720633218,1091,-20.2673072815,15.353452518545467,5.5186320553650825
-1.6957353651532001,41.25579833985,0.9555748999145,-0.004295422925170359,-0.024561113424745075,579.122894287,388.079772949,-1674.7383422849998,-1471.35546875,-3669.137103491458,-3845.191249583238,27.275,11.177179548472223,-0.04801101154750001,0.028838057071,-0.12728587584648893,-0.7408454091519607,-0.0179678360484639,1092,-20.4502811432,15.369472324379908,5.240776749550194
-1.6829542607094001,41.225912094150004,0.9164955914020001,-0.0049038470433209885,-0.024084318124076156,581.5349121090001,404.53642273,-1673.1339111329999,-1447.663330078,-3711.005562048583,-3881.9751363019877,27.3,11.172508663611112,-0.05478871365388889,0.0184961780906,-0.12669483717683844,-0.7408492374461538,-0.01789705213951867,1093,-20.6322135925,15.334655087931397,4.964752734959044
-1.6698805093810003,41.1949748993,0.8803339898585001,-0.005496947062097081,-0.023315390696534297,584.293487549,422.664932251,-1671.3132934569999,-1423.362426758,-3752.833909826908,-3918.1667195539376,27.325,11.168136596666667,-0.06139127330638889,0.00785891152918,-0.1263636148386265,-0.7408524998190823,-0.017819947384202596,1094,-20.8134765625,15.250431652042689,4.699704474648188
-1.655775338413,41.1634178162,0.847853928804,-0.006065729611317116,-0.02216741222222134,587.301300048,441.866470337,-1669.330322266,-1397.12298584,-3794.616742163333,-3953.7507802228874,27.35,11.16408665975,-0.06771915902694443,-0.00362220942043,-0.12631153339448942,-0.7408558620597506,-0.01773681514635753,1095,-20.9944534302,15.119746476369366,4.454327363081871
-1.642673695089,41.131614685049996,0.8193421065805,-0.0066031076656286,-0.020821186371635117,590.474273682,461.762741089,-1667.236145019,-1372.6902465819999,-3836.350000219983,-3988.6788548688874,27.375,11.16037368775,-0.07369422250333334,-0.0143508529291,-0.12653828491668545,-0.7408593907481063,-0.017647911338899303,1096,-21.1755523682,14.946956211415799,4.2366619720550815
-1.6304905891442,41.0999088287,0.7948292195795,-0.0071046937711363905,-0.019292854398073156,593.728240967,481.879547119,-1665.083557129,-1349.9229736329999,-3878.030903845458,-4022.9961110334375,27.4,11.157005098138889,-0.07926844060416666,-0.0243774745613,-0.1270225641160576,-0.7408635186481368,-0.01755421384170801,1097,-21.3571548462,14.737716669197285,4.0539004977673505
-1.7655899137212,40.99828720095,0.774855285883,-0.007679530330493783,-0.029927345570514158,703.781097412,491.59654235799997,-1946.672973631,-1329.239196777,-3919.657992773684,-4056.7441853742625,27.425,11.15329000686111,-0.08565371235222223,-0.161836311221,-0.12890013429651806,-0.7399279501567828,-0.017462343106468287,1098,-21.5399150848,14.498840324228825,3.912253261118932
-2.0385993748946003,40.80666542055,0.7651074826715,-0.008682469514938933,-0.04697411279194604,870.571441651,471.378570556,-2538.683166506,-1314.469848633,-3968.3248171144587,-4089.9751652936875,27.45,11.145990159777778,-0.09677714771694444,-0.430442541838,-0.13654745130090504,-0.738814049741388,-0.017456357235730257,1099,-21.7289390564,14.238035207564536,3.8174740001192182
-2.1605456531092,40.5999240875,0.78091108799,-0.009916049372908436,-0.04482370591910006,905.53515625,471.516860962,-2857.542236329,-1303.565063476,-4031.79189627711,-4122.836911509513,27.475,11.134301291583332,-0.11041189233472222,-0.57099789381,-0.14991113539434112,-0.7387141479109453,-0.01768708893538331,1100,-21.9337348938,13.964130299506536,3.775918741506181
-2.1571324616674,40.421358108549995,0.8308724462985,-0.010848517777894551,-0.03034476902374668,893.9875793460001,504.697021484,-2860.366394043,-1305.613189697,-4103.230452185335,-4155.426038096413,27.5,11.121982998305556,-0.1206617636813889,-0.571973145008,-0.1642308859966113,-0.7387909801076168,-0.01817927647484354,1101,-22.1588611603,13.688279280644245,3.794004405460026
-2.1669628560538,40.271959304800006,0.911905348301,-0.011438226947612458,-0.017251927372910682,898.9824523919999,540.50982666,-2848.307556153,-1328.27255249,-4174.73961203641,-4188.066367838838,27.525,11.110329098166666,-0.1270880136225,-0.559177935123,-0.17839189555255497,-0.7387977045898261,-0.0188420415628258,1102,-22.4044475555,13.424909323344908,3.875931808000673
-2.1847875922964,40.15249824525,1.017285287378,-0.011714972037071962,-0.005308260018271602,906.627044678,571.847839355,-2830.573547368,-1367.08013916,-4245.947300940235,-4221.273181651089,27.55,11.099454032055556,-0.13003574477305554,-0.537299275398,-0.19211291760829813,-0.7387944089282327,-0.019573482917427335,1103,-22.6700229645,13.191401356955863,4.021549349316147
-2.205314347152,40.059106826800004,1.140338122845,-0.01170442030154907,0.005814827587412936,915.0402221680001,600.852966309,-2812.463928222,-1410.635375977,-4316.7116396244355,-4255.450185130088,27.575,11.089319652972222,-0.12979998356777778,-0.513471841812,-0.20524809415700293,-0.7387824912816661,-0.020294315320110154,1104,-22.9548187256,13.006691470946517,4.224703778704548
-2.2232196927066,39.98793029785,1.27739548683,-0.011420638641151422,0.01663643963607052,924.8999023440001,629.886749268,-2796.905517574,-1446.871398926,-4387.023237829985,-4290.716069529513,27.6,11.079877217611111,-0.1265447835127778,-0.494422346354,-0.21783657367032055,-0.7387642486282127,-0.020955863260327032,1105,-23.2580013275,12.889000722710787,4.472097518546379
-2.2362205743808,39.93577575685,1.4272989630700001,-0.010866495155560997,0.027531617868813925,936.827758789,660.197906494,-2784.691284177,-1470.634338379,-4456.9458757693355,-4326.887854502664,27.625,11.071099175333334,-0.12030878000777775,-0.482883840799,-0.23003554922733185,-0.7387407795217369,-0.021534880254282494,1106,-23.5788955688,12.852908780745143,4.743064501862015
-2.2431970775158003,39.900592803950005,1.590813457965,-0.010035832325009349,0.038798919808786615,951.0158081049999,692.037841797,-2775.206481932,-1480.126037598,-4526.56315787376,-4363.653712962138,27.65,11.06296963161111,-0.1110298269325,-0.479480922222,-0.2420474044293866,-0.7387159122546868,-0.022025132840925225,1107,-23.9170951843,12.90614611154745,5.0105824715162335
-2.3527464598456,39.8818759918,1.767394661905,-0.008925458517432934,0.043251321515997046,967.2157897950001,844.469512939,-2767.310729983,-1674.9492797849998,-4595.94331992206,-4400.656863902089,27.675,11.05554474725,-0.09867842826583334,-0.372161149979,-0.25395977391978086,-0.7386902460396094,-0.022430083129361428,1108,-24.2724761963,13.046604512132204,5.243705973511242
-2.4805626153952,39.86940574645,1.8845913410200001,-0.00799194929498161,0.03710497874672568,980.341003418,809.228057861,-2759.2132568340003,-1905.805419922,-4665.126088171635,-4442.530595896714,27.7,11.049588521333332,-0.08830962909583334,-0.291632354259,-0.2619516873240736,-0.738677496156351,-0.02280636490496896,1109,-24.6423740387,13.260038573531002,5.411728608628609
-2.7677666187248007,38.6117782593,1.99856221676,-0.007199991765829932,0.019324302585624013,1091.99243164,884.162109375,-3105.64416504,-2056.2134399369997,-4734.106419592486,-4490.175731394765,27.725,11.044158935555556,-0.07951922714722223,-0.331289231777,-0.270064608110741,-0.7191460058797507,-0.023232300070480192,1110,-25.0231113434,13.519734218983766,5.489918644880573
-3.2493030488506003,36.6958465576,2.06092214584,-0.007234041216637291,-0.014418349980496811,1216.157836914,888.124847412,-3868.35302734,-2189.045959477,-4811.747523718486,-4541.581067393189,27.75,11.037160025694444,-0.07984466022916667,-0.481659054756,-0.2804421812191449,-0.6876506305905818,-0.0238028948177344,1111,-25.4167022705,13.789226039217613,5.464424688689968
-3.4676614344078005,34.71590709685,2.1191871166249996,-0.00780852979654193,-0.020553563649327988,1202.427001953,936.390960694,-4305.34924317,-2174.3532714840003,-4908.456349401987,-4596.307216380114,27.775,11.027614805444445,-0.08611121111444445,-0.575856983662,-0.2944525057931689,-0.6561374787006118,-0.02470930169466924,1112,-25.8282051086,14.026527749535415,5.335664872701103
-3.4828393518898006,32.77131843565,2.21470117569,-0.00816056900388694,-0.00768178257415111,1173.9601440430001,1007.217102051,-4317.35131836,-2153.386718749,-5016.090080481236,-4650.666048167214,27.8,11.019396252111111,-0.0899265458186111,-0.581235766411,-0.3089177648601262,-0.6247090319790022,-0.025899805442234542,1113,-26.2603359222,14.189722771145666,5.121599035071412
-3.4889881491710004,30.86696434025,2.34968972206,-0.008176549530878305,0.0061803786962553895,1160.678771972,1069.165283203,-4294.63305664,-2143.28668213,-5124.023863440237,-4704.500716135939,27.825,11.013813018805555,-0.09005699720638889,-0.580673575401,-0.3234653156044124,-0.5933282891305788,-0.027185964526485664,1114,-26.7132148743,14.245317994830504,4.8590274325614455
-3.4959961950760006,28.99683189395,2.5139673948250003,-0.00784675292012296,0.019905787164822254,1150.816467285,1118.656555176,-4259.08996582,-2150.307983403,-5231.389689856236,-4758.082883189189,27.85,11.010884179,-0.08640146917777777,-0.571499407291,-0.3378719518368687,-0.5619678029504452,-0.028413413392312542,1115,-27.1867980957,14.177948535029685,4.59999936158142
-3.50742519498,27.1548461914,2.6987739801400004,-0.007179906745837539,0.03305067176872287,1145.425048828,1158.4994506839998,-4225.47583008,-2167.447814941,-5337.866939001736,-4811.840582774264,27.875,11.010456085194443,-0.07905540366972222,-0.560183465481,-0.35201809762610503,-0.530621747774777,-0.02949177309079422,1116,-27.6807842255,13.998393890661038,4.4024679621794105
-3.5224436461956,25.33681583405,2.8985012769700003,-0.006191265927641387,0.04567969166651103,1145.257873535,1190.493408203,-4199.2623291,-2187.5651245090003,-5443.503834753736,-4866.026778147789,27.9,11.012359195277778,-0.06818131440222223,-0.551158964634,-0.3659079807390189,-0.49931177843156566,-0.03038660770052832,1117,-28.1948165894,13.746463541822415,4.3162245037704166
-3.5382716953738003,23.5403432846,3.110668063165,-0.00489035854852141,0.058099996716685164,1150.0092163079998,1216.000427246,-4180.03417969,-2205.705932615,-5548.485392981235,-4920.715906260514,27.925,11.016453637027778,-0.05387483371638888,-0.545769274235,-0.3796167688971529,-0.4680558879040426,-0.031101156707591778,1118,-28.7286014557,13.485731897290966,4.367170672062741
-3.5527276337140004,21.76401519775,3.3347851037950003,-0.0032789861433179953,0.070585162223102,1158.759765624,1234.9100952140002,-4165.39599609,-2220.264831546,-5652.9862474734855,-4975.858554575889,27.95,11.022618611666665,-0.03614314728305556,-0.54324054718,-0.39322638759379624,-0.43687146996114623,-0.03165903694103379,1119,-29.2819595337,13.289111440904513,4.544947326294733
-3.564514410499,20.0088262558,3.5715862512600003,-0.0013529238046111338,0.08329166138319755,1170.3099975579998,1247.030883789,-4152.84338379,-2231.65020752,-5757.121147375736,-5031.365175364539,27.975,11.030743916833334,-0.014923764392722222,-0.541826367378,-0.4067893343937881,-0.4057731054115696,-0.03209095173563658,1120,-29.854801178,13.2174553982948,4.79956905171924
-4.0737161934378,18.262057304400003,3.74130749702,0.00039535611413800246,0.04736569317955342,1170.765502929,1370.283874512,-4143.97802734,-3158.8231201099998,-5860.942231970485,-5087.156430552539,28.0,11.04193581475,0.004365496958305556,-0.158075258136,-0.4165671969145709,-0.3747612270184273,-0.03245698450206768,1121,-30.4457435608,13.296934552464615,5.051344401594762
-4.3287097632926,16.5155916214,3.802408218385,0.0015137271096991869,0.027542850998993312,1168.904296875,1392.359985352,-4133.80981445,-3627.03637695,-5964.541682653986,-5166.127008555289,28.025,11.054832670416667,0.01673401229911111,0.0468598902225,-0.4193916124086135,-0.3438164436405317,-0.03297506296093955,1122,-31.0448493958,13.503597998942707,5.215547362078129
-4.56708262563,14.76913404465,3.737638354305,0.0017554542315640297,0.0016406675673107172,1164.221496582,1373.803771973,-4121.90454101,-4071.3995361300003,-6067.886928015236,-5256.80291797904,28.05,11.06971104938889,0.019432391143499997,0.252138763666,-0.41448773415636203,-0.3129546343741746,-0.03377322274249132,1123,-31.6427288055,13.767184659704688,5.234973120443
-4.5679240584418,13.0365948677,3.667549967765,0.0017236001981690693,-0.004167948534961001,1161.052368164,1359.2120971680001,-4126.19677734,-4068.3486328199997,-6170.934541540486,-5358.58790638229,28.075,11.08608139886111,0.019107992864305555,0.253261119127,-0.4080976122798214,-0.2821489012940096,-0.03486137371922712,1124,-32.2319297791,13.997184707597498,5.10331824871931
-4.577349799871801,11.31238889695,3.608893990515,0.0015425865172690317,-0.010403079118452408,1157.838806152,1328.850830078,-4170.1932373,-4046.2307129,-6274.089460973986,-5460.29662220279,28.1,11.10376675925,0.017128533994166667,0.232877641916,-0.4019856242891519,-0.2513544866487365,-0.03606987877122995,1125,-32.8121986389,14.116613904990153,4.865889798972522
-4.603127843146,9.5865445137,3.555584430695,0.0011944090235490095,-0.01745029438312659,1150.870056152,1283.748962402,-4239.79870606,-4033.1705322300004,-6378.344291906486,-5561.45239002529,28.125,11.122459835472222,0.013284773255388889,0.206334397197,-0.3964951182261675,-0.22058410703207637,-0.03725653757974613,1126,-33.3842124939,14.087259057714448,4.600982729801171
-4.6462631762064,7.851161003114999,3.50072205067,0.0006587533114647995,-0.025372014767825527,1137.6253662109998,1225.1456909180001,-4328.86914062,-4036.70019531,-6484.339259557986,-5662.28165333104,28.15,11.141895718055556,0.0073397609715555555,0.179759800434,-0.39166973664746196,-0.1898482070292166,-0.03833986157703685,1127,-33.9488868713,13.9193807173247,4.393022699868165
-4.696739214662601,6.09999871254,3.438994288445,-7.808815325653131e-05,-0.03328396676084263,1115.109558105,1153.5137329109998,-4427.12426757,-4048.33618165,-6592.560988073486,-5763.19915821379,28.175,11.161842346194444,-0.000871607593986111,0.15411888063,-0.3875122425802836,-0.15913088257483604,-0.039292020729309894,1128,-34.5071678162,13.665821998443336,4.306306935109925
-4.7251504957692,4.33571958542,3.369287610055,-0.000985924927032397,-0.03859098518426022,1078.815704346,1070.680145264,-4485.87768555,-4062.32946778,-6703.239094762736,-5864.40756275504,28.2,11.182078255555556,-0.011024692406250002,0.142906412482,-0.38384370488891656,-0.1284435103604736,-0.04011736764058113,1129,-35.0599212646,13.404037967306751,4.366723018219707
-4.6479980289974,2.57059121132,3.294060349465,-0.0019406694131739938,-0.035075720736308824,1027.800354004,978.4428100580001,-4355.36486817,-4074.26367188,-6815.386036901486,-5965.96579944954,28.225,11.202444500388888,-0.021740268501972224,0.202298343182,-0.37982243151140027,-0.09774549382404793,-0.04082037142816034,1130,-35.6073989868,13.21214664587713,4.5557430538150445
-4.202924758193,0.8617579638974999,3.2186357975,-0.002495067771621097,-0.0031747189653727865,960.004150391,875.291870117,-3554.14526367,-4084.50048828,-6924.270158605736,-6067.82239124654,28.25,11.22309472825,-0.028002440101666668,0.516369760036,-0.3716094091579378,-0.06686980699233157,-0.041344685429039595,1131,-36.1469192505,13.145652316954173,4.817593575944555
-3.2168017208586,-0.5569795072075,3.147406458855,-0.0017551989686088122,0.06410498388875847,863.3851013179999,767.423645019,-1767.233123776,-4091.19799804,-7013.1237901974855,-6169.93490345354,28.275,11.243671841083334,-0.019734901272583334,1.18686461449,-0.35080452840528437,-0.03728911136887791,-0.04144828655656496,1132,-36.6667747498,13.22089769334988,5.078383597288761
-2.0500098288082,-1.4995053410549999,3.063486456875,0.0007188707270889909,0.12921650951165692,717.448059082,660.938140869,346.016708374,-4090.59692383,-7057.304618291878,-6272.21485340454,28.3,11.262630886499998,0.008096377261805556,1.94161057472,-0.3116679114492658,-0.01133517197610881,-0.04069836952192213,1133,-37.1439399719,13.412768697938668,5.273206889116828
-0.91300154775396,-2.31244766712,2.919941306115,0.004557467573460236,0.17277979954334402,578.048858643,550.729644775,2379.482238774,-4058.9807129,-7048.654200582528,-6374.47977650029,28.325,11.27823935613889,0.05140056626666667,2.66517043114,-0.25392553565447284,0.016035227378985602,-0.03872330683961476,1134,-37.5516166687,13.671706909552217,5.368851848989705
0.014248974225444001,-3.155673742295,2.6696549654000004,0.009087815636562031,0.1813347551372038,439.990203858,434.608428955,3956.14660644,-3944.87304687,-6989.167144613172,-6475.95429432279,28.35,11.288892957888887,0.10259420507472222,3.20513105392,-0.17986741995449973,0.04678151839147226,-0.03536149456588491,1135,-37.8643531799,13.950459769793717,5.368259171771455
0.43246616274106003,-3.97720193863,2.2896639108650003,0.013146936070151686,0.13681548181991549,311.322921753,317.791473389,4496.67114258,-3713.8787841800004,-6890.263479452172,-6574.57612049454,28.375,11.29390398661111,0.14848879641944446,3.30421495438,-0.0975798035923995,0.07713280175681916,-0.030700906482271716,1136,-38.0637359619,14.222414377692735,5.297704471101788
0.6233911663294001,-4.9240231514,1.7925469279250001,0.015749742231728547,0.07309653977591364,205.36007690449998,205.102729797,4517.75048828,-3370.71191406,-6777.846700887671,-6667.423090099041,28.4,11.293968624527777,0.17789180080083333,3.14945888519,-0.01667868506916472,0.10736070378177633,-0.02510298556338857,1137,-38.1454963684,14.483270407896239,5.190155913157711
0.8768291369082001,-6.0209748745,1.211729824545,0.01685908718528638,0.019590152641412537,125.01518249520001,104.82832336429999,4513.85766601,-2881.34680176,-6664.9029386806715,-6751.690887950539,28.425,11.28983921475,0.19035442007916664,2.92051005363,0.059338853482806875,0.13760956571669905,-0.01899358999298578,1138,-38.1146583557,14.741645207988473,5.07642257763926
1.2613225311050003,-7.255128622055,0.6016778796915,0.016866461852855105,-0.01540818037865119,71.0285410881,23.5705528259,4535.80664062,-2173.18627929,-6552.056497030421,-6823.724557994539,28.45,11.2821123335,0.1903073655233333,2.60299992561,0.1285950359041311,0.16786915519752865,-0.012678702416242249,1139,-37.979473114,15.007896932368979,4.984893125628728
1.7348489940194,-8.603802204135,0.019248723984000002,0.01622067025564764,-0.033366761942273344,43.8508491516,-34.986402511600005,4541.44824219,-1283.928222656,-6438.661331014921,-6878.054214976786,28.475,11.271377139611111,0.18284532758916666,2.19165849686,0.18865748273887994,0.19818922756269025,-0.006334045691884443,1140,-37.7512817383,15.284894976951852,4.943092140389274
2.2615923583512,-10.050341129305,-0.4946491122245,0.015328908684041244,-0.035678369123737015,40.2253227234,-71.79777312278,4556.46899414,-306.189476013,-6325.125124960171,-6910.152420543186,28.5,11.258202658750001,0.17258948749972222,1.73874294758,0.23780149341347218,0.22858693939768376,-5.015737357345536e-05,1141,-37.4445991516,15.561365667243145,4.975546980208794
2.79495882988,-11.5824289322,-0.9127909541105,0.014541902970021696,-0.025895692106627576,53.98985385889999,-93.64070844651,4575.23461914,679.752334595,-6211.213400106671,-6917.807157443511,28.525,11.242991553416665,0.16350600454555556,1.28362667561,0.27556538398775016,0.2590795846011771,0.006124655691469827,1142,-37.0754508972,15.809903682563338,5.096800787549071
3.2883471667774002,-13.181171417249999,-1.223274171355,0.014109515880509396,-0.008466574015355487,80.08700942991001,-104.80681228638,4599.22509765,1587.2330932569998,-6096.832534628171,-6900.813349078632,28.55,11.226046880083334,0.1584046085675,0.868860006332,0.3023219470771827,0.2896466984485437,0.012145225476827873,1143,-36.6599807739,15.992224760686565,5.302494650278297
3.6744392395018006,-14.831149101249999,-1.4395939707749998,0.014124324512579868,0.008765525290991574,116.0534152985,-106.7012405396,4642.161865239999,2279.5175170889997,-5981.8519071869205,-6861.132521747208,28.575,11.207559373638889,0.15830973784138888,0.561468064785,0.319919782665924,0.320308121486673,0.0179465827746565,1144,-36.2128181458,16.071511263712157,5.564215711461212
3.9253781020650003,-16.523243427300002,-1.5957766175299999,0.014504886071167641,0.02028478827737439,162.6567764286,-95.49206900598999,4689.91430664,2718.256408696,-5865.79786055592,-6804.144583819981,28.6,11.187738842444444,0.16228826509583336,0.370834589005,0.3313560621767105,0.3510760543236367,0.02342145940930244,1145,-35.7449836731,16.02717791044206,5.832915780732556
4.0753187417992,-18.2511281967,-1.72139310837,0.015101415430004551,0.02660146308493789,220.4278106693,-69.09790134430001,4726.22802734,2980.371459962,-5748.5500028899205,-6736.188173602581,28.625,11.166940265222221,0.16864942179777778,0.256054341793,0.33907180577697094,0.38194557011225,0.0284187126667544,1146,-35.2634735107,15.865399925187369,6.05080831475792
4.1710297524966,-20.006325721750002,-1.831224143505,0.01581781720650238,0.030435191665065607,288.86836242699997,-27.8406829834,4753.08557129,3148.783752446,-5630.39430220642,-6661.6788871035305,28.65,11.145544052111111,0.17631287376083332,0.181517630816,0.3444850135862684,0.4129014056096102,0.032780585622212435,1147,-34.7725563049,15.621226908178107,6.1673377190320124
4.2335335195048005,-21.78176403045,-1.928653061385,0.016612145573212327,0.03291138012127826,366.645172119,27.7700500488,4771.57788086,3260.60546875,-5511.567162924171,-6582.95929329238,28.675,11.123899883694444,0.18480883704277778,0.131692647934,0.3483688678525183,0.4439417631806931,0.036385504972211664,1148,-34.27501297,15.351753208932163,6.153932795538374
4.270251065491601,-23.5706834793,-2.012214541435,0.017454295366583803,0.03423505648740019,451.718170166,96.70166635515,4771.57067871,3338.751342771,-5392.277715902671,-6501.44415657363,28.7,11.102354261611111,0.19380344284916667,0.0942954048514,0.35117980109347763,0.4750846191661428,0.03917033507341603,1149,-33.7727737427,15.122376324959323,6.01317064125107
4.278122740983,-25.36712169645,-2.07864487171,0.018310736764135534,0.03387006193775409,541.973953247,177.2298469545,4744.43798828,3385.31616211,-5272.988448934921,-6417.975373004355,28.725,11.081274880305553,0.20292898019166664,0.0651828944683,0.3531543353045737,0.5063329030400221,0.0411395221564583,1150,-33.2672843933,14.989975320780138,5.77958637196352
4.253537482021801,-27.1645898819,-2.12682914734,0.019127715523963945,0.03119248856875976,634.88949585,267.5280303951,4683.0748291,3399.922119144,-5154.37749922792,-6333.342468951605,28.75,11.061038970944445,0.21159819430777776,0.0423759557307,0.3544963021781101,0.5376603660225296,0.042364085237653136,1151,-32.7596511841,14.98776192729742,5.511665719973666
4.205458986762601,-28.96010017395,-2.156051158905,0.019854429767732856,0.026844821913258154,728.5516357419999,365.508728027,4592.51196289,3394.165527344,-5037.30062850042,-6248.344415973005,28.775,11.042002571944444,0.21926146414555556,0.0220348499715,0.35530174195905356,0.5690623975157777,0.04296730786929756,1152,-32.2507286072,15.116156438741209,5.277088229050374
4.1482786476586,-30.7509403229,-2.16721200943,0.02046381928170269,0.0220237492454724,821.958251953,469.282241821,4490.88354492,3378.1348266600003,-4922.487829428171,-6163.490277789405,28.8,11.024417877194445,0.225633184115,0.00436009652913,0.35562724682448155,0.600518341375281,0.04310470201432708,1153,-31.741230011,15.342326622333077,5.135259483750246
4.094775378706601,-32.5355434418,-2.1631971597649997,0.020958491051261713,0.017789194115375915,914.876464844,576.705871582,4398.54418945,3357.61865235,-4810.215740805171,-6079.036907122905,28.825,11.008374955916668,0.2307527263958333,-0.00801083538681,0.3555721193887988,0.6320068423806309,0.04293770100812182,1154,-31.2317256927,15.608554386030592,5.121929349897117
4.0519291877764,-34.3142671585,-2.1483348608000004,0.02136079898468876,0.014643910362148465,1007.240600586,685.6906738289999,4327.37207032,3335.8597412100003,-4700.252136068921,-5995.096440814155,28.85,10.993809170194446,0.2348722848627778,-0.0136459488422,0.3552909228672239,0.663508376228999,0.04260875484035571,1155,-30.7225971222,15.847121372609493,5.240053830211603
4.0202164292304,-36.08738994595,-2.1272701025,0.02169784698777232,0.012497408765326333,1098.5632934569999,794.170959473,4278.2623291,3314.11535645,-4592.06783431092,-5911.699947283905,28.875,10.98056899177778,0.2382920848,-0.0133092291653,0.35494660942795053,0.6950054492837071,0.04222595872314795,1156,-30.2139968872,15.997650782053169,5.459237598216312
3.9966019868852,-37.856719017,-2.10431432724,0.021990072741262186,0.010979586915426493,1187.983093262,900.301147461,4245.46386718,3292.92785645,-4485.11127608342,-5828.847063372656,28.9,10.96847216288889,0.24123638868333336,-0.00929400790483,0.3546618842188926,0.726492002852423,0.041858783710279915,1157,-29.7058906555,16.022346505593617,5.723696757022539
3.9829500973262006,-38.3688030243,-2.083761096,0.02229496099356376,0.010156565068551488,1241.6433715819999,1004.223602295,4216.69042969,3273.20727539,-4378.97467940392,-5746.5238669614055,28.925,10.957822799694444,0.24434470468111108,-0.00656982138753,0.354433784470341,0.7382493930114343,0.04153678256731986,1158,-29.1981620789,15.915331132215456,5.966508800659133
3.9787846982506005,-38.3472595215,-2.066144943235,0.02254627185437005,0.009985951109738557,1282.22064209,1111.5583496089998,4192.72119141,3256.39697265,-4273.55741866167,-5664.693685076655,28.95,10.948963165277778,0.24690013792777776,0.00528468657285,0.35441720629288936,0.7381814824029556,0.04124971044665442,1159,-28.6906757355,15.703912304826439,6.126487191772
3.9797549307376,-38.32625865935,-2.050326943395,0.022794786395947213,0.009873125665980973,1323.811157227,1212.816223145,4175.72607422,3242.81420898,-4168.739388876421,-5583.283760760405,28.975,10.94218148125,0.24946788946777776,0.0172792598605,0.3547020313714324,0.7381814824029554,0.041001162615539766,1160,-28.1830234528,15.441570516935828,6.1634367898939635
3.9817581892018,-38.303606987,-2.036840319635,0.023037747830599156,0.009511060593399784,1361.955688476,1306.100036621,4162.00708008,3230.7752075199996,-4064.346237020921,-5502.213405535905,29.0,10.937305026583333,0.25201545821305554,0.0283425021917,0.35527604245531147,0.738183612932482,0.04079503394706946,1161,-27.6747741699,15.19455415974605,6.068112690153633
3.9829994559278004,-38.2803707123,-2.02638936043,0.023266921164683946,0.008769301570201645,1396.21496582,1391.89276123,4148.62634277,3219.5715332,-3960.296060018921,-5421.444025347905,29.025,10.934178034472222,0.2544505894183333,0.0379624441266,0.3561090792445064,0.7381867754367981,0.04063166149783238,1162,-27.1655273438,15.02538696194444,5.864599096586845
3.9830228209506005,-38.25776290895,-2.019637584685,0.023472606666480975,0.007647724280825083,1426.874633789,1470.828491211,4134.21716308,3209.2526245100003,-3856.5804014496707,-5340.954737017905,29.05,10.932669109777779,0.2566653986772222,0.0458768866956,0.35716136077051713,0.7381918021525955,0.04050749577322826,1163,-26.6549396515,14.97715622146656,5.604491238858051
3.9821191787678005,-38.236661911,-2.016772031785,0.023646132417321483,0.006218736538328176,1454.3665161130002,1543.3504028319999,4118.63415527,3200.217163088,-3753.224972372671,-5260.723421405155,29.075,10.932663811583334,0.2585634092488889,0.0520590879023,0.35838947750613,0.7381971284751029,0.04041633660139418,1164,-26.1427211761,15.062421910742758,5.354143986875711
3.98092931509,-38.21767520905,-2.0178143978099996,0.02378110891167626,0.0045867285357727786,1479.1359252930001,1609.7317504880002,4102.40673828,3192.981872559,-3650.259118490921,-5180.7179923279555,29.1,10.934051937527776,0.26007289687805557,0.0566095560789,0.35975135150912146,0.7382017890068606,0.040351018414403715,1165,-25.6286449432,15.259602816309512,5.177963278076472
3.9800154507134002,-38.20118904115,-2.02251088619,0.023873751547401074,0.0028466739552039586,1501.475036622,1669.7012329099998,4086.31860351,3187.8221435590003,-3547.698950033921,-5100.893445513981,29.125,10.936720106333333,0.2611501680480555,0.059766240418,0.36120866654715034,0.7382062165118558,0.0403048833096462,1166,-25.1125411987,15.517976433156363,5.121813707896921
3.9792998969514004,-38.1872406006,-2.0305789709099997,0.023921784154399148,0.0010253566159962263,1521.511779785,1723.100219727,4071.12316894,3183.953125004,-3445.5409849461707,-5021.197891925006,29.15,10.94054751925,0.26176735758777775,0.0620676092803,0.36273349271833544,0.7382079142773951,0.04027255919195831,1167,-24.594291687,15.770320067606594,5.200777530033617
3.9797867655770003,-38.17600250245,-2.0417357683199997,0.02392454094226978,-0.0007551521357523524,1539.237548828,1769.684204102,4057.41247558,3182.777832036,-3343.762905722671,-4941.599063799906,29.175,10.945401721527778,0.26191368699083334,0.0630716234446,0.3643005965724596,0.7382088130940345,0.04025006796431552,1168,-24.0738067627,15.950207615104954,5.394602051460618
3.9817380368738005,-38.1673231125,-2.05533397198,0.023884048410189464,-0.0024299493217857454,1554.5730590819999,1809.1696777339998,4045.56652832,3184.537170409,-3242.327593833171,-4862.0296179990055,29.2,10.951142840916667,0.26160735223027776,0.0627519637346,0.36587605609438456,0.7382071486189055,0.0402350419100875,1169,-23.5510463715,16.009604942739802,5.652333317391613
3.9851268410646004,-38.1612825394,-2.07093465328,0.023803423288771136,-0.003963429466583121,1567.42779541,1841.4201660160002,4035.77587891,3189.086791997,-3141.188430625171,-4782.416188738781,29.225,10.957624647361111,0.26087825497,0.061169616878,0.3674276470345114,0.7382055840115161,0.04022650314991777,1170,-23.0260181427,15.932097151864703,5.90528014527622
3.9898275911788,-38.15766143795,-2.08794593811,0.02368653548399887,-0.005330490131289074,1577.718566895,1866.4266357420001,4028.09619141,3196.198608398,-3040.2940336524207,-4702.689018938856,29.25,10.96469985113889,0.25976432694333335,0.0583907291293,0.36892460988463577,0.7382015559800982,0.04022433517033785,1171,-22.4987735748,15.737996877163638,6.085168533283363
3.9957100272138004,-38.1565551758,-2.105974435805,0.023537822904251975,-0.00650910224032899,1585.336425781,1884.0303955079999,4022.5288086,3205.695861819,-2939.5916288671706,-4622.784053728906,29.275,10.972217983666667,0.2583098245991666,0.0544242337346,0.3703372503947717,0.738197860844055,0.04022878348157763,1172,-21.9694080353,15.479592511658238,6.142745961627661
4.002432435752801,-38.15776538845,-2.124546051025,0.02336218118848297,-0.007495272352424221,1590.1428222650002,1894.0610961910002,4019.0761718800004,3217.0352172880002,-2839.0284086521706,-4542.641657183431,29.3,10.980024337777778,0.2565640045536111,0.049453061074,0.3716371060339292,0.7381925012320101,0.04024007694901099,1173,-21.4380607605,15.227439932778777,6.061707471244445
4.0098604679098,-38.16127967835,-2.143255472185,0.02316437281801806,-0.008275884399229305,1592.176757812,1896.8412475589998,4017.69445801,3229.981018061,-2738.5515043551704,-4462.215776751231,29.325,10.987966325555554,0.2545748816597222,0.043577965349,0.3728019394050287,0.7381871083313004,0.040258132349056015,1174,-20.9049072266,15.051173894448363,5.863858105124253
4.017942136527201,-38.1668596268,-2.16171300411,0.022949948819000907,-0.008828958459208967,1591.625122071,1892.972473144,4018.28271485,3244.392089845,-2638.1091429049206,-4381.466251299706,29.35,10.995899836222222,0.2523996763758334,0.0369092524052,0.3738093799545864,0.7381801508232014,0.040282529401367353,1175,-20.3701553345,15.000057941285931,5.603720267349611
4.026397061351001,-38.1743707657,-2.1794849634149998,0.022724533038645724,-0.009161714195635362,1588.773559571,1883.221618653,4020.68017578,3259.69110107,-2537.652075033671,-4300.356449053581,29.375,11.003694534305556,0.2500968840386111,0.0297485254705,0.37464334885083106,0.7381730934456172,0.040312660572365835,1176,-19.8340415955,15.088812813152067,5.35375839317427
4.0344273269202,-38.18350315095,-2.19626188278,0.022493123065299034,-0.00933625423647234,1583.954162598,1868.419738769,4024.66943359,3274.363037109,-2437.135070639171,-4218.864171526831,29.4,11.011234919222224,0.2477188408375,0.0227815061808,0.37529805371598496,0.7381648376464289,0.040347706107779865,1177,-19.2968196869,15.292960570719877,5.184176229157642
4.0420370221182,-38.19410419465,-2.212068319325,0.022258987513012207,-0.009363721206105603,1577.529724122,1849.541137696,4029.99096679,3288.371887203,-2336.5183347994207,-4137.005095599106,29.425,11.018425623583333,0.24529950486277777,0.0160817317665,0.3757838475883529,0.7381566151367781,0.040386446779237056,1178,-18.7587375641,15.555285708139428,5.142983487458083
4.049504190683,-38.2058830261,-2.22663772106,0.022026414487158575,-0.009217731084388347,1569.859375,1827.508056641,4036.3637695400002,3302.203735348,-2235.768560629671,-4054.7957984190316,29.45,11.025190353388888,0.24288470546416663,0.00947654712945,0.37610292757566377,0.7381484592062022,0.040427451137672626,1179,-18.2200393677,15.801780293177899,5.242121500546286
4.056664985415001,-38.2184486389,-2.239745736125,0.021799494437017165,-0.008917672932424911,1561.282470703,1803.228698731,4043.50354004,3315.543640141,-2134.859466391171,-3972.2407050353318,29.475,11.031471888222221,0.24051859974861112,0.00311667681672,0.3762597211855308,0.7381389051150519,0.040469504115753674,1180,-17.6809597015,15.962601203220988,5.453781303320343
4.0633663654374,-38.23166179655,-2.25123512745,0.0215818205490626,-0.008484578440755869,1552.12310791,1777.5580444339998,4051.13916016,3328.100402829,-2033.7718778901708,-3889.3521140318067,29.5,11.037231021444445,0.2382405267822222,-0.00286144483835,0.37626198487233464,0.7381306493158634,0.040511627834123695,1181,-17.1417312622,15.992016000962028,5.718113300082623
4.0694815754922,-38.24518489835,-2.26100945473,0.02137642633067496,-0.00794129930001405,1542.675598145,1751.288452148,4059.02331543,3339.623596196,-1932.4933988861708,-3806.1496039610815,29.525,11.042447619972222,0.23608403073416667,-0.00834235362709,0.37612077075554,0.7381224600957501,0.040553035827874055,1182,-16.6025676727,15.881534813318655,5.9601903573950334
4.0749191999446,-38.2587203979,-2.2690255641899997,0.02118577520553396,-0.007310492145121471,1533.2061767579999,1725.132507324,4066.93737793,3349.9285888599998,-1831.0178160004207,-3722.6590140561816,29.55,11.047115325916666,0.2340767284233333,-0.0132395308465,0.375849727535045,0.7381136383744245,0.04059307062920661,1183,-16.0636692047,15.66238611007887,6.111349049390037
4.0796365976324,-38.272184371950004,-2.27531802654,0.02101180004619916,-0.0066120958342926195,1523.9539794920001,1699.710205078,4074.69262695,3358.91571045,-1729.3443815521707,-3638.9107993346815,29.575,11.051241556805557,0.2322406735686111,-0.0175055321306,0.3754640019408072,0.738106580997713,0.04063114134922364,1184,-15.5252122879,15.396609893276018,6.128736337884672
4.0835993051504005,-38.28524875645,-2.279926776885,0.020855917737311803,-0.005866795639079292,1515.114746094,1675.549255371,4082.13134766,3366.50317382,-1627.4770658784207,-3554.9379065734315,29.6,11.054848565,0.23059245612888887,-0.0211009476334,0.3749800389921284,0.7380990908570141,0.04066673616156989,1185,-14.9873561859,15.159365876476674,6.0074302673698705
4.086807614568,-38.2978219986,-2.282860279085,0.020719070788607498,-0.005092953326961409,1506.852966309,1653.0728149420002,4089.1254882800004,3372.67803955,-1525.4237821869208,-3470.7753272279315,29.625,11.057964960722224,0.22914354999861108,-0.0240172222257,0.37441468318101484,0.7380926992701798,0.040699413980353594,1186,-14.4502315521,15.017589672199085,5.781695707527598
4.089286059136601,-38.30972766875,-2.28427040577,0.020601760623231963,-0.004306661777045181,1499.2927246099998,1632.60168457,4095.57507324,3377.4714965800003,-1423.1956449799209,-3386.4583762391817,29.65,11.060628891,0.22790067725722224,-0.0262676924467,0.373784745716044,0.7380869068950202,0.04072880862101148,1187,-13.9139451981,15.01112951238388,5.515110575291547
4.0909700930084005,-38.3208627701,-2.284244298935,0.020504035094797157,-0.003532444697829574,1492.536376954,1614.3894653319999,4101.40295411,3380.7533569400002,-1320.806268148921,-3302.0215888246817,29.675,11.062884860555556,0.2268655598163889,-0.027794862166,0.3731073041133665,0.7380821132051126,0.0407546412836016,1188,-13.3785829544,15.141698562133387,5.282494851755301
4.0919490873814,-38.3310909271,-2.2829483747449997,0.02042533244272886,-0.0027823453510847245,1486.6495361329999,1598.603881836,4106.55639648,3382.6782226600003,-1218.271194296171,-3217.5027549011816,29.7,11.064780553194444,0.22603326373638888,-0.0286732986569,0.3724002681336789,0.7380776191210423,0.04077669974743159,1189,-12.8442020416,15.37266388362302,5.1488588079904
4.0923588514298,-38.340347290050005,-2.2805086374299997,0.020365051375443418,-0.0020599528925520777,1481.646728515,1585.261108398,4111.0144043,3383.4988403300003,-1115.607284384171,-3132.9357993346816,29.725,11.066366831472223,0.22539827558722225,-0.0290180984885,0.3716780854240335,0.7380734579314745,0.04079483837123306,1190,-12.3108377457,15.639570434417008,5.15133185423537
4.0922627627826005,-38.348611831650004,-2.277080535885,0.020322378380141178,-0.0013741133602575982,1477.507141113,1574.289367676,4114.78149414,3383.33898926,-1012.831924276671,-3048.348328326432,29.75,11.067693498388888,0.22495281365194447,-0.0288927350193,0.3709533061339548,0.7380702288480835,0.0408090571548315,1191,-11.7785043716,15.86828668902378,5.289072235733273
4.0917145609844,-38.3558330536,-2.272736907005,0.02029630020732116,-0.0007322913424926862,1474.182922363,1565.561889649,4117.88378906,3382.30712891,-909.9623869231709,-2963.764853594932,29.775,11.068808237722223,0.22468671202666668,-0.0283571165055,0.3702369490907518,0.73806733266094,0.04081945180545082,1192,-11.2472000122,15.995605838312827,5.523824573383439
4.0907852172824,-38.3620414734,-2.2676650285699997,0.020285664207860484,-0.00013891790432963097,1471.609863281,1558.891906739,4120.36535644,3380.5410156299995,-807.0152921966709,-2879.207175372182,29.8,11.069756613833334,0.2245881822375,-0.0274795107543,0.36953833535793995,0.7380652687113611,0.040826213737887945,1193,-10.7169094086,15.986573090294105,5.790788680633752
4.089529931548601,-38.367221832249996,-2.2619631290399997,0.02028919913803721,0.0004017886624588757,1469.710510254,1554.0711669920001,4122.28234863,3378.14880371,-704.0061582856708,-2794.693649981432,29.825,11.070579952666666,0.2246440119213889,-0.0263158902526,0.36886538783845996,0.7380636042353593,0.04082958846219824,1194,-10.1876020432,15.843836674369046,6.016637996797246
4.0880062401318,-38.37143707275,-2.2557265758550002,0.020305554692110542,0.0008875658575373527,1468.3989868170002,1550.85736084,4123.70031738,3375.2449951199997,-600.9490995699208,-2710.239929888682,29.85,11.07131428188889,0.22484007808888887,-0.0249226540327,0.36822446483309945,0.7380626721291823,0.04082984645607013,1195,-9.65923690796,15.606603612183363,6.139642522470512
4.0862728476486,-38.374700546300005,-2.249130487445,0.0203333493554092,0.0013178422488476582,1467.578735352,1548.984558105,4124.69067383,3371.9458007800004,-497.8565916354208,-2625.8588050106823,29.875,11.071990331027779,0.2251616782611111,-0.0233605559915,0.3676205930559103,0.7380619397602303,0.04082727484100089,1196,-9.13176727295,15.339657471068112,6.126390150366431
4.084377360343001,-38.377073288,-2.242254018785,0.020371187048838345,0.0016924626695454708,1467.155029297,1548.201538086,4125.32739258,3368.34490967,-394.7393247896708,-2541.5601599911824,29.9,11.072634591,0.2255939278338889,-0.0216727145016,0.36705746764293584,0.7380614737067054,0.04082216490074895,1197,-8.60513687134,15.115569264353098,5.980633696915193
4.082363295556,-38.378610610950005,-2.235198497775,0.020417686257552168,0.0020122534407735052,1467.045532227,1548.282287597,4125.67871093,3364.52728271,-291.6061399751708,-2457.3515372494326,29.925,11.073269314222223,0.22612195875916669,-0.0198988243937,0.36653768517810004,0.738061107521793,0.04081480375698611,1198,-8.07928562164,14.995001820844585,5.741997628804273
4.0802674531892,-38.37938308715,-2.228054881095,0.020471496675809872,0.002278371243124349,1467.1769409180001,1549.031066894,4125.807617189999,3360.56164551,-188.46417220192075,-2373.2383551816824,29.95,11.073909335666666,0.22673116789916664,-0.0180689189583,0.3660630100025264,0.7380608744959033,0.040805466048440264,1199,-7.5541510582,15.010426776351023,5.47503738578031
4.0781324744244,-38.379487991350004,-2.2208795547499998,0.020531307528880077,0.002493526051013564,1467.486999512,1550.267456054,4125.76794434,3356.52960205,-85.31898177217076,-2289.2243140439323,29.975,11.074567370944443,0.22740729981,-0.0162189584225,0.36563434093634517,0.738061240679943,0.040794426413490265,1200,-7.02966785431,15.157569914750834,5.251709051408559
4.0757650136994,-38.3789386749,-2.21382856369,0.020595722737667965,0.0026390701452534532,1467.9207153319999,1551.8283691410002,4125.60607911,3352.0765380899998,17.825216836329247,-2205.3110739926824,30.0,11.075254016444445,0.22813512219333335,-0.014204416424,0.3652531094253049,0.7380611408122033,0.04078193452358001,1201,-6.50576877594,15.39677562037181,5.132012476963907
