AY,Alphaf,Alphar,Beta,BetaR,Fxf,Fxr,Fyf,Fyr,Myf,Myr,Time,Vx,Vy,YawAcc,YawR,delta,phi,t,yaw,global_x_m,global_y_m
1.285920161334263e-17,0.0,0.0,-0.0,-0.0,1.374053716659546,0.2894238531589508,0.0,0.0,0.0,0.0,0.0,33.333333333333336,-0.0,2.8035159353949387e-17,0.0,0.0,0.0,1,0.0,0.0,0.0
-5.3748095681927744e-18,0.0,0.0,7.866879400486266e-21,5.656372189249551e-19,-69.84532928466797,-61.05259323120117,0.0,0.0,0.0,0.0,0.025,33.324103885226776,2.6215668568658635e-19,8.182996706244133e-18,9.681343495467702e-20,0.0,3.8098674267658205e-20,2,6.273846998666765e-20,0.8332179652320015,2.941074971403102e-20
-7.849505726517589e-16,0.0,0.0,4.050573150713672e-21,4.3868022300378554e-17,-77.7755126953125,-70.49665069580078,0.0,0.0,0.0,0.0,0.05,33.31452899509006,1.3494294215376053e-19,-5.171840027366672e-15,-9.656290001672496e-18,0.0,2.4269473817413444e-19,3,-2.367655197332476e-18,1.666200876235962,-9.254581853188713e-19
-1.4869874419367118e-16,0.0,0.0,-1.486772063932971e-19,1.7085678799270964e-18,-87.09060668945312,-81.43402099609375,0.0,0.0,0.0,0.0,0.07500000000000001,33.304693433973526,-4.95164882243919e-18,-1.1262725784399514e-16,-1.6842053421578534e-17,0.0,4.109054562153164e-19,4,-2.068284223424938e-17,2.498941156599257,-1.0582079979782745e-17
1.1739264038982946e-17,0.0,0.0,1.6831469349665586e-19,7.615102069893795e-18,-95.19002532958984,-90.65252685546875,0.0,0.0,0.0,0.0,0.1,33.29459720187717,5.603969887125494e-18,5.762253305352188e-17,-1.1523073587229945e-17,0.0,5.452435348787653e-19,5,-4.2218064311232603e-17,3.3314322895473905,-3.675479053947855e-17
1.699317753553206e-16,0.0,0.0,4.0069801741572634e-19,4.038531657497758e-18,-100.34908294677734,-96.23876953125,0.0,0.0,0.0,0.0,0.125,33.284310234917534,1.33369574548105e-17,-1.6912841853702584e-16,-9.424239653302586e-18,0.0,7.214549924180667e-19,6,-5.731341896733326e-17,4.163668632507324,-7.793391724042887e-17
2.025478482857253e-17,0.0,0.0,6.130302190224983e-19,6.8808164889458154e-18,-101.47154998779297,-97.24532318115234,0.0,0.0,0.0,0.0,0.15,33.273938496907554,2.0397930166058668e-17,9.108200206618165e-17,-7.066342195409775e-18,0.0,7.798984380905449e-19,7,-6.9347024143073e-17,4.995646741655138,-1.3020080906782676e-16
-3.3872649450942764e-17,0.0,0.0,7.597261025146864e-19,2.625824622352452e-18,-98.18260955810547,-93.58277130126953,0.0,0.0,0.0,0.0,0.175,33.263604905870224,2.527122798133205e-17,7.795328916876051e-17,-4.574743562657137e-18,0.0,7.207028811533666e-19,8,-7.752541841638889e-17,5.82736603418986,-1.9070773839904947e-16
-6.427834631306907e-17,0.0,0.0,8.310988859694308e-19,-1.0151784644933854e-18,-90.86412048339844,-85.88712310791016,0.0,0.0,0.0,0.0,0.19999999999999998,33.253426021999786,2.7636885491530732e-17,2.855751398460927e-17,-2.4690311369483782e-18,0.0,5.920581299987873e-19,9,-8.240941039025718e-17,6.658828920788236,-2.5653601348431456e-16
-2.1754763214821282e-17,0.0,0.0,8.311464126563817e-19,4.551505726898896e-18,-80.65965270996094,-75.43941497802734,0.0,0.0,0.0,0.0,0.22499999999999998,33.24349933200412,2.7630214739435277e-17,7.030230525400844e-17,-1.0904915741093923e-18,0.0,4.756573044181876e-19,10,-8.499679164165365e-17,7.4900404877132845,-3.25419999957563e-16
-5.697237901822255e-17,0.0,0.0,7.828948715443808e-19,-4.444905042763009e-18,-69.62959289550781,-64.3155746459961,0.0,0.0,0.0,0.0,0.24999999999999997,33.2338735792372,2.601862794289391e-17,2.2926134548797265e-17,-3.2091165329030867e-19,0.0,4.32377701539977e-19,11,-8.59990499939372e-17,8.321007649103802,-3.9579529369396904e-16
1.2078820625780684e-17,0.0,0.0,7.349725523549886e-19,1.1235610240272758e-18,-62.055606842041016,-56.6468391418457,0.0,0.0,0.0,0.0,0.27499999999999997,33.224523332383896,2.4419112468758397e-17,2.0351682130375e-17,1.0176834616094912e-18,0.0,3.600900437984535e-19,12,-8.548216137276506e-17,9.151737610499065,-4.663921421946365e-16
-3.510782110148788e-17,0.0,0.0,6.624434786781089e-19,3.0036607441460866e-18,-56.979652404785156,-51.641075134277344,0.0,0.0,0.0,0.0,0.3,33.21531507703993,2.2003268991706553e-17,3.568851893142072e-17,-2.642674594193611e-18,0.0,4.817686704286822e-19,13,-8.395162577663575e-17,9.982235590616863,-5.3616915950679e-16
-2.700383599252309e-16,0.0,0.0,5.658642844572648e-19,-5.093038403469702e-17,-38.94584655761719,-34.01279830932617,0.0,0.0,0.0,0.0,0.325,33.206397162543404,1.8790313836457554e-17,-1.3418623158508721e-16,-1.5214450457891846e-17,0.0,8.329920419576574e-19,14,-9.552499427699588e-17,10.812506993611656,-6.10165747225342e-16
-2.345407673279616e-18,0.0,0.0,7.888773437939103e-19,7.565768098380571e-18,1.6166764497756958,5.752938270568848,0.0,0.0,0.0,0.0,0.35000000000000003,33.19826549953885,2.6189358021324854e-17,1.470381433797685e-16,-8.638544865091361e-18,0.0,1.256601791606458e-18,15,-1.1022073136172727e-16,11.642565276887685,-6.949932263547646e-16
-4.653263094168369e-17,0.0,0.0,9.361223539765185e-19,4.765991874917066e-18,63.80635070800781,66.76451110839844,0.0,0.0,0.0,0.0,0.37500000000000006,33.191536797417534,3.1071337556671766e-17,1.479567770808454e-16,-5.1835771694470624e-18,0.0,1.8371577703859245e-18,16,-1.2009413120672762e-16,12.472437805599641,-7.898430411400642e-16
1.459691449937369e-17,0.0,0.0,9.364956954481313e-19,-1.3657991676028112e-16,142.1395721435547,143.7241668701172,0.0,0.0,0.0,0.0,0.4000000000000001,33.18672604031033,3.107922702153638e-17,1.1091276058835648e-17,-1.605675663327796e-18,0.0,2.3766711344675156e-18,17,-1.250420212285544e-16,13.302166091071241,-8.907642100470953e-16
-1.5581051123554035e-16,0.0,0.0,8.1685156328281485e-19,-1.0243771132698802e-17,227.60189819335938,227.83251953125,0.0,0.0,0.0,0.0,0.4250000000000001,33.18416383531358,2.710653588452365e-17,1.329849998995377e-17,4.255189134105665e-18,0.0,2.866151890512514e-18,18,-1.2225254320989899e-16,14.13180221451654,-9.926191845757665e-16
-1.257918124773582e-16,0.0,0.0,5.960221906294749e-19,-7.463550264102306e-18,308.139892578125,307.2370910644531,0.0,0.0,0.0,0.0,0.4500000000000001,33.18387349446615,1.9778325932777975e-17,1.3524086205067395e-17,4.636999249203323e-18,0.0,3.4057228871986944e-18,19,-1.1580540487143208e-16,14.961402681138788,-1.0907796279079263e-15
-6.7346926547530885e-18,0.0,0.0,4.382609914263982e-19,-3.606721388796152e-18,380.591552734375,378.7655944824219,0.0,0.0,0.0,0.0,0.47500000000000014,33.18565792507596,1.454397940464788e-17,2.789947526371109e-17,6.161659062465814e-18,0.0,4.01204237267259e-18,20,-1.0839004831724941e-16,15.791021823883066,-1.1833489362308052e-15
-1.2057053198389326e-16,0.0,0.0,2.6155838628987054e-19,-8.149060875152717e-18,438.8153076171875,436.3841552734375,0.0,0.0,0.0,0.0,0.5000000000000001,33.189235263400604,8.680923222872018e-18,-4.048024221668117e-18,6.911141171633109e-18,0.0,4.186643062436532e-18,21,-9.903793107683508e-17,16.62070798873902,-1.2691084782035638e-15
2.337078793552976e-16,0.0,0.0,1.8305639045562968e-20,-3.432131324682756e-17,480.42987060546875,477.6250915527344,0.0,0.0,0.0,0.0,0.5250000000000001,33.19415834214952,6.076402720251733e-19,4.76973061741548e-15,6.58831635263765e-18,0.0,4.795018380298582e-18,22,-8.913267485208409e-17,17.4505004088084,-1.3470633376224894e-15
2.698431423228182e-17,0.0,0.0,-2.2469004974658675e-19,-1.1090154093008347e-17,507.9412841796875,504.9429016113281,0.0,0.0,0.0,0.0,0.5500000000000002,33.200016021728516,-7.459713287350216e-18,1.3346095962400072e-17,1.2560388400207085e-17,0.0,5.473298929129978e-18,23,-7.260431581151901e-17,18.280427588356876,-1.414263345668787e-15
4.0578222504700635e-17,0.0,0.0,-5.062208909984534e-19,-7.297706034357483e-18,522.3229370117188,519.2852783203125,0.0,0.0,0.0,0.0,0.5750000000000002,33.20643742879232,-1.6809791619463562e-17,-1.2151957350603207e-17,1.1698635205391046e-17,0.0,5.894988958664188e-18,24,-5.538720979699533e-17,19.110508256488387,-1.467687669038477e-15
7.015619008537361e-17,0.0,0.0,-6.812550380069317e-19,-6.32568168611929e-18,524.9603271484375,522.0109252929688,0.0,0.0,0.0,0.0,0.6000000000000002,33.21308347913954,-2.2626578994131484e-17,3.853619406925292e-17,6.94790961839905e-18,0.0,6.258888846790167e-18,25,-4.2500281792623445e-17,19.940752267837535,-1.5088153402154554e-15
-6.655936534273877e-17,0.0,0.0,-8.513442728927897e-19,-6.6738482196810014e-18,518.3145751953125,515.552001953125,0.0,0.0,0.0,0.0,0.6250000000000002,33.219663831922745,-2.828137131763702e-17,2.882190737816082e-17,7.104807050384548e-18,0.0,6.762624606019187e-18,26,-3.2240456252662824e-17,20.771161609225814,-1.5404839711639355e-15
6.845771101686091e-17,0.0,0.0,-1.0141887775420318e-18,-4.47235257647346e-17,505.2095642089844,502.70587158203125,0.0,0.0,0.0,0.0,0.6500000000000002,33.22596867879232,-3.3697404390956114e-17,-4.760176085770451e-15,1.1415528144165119e-17,0.0,6.655429347437557e-18,27,-2.2205661889624803e-17,21.601732015609752,-1.5638689776720154e-15
3.2212026319707176e-16,0.0,0.0,-9.084481936193233e-19,2.2805798654998735e-17,488.17913818359375,485.9864807128906,0.0,0.0,0.0,0.0,0.6750000000000003,33.23185602823893,-3.0189419645717394e-17,-2.4915004304897314e-17,-2.5994602582189142e-17,0.0,5.9172381469368895e-18,28,-2.5149437216662193e-17,22.432454824447642,-1.5843371517626223e-15
1.0480729830089136e-16,0.0,0.0,-4.0926432737596624e-20,4.5531548278635606e-17,469.2398681640625,467.38916015625,0.0,0.0,0.0,0.0,0.7000000000000003,33.237247467041016,-1.360281973731203e-18,1.3273398036212991e-16,-4.261276892692556e-17,0.0,4.59135653629265e-18,29,-7.806927312553025e-17,23.26331861813864,-1.627613650873123e-15
4.3845980505980893e-16,0.0,0.0,1.2505473652233433e-18,5.310138738712953e-17,450.0035705566406,448.5044250488281,0.0,0.0,0.0,0.0,0.7250000000000003,33.24211756388346,4.157084033348085e-17,3.9613380426654996e-16,-3.641221212972145e-17,0.0,1.6193013277093983e-18,30,-1.3560980280184607e-16,24.0943106810252,-1.7158955783686173e-15
4.0041087132567545e-16,0.0,0.0,2.6970287236047863e-18,6.208471151318261e-17,431.7991027832031,430.64007568359375,0.0,0.0,0.0,0.0,0.7500000000000003,33.24647479587131,8.966669456756011e-17,5.973443103648817e-16,-5.1803494663991795e-17,0.0,-1.8503078214094134e-18,31,-2.0248439071144297e-16,24.925418085522136,-1.8547532241810963e-15
5.641898632104842e-16,0.0,0.0,3.975481819069496e-18,4.113639484165074e-17,415.6480712890625,414.8011779785156,0.0,0.0,0.0,0.0,0.7750000000000004,33.25036154852973,1.3218621180196578e-16,5.580041298274517e-16,-2.797074074331299e-17,0.0,-5.424105862982683e-18,32,-2.61109340935926e-16,25.756628539827148,-2.0446534651285172e-15
2.3470899983793053e-17,0.0,0.0,4.81290735596917e-18,2.5280690069215368e-17,402.1184997558594,401.5453186035156,0.0,0.0,0.0,0.0,0.8000000000000004,33.253845638699005,1.600476694770881e-16,4.4095582321993215e-16,-2.2539817370543344e-17,0.0,-9.419534800034954e-18,33,-3.009834433977018e-16,26.587931129667506,-2.274636003567143e-15
2.0485724366359056e-16,0.0,0.0,5.368749457534182e-18,2.5836731286231908e-17,391.2203369140625,390.8795166015625,0.0,0.0,0.0,0.0,0.8250000000000004,33.25699700249566,1.7854848664276434e-16,4.506357157411543e-16,-1.2902915023253159e-17,0.0,-1.4701064298043466e-17,34,-3.2641256361435798e-16,27.41931666268244,-2.5312080343187815e-15
2.176708530254437e-16,0.0,0.0,5.681648070980903e-18,1.4514801263828607e-17,382.6436462402344,382.4947204589844,0.0,0.0,0.0,0.0,0.8500000000000004,33.25988345675998,1.889709623609325e-16,3.4807421363052503e-16,-6.9110838855171245e-18,0.0,-2.0445756663634955e-17,35,-3.3977096140682794e-16,28.250777668423137,-2.8035670940572608e-15
8.5420244852507555e-16,0.0,0.0,5.9075498635634086e-18,8.034143448136373e-17,375.9681396484375,375.9745178222656,0.0,0.0,0.0,0.0,0.8750000000000004,33.26256434122721,1.9650026175776895e-16,5.566217297058853e-15,1.739458724994544e-17,0.0,-2.494252458274102e-17,36,-3.4055449335281777e-16,29.08230826589798,-3.081604432821084e-15
2.266204638489175e-16,0.0,0.0,5.649809926068082e-18,-4.703598516898594e-17,370.7614440917969,370.89263916015625,0.0,0.0,0.0,0.0,0.9000000000000005,33.265086279975044,1.879414202833245e-16,2.8063802964200873e-16,4.4003916055129204e-17,0.0,-2.9424852704740535e-17,37,-2.946155291095828e-16,29.91390389866301,-3.3409004960717317e-15
4.183146325398247e-17,0.0,0.0,4.58795309422444e-18,-3.3457956040763954e-17,366.62896728515625,366.8612365722656,0.0,0.0,0.0,0.0,0.9250000000000005,33.267478942871094,1.5262963138717743e-16,-3.900559838736145e-18,4.120837577035491e-17,0.0,-3.4241925777708355e-17,38,-2.3015364837579075e-16,30.745560963948584,-3.554856391003568e-15
-8.945209388816944e-16,0.0,0.0,2.4982147171640447e-18,-1.0324451235306109e-16,363.2375183105469,363.5534362792969,0.0,0.0,0.0,0.0,0.9500000000000005,33.26977199978299,8.31150270694461e-17,1.5893131975727633e-16,3.528629971852617e-17,0.0,-3.3294601909125233e-17,39,-1.7301383807542012e-16,31.57727660073176,-3.71956911522965e-15
1.3046705862507225e-05,-3.189593553543091e-05,8.568167686462402e-08,1.6496253851457164e-09,3.4547724765693516e-07,360.32325744628906,360.71070861816406,0.023773193359375,-6.103515625e-05,0.0,0.0,0.9750000000000005,33.27197816636827,5.4886299949430395e-08,9.029937245941255e-06,4.09037712665746e-08,5.235296166337409e-07,6.143759756500362e-10,40,8.721186439686335e-09,32.40904847780865,4.313214018961954e-09
0.00021267662887112238,-0.0003090277314186096,1.30385160446167e-06,5.362812271545822e-08,4.867197024006806e-06,357.6898651123047,358.14088439941406,0.388946533203125,-0.0013427734375,0.0005943298339843644,-1.525878906249973e-06,1.0000000000000004,33.27410803900825,1.7844278469662338e-06,0.00014210192603059113,1.464049174000843e-06,5.381848048589328e-06,2.680161639490201e-08,41,6.995654757702141e-07,33.24087455537574,3.218994951796822e-07
0.0008952649106504396,-0.0010319501161575317,3.3564865589141846e-06,3.1536618388645664e-07,1.695410912733227e-05,355.20147705078125,355.71112060546875,1.6378173828125,-0.004547119140625,0.01031799316406233,-3.509521484374941e-05,1.0250000000000004,33.276167975531685,1.0494178342115549e-05,0.0005933244829066098,9.841356725660697e-06,1.8604937002050633e-05,2.3033854690598824e-07,42,7.44708313504816e-06,34.07275300554486,3.863979654395268e-06
0.002343881080741994,-0.0024231374263763428,-3.807246685028076e-06,9.599938923608466e-07,3.5084969239320386e-05,352.7735900878906,353.3389434814453,4.273590087890625,0.00421142578125,0.051263427734374555,-0.0001487731933593737,1.0500000000000003,33.278162214491104,3.1946832071601726e-05,0.0015350421890616417,3.5196094122086054e-05,4.4867762509705085e-05,1.0131177559766512e-06,43,3.688831566250883e-05,34.90468213260988,2.2836814052856824e-05
0.004813049954827875,-0.004648074507713318,-4.738569259643555e-05,2.0695415697926917e-06,5.307093341104909e-05,350.3623504638672,350.9805908203125,8.715179443359375,0.071258544921875,0.15810317993163958,-4.3487548828125645e-05,1.0750000000000002,33.280088636610245,6.887453006735693e-05,0.003095137421041727,9.153098876006274e-05,8.784998616168806e-05,3.0925311020478146e-06,44,0.0001229992340086028,35.736660264698195,9.06095904712837e-05
0.008880487072747202,-0.008213452994823456,-0.00017473474144935608,3.6091278584715284e-06,6.927443755838537e-05,347.9509582519531,348.6209259033203,15.926849365234375,0.2873077392578125,0.3759826660156229,0.0017379760742187347,1.1,33.28195148044162,0.00012011881659014357,0.005576437804847956,0.00019760934868287542,0.0001573188292781627,7.53833812902538e-06,45,0.0003226906410418451,36.568685740763975,0.00027838700061581356
0.015309170028194785,-0.013654142618179321,-0.0004580058157444,5.491672559728978e-06,7.905578416533613e-05,345.54444885253906,346.2636260986328,27.16009521484375,0.7951202392578125,0.7741539001464823,0.008920669555664047,1.125,33.283746507432724,0.00018278343809975518,0.009359550662338734,0.0003812483498573998,0.0002641001457200312,1.5912761370065928e-05,46,0.0007259832927957177,37.40075683216991,0.0007184634760621555
0.024721271218732,-0.021145932376384735,-0.001008015125989914,7.365975393870057e-06,6.528767695412118e-05,343.1573791503906,343.9234619140625,43.33427429199219,1.8137054443359375,1.4531562805175762,0.02879867553710936,1.15,33.28547583685981,0.0002451799809932709,0.014669181779026985,0.000678311680943873,0.0004129032313309078,3.0425906345252987e-05,47,0.0014689788222312927,38.232871546756975,0.0016370515557720833
0.03756511211395264,-0.030961431562900543,-0.001983746886253357,8.333175554654877e-06,2.7173027738691164e-06,340.8100128173828,341.6202850341797,64.94676208496094,3.6652069091796875,2.5365131378173857,0.07414131164550822,1.1749999999999998,33.28713946872287,0.00027738757328026823,0.021530654281377792,0.0011277547047799964,0.0006094897727113409,5.3927293145361434e-05,48,0.0027420008555054665,39.06502721095374,0.0033956947842760624
0.05467707831412554,-0.04386526346206665,-0.0035605579614639282,6.918019718845125e-06,-0.00012473778249599333,338.52467346191406,339.3746795654297,93.14753723144531,6.72686767578125,4.160182189941415,0.1657714843750011,1.1999999999999997,33.28873952229818,0.0002302921590550492,0.03018227219581604,0.0017700675478150762,0.0008675905238975882,8.977508882613169e-05,49,0.00479157455265522,39.897219334088255,0.00653676720184326
0.07736597377806903,-0.06036418676376343,-0.006034586578607559,1.40256483515356e-06,-0.0003266423318055011,336.32078552246094,337.20433044433594,129.71405029296875,11.614547729492188,6.488870620727564,0.3339431762695345,1.2249999999999996,33.29027811686198,4.669177239217485e-05,0.040978871285915375,0.0026547843561387733,0.001196977257510504,0.00014191066086292667,50,0.00792841799557209,40.729439180591044,0.011833246221420455
0.10655752792954445,-0.080873504281044,-0.00966145470738411,-1.039532824524252e-05,-0.0006313394620132062,334.2151794433594,335.1229553222656,175.75453186035156,18.9127197265625,9.731721878051804,0.6243068695068424,1.2499999999999996,33.291755252414276,-0.0003460786926249663,0.05404707044363022,0.003837988337460849,0.0016056822390468214,0.00021508229592983444,51,0.012539503164589405,41.56166885164879,0.02034684927057353
0.14302623644471169,-0.10549543052911758,-0.014754772186279297,-3.1472855859664524e-05,-0.0010710481639313045,332.2185516357422,333.1398010253906,231.9788360595703,29.329124450683594,14.12558517456062,1.0971248626709096,1.2749999999999995,33.29317304823134,-0.00104783128740059,0.06931375712156296,0.005375393003837788,0.0020952081779575644,0.00031478577088452856,52,0.019092554226517677,42.39387219380514,0.03349273092489341
0.18774966076016428,-0.13472141325473785,-0.02176305651664734,-6.555062428788546e-05,-0.001671513422576681,330.3394775390625,331.260009765625,299.296142578125,43.74092102050781,19.925056076049923,1.830352973938009,1.2999999999999994,33.29453574286567,-0.002182477619498968,0.08670447021722794,0.007321361171318134,0.0026729448261190517,0.00044706470915072285,53,0.028134074062108994,43.2259790236577,0.05310487101464261
0.24176889508962632,-0.16882647760212421,-0.03104645013809204,-0.00011688883688923721,-0.0024524101207252713,328.5830993652344,329.4853820800781,378.64209747314453,63.11705017089844,27.407459640503102,2.9238759994507175,1.3249999999999993,33.295841217041016,-0.0038919121854835087,0.10611215978860855,0.009727477802082938,0.0033419627347971484,0.0006184176691654926,54,0.040286559611558914,44.05785906352412,0.08149898448014051
0.30587621442973617,-0.20781311998143792,-0.04311031475663185,-0.000190313922513378,-0.0034377760830140366,326.9454040527344,327.81756591796875,470.46944427490234,88.45450592041016,36.873512077331796,4.501802253723201,1.3499999999999992,33.29708947075738,-0.006336899888184335,0.12724600732326508,0.012641359904333623,0.004099789466782698,0.0008357327194318405,55,0.05624408274888992,44.88928125796293,0.12153115289416896
0.3806575879454613,-0.2516079228371382,-0.05832658335566521,-0.0002911953065962074,-0.004647495942162189,325.04432678222656,326.26914978027344,574.8296222686768,120.77803802490234,48.63524818420445,6.713164901733483,1.3749999999999991,33.298282623291016,-0.009696304591165649,0.14958950877189636,0.01610046598312919,0.004941464973945978,0.0011061050776527937,56,0.07676218450069427,45.71985330846629,0.176647675737837
0.466524075716734,-0.30014341697096825,-0.07720036432147026,-0.0004252920343584084,-0.006090782050917071,323.0282440185547,325.15428161621094,691.3603286743164,161.20112991333008,63.005988740921474,9.732615852356078,1.399999999999999,33.299407958984375,-0.014161974605586793,0.1725686639547348,0.020126128374920088,0.005860702032621107,0.0014365956967390338,57,0.10263912379741669,46.54893558592506,0.25091778129587117
0.5626365266740323,-0.35426759719848633,-0.10013643652200699,-0.000598860470021711,-0.007793953150766256,321.3988952636719,324.1932373046875,817.4687652587891,210.77104949951172,80.28999695777952,13.762644100189384,1.424999999999999,33.30047395494249,-0.019942339923646715,0.19492526352405548,0.024719594396169994,0.006865507315365756,0.0018338912176286935,58,0.13469122350215912,47.37552503636446,0.3490391204562005
0.67105011343956,-0.41313689947128296,-0.12752329790964723,-0.0008174432525862612,-0.009686485927241733,319.9989013671875,323.3463439941406,955.9693450927734,270.4420075416565,100.72671608924941,19.031920337677242,1.4499999999999988,33.301474253336586,-0.027222072498665914,0.21713481843471527,0.029871473283144476,0.007935495351328951,0.0023038637284733703,59,0.1737232357263565,48.198105925291486,0.4763058986180577
0.7914101257920266,-0.4765300005674362,-0.15964997187256813,-0.0010857381370974924,-0.011768598322628023,318.8442687988281,322.61463928222656,1106.074462890625,340.35293197631836,124.62594971656894,25.792970526218745,1.4749999999999988,33.30240461561415,-0.03615770488977432,0.23883213102817535,0.03557167623262025,0.009061333308332201,0.0028521303145487994,60,0.22052906453609467,49.014464904892115,0.6385415798537007
0.922832964360714,-0.5442197173833847,-0.19680050387978554,-0.0014086154704249009,-0.01404534306091517,317.95851135253906,322.0270538330078,1265.5987854003906,421.0717086791992,152.27781128883478,34.30179382562682,1.4999999999999987,33.303260803222656,-0.0469115169511901,0.2589438855648041,0.04179865036511911,0.010232873736391895,0.0034839098873388303,61,0.27588212490081787,49.821470873552,0.8419917518185821
1.064518742263317,-0.6182002872228622,-0.2390633076429367,-0.0017906096484284018,-0.016485905495755817,317.36334228515625,321.61668395996094,1432.1508483886719,513.5145568847656,183.91778092384476,44.82858654260692,1.5249999999999986,33.304034339057075,-0.059634587830967374,0.27656036615371704,0.048497095556724455,0.011476249293815924,0.004203484050459281,62,0.3405003249645233,50.614828054282185,1.0931479201161052
1.2189932182431222,-0.697095513343811,-0.28665682673454285,-0.002234306330049164,-0.018968212980683456,316.226318359375,321.4250183105469,1610.0910339355469,617.9610443115234,219.72155213356183,57.666450464726225,1.5499999999999985,33.30471674601237,-0.07441305451922947,0.29317110776901245,0.055620531324036014,0.012764680907561105,0.005014151846725353,63,0.4150204360485077,51.388819402774395,1.3984806150953792
1.38415989279747,-0.7799060940742493,-0.33947131037712097,-0.0027407641478279262,-0.021516781161889025,314.41612243652344,322.20213317871094,1795.488525390625,734.5197296142578,259.97382798195076,73.1154765725145,1.5749999999999984,33.305274115668404,-0.09128212928771973,0.30688661336898804,0.06313167757298187,0.014077053923387178,0.005919159003715578,64,0.5000302791595459,52.136054766587506,1.7640910023071217
1.55672707259655,-0.868417888879776,-0.3973676413297653,-0.003311774233642362,-0.024132733560457406,313.9673767089844,322.4327850341797,1982.8624877929688,862.6089477539062,304.8610411167167,91.47846981287117,1.5999999999999983,33.30570856730143,-0.11030139194594489,0.3163463771343231,0.07093178096139052,0.015436950320657604,0.006921116667654997,65,0.5960196256637573,52.84725915914383,2.1952553742796006
1.7357627123594286,-0.9604181349277496,-0.46044203639030457,-0.003948602109158909,-0.02676960425715052,314.2584686279297,323.40919494628906,2174.7369995117188,998.0105285644531,354.43260331154124,113.04369350671907,1.6249999999999982,33.30600950453017,-0.1315128637684716,0.32470306754112244,0.078946830578093,0.016802407107000872,0.008020343169517658,66,0.7033385038375854,53.51116000011053,2.6958293003134983
1.9196122765541077,-1.054555505514145,-0.5285470634698868,-0.004651695622365568,-0.029427249690940852,315.1365203857422,324.7356872558594,2365.5643310546875,1143.2520751953125,408.8010282993346,137.99395672083065,1.6499999999999981,33.3061769273546,-0.15493131346172756,0.3286023437976837,0.087126230523567,0.018143165154828257,0.009214552976133676,67,0.8222712874412537,54.114503184579824,3.2675633036041147
2.1047080725431444,-1.1515605449676514,-0.6013611853122711,-0.005421031366573069,-0.03206374588060567,315.6479187011719,325.17066955566406,2548.0087890625,1299.1412658691406,467.9401365757021,166.57525860071377,1.674999999999998,33.306189643012154,-0.18055566483073765,0.3257588744163513,0.09532124325093157,0.019465786659513283,0.01049945122009665,68,0.9529535174369812,54.64226633964474,3.9093390475265295
2.291587057709694,-1.247700810432434,-0.678335964679718,-0.006254084800306668,-0.034501668040896855,317.6897430419922,327.2926483154297,2725.9456176757812,1462.7763977050781,531.640356302265,199.0537902474426,1.699999999999998,33.306028578016495,-0.2083014448483785,0.3176756203174591,0.10336945754558394,0.02069980604308813,0.011867825000071395,69,1.095286250114441,55.0781807000923,4.616338521697353
2.470564138889313,-1.3445130586624146,-0.7591253221035004,-0.007148384697328284,-0.03695355307155954,320.69757080078125,330.3386688232422,2891.9700927734375,1623.8192749023438,599.7889967441599,235.62320019006992,1.7249999999999979,33.305721282958984,-0.23808615075217354,0.30760496854782104,0.11119801098457521,0.021867731698101828,0.013309908004997886,70,1.2489973306655884,55.405580884350684,5.379294115994744
2.6443116903305057,-1.438852846622467,-0.8432310521602631,-0.00810193420696901,-0.03920114451828873,324.6470642089844,333.94862365722656,3041.3177490234375,1791.9358520507812,672.0882490634962,276.2186820626289,1.7499999999999978,33.305276234944664,-0.26984305845366585,0.28834620118141174,0.11865760842167122,0.02290943444056743,0.0148117061555856,71,1.4136900901794434,55.60854434755257,6.18396468393086
2.814475339651108,-1.5308960676193237,-0.9296006262302399,-0.009105552705549176,-0.04101697097328882,329.3747100830078,338.23150634765625,3181.4515380859375,1962.6782836914062,748.1211927890824,321.0170783638988,1.7749999999999977,33.3046997918023,-0.30326608154508805,0.2649577260017395,0.12557941376613935,0.023829262193053674,0.016357332031456534,72,1.5887004137039185,55.6733499353582,7.010935507460934
2.9705805480480194,-1.6192626953125,-1.017625629901886,-0.010152498546410869,-0.04268845825839582,335.0388946533203,343.07147216796875,3307.031494140625,2122.2020263671875,827.6574812412312,370.0840354561843,1.7999999999999976,33.30401102701823,-0.33813052707248265,0.24243377149105072,0.1319366372818891,0.024609265665932356,0.017930697434853624,73,1.7732218503952026,55.59013181182377,7.835895192069763
3.1183362662792207,-1.7020004987716675,-1.106783241033554,-0.011237243589697573,-0.04396436625308517,342.24082946777344,348.7761535644531,3416.2264404296875,2282.782958984375,910.3332685947471,423.1390861153644,1.8249999999999975,33.30322477552626,-0.3742522332403395,0.21343892812728882,0.13764308409576437,0.025213863570623787,0.019512400821116726,74,1.966410756111145,55.35446553699067,8.630483855805148
3.2569448709487916,-1.7790934443473816,-1.1958035826683044,-0.012347010903960714,-0.04474833013778804,350.32481384277344,355.7114715576172,3513.9205322265625,2438.0933837890625,995.7389296054896,480.2086600899742,1.8499999999999974,33.30238342285156,-0.4112057553397285,0.18290378153324127,0.1425923026655676,0.02565333404446,0.021083599285236225,75,2.1672427654266357,54.96878007417647,9.363713565654585
3.3802631139755253,-1.8494587540626526,-1.2842406034469604,-0.013473445861577468,-0.045290204357024307,359.3448181152344,363.5812225341797,3599.701416015625,2577.3018798828125,1083.586942911154,541.1609946847011,1.8749999999999973,33.30151240030924,-0.4487133026123047,0.15556813776493073,0.14683969506435093,0.025919649113170625,0.022626965635369794,76,2.374656915664673,54.44336753698803,10.00390540976326
3.4921692967414857,-1.911975383758545,-1.3714262247085571,-0.01460871814476462,-0.04541622597204469,368.87709045410156,371.7391357421875,3666.80029296875,2714.2935791015625,1173.5794783115448,605.5935416817717,1.8999999999999972,33.30064985487196,-0.4865144027603997,0.12220434099435806,0.15032016364821868,0.025997303145487052,0.024124637966862487,77,2.5876314640045166,53.79672286934711,10.520955153645891
3.5922273695468907,-1.965587079524994,-1.4561261534690857,-0.015740568890129404,-0.04506138888511606,379.0021514892578,379.6175079345703,3723.31787109375,2840.1836547851562,1265.2494856357637,673.4508811593112,1.9249999999999972,33.29981486002604,-0.5242013269000583,0.09022289514541626,0.1529730882128579,0.025880274900632185,0.025560622749011618,78,2.8050005435943604,53.05519032547497,10.888763823599318
3.676716160774231,-2.0095391273498535,-1.5379831790924072,-0.016859668711478128,-0.04438402218423281,389.74072265625,388.2247772216797,3765.1981201171875,2952.2223510742188,1358.3324324131077,744.4554725289404,1.949999999999997,33.29903920491537,-0.5614639653099908,0.05877796933054924,0.15483638551428866,0.0255662351529495,0.026921260878257525,79,3.0256083011627197,52.25183496785668,11.087563827060361
3.7514161765575413,-2.043795347213745,-1.616064727306366,-0.01795556678212684,-0.04321134081010845,400.5030212402344,397.0382080078125,3796.83544921875,3056.627197265625,1452.4623854160375,818.2610313057962,1.974999999999997,33.29836103651259,-0.5979551871617635,0.02678504027426243,0.1559042798218968,0.02506636293723353,0.028194337183694067,80,3.2483208179473877,51.42454835606698,11.105796686590317
3.8131567835807805,-2.0672311186790466,-1.689689815044403,-0.019017117356794636,-0.04164978382137288,411.2220764160156,405.7183532714844,3817.6539306640625,3148.185546875,1547.3832716465063,894.6767112374371,1.999999999999997,33.29780790540907,-0.633304648929172,-0.003679764224216342,0.1561943646436337,0.024375334011898713,0.029371200552967693,81,3.47200345993042,50.613613925341376,10.941341801129022
3.8599145710468297,-2.0783804655075073,-1.7583169341087341,-0.020035518480019346,-0.03979497118472755,421.8236541748047,414.1877899169922,3826.5306396484375,3224.3372802734375,1642.8246199131079,973.3813499093123,2.024999999999997,33.29740736219618,-0.6672200891706679,-0.03208417445421219,0.1557445733802761,0.023478584214733686,0.030445636250003346,82,3.695566177368164,49.85898084272018,10.601927172311125
3.8958949506282807,-2.077145576477051,-1.8214299082756042,-0.02100269744474666,-0.03754078425311122,432.2941131591797,421.9419403076172,3823.2606201171875,3293.0025634765625,1738.4878859043188,1053.9897819161486,2.0499999999999967,33.29718483818902,-0.6994335518942939,-0.06183435767889023,0.15457025249760567,0.022383480931222794,0.03141269454024377,83,3.917970895767212,49.19754771479913,10.104656163348189
3.9206878662109377,-2.063992500305176,-1.8781483173370361,-0.021907924624616007,-0.03486790470564779,442.5884246826172,429.5139617919922,3808.6534423828125,3352.6317138671875,1834.0694014072485,1136.314846003063,2.0749999999999966,33.297172122531464,-0.7295886013242934,-0.0920400470495224,0.15264139149908854,0.02110969774377035,0.03227016791281663,84,4.138153553009033,48.66072861346923,9.474748861264448
3.933965039253235,-2.0383474826812744,-1.9278429746627808,-0.022741281825161445,-0.03178402658117408,452.5164489746094,436.64605712890625,3782.4296875,3402.92626953125,1929.2857374668188,1220.1306388497428,2.0999999999999965,33.29739464653863,-0.7573560211393568,-0.12272452563047409,0.14995730794969536,0.019658169359501133,0.03301817288101963,85,4.355031967163086,48.27252512257437,8.74363441147417
3.9348815321922306,-1.9997029900550842,-1.969885528087616,-0.023492070628941417,-0.028296253029660035,461.9052276611328,443.11293029785156,3744.3834228515625,3442.5650634765625,2023.8464796543187,1305.2037955880241,2.1249999999999964,33.297882080078125,-0.7823801702923245,-0.15343645215034485,0.14649836103638683,0.018030309022298296,0.03365802854183019,86,4.567507743835449,48.04829409939388,7.946572385046946
3.9233295738697054,-1.9483760595321655,-2.0037355422973633,-0.024150743187329068,-0.024415170116438716,470.50840759277344,448.7289581298828,3693.146240234375,3472.734375,2117.4560652256077,1391.2679221749383,2.1499999999999964,33.298655615912544,-0.8043436871634589,-0.1851881444454193,0.14226946096242277,0.016240620557129763,0.034191232923361486,87,4.774477005004883,47.99431614756182,7.120066529228278
3.900173670053482,-1.8855642080307007,-2.028574049472809,-0.024706607324666653,-0.020057456269498872,477.96604919433594,453.30470275878906,3628.381103515625,3495.3634033203125,2209.784721231467,1478.0862815499383,2.1749999999999963,33.29973220825195,-0.8228908644782172,-0.2189050018787384,0.13721515572048065,0.014318076763971805,0.034618853370644145,88,4.974800109863281,48.10815220688338,6.29934576184118
3.8667024016380314,-1.811496376991272,-2.0435959100723267,-0.025146605229234377,-0.015159907186032356,483.9482727050781,456.7460479736328,3553.046142578125,3509.8624267578125,2300.4942488193574,1565.4703666329463,2.199999999999996,33.30111609564887,-0.8375865883297391,-0.2532174289226532,0.13131048649771943,0.0122795575068274,0.034942017565952256,89,5.167271137237549,48.37967976323071,5.516144796349187
3.8176968991756444,-1.7259886264801025,-2.0480014085769653,-0.02545848011823407,-0.009827933070638567,488.4494171142578,458.75538635253906,3458.262939453125,3515.559326171875,2389.3204023838102,1653.2169273018917,2.224999999999996,33.302815755208336,-0.8480222357643975,-0.29131078720092773,0.12450736659170637,0.010131191437169958,0.03516195306010077,90,5.350647449493408,48.79267113071829,4.796960912711709
3.753651916980744,-1.6313592195510864,-2.0409587621688843,-0.025630591064869646,-0.003954043124116483,490.71649169921875,458.86602783203125,3345.6717529296875,3511.711181640625,2475.776975870138,1741.1059104561887,2.249999999999996,33.30482059054904,-0.8538091844982572,-0.3320450782775879,0.1167126186538023,0.00791873681199868,0.035277534251410204,91,5.523570537567139,49.3266969452685,4.161884732617097
3.6772290229797364,-1.5282443165779114,-2.0215465426445007,-0.025647552072062086,0.0025610010343219028,490.61468505859375,456.8254852294922,3221.0364990234375,3497.4200439453125,2559.4187696933795,1828.8986899972042,2.274999999999996,33.30710940890842,-0.8544331126742892,-0.37306293845176697,0.10790276525452248,0.005668230127139712,0.03528595233716838,92,5.684595584869385,49.959146769933604,3.6240360104030818
3.5786482036113743,-1.4187170267105103,-1.9888546466827393,-0.02549641976079469,0.0094929084458039,486.7652130126953,452.55030822753906,3067.3313598632812,3471.773193359375,2639.944682168965,1916.334191095837,2.299999999999996,33.30964618259006,-0.84946076075236,-0.41986069083213806,0.09799602238126628,0.0034226472344240687,0.035183674467741725,93,5.8322272300720215,50.667197335642754,3.1895920916214062
3.465897083282471,-1.3044149279594421,-1.9418823719024658,-0.02516284010891085,0.01716996234858059,480.8299560546875,446.509765625,2900.1719970703125,3433.7510986328125,2716.6279661655462,2003.1285209298212,2.3249999999999957,33.312388526068794,-0.8384112517038981,-0.46625781059265137,0.0869161820149654,0.0012225417834549881,0.03496405522397266,94,5.9648237228393555,51.429515514442386,2.8582766042890166
3.331607210636139,-1.1858356297016144,-1.8796884417533875,-0.024629529617054877,0.025353343511824788,472.6210632324219,438.4394836425781,2711.7890014648438,3377.613037109375,2789.1322660923033,2088.9722983956412,2.3499999999999956,33.315306769477,-0.820706288019816,-0.5126338005065918,0.0746862555319138,-0.0009073720128292972,0.034620630198433935,95,6.080722332000732,52.2275877868296,2.62419544465447
3.17679437994957,-1.067262202501297,-1.8018102645874023,-0.023885968798920947,0.034043983001620724,461.7272186279297,428.6022186279297,2507.5203247070312,3299.82958984375,2856.9269911289234,2173.4126243233754,2.3749999999999956,33.31835428873698,-0.7959926128387451,-0.5550650954246521,0.06132329548546639,-0.002878711666086246,0.03414567206277511,96,6.178275108337402,53.04660781810433,2.476899013329868
3.00352201461792,-0.9464104771614075,-1.7077189683914185,-0.022918781511815225,0.04316630842055089,446.61463928222656,417.5393371582031,2288.9591674804688,3202.5672607421875,2919.614999246598,2255.908364069469,2.3999999999999955,33.32146114773221,-0.7638210720486112,-0.5933567881584167,0.04697967214067854,-0.004713632387931255,0.033530802262535464,97,6.255970478057861,53.8758597161969,2.402512673261431
2.808662706613541,-0.8276901841163635,-1.5970346331596375,-0.021719863839764382,0.052577628429646694,432.06224060058594,405.47804260253906,2054.4788818359375,3081.7183837890625,2976.8389784336086,2335.972545588023,2.4249999999999954,33.32458919949002,-0.7239193386501737,-0.6267895102500916,0.03169894690672446,-0.006323426987226769,0.03276912154601599,98,6.312431335449219,54.708607774895455,2.3847701610030834
2.5900341629981996,-0.7075581699609756,-1.4703537821769714,-0.020285649643621232,0.061948397649956834,416.9479064941406,392.3443145751953,1810.5490112304688,2926.83203125,3028.200950479506,2413.0155051827487,2.4499999999999953,33.327693939208984,-0.6761666801240709,-0.6485355496406555,0.015762949846259075,-0.007756230930341505,0.03185319386811048,99,6.346497535705566,55.54154788078346,2.405828816318006
2.3494727283716204,-0.5910935252904892,-1.3282102942466736,-0.018618352676041904,0.07114882859023199,397.554931640625,378.7688293457031,1554.40234375,2743.9544067382812,3073.4646757602663,2486.1863059639977,2.474999999999995,33.33070755004883,-0.6206345558166504,-0.6613546013832092,-0.00066366793598899,-0.008915820162935144,0.030774921554629433,100,6.357358455657959,56.37390733111734,2.446889796335748
2.0793879836797715,-0.4726288616657257,-1.172727108001709,-0.016731667410694293,0.07949396037929297,379.03167724609375,365.0036315917969,1292.6794128417969,2512.62451171875,3112.324734354015,2554.7851661324535,2.499999999999995,33.33352618747287,-0.557777550485399,-0.6545325517654419,-0.017119188558219846,-0.0099004079828429,0.029524386411106888,101,6.344604969024658,57.20628188612244,2.4886444248494644
1.7824228048324586,-0.3572024293243885,-1.0058680474758148,-0.01464819326614124,0.08676098630244103,360.62384033203125,351.59934997558594,1018.5388031005859,2244.4722900390625,3144.6417196750585,2617.600778925421,2.524999999999995,33.33610958523221,-0.48834866947597927,-0.6347497701644897,-0.03330053453559528,-0.01062934274107606,0.028088341291714312,102,6.308437347412109,58.039315906633696,2.5116799681590045
1.4632041960954667,-0.23866470740176737,-0.8307450413703918,-0.012401524563117874,0.09263676022737488,342.2274627685547,336.08998107910156,738.2126693725586,1941.7640380859375,3170.1051897525717,2673.7125861763957,2.549999999999995,33.338372972276474,-0.4134678178363376,-0.600559413433075,-0.0487576733858211,-0.01122770874478698,0.026451487584345953,103,6.249568939208984,58.87235906774619,2.496927270383754
1.1120204135775567,-0.11926643177866936,-0.6502866446971893,-0.010032706231627742,0.09650346207070978,322.5791931152344,320.88563537597656,443.39964294433594,1594.9707641601562,3188.560506486884,2722.256687128542,2.574999999999995,33.34021462334527,-0.33450378312004936,-0.5506537556648254,-0.06315766419955615,-0.01168302138606861,0.024598470500841827,104,6.1692705154418945,59.70225589016346,2.4262296601854554
0.7445791766047478,0.002184741199016571,-0.4678591936826706,-0.007589089483911911,0.09854833702421349,304.6074523925781,307.6283264160156,142.642333984375,1224.3046264648438,3199.645497560491,2762.130956232544,2.5999999999999948,33.341570960150825,-0.2530370321538713,-0.49077486991882324,-0.07622089378769355,-0.012048968067946945,0.022513999751474594,105,6.069277286529541,60.52243171580933,2.283140850294282
0.3635877244174481,0.12551989406347275,-0.2869601771235466,-0.0051212764612764885,0.09857181445369823,289.08241271972656,293.8077850341797,-166.1087646484375,836.7584686279297,3203.211555910099,2792.738571894163,2.6249999999999947,33.34239535861545,-0.170757124821345,-0.42502349615097046,-0.08766910758940123,-0.012359605003158672,0.02018710228031529,106,5.951720237731934,61.32242979988712,2.05392749184621
-0.02699742582626641,0.24970376584678888,-0.11044719885103405,-0.0026784264126713565,0.09661042960036849,276.5994186401367,280.43336486816406,-479.36082458496094,436.0677719116211,3199.0588367938863,2813.6575336098595,2.6499999999999946,33.34268358018663,-0.0893061359723409,-0.35574886202812195,-0.09742148698797372,-0.0126381927192013,0.017613048895834423,107,5.818972587585449,62.088005712913585,1.7286769682914773
-0.4150630190968514,0.37477101385593414,0.05945957824587822,-0.00030584090458065744,0.09301839121158324,265.7999954223633,271.5791320800781,-792.2139053344727,39.44667053222656,3187.0748161792603,2824.5592279076477,2.6749999999999945,33.3424441019694,-0.01019748341706064,-0.2877699136734009,-0.10546633071937145,-0.012924429481222478,0.014795304828340997,108,5.673486709594727,62.80179536522791,1.3023153332022988
-0.7965206399559975,0.5010228604078293,0.2209523767232895,0.0019580499202576543,0.08797323226350988,259.6485290527344,265.8117904663086,-1104.4498291015625,-345.7974452972412,3167.269468545897,2825.5453946709513,2.6999999999999944,33.34175109863281,0.06528489705589083,-0.22519364953041077,-0.11185946529794523,-0.013259236163772625,0.011748145037396756,109,5.517679691314697,63.44447903766073,0.7753602659282023
-1.1633338689804078,0.6298005133867264,0.3729461431503296,0.004081805676669782,0.08191072913426944,256.6326599121094,262.6228561401367,-1411.2625732421875,-709.7806701660156,3139.658222818356,2816.9004585385183,2.7249999999999943,33.34067026774088,0.13609088957309723,-0.17049576342105865,-0.11679613372111149,-0.01369699274780575,0.008497042762858037,110,5.353780746459961,63.99626466219888,0.15425113835278426
-1.5159450352191925,0.7628776729106903,0.5149594843387604,0.006042867517687613,0.07504981863260164,254.1861572265625,260.42608642578125,-1721.1536254882812,-1044.8364562988281,3104.3766584872997,2799.155941784366,2.7499999999999942,33.339239756266274,0.20146706038051182,-0.1305731236934662,-0.1205085137016547,-0.014299928257410485,0.005078505678050896,111,5.183728218078613,64.4384561478509,-0.5488204543272199
-1.8484254837036134,0.8998610973358154,0.6472824215888977,0.007828992444452213,0.06796369208768642,255.4491958618164,260.95487213134766,-2022.01806640625,-1352.1612854003906,3061.347817850091,2773.0350303768937,2.774999999999994,33.33751466539171,0.2610044843620724,-0.10121706128120422,-0.12339176841107218,-0.01508128151603697,0.0015381203909198983,112,5.008971691131592,64.75484119063853,-1.3165482616430841
-2.157036373019219,1.0368064641952515,0.7702240347862244,0.00943835733594391,0.06103309415043182,259.82625579833984,264.0120544433594,-2316.1917724609375,-1622.5768432617188,3010.7973661899327,2739.2309982418824,2.799999999999994,33.335560692681206,0.3146422902743022,-0.0875016376376152,-0.12571952100661274,-0.015986188804486316,-0.0020711269859268757,113,4.830519676208496,64.93276463240991,-2.127446979401073
-2.4406862646341327,1.1741898655891418,0.8850609064102173,0.010881016665575052,0.05459199354391219,264.63660430908203,268.3905563354492,-2587.671875,-1870.0853881835938,2952.8925718784076,2698.666577160338,2.824999999999994,33.333443535698784,0.36271605226728654,-0.07733498513698578,-0.12778238894223132,-0.017021946768026427,-0.005689908687535593,114,4.648911476135254,64.96387378630094,-2.9568903558861357
-2.696611660718918,1.309131383895874,0.9923245310783386,0.012169769211037533,0.048809838053673026,271.5549850463867,275.53270721435547,-2840.6272583007812,-2085.4124755859375,2888.200775003406,2651.9144424557467,2.849999999999994,33.3312013414171,0.4056530197461446,-0.07648050040006638,-0.1296764540766309,-0.018125681918390806,-0.009255819489462296,115,4.464479923248291,64.84464887997694,-3.778153395256785
-2.9284922599792482,1.4433972239494324,1.0932652652263641,0.013324520020885095,0.04379326231423678,280.6779022216797,283.0965881347656,-3069.993896484375,-2280.302001953125,2817.1850935458847,2599.779130566097,2.874999999999994,33.328893449571396,0.44411781761381364,-0.077553890645504,-0.13161261380101053,-0.019320580921968613,-0.01270651060339159,116,4.277285575866699,64.57676131956711,-4.563433958141803
-3.1404051125049595,1.5776289701461792,1.1881523132324219,0.014361191885603967,0.03939089058476767,291.09632873535156,293.00257873535156,-3280.972900390625,-2456.9981689453125,2740.435246133774,2542.771580517268,2.8999999999999937,33.326566484239365,0.47864211930169,-0.08066940307617188,-0.1335676403572377,-0.02060342405861383,-0.01598462991898105,117,4.087288856506348,64.16726899563712,-5.28487739481639
-3.3251792013645174,1.711058795452118,1.2778677940368652,0.015300627161615923,0.035968225080122256,303.2735900878906,304.82537841796875,-3469.2574462890625,-2606.6314086914062,2658.410923624007,2481.346626293634,2.9249999999999936,33.324267069498696,0.5099220077196757,-0.08813140541315079,-0.13569104527338513,-0.021952990303687192,-0.01904258175412392,118,3.8943679332733154,63.62870524627324,-5.915622235238443
-3.497397512197495,1.8456441164016724,1.3630225658416748,0.01616180607317428,0.03307704122467799,316.4480895996094,318.22540283203125,-3644.526611328125,-2746.2030029296875,2571.6794874667794,2416.180841076348,2.9499999999999935,33.322035471598305,0.5385911795828078,-0.09551757574081421,-0.13799461303727642,-0.023390566740706567,-0.021842404620016253,119,3.6982665061950684,62.978984581385475,-6.430851090723862
-3.645375490188599,1.9817510843276978,1.443618357181549,0.016960966620847416,0.031075022358778535,330.59429931640625,332.6910858154297,-3793.04296875,-2868.0220336914062,2480.5663221835753,2347.5257660031048,2.9749999999999934,33.31990983751085,0.5651921033859253,-0.10086092352867126,-0.14044835811951295,-0.02491435677623345,-0.024362741213072383,120,3.4987428188323975,62.241157873365374,-6.808873987809045
-3.773844259977341,2.1210837960243225,1.5207667350769043,0.01772108585111837,0.029799297456414124,345.7425079345703,347.58013916015625,-3923.33447265625,-2972.1968994140625,2385.7402479648244,2275.825215160819,2.9999999999999933,33.317905002170136,0.5904912948608398,-0.10740054398775101,-0.14304858538408224,-0.026535768310468555,-0.0265944868513156,121,3.2956039905548096,61.44299927753571,-7.032285630382492
-3.883809977769852,2.263279914855957,1.5945590734481812,0.01845756016403917,0.029201199329258163,360.9352264404297,363.3189697265625,-4029.7593994140625,-3066.2210083007812,2287.6568861484175,2201.520292675467,3.0249999999999932,33.31603791978624,0.6150026453865899,-0.10915990173816681,-0.14576762292278272,-0.028241362782879982,-0.028541018339784334,122,3.0886476039886475,60.61631352946536,-7.089105896776257
-3.983941358327866,2.4096561670303345,1.6653460264205933,0.019183261158112752,0.028929126214987545,375.3390808105469,379.0109558105469,-4127.7144775390625,-3150.5912475585938,2186.9129011630653,2124.864767467947,3.049999999999993,33.31430223253038,0.6391553746329414,-0.11193057894706726,-0.14853361532045264,-0.03004558472148951,-0.030219373667671294,123,2.877779722213745,59.79593495336699,-6.973867589618937
-4.061573976278305,2.559945821762085,1.7338971495628357,0.019912378488522203,0.02941893771550736,389.1745300292969,394.16517639160156,-4203.463134765625,-3215.844482421875,2083.720039224588,2046.0999862789815,3.074999999999993,33.31268310546875,0.6634224785698785,-0.11437533050775528,-0.151375491164433,-0.031934399475411886,-0.031658108995883776,124,2.6629042625427246,59.018406189639066,-6.688547703141989
-4.130576431751251,2.714825987815857,1.8007930517196655,0.020657401964661076,0.03019777085392263,401.9229431152344,408.52870178222656,-4266.4263916015625,-3277.9814453125,1978.633460855447,1965.7038742184343,3.099999999999993,33.31115298800998,0.6882197989357842,-0.11313599348068237,-0.15423774019075248,-0.03390751160021367,-0.03288927588425979,125,2.4439451694488525,58.32035335095976,-6.243201485382122
-4.192540174722672,2.8741143941879272,1.8661812543869019,0.021424325779576644,0.031102436273249538,413.86289978027344,421.94183349609375,-4318.09375,-3338.431884765625,1871.9728010654076,1883.7543380856214,3.124999999999993,33.3096800910102,0.7137466139263577,-0.10829277336597443,-0.15700756088248938,-0.03595204429590542,-0.033948194506756534,126,2.2209527492523193,57.73658884739002,-5.656272471653244
-4.246233284473419,3.037285089492798,1.9303091764450073,0.022214933002842503,0.032107070101995296,425.21998596191406,434.9904022216797,-4359.291748046875,-3394.1199951171875,1764.0204573154074,1800.2935409664804,3.149999999999993,33.30824110243056,0.7400620645946927,-0.10129127651453018,-0.15963144034648996,-0.03805420009938646,-0.03487052625484584,127,1.9940967559814453,57.297992882798376,-4.954441182705385
-4.294334560632706,3.2042996883392334,1.9936374425888062,0.023030694614842,0.033128136466904684,436.0818176269531,447.78269958496094,-4397.0657958984375,-3442.9205322265625,1655.0381636142351,1715.4405410885504,3.1749999999999927,33.30682118733724,0.7672148942947388,-0.095748171210289,-0.16210143903375437,-0.04020785478044691,-0.03568775260544488,128,1.7635984420776367,57.02934609091243,-4.171852711438479
-4.339897227287293,3.374055027961731,2.056481957435608,0.023871352621844536,0.03404837721741935,446.7871398925781,460.5662536621094,-4429.2811279296875,-3492.5584716796875,1545.1115187167738,1629.3675277828859,3.1999999999999926,33.30540551079644,0.7951960961023966,-0.08763141185045242,-0.16439205717684516,-0.042389012841546225,-0.036424844854962356,129,1.5296812057495117,56.94734024074138,-3.348694920477894
-4.3822013497352605,3.545148730278015,2.118842601776123,0.024733005908972063,0.03483701619819207,457.2958984375,473.385009765625,-4455.385009765625,-3542.285888671875,1434.3794905185314,1542.0535659908933,3.2249999999999925,33.30399619208442,0.8238759305742052,-0.0771009549498558,-0.16645046431763785,-0.044571876990218876,-0.037100867491732956,130,1.2926379442214966,57.05892805074286,-2.529194288039726
-4.421686774492264,3.716758131980896,2.18064284324646,0.0256120883370774,0.03544840516366321,467.8164367675781,486.1328887939453,-4478.3721923828125,-3589.91796875,1322.9948652743906,1453.4964187740961,3.2499999999999925,33.3025868733724,0.8531353871027628,-0.06622103601694107,-0.16824917996263417,-0.046740809477439055,-0.037729119676450255,131,1.052828073501587,57.36017796282876,-1.759110646326521
-4.4564512968063354,3.8879053592681885,2.241976022720337,0.026504478248254724,0.0359101265564665,477.9957580566406,498.3870086669922,-4496.3966064453125,-3633.8428955078125,1211.03556046482,1363.7484695553458,3.2749999999999924,33.30117967393663,0.882837176322937,-0.05499037727713585,-0.16975671223194397,-0.04887866204250016,-0.03831752015216805,132,0.8106465935707092,57.835841760507655,-1.08286883329361
-4.487282317876816,4.05714225769043,2.3026667833328247,0.02740646386173474,0.03619489753959083,487.9160461425781,510.4513244628906,-4508.690673828125,-3676.2767333984375,1098.6256453036872,1272.9023971676502,3.2999999999999923,33.29977247450087,0.9128575192557441,-0.042195823043584824,-0.1709738267843806,-0.05096219028251286,-0.03886944364333016,133,0.566504955291748,58.459760708136756,-0.5405620381465942
-4.515084356069565,4.222832441329956,2.3623533248901367,0.02831226736630874,0.03624252235002201,497.65985107421875,522.2938690185547,-4517.6119384765625,-3716.5286865234375,985.908378457984,1180.9954788326888,3.324999999999992,33.29836739434136,0.943004290262858,-0.029081474989652634,-0.17186254028489686,-0.05296642082047384,-0.03938570158183122,134,0.3208524286746979,59.196129145097814,-0.16508508710286074
-4.539203190803528,4.383576154708862,2.4208457469940186,0.029216878690176005,0.03607066939711704,507.21275329589844,533.9835510253906,-4522.5838623046875,-3753.9854736328125,872.9680799960698,1088.0822616696025,3.349999999999992,33.29697714911567,0.973110662566291,-0.015673881396651268,-0.17241865825477587,-0.05487085979955711,-0.0398659943620486,135,0.07416234165430069,60.001566624734565,0.02033900217563625
-4.559710085391998,4.538415193557739,2.4777135848999023,0.030113887521368937,0.03566643483315664,516.6614532470703,545.5806579589844,-4523.882568359375,-3788.506103515625,759.9034834384527,994.2326248287819,3.374999999999992,33.29561445448134,1.0029635826746623,-0.0021441958379000425,-0.1726340247631792,-0.056665339353944535,-0.04030964787133138,136,-0.17308279871940613,60.82786923482389,0.003981065323482354
-4.5765694081783295,4.6861536502838135,2.5327322483062744,0.030998364931276286,0.03505717431596296,526.1317749023438,557.1858825683594,-4523.5162353515625,-3818.0208740234375,646.8064192294682,899.5199722408911,3.399999999999992,33.29429626464844,1.032399402724372,0.009861393831670284,-0.17253560431614395,-0.058335114309694396,-0.040716096187947914,137,-0.420407772064209,61.625210866283,-0.2134212040854035
-4.590829664468766,4.824865341186523,2.5855486392974854,0.03186467875031145,0.03422206733535756,535.6919250488281,568.7403869628906,-4520.6168212890625,-3845.3245849609375,533.7185133456792,804.069450390305,3.424999999999992,33.2930416531033,1.061231295267741,0.021804526448249817,-0.17213406620278726,-0.05985313901758018,-0.04108491070941026,138,-0.6673761606216431,62.3455016193817,-0.6186514501392925
-4.603081405162811,4.953184604644775,2.6359230279922485,0.032707292516239515,0.03316437418308118,545.4717712402344,580.5087280273438,-4517.04052734375,-3869.6474609375,420.70309281345266,707.9363357662813,3.4499999999999917,33.29188028971354,1.0892758104536269,0.03271603211760521,-0.171450515974748,-0.061202348440679365,-0.041416511715827956,139,-0.9135644435882568,62.94560269693067,-1.1869475395221645
-4.613803029060364,5.070267200469971,2.6834919452667236,0.03352059486541989,0.03187792589614,555.4193725585938,592.5164184570312,-4512.0029296875,-3892.66064453125,307.7770796298589,611.1951492428436,3.4749999999999917,33.29084184434679,1.1163470480177138,0.04359978064894676,-0.1704932094314054,-0.06237426831717953,-0.04171225159369205,140,-1.1585774421691895,63.390126273875616,-1.8837751258589819
-4.623194891214371,5.175593376159668,2.7279164791107178,0.03429868107037318,0.030368504446931927,565.6137084960938,604.7539978027344,-4506.9466552734375,-3913.2939453125,194.97700638767145,513.8786331295622,3.4999999999999916,33.28995810614692,1.1422496371799045,0.05346507951617241,-0.16927343171787865,-0.06336705315966903,-0.04197444812538876,141,-1.4020277261734009,63.65360473234752,-2.66727601903927
-4.630024486780167,5.2673256397247314,2.769160270690918,0.035037163157084536,0.02870849372164749,575.9815979003906,617.1824340820312,-4501.1513671875,-3930.0286865234375,82.30334000583555,416.04628449674954,3.5249999999999915,33.28925874498155,1.1668386724260118,0.0619531087577343,-0.16782826735234715,-0.06415444170308618,-0.042205785277954176,142,-1.6435633897781372,63.721869908638006,-3.491165020083299
-4.636149919033051,5.344550609588623,2.8069878816604614,0.03573176966483685,0.026864150637037534,586.4786376953125,629.6962280273438,-4495.5224609375,-3945.3802490234375,-30.225444173851912,317.7955673336635,3.5499999999999914,33.288775549994575,1.1899733543395996,0.06979113817214966,-0.16617855557034075,-0.06472526531560945,-0.04240851009355805,143,-1.882878303527832,63.592557539278985,-4.30781718964079
-4.641039341688156,5.406687259674072,2.841213345527649,0.036378381016318885,0.024875759665778718,596.9555969238281,642.0390319824219,-4490.25341796875,-3958.203369140625,-142.61350569728938,219.16106110807743,3.5749999999999913,33.288540310329864,1.2115176518758137,0.07643664628267288,-0.16434836469021105,-0.06507447647473528,-0.0425850735126411,144,-2.119694232940674,63.27476781606975,-5.071276429318208
-4.6453980863094335,5.4536638259887695,2.8718245029449463,0.03697341026643745,0.022744250833657963,607.2157287597656,654.0552368164062,-4485.2467041015625,-3969.90966796875,-254.8698411465081,120.2059768795617,3.599999999999991,33.28856998019748,1.2313531504737005,0.08255911618471146,-0.16235883355311054,-0.06520554561225922,-0.042737997215860496,145,-2.3537697792053223,62.787976749744736,-5.739960487447394
-4.649244844913483,5.484278917312622,2.8985719680786133,0.0375134743683703,0.020483095990720786,617.0798950195312,665.45263671875,-4480.675537109375,-3980.3897705078125,-367.0010087490471,20.95823518034284,3.624999999999991,33.288885752360024,1.2493677934010823,0.0880565419793129,-0.16022379395195083,-0.06510163239547569,-0.04286982368981942,146,-2.584885835647583,62.160342705145204,-6.278891680323047
-4.6526987791061405,5.497804641723633,2.9214130640029907,0.03799549820329623,0.018106959167719438,626.3616333007812,675.9013366699219,-4476.8519287109375,-3989.5784912109375,-479.0178971767815,-78.55150908235255,3.649999999999991,33.28949398464627,1.2654599878523085,0.09278939664363861,-0.15796085603944007,-0.06475352811267791,-0.04298301635852619,147,-2.8128464221954346,61.4265888448421,-6.6613386687938565
-4.655778580904007,5.494184494018555,2.9402209520339966,0.038416856060828,0.015635394833017287,634.8562316894531,685.1966247558594,-4473.880615234375,-3997.4300537109375,-590.9391953945549,-178.29097136262607,3.674999999999991,33.29040315416124,1.2795421812269423,0.09672138094902039,-0.15558964398386077,-0.06416340074344078,-0.04307988468198862,148,-3.037482976913452,60.62564649388071,-6.869809121699548
-4.658516085147858,5.473652124404907,2.955041527748108,0.038775417412093546,0.013088286188924757,642.3757629394531,693.0657958984375,-4471.8350830078125,-4003.948486328125,-702.7862107754142,-278.22672270539954,3.699999999999991,33.29160690307617,1.291543377770318,0.09983628988265991,-0.15313048103328158,-0.0633384387421129,-0.04316257167264637,149,-3.2586557865142822,59.79824920193259,-6.896391481526388
-4.660874783992767,5.435475587844849,2.9657832384109497,0.039069567715682,0.010487674014354154,648.7828979492188,699.3044738769531,-4470.7197265625,-4009.08447265625,-814.5820878506096,-378.3254348636027,3.7249999999999908,33.293098873562286,1.3014091385735407,0.10211969912052155,-0.1506040233309075,-0.06226835981017304,-0.04323293322088411,150,-3.476254463195801,58.98464798669881,-6.742497452205353
-4.662616938352585,5.379303216934204,2.9725674390792847,0.03929831660856299,0.007862740729187861,653.9593200683594,703.7253723144531,-4470.4375,-4012.5137939453125,-926.3500810146721,-478.552546680009,3.7499999999999907,33.29486211140951,1.309106085035536,0.10348141938447952,-0.1480321087976771,-0.06094848677095676,-0.04329246735481499,151,-3.6901988983154297,58.22258418379854,-6.418095890963497
-4.664036071300507,5.305372714996338,2.9753652811050415,0.03946128542251903,0.005225900201116473,657.7152099609375,706.0775451660156,-4471.046875,-4014.7315673828125,-1038.1110185146722,-578.8653915286418,3.7749999999999906,33.29687754313151,1.3146200444963243,0.10411437600851059,-0.14543564324814753,-0.05938382345448097,-0.043342285111956286,152,-3.9004409313201904,57.5456171589594,-5.94055316329988
-4.665309464931489,5.214489698410034,2.9742822647094727,0.03955830354879278,0.0025898568008518317,659.7930297851562,706.0532531738281,-4472.7052001953125,-4015.9168701171875,-1149.8871903896722,-679.2336807132122,3.7999999999999905,33.29911973741319,1.3179441293080647,0.1040491983294487,-0.14283212032172923,-0.057589589410256534,-0.043383360210581555,153,-4.106959342956543,56.98186112656589,-5.333208303138328
-4.689741683006287,5.102579832077026,2.968716025352478,0.03958562591710131,-0.0005863516752024198,438.897705078125,529.835205078125,-4509.78955078125,-4037.86962890625,-1261.7048203945553,-779.6316024661421,3.8249999999999904,33.30003950330946,1.3188918431599934,0.12389200925827026,-0.1400768471474469,-0.05549648627388717,-0.043416866106046115,154,-4.309718132019043,56.55314045520214,-4.623831126099564
-4.706641894578934,4.974207162857056,2.955994129180908,0.03952691569863267,-0.003540919479794965,-416.9353485107422,-103.52691650390625,-4573.0738525390625,-4055.481201171875,-1374.449559164087,-880.5783431887985,3.8499999999999903,33.288184271918404,1.3164648744795058,0.16294638812541962,-0.13649854900541078,-0.05317871637124519,-0.043450746508538966,155,-4.508188247680664,56.274360889528644,-3.8432137558257837
-4.4861835777759556,4.858200550079346,2.9438778162002563,0.039464035968582376,5.880971823224961e-06,-1720.1981201171875,-986.3880920410156,-4392.525634765625,-3902.447021484375,-1488.7764054775619,-981.9653732180939,3.8749999999999902,33.25090408325195,1.3128965430789523,0.22595906257629395,-0.13174585507929854,-0.05100479253757571,-0.04347159406644724,156,-4.701320648193359,56.15285734253822,-3.02366443688221
-3.8574267804622653,4.791216850280762,2.9480751752853394,0.039616360460556506,0.013488360603979212,-3141.7197265625,-1845.750732421875,-3739.1934814453125,-3475.44921875,-1598.5895463466961,-1079.5265487551992,3.89999999999999,33.18307452731662,1.315280728869968,0.370904803276062,-0.12448780068007269,-0.04922832052946535,-0.043331640789974375,157,-4.887005805969238,56.18771736783458,-2.1968981074919247
-3.009201467037201,4.867276668548584,2.9783796072006226,0.0401751832034176,0.029407382093089938,-4178.8056640625,-2478.0989379882812,-2911.041015625,-2803.7862548828125,-1692.0693833828204,-1166.4127792239424,3.92499999999999,33.0882199605306,1.3300410906473796,0.49280744791030884,-0.11324710538393103,-0.049139054698677256,-0.04270119981973616,158,-5.060418128967285,56.36901661412161,-1.3910850227048703
-2.5138764619827274,4.939431190490723,3.0255719423294067,0.040997296870735854,0.03354564522442345,-4465.7672119140625,-2771.325927734375,-2668.2281494140625,-2152.5462341308594,-1764.845408773443,-1236.507435596006,3.94999999999999,32.97880596584744,1.35279999838935,0.3641362190246582,-0.10172642863343796,-0.04875282976158852,-0.04123643209186816,159,-5.2175188064575195,56.67913642165679,-0.627674242443052
-2.660438519716263,4.858694553375244,3.07075834274292,0.041730877076565795,0.024509369037027263,-3956.2191162109375,-2850.0108642578125,-3251.9210205078125,-1800.1841735839844,-1831.5511125088005,-1290.3210914492738,3.97499999999999,32.86916732788086,1.3724558883243136,-0.04467235878109932,-0.09770844259542975,-0.04608088856229042,-0.038902862153821445,160,-5.362640380859375,57.09890463963514,0.0786665339901369
-2.7640469074249268,4.686378479003906,3.103377103805542,0.04228756929055483,0.025096036377441896,-3745.502685546875,-2857.156494140625,-3434.2906494140625,-1780.1055908203125,-1912.8491380214978,-1335.3256957888732,3.99999999999999,32.76629553900825,1.386433442433675,-0.22252655029296875,-0.10246276770770965,-0.042503225001607796,-0.0360894446828021,161,-5.508445739746094,57.614544876992525,0.7149694405106597
-2.3258771240711216,4.631086349487305,3.1380985975265503,0.04312400577111067,0.04104209623369803,-4452.3330078125,-2879.5654296875,-2735.994873046875,-1694.41015625,-1998.7064042568422,-1379.82833555938,4.02499999999999,32.658091651068794,1.4092213577694364,0.015867676585912704,-0.10485690791579885,-0.040804706631436496,-0.03319799867243803,162,-5.6602911949157715,58.21639006224031,1.266327707263656
-2.1336399555206302,4.540328741073608,3.1839336156845093,0.04425603648790849,0.04671620228508564,-4493.777587890625,-2975.8773193359375,-2658.647216796875,-1408.0022583007812,-2067.106276083013,-1422.188589465627,4.04999999999999,32.54333708021376,1.4411801762051053,-0.07090292870998383,-0.10461052390307449,-0.038316958391625605,-0.03028672875670968,163,-5.812355995178223,58.892029864487085,1.7193747319014625
-2.4814662575721744,4.367682218551636,3.2314783334732056,0.0453619224529423,0.03993719647050539,-3982.189453125,-2967.365478515625,-3218.3394775390625,-1447.5170288085938,-2133.5724565029404,-1457.388645923147,4.07499999999999,32.43172963460287,1.4721753862169054,-0.3076692819595337,-0.10927351091234308,-0.03442705687818531,-0.027449906677016658,164,-5.966775417327881,59.62593380616059,2.0635909929450174
-2.65903457403183,4.138994336128235,3.2679308652877808,0.04632892456712848,0.04264909340853308,-4160.1434326171875,-2825.111572265625,-3174.605224609375,-1799.686767578125,-2214.0309434414166,-1493.5765716433652,4.099999999999991,32.325354682074654,1.4986712402767606,-0.285382479429245,-0.11812277077337766,-0.030077353320461714,-0.02501742319101412,165,-6.131150245666504,60.402048831109745,2.286934791192714
-2.275399771332741,4.056988954544067,3.316343069076538,0.0476141411420655,0.0582859352950958,-4800.921142578125,-2920.5482177734375,-2504.5235595703125,-1773.3277587890625,-2293.3960740566445,-1538.568740832818,4.124999999999991,32.21153683132596,1.5348849031660292,-0.0010132951429113746,-0.12140837918923567,-0.02788658291230289,-0.02318585287666354,166,-6.304769039154053,61.20158214685062,2.3771397427992076
-2.3417970269918444,3.932541012763977,3.3726754188537598,0.04908211298562,0.05490966705006661,-4724.052978515625,-2925.96337890625,-2630.2501220703125,-1749.5773315429688,-2356.0091630459033,-1582.9019348025445,4.1499999999999915,32.092554304334854,1.5764364931318495,0.044495150446891785,-0.12007474301672964,-0.024548608010916597,-0.021802667343719828,167,-6.4788689613342285,62.00187895877484,2.3289609975061474
-2.75881285071373,3.6816197633743286,3.4147896766662598,0.05025159440524706,0.04184969151188616,-4263.327880859375,-2829.4818115234375,-3242.8343505859375,-1863.5826416015625,-2421.7654160976667,-1626.6413680911196,4.174999999999992,31.97973887125651,1.6083868344624836,-0.13990901410579681,-0.12100417791478889,-0.019210679233772957,-0.02084523180351192,168,-6.651703357696533,62.779362328567345,2.1450434759107884
-2.3186954468488694,3.566260576248169,3.4734545946121216,0.05146883795454901,0.05840529068501259,-4714.5185546875,-2973.4378662109375,-2595.9328002929688,-1697.7330322265625,-2502.83627486231,-1673.2309341311573,4.199999999999992,31.86682383219401,1.641598277621799,-0.003100566565990448,-0.12350802371503254,-0.016302206677486497,-0.020393513909553247,169,-6.827834129333496,63.51084503574616,1.8309627394351875
-1.9151689797639848,3.5774359703063965,3.5642048120498657,0.053108009444303585,0.07011539725160515,-4996.625244140625,-3103.853515625,-2146.3809204101562,-1405.968994140625,-2567.7345948696307,-1715.674259936819,4.2249999999999925,31.745628780788845,1.6875339878929987,0.08792874217033386,-0.12207491015343365,-0.01493705885944157,-0.020151382632194605,170,-7.0045342445373535,64.17408582843547,1.3959095657236604
-2.276471641659737,3.435609221458435,3.6553033590316772,0.05475333117170055,0.05727596890238608,-4728.364501953125,-3011.30517578125,-2595.346923828125,-1593.770751953125,-2621.394117879888,-1750.8234847903361,4.249999999999993,31.62390814887153,1.733246644337972,0.004877443891018629,-0.12074952978030687,-0.010722455591282556,-0.019846546394732205,171,-7.178659439086914,64.75002569378152,0.8547013120192737
-2.8764919459819795,3.199423909187317,3.7028597593307495,0.055882761145246346,0.037708942070003706,-4379.73291015625,-2671.7076416015625,-3029.3118896484375,-2229.6409912109375,-2686.2777909755946,-1790.6677535891688,4.274999999999993,31.51112238566081,1.7627639240688748,0.005240919068455696,-0.12130614709289024,-0.005655536744568108,-0.019649412136822895,172,-7.352194309234619,65.22283262155253,0.22497896702753684
-2.4726675748825073,3.108622193336487,3.7364325523376465,0.05690554400070207,0.04611431955634933,-4781.9853515625,-2727.3568115234375,-2277.9686889648438,-2230.2340087890625,-2762.0105882168,-1846.4087783694422,4.299999999999994,31.40011257595486,1.7887718147701688,0.3395861089229584,-0.11674484290299225,-0.0030150916188586953,-0.019829335716187568,173,-7.523848056793213,65.57999797788368,-0.4738122802924857
-2.055491262674332,3.1401792764663696,3.7888487577438354,0.05813682324118658,0.05021319911246869,-4979.031005859375,-2947.17822265625,-1885.8345947265625,-1854.517822265625,-2818.9598054409184,-1902.1646285891663,4.324999999999994,31.282168494330513,1.8206975195142958,0.3876272439956665,-0.10697642628123044,-0.0019483748952857755,-0.020125820446919046,174,-7.684436798095703,65.81679898578,-1.2194501924808705
-2.237557199597359,3.0133819580078125,3.848317861557007,0.059264114363481904,0.037635842459270236,-4748.6243896484375,-2989.5189208984375,-2380.3614501953125,-1675.1156616210938,-2866.105670309086,-1948.5275741458058,4.349999999999994,31.162889268663193,1.8490061495039198,0.13351485133171082,-0.10030666416680309,0.0018386815266246085,-0.02021398564316288,175,-7.832376480102539,65.93673336022533,-1.989976352777324
-2.460057181119919,2.7918812036514282,3.8899911642074585,0.06004095845345802,0.028668336165241535,-4581.6953125,-2890.7691650390625,-2608.323486328125,-1831.1249389648438,-2925.61470656397,-1990.405465686334,4.374999999999995,31.048389010959202,1.8664183881547716,0.03768320009112358,-0.09919123243373704,0.006560340003287374,-0.02016068497065847,176,-7.975075721740723,65.94453283109121,-2.7670032956235424
-2.106375604867935,2.7552413940429688,3.922607421875,0.06084621930450312,0.03531045758038631,-4918.91259765625,-2855.6026000976562,-1963.0606079101562,-1817.5706176757812,-2990.8227937221695,-2036.183589160455,4.399999999999995,30.933445824517143,1.8845095899369981,0.3155490458011627,-0.09427392186274429,0.008241569152467829,-0.020127919766872084,177,-8.114696502685547,65.84389814828283,-3.5347574956498353
-1.9147549808025361,2.732300877571106,3.9588972330093384,0.061746151371111335,0.033519664839632965,-5027.591064453125,-2948.1552734375,-1789.4254760742188,-1631.6865234375,-3039.8993089199225,-2081.6228546023485,4.424999999999995,30.81459681193034,1.9051044517093234,0.31269845366477966,-0.08591993506305878,0.00995098775775704,-0.0199819202824869,178,-8.24398136138916,65.64257030552302,-4.279743159968096
-2.334578695893288,2.4953473806381226,3.9735429286956787,0.062334406205207006,0.013332540713074357,-4827.526123046875,-2796.1966552734375,-2243.2696533203125,-1924.7745971679688,-3084.63494582178,-2122.415017688287,4.449999999999996,30.69753858778212,1.9159950150383844,0.1971842497587204,-0.07986947441537255,0.014978837199042187,-0.01965683361776689,179,-8.362525939941406,65.3522379703464,-4.991878231653431
-2.4653502345085148,2.308598279953003,3.9557876586914062,0.06248801234345573,0.004008904242572115,-4800.813720703125,-2671.1552734375,-2188.3671264648438,-2201.1185913085938,-3140.7166871547875,-2170.5343826174876,4.474999999999996,30.585702260335285,1.9137313630845811,0.2276393473148346,-0.07555323930241069,0.018498265436974,-0.019417155361443564,180,-8.473934173583984,64.98366447168732,-5.663772774888823
-2.1761220902204514,2.3121646642684937,3.931483745574951,0.06261966820865732,0.004617625365615318,-5062.77978515625,-2757.369384765625,-1714.9275512695312,-2138.072265625,-3195.4258653164065,-2225.5623474002023,4.4999999999999964,30.471555921766495,1.9106166892581515,0.4857022762298584,-0.06642820078811999,0.01889124034309906,-0.019377748899688796,181,-8.576465606689453,64.54705659501367,-6.290371085573588
-2.127265247702599,2.215140461921692,3.896762490272522,0.06261057184905902,-0.006745662205494613,-5010.316162109375,-2831.8909912109375,-1795.005859375,-1959.8473510742188,-3238.299054098145,-2279.0141540408267,4.524999999999997,30.35542170206706,1.9030576282077365,0.4618738293647766,-0.053614455298663384,0.021083393306370664,-0.01935710732064608,182,-8.662447929382324,64.05511047922548,-6.871148127095964
-1.9723674267530442,1.938485562801361,3.858879804611206,0.062369589059920474,-0.011845259911319477,-5071.654052734375,-2936.1204833984375,-1696.4658813476562,-1747.1100463867188,-3283.1742005825195,-2328.0103378176814,4.549999999999997,30.239086151123047,1.8884485297732883,0.3304543197154999,-0.04354131479154768,0.02631739430256856,-0.019242853548692478,183,-8.73178768157959,63.52139368215768,-7.410034000103152
-1.8471390932798386,1.8834617137908936,3.8266468048095703,0.0620136783861774,-0.013592505807060822,-5054.3662109375,-3014.9478759765625,-1661.5665893554688,-1548.50537109375,-3325.5858476162107,-2371.688088977349,4.5749999999999975,30.122201707628037,1.870386865403917,0.19544082880020142,-0.037941768928303886,0.027287467374386736,-0.019001319401984504,184,-8.789857864379883,62.95638988574905,-7.911816146023207
-1.6394014239311219,1.877532958984375,3.7939960956573486,0.06170695296881673,-0.013322701581203276,-5216.795166015625,-3016.8206787109375,-1338.7256469726562,-1486.5128784179688,-3367.1250123500968,-2410.4007232546924,4.599999999999998,30.003075069851345,1.8537517388661702,0.32941919565200806,-0.031234680946723384,0.02745643974406576,-0.018619403376315725,185,-8.840009689331055,62.367176248548546,-8.380308323227432
-1.9286792188882829,1.6046327948570251,3.731766700744629,0.061147851426279015,-0.03239342649820606,-5126.8857421875,-2848.45361328125,-1522.5350341796875,-1811.66650390625,-3400.5931535244135,-2447.5635452151423,4.624999999999998,29.88536622789171,1.8297069602542453,0.4147431552410126,-0.02234782682183206,0.03210136823248955,-0.01806920261748376,186,-8.87873363494873,61.75987757058292,-8.82019645508115
-2.2363854438066486,1.3707796335220337,3.6148263216018677,0.06003490808435649,-0.0551257284770669,-5075.719482421875,-2608.1597900390625,-1625.8916015625,-2255.2922973632812,-3438.656529378906,-2492.8552078127996,4.649999999999999,29.7722413804796,1.7895241578420003,0.4467466175556183,-0.010794413995877038,0.03557794714474955,-0.017564529429724543,187,-8.902527809143066,61.14112369193673,-9.238768318600693
-1.8744244724512102,1.3145491480827332,3.4865647554397583,0.058632187848698135,-0.05498871716136073,-5239.182861328125,-2838.5020751953125,-1206.9913330078125,-2007.3916015625,-3479.3038194179676,-2549.2375152468812,4.674999999999999,29.65953826904297,1.7409990893469915,0.5151793956756592,0.0010919558640272843,0.035557687354816236,-0.017312488280278364,188,-8.909693717956543,60.51781722090333,-9.645367703903107
-1.5494192242622378,1.2825831770896912,3.372377395629883,0.057257018846754486,-0.05701032690602908,-5322.58984375,-3025.70947265625,-962.9373474121094,-1656.3837890625,-3509.478602743163,-2599.4223052859434,4.699999999999999,29.541600545247395,1.6933148437076144,0.4981701374053955,0.014133712155429964,0.03533394853373595,-0.017132035189587575,189,-8.898797035217285,59.897167363494646,-10.050639861480148
-1.5065492302179337,0.9776940643787384,3.252662420272827,0.055684351482846235,-0.06760051181640526,-5310.938720703125,-3044.231689453125,-946.8809509277344,-1571.7664184570312,-3533.5520364284657,-2640.8319000125057,4.725,29.423033396402996,1.6400980949401855,0.4675302505493164,0.025715073608668603,0.03982490677985572,-0.01678480683711708,190,-8.870274543762207,59.286552762165094,-10.46541904853695
-1.6045479685068131,0.7696349024772644,3.1078360080718994,0.053812061851547265,-0.08322781209612494,-5245.94482421875,-2949.5316162109375,-1022.3001403808594,-1665.1574096679688,-3557.224060201659,-2680.1260604739314,4.75,29.30535210503472,1.5785054365793865,0.442264199256897,0.03735833275130557,0.04234268840274106,-0.016273401885524306,191,-8.825077056884766,58.69340781123652,-10.899532479676244
-1.3808966755867005,0.7540872991085052,2.943769693374634,0.05165329931073983,-0.08729605697732998,-5364.3740234375,-3001.9019775390625,-783.7136383056641,-1498.48291015625,-3582.7815637111808,-2721.7549957156307,4.775,29.18905046251085,1.5090530448489718,0.4737405776977539,0.048605257347684505,0.04090598373485976,-0.01573719936717207,192,-8.763689041137695,58.12573411466174,-11.361475035915587
-1.1699306175112725,0.6124054193496704,2.7801228761672974,0.04942361762234143,-0.09207510787585559,-5368.098388671875,-3102.647705078125,-602.9473571777344,-1290.7238159179688,-3602.3744046688225,-2759.217068469537,4.800000000000001,29.070262908935547,1.4379285441504583,0.44809490442276,0.06024747411242606,0.041709057880978555,-0.015143688951112694,193,-8.685687065124512,57.592861957549516,-11.858443514044408
-1.0837794050574303,0.29060088470578194,2.6049065589904785,0.047026747674134894,-0.101039957250578,-5436.683349609375,-3097.0113525390625,-364.28585052490234,-1348.5639038085938,-3617.4480885982657,-2791.4851638674863,4.825000000000001,28.950814141167534,1.3624672094980876,0.48980456590652466,0.07179526933295668,0.045723538117083025,-0.014402050602390666,194,-8.591316223144531,57.10570920642311,-12.395845773052361
-1.1823264181613924,0.15715569909662008,2.3972015380859375,0.04428005487198964,-0.11764197032807747,-5365.845458984375,-3043.2596435546875,-380.0765790939331,-1516.4699096679688,-3626.5552348613883,-2825.199261462701,4.850000000000001,28.832227918836807,1.2775278091430664,0.4926370680332184,0.08424434900658659,0.045995946207084505,-0.013573415311293618,195,-8.479560852050781,56.67691983923386,-12.97668837878466
-1.1188140854239466,0.11660419777035713,2.1617003679275513,0.04118685152251145,-0.12999644952636072,-5437.807373046875,-3051.4588623046875,-188.92588996887207,-1599.0931396484375,-3636.0571493387365,-2863.1110092044,4.875000000000002,28.71405283610026,1.1833106146918402,0.6527109146118164,0.09818809455250983,0.04417633098931486,-0.012812840430804906,196,-8.349401473999023,56.32120416062186,-13.600994161589737
-0.8835746183991433,-0.09741738438606262,1.90371835231781,0.03779243217017769,-0.13992080255232506,-5409.317138671875,-3129.5816650390625,39.8358154296875,-1393.810791015625,-3640.7802965879587,-2903.088337695611,4.900000000000002,28.595598008897568,1.0812120305167303,0.6759517788887024,0.11558133278987184,0.04535135927414985,-0.012124110562504887,197,-8.196355819702148,56.056311251386,-14.265034063711107
-0.5930991470813751,-0.41485269367694855,1.6533774733543396,0.03422666753002175,-0.14490054760612336,-5488.147705078125,-3254.767822265625,163.60526275634766,-968.5447692871094,-3639.784401202217,-2937.933607471002,4.9250000000000025,28.474881913926865,0.9749810563193427,0.4952441453933716,0.1301799662926024,0.048240757979425924,-0.01138249926151268,198,-8.01981258392334,55.90230400028108,-14.959335288723956
-0.33340982869267466,-0.48729439079761505,1.4084490537643433,0.03057252131178341,-0.1475609290218148,-5439.12646484375,-3285.42431640625,347.9503631591797,-690.7673034667969,-3635.6942696333085,-2962.1472267031804,4.950000000000003,28.35298750135634,0.8670924769507514,0.40651729702949524,0.14128027970978327,0.046597868467118254,-0.01048984615511825,199,-7.825193405151367,55.87660468278151,-15.666353699447335
-0.1832892417907715,-0.5502345114946365,1.1602219343185425,0.026817986404016694,-0.1523370254760061,-5441.785888671875,-3293.3111572265625,451.0542221069336,-532.4978942871094,-3626.9955105543295,-2979.416409289851,4.975000000000003,28.23086420694987,0.7572764820522733,0.3637472689151764,0.15065449023356448,0.044508294019193234,-0.00942151492264376,200,-7.615995407104492,55.990030945888584,-16.361015251636555
-0.04441319890320301,-0.8756078481674194,0.8966858386993408,0.022950304600624437,-0.1588344394560133,-5362.96826171875,-3306.2784423828125,776.7400054931641,-595.5707702636719,-3615.7191550016564,-2992.7288566470293,5.0000000000000036,28.10919443766276,0.645227829615275,0.49088484048843384,0.16142409730000637,0.04703817638028162,-0.00818461131480241,201,-7.39290189743042,56.245972304969136,-17.012807711504482
0.09335789754986763,-1.119367778301239,0.6028504222631454,0.01882979726362119,-0.16820167582668988,-5328.594970703125,-3286.7923583984375,1108.9532775878906,-672.6965026855469,-3596.3006548643284,-3007.6181259036207,5.025000000000004,27.987227969699436,0.5270560913615756,0.5809752345085144,0.1748736933056654,0.04804949099829319,-0.006835901234407616,202,-7.152294635772705,56.64037924189213,-17.58683147160076
0.21143047437071802,-1.1788036525249481,0.30059098079800606,0.014519103814380756,-0.17741097009996795,-5349.016357421875,-3362.439697265625,1018.0704650878906,-381.1349868774414,-3568.5768229246323,-3024.435538470759,5.050000000000004,27.865670522054035,0.40461301803588867,0.4040217697620392,0.1876757416922717,0.04539975182398903,-0.005475601201784475,203,-6.892019271850586,57.159860956764824,-18.044830595066617
0.42394296824932104,-1.3117643594741821,0.0029827281832695007,0.010026020240875422,-0.1789533897795578,-5325.631591796875,-3393.728759765625,1113.1458129882812,-100.67159843444824,-3543.1250612974345,-3033.963913142696,5.075000000000005,27.741834852430557,0.27814951207902694,0.3357420265674591,0.1959909462085829,0.04355973637615046,-0.004144819605071879,204,-6.616962909698486,57.77726061685068,-18.350213224867037
0.6103535942733288,-1.6690466403961182,-0.2924550622701645,0.005553799829737877,-0.18170901249373322,-5304.931640625,-3372.691650390625,1302.2207641601562,61.88909149169922,-3515.296415972728,-3036.4807031035584,5.100000000000005,27.61864980061849,0.1533900366889106,0.30537012219429016,0.2048772489759048,0.0460248851973985,-0.002783045471173487,205,-6.329709053039551,58.45098348341199,-18.474676517881196
0.8491461873054506,-1.894058108329773,-0.5894683748483658,0.0009833117002125678,-0.18050368242912015,-5206.653076171875,-3352.2449951171875,1584.2523803710938,211.01576614379883,-3482.740896868725,-3034.9334758162668,5.125000000000005,27.494807773166233,0.02703597355220053,0.2707381546497345,0.2114951876399949,0.04593181187848944,-0.0013707404563340928,206,-6.0313720703125,59.12869405412399,-18.402856947271705
1.024937228858471,-1.9409478306770325,-0.8781046867370605,-0.0035313908766681757,-0.1802798104499854,-5206.254638671875,-3314.6695556640625,1595.4219970703125,500.94764709472656,-3443.134587359449,-3029.6580816626724,5.150000000000006,27.372074127197266,-0.09666189551353455,0.15405911207199097,0.2170244260504606,0.042471520901068247,7.205676145334358e-05,207,-5.724015712738037,59.75213679716401,-18.136416119906002
1.4172960191965105,-2.198323369026184,-1.152108907699585,-0.00790254666510614,-0.17123985993252272,-4987.292236328125,-3288.3721923828125,1992.0195922851562,813.6727600097656,-3403.2490374326912,-3017.1343904853056,5.175000000000006,27.250660790337456,-0.2153540982140435,0.20643813908100128,0.2218397209069465,0.042996192764138276,0.0015878199442803881,208,-5.409911155700684,60.26367664719344,-17.696590760583376
1.5482730239629747,-2.4962750673294067,-1.415826678276062,-0.01218180441051063,-0.17000210588163797,-5062.03173828125,-3268.788818359375,2053.8036499023438,1001.4360656738281,-3353.4485476255645,-2996.792571485063,5.200000000000006,27.129156324598526,-0.3304984172185262,0.05660226568579674,0.2248404543099501,0.044323813937651,0.0032564246956039984,209,-5.089459419250488,60.613237951315234,-17.12347658382663
1.512967747449875,-2.5837115049362183,-1.6776565909385681,-0.01641539830589597,-0.17202928745864945,-5042.9677734375,-3279.8028564453125,1949.9519653320312,1025.150146484375,-3302.1034563780063,-2971.7566698432183,5.225000000000007,27.007925245496963,-0.4433857070075141,-0.04404440522193909,0.2252160266026785,0.04169691345028888,0.0049966389618148295,210,-4.766733169555664,60.76581197516036,-16.47290732404291
1.6589824795722963,-2.7634811401367188,-1.94588303565979,-0.020710569479110985,-0.16662781420148032,-4917.856201171875,-3269.3360595703125,2160.875244140625,1066.8232421875,-3253.354657244705,-2946.127916181109,5.250000000000007,26.885348425971138,-0.556890500916375,0.08859515935182571,0.224530628806633,0.040334860516713866,0.006640743021221199,211,-4.444910049438477,60.70757446980631,-15.810151449208915
1.920679181814194,-3.0779391527175903,-2.203589379787445,-0.024766734428058997,-0.15986683049733935,-4836.332275390625,-3152.1591796875,2419.8980712890625,1291.0823364257812,-3199.3327761411906,-2919.4573351264216,5.2750000000000075,26.765755547417534,-0.6630359093348185,0.025635601952672005,0.22735750772472485,0.04210260026928121,0.008180192652017209,212,-4.120923042297363,60.44579520000043,-15.201837755186359
1.9500890254974366,-3.2282910346984863,-2.440673351287842,-0.028697021323014132,-0.15782110666123816,-4749.0091552734375,-3115.5765380859375,2439.948486328125,1315.2197265625,-3138.835324358966,-2887.1802767157787,5.300000000000008,26.647764841715496,-0.764921506245931,-0.09847612679004669,0.22616339622620377,0.04086143612384439,0.00970039262155899,213,-3.795693874359131,60.00759856571977,-14.709220683885276
1.7690432637929918,-3.3360146284103394,-2.692507743835449,-0.03274530914080039,-0.16334766526585698,-4868.726806640625,-3188.144287109375,2255.854736328125,1157.5634155273438,-3077.836612200763,-2854.2997835517162,5.325000000000008,26.527705722384983,-0.8689685662587484,0.002606356283649802,0.22424698550578273,0.038307429268350165,0.01109696261957495,214,-3.473306894302368,59.43908993607557,-14.380702014256894
2.1092981308698655,-3.6233116388320923,-2.9483611583709717,-0.0366913149279708,-0.15387726469245344,-4651.518310546875,-3127.6070556640625,2629.451171875,1403.4060668945312,-3021.4402437925582,-2825.360698163531,5.3500000000000085,26.40875498453776,-0.9694070286220975,0.10271482169628143,0.22740041790778875,0.03957308617343732,0.01226008886299135,215,-3.1501071453094482,58.799113536312824,-14.247515138621074
2.4749681532382968,-3.8442792892456055,-3.1607571840286255,-0.04036674770957836,-0.1390944486332087,-4509.767578125,-2931.7720947265625,2802.46826171875,1896.6907348632812,-2955.7039644956863,-2790.2755464911697,5.375000000000009,26.292285919189453,-1.0619109206729465,-0.16034941375255585,0.2263590386977837,0.03989843915426634,0.013346405795499582,216,-2.824298143386841,58.15272964898115,-14.322515032445816
2.5689183175563812,-3.844236969947815,-3.3400436639785767,-0.04372351662200113,-0.12977965989124987,-4560.1339111328125,-2847.2445068359375,2772.220458984375,2080.942138671875,-2885.642257952719,-2742.858278119592,5.400000000000009,26.17878595987956,-1.1453586154513888,-0.24267636239528656,0.2205586405540775,0.03625257266224516,0.01449279053445401,217,-2.503934144973755,57.56488640837847,-14.595747206047015
2.5149749100208285,-4.077836990356445,-3.5247950553894043,-0.04689645667899197,-0.12882019785189996,-4449.3668212890625,-2942.9456787109375,2853.9893798828125,1898.097412109375,-2816.336746478109,-2690.8347246527965,5.42500000000001,26.06601079305013,-1.2233004305097792,-0.06642313301563263,0.21759833726537267,0.03704014741887915,0.015695973425438187,218,-2.190736770629883,57.09168693902472,-15.035360973676784
2.2506914079189304,-4.32247519493103,-3.730573058128357,-0.050244499577655526,-0.136873114290352,-4585.171142578125,-3049.31640625,2642.34326171875,1635.5097045898438,-2744.9870119810394,-2643.3822893500605,5.45000000000001,25.949910481770832,-1.3049386607276068,-0.1381254643201828,0.2148539331172892,0.03784759705544516,0.01682084377591452,219,-1.8807222843170166,56.775476360053005,-15.595614867331314
2.494372218847275,-4.3623433113098145,-3.9339258670806885,-0.0535304533722174,-0.12541311600082072,-4282.9490966796875,-3012.6131591796875,3043.6746826171875,1656.1880493164062,-2678.9284304380685,-2602.494546735312,5.47500000000001,25.834755367702908,-1.3842687341901991,-0.013308998197317123,0.21288955220773315,0.035008107653472856,0.01769184101339794,220,-1.5746922492980957,56.642450247302854,-16.222424023344196
2.6570225536823275,-4.459287881851196,-4.123397350311279,-0.05656938233091762,-0.12024289667243292,-4169.2578125,-2877.474365234375,3136.3394775390625,1847.3743896484375,-2602.8365633726426,-2561.0898455024017,5.500000000000011,25.723209381103516,-1.4567002985212538,0.07138996571302414,0.21431089792626523,0.03360288654310334,0.01840845605084623,221,-1.2690399885177612,56.70206385129747,-16.85771184396188
2.4987476110458378,-4.701923608779907,-4.3073179721832275,-0.05965392208447464,-0.12577765281978212,-4420.9761962890625,-2862.326171875,2856.76123046875,1850.9773559570312,-2524.428076434167,-2514.9054857611927,5.525000000000011,25.611485375298393,-1.5296404891543918,-0.14020973443984985,0.213240606773676,0.03481006729661454,0.019075217961045,222,-0.9621540307998657,56.94759526031377,-17.44372111430281
2.792400360107422,-4.759194850921631,-4.473713159561157,-0.0626546055532078,-0.1100951959771734,-4154.861328125,-2769.63232421875,3146.837646484375,2081.6969604492188,-2453.009045672445,-2468.6310518622668,5.550000000000011,25.49936082628038,-1.5997462802463107,-0.13379956781864166,0.20920350423246808,0.03267130655200982,0.01964194072160846,223,-0.6596353650093079,57.35457203609737,-17.92844322018604
2.9750447273254395,-4.762906789779663,-4.61794900894165,-0.06525281464101353,-0.10084017855693003,-4047.392578125,-2662.3623046875,3267.4027099609375,2277.826416015625,-2374.338104510339,-2416.588627851039,5.575000000000012,25.39212968614366,-1.659263637330797,0.03028002940118313,0.2079389521231144,0.02997804237893698,0.020219902854209902,224,-0.36145880818367004,57.883749341885185,-18.271225502734943
2.7871113955974582,-4.990205526351929,-4.7693562507629395,-0.06786881281266315,-0.10738319084822642,-4298.0140380859375,-2724.0186157226562,2970.8956298828125,2243.4125366210938,-2292.653036761317,-2359.6429674506503,5.600000000000012,25.28386221991645,-1.7186252276102703,-0.19440753757953644,0.20631247642161896,0.03144393258759256,0.020883993280940184,225,-0.06406282633543015,58.48733097720751,-18.444543554962518
2.9019393742084505,-5.09099268913269,-4.90673828125,-0.07046881537301547,-0.0959378732342042,-4077.3758544921875,-2660.9384765625,3184.2725830078125,2228.63427734375,-2218.380646014243,-2303.5576540351226,5.625000000000012,25.174145168728298,-1.7769343323177762,-0.26257216930389404,0.19957121675430137,0.03027534270275229,0.021509944328028087,226,0.22686390578746796,59.11296525862004,-18.437079920447882
2.9570454835891726,-5.044442415237427,-5.032552003860474,-0.07274273882502282,-0.08969130406174725,-3929.714111328125,-2719.6961059570312,3374.3621826171875,2119.0994262695312,-2138.7738314390504,-2247.8417971015288,5.650000000000013,25.06855010986328,-1.826778252919515,0.015118087641894817,0.19602465184112922,0.02694687403810082,0.022088020893332616,227,0.5093239545822144,59.70929265430026,-18.255092077188863
2.5767061710357666,-5.25815749168396,-5.189371824264526,-0.07517879053076713,-0.10592217235183055,-4260.9107666015625,-2884.5149536132812,2942.994873046875,1868.86865234375,-2054.414776873623,-2194.864311444789,5.675000000000013,24.960094028049046,-1.8800128830803766,-0.05287684127688408,0.19634642827983803,0.02821579747671252,0.022610316717367594,228,0.7906469702720642,60.230171666196405,-17.91699630545017
2.6659955978393555,-5.356975793838501,-5.351130962371826,-0.07785212988963752,-0.0998703052221936,-4220.515380859375,-2816.0465087890625,3020.137451171875,1949.4842529296875,-1980.8399050474457,-2148.142595136192,5.7000000000000135,24.84692891438802,-1.9383039739396837,-0.11093916743993759,0.19354463301026337,0.02701119770080464,0.02289880364245043,229,1.0701978206634521,60.636654986230425,-17.45090529882412
3.3962964832782747,-5.288146495819092,-5.4578845500946045,-0.07991032064859163,-0.0672187310293856,-3600.3941650390625,-2389.625,3747.6785888671875,2528.8868408203125,-1905.3364687681499,-2099.405488812951,5.725000000000014,24.743133121066624,-1.981451114018758,0.02827109396457672,0.19238166385173938,0.023815119351249133,0.02305647734314533,230,1.3462282419204712,60.89999743581862,-16.894050172487404
3.100010496377945,-5.362882137298584,-5.541938304901123,-0.0816545080702686,-0.07762943968823646,-4058.093505859375,-2394.5238647460938,3155.615478515625,2585.5243530273438,-1811.6445040464798,-2036.1833177924507,5.750000000000014,24.644830491807724,-2.0168460739983454,-0.22951975464820862,0.19055322067107505,0.023409594818635724,0.023448611168902685,231,1.6212977170944214,61.002645379371145,-16.289102387351406
2.74171958565712,-5.502760171890259,-5.64963698387146,-0.08375193884340934,-0.08589213831918109,-4298.4140625,-2698.8265380859375,2864.14501953125,2228.1513671875,-1732.7541170835807,-1971.5452089667679,5.775000000000015,24.53721152411567,-2.059857315487332,-0.2779393196105957,0.1831310905815651,0.023406622689247304,0.02392461168245692,232,1.8891074657440186,60.94073722404426,-15.680796485160757
3.0345566034317017,-5.518165111541748,-5.765576362609863,-0.08572813753030264,-0.06984426248549985,-3811.9716796875,-2737.9594116210938,3490.31005859375,2119.2362670898438,-1661.1504915952953,-1915.8414247870753,5.800000000000015,24.42910936143663,-2.0994076463911266,0.011132389307022095,0.17973454486154847,0.02142061087791544,0.024238375751354888,233,2.148206949234009,60.72450486123969,-15.111248218986372
3.1414463162422184,-5.467962741851807,-5.865179777145386,-0.08731946782778746,-0.06665303816314994,-3718.140869140625,-2610.8572387695312,3543.6619873046875,2248.7203979492188,-1573.8927401304604,-1862.8605181098276,5.825000000000015,24.32868109809028,-2.129783365461561,0.019137613475322723,0.18198992605446615,0.019153023876767344,0.024511122978276432,234,2.4072299003601074,60.371921244442674,-14.617517531170222
2.7280992388725283,-5.605900764465332,-5.9689531326293945,-0.0892156634910591,-0.08067239251689622,-4302.1859130859375,-2593.41357421875,2833.558837890625,2213.5531616210938,-1485.301190447844,-1806.6425081610992,5.850000000000016,24.223011864556206,-2.16682407591078,-0.30480390787124634,0.17783912317946865,0.019373918525027206,0.02479232782225358,235,2.665985584259033,59.90725329831733,-14.231250355147013
3.070761871337891,-5.620170831680298,-6.058176279067993,-0.09102972560183702,-0.05974155672909506,-4008.406005859375,-2505.1688842773438,3296.202392578125,2365.781494140625,-1414.4622195005677,-1751.3036791205714,5.875000000000016,24.115606943766277,-2.201320860120985,-0.1251191347837448,0.17163031263784198,0.01742473479859005,0.024907865321076382,236,2.915803909301758,59.36283883719244,-13.974227099613175
3.468803691864014,-5.535179853439331,-6.115740776062012,-0.09218176747751325,-0.04157279349873437,-3523.37548828125,-2311.0587768554688,3772.1593017578125,2601.2843627929688,-1332.0571596861218,-1692.1591417670581,5.900000000000016,24.018883175320095,-2.2203959359063044,0.06063295528292656,0.17214233864692333,0.015024432909588136,0.025047296368304245,237,3.161324977874756,58.77448011890909,-13.858097376274786
2.933377885818482,-5.581207752227783,-6.180890798568726,-0.0934943064207588,-0.06212636755099058,-4231.68408203125,-2478.0513916015625,2899.83447265625,2500.0885620117188,-1237.753177142184,-1627.1270326972376,5.925000000000017,23.91874737209744,-2.242805427975125,-0.3098403811454773,0.16890917785978307,0.014338557617081546,0.025377753047691045,238,3.406708240509033,58.17787062909977,-13.887556337937978
2.9772684931755067,-5.619539976119995,-6.251810789108276,-0.09500254609223316,-0.05214654171175773,-4138.4986572265625,-2524.258544921875,3102.0986328125,2370.7467651367188,-1165.2573153257638,-1564.624818646943,5.950000000000017,23.812041812472874,-2.2690351804097495,-0.2468920350074768,0.1606537446651873,0.012996034184734682,0.025624147463388414,239,3.6425750255584717,57.607291404721636,-14.056921225497623
3.402981507778168,-5.577857732772827,-6.300957679748535,-0.09597393409983955,-0.029826053902991014,-3429.0703125,-2459.7041015625,3860.569580078125,2376.1439819335938,-1087.7048495054546,-1505.3561495185227,5.975000000000017,23.71309492323134,-2.2828525967068143,0.04618990421295166,0.15857170196972017,0.01128324761693409,0.02578276367343785,240,3.87025785446167,57.09245173812782,-14.351086433341354
2.786967116594315,-5.536098957061768,-6.359147787094116,-0.09700178112255564,-0.055766797124530205,-4182.396728515625,-2671.215576171875,2945.12841796875,2165.1996459960938,-991.1906100035143,-1445.9525499701829,6.000000000000018,23.6133787367079,-2.2977511088053384,-0.19865113496780396,0.1569640514881802,0.009406420208808976,0.026011835058482098,241,4.097036361694336,56.65846934814038,-14.751616374724357
2.769695109128952,-5.578031063079834,-6.441709995269775,-0.09846455564079529,-0.051764286549168884,-4280.974853515625,-2649.031494140625,2902.8929443359375,2171.5662231445312,-917.5623995542793,-1391.8225588202768,6.025000000000018,23.504174550374348,-2.321836683485243,-0.1512192189693451,0.15164938063779085,0.00816483630341127,0.02605259390672792,242,4.318056583404541,56.324959703318065,-15.236164894378716
3.47496680021286,-5.526334762573242,-6.482598543167114,-0.09932268440066766,-0.018433202643037952,-3594.351318359375,-2261.0328979492188,3749.6304931640625,2603.5482788085938,-844.9900759458801,-1337.5334032416636,6.0500000000000185,23.4033817715115,-2.3321607377794056,0.08628012239933014,0.15112958152727782,0.006456107025121008,0.02593118288934473,243,4.534243106842041,56.10475711214536,-15.779014927567813
3.2345588445663456,-5.4324164390563965,-6.4897472858428955,-0.09979879102454657,-0.026712306762416385,-3979.438720703125,-2254.72998046875,3231.7607421875,2676.2467651367188,-751.2493136167936,-1272.4446962714565,6.075000000000019,23.309964074028862,-2.33406040403578,-0.2850763201713562,0.1492720932459748,0.004522823007573721,0.026018867468235587,244,4.750545978546143,56.0061872449784,-16.35403697644237
2.833759367465973,-5.426870346069336,-6.511289358139038,-0.1006610809736222,-0.035174665493116694,-4354.6236572265625,-2480.690185546875,2751.7742919921875,2416.0614013671875,-670.4552950620964,-1205.5385271430398,6.100000000000019,23.206973605685764,-2.343961132897271,-0.3666445314884186,0.13918996457018007,0.00286278464939223,0.026203686686697883,245,4.957440376281738,56.03010076199707,-16.934841445710244
3.060431027412415,-5.3859288692474365,-6.550095319747925,-0.10137173718813144,-0.02087474295734136,-3898.324951171875,-2648.06201171875,3394.1234130859375,2181.1704711914062,-601.6609377622827,-1145.1369921088553,6.1250000000000195,23.102751837836372,-2.3500214682685003,0.07356520742177963,0.1355350422901553,0.001197123679355593,0.02624211734958449,246,5.152967929840088,56.16863936044851,-17.49710484157017
3.2103544354438784,-5.371943950653076,-6.575112819671631,-0.10179220871236291,-0.014204977722022104,-3857.771728515625,-2407.81201171875,3389.34423828125,2460.853271484375,-516.8078524351469,-1090.6077303290656,6.15000000000002,23.003631167941624,-2.3497115241156683,-0.1101217120885849,0.13657188580392882,0.0006905349141540912,0.026240923088283154,247,5.348627090454102,56.412452659605655,-18.019574231624606
2.98288865685463,-5.192248106002808,-6.573458671569824,-0.10219812439676143,-0.018070363589271467,-4262.8138427734375,-2381.7738037109375,2893.0838623046875,2523.2123413085938,-432.07424647811547,-1029.0863985419617,6.17500000000002,22.904383341471355,-2.3489684528774686,-0.29482895135879517,0.13022500700453837,-0.003214802400598502,0.026283288155561434,248,5.540340900421143,56.75069712151135,-18.483588295839187
3.1196966946125033,-5.174380540847778,-6.581000089645386,-0.10252107429082558,-0.007049061272235939,-3995.7696533203125,-2459.4152221679688,3249.039306640625,2412.6493530273438,-359.7471499204886,-966.006090009248,6.200000000000021,22.803221808539497,-2.3460359043545194,-0.047794926911592484,0.1260105046452175,-0.0041760448437601514,0.026296853632364024,249,5.723097324371338,57.16762317372019,-18.875142819860105
2.950745105743408,-5.189764976501465,-6.582200050354004,-0.10274223317459984,-0.010646746914918648,-4197.3482666015625,-2480.40185546875,3030.158935546875,2323.1575927734375,-278.52116725448025,-905.6898561835621,6.225000000000021,22.70263883802626,-2.340762085384793,-0.2673555612564087,0.12223206994726195,-0.004238012070531179,0.02630852992926834,250,5.9017205238342285,57.64602422822243,-19.184221485421098
2.9849561691284183,-4.996310234069824,-6.568342685699463,-0.10290025849578242,-0.0020852378385894173,-4200.452880859375,-2477.0608520507812,3024.937255859375,2375.8533325195312,-202.7671938658039,-847.6109163642244,6.250000000000021,22.60133955213759,-2.333926889631483,-0.21362435817718506,0.1155947151743495,-0.008187019863128114,0.026267987462861086,251,6.0719804763793945,58.168639189451284,-19.404776765587897
3.126767241954804,-4.9168174266815186,-6.5520734786987305,-0.10281153361959075,0.0078001101503411135,-4078.2015380859375,-2363.7356567382812,3157.6254272460938,2496.2177734375,-127.14376246931941,-788.2145830512372,6.275000000000022,22.501881917317707,-2.3216387960645886,-0.012629120610654354,0.1131776634585072,-0.009703231332818583,0.026198104451381727,252,6.235221862792969,58.71832080544636,-19.53500163770533
2.900808507204056,-4.914602518081665,-6.535400152206421,-0.10272007068090334,0.000713284460621159,-4360.148193359375,-2493.3958740234375,2840.7261962890625,2398.5411987304688,-48.2031267881699,-725.8091387153023,6.300000000000022,22.40105734931098,-2.309165530734592,-0.26870739459991455,0.10978512912488252,-0.009724827904783444,0.026161727335366924,253,6.395837783813477,59.27936259082274,-19.574678526362394
2.9905941486358643,-4.706170320510864,-6.503458499908447,-0.10255830861181624,0.012285926727051623,-4209.2418212890625,-2508.1723022460938,3056.8643798828125,2332.2060546875,22.815028119063427,-665.8456087470386,6.325000000000022,22.29922824435764,-2.2950233353508844,-0.22792933881282806,0.10303156065990172,-0.013583297615502683,0.02608828858771339,254,6.5482306480407715,59.83736748064932,-19.52655178231973
2.972746485471726,-4.604216575622559,-6.467783689498901,-0.10217684407517602,0.01580390010920825,-4208.62939453125,-2476.9600830078125,3021.5948486328125,2325.4596557617188,99.23663761612895,-607.5404573798496,6.350000000000023,22.19929377237956,-2.2761805852254233,-0.10599968582391739,0.09954236190108558,-0.015309740686119688,0.026006032280138168,255,6.692966938018799,60.379741965285305,-19.396762575300777
2.8086997985839846,-4.606091499328613,-6.4294819831848145,-0.1018480352267137,0.013368632787628735,-4521.023193359375,-2440.72607421875,2645.2322998046875,2400.64013671875,174.77650883195003,-549.4039659858065,6.375000000000023,22.096898820665146,-2.2583397229512534,-0.3039197027683258,0.09431140585508715,-0.015163523259449979,0.025910707757870143,256,6.832571029663086,60.895900454028165,-19.19215198959173
3.083570283651352,-4.372170448303223,-6.365164518356323,-0.10124149196606975,0.03407044816495339,-4277.775634765625,-2350.3916015625,3028.588134765625,2509.3428955078125,240.90731632707593,-489.3879625678395,6.4000000000000234,21.99657440185547,-2.2346059481302896,-0.20169831812381744,0.08752207613009365,-0.018997810479188863,0.025766603695167034,257,6.962576866149902,61.37766117208014,-18.920969013675514
3.025450670719147,-4.211466312408447,-6.293328046798706,-0.10030735492421083,0.03533254517267716,-4304.7083740234375,-2421.6614379882812,2934.5551147460938,2485.0499877929688,316.6220196962077,-426.6543901801467,6.425000000000024,21.898619333902996,-2.2039894262949624,-0.14412376284599304,0.08440262399912137,-0.021113712771202834,0.025702458963598955,258,7.085508823394775,61.81917839692865,-18.59228002947837
2.744711768627167,-4.211945056915283,-6.2248735427856445,-0.09953757653350183,0.029286539078032994,-4617.17333984375,-2474.5377807617188,2540.3299560546875,2361.8181762695312,389.9858975648622,-364.52814048532196,6.450000000000024,21.79657194349501,-2.1767716937594943,-0.4015074670314789,0.077308387296449,-0.020705470461891053,0.025688535624524885,259,7.202212810516357,62.21614343358897,-18.21452026587643
2.8451568245887757,-3.981693983078003,-6.144526720046997,-0.0986377443354345,0.043227773346272085,-4453.753173828125,-2563.6951904296875,2825.9580078125,2249.3346557617188,453.4941464662389,-305.48268607858074,6.4750000000000245,21.693714989556206,-2.1467860539754233,-0.24578824639320374,0.06873028300746573,-0.024372925723647333,0.025580866934485424,260,7.306375980377197,62.56714097209266,-17.796871133941124
2.9316272616386416,-3.8222678899765015,-6.0549867153167725,-0.09739631179329407,0.05200332190176031,-4446.0247802734375,-2400.3417358398438,2785.9239501953125,2439.2015380859375,524.1430966615445,-249.24931968453507,6.500000000000025,21.593367258707683,-2.1097897158728705,-0.11202125251293182,0.06536454257112076,-0.02624849853322767,0.025433662785825897,261,7.401994705200195,62.872847153808905,-17.348029457038837
2.719958865642548,-3.7857991456985474,-5.961348533630371,-0.09617680039587634,0.047978944277135914,-4716.7796630859375,-2474.983154296875,2432.214599609375,2401.6609497070312,593.7911954164283,-188.26928123239136,6.525000000000025,21.491497887505425,-2.0733804172939725,-0.34974732995033264,0.05945478421396397,-0.025949736591704714,0.02530293486581663,262,7.492220401763916,63.13377724278109,-16.874652328408057
2.849250960350037,-3.503688931465149,-5.844334602355957,-0.09476838765338794,0.06382539358624469,-4607.529296875,-2474.31298828125,2651.8585205078125,2403.209716796875,654.5965604066715,-128.22775748971463,6.550000000000026,21.389109293619793,-2.03310145272149,-0.3242342472076416,0.050608170869262656,-0.030006208428356468,0.025129352938797707,263,7.571034908294678,63.35214352754137,-16.38293179699176
2.746916258335114,-3.3636221885681152,-5.7186119556427,-0.09305037411179941,0.0660106504187092,-4597.85888671875,-2544.3297119140625,2581.4885864257812,2280.15087890625,720.8930234193614,-68.14751456979279,6.575000000000026,21.28874248928494,-1.9866624143388536,-0.21918733417987823,0.04478120353249371,-0.03118210952262684,0.024981963617218637,264,7.639010906219482,63.53221892848254,-15.878607578191485
2.347955024242401,-3.3337907791137695,-5.615301847457886,-0.09159308404092964,0.0537868700121108,-4872.9444580078125,-2767.463623046875,2155.3407592773438,1972.598876953125,785.4302380800077,-11.143742597133368,6.600000000000026,21.182804107666016,-1.9456422328948975,-0.32113873958587646,0.0376866505794419,-0.03071555178767208,0.024800388045740272,265,7.698497295379639,63.67827811912462,-15.366096225325217
2.625420778989792,-3.0405558347702026,-5.497356653213501,-0.08999968147122162,0.07530921884515378,-4764.4097900390625,-2591.67822265625,2412.62451171875,2208.7033081054688,839.3137570619523,38.17122932670269,6.625000000000027,21.076446109347874,-1.9020117653740778,-0.2661801278591156,0.03059738025608362,-0.03482316359933446,0.02443109290692495,266,7.747377872467041,63.79498187624636,-14.8488413449317
2.79354904294014,-2.8541035652160645,-5.334608316421509,-0.08782152362753784,0.0905647709650228,-4708.196533203125,-2396.7176513671875,2436.3289184570312,2486.6871948242188,899.6293698549142,93.38881202933311,6.650000000000027,20.97577624850803,-1.8468750847710504,-0.2583732604980469,0.025217753242231526,-0.03626465259450219,0.024061770720379804,267,7.787289142608643,63.88716248707883,-14.32933528634316
2.5537345588207248,-2.7971795797348022,-5.157943964004517,-0.08560023921895159,0.08927488553579974,-4942.540771484375,-2510.3010864257812,2108.5548706054688,2372.072265625,960.5375928163394,155.55599189993117,6.675000000000027,20.87307400173611,-1.791117058859931,-0.481824666261673,0.01522620741360772,-0.035529064614881686,0.023823014167464997,268,7.81698751449585,63.95969443290419,-13.809352660888592
2.2888794898986817,-2.5047175884246826,-4.9838948249816895,-0.08334078006061474,0.08833669549565686,-5009.35986328125,-2752.1627197265625,1920.1614990234375,2056.8469848632812,1013.2514645814848,214.85779854055923,6.700000000000028,20.76733907063802,-1.734784311718411,-0.4016473591327667,0.00391405851713679,-0.039178984105186825,0.02358969004705503,269,7.830509185791016,64.01948966306847,-13.290434543875131
2.2249611169099808,-2.368484139442444,-4.835072040557861,-0.08106765555693442,0.09240464077123926,-4935.964111328125,-2876.455322265625,2036.2149047851562,1823.1255493164062,1061.255502057076,266.27897316214995,6.725000000000028,20.65895716349284,-1.678451829486423,-0.1612497866153717,-0.0023507423856655454,-0.039971372317431676,0.023230450421949357,270,7.830846786499023,64.07420996103012,-12.77374074280755
2.0888040870428086,-2.318025827407837,-4.681814432144165,-0.0788154035782976,0.092785481129499,-5114.299560546875,-2831.6529541015625,1766.6883544921875,1841.82666015625,1112.1608746767017,311.85711189506657,6.750000000000028,20.548816257052952,-1.6229250695970323,-0.35599949955940247,-0.008918874475810329,-0.039112465415178294,0.022716820274430147,271,7.823543548583984,64.12925302656264,-12.259934386864323
2.393979734182358,-1.971843421459198,-4.469475030899048,-0.07613389996621044,0.1198834697938131,-5087.213134765625,-2540.1343994140625,1873.4808349609375,2274.8026123046875,1156.3280835390142,357.90277839897226,6.775000000000029,20.44167200724284,-1.5593180391523573,-0.46503394842147827,-0.019416431314522198,-0.043174225083010075,0.02210158845072981,272,7.803751468658447,64.18964367075755,-11.749590579827833
2.3122912406921388,-1.7875310778617859,-4.223517417907715,-0.07291032655899446,0.1269503508386633,-5075.655029296875,-2614.693359375,1758.6321716308594,2238.5145263671875,1203.1651044130347,414.77284370657713,6.800000000000029,20.337751176622177,-1.485465235180325,-0.3740994334220886,-0.0289019161987875,-0.04376940621653456,0.021612457304644724,273,7.768834114074707,64.26206128430445,-11.243648865807632
1.851488345861435,-1.7490734457969666,-4.006080508232117,-0.0699376978278696,0.11518631942118585,-5297.046875,-2874.7523193359375,1267.8721313476562,1885.8792114257812,1247.1309087038094,470.73570686575783,6.8250000000000295,20.2279535929362,-1.4170075787438288,-0.4770059883594513,-0.03983734873557344,-0.042207853388988185,0.021220791612672735,274,7.719976902008057,64.35351804552111,-10.743711024109752
1.9179714679718018,-1.4287026524543762,-3.782599449157715,-0.06685066552197984,0.130543729130372,-5259.3291015625,-2903.5496826171875,1415.4006958007812,1844.994384765625,1278.8277119875152,517.8826871514127,6.85000000000003,20.116091834174263,-1.346781121359931,-0.431857168674469,-0.05080684684777177,-0.04558690338899975,0.020705692565364777,275,7.654994964599609,64.47106199705843,-10.252333394823152
1.9169271975755693,-1.2420449256896973,-3.531529188156128,-0.06336001450813174,0.14184047564508143,-5189.902587890625,-2870.7191162109375,1447.8585205078125,1810.1533203125,1314.2127293825304,564.0075467705545,6.87500000000003,20.005883110894096,-1.2692720360226102,-0.36675453186035156,-0.060458263312705825,-0.04621299383592596,0.020124984047889195,276,7.575105667114258,64.62136242510637,-9.773127289618357
1.453513115644455,-1.208206832408905,-3.2961119413375854,-0.06000088204024153,0.1291072782950321,-5403.13134765625,-3042.964111328125,969.8235473632812,1442.4816284179688,1350.4091923952246,609.2613797783681,6.9000000000000306,19.892724355061848,-1.195015377468533,-0.4059979319572449,-0.07048173170430236,-0.044205232528926025,0.019511787045709245,277,7.481568336486816,64.80984631148482,-9.31090404873604
1.465876716375351,-0.9030261635780334,-3.0639244318008423,-0.05665406253120373,0.14000803772278198,-5394.08251953125,-3026.9937744140625,936.6505126953125,1485.3095092773438,1374.654781079321,645.3234204888284,6.925000000000031,19.777565002441406,-1.1216798093583848,-0.3879590630531311,-0.07972444032688251,-0.04702033736216729,0.018713523234309408,278,7.374016761779785,65.04082814557893,-8.871913043418393
1.7025119513273241,-0.6834109127521515,-2.7811113595962524,-0.05282397499166823,0.16369863660801579,-5300.653564453125,-2897.8602294921875,1061.2687377929688,1794.1115112304688,1398.0710438967049,682.4561582207607,6.950000000000031,19.664459228515625,-1.0397220982445612,-0.3784934878349304,-0.08965603382206051,-0.04792012586774799,0.01782442898498106,279,7.252627849578857,65.31720150023206,-8.4637694586684
