AY,Alphaf,Alphar,Beta,BetaR,Fxf,Fxr,Fyf,Fyr,Myf,Myr,Time,Vx,Vy,YawAcc,YawR,delta,phi,t,yaw,global_x_m,global_y_m
1.2871224373353359e-17,0.0,0.0,-0.0,-0.0,1.374053716659546,0.2894238531589508,0.0,0.0,0.0,0.0,0.0,25.0,-0.0,4.644425269029183e-19,0.0,0.0,0.0,1,0.0,0.0,0.0
0.03188459184020758,-0.066767118871212,0.00027340278029441833,7.950196300444395e-06,0.0011059309578920703,-67.75171279907227,-59.53139877319336,58.65119934082031,-0.18134307861328125,0.0,0.0,0.025,24.994195302327473,0.0001987087630873753,0.021480433642864227,0.00014828708189502845,0.0011273400162684602,2.1719238661723207e-06,2,4.549678124021739e-05,0.6249274408427301,1.669830248043335e-05
0.16869077682495118,-0.21864431537687778,0.0014161169528961182,8.176366991202763e-05,0.005036776752572067,-86.98131942749023,-80.15140533447266,310.9045944213867,-1.5857620239257812,1.4662799835205078,-0.004533576965332031,0.05,24.987865024142796,0.002043099504792028,0.1125580221414566,0.001680163624670097,0.003954388860422549,3.412919609419918e-05,3,0.0010813046246767044,1.2497029842702077,0.00039667894316701457
0.3780606754124165,-0.4001769572496414,0.0011043213307857513,0.00026081040056195653,0.008962842641229155,-111.44230270385742,-106.72842788696289,695.8276977539062,-2.4378738403320312,9.238894844055176,-0.04417762756347657,0.07500000000000001,24.980873531765408,0.006515271961688995,0.25059249997138977,0.0061593662512163675,0.007658365741990573,0.000168296842873954,4,0.006280050612986088,1.8743053369378821,0.0028024020615648394
0.6073212526738644,-0.5770633965730667,-0.0063899606466293335,0.0005072884626641702,0.010089839359388349,-137.1512451171875,-135.5877799987793,1108.2401123046875,5.991241455078125,26.634587287902832,-0.10512447357177734,0.1,24.97307671440972,0.012668554360667864,0.39473944902420044,0.01425898579669107,0.01163341480927938,0.0004906673401054777,5,0.020468594506382942,2.498654414590562,0.011392267705078132
0.8161777049303055,-0.7242179811000824,-0.027775593101978302,0.0007307749791397145,0.0071422963573752815,-161.41606903076172,-164.39137268066406,1460.8344116210938,37.089874267578125,54.34059009552002,0.0446565628051758,0.125,24.96443854437934,0.01824339023894734,0.5073495507240295,0.02562992943578633,0.015280534859548035,0.0010564191781943769,6,0.04869880527257919,3.122423664809991,0.03335818775135825
1.0002055734395983,-0.8537261486053467,-0.06736041326075792,0.0008351840276242434,0.0009224063894206352,-182.75379943847656,-190.17617797851562,1733.2745361328125,102.96155548095703,90.86145038604737,0.971903419494629,0.15,24.954980214436848,0.02084200580914815,0.5762023329734802,0.03926673734369954,0.018601486856052486,0.0018679968444871712,7,0.09497152268886566,3.744604918832066,0.07861667546480405
1.1767276480793953,-0.9805175364017487,-0.12577434070408344,0.0007610226634581301,-0.006855779235231536,-199.8487319946289,-211.47956085205078,1952.5225830078125,208.2761836051941,134.1933137893677,3.545942306518558,0.175,24.944814046223957,0.01898357230756018,0.6087828278541565,0.054148573061224795,0.021722146252042364,0.002887569862621243,8,0.16177880764007568,4.362812187905003,0.15891538915931278
1.3597136557102205,-1.117906391620636,-0.20085062086582184,0.00048756273535765696,-0.01484754231700398,-210.38806915283203,-226.93545532226562,2144.7022094726562,352.4072151184082,183.006378364563,8.752846896648414,0.19999999999999998,24.934065077039932,0.012156921956274245,0.6147399544715881,0.0694956879883221,0.024813310618810962,0.004065232440296217,9,0.2503184974193573,4.9724369754426005,0.2867273440346372
1.5528468728065492,-1.2767072319984436,-0.28908659517765045,2.006772910781652e-05,-0.022333514411567484,-214.73068237304688,-235.1160888671875,2323.4404296875,528.4650726318359,236.62393360137943,17.563027274608622,0.22499999999999998,24.922892252604168,0.0005001458339393139,0.6022659540176392,0.0847437582900037,0.028054606530843573,0.005360468378611686,10,0.3608298599720001,5.565833639939424,0.47407450735194867
1.7470978140830995,-1.4546210169792175,-0.3873727172613144,-0.0006280854120562655,-0.029274604787398077,-212.64773559570312,-238.22091674804688,2484.3308715820312,724.2544860839844,294.7099443435669,30.774654090404525,0.24999999999999997,24.911429087320965,-0.01564650692873531,0.5743736624717712,0.09949388404686772,0.031411793642781266,0.006748150076489505,11,0.4928765594959259,6.13172795711436,0.7312354111177295
1.9313225328922272,-1.646715223789215,-0.4928603172302246,-0.0014420703913217204,-0.03568023333655461,-205.5513916015625,-234.25091552734375,2615.126220703125,931.5690307617188,356.8182161331177,48.881016242504145,0.27499999999999997,24.899813334147137,-0.03590730743275748,0.530083417892456,0.1133158648743255,0.03479186521474222,0.008211769836286062,12,0.6454381346702576,6.655055889031464,1.065274399712219
2.100604882836342,-1.8490654230117798,-0.6036344766616821,-0.0024089288144432237,-0.04142185052157572,-194.07118225097656,-225.85198974609375,2713.9854736328125,1143.1855773925781,422.1963716506958,72.17024201154713,0.3,24.888159434000652,-0.05995391971535153,0.47284579277038574,0.12587637287244,0.038114483247373925,0.009734341683673696,13,0.8169403672218323,7.117443519383768,1.4784439505841984
2.2472844958305362,-2.058494448661804,-0.7180392444133759,-0.0035126551222805476,-0.046578749883323924,-179.3396987915039,-213.30612182617188,2782.026123046875,1343.9449768066406,490.04600849151615,100.7498814463616,0.325,24.876562754313152,-0.08738314112027486,0.40985405445098877,0.13693833676992373,0.04132108732501905,0.011293401958887318,14,1.0053787231445312,7.498448486467077,1.9667174890919075
2.3727892667055133,-2.274620771408081,-0.8344173729419708,-0.004734059600711423,-0.05094531457969908,-162.5017967224121,-198.55408477783203,2825.570556640625,1530.1578979492188,559.596661567688,134.3485058665276,0.35000000000000003,24.86509746975369,-0.11771374278598362,0.34526047110557556,0.14636863180178636,0.044411396567406385,0.012860719073777487,15,1.208497166633606,7.777507832242699,2.518809046671172
2.4791367650032043,-2.4974740743637085,-0.9517090916633606,-0.006053332388385133,-0.0544639204626146,-144.31015396118164,-181.49462127685547,2850.55615234375,1699.6068725585938,630.2359254837036,172.60245331525806,0.37500000000000006,24.853812323676216,-0.15045021971066794,0.2818564772605896,0.15418459348224858,0.04740592563730794,0.014405232871833852,16,1.4239693880081177,7.93635569968132,3.115979368415964
2.567978459596634,-2.726484537124634,-1.0688040256500244,-0.007450632675106262,-0.05715390041710877,-125.56330871582031,-164.1268081665039,2862.612060546875,1849.7295532226562,701.4998292922974,215.09262512922288,0.4000000000000001,24.842728508843315,-0.18509747253523934,0.22242064774036407,0.16047143464381458,0.0503205432297503,0.015896322202007006,17,1.6495332717895508,7.961548786463575,3.7327881460407717
2.638886916637421,-2.960507392883301,-1.1848766207695007,-0.008907392714501264,-0.05917244336533433,-107.10630989074707,-146.89803314208984,2863.4149169921875,1978.1119384765625,773.0651308059693,261.33586395978926,0.4250000000000001,24.83184602525499,-0.2211928533183204,0.16846519708633423,0.1653587513630303,0.0531643935580076,0.017306547142393425,18,1.8830815553665161,7.8466963832525005,4.338776980445809
2.693291199207306,-3.197757363319397,-1.298918902873993,-0.010406366457917274,-0.060588570952605565,-89.55923843383789,-130.41341400146484,2857.2054443359375,2083.1774291992188,844.650503730774,310.7886624217033,0.4500000000000001,24.821158515082466,-0.25830739074283177,0.12188616394996643,0.16898323038284407,0.05593587040304741,0.018613117900024217,19,2.1227011680603027,7.59403729519647,4.90090340698388
2.73563124537468,-3.4357340335845947,-1.410301387310028,-0.011931736705044093,-0.06137772384024488,-73.05762767791748,-114.97000503540039,2846.6031494140625,2170.4591064453125,916.0806398391724,362.86809815168374,0.47500000000000014,24.810634189181858,-0.2960480252901713,0.08136820048093796,0.17150106610118906,0.058620840285740876,0.01979931689727533,20,2.3667004108428955,7.215112124726766,5.386420194441582
2.7684777915477756,-3.6724743843078613,-1.5182701349258423,-0.013469713274862153,-0.061605548949122756,-53.515663623809814,-94.70551681518555,2833.3013916015625,2242.7216186523438,987.245718574524,417.12957581281654,0.5000000000000001,24.800311194525825,-0.3340733051300049,0.046616919338703156,0.17308028733809241,0.061213827081096524,0.02085547873192492,21,2.6136178970336914,6.730425713689561,5.765827938715105
2.7926895022392273,-3.906014561653137,-1.622481107711792,-0.015008266169384865,-0.06139385260959668,-31.902244567871094,-71.83002471923828,2818.157958984375,2300.7332153320312,1058.078253364563,473.1976162791251,0.5250000000000001,24.79032940334744,-0.3720877899063958,0.01730070821940899,0.17387544066056282,0.06370603195454409,0.021779027627856173,22,2.8622167110443115,6.168157259081869,6.015532239403944
2.8089299440383915,-4.134925365447998,-1.7224266529083252,-0.016536740663657307,-0.06082863411893019,-10.57468318939209,-47.90229642391205,2801.7200927734375,2345.3121948242188,1128.5322023391723,530.7159466624258,0.5500000000000002,24.780648549397785,-0.40982849068111843,-0.00649540638551116,0.1739992610064947,0.06609374520590887,0.022573446500432207,23,3.1114511489868164,5.56211240980763,6.119909670720027
2.821083551645279,-4.357935667037964,-1.8178414106369019,-0.018045500483782055,-0.059862010672961506,28.919323444366455,0.8156566619873047,2784.516845703125,2381.7335205078125,1198.5752046585083,589.3487515330313,0.5750000000000002,24.771643744574654,-0.44706523418426514,-0.026009535416960716,0.17357898089696658,0.06837481133918359,0.023247157596600402,24,3.3604543209075928,4.949177036546158,6.072590565886201
2.8287688910961153,-4.574045181274414,-1.908567190170288,-0.019526888001327836,-0.05861861404951714,81.78127861022949,67.16163158416748,2765.5972900390625,2410.4940795898438,1268.1881258010865,648.8920895457267,0.6000000000000002,24.763844807942707,-0.48362228605482316,-0.04239186644554138,0.172721626118286,0.07054681062284657,0.0238123864902399,25,3.6085174083709717,4.366570401210942,5.876873249335251
2.8315338492393494,-4.782562255859375,-1.9944722652435303,-0.020974255716542455,-0.057174506626043266,143.72472763061523,146.1807746887207,2744.14697265625,2431.8357543945312,1337.328058052063,709.1544415354728,0.6250000000000002,24.75762685139974,-0.5193489127688937,-0.05624287948012352,0.17148390535691485,0.07260778313678305,0.024282944168316282,26,3.8550450801849365,3.8491948594518863,5.545307006293848
2.8309281110763553,-4.9829652309417725,-2.075667381286621,-0.022382911888599248,-0.05552023834185931,210.6339340209961,232.79405212402344,2719.90625,2449.1417846679688,1405.9317323684693,769.9503353953361,0.6500000000000002,24.75323994954427,-0.5541421638594733,-0.06927023082971573,0.16991242393192954,0.07455480772617237,0.02467224838541543,27,4.099523067474365,3.427307305738623,5.098564898937026
2.8259747266769413,-5.174798250198364,-2.1521717309951782,-0.02374843525396977,-0.053731692643275715,278.62257385253906,322.08436584472656,2693.3173828125,2460.4898681640625,1473.9293886184694,831.1788800120353,0.6750000000000003,24.750817616780598,-0.587903724776374,-0.08067530393600464,0.16803572760126434,0.0763845200695437,0.02499222927098305,28,4.341485023498535,3.1246727625044093,4.563763094494087
2.8179996609687805,-5.3576250076293945,-2.2240840196609497,-0.025067369945020717,-0.05179764680301133,344.72776794433594,410.37298583984375,2665.2926025390625,2467.6619873046875,1541.262323188782,892.6911267161369,0.7000000000000003,24.750376807318794,-0.6205568048689101,-0.09094429761171341,0.16588735554989742,0.07809302945499201,0.02525245547959202,29,4.5805182456970215,2.9573149163868657,3.972406062527469
2.807074469327927,-5.530990123748779,-2.2915395498275757,-0.02633660547282266,-0.049756221475357104,407.1629943847656,495.08984375,2636.8536376953125,2469.95751953125,1607.8946382522586,954.382676398754,0.7250000000000003,24.751866658528645,-0.6520309050877889,-0.09943220019340515,0.16350547420520098,0.07967643684823383,0.025460392184672963,30,4.816263675689697,2.9329197566872987,3.3581567157775307
2.794460278749466,-5.694525480270386,-2.354637861251831,-0.027553353840609425,-0.04760239826613393,464.44683837890625,573.9890441894531,2609.01318359375,2468.8472900390625,1673.8159791946414,1016.1316143870353,0.7500000000000003,24.755176968044704,-0.6822608576880561,-0.10639002919197083,0.16092996440449897,0.08113285723056012,0.025621877534678043,31,5.048421382904053,3.0508788069218493,2.75463597085223
2.774698144197464,-5.848050594329834,-2.4138633012771606,-0.028717277992055548,-0.045601311506616,536.5054321289062,678.0409851074219,2578.2222900390625,2456.1719970703125,1739.0413087844852,1077.8527966380118,0.7750000000000004,24.760456085205078,-0.7112484508090549,-0.1075378805398941,0.1582451318410492,0.08246309371148709,0.025741817571677886,32,5.276766777038574,3.3029031227129297,2.1934274179625755
2.748563784360886,-5.991562604904175,-2.4701110124588013,-0.029834677967614746,-0.04385637090969325,617.3567199707031,792.6803894042969,2543.5070190429688,2434.8424682617188,1803.4968660354618,1139.2570965647697,0.8000000000000004,24.768252902560764,-0.7391722334755791,-0.10621494054794312,0.15557216698920712,0.08366472031770925,0.025822471821409853,33,5.5012383460998535,3.674108727733764,1.7024422986722902
2.718905979394913,-6.125131130218506,-2.5239272117614746,-0.030911021569900093,-0.042304397139692765,693.7396850585938,900.9613647460938,2506.886962890625,2409.2326049804688,1867.0845415115361,1200.1281582713127,0.8250000000000004,24.778597089979385,-0.7661757866541544,-0.10428186506032944,0.15294099712172246,0.08473470770348664,0.025863700884035643,34,5.7218756675720215,4.144383449985972,1.3047439142494133
2.688516849279404,-6.248668909072876,-2.5753302574157715,-0.03194990406638319,-0.04084396120978534,761.9662170410156,998.35546875,2470.1061401367188,2383.0950317382812,1929.756715583802,1260.3589733958245,0.8500000000000004,24.791289435492622,-0.7923489809036255,-0.10275573283433914,0.15035355303038553,0.08566949805205046,0.025865625434042146,35,5.938745021820068,4.689837404965613,1.0178035815320952
2.6603657960891725,-6.361964464187622,-2.6243029832839966,-0.03295235327079724,-0.03935516677545778,817.5953674316406,1077.8925170898438,2436.162353515625,2359.3414306640625,1991.50936908722,1319.9363491892816,0.8750000000000004,24.806009928385418,-0.8177124129401313,-0.10221032053232193,0.14779562009287806,0.08646593302079547,0.025830130490138433,36,6.151907920837402,5.284251630522126,0.8531175675972543
2.6377452433109285,-6.4645867347717285,-2.6704214811325073,-0.03391529198372645,-0.03767548610880959,858.4049072265625,1136.5386962890625,2407.9039306640625,2341.4276733398438,2052.4134279251107,1378.9198849558832,0.9000000000000005,24.82229444715712,-0.8421782652537028,-0.10308291018009186,0.145231062542159,0.08712062956289943,0.025761878664826748,37,6.361393928527832,5.900473443817443,0.8161417671705739
2.621659886837006,-6.556023836135864,-2.7131959199905396,-0.03483318582353048,-0.0357402876191359,885.2437438964844,1174.9006958007812,2386.8524780273438,2329.6547241210938,2112.6110261917124,1437.4555767893792,0.9250000000000005,24.839672512478298,-0.8655950095918443,-0.10482058674097061,0.1426349132430089,0.0876312698959761,0.025668763734025647,38,6.567190170288086,6.511715677867658,0.9065036263856688
2.6136115133762363,-6.635688781738281,-2.7521175146102905,-0.03569839276623759,-0.033462157204844065,897.8933410644531,1192.4161376953125,2374.2002563476562,2325.6484985351562,2172.282338142396,1495.6969448924065,0.9500000000000005,24.85767152574327,-0.8877560165193346,-0.10767430812120438,0.139980174399877,0.08799526992153028,0.025560949402364072,39,6.769248008728027,7.092722003358341,1.118459826364113
2.6122569262981417,-6.703248023986816,-2.7866859436035156,-0.03650248432311658,-0.030869259875056287,899.3902587890625,1193.664306640625,2369.1361694335938,2327.4989013671875,2231.637344551087,1553.8381573557854,0.9750000000000005,24.87585915459527,-0.9084341261121962,-0.11070237308740616,0.13724947720902905,0.08821452714183867,0.02544987269836715,40,6.9674811363220215,7.620759604275156,1.441560882750217
2.6160730183124543,-6.758377313613892,-2.8166720867156982,-0.03723839895608953,-0.028019117828723666,892.3349914550781,1182.2182006835938,2370.3187255859375,2333.5244140625,2290.865748786927,1612.025629889965,1.0000000000000004,24.893921746148003,-0.9274384710523818,-0.11353185772895813,0.13444605907566512,0.08828912894187452,0.025346331908017314,41,7.16179084777832,8.076404374225014,1.8614791880580703
2.624212807416916,-6.80089259147644,-2.8419779539108276,-0.03790010294081175,-0.024942640379247934,877.9091491699219,1159.7769775390625,2376.5719604492188,2343.2372436523438,2350.123716926575,1670.3637402415277,1.0250000000000004,24.91159227159288,-0.9446042776107788,-0.11640093475580215,0.13157166769925055,0.08821975775666716,0.025258863710965022,42,7.352079391479492,8.444089905988713,2.360947177899895
2.6355454266071323,-6.830658197402954,-2.8623883724212646,-0.03848241559672519,-0.02167926103611368,857.3764343261719,1128.4054565429688,2386.6507568359375,2355.68505859375,2409.5380159378055,1728.9446713328364,1.0500000000000003,24.92865668402778,-0.9597887595494589,-0.11928800493478775,0.12862513794680847,0.08800687131702895,0.025193212628905365,43,7.538246154785156,8.712414999018561,2.920736393834553
2.648970675468445,-6.847699880599976,-2.8779126405715942,-0.03898120902414021,-0.018269416155403475,832.0855407714844,1090.1447143554688,2399.3948364257812,2369.8704833984375,2469.204284858704,1787.8367977976802,1.0750000000000002,24.944945441351997,-0.9728769461313883,-0.12213204056024551,0.12560714393098982,0.0876529205634006,0.025152262365956194,44,7.720186233520508,8.874225446895466,3.520618741633937
2.6638901174068454,-6.851907730102539,-2.8884390592575073,-0.03939312098218061,-0.01473470022848758,802.6470642089844,1045.9169311523438,2414.0912475585938,2385.337646484375,2529.1891557693484,1847.083559882641,1.1,24.960320790608723,-0.9837738672892252,-0.12501201033592224,0.12251754417136163,0.08715766830799754,0.02513631252774014,45,7.897796630859375,8.926491641706363,4.140264786168602
2.6835871219635012,-6.8431315422058105,-2.8936281204223633,-0.03971409431137321,-0.01094353229157006,762.1391296386719,984.3462524414062,2432.6432495117188,2406.828125,2589.541436958313,1906.7170010447505,1.125,24.97458775838216,-0.9923649496502347,-0.13026833534240723,0.1193360403869905,0.08652101884346808,0.02514386924733324,46,8.070964813232422,8.870016595012787,4.760040594677819
2.709017610549927,-6.82091498374939,-2.8927074670791626,-0.039935311451796324,-0.006793602226007942,704.8438720703125,899.0998229980469,2456.6549682617188,2434.9642333984375,2650.357518196106,1966.8877041697506,1.15,24.987210167778862,-0.9984028339385986,-0.13728033006191254,0.1159907521955795,0.08574172797424046,0.025174012901921575,47,8.239509582519531,8.709031258426192,5.361680670204218
2.735061138868332,-6.785098552703857,-2.885256767272949,-0.04005023933640085,-0.002472851702611906,638.5053100585938,801.99951171875,2483.4338989257812,2462.2942504882812,2711.773892402649,2027.7618100047116,1.1749999999999998,24.997793833414715,-1.0017032093471951,-0.1428341120481491,0.11248455081767887,0.08482386534335544,0.02522726155956095,48,8.403193473815918,8.45070478483264,5.928843487584949
2.758894044160843,-6.7357330322265625,-2.871583104133606,-0.040056626761827835,0.0018672530319170904,568.3960266113281,700.5048217773438,2511.0862426757812,2485.0165405273438,2773.8597398757934,2089.3191662669187,1.1999999999999997,25.006158616807724,-1.0021985239452786,-0.14576803147792816,0.10887108230449688,0.0837716171071515,0.025302810030140534,49,8.5618257522583,8.104550541592115,6.447529345180902
2.778626388311386,-6.672913551330566,-2.8521270751953125,-0.039955705440081445,0.006093232991357785,499.2623596191406,601.9142761230469,2537.9976806640625,2500.8236083984375,2836.6368959426877,2151.4445797801022,1.2249999999999996,25.01228968302409,-0.9999158647325304,-0.1454714834690094,0.10522383325736293,0.0825872178242308,0.0253971649953242,50,8.715304374694824,7.681762182167307,6.906316211802652
2.7938016772270204,-6.596909046173096,-2.8273569345474243,-0.039751553336580855,0.010123482574096615,436.3327178955078,513.7318115234375,2562.697021484375,2509.8731079101562,2900.0868379592894,2213.9651699900633,1.2499999999999996,25.01635021633572,-0.9949629836612277,-0.142415851354599,0.10162098409902763,0.08127385912671221,0.025504276086010427,51,8.863633155822754,7.194560981699676,7.296409789737778
2.805217534303665,-6.507977247238159,-2.7977579832077026,-0.0394493344871273,0.013940721401669789,381.3821563720703,438.1415557861328,2584.682373046875,2513.97607421875,2964.154263496399,2276.711997687817,1.2749999999999995,25.018609364827473,-0.9874798191918267,-0.13766330480575562,0.09811705473043197,0.07983338858260197,0.025616703095903803,52,9.006906509399414,6.655615080670343,7.611540300368184
2.8135944783687594,-6.406435012817383,-2.7637020349502563,-0.039054487566009426,0.017542283712243974,336.0843200683594,377.0849304199219,2603.7110595703125,2514.5668334960938,3028.7713228225707,2339.561399543286,1.2999999999999994,25.01938925849067,-0.9776164425743951,-0.13196590542793274,0.09474630006109709,0.07826843606347655,0.02572731166611536,53,9.145282745361328,6.07756564331595,7.847755978964841
2.820056074857712,-6.292518377304077,-2.725273609161377,-0.038571993516703526,0.020958590919786826,299.76226806640625,329.16453552246094,2620.0865478515625,2513.4852294921875,3093.8640993118283,2402.4255703806884,1.3249999999999993,25.01901626586914,-0.965512129995558,-0.1261640042066574,0.09151958911722187,0.07658015837993444,0.025830486271815313,54,9.278946876525879,5.472666143704959,8.003164560872058
2.8252761125564576,-6.166496276855469,-2.682611584663391,-0.03800620494311619,0.02421525202295243,272.9105224609375,294.9155578613281,2634.0732421875,2511.691650390625,3159.3662630081176,2465.262701117993,1.3499999999999992,25.017804039849175,-0.9512897994783189,-0.12054964900016785,0.08843624778615537,0.07477046551781995,0.025922839704992217,55,9.408096313476562,4.8525211053087,8.077656709066153
2.829626387357712,-6.028718948364258,-2.63582181930542,-0.03736081698125991,0.02732966495379958,255.56314086914062,273.9051513671875,2646.0552978515625,2509.5242309570312,3225.218094062805,2528.0549923777585,1.3749999999999991,25.016074710422092,-0.9350560771094428,-0.11519086360931396,0.08548981790225418,0.07284275716871211,0.02600318810731775,56,9.532920837402344,4.22790467154497,8.072632079950939
2.8334059715270996,-5.8794264793396,-2.5849872827529907,-0.036639225161524534,0.03031471067350693,246.40713500976562,263.90746307373047,2656.49951171875,2507.2151489257812,3291.369476509094,2590.7930981516843,1.399999999999999,25.014127095540363,-0.9169085820515951,-0.11015447974205017,0.08267320879911594,0.07079824423866907,0.02607201209614488,57,9.653603553771973,3.608642906487445,7.990738451186299
2.836841505765915,-5.718956232070923,-2.5302159786224365,-0.03584460447127214,0.0331791360017797,243.7130584716797,262.3294677734375,2665.861328125,2504.8982543945312,3357.781964302063,2653.473476874829,1.424999999999999,25.01219431559245,-0.8969364563624064,-0.10542596876621246,0.07997935477747353,0.06863960653353773,0.026130807618992183,58,9.770319938659668,3.0035472350979657,7.835626946352442
2.84000483751297,-5.547691822052002,-2.471709370613098,-0.034979809486296164,0.0359272997843083,245.8185577392578,266.79187774658203,2674.563720703125,2502.4424438476562,3424.428497505188,2716.0959332346924,1.4499999999999988,25.01045862833659,-0.8752181132634481,-0.10086753964424133,0.07740042447924646,0.06637036441938404,0.026181520031812178,59,9.883234977722168,2.4203884504032445,7.611729571776788
2.842647129297257,-5.365916013717651,-2.4096599817276,-0.034047971501472034,0.03854298586676768,251.201416015625,275.1665954589844,2683.0208740234375,2499.11767578125,3491.2925905227657,2778.6569943308837,1.4749999999999988,25.00904295179579,-0.8518364032109579,-0.09607010334730148,0.07493796586681832,0.06399214908237567,0.02622609469055738,60,9.992513656616211,1.8659031310635152,7.324058525957658
2.8451947927474976,-5.174137830734253,-2.344310760498047,-0.03305235913091892,0.041032912489126466,258.5133285522461,285.60157775878906,2691.5986328125,2495.4537353515625,3558.368112373352,2841.134936225415,1.4999999999999987,25.008023579915363,-0.826875302526686,-0.09115326404571533,0.0725970888805307,0.061510561483180196,0.02626606915463839,61,10.098325729370117,1.3458271161486945,6.978026645094245
2.847032451629639,-4.972608327865601,-2.2759639024734497,-0.03199644696762153,0.04336034051190918,266.62745666503906,296.5080871582031,2700.6494140625,2490.0590209960938,3625.658078193664,2903.521279609204,1.5249999999999986,25.00744077894423,-0.8004224300384521,-0.08541648089885712,0.07038787192063388,0.05892683749499098,0.02630262520178893,62,10.200852394104004,0.8649508735642251,6.57929117733576
2.848649311065674,-4.761827707290649,-2.2049505710601807,-0.030884546003594422,0.04552096726547967,274.6429138183594,306.73126220703125,2710.4356689453125,2483.6297607421875,3693.1743135452266,2965.7727551341063,1.5499999999999985,25.007296668158638,-0.7725846105151706,-0.07908317446708679,0.06833121247930656,0.056246132831230845,0.026336378688011083,63,10.300300598144531,0.42719425847153375,6.133619850764275
2.849529588222504,-4.542141675949097,-2.1316195726394653,-0.029721002600960396,0.047478095222254484,281.82655334472656,315.3150939941406,2721.0797119140625,2475.143310546875,3760.9352052688596,3027.863499152661,1.5749999999999984,25.00756581624349,-0.7434688011805216,-0.07167117297649384,0.06644310200665683,0.05347101078444899,0.02636761465476527,64,10.396902084350586,0.03569550694056611,5.6467819095928515
2.849832457304001,-4.314084768295288,-2.0564286708831787,-0.028511613296279575,0.049204002539761565,287.4868469238281,321.3612518310547,2732.6932373046875,2464.8104248046875,3828.962198066711,3089.742081916333,1.5999999999999983,25.00820583767361,-0.7132175233629015,-0.06324095278978348,0.06475649712117443,0.05060650431298676,0.026396247797672825,65,10.490924835205078,-0.3070904680995105,5.124465299921648
2.8492097795009617,-4.078119874000549,-1.9797638654708862,-0.027262095563517226,0.050665770050214026,290.99497985839844,324.21449279785156,2745.206298828125,2452.0821533203125,3897.2795289993282,3151.3623425364503,1.6249999999999982,25.009146796332466,-0.6819707155227661,-0.053614113479852676,0.06329011901308478,0.0476561483470723,0.026421968108138107,66,10.582673072814941,-0.5992883752598326,4.572219301092153
2.8471484005451204,-3.8348140716552734,-1.9023540019989014,-0.02598047009486261,0.051797164105063756,291.94781494140625,323.5821838378906,2758.3463134765625,2436.2893676757812,3965.9096864700314,3212.6643963694582,1.6499999999999981,25.010314517551,-0.6499260001712375,-0.04258104786276817,0.06208805132080707,0.04462372748828596,0.02644415764956443,67,10.672497749328613,-0.8394977514007409,3.9954223603371117
2.8433612227439884,-3.5848723649978638,-1.824653148651123,-0.024674703487045344,0.05256977210443096,290.2841796875,319.4240264892578,2771.545654296875,2417.4490966796875,4034.8683443069453,3273.571630561353,1.674999999999998,25.011619991726345,-0.6172795428170098,-0.030327489599585533,0.061170829513059355,0.04151483021372772,0.0264617948500024,68,10.760794639587402,-1.0266912059261746,3.3992740787066658
2.8371218860149385,-3.3289783000946045,-1.7475335597991943,-0.023355390127776904,0.052910452825690145,286.18751525878906,312.12232971191406,2783.760498046875,2395.237548828125,4104.156985664367,3334.007857978345,1.699999999999998,25.012982686360676,-0.5842941999435425,-0.017101949080824852,0.06058046495603763,0.038332469224380716,0.0264734503409607,69,10.848007202148438,-1.1601214601928491,2.7888107096091654
2.8273576438426975,-3.0680625438690186,-1.671509563922882,-0.022033084873471324,0.05277627944102059,279.9894561767578,302.3076171875,2793.451171875,2369.187744140625,4173.750998115539,3393.888796699048,1.7249999999999979,25.0143305460612,-0.551232099533081,-0.00326403696089983,0.060321160450837186,0.03508240256580496,0.02647713715459478,70,10.934608459472656,-1.2392456860342567,2.1689419968103176
2.8129460990428927,-2.803230404853821,-1.5975621342658997,-0.02072137608747182,0.052101783960687584,272.06729888916016,290.75230407714844,2797.9984130859375,2339.8192138671875,4243.587277412414,3453.1184903025633,1.7499999999999978,25.01561058892144,-0.5184320608774821,0.009997449815273285,0.06041039299211165,0.03177011468537032,0.026470023601651824,71,11.021090507507324,-1.2636745808249086,1.54450491090029
2.7920767545700076,-2.5356931686401367,-1.526213824748993,-0.0194330843937136,0.0508640049426676,263.10311126708984,278.0495300292969,2794.3968505859375,2306.7765502929688,4313.537237739562,3511.6139706492427,1.7749999999999977,25.016778310139973,-0.48621439271503025,0.021808084100484848,0.06080595147658328,0.02840128664663654,0.0264482189702268,72,11.107928276062012,-1.2331539867762797,0.920326742825033
2.763347417116165,-2.266667604446411,-1.4583057165145874,-0.01818359370868107,0.049043817561382506,253.67057037353516,264.94056701660156,2779.6011962890625,2270.5020141601562,4383.397159004211,3569.2833844065667,1.7999999999999976,25.017818874782986,-0.4549640417098999,0.03071056678891182,0.061475640783386534,0.024978300730422474,0.02640650096786963,73,11.195539474487305,-1.147589014137951,0.3012863428435425
2.721821641921997,-1.9976367950439453,-1.3940932154655457,-0.01698740473645026,0.04659041369666063,244.51248168945312,251.66173553466797,2742.438232421875,2233.10107421875,4452.887188911438,3626.0459347605706,1.8249999999999975,25.01873228285048,-0.425044231944614,0.03146876394748688,0.06226582148475906,0.02150194132089294,0.026337860071367437,74,11.284224510192871,-1.0071157908528958,-0.3076429967266281
2.6605743288993837,-1.7306877374649048,-1.3340011239051819,-0.015861594997511292,0.04343722680481761,235.1325912475586,238.44161987304688,2673.586669921875,2191.2118530273438,4521.448144721985,3681.873461616039,1.8499999999999974,25.019522772894966,-0.3968828254275852,0.022135339677333832,0.06296984476367833,0.017976452310886598,0.026232059755280236,75,11.374011039733887,-0.8122475941782911,-0.9013996804265604
2.57730285525322,-1.4680765867233276,-1.2775900959968567,-0.014820417605182603,0.03983943349136427,225.96572875976562,225.73988342285156,2562.501220703125,2151.1459350585938,4588.287811470032,3736.6537579417227,1.8749999999999973,25.020196702745224,-0.37083692020840114,-0.004009738564491272,0.06323888645161437,0.014403280233800227,0.02607372442550202,76,11.464546203613281,-0.5640890346518643,-1.4749286703588063
2.4605539798736573,-1.2118231654167175,-1.2239387035369873,-0.0138754136177194,0.035804290870271066,216.99187469482422,213.65904998779297,2394.15673828125,2106.9501342773438,4652.350341987609,3790.4324063181875,1.8999999999999972,25.02077314588759,-0.3471958637237549,-0.050182174891233444,0.06260122165691932,0.010773896472287445,0.02584224371190909,77,11.554877281188965,-0.2645992383243649,-2.023415116443949
2.3050047129392626,-0.9658861756324768,-1.1714813709259033,-0.013033168117035825,0.031677389866057025,208.06304168701172,202.40097045898438,2156.0394897460938,2061.3798217773438,4712.20426044464,3843.106159675121,1.9249999999999972,25.0212648179796,-0.32612479395336574,-0.12203886359930038,0.06050852215590267,0.007113614580568913,0.02550970019613686,78,11.64332389831543,0.08314098248530982,-2.5426937195304453
2.1148562312126162,-0.7381186783313751,-1.1174587607383728,-0.012287084577947426,0.028240201811092273,199.06201171875,192.09252166748047,1856.6940307617188,2013.557373046875,4766.1052476882915,3894.6406552195544,1.949999999999997,25.021675957573784,-0.30745893716812134,-0.2149389088153839,0.05632853686102278,0.0035263165421271707,0.025042550532017937,79,11.727341651916504,0.47474066688342453,-3.029834514098235
1.8910659164190293,-0.5377090871334076,-1.058578997850418,-0.011613521203995949,0.025968067670442328,190.07303619384766,182.7029037475586,1506.1563110351562,1955.1658935546875,4812.5225984573335,3944.979589545726,1.974999999999997,25.02200444539388,-0.29060665104124284,-0.3199115991592407,0.0496444019990874,0.00017089301857064814,0.024406687532247895,80,11.803601264953613,0.904473536020361,-3.4838329622936226
1.6529906660318376,-0.36308279633522034,-0.9912973642349243,-0.010971554779962039,0.025735423904467092,181.6346664428711,174.55433654785156,1139.2186279296875,1886.87060546875,4850.1765062332115,3993.858736884593,1.999999999999997,25.022252400716145,-0.27454402711656356,-0.42452117800712585,0.0403345192991992,-0.0029240999348485544,0.02357407518456984,81,11.86839771270752,1.365505101912807,-3.906204639267455
1.4037148088216782,-0.20636443607509136,-0.912244588136673,-0.010308093733098747,0.027571619380617085,173.06420135498047,167.75979614257812,771.1172180175781,1799.1110229492188,4878.656971931453,4041.0305020213113,2.024999999999997,25.022402869330513,-0.25794241163465714,-0.5192724466323853,0.02851473418818201,-0.00582963699971716,0.022530292887799917,82,11.918025970458984,1.8502985733993618,-4.301293580680692
1.1438355401158333,-0.06133563816547394,-0.8194291889667511,-0.009576257065544973,0.031176630276743465,166.0460662841797,161.75862884521484,408.0245056152344,1686.8473510742188,4897.934902381891,4086.0082775950414,2.0499999999999967,25.022464328342014,-0.23962890108426413,-0.600179135799408,0.014501984681998589,-0.00858247769883589,0.0212736470379324,83,11.949103355407715,2.3509911594931316,-4.676224300984442
0.8687768206000329,0.07955343276262283,-0.711797684431076,-0.008736725700519218,0.036001872456019726,158.93099975585938,156.43814849853516,50.97663879394531,1540.6922607421875,4908.135515022271,4128.179461371897,2.0749999999999966,25.022436777750652,-0.21861972080336678,-0.6634243726730347,-0.0013281916465450608,-0.011249308697718069,0.019810006992338477,84,11.958746910095215,2.85955343789486,-5.040522848786044
0.5757000923156739,0.22189207840710878,-0.5899444818496704,-0.00776747030237948,0.041490260472077135,151.44859313964844,152.45638275146484,-304.68257904052734,1360.1060180664062,4909.4099309921185,4166.696767890451,2.0999999999999965,25.022288428412544,-0.19436379273732504,-0.7105273008346558,-0.018539364982585835,-0.013884589560061214,0.018146099313365197,85,11.944672584533691,3.367628013464349,-5.405480802613103
0.2567273456603289,0.37026581168174744,-0.4553495943546295,-0.006661644674589117,0.04687954976725917,145.86234283447266,148.7127227783203,-662.6623916625977,1134.4208374023438,4901.792866516104,4200.69941834211,2.1249999999999964,25.02200444539388,-0.16669016745355394,-0.7382473945617676,-0.036683416990863034,-0.016541807951809564,0.016284117988019972,86,11.905219078063965,3.8660572864961202,-5.78331976108532
-0.08661504462361336,0.5289260596036911,-0.31037814915180206,-0.005426323879090952,0.05177076552075834,140.15422439575195,146.35128784179688,-1022.4660949707031,865.9008483886719,4885.2263067245385,4229.059939277168,2.1499999999999964,25.021563635932075,-0.1357764336797926,-0.7474281787872314,-0.055300340298413624,-0.01928153700382318,0.014219594939395817,87,11.839378356933594,4.3442129005605805,-6.186159075920098
-0.4503214925527573,0.7016743570566177,-0.1577948871999979,-0.004078785953679849,0.05584836891648149,134.6053695678711,143.9272575378418,-1379.6172790527344,557.4013214111328,4859.664654350269,4250.707460486884,2.1749999999999963,25.020902421739365,-0.10205547842714521,-0.7379533648490906,-0.07391783368888506,-0.022162898372153177,0.0119434015586781,88,11.74681568145752,4.789320845109297,-6.624751588823122
-0.8244648396968842,0.8911218345165253,-0.00040624290704727173,-0.002640350491164329,0.05904919310232331,130.42186737060547,142.3691635131836,-1724.2243041992188,217.21987056732178,4825.174222373949,4264.642493522161,2.199999999999996,25.01999961005317,-0.06606171942419475,-0.7112748026847839,-0.0920751245206124,-0.02522360179365669,0.009446633941269171,89,11.627861976623535,5.1860291763961195,-7.106977871405973
-1.192855426669121,1.098171442747116,0.15954894572496414,-0.001130558436042848,0.06157497253085729,128.0556411743164,142.27489471435547,-2039.2787475585938,-142.0015640258789,4782.068614768968,4270.072990286343,2.224999999999996,25.01879374186198,-0.028285220679309633,-0.6670027375221252,-0.10934293619301008,-0.02846505999206823,0.006727625530893131,90,11.48348331451416,5.516487249945923,-7.636163505892574
-1.532837361097336,1.318533480167389,0.32044269144535065,0.00043892529303200556,0.06387338874251496,126.44101333618164,142.34103393554688,-2297.8546142578125,-505.71773529052734,4731.086646080002,4266.522951185695,2.249999999999996,25.017274220784504,0.010980715354283651,-0.6006885766983032,-0.12523028166960837,-0.031789641065706566,0.003800056757204309,91,11.315296173095703,5.76119651138928,-8.20939793630368
-1.8329000115394594,1.5467914938926697,0.48091885447502136,0.002061821136459623,0.06589314675798787,126.69968795776367,143.68650436401367,-2496.2410888671875,-856.5077514648438,4673.640280723555,4253.88000780343,2.274999999999996,25.015432569715713,0.05157742235395643,-0.5183193683624268,-0.13924781342248363,-0.03505687783123223,0.0007002927727985471,92,11.125632286071777,5.900807160971365,-8.81619158162139
-2.085266330838204,1.783176600933075,0.6398559212684631,0.0037322538201779226,0.06762376870286223,129.31427001953125,145.60799407958984,-2634.8338623046875,-1179.678466796875,4611.234253501875,4232.467314016808,2.299999999999996,25.013270907931858,0.09335630469852024,-0.4267752766609192,-0.15106147118239904,-0.0382407441307735,-0.002510969236010966,93,10.91743278503418,5.918756160564464,-9.437962869736683
-2.2915800482034685,2.0283666253089905,0.7963388562202454,0.0054403117165976725,0.06891536854203703,133.76079177856445,149.1775016784668,-2727.287841796875,-1464.5640258789062,4545.363406944258,4202.975352346884,2.3249999999999957,25.010840098063152,0.13606810735331643,-0.33692437410354614,-0.16059294136854943,-0.04134873010489624,-0.005754444050740128,94,10.693936347961426,5.804257097122805,-10.048791421610444
-2.4565118312835694,2.281714916229248,0.9499162137508392,0.007174490437943517,0.06971630591749996,140.3571891784668,155.55961990356445,-2787.1544189453125,-1706.123291015625,4477.181210899335,4166.361251699911,2.3499999999999956,25.008182525634766,0.17942405409283108,-0.2553784251213074,-0.16797890240150476,-0.04438503959499301,-0.008941421879508131,95,10.458328247070312,5.554947725068344,-10.617528182941829
-2.5858512401580813,2.5418479442596436,1.1001065075397491,0.008922620586390553,0.07004389969871493,148.61790466308594,163.49555587768555,-2824.5125732421875,-1904.8657836914062,4407.502350425702,4123.70816942452,2.3749999999999956,25.005357530381943,0.2231192257669237,-0.18518462777137756,-0.17346401556165922,-0.047355483701786154,-0.01198327511392093,96,10.213512420654297,5.178592553882622,-11.110959173210388
-2.6848018109798435,2.80655837059021,1.2464110851287842,0.010673347316900417,0.06996744200829443,159.24671936035156,174.43258666992188,-2844.8310546875,-2064.793212890625,4336.889536094648,4076.086524832234,2.3999999999999955,25.00242657131619,0.266869713862737,-0.12560665607452393,-0.17732974368672055,-0.0502575386640239,-0.014799944554302618,97,9.962011337280273,4.693495290895098,-11.497485868133241
-2.757916802167893,3.0737216472625732,1.3880533576011658,0.012417829142713504,0.06955660363706848,171.6615219116211,187.5691375732422,-2851.9429931640625,-2190.4110107421875,4265.768759727461,4024.4666945099675,2.4249999999999954,24.999465942382812,0.3104550308651394,-0.07602585852146149,-0.17982956977819387,-0.053088693204022104,-0.01732596013032388,98,9.705963134765625,4.127554980190564,-11.750736117868609
-2.8097629070281984,3.341028928756714,1.5241235494613647,0.014148403233912034,0.0688651221824078,185.77841186523438,202.70653533935547,-2849.3402099609375,-2286.5750732421875,4194.47018489836,3969.7064192414123,2.4499999999999953,24.99654557969835,0.35368478960461086,-0.03577671945095062,-0.181207922089878,-0.05584561837041815,-0.019514922501773894,99,9.447155952453613,3.5161313409604693,-11.852591095954986
-2.843579685688019,3.6061172485351562,1.6539915800094604,0.015859140936178677,0.06797939225455028,201.08656311035156,219.6437225341797,-2838.7230224609375,-2357.5343017578125,4123.236679649336,3912.542042410357,2.474999999999995,24.993731180826824,0.3964123460981581,-0.003484738990664482,-0.1816842950298659,-0.05852240943573263,-0.02134272069811173,100,9.187041282653809,2.899050415284016,-11.795241993350055
-2.862435257434845,3.86695396900177,1.776940107345581,0.017545945558742834,0.06696124912505617,217.19473266601562,237.75174713134766,-2821.3360595703125,-2407.682373046875,4052.268604087813,3853.6036848664116,2.499999999999995,24.991073608398438,0.4385370347234938,0.022248053923249245,-0.18143956717044446,-0.06111510910903325,-0.022808478789010107,101,8.926787376403809,2.317183729484441,-11.582081482067515
-2.8691912531852726,4.121619820594788,1.8925146460533142,0.019206022863054523,0.06584391572852423,233.61090850830078,256.7331848144531,-2798.149658203125,-2441.3237915039062,3981.735202598555,3793.4116255402396,2.524999999999995,24.988621605767143,0.47999103864034015,0.043068889528512955,-0.18061699993350305,-0.0636165122912146,-0.023932983995133855,102,8.667327880859375,1.8090398185588437,-11.227429114899557
-2.8664741933345796,4.368605613708496,2.000458300113678,0.02083676586407791,0.06462739622614364,249.87939453125,275.9164505004883,-2770.6265869140625,-2461.847900390625,3911.7814611434774,3732.378530752642,2.549999999999995,24.986402723524307,0.5207111769252353,0.0599365271627903,-0.17932080614144785,-0.0660206393533916,-0.024754764767315852,103,8.409415245056152,1.4077356036403543,-10.755230800438843
-2.8586863398551943,4.606562852859497,2.100710868835449,0.022434833126882787,0.06322151764788,265.73443603515625,294.9673614501953,-2741.3128662109375,-2474.8121337890625,3842.515796470626,3670.8323332428763,2.574999999999995,24.98443815443251,0.5606157249874539,0.07434777170419693,-0.1776338766832076,-0.06831904516207626,-0.025324279685834696,104,8.153665542602539,1.1386162489490066,-10.196967793799514
-2.848566657304764,4.834648132324219,2.193514108657837,0.02399523954680366,0.06158695259457344,281.1532745361328,313.87164306640625,-2712.84326171875,-2482.6239624023438,3773.9829748153525,3608.96202989815,2.5999999999999948,24.98273425632053,0.599581797917684,0.08643148839473724,-0.1756217919006255,-0.07050722522995606,-0.02569722626817587,105,7.900589942932129,1.0176862183260875,-9.589054763095476
-2.8378438651561737,5.052143096923828,2.2792636156082153,0.025511578973062127,0.05971003988206966,296.11634826660156,332.6100616455078,-2687.4208984375,-2486.2749633789062,3706.161893272384,3546.8964308380914,2.6249999999999947,24.98130374484592,0.6374508142471313,0.09582401067018509,-0.17333908001702086,-0.0725781429860883,-0.02592766044268418,106,7.650612831115723,1.0509142674789593,-8.970018553716951
-2.8293276071548465,5.258835792541504,2.358514189720154,0.026977116520932733,0.05752969325286497,310.5146789550781,350.89683532714844,-2666.0479736328125,-2489.9401245117188,3638.9763708114465,3484.7395567536187,2.6499999999999946,24.980152977837456,0.6740560796525743,0.10389738529920578,-0.1708383883981933,-0.07453006113398065,-0.026062362298382546,107,7.4040751457214355,1.2343840044058287,-8.377734989843242
-2.8221197903156283,5.454473495483398,2.4319149255752563,0.02838525462493372,0.0551247048245229,324.20216369628906,368.43865966796875,-2648.6728515625,-2492.0560302734375,3572.325171470626,3422.4910536408256,2.6749999999999945,24.97927983601888,0.7092336813608805,0.1099802777171135,-0.16816330966223594,-0.07635908271994424,-0.026138125070206096,108,7.161257743835449,1.55517548605245,-7.846957655924449
-2.817131066322327,5.638957262039185,2.4998466968536377,0.029730184264937363,0.05248976075843089,336.97267150878906,384.9800262451172,-2634.6842041015625,-2494.9335327148438,3506.1083501815638,3360.1896528839898,2.6999999999999944,24.978673723008896,0.7428395085864596,0.1152670830488205,-0.16534520253098453,-0.07806322285672913,-0.026180922901161512,109,6.922382354736328,1.9928131532136422,-7.40730800204369
-2.812887686491013,5.812223196029663,2.5627626180648804,0.031007355180549905,0.04971243328137132,348.6094207763672,400.1389923095703,-2623.283203125,-2496.7020874023438,3440.241245079025,3297.8163145661188,2.7249999999999943,24.978324042426216,0.7747600475947062,0.11924872547388077,-0.16241292901275278,-0.07964111251308746,-0.02620739430627798,110,6.6876325607299805,2.5210920966204693,-7.081823854725067
-2.8098271608352663,5.974101543426514,2.620875120162964,0.032213238683326983,0.04679511091594685,358.9308166503906,413.6544494628906,-2613.7322998046875,-2498.9273681640625,3374.6591650009,3235.3987623810604,2.7499999999999942,24.978207482231987,0.804907414648268,0.12285372614860535,-0.15938604669679596,-0.08108989711322578,-0.026226623161586193,111,6.457155704498291,3.110092613819711,-6.886100991235051
-2.8069777965545657,6.124519109725952,2.6742589473724365,0.033344915699042535,0.043789055351952294,367.8095397949219,425.33750915527344,-2605.4664306640625,-2500.4139404296875,3309.315857505783,3172.925578176959,2.774999999999994,24.97829861111111,0.8332080973519219,0.12577378749847412,-0.1562764732289922,-0.08240921463368342,-0.02624269575488374,112,6.231078147888184,3.728213068687986,-6.828007771955013
-2.80438866019249,6.263223648071289,2.723049283027649,0.03440052409552809,0.04070848121170597,375.23106384277344,435.14837646484375,-2598.16357421875,-2501.5844116210938,3244.1791967391814,3110.415229666217,2.799999999999994,24.97856987847222,0.8596150080362955,0.128300279378891,-0.15310022086539557,-0.08359592337661194,-0.026256537950768346,113,6.009505271911621,4.344076363487112,-6.90791246965916
-2.8021041452884674,6.3899664878845215,2.767194628715515,0.03537821422418281,0.03755837776106255,381.2655944824219,443.1576843261719,-2591.6563720703125,-2502.68798828125,3179.225107383713,3047.8756193756894,2.824999999999994,24.9789916144477,0.8840809928046333,0.13057927787303925,-0.14986361461359501,-0.08464759736870582,-0.026267587988697574,114,5.792527198791504,4.928200103980042,-7.119337171642283
-2.7997729003429415,6.5046563148498535,2.8065799474716187,0.036276490137488134,0.03436139643344994,386.0220642089844,449.48377990722656,-2585.8826904296875,-2503.1409912109375,3114.433698081955,2985.308419668658,2.849999999999994,24.9795405069987,0.9065677722295126,0.1323714256286621,-0.1465753263918901,-0.0855647817257507,-0.026274965777154935,115,5.58022403717041,5.4543547952099605,-7.449932185093893
-2.7975760042667392,6.607013463973999,2.8412026166915894,0.03709431777992704,0.031122006346072418,389.63885498046875,454.3190155029297,-2580.8499755859375,-2503.2609252929688,3049.786630821213,2922.729894888385,2.874999999999994,24.980193244086372,0.9270484579934014,0.1338104009628296,-0.14324747358324072,-0.08634460938838555,-0.026277926463273045,116,5.372658729553223,5.900567979914941,-7.882664167151885
-2.7956962883472443,6.696850061416626,2.8710248470306396,0.03783060275873909,0.02783957499817109,392.25775146484375,457.8384246826172,-2576.607177734375,-2503.3242797851562,2985.2653814315645,2860.148371756061,2.8999999999999937,24.980932871500652,0.9454947710037231,0.13498492538928986,-0.13988696376172424,-0.08698576958201133,-0.026276137151915648,117,5.169882774353027,6.2497639019555375,-8.39711123313578
-2.794131124019623,6.774036169052124,2.8959622383117676,0.038484342227326294,0.02452006329327961,394.0039978027344,460.21405029296875,-2573.107666015625,-2503.365234375,2920.8502019882053,2797.565264761432,2.9249999999999936,24.981744554307724,0.9618808825810751,0.13592174649238586,-0.13650003871114552,-0.08748772135203162,-0.026269816305515913,118,4.97193717956543,6.490056928746894,-8.970767123445045
-2.792929869890213,6.838449716567993,2.9159754514694214,0.03905466233595596,0.021167151803248258,394.9732360839844,461.5592498779297,-2570.390869140625,-2503.42822265625,2856.5225103378148,2734.981133902057,2.9499999999999935,24.982615576850044,0.9761839442782931,0.13662762939929962,-0.13309269886633568,-0.0878497905857955,-0.02625957561888672,119,4.778855323791504,6.614736747276274,-9.580276652683226
-2.792047840356827,6.890002012252808,2.931041955947876,0.03954080158700391,0.01778790206615494,395.1936798095703,461.9106903076172,-2568.3974609375,-2503.4900512695312,2792.262738609299,2672.3954283356506,2.9749999999999934,24.983537462022568,0.9883842203352187,0.13711810111999512,-0.12967035377325892,-0.08807158197032866,-0.02624628269997694,120,4.590662002563477,6.621995673890498,-10.202542931038936
-2.7915057718753817,6.928586721420288,2.9411563873291016,0.03994218157517088,0.014386750949987622,394.72100830078125,461.3499755859375,-2567.13671875,-2503.5750122070312,2728.0528020858615,2609.8081770539125,2.9999999999999933,24.98450173272027,0.9984664784537421,0.1374000608921051,-0.12623853781355557,-0.08815210930378994,-0.026230865493978905,121,4.407374858856201,6.514455336379615,-10.815665640837807
-2.791364997625351,6.95420241355896,2.946312427520752,0.04025826550704967,0.010965295311103053,393.63185119628906,459.99131774902344,-2566.580322265625,-2503.8171997070312,2663.8743841171113,2547.2188017487365,3.0249999999999932,24.985497792561848,1.0064165459738836,0.1375364363193512,-0.12280151204496974,-0.08809208414953307,-0.026214229059544316,122,4.22900390625,6.298552083640614,-11.399687126912848
-2.7916033208370212,6.966776371002197,2.9465086460113525,0.0404885998130171,0.0075277842438263975,392.00892639160156,457.9535369873047,-2566.6925048828125,-2504.2030029296875,2599.709876060471,2484.623371756061,3.049999999999993,24.986521402994793,1.0122224357393053,0.13752900063991547,-0.11936289670210827,-0.08789077829944751,-0.026197205634513825,123,4.055553913116455,5.98383798522716,-11.937139740922778
-2.7922026336193086,6.966336727142334,2.941749930381775,0.040632830791990905,0.004078264764732142,389.9278259277344,455.34461975097656,-2567.44580078125,-2504.7197875976562,2535.5425634384005,2422.018296682819,3.074999999999993,24.98757044474284,1.0158748759163752,0.13737930357456207,-0.11592624544055073,-0.08754916131061759,-0.026180521346403397,124,3.8870248794555664,5.582248246649846,-12.413400825362451
-2.793151253461838,6.952860355377197,2.9320170879364014,0.040690717094997296,0.0006205312932064178,387.44976806640625,452.2522430419922,-2568.8193359375,-2505.3600463867188,2471.3564184188695,2359.4003019928773,3.099999999999993,24.98864067925347,1.0173672437667847,0.1370895951986313,-0.1124951035934983,-0.08706715412044846,-0.0261647712452691,125,3.723411798477173,5.107376887377585,-12.816871000394364
-2.7943837583065037,6.926392078399658,2.917383074760437,0.04066210891922496,-0.0028391317997751506,384.61846923828125,448.72967529296875,-2570.8037109375,-2506.0084228515625,2407.135935020432,2296.7663008332092,3.124999999999993,24.98973210652669,1.0166955656475491,0.13661116361618042,-0.10907326616550433,-0.08644578454267333,-0.026150419303707095,126,3.564703941345215,4.573794277068934,-13.138997945085848
-2.7958718180656437,6.886960029602051,2.8978532552719116,0.04054706452132274,-0.0062942184298747025,381.4626159667969,444.8195037841797,-2573.3896484375,-2506.6176147460938,2342.8658422469944,2234.1160902619204,3.149999999999993,24.99084684583876,1.01386116610633,0.1359277367591858,-0.10566621760393871,-0.0856856850780511,-0.02613779633625904,127,3.410884380340576,3.996431662594592,-13.374171845043897
-2.797675305604935,6.834660053253174,2.8734558820724487,0.04034572122053435,-0.009742849234999738,377.9946594238281,440.5403747558594,-2576.5899658203125,-2507.2827758789062,2278.531101036057,2171.450649893268,3.1749999999999927,24.991980658637154,1.0088668929206,0.13507385551929474,-0.10227841038124892,-0.0847885784589119,-0.0261271104023851,128,3.2619290351867676,3.3900495953374894,-13.519520187240776
-2.799790132045746,6.769598007202148,2.8442505598068237,0.04005829123750914,-0.013180539753560783,374.2146911621094,435.891357421875,-2580.390869140625,-2508.0067138671875,2214.116351890549,2108.7685804962953,3.1999999999999926,24.993133544921875,1.001718110508389,0.13405531644821167,-0.09891398071950297,-0.08375630393088355,-0.0261185341914372,129,3.117807626724243,2.768799299181758,-13.574630073950601
-2.802237325906754,6.691800594329834,2.8102153539657593,0.03968509498381577,-0.01660395115137088,370.11895751953125,430.8642578125,-2584.828857421875,-2508.7916870117188,2149.6065801620334,2046.0684126496155,3.2249999999999925,24.994307623969185,0.9924225012461344,0.1328580528497696,-0.09557721464358022,-0.08258925264575119,-0.02611220710325366,130,2.9784839153289795,2.1458792003201057,-13.541224343570255
-2.8049824237823486,6.601386785507202,2.7713927030563354,0.03922654441718536,-0.02000697896386886,365.69337463378906,425.42596435546875,-2589.9178466796875,-2509.5587158203125,2084.9858587264866,1983.3486204743226,3.2499999999999925,24.995496537950302,0.9809900654686822,0.1314435750246048,-0.0922727560406315,-0.08128932626698068,-0.026108278940645796,131,2.843914747238159,1.5332836566284196,-13.422813774188661
-2.807713210582733,6.498526096343994,2.7279568910598755,0.038683430163566526,-0.023368087996630618,360.9298553466797,419.53607177734375,-2595.6844482421875,-2509.7069702148438,2020.2379125594944,1920.6096525788148,3.2749999999999924,24.996696048312717,0.9674405389361911,0.1295481026172638,-0.08900978449403917,-0.07985912137663487,-0.026106855813938283,132,2.7140486240386963,0.9416371011250331,-13.22434428143752
-2.8107646822929384,6.383304119110107,2.6799442768096924,0.038056763391935665,-0.026691544508886774,355.81861877441406,413.210693359375,-2602.169921875,-2509.8073120117188,1955.3458013534396,1857.8669783234436,3.2999999999999923,24.997901916503906,0.9517988231447008,0.12739837169647217,-0.08579742965291515,-0.07829957008109525,-0.02610791275599591,133,2.5888187885284424,0.38010532806855923,-12.951853025075472
-2.8141158103942874,6.256000280380249,2.6274038553237915,0.03734755527126916,-0.029969791781044235,350.3348693847656,406.45909118652344,-2609.3929443359375,-2509.8011474609375,1890.2915533065645,1795.1217955231507,3.324999999999992,24.999109903971355,0.9340898858176337,0.12495246529579163,-0.08264213303814608,-0.07661497504999802,-0.02611144768622407,134,2.4681484699249268,-0.1436268701162028,-12.612147587835457
-2.8172607421875,6.116732835769653,2.570534110069275,0.03655730799086938,-0.033170638853426665,344.4730682373047,399.1901397705078,-2617.4058837890625,-2508.7063598632812,1825.056729698166,1732.3767668366272,3.349999999999992,25.000309414333767,0.9143513441085815,0.12178817391395569,-0.07955641982923373,-0.07480651389988768,-0.02611748349116338,135,2.3519482612609863,-0.6233241623400652,-12.21251839429635
-2.8206136226654053,5.965731620788574,2.509483218193054,0.035688039727499905,-0.03629475775809039,338.2498474121094,391.4386901855469,-2626.227294921875,-2507.2573852539062,1759.6215826034393,1669.6591078400452,3.374999999999992,25.00149408976237,0.8926332659191556,0.11819945275783539,-0.07655578629477101,-0.07287693301563838,-0.026125874529191732,136,2.2401065826416016,-1.0541248238633776,-11.760486057101517
-2.8238756716251374,5.803266286849976,2.444435238838196,0.03474179778624874,-0.039319326452850197,331.6962432861328,383.23973083496094,-2635.889404296875,-2504.8677368164062,1693.9659002303924,1606.9776732086975,3.399999999999992,25.00265333387587,0.8689867787890964,0.11392278224229813,-0.0736514759679851,-0.07082959463812634,-0.02613647723928161,137,2.132493734359741,-1.4324320227572802,-11.263588609176931
-2.8267860770225526,5.6295905113220215,2.375615119934082,0.0337216926560453,-0.04221010043115794,324.85496520996094,374.66143798828125,-2646.4180908203125,-2501.0264282226562,1628.0686651229705,1544.3559797882874,3.424999999999992,25.003780788845486,0.8434895674387614,0.10873348265886307,-0.07086748226582193,-0.06866693722422468,-0.026149058594837633,138,2.0289559364318848,-1.7557832623859921,-10.729210778821972
-2.829699695110321,5.445051670074463,2.303315281867981,0.03263092637198149,-0.044965065677439256,317.78114318847656,365.7469482421875,-2657.84423828125,-2496.3433837890625,1561.9082128524626,1481.830319082721,3.4499999999999917,25.00486797756619,0.8162217007742988,0.10286387801170349,-0.06822002550379574,-0.06639279739037876,-0.026163235766453102,139,1.929308295249939,-2.0227044146558746,-10.164452297422702
-2.831675499677658,5.249974012374878,2.2278852462768555,0.03147387026331533,-0.04751767229276658,310.5605926513672,356.5502014160156,-2670.19384765625,-2489.05908203125,1495.4621068954314,1419.4217344879944,3.4749999999999917,25.005908542209202,0.7872927188873291,0.09557250142097473,-0.06573882073400697,-0.06400990903789514,-0.026178594715802295,140,1.8333361148834229,-2.2325577495929285,-9.576034969707663
-2.8335169553756714,5.044795751571655,2.149706721305847,0.030255318020008956,-0.04987669206398036,303.2746887207031,347.2281951904297,-2683.4227294921875,-2480.6777954101562,1428.707260704025,1357.1952574372133,3.4999999999999916,25.006898244222004,0.7568225595686171,0.08749382942914963,-0.06344738699783235,-0.06152244583954468,-0.02619449878093711,141,1.7407828569412231,-2.385389133620614,-8.970245356910285
-2.8339658558368686,4.829937219619751,2.0692824721336365,0.028981392831974952,-0.05195570125251833,296.0182342529297,337.8268585205078,-2697.5074462890625,-2468.908935546875,1361.62169246672,1295.1783125519594,3.5249999999999915,25.007832845052082,0.724964804119534,0.07767760008573532,-0.06138208476652989,-0.058933464188797156,-0.026210280090990433,142,1.6513534784317017,-2.4817804294662245,-8.352909867482348
-2.8337947070598606,4.605913162231445,1.9870487451553345,0.027658692264695067,-0.05375894427136779,288.88758850097656,328.50486755371094,-2712.39501953125,-2455.2095947265625,1294.1840063094935,1233.4555891632876,3.5499999999999914,25.008712344699436,0.6918846898608737,0.0667714923620224,-0.05957064004376082,-0.056246940101936274,-0.026225048151472762,143,1.5647022724151611,-2.52271122554171,-7.7293991239122315
-2.831637823581696,4.373331785202026,1.9037227034568787,0.026295958976685324,-0.05517931211043713,281.9407653808594,319.39454650878906,-2727.9156494140625,-2437.241455078125,1226.374130821212,1172.0753492951237,3.5749999999999913,25.009538862440323,0.6578014294306437,0.05385362356901169,-0.05806230882612401,-0.0534670493323275,-0.026237795954596913,144,1.4804340600967407,-2.5094329958855,-7.104657542311434
-2.8278792679309848,4.132819771766663,1.820013701915741,0.02490230181111164,-0.056202956332057935,275.25807189941406,310.42897033691406,-2743.8720703125,-2415.8954467773438,1158.1762395858602,1111.1443129181707,3.599999999999991,25.010316636827255,0.6229432423909506,0.039353352040052414,-0.056889614968432034,-0.05059755567560517,-0.026247150307925817,145,1.3980897665023804,-2.443357302068313,-6.483255553698064
-2.822177910804749,3.885118007659912,1.7366878390312195,0.023489318002283467,-0.05675985660550713,268.8995056152344,301.6799011230469,-2759.822509765625,-2390.9829711914062,1089.5794378280475,1050.7469267487375,3.624999999999991,25.0110477871365,0.5876005358166165,0.023376958444714546,-0.056106541578218656,-0.047642301989998484,-0.026251538281940642,146,1.317150354385376,-2.3259613669708403,-5.8694613089263274
-2.8133070886135103,3.6310819387435913,1.654600203037262,0.02206876290969998,-0.056776592908482595,262.90113067626953,293.1721649169922,-2775.172607421875,-2360.8447265625,1020.5838750839067,990.9723524689525,3.649999999999991,25.011742909749348,0.5520678559939066,0.005460047163069248,-0.05574015303006181,-0.044606133980334625,-0.02624918929063541,147,1.2370399236679077,-2.158718238373159,-5.267328148043439
-2.8023488938808443,3.3716567754745483,1.5746909976005554,0.02065510498822088,-0.05624850054788749,257.2247848510742,284.8549499511719,-2788.934326171875,-2328.4486694335938,951.2045598983598,931.9512343048904,3.674999999999991,25.012402004665798,0.5167073011398315,-0.012775248847901821,-0.05583420422843363,-0.041492950680897034,-0.02623794159621903,148,1.1571249961853027,-1.9430518873113338,-4.680793781919697
-2.786255651712418,3.107892394065857,1.497844398021698,0.01926278772557064,-0.05504581283841851,251.81964874267578,276.5900115966797,-2799.5384521484375,-2289.779296875,881.4812017440628,873.7400175690509,3.699999999999991,25.013033548990887,0.48188034031126237,-0.03241301327943802,-0.056397645891310334,-0.03830712134034913,-0.026215494061062102,149,1.0767440795898438,-1.680326086909269,-4.11378398566709
-2.766898024082184,2.841126561164856,1.4250432252883911,0.01790855782769774,-0.0532349631657055,246.55448150634766,268.4515380859375,-2804.6748046875,-2250.5711059570312,811.4927404403518,816.4955351471763,3.7249999999999908,25.013641781277126,0.44800612661573624,-0.050147201865911484,-0.05743594166011578,-0.035054805559009014,-0.02617876948574883,150,0.9952100515365601,-1.3718681769400949,-3.5703141977102186
-2.7403600335121157,2.5727192163467407,1.3570340871810913,0.016608286070223365,-0.05070857620354785,241.39188385009766,260.3965072631836,-2801.9163818359375,-2206.074462890625,741.3758703231643,760.2312574982509,3.7499999999999907,25.01422670152452,0.4154816269874573,-0.06712331622838974,-0.05890308958820804,-0.03174110183394797,-0.026124380662267768,151,0.9118801951408386,-1.0190371024819043,-3.0545744802128003
-2.708156317472458,2.304064631462097,1.2946297526359558,0.01537935582104409,-0.04758244536390435,236.39224243164062,252.21559143066406,-2787.8880615234375,-2162.4279174804688,671.3279607772661,705.0793959259856,3.7749999999999906,25.01479254828559,0.38474175665113663,-0.07950565963983536,-0.060748547871524464,-0.02836902078555455,-0.026047721154170915,152,0.8261651992797852,-0.6233328729626586,-2.5709856723495936
-2.6641518056392672,2.0366551280021667,1.2380217909812927,0.014236721353859087,-0.04377050893167342,231.9905776977539,243.87508392333984,-2752.9925537109375,-2117.9820556640625,601.6307592391805,651.0186979889744,3.7999999999999905,25.015349917941624,0.35616063409381443,-0.08406458050012589,-0.0628081825631321,-0.024939464351588555,-0.02594346880046732,153,0.7376306653022766,-0.18654466817160809,-2.1242059311566313
-2.604385250806809,1.772707998752594,1.1876400113105774,0.013198027151187437,-0.03932274695037527,227.2896728515625,235.2844467163086,-2689.9075927734375,-2072.8186645507812,532.8059453964077,598.0691465973732,3.8249999999999904,25.01590092976888,0.33017973105112713,-0.07823497802019119,-0.06487087572880414,-0.02145800852558234,-0.025803563377670292,154,0.6461138129234314,0.28905622071797954,-1.7190469875778303
-2.525956761837006,1.514135479927063,1.142900824546814,0.012276295654640704,-0.03448101813947573,222.41322326660156,226.6095733642578,-2587.6570434570312,-2032.5922241210938,465.5582555770727,546.2486799836041,3.8499999999999903,25.01644558376736,0.3071247206793891,-0.055443622171878815,-0.06657777889521999,-0.017921410180700623,-0.025615648234440777,155,0.5518472790718079,0.8005133265152075,-1.3602708914091743
-2.4182318955659867,1.2631146311759949,1.1027761101722717,0.011480048979707141,-0.029289216803285282,217.18091583251953,217.76683044433594,-2430.9310302734375,-1993.1350708007812,400.86682949064846,495.43387438057715,3.8749999999999902,25.016988118489582,0.2872088551521301,-0.011616160161793232,-0.06746257671669598,-0.014329718731065194,-0.02536312022585782,156,0.4556663930416107,1.3440132457459653,-1.0522260632149618
-2.278756594657898,1.0225739777088165,1.0656161606311798,0.010813723994374714,-0.024176384435199486,211.52080535888672,208.9095687866211,-2217.3098754882812,-1952.3643188476562,340.0935537338146,445.605497610558,3.89999999999999,25.017520056830513,0.27054309844970703,0.053141649812459946,-0.06699468011911507,-0.01069267422022923,-0.02502307200535753,157,0.3591240644454956,1.9148196139634401,-0.7983173185943584
-2.1032365143299105,0.7991237938404083,1.0288133323192596,0.010270264362052013,-0.019562416234745174,205.1881332397461,200.25135803222656,-1936.1515502929688,-1913.0338745117188,284.6608068466104,396.796389639367,3.92499999999999,25.018032921685112,0.25695085525512695,0.14312949776649475,-0.06458002524825385,-0.007092515530788166,-0.02456663116165317,158,0.2645801901817322,2.507403558923892,-0.6003657356612637
-1.904509711265564,0.6005129665136337,0.9888101518154144,0.009824711269897951,-0.016441521211416666,198.07000732421875,191.9439697265625,-1614.4648742675781,-1871.6156616210938,236.25701808928946,348.97054277657446,3.94999999999999,25.018511878119575,0.24580756823221842,0.24553732573986053,-0.05973418726301611,-0.0036676496876326776,-0.02396351255972349,159,0.17519764602184296,3.1158155236328695,-0.4579511358874367
-1.6874989032745362,0.42724113911390305,0.9419553577899933,0.00943443853601175,-0.01520827580903362,191.6686019897461,184.29654693603516,-1269.7439575195312,-1819.6246337890625,195.89539623260353,302.18015123604766,3.97499999999999,25.018925136990017,0.2360465129216512,0.349857360124588,-0.05227604624214124,-0.00046611781923367964,-0.023188855174673683,160,0.09463188797235489,3.734282599912454,-0.36792755011440453
-1.4592486441135408,0.2739067804068327,0.8849871456623077,0.009048634919329838,-0.016037010968671547,183.3358154296875,177.26535034179688,-920.4670867919922,-1751.4879760742188,164.1517972946188,256.6895353913218,3.99999999999999,25.019264221191406,0.22639637192090353,0.44644707441329956,-0.04229833844821283,0.0025384202110733103,-0.022228386127536606,161,0.026587437838315964,4.357896137881488,-0.3242965188237938
-1.2247237086296083,0.13322186842560768,0.8152134418487549,0.008614968264134857,-0.018919693514573576,175.68650817871094,170.8604278564453,-575.9326130151749,-1667.0423583984375,141.14012012482252,212.9023359894672,4.02499999999999,25.01951005723741,0.21554761462741429,0.5332411527633667,-0.030020038140673465,0.005397273446928608,-0.021079425612465365,162,-0.02548304758965969,4.983162166019758,-0.31842890143173386
-0.9777950137853623,-0.0003418922424316406,0.7310681939125061,0.008089034000290287,-0.023289162721012596,169.29373931884766,165.03569793701172,-237.72593688964844,-1553.5040283203125,126.74180479944675,171.22627702950746,4.04999999999999,25.01966052585178,0.20238929324679905,0.6038656234741211,-0.015764303273047432,0.008141329485527793,-0.019748078094021126,163,-0.058496106415987015,5.608231890444027,-0.339462674067043
-0.7157101601362229,-0.13312920182943344,0.6323856711387634,0.00744024322596305,-0.02864563063635401,161.18010711669922,159.843505859375,99.29988098144531,-1410.9866333007812,120.79865637720883,132.38867632150104,4.07499999999999,25.019702911376953,0.18615611725383335,0.6611286997795105,8.51451319063497e-05,0.010836066459504258,-0.01824196062904044,164,-0.06990524381399155,6.232735602468992,-0.3747446479890108
-0.4322958536446095,-0.2701073121279478,0.5198880732059479,0.006651202170283564,-0.03436987069526236,154.18052673339844,155.36151885986328,437.26324462890625,-1230.3323669433594,123.28115340174827,97.11401048898327,4.099999999999991,25.019605424669052,0.16641290651427376,0.7013113498687744,0.01714694473050282,0.013529979778092806,-0.016565669250998293,165,-0.057686787098646164,6.857225350543789,-0.4102227358934874
-0.12592922933399678,-0.4145904555916786,0.39505837857723236,0.005719159767039831,-0.04000166993602053,148.12743377685547,152.17831420898438,778.7156219482422,-1011.1307983398438,134.21273451747427,66.35570131540143,4.124999999999991,25.019365946451824,0.14309129781193203,0.7256469130516052,0.03502861607446107,0.016261475397119144,-0.01471740944705078,166,-0.020394686609506607,7.482283634171664,-0.4307668535642793
0.20283030308783057,-0.5698650926351547,0.2602274939417839,0.004652697948814901,-0.04513320268838573,142.71123504638672,148.51528930664062,1122.5567321777344,-753.2998504638672,153.68062506618338,41.077431356907624,4.1499999999999915,25.018950568305122,0.11640645563602448,0.7336605787277222,0.053307097380543816,0.019076661893698527,-0.012689509024604416,167,0.042844127863645554,8.107384716017428,-0.420507833225055
0.5504843428730966,-0.7392089068889618,0.11768046161159873,0.0034676409379257533,-0.049497000193940724,137.14004516601562,147.2265396118164,1464.1047973632812,-458.5370101928711,181.74454337062977,22.24493509531356,4.174999999999992,25.018310546875,0.08675486677222782,0.7248517870903015,0.07157068995165734,0.022026447776692142,-0.010471179060352475,168,0.13230487704277039,8.729625006776926,-0.3633293377506386
0.9063461676239968,-0.9250799715518951,-0.030170097947120667,0.002182528912867464,-0.05310601623467523,133.07180786132812,145.3650245666504,1792.5242309570312,-135.60293197631836,218.34716330471443,10.781509840494364,4.199999999999992,25.01742892795139,0.05460134810871548,0.7004252076148987,0.08941128931788223,0.0251450947175536,-0.008053533334751421,169,0.24766936898231506,9.342486124310721,-0.2436764817869208
1.2518767833709719,-1.129224807024002,-0.1813696064054966,0.0008133280965385733,-0.0562866836200165,130.61749649047852,145.41851425170898,2085.1802368164062,204.19083786010742,263.16026907864256,7.391436541089121,4.2249999999999925,25.016259087456596,0.020346430440743763,0.6569699645042419,0.10641371698765352,0.02844473258281036,-0.005435925303028798,170,0.388039231300354,9.93485290006919,-0.04779929120203513
1.573840343952179,-1.3441325426101685,-0.33446042984724045,-0.0006299629536284877,-0.059096231185076835,129.6166229248047,145.69569778442383,2330.4267578125,548.2510528564453,315.28977499905466,12.496207487594557,4.249999999999993,25.014786190456814,-0.01575839188363817,0.5945184826850891,0.12209639021210082,0.03177102390521123,-0.002633122505518286,171,0.5518807172775269,10.490578187246673,0.23452463931032297
1.8561114072799685,-1.5674476623535156,-0.4879690855741501,-0.002141000894804854,-0.061697486263379335,130.10451889038086,146.74151611328125,2514.2484130859375,881.0292358398438,373.55044394436845,26.202483809008054,4.274999999999993,25.01301447550456,-0.053552972773710884,0.514868974685669,0.13598800437968578,0.03504061278293403,0.0003190001127779907,172,0.7369593977928162,10.98892649227758,0.60792025856392
2.0959035485982898,-1.7992860078811646,-0.6406331956386566,-0.003712385962252686,-0.06389498947566902,132.93083572387695,149.46399688720703,2644.9339599609375,1189.0782775878906,436.4066542715178,48.22821470500634,4.299999999999994,25.010946061876083,-0.09285070829921299,0.42705199122428894,0.14776665821602344,0.038229446502086685,0.0033630174581600943,173,0.9404558539390564,11.406119826176331,1.0694185208206834
2.2932738661766052,-2.0400166511535645,-0.7914217412471771,-0.005332544718463284,-0.06559718633709599,137.51227951049805,153.3340721130371,2732.6319580078125,1462.333251953125,502.5300032705418,77.9551716447053,4.324999999999994,25.008629692925346,-0.13336089750130972,0.34059619903564453,0.1573509921498119,0.04134297934141735,0.006425850888387023,174,1.1592612266540527,11.717907970988174,1.6071315812849796
2.4521303057670596,-2.288936138153076,-0.9397043287754059,-0.006988541456612539,-0.06676486596179805,144.17675399780273,159.8969955444336,2789.225830078125,1696.0277099609375,570.8458022207375,114.51350294353489,4.349999999999994,25.006103515625,-0.17475904689894783,0.26121678948402405,0.1648579605647977,0.044385965459590726,0.009426903662661967,175,1.3903039693832397,11.902744986850985,2.2000787922280263
2.577606600522995,-2.5445486307144165,-1.0848795175552368,-0.008667042426121612,-0.06740513982212354,152.37523651123047,167.98770141601562,2824.1729736328125,1890.097412109375,640.5764479726909,156.91419569255953,4.374999999999995,25.00342475043403,-0.21671118007765877,0.19211195409297943,0.17050724096139874,0.047361883610780746,0.01228642294886411,176,1.6307575702667236,11.944980589201478,2.819328729929726
2.674000453948975,-2.8047679662704468,-1.2264004945755005,-0.010355759115124662,-0.06761461408661508,162.83419799804688,178.95333099365234,2842.6263427734375,2047.2036743164062,711.1807723135113,204.16663099529475,4.399999999999995,25.000654856363933,-0.25890999370151097,0.1330190896987915,0.17455907411238616,0.05026948335763183,0.014932950725400662,177,1.8781479597091675,11.837495293630148,3.4303147760602624
2.745434331893921,-3.0674245357513428,-1.363461673259735,-0.012044965784156396,-0.06745994268393032,174.9142837524414,191.85237884521484,2848.16650390625,2171.321044921875,782.2464308828472,255.34672285320556,4.424999999999995,24.997859530978733,-0.3011128968662686,0.08347437530755997,0.17725043142050662,0.053104568140832496,0.017308583004211116,178,2.1303534507751465,11.583360873248177,3.9959733254760614
2.7963639438152317,-3.3302301168441772,-1.4952830076217651,-0.013726100786431125,-0.06698557127594916,188.59779357910156,206.66374969482422,2844.349853515625,2267.0367431640625,853.4505934805035,309.62974897625287,4.449999999999996,24.995106591118706,-0.34310688575108844,0.042893994599580765,0.17881305783486742,0.05586313905755842,0.01937287406653719,179,2.385586977005005,11.196303903254782,4.480249282081266
2.830250233411789,-3.5909409523010254,-1.6211174130439758,-0.015392146276357575,-0.06626833622130959,203.33880615234375,223.08216094970703,2833.06005859375,2338.8275146484375,924.559339818394,366.3056675553548,4.474999999999996,24.99245325724284,-0.3847178816795349,0.009900934994220734,0.17946038907208162,0.05854053349530738,0.021105605734337604,180,2.642380952835083,10.699943734498428,4.8514904510994485
2.849664229154587,-3.847567558288574,-1.740411400794983,-0.017037970467350838,-0.06538328456729219,218.75861358642578,240.59352111816406,2815.499755859375,2390.2186279296875,995.3858412832377,424.77635542156594,4.4999999999999964,24.989948272705078,-0.4258192247814602,-0.01656755805015564,0.17936779428993094,0.061132315626388684,0.022507362654695412,181,2.8995463848114014,10.125973514217343,5.085312134455296
2.857523345947266,-4.098272681236267,-1.8526787757873535,-0.01865948603131602,-0.06435128467775127,234.45584106445312,258.8757095336914,2792.854736328125,2425.3973999023438,1065.773335179722,484.5318211198082,4.524999999999997,24.987636142306858,-0.4663105805714925,-0.03798258304595947,0.17867347490423366,0.06363177137202292,0.023597748189947122,182,3.156121253967285,9.511583653854197,5.166643128319863
2.857439523935318,-4.341564178466797,-1.9576441645622253,-0.020253017597889354,-0.06314406127205073,250.02118682861328,277.33897399902344,2766.819091796875,2449.324951171875,1135.5947035879249,545.166756117367,4.549999999999997,24.98554229736328,-0.5061018135812547,-0.055890362709760666,0.17748823506109387,0.06603291694213578,0.024411693442859404,183,3.411324977874756,8.896474181008253,5.090806346333457
2.8520901024341585,-4.576199054718018,-2.0554333329200745,-0.021814416461435202,-0.061746958641816764,265.19322204589844,295.7790069580078,2739.4989013671875,2464.835205078125,1204.7651808828466,606.3998798966638,4.5749999999999975,24.98368369208442,-0.5450909667544894,-0.07079507410526276,0.17590174006546325,0.06832900704902883,0.024994332752125294,184,3.664518356323242,8.319797684758447,4.8636162034563295
2.8439129292964935,-4.801197052001953,-2.146067976951599,-0.023337944342042283,-0.060123283420655094,279.93382263183594,313.7740478515625,2713.1448974609375,2474.170654296875,1273.2526534170263,668.020760023617,4.599999999999998,24.982070922851562,-0.5831360816955566,-0.08282606303691864,0.1739769570323653,0.0705134233212743,0.02539500117693851,185,3.915172815322876,7.817334041566007,4.500580645310039
2.8359004795551304,-5.016027450561523,-2.2299450635910034,-0.024817182605364585,-0.058217042646646816,294.28660583496094,331.77381896972656,2689.5101318359375,2481.0774536132812,1341.0812758535496,729.8750263810389,4.624999999999998,24.980714586046005,-0.6200782457987467,-0.0930134505033493,0.1717713935965889,0.07258299493269929,0.025661404670919704,186,4.1628522872924805,7.419134414159069,4.025372252376698
2.828561818599701,-5.220231294631958,-2.3076146841049194,-0.02624580832440777,-0.0560642014780756,308.1188201904297,349.3878936767578,2669.4482421875,2485.665283203125,1408.319029149448,791.9019627213709,4.649999999999999,24.97961680094401,-0.6557608313030667,-0.10105094313621521,0.16934360601260223,0.07453250791323215,0.025835001162100836,187,4.40719747543335,7.147793874235632,3.4677833646512823
2.822761744260788,-5.413620233535767,-2.379535436630249,-0.027617165677041245,-0.05366450608240006,321.28001403808594,366.2865295410156,2652.845458984375,2489.6608276367188,1475.0552352041354,854.043594801449,4.674999999999999,24.978783925374348,-0.6900186671151055,-0.10768543928861618,0.16672878129630794,0.07636009388892064,0.025948374842537952,188,4.64792013168335,7.017430719366435,2.8613996983119607
2.8180849432945254,-5.5960681438446045,-2.446109175682068,-0.028926217543734475,-0.05107610491754639,333.6062774658203,382.2816619873047,2639.1865234375,2492.8466796875,1541.3763716787448,916.2851154923669,4.699999999999999,24.97820536295573,-0.722726583480835,-0.1130099669098854,0.16396879765584751,0.07806403012743457,0.026024957368634544,189,4.884784698486328,7.033368227633569,2.241220173570998
2.8145591616630554,-5.767321348190308,-2.507625460624695,-0.030168205604633545,-0.04831787729892973,344.8916931152344,397.0465850830078,2627.8062744140625,2495.9666748046875,1607.3560347646824,978.6062824845544,4.725,24.977874755859375,-0.7537662982940674,-0.117573082447052,0.1610834457070716,0.07964047585113936,0.0260799807734691,190,5.117600440979004,7.192452028164103,1.6414175453691877
2.811297404766083,-5.927366733551025,-2.564362645149231,-0.03133986748740311,-0.045451229895622426,354.9582977294922,410.2935028076172,2618.1021728515625,2498.0238647460938,1673.0511916250339,1041.0054493546716,4.75,24.97776879204644,-0.7830563518736098,-0.12117009609937668,0.1580984415992563,0.081089922080361,0.02612241241977463,191,5.346205234527588,7.48389391179155,1.0933869005942722
2.808697754144669,-6.075878381729126,-2.6163817644119263,-0.03243841519527699,-0.0424744108469699,363.6851501464844,421.8343963623047,2609.6458740234375,2500.1953125,1738.5037459463229,1103.4560459733239,4.775,24.97786627875434,-0.8105267418755425,-0.12445203214883804,0.1550275339015291,0.0824078913755168,0.026156654845728166,192,5.570469379425049,7.89051200077749,0.624184375542046
2.806131982803345,-6.212747573852539,-2.6636935472488403,-0.03346147685040934,-0.039422881807362246,371.0285186767578,431.59080505371094,2602.1629638671875,2501.6180419921875,1803.7448927969087,1165.9609287858239,4.800000000000001,24.97814390394423,-0.836117664972941,-0.12714363634586334,0.15188072611273465,0.08359426306211984,0.026184541055173736,193,5.790277004241943,8.390225622168199,0.2554089756326383
2.803658211231232,-6.337733030319214,-2.7063207626342773,-0.03440750657101114,-0.03631003764484472,377.0306091308594,439.6126403808594,2595.51904296875,2502.5369262695312,1868.7989668935884,1228.5013798356285,4.825000000000001,24.97857411702474,-0.8597897158728706,-0.12939047813415527,0.14867351450146585,0.0846466611011351,0.02620644763573424,194,6.0055317878723145,8.957667762129386,0.0025405140982130425
2.8014750421047214,-6.450598239898682,-2.744202136993408,-0.03527490437983375,-0.033135451837524,381.78684997558594,445.9822540283203,2589.6724853515625,2503.3543090820312,1933.6869429678072,1291.0648029923668,4.850000000000001,24.979129367404514,-0.8815020985073514,-0.13136878609657288,0.1454134557873158,0.08556307563817737,0.02622224142935517,195,6.216154098510742,9.565795842922075,-0.12528614727423656
2.7995468437671662,-6.551167964935303,-2.7772984504699707,-0.03606223466660206,-0.02990750710105001,385.41998291015625,450.8824920654297,2584.6353759765625,2503.9887084960938,1998.4287551015964,1353.6486607194176,4.875000000000002,24.97979270087348,-0.9012177917692397,-0.13302291929721832,0.14210769057095726,0.0863426203399464,0.026231922436036528,196,6.422073841094971,10.187395901549392,-0.12512272493609358
2.7976750135421753,-6.639261722564697,-2.8055174350738525,-0.03676838431320417,-0.02664385311942834,388.0534210205078,454.45147705078125,2580.37890625,2504.09765625,2063.0446395010104,1416.24837843182,4.900000000000002,24.980542924669052,-0.9189083178838094,-0.13421934843063354,0.13876625564074846,0.0869840551720596,0.026235790261400948,197,6.623233795166016,10.796403671751145,0.0002680771477337196
2.796111309528351,-6.714693784713745,-2.828894853591919,-0.037392475308718226,-0.023343674299575155,389.81488037109375,456.87049865722656,2576.9197998046875,2504.1177368164062,2127.5541121572605,1478.8508198380698,4.9250000000000025,24.981365203857422,-0.9345507621765137,-0.13513554632663727,0.13539881327801936,0.08748573230359247,0.026234362973504233,198,6.819590091705322,11.368990900236842,0.24312992865671837
2.794901877641678,-6.77738356590271,-2.8473682403564453,-0.03793364212578994,-0.020010707389394974,390.7845458984375,458.24530029296875,2574.2166748046875,2504.1695556640625,2191.977107152378,1541.45376325848,4.950000000000003,24.98225106133355,-0.9481225411097208,-0.1358351707458496,0.1320111808252761,0.087847610122653,0.026228404150565182,199,7.011111259460449,11.884388745089002,0.5915904215871759
2.794082057476044,-6.827234506607056,-2.8609142303466797,-0.03839109829965989,-0.016648643363711073,390.9969177246094,458.6121063232422,2572.285888671875,2504.2994995117188,2256.332524022495,1604.0580021500816,4.975000000000003,24.983185662163628,-0.9596034553315904,-0.13633646070957184,0.12860862634804998,0.0880691851253476,0.026218852140749125,200,7.1977715492248535,12.325444507452177,1.0306203338911233
2.793632572889328,-6.864171266555786,-2.8695191144943237,-0.03876418636243398,-0.013262596324054248,390.50140380859375,458.05010986328125,2571.0706787109375,2504.5260620117188,2320.6396712392916,1666.6654896378745,5.0000000000000036,24.98416264851888,-0.9689761532677544,-0.13666631281375885,0.1251957271544646,0.08815004951513433,0.02620672851600546,201,7.37955379486084,12.678925343907773,1.5430087393944985
2.7935443699359896,-6.888105630874634,-2.873150110244751,-0.039052369520704976,-0.009856962566817732,389.3799591064453,456.67771911621094,2570.5550537109375,2504.8410034179688,2384.916438207065,1729.2786411881675,5.025000000000004,24.985171424018013,-0.9762263960308499,-0.1368229240179062,0.12177672765750724,0.08808937937655097,0.02619301323639155,202,7.556446075439453,12.935594967307836,2.110299810044401
2.793802261352539,-6.899020671844482,-2.871869444847107,-0.03925520668841734,-0.006436474404422917,387.7201385498047,454.61534118652344,2570.7177734375,2505.2290649414062,2449.1803145498384,1791.8996662736167,5.050000000000004,24.98620563083225,-0.9813427925109863,-0.13680291175842285,0.11835603039535497,0.08788743270332809,0.02617859055461309,203,7.728442668914795,13.090097952090076,2.7136482296145834
2.794389891624451,-6.896973133087158,-2.865659713745117,-0.03937239409875923,-0.0030059676588726314,385.5993347167969,451.97621154785156,2571.535400390625,2505.6764526367188,2513.448258885776,1854.5303928971518,5.075000000000005,24.98726314968533,-0.9843169980578952,-0.13660475611686707,0.11493807951807683,0.08754565342811925,0.026164209484726662,204,7.895544528961182,13.140689859057844,3.3345642556516735
2.795296746492386,-6.881911516189575,-2.854538083076477,-0.0394037403370273,0.0004298986983714394,383.08180236816406,448.84930419921875,2572.9881591796875,2506.17578125,2577.7366438955414,1917.1723042130698,5.100000000000005,24.98833974202474,-0.9851439793904623,-0.13623037934303284,0.1115272942086067,0.08706345898443599,0.026150467157382933,205,8.057758331298828,13.088853736998605,3.955529992375192
2.796513479948044,-6.853913068771362,-2.838525414466858,-0.0393491746630051,0.0038665715460979647,380.2113037109375,445.2985076904297,2575.056640625,2506.7255859375,2642.061347875034,1979.8266987443199,5.125000000000005,24.98943540785048,-0.9838214185502794,-0.13568352162837982,0.10812804371560797,0.08644242646298632,0.026137837948151072,206,8.215097427368164,12.938841624626939,4.560479668658662
2.7980371713638306,-6.812948226928711,-2.8176469802856445,-0.039208722043827846,0.007299752115785664,377.0172576904297,441.36395263671875,2577.7286376953125,2507.3274536132812,2706.437763890659,2042.4948383927574,5.150000000000006,24.990550147162544,-0.9803499115837945,-0.1349685937166214,0.10474458909682476,0.08568215638960675,0.02612667555811336,207,8.367581367492676,12.697176126106633,5.135145514699179
2.7998745381832126,-6.759115695953369,-2.7919026613235474,-0.038982528121117646,0.010725562959320083,373.5152893066406,437.06614685058594,2581.0108642578125,2507.9841918945312,2770.8809798330417,2105.1780247330894,5.175000000000006,24.991681840684677,-0.9747327698601617,-0.13408368825912476,0.10138109154146034,0.08478441310851945,0.02611726294813561,208,8.51523494720459,12.372142931269677,5.667277687461147
2.801907587051392,-6.69257664680481,-2.7614165544509888,-0.03867085504979431,0.014134516305243492,369.70802307128906,432.3803253173828,2584.9180908203125,2508.4628295898438,2835.406251439487,2167.877629530453,5.200000000000006,24.992832607693142,-0.9669762187533908,-0.1329229325056076,0.09804242796326092,0.08375198461649058,0.026109818580650996,209,8.658090591430664,11.973298103737571,6.146751336176067
2.8040484070777896,-6.613340616226196,-2.726183533668518,-0.03827434365299514,0.017513927288418437,365.5956268310547,427.3177185058594,2589.4564208984375,2508.59423828125,2900.029203709995,2230.589200270199,5.225000000000007,24.993996090359158,-0.9570962852901883,-0.13141374289989471,0.09473779459036565,0.08258476272260089,0.026104463130146416,210,8.79619026184082,11.511008713799193,6.565576182239199
2.8064938485622406,-6.521538257598877,-2.6863255500793457,-0.03779370133288468,0.02086520967287672,361.1679382324219,421.8646697998047,2594.658447265625,2508.7047119140625,2964.765614232456,2293.3040562272304,5.250000000000007,24.995174407958984,-0.9451101223627726,-0.12968143820762634,0.09147359133176916,0.08128468654101906,0.02610120283840567,211,8.929585456848145,10.996041151742192,6.917826356876129
2.809252965450287,-6.4173057079315186,-2.6418763399124146,-0.03722968958708713,0.024182836359059125,356.4072265625,416.03160095214844,2600.54443359375,2508.7891235351562,3029.6320754140966,2356.021674025082,5.2750000000000075,24.996361202663845,-0.9310369359122382,-0.1277114748954773,0.08825566049711278,0.07985372847542746,0.026100085559104598,212,9.058340072631836,10.439205825024564,7.199508072405527
2.8119837522506717,-6.300819635391235,-2.592900514602661,-0.03658334871290331,0.0274448362679725,351.2948913574219,409.7295227050781,2607.1629638671875,2508.1722412109375,3094.6456862539403,2418.741402113461,5.300000000000008,24.997550116644966,-0.9149023559358385,-0.12520593404769897,0.08509233278718145,0.07829440604529403,0.02610120075781107,213,9.182524681091309,9.851063316004245,7.408384207649232
2.814746373891831,-6.172303676605225,-2.5396212339401245,-0.03585637231433893,0.030638272262383946,345.82762145996094,402.9723205566406,2614.5203857421875,2506.9535522460938,3159.8247603506197,2481.4457081437345,5.325000000000008,24.998739030626083,-0.8967484368218316,-0.12220297008752823,0.08199897131251353,0.07660960295473664,0.02610450682263305,214,9.302228927612305,9.24169110656882,7.543769197633642
2.8178013503551487,-6.031880140304565,-2.4821313619613647,-0.03505039573875087,0.033764126382945424,340.01206970214844,395.7405700683594,2622.6619873046875,2505.5613403320312,3225.1877699941742,2544.1195469498866,5.3500000000000085,24.999915228949654,-0.8766159746381972,-0.11886212974786758,0.07898477230124823,0.07480040527413732,0.026109887240272852,215,9.417559623718262,8.620508975508669,7.606306463148935
2.8203916549682617,-5.8798441886901855,-2.420617461204529,-0.034167582804524824,0.03677796753193926,333.86683654785156,388.056640625,2631.6197509765625,2502.5711059570312,3290.7543196767915,2606.758580458187,5.375000000000009,25.001074473063152,-0.8545588784747653,-0.11456777900457382,0.07606489080446376,0.07287058304091423,0.02611727543170322,216,9.52863883972168,7.996160433630807,7.597744407763969
2.823063737154007,-5.716468095779419,-2.3553661108016968,-0.033210892117184296,0.03967966879309473,327.42218017578125,379.99249267578125,2641.4271240234375,2498.943603515625,3356.5448134512053,2669.322858107113,5.400000000000009,25.002208285861546,-0.8306510580910577,-0.10971158742904663,0.07326058217661031,0.07082296378313097,0.02612639467784214,217,9.635619163513184,7.376443839613072,7.520715867619457
2.8253608107566834,-5.542038202285767,-2.2865355014801025,-0.03218330308819881,0.042436851953221374,320.7217254638672,371.5287780761719,2652.10009765625,2493.8186645507812,3422.580491551791,2731.7964481950034,5.42500000000001,25.0033081902398,-0.8049669530656602,-0.10391219705343246,0.070586568705089,0.06866047905858123,0.026136966179012993,218,9.73867416381836,6.768287359480548,7.378530538945769
2.827134215831757,-5.356853485107422,-2.214599132537842,-0.03108918080504259,0.045012815323546534,313.84080505371094,362.77198791503906,2663.6546630859375,2486.8972778320312,3488.882993993197,2794.141914808773,5.45000000000001,25.00436570909288,-0.7776158385806613,-0.09704988449811935,0.06807371393022031,0.066385421682516,0.026148571735700853,219,9.838013648986816,6.177761568243143,7.174986565327653
2.828494644165039,-5.1613852977752686,-2.1398056745529175,-0.02993292364470345,0.047393206962508205,306.8459014892578,353.8098449707031,2676.0838623046875,2478.3794555664062,3555.474360570345,2856.3143467545738,5.47500000000001,25.00537872314453,-0.7487077183193631,-0.08919324725866318,0.065741421477259,0.06400282253268201,0.026160662070930894,220,9.933881759643555,5.610123070620862,6.914202851419425
2.8288436591625215,-4.955980539321899,-2.0626630783081055,-0.0287205486867693,0.049516487042979535,299.8272399902344,344.70921325683594,2689.411865234375,2467.135498046875,3622.376457127962,2918.273833143734,5.500000000000011,25.00634087456597,-0.7183933258056641,-0.07986108213663101,0.06362754984557621,0.06151458119195054,0.026172615086917227,221,10.026561737060547,5.069882427356458,6.600478108972578
2.8284233808517456,-4.741160154342651,-1.9836276769638062,-0.02745820824947714,0.05136825785031729,292.8761901855469,335.6253356933594,2703.564453125,2453.6721801757812,3689.6117537588216,2979.952220594906,5.525000000000011,25.007250044080948,-0.6868268383873833,-0.06931426376104355,0.06175642534725415,0.0589250731507688,0.026183640157711234,222,10.116386413574219,4.560891766867069,6.238174604137356
2.8263082623481752,-4.517500877380371,-1.90339857339859,-0.026154362030477173,0.052859657189086084,286.03424072265625,326.66156005859375,2718.4278564453125,2436.400390625,3757.2008650869466,3041.2940250993006,5.550000000000011,25.008106231689453,-0.6542202499177721,-0.05691714212298393,0.0601778615782449,0.056238255700069094,0.026192813499309794,223,10.203736305236816,4.086445732914427,5.831629331945113
2.8227532744407657,-4.285600423812866,-1.8225316405296326,-0.024817584160122697,0.05397371572971508,279.3940124511719,317.7806091308594,2733.8861083984375,2415.893798828125,3825.161561498079,3102.2040348649257,5.575000000000012,25.00891367594401,-0.6207882695727878,-0.04293753579258919,0.058922006354326005,0.0534578302176477,0.026198899238519546,224,10.289051055908203,3.649391614807266,5.385092554778049
2.8174073576927188,-4.046176314353943,-1.7419416308403015,-0.023458976691207976,0.054638777794124314,273.0460510253906,309.0637512207031,2749.6214599609375,2391.8173217773438,3893.50871420804,3162.601379835629,5.600000000000012,25.009674496120876,-0.5868090523613824,-0.02737247943878174,0.05804369582681788,0.05058781017049116,0.026200511699335804,225,10.372834205627441,3.25224564828327,4.902692118819481
2.8095026791095736,-3.799976944923401,-1.6622855067253113,-0.022089610467608257,0.054800851952401655,267.0264892578125,300.57325744628906,2765.2091064453125,2363.184326171875,3962.2492507070633,3222.396812880063,5.625000000000012,25.010392930772568,-0.5525597267680697,-0.00997315812855959,0.05756957825137811,0.047631903178179565,0.026196104999969563,226,10.455643653869629,2.8973070878403773,4.388427838160154
2.7996449768543243,-3.5479578971862793,-1.5845934748649597,-0.020723402586613805,0.054429590651687794,261.3334197998047,292.3157653808594,2779.8956298828125,2331.8526611328125,4031.379478368196,3281.47642103436,5.650000000000013,25.011077457004124,-0.5183888475100199,0.008188302628695965,0.05754985837574392,0.04459515884381105,0.026183862781333608,227,10.53809642791748,2.586765167490385,3.846194443010908
2.785869836807251,-3.2910592555999756,-1.5096856355667114,-0.019373797850540313,0.05343886559785389,255.9541015625,284.0952606201172,2792.6368408203125,2295.26513671875,4100.876869115266,3339.772737562681,5.675000000000013,25.011728074815537,-0.48463278346591526,0.0278000570833683,0.05799528455162728,0.041481318076479354,0.026161897944124258,228,10.620850563049316,2.32279234656316,3.2798324785385837
2.7693165957927706,-3.0304776430130005,-1.4385001063346863,-0.018057118524037526,0.051843082827921605,250.82218170166016,276.02254486083984,2801.727783203125,2257.210693359375,4170.692790135774,3397.1543659806503,5.7000000000000135,25.012353261311848,-0.4517001244756911,0.046575408428907394,0.058931169292951564,0.038295626055175155,0.026127813643360448,229,10.704595565795898,2.107615009313653,2.693206414706923
2.7475535392761232,-2.767489194869995,-1.3718737363815308,-0.016788180521263615,0.04958711490732628,245.76870727539062,268.02415466308594,2804.9749755859375,2215.4287109375,4240.735984715852,3453.584633314635,5.725000000000014,25.012955135769314,-0.41996147897508407,0.06466842442750931,0.06031933784996616,0.03504353081686281,0.026079025780546956,230,10.790007591247559,1.9435485395150798,2.0903072878171534
2.7203931629657747,-2.5034825801849365,-1.3106091618537903,-0.015584400499628776,0.04668586305460475,240.92618560791016,259.9912643432617,2799.31005859375,2172.6331787109375,4310.860359105501,3508.970351088073,5.750000000000014,25.013537936740452,-0.3898525569174025,0.0798688605427742,0.06213515182139864,0.0317293516759353,0.026012138825293935,231,10.877721786499023,1.8329854171369533,1.475372455376582
2.687488204240799,-2.239814519882202,-1.255039393901825,-0.014459622735612215,0.04324587035811701,236.34329223632812,251.98914337158203,2781.4937744140625,2131.4227294921875,4380.843110570345,3563.2861805558473,5.775000000000015,25.01410378350152,-0.3617197275161743,0.08969299495220184,0.06426750745552226,0.02835695645775703,0.025923085215155208,232,10.968278884887695,1.7783290760669477,0.8530086431279463
2.6414433419704437,-1.9780853986740112,-1.2057018876075745,-0.013430069625322802,0.039112931468369055,232.06698608398438,243.6471939086914,2742.1224365234375,2087.6531372070312,4450.380454930697,3616.5717487931524,5.800000000000015,25.014665391710068,-0.33596889840232,0.09226957708597183,0.06656229927138389,0.02492637012946323,0.0258069027320059,233,11.062027931213379,1.7818490118070693,0.22830019015076053
2.5810736775398255,-1.7203549146652222,-1.1625349521636963,-0.012510179454998506,0.03450217778657425,227.53943634033203,235.1666717529297,2671.7657470703125,2048.5902709960938,4518.933515843783,3668.7630772233288,5.825000000000015,25.015222761366104,-0.3129612406094869,0.0811106488108635,0.06876237409860118,0.021442425912313476,0.02565504845441174,234,11.159035682678223,1.8454479325593474,-0.3931305506546191
2.5012047350406648,-1.4686386585235596,-1.1246339678764343,-0.011709435574833532,0.029588333486187817,222.8317413330078,226.5666732788086,2562.170654296875,2013.0055541992188,4585.727659520542,3719.9778339982317,5.850000000000016,25.01577589246962,-0.29293398062388104,0.0535644106566906,0.07048551006409891,0.017906299862406327,0.02545566299314347,235,11.258901596069336,1.9703314778455,-1.0051606682205367
2.3930404603481295,-1.2247411012649536,-1.0909377932548523,-0.011034913046770706,0.024471323284141956,217.80144500732422,217.77584075927734,2400.59033203125,1977.5350341796875,4649.7819258779655,3770.302972853213,5.875000000000016,25.016324785020615,-0.2760641773541768,0.006239316891878843,0.07127304841032737,0.01431107660343464,0.025192109913766504,236,11.360621452331543,2.1565992683728736,-1.601363013299136
2.252681961655617,-0.9918709695339203,-1.0596301853656769,-0.010486832413837797,0.019529060142091933,212.2201690673828,209.07332611083984,2178.818115234375,1943.2368774414062,4709.796684178749,3819.7413487077056,5.900000000000016,25.01686520046658,-0.262357278002633,-0.06426332890987396,0.07060222309887162,0.010677864027706218,0.024841290455013605,237,11.46249008178711,2.4028425670964078,-2.175408666760695
2.0815807908773425,-0.7766693830490112,-1.0278535783290863,-0.01005370983413114,0.015379865566721487,205.9567413330078,200.5557632446289,1900.004150390625,1909.5962524414062,4764.267137059613,3868.3222706437414,5.925000000000017,25.017386542426216,-0.25152600473827785,-0.1556115448474884,0.06789299764431242,0.007097069302185308,0.024375222700087528,238,11.561997413635254,2.7058324702256997,-2.721689490754906
1.8879858225584032,-0.5855448842048645,-0.9919616281986237,-0.009706422184714498,0.012785521183388276,198.8829574584961,192.39749908447266,1582.7279663085938,1873.1126708984375,4811.767240819383,3916.062176954777,5.950000000000017,25.017869737413193,-0.24284162455134922,-0.25818008184432983,0.06272642351766668,0.003690143467255553,0.023765514855054504,239,11.65589427947998,3.060406498111879,-3.236105165958111
1.6772349417209627,-0.41872868686914444,-0.9484176635742188,-0.009400513400734964,0.012108870207047987,192.8174819946289,184.8761978149414,1244.5590209960938,1825.989990234375,4851.335439977103,3962.8899937272386,5.975000000000017,25.018291473388672,-0.235191716088189,-0.3619544804096222,0.054959139428504035,0.0005042408141935688,0.02298973394891982,240,11.740519523620605,3.4596714928750467,-3.7168424313713153
1.4558811604976656,-0.2697586230933666,-0.8940354585647583,-0.009084683301397582,0.013491411795962494,184.49301147460938,177.99026489257812,904.1059875488281,1761.6279907226562,4882.449415502011,4008.539743483099,6.000000000000018,25.018639034695095,-0.22729264365302193,-0.4568331837654114,0.044704924773208955,-0.0025022588917298465,0.022035789646453436,241,11.812203407287598,3.895506561325033,-4.164923514794861
1.227946037054062,-0.1320030242204666,-0.8262845873832703,-0.008708171620206524,0.016877924888810084,176.90843963623047,171.72509765625,567.5386981964111,1681.2622680664062,4905.052065190738,4052.5804432511663,6.025000000000018,25.018895467122395,-0.21787433160675895,-0.5424988865852356,0.032188648135730386,-0.005374425202255126,0.020901957134730607,242,11.867546081542969,4.359172665224318,-4.584390834336815
0.9868055880069734,-0.0004722997546195984,-0.743672251701355,-0.008227458559879611,0.021698695870287454,170.59748077392578,165.95323181152344,235.90406799316406,1571.7398681640625,4919.240532645655,4094.611999952828,6.0500000000000185,25.01906288994683,-0.2058479686578115,-0.6125090718269348,0.017712307822494118,-0.008134577435896871,0.01959403711150066,243,11.903507232666016,4.841778464425461,-4.982144731250249
0.7293912559747696,0.13066419586539268,-0.6461316049098969,-0.0076135021406700705,0.027449777680151357,162.62264251708984,160.90576934814453,-95.99064636230469,1432.6394653320312,4925.13813434549,4133.905496656931,6.075000000000019,25.019126468234592,-0.19048685828844705,-0.6695069074630737,0.0016552804934576448,-0.010842513702026041,0.018118573046785706,244,11.917556762695312,5.3344578905326605,-5.367491937862067
0.44995896965265275,0.2662946321070194,-0.5343200415372849,-0.006849438103034435,0.0335467271336163,155.5318374633789,156.4429931640625,-429.93004608154297,1255.2514953613281,4922.7383681864385,4169.721483290235,6.100000000000019,25.019056532118057,-0.17136916518211365,-0.7097452878952026,-0.015619800776478114,-0.013546641699811264,0.01647848089391992,245,11.907679557800293,5.828210351483447,-5.751474669091874
0.147366170398891,0.40956490486860275,-0.4097920060157776,-0.005933350739493259,0.039548961679031484,149.60658264160156,153.19312286376953,-768.3306427001953,1039.9151916503906,4911.9901170344065,4201.102770674271,6.1250000000000195,25.018848843044704,-0.14844735463460287,-0.7348685264587402,-0.033721072638854016,-0.01628327014571981,0.014670282939026686,246,11.872420310974121,6.3134317643496045,-6.146035679840761
-0.17926934473216535,0.5637149661779404,-0.27480465918779373,-0.00487438426332068,0.0449936863367792,143.98762893676758,149.77513122558594,-1110.0661926269531,783.8721923828125,4892.781850966908,4227.100650465534,6.15000000000002,25.01847373114692,-0.12195062306192186,-0.7429576516151428,-0.05222830075722316,-0.019098534144448103,0.012684641473533915,247,11.810891151428223,6.779257878248505,-6.56301100206775
-0.5258674316108227,0.7320772409439087,-0.1317072045058012,-0.003689137918322785,0.049636695476682986,138.3575096130371,148.20713806152344,-1450.4482116699219,489.8876953125,4865.0301961512405,4246.69745527511,6.17500000000002,25.017873975965713,-0.09229481220245361,-0.7340460419654846,-0.07072832377648688,-0.022044711236105203,0.01050908541339947,248,11.722805976867676,7.212900979940569,-7.012917688738148
-0.8821292728185655,0.917115181684494,0.016931921243667603,-0.002397527416100647,0.05346677885502929,134.1529083251953,146.39026641845703,-1779.3754272460938,166.73929977416992,4828.768990859499,4258.944647657928,6.200000000000021,25.017036861843533,-0.059979144069883555,-0.7095931768417358,-0.08880236585701402,-0.025157105990188777,0.008132987081398254,249,11.608479499816895,7.599212704250104,-7.503518893947949
-1.229656794667244,1.1204054951667786,0.16919167339801788,-0.0010172125835585292,0.05679310866843029,131.65447998046875,146.34190368652344,-2073.9859619140625,-174.7428741455078,4784.284605178354,4263.113130152288,6.225000000000021,25.015909406873917,-0.025446508079767227,-0.666037380695343,-0.10603380873577531,-0.028446595755276114,0.005553827917764999,250,11.468815803527832,7.920723273203604,-8.038220057068497
-1.5541185140609743,1.3352106809616089,0.32332461327314377,0.0004404692242635735,0.059722793926977616,130.41196823120117,146.4862518310547,-2320.818603515625,-521.7827453613281,4732.434956130508,4258.7445582986575,6.250000000000021,25.014481014675564,0.011018110025260184,-0.6028051376342773,-0.12193658390193925,-0.0317737973378152,0.002784367428968494,251,11.305359840393066,8.158413497665519,-8.614451993574685
-1.8402468502521516,1.5585859417915344,0.4780048578977585,0.001967887361645622,0.062376571535403526,130.7085189819336,147.84459686279297,-2507.9307861328125,-858.3266906738281,4674.414491042623,4245.699989664632,6.275000000000022,25.012747446695965,0.04922233521938324,-0.5225739479064941,-0.13603206305096976,-0.03504513599559796,-0.0001414365941320175,252,11.120361328125,8.29339200195204,-9.222358665909686
-2.083290818333626,1.7905848026275635,0.6318299770355225,0.0035569795895249038,0.06461853705432992,133.33944702148438,149.94715118408203,-2640.4541015625,-1170.4859924316406,4611.716221389307,4224.241822397794,6.300000000000022,25.010710822211372,0.08896296223004659,-0.4336074888706207,-0.14798826650823166,-0.0382356154650805,-0.0031676158154052866,253,10.916671752929688,8.309383710448452,-9.84425912453567
-2.283477205038071,2.031516671180725,0.7837265133857727,0.0051956488757575045,0.06635138523542802,137.72539520263672,153.70080184936523,-2729.305419921875,-1447.7411499023438,4545.704868850247,4194.979672587009,6.325000000000022,25.008422003851997,0.12993613878885904,-0.3457101881504059,-0.15771614482477542,-0.041349202399870805,-0.006221798653427311,254,10.697442054748535,8.195579603259912,-10.455300334715522
-2.4447238862514498,2.2807974815368652,0.9330642223358154,0.006870598270281606,0.06753277181736558,144.20779418945312,159.9943962097168,-2786.71923828125,-1684.9915771484375,4477.472233352202,4158.786143839457,6.350000000000023,25.00591278076172,0.17180828584565055,-0.2650085687637329,-0.16533251922629302,-0.044392194759827995,-0.009223332045055231,255,10.465795516967773,7.94920527973496,-11.025403877586918
-2.5721900045871737,2.5369116067886353,1.0793661773204803,0.008568206900463348,0.06817251720666226,152.2610206604004,167.8965301513672,-2822.2921142578125,-1882.07958984375,4407.804252395173,4116.661354410751,6.375000000000023,25.003246731228298,0.2142382330364651,-0.19478337466716766,-0.17106024636175368,-0.04736785283669281,-0.01209169801950348,256,10.224604606628418,7.577234377047955,-11.52224632232319
-2.6702372252941133,2.797698974609375,1.221977710723877,0.01027590797490892,0.06836996563435642,162.5339698791504,178.6916275024414,-2841.29931640625,-2041.6633911132812,4337.246949538729,4069.6093646646623,6.4000000000000234,25.000476837158203,0.25691163208749557,-0.13480792939662933,-0.1751659585905448,-0.05027406482694461,-0.01475413194176945,257,9.9763822555542,7.096893475908391,-11.914782736731466
-2.742995607852936,3.061060070991516,1.3601559400558472,0.011983766134246914,0.0681975467597198,174.50008392333984,191.40834045410156,-2847.2752685546875,-2167.7727661132812,4266.214466628573,4018.5677798868337,6.425000000000024,24.997677273220486,0.2995806601312425,-0.08455420285463333,-0.17789178719002496,-0.053108059378574025,-0.017151065348111335,258,9.723281860351562,6.534868384272832,-12.176761841171665
-2.7949982583522797,3.3247013092041016,1.4931419491767883,0.013683062646799223,0.0677004469363105,188.10372924804688,206.1025848388672,-2843.8468017578125,-2265.0678100585938,4195.032584914706,3964.3734607340048,6.450000000000024,24.994913736979168,0.34202830659018624,-0.043423332273960114,-0.17947400448315465,-0.05586607477654132,-0.01924013837273736,259,9.467113494873047,5.925341420233041,-12.28973050500916
-2.8298162281513215,3.586283326148987,1.6202141642570496,0.01536663714624436,0.06695543178255003,202.81332397460938,222.44515991210938,-2833.0421142578125,-2338.0797119140625,4123.93641487076,3907.7467654825423,6.4750000000000245,24.99224344889323,0.38407696617974174,-0.010076701641082764,-0.1801302406652638,-0.05854206481293417,-0.02099912298322107,260,9.209364891052246,5.307156839928016,-12.245138789831524
-2.8499638855457308,3.843848705291748,1.7406506538391113,0.017029292307267463,0.06604325749730586,218.24493408203125,239.9276123046875,-2815.949951171875,-2390.3438110351562,4053.1103620143144,3849.2947726846924,6.500000000000025,24.98971939086914,0.4255983895725674,0.016594544053077698,-0.18003937693782165,-0.06113254033060566,-0.022426687599017427,261,8.951237678527832,4.720523732402704,-12.0453330588409
-2.8583922326564792,4.095586538314819,1.8541311621665955,0.01866697825247647,0.06498616979805855,233.99679565429688,258.23377990722656,-2793.6822509765625,-2426.1827392578125,3982.711613235017,3789.5361774088146,6.525000000000025,24.987383948432075,0.4664931363529629,0.03814612701535225,-0.1793425275490888,-0.06363157579613037,-0.023540756542619425,262,8.693699836730957,4.203681580846038,-11.703412410526097
-2.8586361050605777,4.339936256408691,1.960328996181488,0.020276120520345792,0.06376075367316142,249.6529998779297,276.76097106933594,-2767.877197265625,-2450.4706420898438,3912.8695569606025,3728.88160892737,6.550000000000026,24.985264672173393,0.506673687034183,0.05610841512680054,-0.17815221105512108,-0.06603237182635016,-0.024374995915275952,263,8.437540054321289,3.789893142540404,-11.242070929557975
-2.85342190861702,4.575636625289917,2.0592560172080994,0.021852743094591724,0.0623511841200745,264.9394073486328,295.29908752441406,-2740.5953369140625,-2466.1781616210938,3843.6726270289614,3667.6198428751245,6.575000000000026,24.983382754855686,0.5460423893398709,0.07106339931488037,-0.1765591247357925,-0.06832814568286376,-0.024973791041623453,264,8.183398246765137,3.505040506922165,-10.691638103149666
-2.8451798975467684,4.801727533340454,2.1510156393051147,0.023391317835357753,0.060722661113491054,279.8158187866211,313.42369079589844,-2714.0782470703125,-2475.54248046875,3775.1577436061093,3605.9653888345974,6.600000000000026,24.981746673583984,0.5844625499513414,0.08314388245344162,-0.17462723439153538,-0.07051296142927274,-0.025386295969125314,265,7.931805610656738,3.3659968329923946,-10.087586719143538
-2.8368657469749454,5.017615556716919,2.235987901687622,0.024885553024568564,0.05882007802479243,294.31732177734375,331.5817413330078,-2690.1463623046875,-2482.1749877929688,3707.305787429351,3544.076826822879,6.625000000000027,24.980367024739582,0.6217786338594224,0.09330087155103683,-0.17241366482773196,-0.07258275358372551,-0.025660547465943834,266,7.683199405670166,3.3798449704285534,-9.467795184398883
-2.829322934150696,5.2228453159332275,2.3146952390670776,0.026329252651500518,0.05666676664184125,308.31260681152344,349.3860778808594,-2669.7470703125,-2486.7059936523438,3640.052128371733,3482.0224521280547,6.650000000000027,24.979252285427517,0.6578370597627428,0.10141658782958984,-0.16997772131290692,-0.07453249542966456,-0.02583865676681589,267,7.437939167022705,3.543923071070215,-8.869833937771475
-2.823168003559113,5.417224168777466,2.3875062465667725,0.027715742168671606,0.05427248911450834,321.64794921875,366.47882080078125,-2652.8345947265625,-2490.3395385742188,3573.30845161392,3419.8548022867462,6.675000000000027,24.978404574924046,0.692472325430976,0.10799144208431244,-0.16735452428393569,-0.07636026865886716,-0.025954061107584192,268,7.196313858032227,3.8465989224763955,-8.328509322362056
-2.8183387458324436,5.600630044937134,2.454985022544861,0.029039965731199883,0.051681433110943,334.1500549316406,382.6829833984375,-2638.9232177734375,-2493.4744873046875,3506.987586745756,3357.596313822391,6.700000000000028,24.97781541612413,0.7255588637457954,0.11336995661258698,-0.16458620162031196,-0.07806436302257082,-0.026030976528817043,269,6.958558559417725,4.268617637208078,-7.873836503986991
-2.8145489394664764,5.772835969924927,2.5173935890197754,0.030297081795447364,0.048924998964872936,345.60450744628906,397.6437072753906,-2627.353271484375,-2496.2771606445312,3441.0145063014197,3295.259451639774,6.725000000000028,24.977474212646484,0.7569762070973715,0.11785395443439484,-0.16169241077983185,-0.07964137882919646,-0.0260853549493251,270,6.724864959716797,4.784840756349568,-7.529545325456456
-2.811218547821045,5.933752775192261,2.574944496154785,0.03148386335918693,0.04605337061808934,355.8275451660156,411.06556701660156,-2617.521240234375,-2498.3142700195312,3375.33067451431,3232.8525226236607,6.750000000000028,24.977364010281033,0.7866438892152574,0.12147624790668488,-0.158700066334262,-0.08109032987690291,-0.026126648510383536,271,6.495392799377441,5.3661949183105895,-7.3121596045057995
-2.8085820972919464,6.083177804946899,2.6277800798416138,0.0325973809452195,0.04306973138033269,364.6903533935547,422.7715759277344,-2608.9779052734375,-2500.484619140625,3309.8926435084504,3170.3946658731725,6.775000000000029,24.977461496988933,0.8144883314768473,0.12477818876504898,-0.15562123573229183,-0.08240886509379035,-0.026159623854224684,272,6.270272254943848,5.9816611105108946,-7.2306397996442495
-2.805851310491562,6.220921277999878,2.6759071350097656,0.033635356302456294,0.04001842704494201,372.1510314941406,432.65611267089844,-2601.43603515625,-2501.6444091796875,3244.6681958766144,3107.882550394657,6.800000000000029,24.977739122178818,0.8404521147410074,0.12737266719341278,-0.15246813622542207,-0.08359531584298827,-0.026186315802368923,273,6.049619197845459,6.600160377765772,-7.286533909912637
-2.8033705294132236,6.346769571304321,2.719343662261963,0.03459620193721626,0.0368996989608911,378.2519226074219,440.7825622558594,-2594.7496337890625,-2502.5748291015625,3179.632294997708,3045.341440165165,6.8250000000000295,24.97817145453559,0.8644947740766737,0.12963418662548065,-0.14925503237024149,-0.08464773468794953,-0.0262071633602772,274,5.833527565002441,7.192223419749384,-7.474556505307655
-2.801182979345322,6.460461139678955,2.75802481174469,0.03547826585738573,0.03371884640263027,383.0932312011719,447.24913024902344,-2588.8641357421875,-2503.4074096679688,3114.763554152981,2982.777069437626,6.85000000000003,24.97873094346788,0.8865740564134386,0.1316249966621399,-0.1459886652932593,-0.08556367901061185,-0.026222068740003237,275,5.622076988220215,7.731365484825827,-7.783498291370435
-2.799144381284714,6.56190824508667,2.791918396949768,0.03628013117804097,0.0304892538352318,386.79681396484375,452.2153778076172,-2583.7852783203125,-2503.8660888671875,3050.0419507594265,2920.191884195927,6.87500000000003,24.979398515489365,0.9066536691453722,0.1332133412361145,-0.1426769412539617,-0.08634375218340969,-0.02623103818333084,276,5.415337562561035,8.195122016267536,-8.197355784541097
-2.7972155988216403,6.650820255279541,2.82094669342041,0.037000815858530045,0.02722362328873859,389.49476623535156,455.84765625,-2579.4959716796875,-2503.8897094726562,2985.4473188014185,2857.5952319742473,6.9000000000000306,24.980155097113716,0.9247081809573703,0.13438329100608826,-0.13933137010168486,-0.0869847084787645,-0.026234290152693178,277,5.21336555480957,8.565731481835526,-8.696580318650444
-2.7956314504146578,6.7270965576171875,2.8451292514801025,0.03763935866414698,0.023919971956495294,391.30987548828125,458.3248291015625,-2575.9896240234375,-2503.9061889648438,2920.959919509426,2794.997989237431,6.925000000000031,24.98098585340712,0.9407125578986274,0.13531015813350677,-0.13595969164834687,-0.08748643138337861,-0.026232292781875617,278,5.016202926635742,8.830476292256016,-9.259352995442335
-2.794407415390015,6.790624141693115,2.8644020557403564,0.0381948815839699,0.020583099770247863,392.3318634033203,459.75172424316406,-2573.2515869140625,-2503.9530029296875,2856.56017890884,2732.4003345133096,6.950000000000031,24.98187806871202,0.9546441502041287,0.13601595163345337,-0.13256759840077773,-0.08784832584719596,-0.026225795084934746,279,4.82388162612915,8.981716652897946,-9.862803571590339
-2.7935662746429446,6.84130859375,2.8787416219711304,0.03866659815323938,0.017217203289307773,392.593505859375,460.1680450439453,-2571.275390625,-2504.0774536132812,2792.2288892359884,2669.8015094400675,6.975000000000032,24.982821146647137,0.9664824936125014,0.13652724027633667,-0.12916040835877918,-0.08806993413940419,-0.026215739571225093,280,4.636427879333496,9.016667190831948,-10.484112036136464
-2.793095177412033,6.8790740966796875,2.8881336450576782,0.03905385090406133,0.013827118855826494,392.1429443359375,459.6492462158203,-2570.0135498046875,-2504.2990112304688,2727.9470044703635,2607.1995730997355,7.000000000000032,24.983806610107422,0.9762103027767606,0.1368681937456131,-0.12574258231717714,-0.08815083181870453,-0.02620314365150686,281,4.453858852386475,8.936969815288867,-11.10145224218151
-2.7929874062538147,6.903831958770752,2.892574191093445,0.0393560905594609,0.010417122091710371,391.06114196777344,458.31011962890625,-2569.455078125,-2504.60986328125,2663.696665725246,2544.592097818974,7.025000000000032,24.984825981987846,0.9838130076726278,0.137035071849823,-0.12231840630085096,-0.08809018248606719,-0.02618898936643201,282,4.276186943054199,8.748119945997399,-11.694753137971155
-2.793229526281357,6.915592432022095,2.892067074775696,0.03957287187219335,0.0069919146206104225,389.4346160888672,456.2738800048828,-2569.5830078125,-2504.9943237304688,2599.460288772121,2481.9768512369424,7.050000000000033,24.985870785183376,0.9892790847354465,0.13702312111854553,-0.11889230781511285,-0.08788875180030552,-0.02617415680751703,283,4.103418350219727,8.458801668429059,-12.246268292124071
-2.7937987565994264,6.914327383041382,2.886595129966736,0.03970388691425764,0.0035566040421993106,387.3419647216797,453.6544189453125,-2570.361083984375,-2505.4381713867188,2535.2207135768085,2419.351993143681,7.075000000000033,24.986936781141495,0.9926001230875651,0.136836439371109,-0.11546871436527512,-0.0875464856659599,-0.026159392908223902,284,3.9355525970458984,8.08018022126653,-12.74095740447738
-2.7946828305721283,6.900100946426392,2.8762320280075073,0.03974893594857201,0.00011577289859640424,384.8460998535156,450.5377960205078,-2571.766357421875,-2505.9354858398438,2470.9616864771992,2356.7160388590128,7.100000000000033,24.988023969862198,0.9937708245383369,0.1364758461713791,-0.11205197023286594,-0.08706483217687305,-0.026145296879797896,285,3.7725830078125,7.625195131857893,-13.166693177999328
-2.795881748199463,6.872873067855835,2.860970139503479,0.0397079399125416,-0.0033263495790497163,381.9957733154297,446.99266052246094,-2573.7957763671875,-2506.4837646484375,2406.6675275416524,2294.067651713017,7.125000000000034,24.989132351345486,0.9927888049019707,0.13594083487987518,-0.10864642802179189,-0.08644332111866501,-0.02613232645305137,286,3.6144967079162598,7.107888624216872,-13.514314231882642
-2.797389376163483,6.83270001411438,2.8408334255218506,0.039580923773301635,-0.006765322264034012,378.8188934326172,443.0600280761719,-2576.432373046875,-2507.0845336914062,2342.3226331324727,2231.405557596806,7.150000000000034,24.990257687038845,0.9896543290879991,0.1352366805076599,-0.10525640704644595,-0.08568306352885305,-0.0261208394902558,287,3.461275100708008,6.542795022296702,-13.777549205581405
-2.7992048382759096,6.779710531234741,2.815879225730896,0.03936801652771741,-0.010197018069399127,375.33021545410156,438.7589111328125,-2579.6678466796875,-2507.7410278320312,2277.911823806301,2168.7284442545206,7.1750000000000345,24.991402096218533,0.9843705097834269,0.13436733186244965,-0.10188603520651777,-0.08478636054506657,-0.026111110629898605,288,3.3128929138183594,5.944408193720621,-13.952838837272765
-2.801345366239548,6.713890790939331,2.786082148551941,0.03906944704119511,-0.013617919229822363,371.5362854003906,434.0949401855469,-2583.529541015625,-2508.4564208984375,2213.420127639309,2106.0349185587197,7.200000000000035,24.992565578884548,0.976942777633667,0.13332228362560272,-0.09853956523737305,-0.08375295001238574,-0.026103362495602158,289,3.1693193912506104,5.3267369096028245,-14.03908298037054
-2.803590160608292,6.635416507720947,2.7515509128570557,0.03868561894908744,-0.01701325404378084,367.43080139160156,429.0239562988281,-2588.0242919921875,-2508.8164672851562,2148.831889113919,2043.3235080362588,7.225000000000035,24.993743896484375,0.967381066746182,0.13192442059516907,-0.0952229060276804,-0.08258576140800966,-0.026097774018502193,290,3.0305166244506836,4.702951598830532,-14.037337476496885
-2.8060177862644196,6.5443620681762695,2.712317705154419,0.038217335360910626,-0.02037662780376646,363.0112762451172,423.5657043457031,-2593.1771240234375,-2508.9390869140625,2084.131281814114,1980.6030963541298,7.2500000000000355,24.994934929741753,0.9557051791085137,0.13021400570869446,-0.09194571985876976,-0.08128571435475226,-0.026094405535842163,291,2.896435260772705,4.085120692889834,-13.950481871915375
-2.8087628841400147,6.440894365310669,2.6684765815734863,0.03766537441904569,-0.023707212433127785,358.2603454589844,417.7095642089844,-2599.0172119140625,-2509.0399780273438,2019.3018537135283,1917.8796191812783,7.275000000000036,24.996136559380425,0.9419343206617568,0.12826953828334808,-0.08871410703401311,-0.07985530556613549,-0.026093250805838263,292,2.7670140266418457,3.484031821370975,-13.782877603446433
-2.8117682099342347,6.325159788131714,2.6201000213623047,0.037030639101549724,-0.026996291280781303,353.1572723388672,411.4246826171875,-2605.5723876953125,-2508.9850463867188,1954.326423415677,1855.1536197305948,7.300000000000036,24.997342427571613,0.9260908762613932,0.12602190673351288,-0.08553434262672895,-0.07829660315319334,-0.02609436392395013,293,2.642183542251587,2.909089229043026,-13.540035220741197
-2.8145655870437625,6.1972739696502686,2.5673569440841675,0.03631456085750866,-0.0302127199261353,347.6924591064453,404.6568298339844,-2612.8701171875,-2507.8872680664062,1889.1871137232945,1792.4289935709269,7.325000000000037,24.998546176486546,0.9082104762395223,0.12309298664331436,-0.0824193096786905,-0.07661079721603796,-0.026097790663259006,294,2.5218617916107178,2.3682765958045477,-13.228301978287407
-2.8176229000091553,6.057545185089111,2.510373592376709,0.035518941481847484,-0.03336136071877377,341.86961364746094,397.4115447998047,-2620.9532470703125,-2506.556640625,1823.8653607936074,1729.7318118692667,7.350000000000037,24.999739329020183,0.8883378903071085,0.11979932337999344,-0.07938244883102431,-0.07480214465122428,-0.02610340618808879,295,2.405945062637329,1.8681761009223254,-12.854575189917579
-2.820655971765518,5.906141996383667,2.4492881298065186,0.03464561189781564,-0.03642116636370669,335.70826721191406,389.7078552246094,-2629.84912109375,-2504.4396362304688,1758.3415296168498,1667.0678958536416,7.375000000000037,25.00091764662001,0.8665187491310967,0.11589670926332474,-0.07643377190495336,-0.07287237235227162,-0.02611111687168241,296,2.2943153381347656,1.4140317116061243,-12.4260508507535
-2.8233116984367372,5.743364572525024,2.384392499923706,0.03369742043942275,-0.03935560370032412,329.23699951171875,381.59429931640625,-2639.5933837890625,-2500.8468017578125,1692.5953015895063,1604.4569049478798,7.400000000000038,25.00206841362847,0.842824313375685,0.11108098179101944,-0.07359581590120244,-0.07082494658978632,-0.026120754185877136,297,2.186830759048462,1.0098458675560125,-11.95001143343797
-2.826095932722092,5.569456100463867,2.3158739805221558,0.03267731530921931,-0.042169399839560966,322.4963073730469,373.11334228515625,-2650.213623046875,-2496.66943359375,1626.60546699478,1541.9357349039344,7.425000000000038,25.003187391493057,0.81732796298133,0.1057075634598732,-0.07088388567366113,-0.06866205198810006,-0.026131976913158297,298,2.0833206176757812,0.6585020321322412,-11.433651188816167
-2.827981781959534,5.384793996810913,2.2440634965896606,0.031589166413164345,-0.044797253239250635,315.55274963378906,364.26573181152344,-2661.7178955078125,-2490.009765625,1560.3501264186086,1479.5189990640906,7.450000000000038,25.004263983832466,0.7901266548368666,0.09897299855947495,-0.06832355589117257,-0.06638768328884796,-0.026144470883741052,299,1.9835892915725708,0.36190150808462096,-10.883941898941423
-2.8298518598079685,5.18972635269165,2.169339656829834,0.03043753025343542,-0.047248385094667535,308.4855499267578,355.23548889160156,-2674.10595703125,-2482.4742431640625,1493.8071790309139,1417.2687549234654,7.475000000000039,25.00529607137044,0.761334564950731,0.09155138581991196,-0.06593986859036194,-0.06400469298722887,-0.026157653531136943,300,1.8873988389968872,0.12110977547486951,-10.307535699867797
-2.8304041504859927,4.9847002029418945,2.0921003222465515,0.0292277560387533,-0.04944318769516431,301.37303161621094,346.0455017089844,-2687.3685302734375,-2471.677001953125,1426.954530105133,1355.2068988443636,7.500000000000039,25.006275177001953,0.7310855388641357,0.08243787288665771,-0.0637623931817075,-0.06151712367855372,-0.02617098182015495,301,1.7944790124893188,-0.06349588774440071,-9.710703287457473
-2.830770689249039,4.770142555236816,2.0128213763237,0.027966206227409755,-0.051394202864999544,294.31781005859375,336.8098907470703,-2701.5010986328125,-2459.68505859375,1359.7703168482976,1293.4149737955352,7.525000000000039,25.007201300726997,0.6995389196607802,0.0725034549832344,-0.06182297108499251,-0.05892775087602109,-0.026183631835332826,302,1.7045081853866577,-0.1920823229255823,-9.099305126712078
-2.8288822114467624,4.546623706817627,1.932154357433319,0.02666040008829506,-0.052979503599328855,287.3751525878906,327.72438049316406,-2716.354736328125,-2442.849365234375,1292.232789382478,1231.922847330691,7.55000000000004,25.008074442545574,0.6668832567003038,0.06030253320932388,-0.060159889402076075,-0.056240954231267404,-0.02619480878953275,303,1.6171236038208008,-0.26522493062344965,-8.478791565602126
-2.826413404941559,4.314759016036987,1.8507214784622192,0.025319184309655317,-0.05422688248084073,280.6209259033203,318.7710266113281,-2731.8233642578125,-2424.3340454101562,1224.3239209742753,1170.8516131998308,7.57500000000004,25.00889672173394,0.6333402130338881,0.047164496034383774,-0.05881291245698443,-0.05346071600236016,-0.026203249761831544,304,1.5318961143493652,-0.28378198547727446,-7.854229478916942
-2.821077710390091,4.0752112865448,1.7692608833312988,0.02395282038406574,-0.05499912013436885,274.1471252441406,309.9242858886719,-2747.62890625,-2400.2214965820312,1156.0283368678306,1110.2432620645761,7.6000000000000405,25.00967025756836,0.599166750907898,0.031549833714962006,-0.05782842918695541,-0.050590700116392814,-0.026207685589522207,305,1.44834566116333,-0.24878363578380433,-7.230352005017655
-2.8145255744457245,3.8287512063980103,1.6885462403297424,0.022572483185131657,-0.055329531040674416,268.0035171508789,301.32212829589844,-2763.3294677734375,-2373.9683227539062,1087.3376142115812,1050.2377246500243,7.625000000000041,25.010401407877605,0.5646427472432455,0.015111291781067848,-0.057239770717507014,-0.04763505319840643,-0.02620644971632884,306,1.3659231662750244,-0.16134014578089917,-6.611629299797234
-2.8045177519321443,3.5762869119644165,1.6095516085624695,0.021191525969006288,-0.05507707169171331,262.2007064819336,292.9746398925781,-2778.2435302734375,-2342.1506958007812,1018.254377517246,990.8885165811756,7.650000000000041,25.01109441121419,0.5301026172108121,-0.0033381362445652485,-0.0570951444255589,-0.04459855853539011,-0.026197865183002537,307,1.2840321063995361,-0.022574014205141574,-6.002355415769762
-2.7922201573848726,3.3187328577041626,1.5330336093902588,0.01982334568432949,-0.05427809839755432,256.7078552246094,284.6792755126953,-2791.3211669921875,-2307.950439453125,948.7982892604107,932.3347491861548,7.675000000000042,25.011755625406902,0.4958816038237678,-0.022080790251493454,-0.05740786611656146,-0.04148467199497717,-0.026179838911374067,308,1.2020212411880493,0.16641919984387374,-5.406747397585389
-2.7755144596099854,3.0572866201400757,1.460112988948822,0.018484025327371832,-0.05281260246157575,251.48236083984375,276.5315399169922,-2801.0362548828125,-2269.0116577148438,879.0152600856065,874.6359881998253,7.700000000000042,25.012389289008247,0.46238230334387886,-0.041469886898994446,-0.058207971254183734,-0.03829910376905177,-0.026150121778679064,309,1.119215726852417,0.40457673566226127,-4.829049341481866
-2.7552140533924105,2.7932140827178955,1.3913997411727905,0.017188586791157028,-0.05074870255103478,246.3579864501953,268.4859924316406,-2804.937744140625,-2229.2738647460938,808.9893537135366,817.9106967569526,7.725000000000042,25.012999640570747,0.42998045682907104,-0.0589597225189209,-0.0594622535485838,-0.035047159373848044,-0.026105836322583488,310,1.0349332094192505,0.6908341378570859,-4.273632940469643
-2.727756065130234,2.527856230735779,1.3279533386230469,0.015954179376688978,-0.04796671870325677,241.39960479736328,260.4264450073242,-2800.16357421875,-2185.0647583007812,738.8659101100211,762.1788501382986,7.750000000000043,25.01358879937066,0.39910515149434406,-0.07507781684398651,-0.06114691099751908,-0.031732836671893014,-0.026043730573725,311,0.9485428929328918,1.0240444566692855,-3.745079581443995
-2.695593822002411,2.2626683712005615,1.2701282501220703,0.01479578232480207,-0.044666537802808985,236.6808624267578,252.3770294189453,-2784.0465087890625,-2143.5385131835938,668.8618207545521,707.5522311807772,7.775000000000043,25.014161003960503,0.3701311018731859,-0.08571158349514008,-0.06316882867018847,-0.02836108123655475,-0.025959389510358952,312,0.859481692314148,1.402856164533517,-3.24823194133815
-2.650136297941208,1.999092698097229,1.2183271646499634,0.013728930395089335,-0.040654040373359866,232.35694885253906,244.0256576538086,-2746.1680908203125,-2099.37353515625,599.2606580348249,653.9637683511855,7.800000000000043,25.014726850721573,0.3434470295906067,-0.08902036398649216,-0.06536792977913221,-0.024930401281503877,-0.02584788004268489,313,0.7673771977424622,1.8255453540706736,-2.788186571815177
-2.5899739980697634,1.739345669746399,1.1726993918418884,0.012769505806442273,-0.03610932684481522,227.76791381835938,235.5087890625,-2678.277587890625,-2058.2479858398438,530.6064557643155,601.4794299722774,7.825000000000044,25.015288458930122,0.319450232717726,-0.07966610044240952,-0.06751083818907526,-0.021447625318222932,-0.02570077576256624,314,0.6721263527870178,2.289808548315343,-2.3701936600716507
-2.5113320112228394,1.4853780269622803,1.1324684619903564,0.01192804677051811,-0.031259999702430555,223.01680755615234,226.8793716430664,-2572.2235717773438,-2021.3919067382812,463.6495160670469,550.0232303262795,7.850000000000044,25.015845828586155,0.29840432935290867,-0.05400891974568367,-0.06921872339614307,-0.017911661554694713,-0.02550600714071898,315,0.5740687251091003,2.792549297106503,-1.999427769266564
-2.403048720955849,1.2390583753585815,1.0965290665626526,0.011212076717396324,-0.026115203159480002,217.900390625,218.06301879882812,-2411.80712890625,-1984.5623168945312,399.34392677260865,499.4884326578209,7.875000000000044,25.01639895968967,0.28049753771887886,-0.0076868003234267235,-0.07003021770861464,-0.014317419296077692,-0.025247050094816998,316,0.4741494059562683,3.3297026881975653,-1.6805891698997693
-2.2632493764162067,1.0035130381584167,1.0632279217243195,0.010623331903271967,-0.021132295601887244,212.28716278076172,209.30399322509766,-2193.3301391601562,-1948.01513671875,339.0487485499453,449.874374735456,7.900000000000045,25.016943613688152,0.2657732864220937,0.06064680963754654,-0.0694236869315383,-0.010682135488423353,-0.02490092029629616,317,0.37401995062828064,3.8961886594129638,-1.4173493273080224
-2.090736958384514,0.7854745388031006,1.0296941995620728,0.01015205225886882,-0.016828497243156593,206.02029418945312,200.7263641357422,-1913.9306640625,-1912.3969116210938,284.2154950709317,401.1739963174856,7.925000000000045,25.017467074924046,0.2539873619874318,0.15143486857414246,-0.06681235345298553,-0.00709472759296118,-0.02443930501381756,318,0.2761337161064148,4.486073653704995,-1.2116908925540282
-1.8958296060562134,0.5916850417852402,0.9923568665981293,0.009770582520742092,-0.01407462326874383,198.8983383178711,192.50181579589844,-1595.9423828125,-1874.2421875,236.3672284693568,353.36407352695664,7.9500000000000455,25.017954508463543,0.24444778760274252,0.2536768615245819,-0.061755072960763095,-0.0036805469766025634,-0.023833119615445087,319,0.1837059110403061,5.092983799429074,-1.063246537748761
-1.682926368713379,0.4225223734974861,0.9476335346698761,0.009435092883013961,-0.013207749769760828,192.70417022705078,184.9285125732422,-1255.2635803222656,-1825.704833984375,196.4686688990299,306.5080188394549,7.975000000000046,25.018380482991535,0.23605777157677543,0.3578619062900543,-0.05409276319163082,-0.00048744781501520784,-0.02305906768342435,320,0.10039515048265457,5.710747292468209,-0.9688359163753728
-1.4591040730476381,0.2719585485756397,0.8923194110393524,0.009094501627322647,-0.014397065497725174,184.3697052001953,177.9740753173828,-911.6626129150391,-1759.9825439453125,165.08707939095783,260.86539798984336,8.000000000000046,25.01873228285048,0.22753915852970547,0.45335063338279724,-0.04393091029189105,0.002519420741319927,-0.02210428906252272,321,0.02988407015800476,6.334116134600767,-0.9223688687032628
-1.228935107588768,0.13312730193138123,0.8238473236560822,0.008697598038441069,-0.017611396903720735,176.74373626708984,171.65017700195312,-572.3121371269226,-1678.3177490234375,142.29551406806598,216.8658343912075,8.025000000000047,25.018990834554035,0.21761061416731942,0.5394787192344666,-0.03149358597776032,0.005387543416236949,-0.020966669868624933,322,-0.02440846711397171,6.959336286359846,-0.9150948805841183
-0.9858132317662239,0.0008755624294281006,0.7406443655490875,0.008200451921801877,-0.022284458152050383,170.38330841064453,165.8438720703125,-238.34756469726562,-1567.5018920898438,127.98771063987724,174.9078906656178,8.050000000000047,25.01915825737847,0.20517301228311327,0.6097667813301086,-0.017087762217059613,0.008142040268658573,-0.01965207945910218,323,-0.05942440405488014,7.584386676192507,-0.9360215260103784
-0.7267542943358422,-0.1308705322444439,0.642686516046524,0.007573501669156541,-0.027904753785256177,162.37914276123047,160.72479248046875,95.4278564453125,-1427.2738037109375,122.02902152243017,135.7203433633666,8.075000000000047,25.019221835666233,0.18948674201965332,0.6669347286224365,-0.0010956374761748587,0.010845547729103861,-0.018167427488626448,324,-0.07262691110372543,8.20881415518965,-0.9723658690409613
-0.44592262580990794,-0.26698768325150013,0.5305052846670151,0.006799636990649953,-0.03388111821739477,155.25981903076172,156.24332427978516,430.8176612854004,-1248.7749328613281,124.41471793354756,100.03849827058667,8.100000000000048,25.019147660997177,0.17012374268637764,0.7071786522865295,0.016114627550285147,0.013545869799214062,-0.016516195832263564,325,-0.061994362622499466,8.83317217377892,-1.0099501246084541
-0.14202301912009718,-0.41068603843450546,0.40578538179397583,0.005876656097044944,-0.0397653102280868,149.28173828125,152.9961166381836,770.3567810058594,-1032.18310546875,135.1851594656665,68.8191249490449,8.125000000000048,25.01893361409505,0.14702936013539633,0.7321075797080994,0.03415022024257427,0.016280125847128107,-0.014695473738165854,326,-0.026072684675455093,9.458120777821787,-1.0335190411989716
0.18536199294030667,-0.5652293264865875,0.2707054615020752,0.004813530512263719,-0.04511178920874581,143.6956901550293,149.47879791259766,1112.9286804199219,-775.6034851074219,154.4440789907967,43.01454731231576,8.150000000000048,25.01855002509223,0.1204284860028161,0.7402544617652893,0.05258920485801013,0.0190945591684617,-0.01269646965384415,327,0.03602250665426254,10.083273848445746,-1.0270674303032787
0.5325669497251511,-0.7339394092559814,0.12770723830908537,0.0036266168307669475,-0.0496598941064911,138.0676155090332,147.99090576171875,1453.8501586914062,-481.0443572998047,182.2672960012783,23.62446018461791,8.175000000000049,25.01794179280599,0.090730885664622,0.7312813401222229,0.07101868323671118,0.022041156540228327,-0.010507232643906723,328,0.12457443028688431,10.705908565725597,-0.9743179895647821
0.8889947921037674,-0.919275552034378,-0.02080550044775009,0.002335436491478695,-0.05341194686489808,133.89020156860352,146.1493148803711,1782.965576171875,-157.77762603759766,218.61354996854712,11.598351252108664,8.200000000000049,25.01709196302626,0.058425933950477175,0.7068672776222229,0.08902260927916357,0.025154859988316323,-0.008117657260373485,329,0.2392662912607193,11.319700524958241,-0.859516388055745
1.2360390961170198,-1.1228681206703186,-0.1727780271321535,0.0009571562854012221,-0.056689432639431346,131.39021682739258,146.12305450439453,2077.0215454101562,183.3785514831543,263.18768937282823,7.653910601153218,8.22500000000005,25.015953911675346,0.023944185425837834,0.6632801294326782,0.1061848016472044,0.02844699835033153,-0.0055257783816432,330,0.37919482588768005,11.913707943766363,-0.6686660944867594
1.5599029630422594,-1.3377613425254822,-0.32670479267835617,-0.0004973102560476859,-0.059575854013832495,130.22540664672852,146.30053329467773,2323.4976806640625,529.6817474365234,315.1132280080675,12.238374388215107,8.25000000000005,25.014514923095703,-0.012439975721968545,0.6002533435821533,0.12202033199584383,0.03177387431981546,-0.0027449565459501993,331,0.5428190231323242,12.471898994943716,-0.3912522652551354
1.8450025081634522,-1.5611688494682312,-0.4810734838247299,-0.002020732513969443,-0.06220709046034441,130.56296920776367,147.5199966430664,2509.72802734375,865.2261657714844,373.2006700246568,25.480418074110972,8.27500000000005,25.01277075873481,-0.050544188254409365,0.5201883316040039,0.13605279409558035,0.03504468450656941,0.00019025288632018193,332,0.7278914451599121,12.973560062456214,-0.02232944024785294
2.0871518880128863,-1.7931715846061707,-0.6345782279968262,-0.003605277992458362,-0.0644317703993205,133.25361251831055,149.84539413452148,2641.755859375,1176.2445373535156,435.9438707082413,47.111072218381395,8.30000000000005,25.010725657145183,-0.0901710076464547,0.4315391778945923,0.14795336245319482,0.03823467295572597,0.0032233962966005114,333,0.9315703511238098,13.394819559802857,0.43544483744650664
2.286542403697968,-2.0340710282325745,-0.7861989140510559,-0.005239032914241926,-0.06614870203171619,137.69509887695312,153.64419174194336,2730.292724609375,1452.3576049804688,501.98776719260974,76.51718565220382,8.32500000000005,25.00842836168077,-0.13102117511961195,0.34406498074531555,0.15763541775423237,0.04134795404310983,0.006281820166643623,334,1.1507155895233154,13.71122015935652,0.9704375790398794
2.447102883458138,-2.2832834720611572,-0.9352438747882843,-0.0069088245147486006,-0.06732175375167963,144.23314666748047,160.00742721557617,2787.4853515625,1688.572998046875,570.2450853078398,112.82612577670182,8.350000000000051,25.00591490003798,-0.17276422844992745,0.2637541890144348,0.16521600592860206,0.04439088190463437,0.009284808414046728,335,1.3822201490402222,13.900923212597762,1.5618236809264003
2.5739879429340364,-2.5392911434173584,-1.0812524557113647,-0.00860113907196651,-0.06795825341339777,152.33173751831055,167.96696853637695,2822.8885498046875,1884.7664794921875,639.9322190968993,155.04045072786153,8.375000000000052,25.00324461195204,-0.2150616877608829,0.19386853277683258,0.17091738441402776,0.047366673139553686,0.012151994691355857,336,1.6232253313064575,13.947945641906147,2.180703498710331
2.6715447902679443,-2.799930453300476,-1.2235623598098755,-0.010303502901110264,-0.06815637179255365,162.6640396118164,178.81584930419922,2841.743896484375,2043.6026000976562,710.5044328420147,202.1596127151561,8.400000000000052,25.000476837158203,-0.2576015889644623,0.1341658979654312,0.17500418819907929,0.05027301412667079,0.0148109373758803,337,1.8712291717529297,13.84484628259552,2.7924167352177305
2.743903630971909,-3.0631163120269775,-1.361428141593933,-0.012006057624808717,-0.06798689487868373,174.66848754882812,191.5918960571289,2847.6009521484375,2169.0986328125,781.5480302541231,253.24967771758932,8.425000000000052,24.997679392496746,-0.300137996673584,0.08413659781217575,0.17771718369105663,0.05310734157343646,0.0172025111705284,338,2.124088764190674,13.594432214146181,3.359699495996537
2.7955782949924473,-3.3265488147735596,-1.4940895438194275,-0.013700146409073162,-0.06749472190329107,188.30067443847656,206.32540893554688,2844.0670166015625,2265.8971557617188,852.7380540578338,307.47714353789536,8.450000000000053,24.994917975531685,-0.3424554732110765,0.04318605735898018,0.17929136156664566,0.055865664899404796,0.019284889882023697,339,2.380000114440918,13.210255260897975,3.846223668867218
2.830100989341736,-3.5878900289535522,-1.620826244354248,-0.015378661942744447,-0.06675679741593295,203.02433013916016,222.69554138183594,2833.1168212890625,2338.513427734375,923.839729472873,364.12457243193336,8.475000000000053,24.99225404527452,-0.38437773784001666,0.009959007613360882,0.1799430870196585,0.05854190668774445,0.021036438447401204,340,2.637483835220337,12.715866063442382,4.2200326433629645
2.8500185012817383,-3.8451926708221436,-1.7409192323684692,-0.017036441230318642,-0.06585161392855024,218.45633697509766,240.19042205810547,2815.8779296875,2390.5028686523438,994.6676500051002,422.58740812528885,8.500000000000053,24.98973846435547,-0.4257774021890428,-0.01664671301841736,0.17985017598712835,0.061132625634984325,0.022456398489928624,341,2.895341634750366,12.142993947539159,4.456447403836862
2.8582447409629825,-4.096679449081421,-1.8540517091751099,-0.018669437515295588,-0.06480195395203073,234.19595336914062,258.4935989379883,2793.4801025390625,2426.1024780273438,1065.0645982472886,482.3499798415947,8.525000000000054,24.987409379747177,-0.4665550920698378,-0.038145024329423904,0.1791528272556911,0.0636323955504034,0.023563237367289977,342,3.152606725692749,11.528954987651884,4.540147349749747
2.85835776925087,-4.3406970500946045,-1.9599016308784485,-0.02027405448990638,-0.06358221368920682,249.826904296875,277.00467681884766,2767.5863037109375,2450.2421264648438,1134.9016008107662,543.0025417922764,8.550000000000054,24.985298580593533,-0.5066227250629001,-0.05607958510518074,0.1779629435254005,0.0660326797543512,0.024391047702627483,343,3.4084951877593994,10.91363895986268,4.466275577922118
2.853074061870575,-4.576120138168335,-2.058486223220825,-0.021846272445380673,-0.062176563976349374,265.08201599121094,295.5169677734375,2740.267333984375,2465.86279296875,1204.0912584035411,604.2585949538961,8.575000000000054,24.98342514038086,-0.545881556140052,-0.07101622223854065,0.17637088918099433,0.06832898624308283,0.02498450402322722,344,3.6623661518096924,10.336422198411148,4.240549593723734
2.8448267936706544,-4.801915884017944,-2.1499134302139282,-0.023380500824023907,-0.06054977202447447,279.92108154296875,313.60816955566406,2713.7750244140625,2475.196044921875,1272.5979417531519,665.9051647781141,8.600000000000055,24.98179753621419,-0.5841934018664889,-0.0830807238817215,0.1744403637067959,0.07051400172657354,0.02539288729282326,345,3.913689613342285,9.833311708387006,3.87846518797078
2.8365792334079742,-5.0174572467803955,-2.2345681190490723,-0.024870410457057943,-0.05864621105631308,294.3817443847656,331.7238006591797,2689.9185791015625,2481.8806762695312,1340.4423173635048,727.7850659011605,8.625000000000055,24.980426364474827,-0.6214016013675265,-0.09323807060718536,0.17222847526343057,0.07258301157745611,0.02566419058709128,346,4.162028789520264,9.43456157089691,3.403759351759948
2.8290892839431763,-5.222390413284302,-2.3129743337631226,-0.026309763721867104,-0.05649284141671306,308.33148193359375,349.47715759277344,2669.6103515625,2486.422607421875,1407.6902818410451,789.8320828078984,8.650000000000055,24.979317982991535,-0.6573516130447388,-0.101331427693367,0.1697943793166118,0.07453271181150312,0.02584038366033524,347,4.40702486038208,9.1629241001615,2.8463491124147646
2.823026937246323,-5.4165050983428955,-2.385500907897949,-0.02769188190978018,-0.054096878607752835,321.61700439453125,366.5154724121094,2652.7840576171875,2490.1455688476562,1474.4305406301087,851.992647993445,8.675000000000056,24.97847663031684,-0.6918778684404161,-0.10791856050491333,0.16717311307943086,0.07636084290297722,0.02595467280239707,348,4.648388862609863,9.032614968500535,2.2399844263029447
2.8182447016239167,-5.5995965003967285,-2.452709436416626,-0.029011717498293628,-0.05150619711121578,334.0679931640625,382.65904235839844,2638.950439453125,2493.2954711914062,1540.7501420705394,914.2462872146361,8.700000000000056,24.977891710069443,-0.724854932890998,-0.11327964067459106,0.1644068377208951,0.07806429644354357,0.026031061833195708,349,4.885885715484619,9.048988792188291,1.6198454204153259
2.8145287871360782,-5.77152943611145,-2.514859676361084,-0.030264447669120887,-0.04874889743779145,345.47149658203125,397.5611267089844,2627.439208984375,2496.1819458007812,1606.7239030568683,976.5786739944211,8.725000000000056,24.977556864420574,-0.7561628023783366,-0.1177821159362793,0.16151512747501662,0.07964124567114196,0.02608528212851404,350,5.119324207305908,9.208857828010503,1.0202808841276902
2.811222636699677,-5.932179689407349,-2.5721595287323,-0.03144683917825103,-0.04587833435544388,355.6459197998047,410.9274597167969,2617.6497802734375,2498.22705078125,1672.4098832814784,1038.9832226394406,8.750000000000057,24.97744878133138,-0.7857208781772189,-0.12139623612165451,0.15852468053172347,0.08109014262338878,0.026126640188005132,351,5.348543643951416,9.501343678032345,0.47283777775331115
2.8086010813713074,-6.081374645233154,-2.624752402305603,-0.032556002079782397,-0.042896376238125346,364.46435546875,422.58091735839844,2609.134033203125,2500.4037475585938,1737.851127788315,1101.4388989089716,8.775000000000057,24.977548387315537,-0.8134565088484023,-0.12469461560249329,0.1554479138795981,0.08240915637703458,0.026159779898819804,352,5.573414325714111,9.909129906461429,0.0046852150360467415
2.805916440486908,-6.218828916549683,-2.6726372241973877,-0.03358962899430179,-0.03984473900759841,371.8862762451172,432.4213104248047,2601.6148681640625,2501.6312255859375,1803.0794786183935,1163.9489925979362,8.800000000000058,24.977828131781685,-0.8393116129769219,-0.12731178104877472,0.1522963956246256,0.08359500375379803,0.026186665342261994,353,5.793820381164551,10.40997165169956,-0.36251358166227116
2.803439748287201,-6.344425439834595,-2.7158347368240356,-0.03454615115347959,-0.0367275588859311,377.9533233642578,440.5123291015625,2594.94384765625,2502.5597534179688,1868.1198503224955,1226.4897732375846,8.825000000000058,24.978260464138454,-0.8632461229960123,-0.12956862151622772,0.14908485637658542,0.08464742675994849,0.02620770223427902,354,6.00966739654541,10.978324668869362,-0.6132674175857098
2.801254826784134,-6.457893371582031,-2.7542799711227417,-0.0354239290487697,-0.03354829382135132,382.7646789550781,446.9420928955078,2589.07080078125,2503.3895874023438,1932.9934465139022,1289.0537670730337,8.850000000000058,24.978819953070747,-0.8852182494269477,-0.1315569430589676,0.14582017042004133,0.08556382465223396,0.026222776142167788,355,6.220875263214111,11.586971868409831,-0.7384826024136957
2.799259746074677,-6.559089183807373,-2.7879377603530884,-0.036221537472870026,-0.030318472388546666,386.44305419921875,451.88404846191406,2584.0057373046875,2503.9186401367188,1997.7202165334338,1351.6385067580923,8.875000000000059,24.97948752509223,-0.9051913022994995,-0.1331716626882553,0.14250996105361372,0.08634383540719374,0.026231878743549895,356,6.427374362945557,12.208541354134416,-0.7353003700827059
2.7973356366157534,-6.647752046585083,-2.816727638244629,-0.03693796525680417,-0.02705382180211082,389.1186828613281,455.49180603027344,2579.72802734375,2503.9436645507812,2062.3203599660515,1414.2364727615102,8.900000000000059,24.98024410671658,-0.9231392542521158,-0.13433954119682312,0.13916545516577294,0.08698477089660255,0.026235251387399128,357,6.62910795211792,12.8168392293094,-0.6066132469450513
2.795757913589478,-6.723779916763306,-2.8406732082366943,-0.0375722761330014,-0.02375107760911383,390.9148712158203,457.9486389160156,2576.2364501953125,2503.9615478515625,2126.8135606496453,1476.8350643752797,8.92500000000006,24.981072743733723,-0.9390376673804389,-0.13526301085948944,0.13579492520065503,0.08748645635051383,0.02623337052987926,358,6.826034069061279,13.387944065649199,-0.3603372504390669
2.7945385515689853,-6.787060737609863,-2.8597105741500854,-0.03812358792935064,-0.020415251961951018,391.91876220703125,459.35670471191406,2573.50927734375,2504.0101318359375,2191.2194719045283,1539.4341030715686,8.95000000000006,24.98196283976237,-0.9528637594646878,-0.13596701622009277,0.13240404702033323,0.08784833000838517,0.026226985185046875,359,7.018119812011719,13.90103544635606,-0.008523783908150395
2.7937044203281403,-6.837498903274536,-2.8738163709640503,-0.03859112250347086,-0.017050368730581918,392.1636962890625,459.7554931640625,2571.547607421875,2504.1364135742188,2255.5572038381224,1602.0343563674671,8.97500000000006,24.982905917697483,-0.9645972649256388,-0.1364751160144806,0.12899812197985247,0.08806989252751214,0.02621703994285111,360,7.20534086227417,14.338952677406128,0.4336107923337275
2.7932409167289736,-6.874990463256836,-2.882976531982422,-0.03897421822627876,-0.013661339158563664,391.6983337402344,459.2216491699219,2570.3017578125,2504.359619140625,2319.845894023669,1664.6377667068225,9.00000000000006,24.98388926188151,-0.9742208984163072,-0.13681180775165558,0.1255816524859307,0.08815024092983768,0.026204545972268355,361,7.387678146362305,14.688497865026791,0.948671055901628
2.793137526512146,-6.899534225463867,-2.8871870040893555,-0.0392723258207995,-0.010252601154181524,390.603271484375,457.8706359863281,2569.753173828125,2504.671875,2384.103437968982,1727.246757185338,9.02500000000006,24.98490439520942,-0.9817200899124146,-0.13697698712348938,0.12215891624106884,0.0880900659727695,0.026190491555734382,362,7.565120697021484,14.94050928603326,1.5180288043332408
2.793385195732117,-6.91105318069458,-2.8864519596099854,-0.039485012523355956,-0.006828648801775004,388.9662322998047,455.8257598876953,2569.8931884765625,2505.057373046875,2448.347267314685,1789.8635540603382,9.050000000000061,24.98594707912869,-0.9870834483040704,-0.1369619220495224,0.1187343074610655,0.08788860199749421,0.026175754704171078,363,7.737661838531494,15.08974033197702,2.1226868813191038
2.7939599752426147,-6.909548282623291,-2.8807538747787476,-0.03961196208356867,-0.0033946518587804927,386.8648376464844,453.2012023925781,2570.683349609375,2505.5021362304688,2512.594597026599,1852.48998838651,9.075000000000061,24.987010955810547,-0.990302562713623,-0.136772021651268,0.11531227861836818,0.08754630673482416,0.02616108027044582,364,7.90530252456665,15.134583204494808,2.7440301141861725
2.794849890470505,-6.895082235336304,-2.8701670169830322,-0.03965297892554509,4.476935282324505e-05,384.3618927001953,450.0801696777344,2572.1007080078125,2506.0004272460938,2576.861680766833,1915.1275417922718,9.100000000000062,24.98809814453125,-0.991372201177809,-0.13640794157981873,0.11189719063926189,0.08706459915027767,0.02614706954639848,365,8.068049430847168,15.076677746796031,3.3644458407430715
2.7960561096668246,-6.867586851119995,-2.8546833992004395,-0.039607988147879566,0.0034854630512089427,381.5059356689453,446.53321838378906,2574.1455078125,2506.5492553710938,2641.164198467028,1977.777552473424,9.125000000000062,24.98920228746202,-0.9902899132834541,-0.1358679234981537,0.10849341277241002,0.08644251800914879,0.02613418442403062,366,8.22591495513916,14.920445631766878,3.9678062904807376
2.7975687026977543,-6.827176809310913,-2.8343275785446167,-0.03947701471770731,0.006922808191066118,378.3239440917969,442.59991455078125,2576.792724609375,2507.1505737304688,2705.5178361623407,2040.4412838577014,9.150000000000063,24.990325503879124,-0.987056228849623,-0.1351606547832489,0.10510523936507034,0.08568218967912038,0.026122780685019116,367,8.378918647766113,14.672584554290328,4.5398147728978895
2.7993902981281282,-6.773952484130859,-2.8091570138931274,-0.03926019179308283,0.010352875411006811,374.83111572265625,438.2989807128906,2580.041259765625,2507.807373046875,2769.937654277575,2103.120048200963,9.175000000000063,24.99146779378255,-0.9816741943359375,-0.13428714871406555,0.10173679831693246,0.08478541179392822,0.026113132967851387,368,8.52708625793457,14.34155342012339,5.0682242375247135
2.801536959409714,-6.707929849624634,-2.779146194458008,-0.038957748239412296,0.01377201222720787,371.0329895019531,433.63299560546875,2583.91552734375,2508.5225219726562,2834.4386857717154,2165.815232527135,9.200000000000063,24.99262703789605,-0.9741493066151937,-0.13323867321014404,0.09839236733049732,0.08375244650849215,0.026105468057339,369,8.67044734954834,13.937074513791567,5.542942213364779
2.80371749997139,-6.629197835922241,-2.7444132566452026,-0.038570154271075685,0.01716170238801214,366.9252166748047,428.5592956542969,2588.4249267578125,2508.75244140625,2899.036573955309,2228.5282955764515,9.225000000000064,24.99380111694336,-0.964493089252048,-0.13178007304668427,0.09507888726935596,0.08258468366000603,0.026099950320455492,370,8.809041023254395,13.469669901234496,5.95603792716698
2.806149506568909,-6.537952184677124,-2.7049853801727295,-0.03809820467521082,0.020521597393823848,362.50291442871094,423.1029815673828,2593.59033203125,2508.8715209960938,2963.747197124254,2291.2471066116077,9.250000000000064,24.99499003092448,-0.9527252780066596,-0.13006404042243958,0.09180536294694418,0.08128514843302062,0.02609661720790369,371,8.94291877746582,12.950244893539265,6.301667884908611
2.808898401260376,-6.434268474578857,-2.66095507144928,-0.037542665110631084,0.02384853266025392,357.748779296875,417.25421142578125,2599.443603515625,2508.9675903320312,3028.586955425035,2353.96889463651,9.275000000000064,24.996187422010635,-0.938864615228441,-0.12811191380023956,0.08857759506101133,0.07985475212797145,0.0260954749614674,372,9.072141647338867,12.389729731998154,6.575939266032747
2.8118631303310395,-6.318289756774902,-2.612396478652954,-0.03690445936133961,0.027131908598104385,352.6421203613281,410.96360778808594,2606.018798828125,2508.8197021484375,3093.573045512925,2416.6930843948107,9.300000000000065,24.997389051649307,-0.9229341480467055,-0.12581820785999298,0.08540214996812014,0.07829550043805449,0.02609659224076847,373,9.196779251098633,11.798783924414945,6.776730187090669
2.814614361524582,-6.190227508544922,-2.559490919113159,-0.03618511458377399,0.0303402895035393,347.1756591796875,404.1984100341797,2613.3330078125,2507.621826171875,3158.7235154836276,2479.4135769485215,9.325000000000065,24.99858856201172,-0.9049718909793429,-0.1228419691324234,0.08229319235631845,0.07661018968241429,0.026099994012942128,374,9.316916465759277,11.1875620052155,6.903480732682459
2.817673718929291,-6.050299644470215,-2.5023540258407593,-0.03538638679977799,0.03348267394821069,341.3531494140625,396.9534454345703,2621.4306640625,2506.281005859375,3224.05684067894,2542.1041226028183,9.350000000000065,24.999779595269096,-0.8850212229622735,-0.11953835189342499,0.07926273974002525,0.07480151215046538,0.026105545039339262,375,9.432656288146973,10.565538691024193,6.9569671315713135
2.820576822757721,-5.898704767227173,-2.441133499145508,-0.03451016518924989,0.03652961527672176,335.1950225830078,389.25294494628906,2630.3448486328125,2503.9077758789062,3289.592607280502,2604.761147749303,9.375000000000066,25.000951555040146,-0.8631296952565511,-0.11552077531814575,0.07632179430349392,0.0728717024008099,0.026113172499148816,376,9.544119834899902,9.941390387318286,6.9390727163048025
2.823239850997925,-5.735713720321655,-2.3761268854141235,-0.03355938130998337,0.039454843901632404,328.7306365966797,381.1518859863281,2640.1123046875,2500.3048706054688,3355.3512284963217,2667.3588421462755,9.400000000000066,25.002098083496094,-0.8393700917561849,-0.11069158464670181,0.07349338406777528,0.07082363373459269,0.02612267041350523,377,9.651451110839844,9.322927182479594,6.85256532645693
2.8259484410285953,-5.561667203903198,-2.3075143098831177,-0.032536947994420716,0.04225536168612168,321.99937438964844,372.6737823486328,2650.7471923828125,2495.9738159179688,3421.3540361135088,2729.8664639114127,9.425000000000066,25.00321282280816,-0.8138153950373331,-0.10524504631757736,0.07079184016848528,0.06866121350847561,0.026133714209650653,378,9.75482177734375,8.717068979662148,6.700887081602427
2.8277379095554354,-5.37684965133667,-2.235648512840271,-0.03144690367668368,0.044866083469861574,315.0718231201172,363.84991455078125,2662.2667236328125,2489.1210327148438,3487.6227159230784,2792.2658093093623,9.450000000000067,25.00428517659505,-0.7865666680865817,-0.09842499345541,0.06824490525404198,0.0663867178929528,0.02614596683125962,379,9.854430198669434,8.129859000287396,6.487964123280332
2.8295162796974185,-5.181615114212036,-2.1608911752700806,-0.03029374660230096,0.04729942208024538,308.0240478515625,354.8389892578125,2674.670166015625,2481.4000244140625,3554.179384013898,2854.493835127234,9.475000000000067,25.005310906304253,-0.7577363650004069,-0.09091724455356598,0.06587553244409051,0.06400311173533163,0.026158845711843674,380,9.950518608093262,7.566509138130965,6.218036883020227
2.829954957962036,-4.976511001586914,-2.0836671590805054,-0.029083021555885897,0.04947188325590991,300.9361267089844,345.6769256591797,2687.9498291015625,2470.3754272460938,3621.0461381642876,2916.528835737586,9.500000000000068,25.006285773383247,-0.7274634308285184,-0.08170174062252045,0.06371597511614525,0.0615160708976853,0.026171795332644184,381,10.04335880279541,7.0314691852905575,5.895517241922225
2.830185979604721,-4.761867046356201,-2.0044644474983215,-0.0278210181749192,0.05139845143917606,293.9097442626953,336.4786834716797,2702.0894775390625,2458.1254272460938,3688.244883891826,2978.2882214187393,9.525000000000068,25.00720765855577,-0.6959055529700385,-0.07165959477424622,0.06179558213765673,0.058926662725044446,0.026183989697604305,382,10.133275985717773,6.528515263715786,5.524872508536592
2.828141248226166,-4.538295030593872,-1.9239110350608826,-0.026515547011535367,0.052953633486052254,286.9942321777344,327.4254150390625,2716.94580078125,2440.998046875,3755.7971208303015,3039.7413570998924,9.550000000000068,25.00807656182183,-0.6632582346598307,-0.059332020580768585,0.0601564647433618,0.05623984735493934,0.0261946111330456,383,10.220638275146484,6.060851746945792,5.11053545416742
2.8254297375679016,-4.306407451629639,-1.842599868774414,-0.025175342401872015,0.05416632469436585,280.2711181640625,318.4969024658203,2732.41357421875,2422.035888671875,3823.720765849832,3100.7663082717686,9.575000000000069,25.008894602457683,-0.6297405560811361,-0.04600510746240616,0.05883482527932874,0.05345955711116705,0.02620239047626107,384,10.305878639221191,5.631222842523263,4.656841674025165
2.8200207352638245,-4.06684422492981,-1.7613702416419983,-0.023810971685910794,0.0549049149719965,273.8334655761719,309.68577575683594,2748.20263671875,2397.8010864257812,3892.0311052052994,3161.3172054885667,9.600000000000069,25.009663899739582,-0.595616963174608,-0.030345212668180466,0.05788088513805156,0.05058887543492719,0.026206031516813916,385,10.389482498168945,5.242028446436514,4.167994067562706
2.8130760669708255,-3.8204734325408936,-1.6809390783309937,-0.022433497385148545,0.055187642811222036,267.72391510009766,301.1066131591797,2763.874267578125,2370.853759765625,3960.736171123267,3221.262232649213,9.62500000000007,25.010392930772568,-0.5611646837658353,-0.013625666499137878,0.05732428863141421,0.047633657119428734,0.02620389682675265,386,10.472002029418945,4.895439233890211,3.6480558509532877
2.8031073808670044,-3.5680938959121704,-1.6023073196411133,-0.02105653283006369,0.05490067472019839,261.95130157470703,292.79383850097656,2778.7205810546875,2339.1707763671875,4029.833027812719,3280.5335766433554,9.65000000000007,25.01108169555664,-0.5267245570818583,0.004740753211081028,0.057215806428885504,0.04459657364814016,0.026194274076720134,387,10.55403995513916,4.593505022956017,3.100971355357961
2.790374904870987,-3.310727596282959,-1.5262157320976257,-0.01969338966491743,0.05404684446877297,256.49095916748047,284.5111999511719,2791.70166015625,2304.2660522460938,4099.301042339085,3339.0128460525375,9.67500000000007,25.01174079047309,-0.49262964063220555,0.023742439225316048,0.05756598298390651,0.04148296798799844,0.02617511804222298,388,10.636249542236328,4.33824908270622,2.5306152854690587
2.7737103879451754,-3.049514651298523,-1.4537971019744873,-0.01836033397830526,0.05254311552639495,251.29200744628906,276.385986328125,2801.238525390625,2265.575439453125,4169.0935838429905,3396.619497358692,9.70000000000007,25.012372334798176,-0.4592871003680759,0.04295811429619789,0.05840563606371645,0.038297343586018794,0.026144144230388598,389,10.71930980682373,4.131740468996969,1.9408680775896268
2.7529774367809297,-2.7857366800308228,-1.3857039213180542,-0.01707222537687198,0.05042424214528986,246.18877410888672,268.35369873046875,2804.9512939453125,2225.228271484375,4239.124546977755,3453.2588833450227,9.72500000000007,25.01298056708442,-0.42706873681810165,0.06062997877597809,0.05969802236765068,0.035045331571490514,0.0260985500802886,390,10.803902626037598,3.9761334157886346,1.3357153531547925
2.725595968961716,-2.5207695960998535,-1.3228533864021301,-0.01584640145543293,0.04760665932387806,241.2642059326172,260.3006896972656,2799.9132080078125,2181.41748046875,4309.248329326388,3508.889590132135,9.750000000000071,25.013567606608074,-0.3964082400004069,0.07648492604494095,0.061421179139094416,0.03173133552288795,0.026035052413641624,391,10.890658378601074,3.8736588680376793,0.719364364510038
2.6932520627975465,-2.25597608089447,-1.2656776309013367,-0.014697451343334698,0.0442678376204889,236.58641052246094,252.26668548583984,2783.383544921875,2139.9642944335938,4379.246159526583,3563.425027143857,9.775000000000071,25.014139811197918,-0.3676705559094747,0.08692227303981781,0.06347542092949464,0.028358887249547337,0.025949315271297888,392,10.980135917663574,3.8265647824874205,0.09636440289308068
2.6476140439510347,-1.992962658405304,-1.2145720720291138,-0.013641127222306183,0.04021876333794323,232.27642822265625,243.9185028076172,2745.0750732421875,2095.8927001953125,4448.830748149631,3616.9241345046994,9.800000000000072,25.014703538682724,-0.3412499361568027,0.09002906084060669,0.06570263919388472,0.024929015605499198,0.025836422208213746,393,11.072700500488281,3.836981692204664,-0.5282870613141861
2.587325865030289,-1.73377525806427,-1.1696417331695557,-0.012692934723615991,0.03565124649256478,227.70281219482422,235.4128646850586,2676.3603515625,2055.3541259765625,4517.457624980689,3669.3214520095853,9.825000000000072,25.015263027615017,-0.3175341751840379,0.08011386543512344,0.06786309533869787,0.021445733017432755,0.02568788855960378,394,11.168444633483887,3.9066970822265814,-1.1490828916285523
2.50830215215683,-1.4804214239120483,-1.130056381225586,-0.011863072922001283,0.03078451101514832,222.96263122558594,226.79058074951172,2569.2507934570312,2018.8480224609375,4584.366633769756,3720.7053051590024,9.850000000000072,25.01582039727105,-0.29677841398451066,0.05390653386712074,0.06957616538751295,0.017909216856037805,0.025491711375211216,395,11.267011642456055,4.0368387060404975,-1.7600392333033141
2.400027477741242,-1.2347905039787292,-1.0948213338851929,-0.011158966419297959,0.02564315161447965,217.8719024658203,217.9828643798828,2408.4730834960938,1982.3887329101562,4648.597903606189,3771.1765057205284,9.875000000000073,25.01637140909831,-0.27916845348146224,0.0072936746291816235,0.0703812473074223,0.014314684874622507,0.02523133744438553,396,11.367440223693848,4.227475744864996,-2.3548822207262003
2.2600363940000534,-1.0000137090682983,-1.062047690153122,-0.010581902063267121,0.020669818953243567,212.26705169677734,209.23859405517578,2188.9878540039062,1946.4927368164062,4708.809730693603,3820.736224043285,9.900000000000073,25.016916063096787,-0.26473643051253426,-0.0616878941655159,0.06975679844963677,0.010679971670037664,0.024883736665481347,397,11.468060493469238,4.477216083099476,-2.9274384413155943
2.0879150480031967,-0.7827999293804169,-1.0290188193321228,-0.010121623562820063,0.016410221786527127,206.00141143798828,200.67782592773438,1909.7263793945312,1911.4461669921875,4763.534427043717,3869.3985424636976,9.925000000000074,25.017439524332683,-0.25322574708196854,-0.15264971554279327,0.06711726459185358,0.0070945984660587165,0.02442069409510603,398,11.566404342651367,4.782892547561303,-3.472242853964619
1.893361967802048,-0.5897815078496933,-0.9920983016490936,-0.00975002312518614,0.013709395692374683,198.89046478271484,192.47254943847656,1591.9023742675781,1873.7701416015625,4811.277586528601,3917.1846966385046,9.950000000000074,25.017926957872177,-0.24393308493826124,-0.25499922037124634,0.06202820093649674,0.0036825670714142875,0.02381332483840523,399,11.659246444702148,5.139440590976421,-3.9853127694200943
1.6810538083314897,-0.42131170630455017,-0.9477188289165497,-0.009423095134243694,0.012891340224826894,192.7373046875,184.91410064697266,1251.9235534667969,1825.6177368164062,4851.075145885314,3964.0289501785464,9.975000000000074,25.018350813123917,-0.23575728138287863,-0.35906171798706055,0.05433520655817971,0.0004916818250295135,0.023038590471355164,400,11.742925643920898,5.54008105853657,-4.464922407062801
1.4579381585121156,-0.2712243963032961,-0.8926722407341003,-0.009089685050819887,0.014133666382348729,184.40478515625,177.9798812866211,909.2283325195312,1760.280029296875,4882.373234722008,4009.66939359896,10.000000000000075,25.018700493706596,-0.22741837633980644,-0.45437073707580566,0.04414639331359208,-0.002514857022079845,0.02208385346234556,401,11.813764572143555,5.976805511831667,-4.912151855829041
1.2287062764167787,-0.13268188759684563,-0.8244040012359619,-0.008698648218566238,0.01740207556293241,152.12903594970703,151.245849609375,570.7332625389099,1679.3946533203125,4905.103943035022,4053.6763943313867,10.025000000000075,25.018755594889324,-0.21763483683268228,-0.5405973792076111,0.03168336533375289,-0.005384496190387126,0.020947128924126476,402,11.868348121643066,6.440971882120922,-5.3310736701555275
0.9865495219826699,-0.0005153417587280273,-0.7413444817066193,-0.008206090853320929,0.022115979923589244,89.88491821289062,96.22360229492188,237.45668029785156,1569.255859375,4919.37227459852,4095.6612606644007,10.050000000000075,25.017628139919704,-0.2053015430768331,-0.6108630895614624,0.017249731305309567,-0.00814221217778753,0.019634348631907134,403,11.903623580932617,6.923753913866096,-5.728588539534272
0.7276680126786232,0.13105633482336998,-0.6436591744422913,-0.007583262258581411,0.02773304023218951,19.93478775024414,33.9183349609375,-96.08584594726562,1428.3509521484375,4925.308691605991,4134.892657148784,10.075000000000076,25.01482433742947,-0.18969761000739205,-0.6671043038368225,0.0012403876935389337,-0.010846237706288625,0.018152272437548217,404,11.917067527770996,7.4163157536610385,-6.1139716419115135
0.44605850800871855,0.26697635650634766,-0.5319897383451462,-0.0068144258570783,0.033649337898179206,-42.33038520812988,-23.299312591552734,-432.4839210510254,1248.3980407714844,4922.906545457335,4170.601430952505,10.100000000000076,25.010316636827255,-0.17043357094128928,-0.7066166400909424,-0.01596587960043121,-0.013546934023352792,0.016503678975140195,405,11.906688690185547,7.909667305606928,-6.498202649237803
0.14132685102522374,0.41021883487701416,-0.4079556465148926,-0.0058981200311039525,0.039460141095488135,-89.05067443847656,-66.73225402832031,-773.6513977050781,1030.7493896484375,4912.0944474310845,4201.8113819718055,10.125000000000076,25.004357231987846,-0.14748040172788832,-0.7309445142745972,-0.03397788875291092,-0.016278863966502223,0.014684623437318384,406,11.87105941772461,8.394212369149303,-6.893131163674204
-0.1867141705006361,0.5640837401151657,-0.27360883355140686,-0.004843435418621517,0.04475331524245353,-110.55915832519531,-86.35704803466797,-1119.0062255859375,774.7566833496094,4892.753162488483,4227.580116713033,10.150000000000077,24.99746322631836,-0.12107453412479824,-0.7399982810020447,-0.052394885644596816,-0.01909091916820616,0.01268544250245554,407,11.809303283691406,8.859106874216913,-7.310477740455468
-0.5337091341614724,0.7317104041576385,-0.1311740605160594,-0.00366564072318934,0.049311207257204864,-135.34381866455078,-110.89315032958984,-1463.0198059082031,482.47521209716797,4864.778006848861,4246.949033796793,10.175000000000077,24.989905887179905,-0.09160442484749688,-0.7326054573059082,-0.07082995666158703,-0.02203203833438671,0.010493713980482669,408,11.721101760864258,9.291598840509128,-7.76064085793669
-0.88961119055748,0.9157538414001465,0.01716502010822296,-0.002382425160110431,0.05313656352461628,-160.18370056152344,-136.34741592407227,-1795.7732543945312,162.38984298706055,4828.202511701182,4259.0109140992445,10.200000000000077,24.98148176405165,-0.059516624444060855,-0.7099295258522034,-0.08889049984433883,-0.025139808966968172,0.008099582614920523,409,11.606705665588379,9.676580258356754,-8.251277566201193
-1.2363403588533401,1.1179325580596924,0.16942698135972023,-0.0010097509861498725,0.056525240435849555,-181.96842193603516,-160.30500411987305,-2094.3132934570312,-175.28404998779297,4783.308180341344,4263.070660173946,10.225000000000078,24.97218237982856,-0.02521569323208597,-0.6689062118530273,-0.10616129925058444,-0.028425254056149953,0.0055017761221702105,410,11.466941833496094,9.996618020127148,-8.785706782378188
-1.5601661115884782,1.3317083716392517,0.3241371363401413,0.00044272013503891523,0.059578804296977594,-199.4635467529297,-179.71539306640625,-2345.7359619140625,-518.2202911376953,4730.950348004942,4258.688558924277,10.250000000000078,24.962039523654514,0.01105119888153341,-0.6088400483131409,-0.12217417116068795,-0.03175170662463245,0.0027143746661238977,411,11.303261756896973,10.232717442167278,-9.361291240977184
-1.8458077251911165,1.5540933012962341,0.47996608912944794,0.001968974082213483,0.06242080913782327,-213.51036834716797,-196.55750274658203,-2537.185546875,-851.2363891601562,4672.30694895711,4245.7330516458605,10.275000000000079,24.951121012369793,0.04912817229827245,-0.5304228663444519,-0.1364541491166121,-0.03502385151282335,-0.00022747776336191832,412,11.117805480957031,10.365984967874612,-9.968108236073943
-2.0885872304439546,1.785272240638733,0.6354995965957642,0.003562285365833371,0.06489257633049908,-224.60195922851562,-209.93453979492188,-2674.011474609375,-1160.35888671875,4608.87731028525,4224.452141916882,10.300000000000079,24.93949466281467,0.08884197307957543,-0.4437367916107178,-0.14864144005508723,-0.0382152506051198,-0.0032668367712135023,413,10.913338661193848,10.380121417345121,-10.588376773798316
-2.2880529522895814,2.0255776047706604,0.789728045463562,0.005211841103244646,0.06692228791054615,-232.87085723876953,-220.72705078125,-2767.0096435546875,-1433.9271240234375,4542.027023420026,4195.443169748938,10.32500000000008,24.927221934000652,0.12991790142324236,-0.357889324426651,-0.15865688983508908,-0.04132992152969755,-0.006330495677348625,414,10.692936897277832,10.264304825335401,-11.197071835167275
-2.448136639595032,2.2745919227600098,0.9420154690742493,0.006905601673710684,0.0684662680360872,-239.07897186279297,-229.551513671875,-2827.83935546875,-1667.4660034179688,4472.851782331166,4159.594991648373,10.35000000000008,24.91436216566298,0.17205139001210532,-0.2795020639896393,-0.16660790707233197,-0.04437481971430983,-0.009337183221953418,415,10.459650993347168,10.01581128155193,-11.763850043210095
-2.573814457654953,2.5308486223220825,1.0920038223266602,0.00863164943135338,0.06953182375536313,-243.3775863647461,-236.61573791503906,-2865.407958984375,-1861.1575927734375,4402.155798444452,4117.908341562942,10.37500000000008,24.90096198187934,0.21494171685642666,-0.2102891355752945,-0.17270559721747508,-0.04735134956031273,-0.012205812391618774,416,10.216296195983887,9.641800600892935,-12.256041104717097
-2.6704629898071293,2.792494297027588,1.239010214805603,0.010378289874065654,0.07015938102148349,-246.26466369628906,-243.01864624023438,-2886.944580078125,-2017.6121826171875,4330.520599469845,4071.3794017436217,10.40000000000008,24.88707012600369,0.2582944929599762,-0.15163034200668335,-0.17720598991981593,-0.0502611152061441,-0.014863048988569888,417,9.965350151062012,9.159897576870552,-12.642230330801995
-2.741553694009781,3.0572636127471924,1.382333755493164,0.012136400634816682,0.07045956088822744,-248.34832000732422,-248.96771240234375,-2894.81689453125,-2140.8218994140625,4258.346984967894,4020.9390971782045,10.42500000000008,24.87270779079861,0.30187997553083634,-0.10239487141370773,-0.18035591027813438,-0.05309830763167621,-0.01724910608663178,418,9.708929061889648,8.597443978202822,-12.895876233091899
-2.7914984703063968,3.323030948638916,1.521274983882904,0.013898464525310796,0.07047852758861585,-250.32891845703125,-254.81278228759766,-2892.6339111328125,-2235.282470703125,4185.976562604614,3967.4185496928626,10.450000000000081,24.85790464613173,0.3455089529355367,-0.06183292716741562,-0.182386021332345,-0.05586016796846731,-0.01932157700663414,419,9.448808670043945,7.989530135093572,-12.998443249173718
-2.8243420958518985,3.587449550628662,1.6550207734107971,0.015657998412769335,0.07026260348085928,-252.15637969970703,-260.78646087646484,-2883.377197265625,-2305.4085083007812,4113.660714826293,3911.536487925292,10.475000000000081,24.84267340766059,0.38901835680007935,-0.02920481003820896,-0.18350654636099584,-0.05853955353525001,-0.02105836375331312,420,9.186450004577637,7.376095930810264,-12.941642176272842
-2.8428942143917086,3.8485506772994995,1.7830030918121338,0.01741022629228427,0.06988520026488142,-253.94136810302734,-266.91551971435547,-2867.923828125,-2355.4698486328125,4041.5762848946515,3853.901275217778,10.500000000000082,24.82703102959527,0.43228788508309257,-0.00300009036436677,-0.1839001116358391,-0.06113314578363473,-0.022458728755882444,421,8.923030853271484,6.798506380138186,-12.728535362678658
-2.8497229337692263,4.1045262813568115,1.9048011898994446,0.01915171102157372,0.06939321870419211,-255.90645599365234,-273.4749221801758,-2847.5245361328125,-2388.932861328125,3969.878189191525,3795.014529001962,10.525000000000082,24.81098810831706,0.47523097859488594,0.017902828752994537,-0.18371204252860907,-0.06363503998614206,-0.023541659520676533,422,8.659492492675781,6.296039261962601,-12.373452098978852
-2.8477538466453556,4.353787660598755,2.02018004655838,0.020879216235734854,0.06877941000719928,-258.15116119384766,-280.3340530395508,-2823.8153076171875,-2409.5319213867188,3898.690075788203,3735.2912074687615,10.550000000000082,24.794559478759766,0.5177662107679579,0.034587230533361435,-0.18305325969870753,-0.06603785835431464,-0.024342174535435326,423,8.396590232849121,5.90267525426199,-11.900817979071988
-2.8405740678310396,4.595154523849487,2.1290172338485718,0.02258877840205158,0.06798476434981167,-260.6801986694336,-287.63378143310547,-2798.4371337890625,-2422.2052612304688,3828.0946930977716,3675.0529094340955,10.575000000000083,24.777753618028427,0.559794372982449,0.048591092228889465,-0.18200390765018906,-0.06833586885002499,-0.024906105138043408,424,8.13493537902832,5.644492373596071,-11.343107218028281
-2.8307814955711366,4.827709197998047,2.2316375970840454,0.0242760511584011,0.06698265428231769,-263.67254638671875,-295.54492950439453,-2773.754150390625,-2429.3751831054688,3758.133764753043,3614.4977779033347,10.600000000000083,24.760572645399307,0.6012070178985596,0.06018184870481491,-0.1806363078514061,-0.07052269653141374,-0.02528376010596806,425,7.875032424926758,5.537863736320497,-10.738188847180728
-2.8206267654895782,5.0508739948272705,2.328445315361023,0.025935379448656207,0.06574044775898544,-267.1366729736328,-303.72584533691406,-2751.7952880859375,-2433.14990234375,3688.7899109932755,3553.7633983256987,10.625000000000083,24.743025037977432,0.6418636110093858,0.06955817341804504,-0.17901004853174923,-0.0725938847648442,-0.02552376085445464,426,7.617291450500488,5.588559603032437,-10.126362412118587
-2.811487537622452,5.26423192024231,2.41991126537323,0.0275603654444169,0.06424814544215954,-271.09132385253906,-312.1640319824219,-2733.531494140625,-2435.09716796875,3619.995028791125,3492.9346507671053,10.650000000000084,24.725108676486546,0.6816056039598253,0.0769943818449974,-0.1771732829726784,-0.07454497067489589,-0.025668578561106103,427,7.362043857574463,5.791755633761468,-9.547377218997132
-2.803926032781601,5.467613220214844,2.506624221801758,0.02914510649879837,0.06252792230910409,-275.4793701171875,-320.7471923828125,-2718.95068359375,-2436.2650756835938,3551.656741437608,3432.0572215678867,10.675000000000084,24.706832038031685,0.7202872302797105,0.08290259540081024,-0.17517128491272496,-0.076373879908751,-0.025751941745009388,428,7.109553813934326,6.132857328193213,-9.037696737950714
-2.797462683916092,5.6608970165252686,2.588961958885193,0.030684534283351064,0.06063466444540995,-280.2321090698242,-329.3594970703125,-2707.404052734375,-2436.4241943359375,3483.6829743477633,3371.150594675797,10.700000000000085,24.688199361165363,0.7577837175793118,0.08737500011920929,-0.1730404065007685,-0.07807863174034876,-0.025798268264409157,429,6.860029697418213,6.588988007528549,-8.62820970794449
-2.7920644879341125,5.843956470489502,2.6673513650894165,0.03217466862060207,0.05859571918652086,-285.28917694091797,-337.9794464111328,-2698.1053466796875,-2436.2973022460938,3415.997873029403,3310.2399898173985,10.725000000000085,24.66922124226888,0.7939980427424113,0.09097118675708771,-0.17080904369193198,-0.07965688342016777,-0.02582354332762969,430,6.613633632659912,7.130950286982266,-8.342521606816849
-2.787122201919556,6.01670241355896,2.742017388343811,0.03361247392302762,0.05645700109410548,-290.58900451660156,-346.56593322753906,-2690.3216552734375,-2435.494873046875,3348.54523936241,3249.332557261246,10.750000000000085,24.649906158447266,0.8288565609190199,0.09377031028270721,-0.16849813559028615,-0.08110710363058121,-0.025837110885026885,431,6.370494842529297,7.725458455613255,-8.195889984899488
-2.782539737224579,6.178946018218994,2.8131110668182373,0.03499573019618779,0.05423738116120053,-296.107421875,-355.0098876953125,-2683.5015869140625,-2434.3889770507812,3281.2871979805736,3188.445185435074,10.775000000000086,24.630273183186848,0.8623064888848199,0.0960918590426445,-0.16612356129383063,-0.0824264710853093,-0.025843564889481124,432,6.1307148933410645,8.337448956883875,-8.194807656223656
-2.777881920337677,6.330605983734131,2.8807342052459717,0.03632282497926631,0.051967631381964044,-301.82066345214844,-363.4155731201172,-2677.2874755859375,-2432.5346069335938,3214.1996583077216,3127.5854610088045,10.800000000000086,24.610330793592667,0.8943100770314535,0.09788991510868073,-0.16369778772541832,-0.0836144365073772,-0.02584459686440353,433,5.894376277923584,8.9322985587289,-8.337188138906114
-2.7733058810234072,6.47147011756897,2.944848895072937,0.037592578575124054,0.04965175898159875,-307.7114715576172,-371.6988983154297,-2671.518798828125,-2430.3748168945312,3147.2674714180725,3066.7720958354644,10.825000000000086,24.590095943874783,0.9248408344056871,0.09937456250190735,-0.16123130108184144,-0.08466852815039816,-0.02584034620963241,434,5.661545276641846,9.477810497097355,-8.613070324250124
-2.768605422973633,6.6013734340667725,3.0054678916931152,0.038804033910244284,0.04730697879983848,-313.78465270996094,-379.8433837890625,-2666.1405029296875,-2427.5844116210938,3080.479501447369,3006.0127254131007,10.850000000000087,24.569583468967014,0.9538777006997002,0.10042548179626465,-0.15873313946604942,-0.08558734369361072,-0.025830457143490887,435,5.4322733879089355,9.945865044711875,-9.005735632272357
-2.764002221822739,6.720103979110718,3.062631368637085,0.039956508549597675,0.04493360292587349,-320.05865478515625,-387.83628845214844,-2661.155517578125,-2424.5651245117188,3013.8259888741263,2945.323115122573,10.875000000000087,24.548803965250652,0.9814069006178114,0.10120806843042374,-0.15621250742855985,-0.0863686277724667,-0.025814607173815715,436,5.20659875869751,10.313667983525557,-9.493115729002225
-2.7594889760017396,6.827607870101929,3.1161868572235107,0.04104933254172249,0.04253826013410455,-326.5398864746094,-395.67713928222656,-2656.5902099609375,-2421.27392578125,2947.297100934673,2884.70898700978,10.900000000000087,24.527774386935764,1.0074147250917223,0.10169442743062973,-0.1536757133322049,-0.08701284227896766,-0.025792819187147504,437,4.984549045562744,10.564568856558997,-10.049366145403798
-2.7550992727279664,6.923668146133423,3.1662466526031494,0.042082085606509195,0.040127491813959165,-333.25390625,-403.3548278808594,-2652.496337890625,-2417.7196655273438,2880.882345685649,2824.1771388652483,10.925000000000088,24.50650956895616,1.0318942202462091,0.10187309980392456,-0.15113101297636372,-0.08751732405202353,-0.025765486415865964,438,4.766141414642334,10.688453403383821,-10.646489103752051
-2.750996083021164,7.00820779800415,3.2126827239990234,0.04305435994741589,0.037700166121974056,-340.2071228027344,-410.8767852783203,-2648.8421630859375,-2414.2302856445312,2814.569937238383,2763.7341472270646,10.950000000000088,24.485017988416885,1.0548386308881972,0.10189004987478256,-0.14858379926224383,-0.08788164032795717,-0.025733287133811223,439,4.551383018493652,10.681741234109575,-11.255903081640959
-2.7470923721790315,7.0812177658081055,3.255608320236206,0.043965810185738696,0.035264447311365986,-347.40830993652344,-418.2267150878906,-2645.6258544921875,-2410.6463623046875,2748.348883161234,2703.378390085951,10.975000000000088,24.463314480251736,1.0762429237365723,0.10168507695198059,-0.14603884923505048,-0.08810635286731101,-0.02569712223844579,440,4.340273380279541,10.547041396685369,-11.849875614704663
-2.743443632125855,7.142561435699463,3.2949591875076294,0.044816307324612316,0.032823117137117344,-354.8760528564453,-425.4122619628906,-2642.8446044921875,-2407.0707397460938,2682.208236798929,2643.1122310283336,11.000000000000089,24.441409640842014,1.0961076948377821,0.10130346566438675,-0.14350138934842296,-0.08818946846045671,-0.025657940480907998,441,4.132805824279785,10.292531270032041,-12.402757835756868
-2.7401310563087464,7.192289113998413,3.3307770490646362,0.04560569740003622,0.030376466882472343,-362.6055450439453,-432.4221496582031,-2640.501708984375,-2403.644775390625,2616.137121686624,2582.935462534681,11.02500000000009,24.41931618584527,1.1144326792822943,0.10080201178789139,-0.14097504815934656,-0.08813217720750638,-0.025616655242227965,442,3.9289662837982178,9.931128862290807,-12.891980641289399
-2.7371347844600677,7.230377435684204,3.3631069660186768,0.04633388470465875,0.027927923286739865,-370.6094207763672,-439.2512512207031,-2638.5616455078125,-2400.3665161132812,2550.1245789620148,2522.844343149915,11.05000000000009,24.397042592366535,1.131219466527303,0.10019156336784363,-0.1384625221184249,-0.08793425024305385,-0.02557412372738156,443,3.7287375926971436,9.479531019157573,-13.298793190778246
-2.734626841545105,7.256785869598389,3.3919159173965454,0.047000835948966264,0.025474943863316724,-378.9387969970703,-445.89808654785156,-2637.4580078125,-2397.1197509765625,2484.1605378243194,2462.8351802470825,11.07500000000009,24.37459945678711,1.146470970577664,0.09927927702665329,-0.13596828866524077,-0.08759523399747596,-0.025531107433992974,444,3.5320968627929688,8.957184911773494,-13.60874151722525
-2.732501792907715,7.27152681350708,3.417263150215149,0.04760648871512072,0.023028715969375856,-387.54234313964844,-452.34266662597656,-2636.8638916015625,-2394.0292358398438,2418.2240876290066,2402.907186472668,11.10000000000009,24.35199737548828,1.1601897080739338,0.09821769595146179,-0.13349968813754864,-0.08711578177747764,-0.025488353295524194,445,3.3390121459960938,8.38525206760061,-13.811897928889195
-2.7305651247501377,7.274738788604736,3.4391855001449585,0.048151184220636786,0.020598304755596535,-396.4161834716797,-458.5907440185547,-2636.395751953125,-2391.1181640625,2352.3024903389673,2343.0564555766714,11.12500000000009,24.32924482557509,1.172388129764133,0.0971500352025032,-0.13105770257600047,-0.08649788679268722,-0.02544651253808553,446,3.1494457721710205,7.785618162616215,-13.902866125340175
-2.728809827566147,7.266460657119751,3.4577490091323853,0.048635321939677977,0.018184059761871835,-405.5750274658203,-464.6383972167969,-2636.0384521484375,-2388.3863525390625,2286.392596540139,2283.2785014751084,11.150000000000091,24.30635028415256,1.1830801433987088,0.09608013182878494,-0.12864242352675878,-0.0857416655564024,-0.025406038731300127,447,2.9633591175079346,7.179988954058018,-13.880596657486702
-2.7272338569164276,7.246883869171143,3.4729297161102295,0.0490593138299754,0.01578600595533698,-415.01763916015625,-470.4831085205078,-2635.7823486328125,-2385.8375244140625,2220.491635236428,2223.5688426616316,11.175000000000091,24.283324347601997,1.192279921637641,0.09501125663518906,-0.12625385931220193,-0.0848499476772814,-0.025367204433060807,448,2.780714511871338,6.589098910563518,-13.748048787858044
-2.725838088989258,7.21599555015564,3.4847854375839233,0.049423563526881785,0.01340407883755931,-424.7558288574219,-476.11944580078125,-2635.6236572265625,-2383.4732055664062,2154.5970765206075,2163.9229045512798,11.200000000000092,24.260175493028427,1.2000015046861436,0.09394364058971405,-0.12389199328757312,-0.08382202991434887,-0.025330161526773486,449,2.601473331451416,6.032049959905603,-13.511733840735456
-2.72487428188324,7.173926830291748,3.4933406114578247,0.04972840392553339,0.011029034326723816,-434.8402099609375,-481.53639221191406,-2636.0240478515625,-2381.2959594726562,2088.7064850899433,2104.3360744121196,11.225000000000092,24.236912197536892,1.2062574757470026,0.09272430837154388,-0.12155773259211866,-0.08265993460555757,-0.025294986994438426,450,2.4255969524383545,5.525789846500645,-13.181175822565374
-2.7244335591793063,7.120750665664673,3.4986454248428345,0.049973922410903475,0.008663058607608153,-445.2510986328125,-486.7078094482422,-2637.15966796875,-2379.292724609375,2022.8058838936543,2044.803675425303,11.250000000000092,24.213538699679905,1.2110539277394612,0.09127859026193619,-0.11925751042434679,-0.08136534703253484,-0.02526185976719136,451,2.253041982650757,5.084732793983767,-12.768322807432568
-2.724336886405945,7.056623935699463,3.5006786584854126,0.05016053926310157,0.006316812126802392,-455.96888732910156,-491.63482666015625,-2638.6656494140625,-2377.4937133789062,1956.8768921944356,1985.3213573100684,11.275000000000093,24.19006559583876,1.2144054306877985,0.08974452316761017,-0.11699456418945761,-0.07994079303712703,-0.025231094014817143,452,2.083756446838379,4.72051899632013,-12.28693965384006
-2.724609673023224,6.981659412384033,3.4995408058166504,0.05028877046958889,0.003991462357952372,-467.0121307373047,-496.30596923828125,-2640.581787109375,-2375.9046020507812,1890.9102509590841,1925.8840144755954,11.300000000000093,24.16649712456597,1.2163288063473172,0.08810928463935852,-0.11477113260724249,-0.07838783722647458,-0.025202991423533,453,1.917685627937317,4.441900908332436,-11.752011984562328
-2.7252422809600834,6.8960394859313965,3.4951910972595215,0.05035915698496184,0.0016898694684495123,-478.3758544921875,-500.7268829345703,-2642.8809814453125,-2374.5303344726562,1824.89570628135,1866.4863994243258,11.325000000000093,24.142837524414062,1.216841803656684,0.08638537675142288,-0.1125897540031154,-0.076709213501884,-0.025177805825880337,454,1.7547708749771118,4.254740649567735,-11.179183238993478
-2.7262609958648683,6.799924850463867,3.4877647161483765,0.05037232298760092,-0.0005867439973219887,-490.07164001464844,-504.8724822998047,-2645.6107177734375,-2373.3696899414062,1758.8236817452173,1807.1231410625091,11.350000000000094,24.119097391764324,1.2159636285569932,0.08455163240432739,-0.11045275864303016,-0.07490718971147109,-0.025155743200724712,455,1.5949504375457764,4.1621020428259445,-10.584239503726888
-2.727645665407181,6.693537473678589,3.4773142337799072,0.050328934267778645,-0.0028348598189093656,-502.09910583496094,-508.73851013183594,-2648.745849609375,-2372.40869140625,1692.6834138008817,1747.788898813974,11.375000000000094,24.09528096516927,1.2137146790822346,0.08260993659496307,-0.10836290955661773,-0.07298512393492286,-0.025136972076228857,456,1.4381587505340576,4.164419484542699,-9.982653909875186
-2.7294237434864046,6.577069044113159,3.4638381004333496,0.050229714872416384,-0.005052644927450005,-514.4626617431641,-512.3245697021484,-2652.3302001953125,-2371.6495361328125,1626.4647675606475,1688.4786815288176,11.400000000000095,24.071392483181423,1.2101170751783583,0.08054622262716293,-0.10632316951059083,-0.07094578960484327,-0.025121615207474267,457,1.2843260765075684,4.259726095783687,-9.389197527416114
-2.731603115797043,6.450695037841797,3.447424530982971,0.05007547207221956,-0.007237477318615793,-527.1741027832031,-515.6125183105469,-2656.3739013671875,-2371.0953979492188,1560.156512555765,1629.187443125497,11.425000000000095,24.047436184353298,1.2051942613389757,0.07835541665554047,-0.1043365678506894,-0.0687915918885918,-0.02510978494656943,458,1.1333786249160767,4.4439238147224955,-8.817619841595233
-2.7342007219791413,6.31468939781189,3.4281363487243652,0.04986705474978564,-0.009386757549526323,-540.2354125976562,-518.5918731689453,-2660.900390625,-2370.7503051757812,1493.7471650215857,1569.9100581767666,11.450000000000095,24.023418426513672,1.1989711390601263,0.0760265365242958,-0.10240640856114085,-0.06652666492764188,-0.02510157492027142,459,0.9852378368377686,4.711079881057498,-8.28039872684616
-2.7372279524803163,6.169267177581787,3.4060415029525757,0.04960539085030695,-0.011497470838603844,-553.655517578125,-521.2550811767578,-2665.9267578125,-2370.6151733398438,1427.2246552559611,1510.641300547372,11.475000000000096,23.99934344821506,1.1914743317498102,0.07355446368455887,-0.1005362120080111,-0.06415405055130108,-0.025097087077715716,460,0.8398202657699585,5.053735816793501,-7.788557195044489
-2.740700286626816,6.014689683914185,3.3812415599823,0.04929148322038147,-0.013566587840108387,-567.4415588378906,-523.5863952636719,-2671.4788818359375,-2370.6906127929688,1360.576486310649,1451.375921213876,11.500000000000096,23.975213368733723,1.1827319198184543,0.07092940807342529,-0.0987297066168263,-0.06167755208650117,-0.025096431690416206,461,0.6970374584197998,5.4632168030317985,-7.3515420530393145
-2.744635832309723,5.8512208461761475,3.3537572622299194,0.048926413769202044,-0.01559082225486669,-581.6033020019531,-525.5825653076172,-2677.5848388671875,-2370.9784545898438,1293.789514264751,1392.1086558940517,11.525000000000096,23.951032426622177,1.1727741029527452,0.06814081966876984,-0.0969908371949511,-0.059100918764714294,-0.025099723191075975,462,0.5567952990531921,5.9299318765665445,-6.977158159885712
-2.7490199863910676,5.679139137268066,3.323703169822693,0.04851135595212399,-0.017565411601835633,-596.1493835449219,-527.2195129394531,-2684.26708984375,-2371.4268798828125,1226.849893293072,1332.8341945293057,11.550000000000097,23.92680486043294,1.1616332001156278,0.06515579670667648,-0.0953239563462921,-0.05642810787687272,-0.025107090576560326,463,0.41899383068084717,6.443657300769772,-6.671551169749604
-2.7538340568542483,5.498713731765747,3.291179656982422,0.04804764134969235,-0.019484046477885788,-611.0960998535156,-528.4837799072266,-2691.5394287109375,-2371.9857788085938,1159.743216046979,1273.5485225322354,11.575000000000097,23.902530670166016,1.149344841639201,0.06194862350821495,-0.09373452355108396,-0.05366277918888072,-0.025118644118383146,464,0.28352612257003784,6.993797389867918,-6.43923136332144
-2.7591358721256256,5.310271978378296,3.2562912702560425,0.04753670141099304,-0.02134381925206139,-626.4557800292969,-529.3638153076172,-2699.4259033203125,-2372.7337646484375,1092.454730329206,1214.2488780620206,11.600000000000097,23.878216213650173,1.135947306950887,0.0585428811609745,-0.09222779855247959,-0.05080956202372689,-0.025134483685085314,465,0.1502773016691208,7.569619079828806,-6.283131063240173
-2.764946460723877,5.114049673080444,3.219145655632019,0.04698005497008524,-0.023140724779754304,-642.2570190429688,-529.8345794677734,-2707.9554443359375,-2373.6781005859375,1024.969082746199,1154.9305339458097,11.625000000000098,23.853859371609158,1.1214808622996013,0.05493076890707016,-0.09080878309990131,-0.047871350488502114,-0.025154711225802307,466,0.019125299528241158,8.160457622749112,-6.204687714475711
-2.7712117910385135,4.910480737686157,3.1798596382141113,0.04637936650265026,-0.024867222986128253,-658.4877319335938,-529.8814697265625,-2717.0943603515625,-2374.75048828125,957.2701966378015,1095.5885814311614,11.650000000000098,23.829464382595486,1.1059885554843478,0.051088012754917145,-0.08948270364698839,-0.044854359319281424,-0.025179443253831816,467,-0.11005919426679611,8.755892806708424,-6.203945253363229
-2.777846872806549,4.699859857559204,3.138574242591858,0.04573652934977557,-0.02651319593963553,-675.1651611328125,-529.4823760986328,-2726.821044921875,-2375.813232421875,889.3428376290134,1036.2198192241303,11.675000000000098,23.805031246609158,1.089519328541226,0.046967603266239166,-0.0882563096426285,-0.04176221707305006,-0.02520876923474171,468,-0.23741404712200165,9.345896499036403,-6.27966788959318
-2.7849282264709476,4.482539653778076,3.0954325199127197,0.04505359913892758,-0.028075855643509964,-692.319091796875,-528.6152191162109,-2737.102783203125,-2377.03662109375,821.1723115059675,976.8244884135836,11.700000000000099,23.78056420220269,1.0721255011028714,0.042649343609809875,-0.0871354600412198,-0.038599334610363474,-0.025242728699829426,469,-0.3630865514278412,9.920952739991696,-6.42946106542281
-2.792387801408768,4.25890851020813,3.05057692527771,0.04433274801087038,-0.02954805733588957,-709.9342651367188,-527.2703094482422,-2747.7996826171875,-2378.4317626953125,752.7447419258904,917.39857288624,11.7250000000001,23.756061130099827,1.0538619756698608,0.03819716349244118,-0.08612420784104627,-0.03537060340913007,-0.025281334132662567,470,-0.48723098635673523,10.472152717449099,-6.649893734933951
-2.799937623739243,4.029303789138794,3.0041728019714355,0.043576422744855486,-0.030913179146501976,-728.0244445800781,-525.4131164550781,-2758.74365234375,-2379.6351318359375,684.0497498604617,857.9377788188573,11.7500000000001,23.73152626885308,1.0347900125715468,0.0335211306810379,-0.08522707209358264,-0.03207961561592956,-0.025324562646700518,471,-0.6100073456764221,10.991268111261425,-6.93661760942503
-2.807550823688507,3.7942768335342407,2.9563993215560913,0.04278738220932465,-0.03216665417019662,-746.5671997070312,-523.0404510498047,-2769.595947265625,-2380.9334106445312,615.0811585518691,798.4469005229589,11.7750000000001,23.7069574991862,1.0149780909220378,0.028864147141575813,-0.08444714040121772,-0.028733336021190884,-0.02537222698842913,472,-0.7315820455551147,11.47080611945637,-7.284481576111787
-2.815010106563568,3.554228186607361,2.907414436340332,0.04196848930244971,-0.03330202008014084,-765.55712890625,-520.13671875,-2779.900146484375,-2382.3809814453125,545.8412598702296,738.9235652568458,11.8000000000001,23.68235905965169,0.9944968091117011,0.024416835978627205,-0.08378131683918429,-0.02533551905787267,-0.025423979698549936,473,-0.8521214127540588,11.904050535618763,-7.687638572230958
-2.821538293361664,3.309645652770996,2.8574252128601074,0.0411230022353768,-0.03429250170440635,-784.9281005859375,-516.7010498046875,-2788.7879638671875,-2383.41748046875,476.34375620812125,679.3640407207131,11.8250000000001,23.657733069525825,0.9734257724550035,0.02026965841650963,-0.08322322646562295,-0.021890836701152865,-0.025479246532952884,474,-0.9717844128608704,12.28509456193326,-8.139643083497496
-2.8267492771148683,3.0611718893051147,2.8065491914749146,0.040254582854604794,-0.03513512587330742,-804.4616394042969,-512.8292236328125,-2795.090576171875,-2384.4994506835938,406.6240571114424,619.7786037089944,11.850000000000101,23.63308376736111,0.9518540567821927,0.01703896000981331,-0.08275892929670287,-0.018405578068363532,-0.025536970549580353,475,-1.0907174348831177,12.6088693346255,-8.633541421031092
-2.829732406139374,2.8094377517700195,2.7549619674682617,0.03936699287517341,-0.035823220119956645,-824.0261535644531,-508.73020935058594,-2797.1781005859375,-2385.5889282226562,336.74679270714614,560.1661174419047,11.875000000000101,23.60841963026259,0.9298729234271579,0.015394803136587143,-0.08235849805967423,-0.014884841656575951,-0.02559551640107546,476,-1.20903480052948,12.87117442775644,-9.16195653638197
-2.829314756393433,2.5549674034118652,2.7026487588882446,0.03846422703871779,-0.036361365913666795,-844.0918579101562,-504.27171325683594,-2793.6119384765625,-2385.9828491210938,266.8173401924979,500.52639423633843,11.900000000000102,23.58374065823025,0.9075780047310723,0.015837443992495537,-0.08197365463740097,-0.011329384802225112,-0.025652464355916522,477,-1.3267958164215088,13.068717458311474,-9.717171191390463
-2.823212105035782,2.298925280570984,2.649709939956665,0.03755040908373833,-0.036701859381411836,-866.0262145996094,-499.3113250732422,-2779.4071044921875,-2386.482177734375,196.9770417305835,440.87682300831113,11.925000000000102,23.55904261271159,0.8850677808125814,0.019807666540145874,-0.0815394844783124,-0.0077511061657633785,-0.025704339821118825,478,-1.4439797401428223,13.199165528290871,-10.29121902444853
-2.8084051072597505,2.0420390367507935,2.596033215522766,0.03663054908203576,-0.03684326907410584,-887.6379089355469,-493.57452392578125,-2749.454833984375,-2386.64208984375,127.49186411827736,381.2147685649518,11.950000000000102,23.534325493706596,0.8624610635969374,0.02968587540090084,-0.08093556276686649,-0.004148299236996643,-0.02574589761769167,479,-1.5604368448257446,13.261213650082867,-10.87599452893174
-2.7803758442401887,1.7858021259307861,2.5412760972976685,0.035710060740763494,-0.03676907090942271,-909.2574768066406,-487.44288635253906,-2695.77099609375,-2386.1766357421875,58.75549326866495,321.54871631885806,11.975000000000103,23.509599897596573,0.8398863342073228,0.04820003733038902,-0.07998386550656986,-0.0005277580350500547,-0.025769098328094382,480,-1.6758047342300415,13.254679933147425,-11.463397814462308
-2.733125346899033,1.53177148103714,2.4848395586013794,0.03479397285707367,-0.03649486518568543,-930.8165893554688,-481.0746765136719,-2606.748046875,-2385.7030639648438,-8.638781633684232,261.8943004253033,12.000000000000103,23.484878540039062,0.8174620734320747,0.08003327995538712,-0.07841389875445452,0.0031080948639917645,-0.025761932760286387,481,-1.7894033193588257,13.180629065132013,-12.045539911615661
-2.659707486629486,1.281707525253296,2.42560076713562,0.03388645286195333,-0.036094550461954485,-952.28857421875,-474.61175537109375,-2471.135986328125,-2383.7401123046875,-73.8074828055684,202.25172382618214,12.025000000000103,23.46016354031033,0.7952861653433906,0.1288209855556488,-0.07584753524762125,0.00676097395135378,-0.02570721728345287,482,-1.9000880718231201,13.041516779802338,-12.615041084880835
-2.5529489099979403,1.0378932058811188,2.3618171215057373,0.032988919720920794,-0.03576703990452358,-973.4759216308594,-468.27760314941406,-2274.7723999023438,-2381.3035278320312,-135.58588246378548,142.65822101856475,12.050000000000104,23.435465494791668,0.7733912600411309,0.20032046735286713,-0.07178469159000203,0.010429208005676881,-0.025581083316323992,483,-2.006089210510254,12.84133268184478,-13.165453702996551
-2.406934177875519,0.8046534955501556,2.2908090353012085,0.032095504076604865,-0.0358393072774164,-995.3159790039062,-462.491455078125,-2008.257568359375,-2376.968017578125,-192.4551924613643,83.12563282276372,12.075000000000104,23.410797119140625,0.7516394721137153,0.297094464302063,-0.06561126364017059,0.01407576031369362,-0.025352862894471813,484,-2.1048290729522705,12.585704925540842,-13.691826822822733
-2.223738688230515,0.5899326354265213,2.208926796913147,0.031187811392132593,-0.037041137781909525,-1011.4425048828125,-457.98973083496094,-1675.8375854492188,-2370.5031127929688,-242.66163167037615,23.701432383310134,12.100000000000104,23.38618172539605,0.7296003897984823,0.416940301656723,-0.05671554826287094,0.01758412134879074,-0.024986828047397235,485,-2.1928389072418213,12.281912159245236,-14.191383712920492
-2.015712314844132,0.40181030333042145,2.1114615201950073,0.030225249266826282,-0.040309964121710826,-1019.9944763183594,-455.4017791748047,-1302.8309326171875,-2359.4668579101562,-284.55757130664085,-35.56114543651475,12.125000000000105,23.361644744873047,0.7063266966078017,0.5480925440788269,-0.04466072878268125,0.020796959408010983,-0.02444828694071277,486,-2.26587176322937,11.93874400934969,-14.66419723395109
-1.797660303115845,0.23518846929073334,1.9934289455413818,0.02914615511847759,-0.046416696530992604,-1035.3894653320312,-455.9084167480469,-917.4908752441406,-2342.4356689453125,-317.12834462210964,-94.54781688426982,12.150000000000105,23.33719041612413,0.6803820530573527,0.6781612038612366,-0.029315629951752905,0.023726294606516582,-0.023712536674713344,487,-2.3192667961120605,11.566216402674495,-15.113661205146961
-1.5702844798564912,0.08335010707378387,1.8500515222549438,0.02787893568684462,-0.05534051241898179,-1032.7301025390625,-460.12269592285156,-527.004560470581,-2314.1382446289062,-340.0656165032535,-153.10870860790442,12.175000000000106,23.312888675265842,0.6501069333818223,0.8045697808265686,-0.010750165990484293,0.026407496532386505,-0.02277076177007186,488,-2.348351240158081,11.17528544558297,-15.54656681375979
-1.3341971546411515,-0.06369166821241379,1.6775540113449097,0.026353749572340043,-0.06690647539157381,-1033.8088989257812,-467.66729736328125,-139.39784240722656,-2267.1213989257812,-353.240730515059,-210.96216472363005,12.200000000000106,23.28868230183919,0.6138861841625638,0.9216910600662231,0.01084352331055648,0.02892275127312817,-0.02162758738858774,489,-2.3486361503601074,10.777824036188136,-15.972715980591461
-1.0804278388619424,-0.21496035438030958,1.4738293290138245,0.024511118817087226,-0.08047126559794639,-1028.8275146484375,-479.9186096191406,250.26087951660156,-2190.0614624023438,-356.72567657528026,-267.6401996967795,12.225000000000106,23.264611562093098,0.5703558524449667,1.0244393348693848,0.03519553801816019,0.03135447222120921,-0.020294194645650104,490,-2.31596302986145,10.387052773218976,-16.404066367751444
-0.7958597019314767,-0.37760065495967865,1.2387354373931885,0.022313738359879043,-0.09510688375031541,-1024.94677734375,-495.6095275878906,650.4409866333008,-2067.1870727539062,-350.4691545874061,-322.3917362568462,12.250000000000107,23.24054718017578,0.518669585386912,1.1132259368896484,0.061951551831372895,0.033775780833606425,-0.01877802790874357,491,-2.2466344833374023,10.018428958975365,-16.85334127210067
-0.4645513378083706,-0.5570391565561295,0.9746547341346741,0.019748698111212413,-0.10965996887602719,-1009.6669006347656,-515.1459655761719,1060.5240478515625,-1869.0270385742188,-334.2081299216162,-374.0714130757069,12.275000000000107,23.216467963324654,0.45855462551116943,1.174136757850647,0.09063109199854417,0.0362560867865273,-0.017073461250065345,492,-2.1375174522399902,9.69079360677164,-17.331959481291722
-0.0771961484104395,-0.7603985667228699,0.6872760355472565,0.016834735906069563,-0.12281896407248816,-997.8161926269531,-539.3929443359375,1470.263427734375,-1567.7179565429688,-307.69502872537083,-420.7970890400835,12.300000000000107,23.19225311279297,0.3904723458819919,1.193987488746643,0.12033531668463708,0.038893996740223924,-0.01515709526242826,493,-1.9864634275436401,9.427229307944435,-17.847061529533867
0.37214534580707553,-0.992726057767868,0.38501474261283875,0.013627007267042258,-0.13303273612991687,-978.1187438964844,-565.5236511230469,1864.065185546875,-1137.0516052246094,-270.93844303205515,-459.9900379536898,12.325000000000108,23.16775851779514,0.31572676367229885,1.1508526802062988,0.14979001149896795,0.0417784061796453,-0.012987408559664999,494,-1.7928510904312134,9.254702066963329,-18.39760519755093
0.8606257140636445,-1.2511728405952454,0.07849677838385105,0.010210846741418823,-0.1395402118654175,-958.3989562988281,-590.0835266113281,2207.1815185546875,-583.9019012451172,-224.33681339342525,-488.41632808435094,12.350000000000108,23.14288881089952,0.23631668753094143,1.031575322151184,0.17725928643113115,0.044838977483391614,-0.010512296811167077,495,-1.5582436323165894,9.201357484266927,-18.970187111836935
1.3440991044044495,-1.526229977607727,-0.22037116438150406,0.006679770294609818,-0.14233853670319668,-941.1274719238281,-597.1203308105469,2462.25439453125,48.16099739074707,-169.15727542959462,-503.0138756155378,12.375000000000108,23.117601606580948,0.15442257126172385,0.8430334329605103,0.20084319242519366,0.04786926157152208,-0.007689052171695606,496,-1.2868684530258179,9.290744146160364,-19.536273018502232
1.77279349565506,-1.8153847455978394,-0.5035704672336578,0.00311885864136217,-0.1421861539545737,-928.0835571289062,-599.1564025878906,2622.5712890625,674.7103271484375,-107.600915566341,-501.8098506808376,12.400000000000109,23.091841803656685,0.07202042473687066,0.6195526123046875,0.2191561200555009,0.0507829262516369,-0.004509646666980215,497,-0.9853933453559875,9.533784434766536,-20.053220356185953
2.112873125076294,-2.119180142879486,-0.7690669298171997,-0.0004139277616257546,-0.1403061120277891,-919.3837585449219,-607.3187561035156,2709.713623046875,1212.2477111816406,-42.03663333979587,-484.94209250219455,12.425000000000109,23.065579732259113,-0.009547484417756399,0.4107629060745239,0.23195900067994782,0.05358669392489391,-0.0010189242627298531,498,-0.6616764664649963,9.921423367573222,-20.47055748093371
2.3554239451885226,-2.4360058307647705,-1.0201658308506012,-0.003892310321840335,-0.1379879384897944,-912.7890625,-616.4536743164062,2751.68310546875,1616.3765869140625,25.706207236366566,-454.63589972271177,12.45000000000011,23.03871790568034,-0.08967429399490356,0.24901224672794342,0.24010502788801177,0.05628900764418652,0.002683143120633239,499,-0.32308700680732727,10.421551466723452,-20.74030343996829
2.5168966829776767,-2.763226866722107,-1.2627237439155579,-0.007313448149899506,-0.13573185821709058,-907.2084045410156,-626.4928894042969,2769.8575439453125,1895.8035278320312,94.49828487308078,-414.226485049904,12.47500000000011,23.011207580566406,-0.16829427745607164,0.13382211327552795,0.24481293077354022,0.0588965128286723,0.006455655406055293,500,0.02458970621228218,10.981884071887212,-20.82783071495658
2.6201286017894745,-3.0977866649627686,-1.500062644481659,-0.010679262447352835,-0.13357909194992504,-901.5723571777344,-637.993896484375,2775.35107421875,2081.1598510742188,163.7447234717116,-366.8313968541335,12.50000000000011,22.983055114746094,-0.2454514139228397,0.05432206019759178,0.2471058458930712,0.061413691079123166,0.010141605593374065,501,0.37720373272895813,11.537710309556998,-20.719899305640503
2.6852185845375063,-3.436548948287964,-1.7332369685173035,-0.013991266326624351,-0.13144414389492778,-897.0359497070312,-649.7840270996094,2774.216552734375,2203.2332763671875,233.12850032717978,-314.80240057729844,12.52500000000011,22.954224480523003,-0.3211796283721924,0.000780093832872808,0.2477488328487572,0.06384575844620538,0.013591945086815684,502,0.7318776845932007,12.022066207289672,-20.428179205716557
2.725935637950897,-3.7756775617599487,-1.9618428945541382,-0.017249575260714446,-0.1292664687491916,-896.0272521972656,-661.4774169921875,2771.375732421875,2282.4638671875,302.4839141455393,-259.7215686681322,12.55000000000011,22.92470932006836,-0.3954806923866272,-0.03502842038869858,0.24728639157022175,0.06618132367447505,0.016682242885932706,503,1.0866689682006836,12.375951000189755,-19.98809423710169
2.749425953626633,-4.1123093366622925,-2.185027599334717,-0.020453942699162824,-0.12711579972138448,-895.6139831542969,-671.6220703125,2767.640380859375,2330.9214477539062,371.7683074560865,-202.6599719884534,12.575000000000111,22.89450963338216,-0.46834833092159694,-0.057277169078588486,0.24611559937599567,0.06842546133416554,0.019323141613774564,504,1.4402896165847778,12.55674849997945,-19.453781347977362
2.7575987458229068,-4.443634510040283,-2.401679277420044,-0.023606802937653392,-0.12520096193048227,-896.2332763671875,-682.8723449707031,2760.58251953125,2354.5411376953125,440.9593169775713,-144.38693579461108,12.600000000000112,22.86365720960829,-0.5398381418652005,-0.06906690448522568,0.24451572199588736,0.0705751691272667,0.02146516785160653,505,1.791925311088562,12.54369546160388,-18.8904787465166
2.75256884098053,-4.767504453659058,-2.6112688779830933,-0.02671620787729443,-0.12364483529365695,-897.056396484375,-693.9394836425781,2747.6954345703125,2359.6283569335938,509.9738799658533,-85.52340735223086,12.625000000000112,22.832156287299263,-0.6101338068644205,-0.07445623725652695,0.24270984910546145,0.07262873472442141,0.02309815581420507,506,2.1411218643188477,12.339924504814087,-18.36581426574186
2.7357956767082214,-5.082027196884155,-2.8132845163345337,-0.029791957118659593,-0.12250548504505061,-897.8309020996094,-704.5650634765625,2727.4222412109375,2350.3804321289062,578.6662658301126,-26.532698428891585,12.650000000000112,22.800042894151474,-0.679458909564548,-0.07606389373540878,0.24082148480027032,0.07457953767360728,0.024248262736901807,507,2.4876656532287598,11.971215079218256,-17.941357361434104
2.7095906376838688,-5.385905742645264,-3.007472276687622,-0.03284434960502692,-0.12175763612144273,-898.7127990722656,-715.0567626953125,2699.8619384765625,2330.9368286132812,646.8518218603883,32.226812374332106,12.675000000000113,22.76734881930881,-0.7480477624469333,-0.07589133083820343,0.23891918883362673,0.07642147975204695,0.024972182741996397,508,2.831479549407959,11.48201327007976,-17.66549575446167
2.6776675939559937,-5.678213357925415,-3.1940393447875977,-0.035881701473019105,-0.12127141780779993,-899.9280395507812,-724.9785461425781,2667.441162109375,2305.6959228515625,714.3483703223055,90.50023308966632,12.700000000000113,22.734105851915146,-0.8160886499616835,-0.07513047009706497,0.2370318398586012,0.07814600555473857,0.025347719664616596,509,3.172558069229126,10.92949427363386,-17.56834534515479
2.644707435369492,-5.958578109741211,-3.3735134601593018,-0.038908275860974874,-0.120852677338277,-901.6472778320312,-736.011962890625,2634.09521484375,2279.3336181640625,781.0343993750436,148.14263116095822,12.725000000000113,22.70032246907552,-0.8836763434939914,-0.0749061107635498,0.2351583559660009,0.07974640724468647,0.025462056660354265,510,3.5109221935272217,10.376530490075906,-17.65907868017805
2.6143483877182008,-6.22701621055603,-3.546783924102783,-0.04192325301462119,-0.12032602891033542,-903.4364318847656,-747.0129089355469,2603.1243896484375,2255.1958618164062,846.8867797461411,205.12597161506272,12.750000000000114,22.66600079006619,-0.9507895840538872,-0.07519028335809708,0.2332839899012895,0.08121649713354542,0.025400065344198863,511,3.8465828895568848,9.884435526963022,-17.925760356146498
2.5886877536773683,-6.483884334564209,-3.7148503065109253,-0.04492254664616046,-0.11959231138526179,-906.5810546875,-757.959716796875,2577.4781494140625,2234.3054809570312,911.9648894873555,261.50586816047564,12.775000000000114,22.63114293416341,-1.0173329379823473,-0.07557627558708191,0.23139987000908568,0.08255258840768137,0.02523479331201883,512,4.179536819458008,9.50628924325592,-18.337520743822537
2.56815077662468,-6.7295756340026855,-3.878832221031189,-0.047900584923249535,-0.11863380641942864,-910.7345275878906,-768.5764770507812,2557.83349609375,2216.7546997070312,976.40184322271,317.36350518440383,12.800000000000114,22.59574466281467,-1.083177924156189,-0.07563982158899307,0.2295094750435634,0.0837516267542191,0.025022077481137953,513,4.509777069091797,9.281530955318365,-18.848675367501055
2.5552208662033085,-6.964117050170898,-4.039673805236816,-0.050851175996353984,-0.11736817240088211,-917.2029724121094,-778.6077575683594,2549.440673828125,2201.9793701171875,1040.347680625056,372.78237267708164,12.825000000000115,22.55980173746745,-1.1481822861565485,-0.07310572266578674,0.22763955312892106,0.08480808611389672,0.024799713933089346,514,4.837310791015625,9.232327500012506,-19.4042082427951
2.547315311431885,-7.187459707260132,-4.1981213092803955,-0.05376758706134294,-0.11597354983941327,-924.5130615234375,-787.682373046875,2548.141357421875,2189.2813110351562,1104.0836974707602,427.83185693001303,12.850000000000115,22.523295084635418,-1.2121915817260742,-0.06896364688873291,0.22586392376162434,0.08572183748984892,0.024591036536330223,515,5.162227630615234,9.361997965776773,-19.94591779828403
2.540982806682587,-7.4003682136535645,-4.354828119277954,-0.05664946025594494,-0.11461071876345726,-932.4312438964844,-795.8537292480469,2548.3896484375,2177.8567504882812,1167.7872314063072,482.5638897058934,12.875000000000115,22.486243777804905,-1.2751979298061795,-0.06495851278305054,0.2241900604374823,0.08649829042803993,0.024407738232521715,516,5.484673023223877,9.65548339435675,-20.41850304376744
2.5353594303131106,-7.603227376937866,-4.51033091545105,-0.059498018969785724,-0.11331410885248173,-940.1916198730469,-803.3306274414062,2549.1485595703125,2167.0888671875,1231.4969726172446,537.0103084681018,12.900000000000116,22.44866689046224,-1.3372295432620578,-0.06099914014339447,0.22261608229897503,0.08713694558576536,0.024252182577131267,517,5.80479097366333,10.081604924651742,-20.774985112361662
2.529733717441559,-7.796299695968628,-4.664863109588623,-0.06231534379746692,-0.11211293997707193,-948.0491943359375,-810.30810546875,2549.556640625,2156.5494384765625,1295.2256866065024,591.1875301477905,12.925000000000116,22.41058137681749,-1.398333575990465,-0.05719645321369171,0.22113917638220115,0.08763723288010435,0.02412110719782353,518,6.12272310256958,10.59675667466424,-20.981015821104435
2.523803967237473,-7.979753255844116,-4.818605422973633,-0.06510396890321332,-0.11101674126050329,-956.0545043945312,-816.8811950683594,2549.236328125,2146.06005859375,1358.9646026221274,645.1012661097059,12.950000000000117,22.372008429633247,-1.45856777826945,-0.05358519032597542,0.2197548985370916,0.08799858222813607,0.02400871555803838,519,6.438604354858398,11.149599142951907,-21.01775258779458
2.517498916387558,-8.153746604919434,-4.97161865234375,-0.06786652831979056,-0.11002460556352948,-964.2445983886719,-823.0916748046875,2548.1285400390625,2135.5480346679688,1422.6955108252523,698.7527675745508,12.975000000000117,22.33295652601454,-1.5179916222890217,-0.050146229565143585,0.21845867145552278,0.0882214846501865,0.023908855339538817,520,6.7525634765625,11.686254242567333,-20.88312566679276
2.5109044313430786,-8.318250179290771,-5.12391996383667,-0.07060553540547741,-0.10912910100223353,-972.6675720214844,-828.9654541015625,2546.34912109375,2125.05126953125,1486.398724326229,752.1414684412513,13.000000000000117,22.29344262017144,-1.5766612688700359,-0.04685671627521515,0.21724643381683234,0.08830391364711365,0.02381629384690175,521,7.064724445343018,12.155496673770832,-20.591477940065307
2.504165375232697,-8.473365306854248,-5.275548458099365,-0.07332328297552487,-0.10832063187431272,-981.3333435058594,-834.4794616699219,2544.0760498046875,2114.6531372070312,1550.0574523535731,805.2677501795338,13.025000000000118,22.253475189208984,-1.6346283753712971,-0.04369078576564789,0.2161147734458736,0.08824648507491963,0.023727242317357622,522,7.375205039978027,12.51347144887796,-20.17170361483417
2.497436833381653,-8.619107246398926,-5.426459550857544,-0.07602182249621013,-0.10758938609562581,-990.2575378417969,-839.6491088867188,2541.478271484375,2104.4650268554688,1613.6593535986906,858.1340786097107,13.050000000000118,22.21306694878472,-1.6919383737776015,-0.04064851254224777,0.21506071093117704,0.08804838334052055,0.023639366323763414,523,7.684118747711182,12.727540319502044,-19.664133967869446
2.490807592868805,-8.75565242767334,-5.576714515686035,-0.07870298489078262,-0.10692850602636583,-999.4375,-844.4648132324219,2538.6690673828125,2094.53369140625,1677.1963103858002,910.7457042810986,13.075000000000118,22.172224256727432,-1.7486321926116943,-0.03771829977631569,0.21408140001932766,0.08771151842976076,0.023551529861466636,524,7.991575241088867,12.778960461868314,-19.116510554517816
2.4843424916267396,-8.883017539978027,-5.726389646530151,-0.08136846792443728,-0.10633212438975621,-1008.8894958496094,-848.9335632324219,2535.710693359375,2084.9125366210938,1740.6630370703708,963.109046566256,13.100000000000119,22.13095982869466,-1.8047469192081027,-0.034908708184957504,0.2131738612988559,0.08723481675582577,0.023463429163655455,525,8.297679901123047,12.664217026060223,-18.57944448259224
2.4780727803707125,-9.001351833343506,-5.875489711761475,-0.08401981123717929,-0.1057957054895654,-1018.6127319335938,-853.0787353515625,2532.6239013671875,2075.6337890625,1804.0558044043555,1015.2318599817845,13.125000000000119,22.089277903238933,-1.8603165944417317,-0.03222804144024849,0.21233496555548095,0.08661936438909766,0.023375241080871002,526,8.602532386779785,12.394955765427966,-18.101780188037015
2.4719990432262424,-9.110810279846191,-6.024110794067383,-0.0866584712452298,-0.10531581218351153,-1028.6117858886719,-856.9033813476562,2529.407470703125,2066.69775390625,1867.3714019385357,1067.122704708348,13.15000000000012,22.04718695746528,-1.915372610092163,-0.029682902619242668,0.21156136719308336,0.08586626820590448,0.023287356764898386,527,8.906229972839355,11.996580496900105,-17.726268106364596
2.4661166071891785,-9.21156358718872,-6.172324180603027,-0.08928582114102587,-0.10488936519158419,-1038.8897399902344,-860.42041015625,2526.05615234375,2058.0988159179688,1930.606588706114,1118.7901485560053,13.17500000000012,22.00469758775499,-1.9699450333913167,-0.02727118507027626,0.21084970397078695,0.08497689723749412,0.02320019857644174,528,9.208864212036133,11.505689343803132,-17.485904529465273
2.4604091167449953,-9.303778171539307,-6.320199251174927,-0.09190315921559894,-0.10451372631982851,-1049.4484252929688,-863.6406860351562,2522.5474853515625,2049.8265380859375,1993.7579925147081,1170.2426189539556,13.20000000000012,21.961809794108074,-2.0240615473853216,-0.024994920939207077,0.21019663029247226,0.08395253313014116,0.02311412853896174,529,9.510519981384277,10.966611895950429,-17.401224843122097
2.4550082921981815,-9.387624263763428,-6.46779990196228,-0.09451171718095314,-0.10418023197232334,-1060.2929077148438,-866.6947937011719,2518.863525390625,2042.1387939453125,2056.8216796484976,1221.488282406105,13.22500000000012,21.918536292182075,-2.0777486430274115,-0.02294715866446495,0.20959860082493814,0.08279465310601275,0.023029415049162002,530,9.811279296875,10.427369935433594,-17.47874775045476
2.4506507158279422,-9.463269710540771,-6.615069389343262,-0.09711185289935997,-0.1038416526516118,-1071.3733520507812,-869.9759826660156,2515.01171875,2036.3715209960938,2119.7932677832637,1272.5417522547389,13.25000000000012,21.87487072414822,-2.131012545691596,-0.021630562841892242,0.20904178377527302,0.08150517963452081,0.022946372276827366,531,10.111212730407715,9.935420757397504,-17.710663824913485
2.446398428082466,-9.530882358551025,-6.761993646621704,-0.09970385765406366,-0.10352958842850336,-1082.6458740234375,-873.0128784179688,2511.0009765625,2030.7932739257812,2182.668560752014,1323.4510402796418,13.275000000000121,21.830823686387802,-2.183858421113756,-0.020387563854455948,0.20851644196074126,0.08008620579383456,0.022865574466067885,532,10.410370826721191,9.533543545759624,-18.07575687125036
2.4434348672628405,-9.59063720703125,-6.908541202545166,-0.10228788124787551,-0.10318249531468197,-1094.0948181152344,-876.3829345703125,2506.83349609375,2027.5678100585938,2245.443585166077,1374.220872127787,13.300000000000122,21.786393059624565,-2.2362889183892145,-0.020270084962248802,0.20801228892163245,0.0785398995635289,0.022787460622344498,533,10.708794593811035,9.256209815598679,-18.541456079092146
2.4411502063274386,-9.642659187316895,-7.0544657707214355,-0.10486255048835846,-0.1027957211006184,-1105.6731262207031,-879.3851318359375,2502.5340576171875,2025.5477294921875,2308.114422568421,1424.9100673792523,13.325000000000122,21.741585201687283,-2.288271851009793,-0.020655183121562004,0.20750084547903955,0.07686839147247589,0.022712761034362376,534,11.006491661071777,9.126730520315553,-19.066822764246528
2.435330417752266,-9.687328815460205,-7.199971437454224,-0.10742873090286678,-0.10258942598467814,-1124.475830078125,-889.548828125,2495.07421875,2020.5933837890625,2370.6777740088514,1475.5487606165573,13.350000000000122,21.69635984632704,-2.3398205969068737,-0.021709362044930458,0.20697443840007176,0.07507580109798673,0.02264202497909635,535,11.303446769714355,9.155406838186432,-19.606204232685993
2.42063279747963,-9.72586965560913,-7.345783710479736,-0.10999603483845997,-0.1028502826134514,-1160.6333618164062,-916.3122253417969,2480.2618408203125,2007.828857421875,2433.0546294776022,1526.0635952112843,13.375000000000123,21.650339762369793,-2.391102843814426,-0.023315271362662315,0.20641078035535648,0.07316803316754086,0.0225727931937273,536,11.599628448486328,9.338831285605933,-20.113234772942516
2.4005083590745926,-9.759088516235352,-7.492656946182251,-0.1125737500694397,-0.10339058806435804,-1206.56396484375,-951.0201110839844,2461.543212890625,1989.4669799804688,2495.061175498112,1576.2593166468328,13.400000000000123,21.603187984890408,-2.442277272542318,-0.024022329598665237,0.2058164626685917,0.07114819817006769,0.02249823716677269,537,11.894990921020508,9.660385450705544,-20.544835259209027
2.377528423070908,-9.787154197692871,-7.640823841094971,-0.11516719459560772,-0.10409125742477948,-1256.7720336914062,-988.0002746582031,2441.1522827148438,1967.51806640625,2556.59975582038,1625.9959911463468,13.425000000000123,21.554749806722004,-2.4934336874220104,-0.023456569761037827,0.20522043057187514,0.06901687867205568,0.022410479767070772,538,12.189516067504883,10.09188379468702,-20.864852747448467
2.3535191118717194,-9.810144424438477,-7.790341854095459,-0.11777938111794715,-0.10487688994635286,-1307.6846923828125,-1023.935791015625,2420.2315673828125,1943.8994140625,2617.6285628882533,1675.1839428065057,13.450000000000124,21.504991319444443,-2.544621891445584,-0.02189728617668152,0.20465196219244092,0.06677706448794737,0.022303522640385067,539,12.48322582244873,10.596183527569758,-21.047007208419636
2.32977791428566,-9.828064918518066,-7.941105127334595,-0.12041169115127351,-0.1056924580630544,-1357.0326538085938,-1057.0335083007812,2399.3004150390625,1920.3015747070312,2678.134352072826,1723.781428158071,13.475000000000124,21.45395278930664,-2.595864666832818,-0.019888682290911674,0.20412933347326967,0.0644317766411043,0.022174640207787442,540,12.776169776916504,11.130477574869618,-21.076915581899236
2.307180580496788,-9.84097146987915,-8.09295129776001,-0.1230642911431549,-0.10649370336651837,-1403.48876953125,-1086.4785461425781,2378.5923461914062,1898.0142211914062,2738.116862448805,1771.7889675257497,13.500000000000124,21.401708390977646,-2.6471630732218423,-0.01796771213412285,0.20365678882734875,0.06198467281683616,0.022024477453604405,541,13.068415641784668,11.649962076555786,-20.953071337645433
2.286283051967621,-9.84886360168457,-8.245691776275635,-0.12573633221099387,-0.10724373275326875,-1446.3981323242188,-1112.0170288085938,2358.2640991210938,1877.8720092773438,2797.5816711035927,1819.2393230555376,13.525000000000125,21.348353491889107,-2.6984993616739907,-0.016512759029865265,0.2032269879169236,0.05943775038596047,0.021856327959090323,542,13.360025405883789,12.111572577779512,-20.686748965223423
2.2674057215452197,-9.851905345916748,-8.399084091186523,-0.1284261415567307,-0.10791172845606628,-1485.5123901367188,-1133.6875610351562,2338.4911499023438,1860.2959594726562,2856.5382735816224,1866.1861232874737,13.550000000000125,21.29399405585395,-2.749840153588189,-0.01570487953722477,0.20282569947491907,0.05679539732249208,0.02167511024988344,543,13.651043891906738,12.477498728804633,-20.300877053917436
2.2506636619567875,-9.850257873535156,-8.55301570892334,-0.1311313639472764,-0.10847575268543143,-1520.9315185546875,-1151.7161865234375,2319.436767578125,1845.3700561523438,2915.0005523291834,1912.6935222742923,13.575000000000125,21.238731808132595,-2.8011380301581488,-0.015569970943033695,0.20243612894171092,0.05406164373817433,0.021486371191191685,544,13.941497802734375,12.718209284727093,-19.8279868422207
2.236010727286339,-9.844033241271973,-8.707334041595459,-0.13384921138586472,-0.10892283085342848,-1552.9681396484375,-1166.4487915039062,2301.2041625976562,1832.95361328125,2972.986471518639,1958.8277736781026,13.600000000000126,21.18266847398546,-2.8523376252916126,-0.016041945666074753,0.20204216419270413,0.0512396729427477,0.02129549536184406,545,14.231388092041016,12.814756351599398,-19.307412972136813
2.2257653117179874,-9.838606834411621,-8.861897468566895,-0.1365763382763763,-0.10912326701497058,-1576.2249755859375,-1178.0112915039062,2288.0656127929688,1822.9520874023438,3030.516575583583,2004.6516140101355,13.625000000000126,21.125897301567925,-2.9033724466959634,-0.016597697511315346,0.20163125508126173,0.048416193716234894,0.021107118326612984,546,14.520696640014648,12.76018130384915,-18.78198061646439
2.244349703192711,-9.83354902267456,-9.01487398147583,-0.13928870126759477,-0.10766216529479063,-1534.595458984375,-1174.2796630859375,2313.9595336914062,1823.9773559570312,3087.7182159034087,2050.2254161951955,13.650000000000126,21.069024403889973,-2.9538045989142523,-0.021370576694607735,0.2011802487506568,0.04564527238995372,0.02092570504151355,547,14.809388160705566,12.559908443979737,-18.294453262591286
2.270112267136574,-9.814719200134277,-9.163217544555664,-0.14195271124027145,-0.10545873238788632,-1472.6422119140625,-1156.2761840820312,2339.76708984375,1837.3427734375,3145.5672042456904,2095.8248500941213,13.675000000000127,21.012965308295357,-3.0030454529656305,-0.03601834550499916,0.2004769411962805,0.04266018089716514,0.02076215574166366,548,15.097258567810059,12.2311370740153,-17.884019879538595
2.294898319244385,-9.78681468963623,-9.306275844573975,-0.14455766561577565,-0.10286843372075596,-1415.288330078125,-1131.4918212890625,2357.6038818359375,1857.2357788085938,3204.061381491781,2141.758419430057,13.700000000000127,20.957919226752388,-3.050909307267931,-0.05296795442700386,0.19936129308137587,0.039551011064714085,0.020623332228059475,549,15.383810997009277,11.80129470617215,-17.583054434502703
2.305648419260979,-9.738347053527832,-9.444608688354492,-0.14710138393096484,-0.10084514701683871,-1430.3104858398438,-1105.2043151855469,2350.59521484375,1878.4495849609375,3263.001478537677,2188.1893139002696,13.725000000000128,20.903608534071182,-3.0973227818806968,-0.05843786150217056,0.19792842919112918,0.03610461325774524,0.02051216397790008,550,15.668486595153809,11.305547147737254,-17.4144653064502
2.3100195765495304,-9.692146301269531,-9.581140518188477,-0.14960269140579452,-0.09930914389100029,-1470.7529296875,-1088.0203247070312,2340.3365478515625,1892.0165405273438,3321.7663589087715,2235.1505535242904,13.750000000000128,20.84911134507921,-3.1425629721747503,-0.051984768360853195,0.19653726041669903,0.032750807112035187,0.020428594815131235,551,15.951099395751953,10.78357791340902,-17.390082083057386
2.3172704726457596,-9.641952991485596,-9.716342449188232,-0.15206588238752242,-0.09776414427410444,-1496.3480834960938,-1068.8645629882812,2336.2710571289062,1904.0214233398438,3380.274772605062,2282.4509670374723,13.775000000000128,20.79439375135634,-3.186719152662489,-0.043813467025756836,0.195341717469092,0.029388256227214506,0.020373737857864806,552,16.231853485107422,10.276177130415343,-17.510236732730455
2.3279958933591844,-9.586716175079346,-9.849977016448975,-0.15448942555852177,-0.0961403733455911,-1505.178466796875,-1044.8437805175781,2336.4895629882812,1917.5421142578125,3438.681549033285,2330.051502620967,13.800000000000129,20.73973125881619,-3.2298053635491266,-0.03771320730447769,0.19432865099042587,0.025993693313853233,0.02035096991113923,553,16.511022567749023,9.822085546065939,-17.764260600722135
2.340245443582535,-9.526673316955566,-9.981911182403564,-0.15687187282494985,-0.09448991254952811,-1502.88916015625,-1018.2017822265625,2337.7628784179688,1932.5238647460938,3497.093788107992,2377.9900554774104,13.825000000000129,20.685371822781033,-3.2718356450398765,-0.034694693982601166,0.1934300338596059,0.02256307369604581,0.02036184309852732,554,16.7888126373291,9.455226124054455,-18.131648375865023
2.3519380301237107,-9.462602138519287,-10.112107753753662,-0.15921340727913158,-0.09287599531704807,-1495.722900390625,-992.0795288085938,2337.8413696289062,1947.6419067382812,3555.537860068441,2426.303152096061,13.85000000000013,20.631434122721355,-3.3128409915500217,-0.034471169114112854,0.192570481973026,0.019100416562413923,0.02040418944045418,555,17.065330505371094,9.202367362246099,-18.583821565319287
2.3617306023836138,-9.395132064819336,-10.240594387054443,-0.16151551030442332,-0.0913365883384414,-1488.583251953125,-968.8359680175781,2335.834228515625,1961.453369140625,3613.983894309164,2474.994199764516,13.87500000000013,20.57793935139974,-3.352862728966607,-0.036149173974990845,0.19169059019362064,0.015608329938290708,0.020472108370629606,556,17.340585708618164,9.081333852042475,-19.086414040784998
2.369074666500092,-9.324896335601807,-10.367475986480713,-0.1637802292059131,-0.08988458297785976,-1484.4871215820312,-949.6814880371094,2331.7982788085938,1972.9378051757812,3672.379750022055,2524.0305339930296,13.90000000000013,20.52481969197591,-3.391942448086209,-0.0387149415910244,0.19075570413770515,0.012092257959525643,0.020557194286863038,557,17.61452865600586,9.09990002019299,-19.601939921325467
2.373988476395607,-9.252283096313477,-10.49267292022705,-0.16600974444674335,-0.08851729110707784,-1484.816650390625,-934.8869018554688,2326.19091796875,1981.6489868164062,3730.6747069922703,2573.3539791224225,13.92500000000013,20.471981896294487,-3.4301167064242892,-0.04136856272816658,0.18975423905453764,0.008556489251741324,0.020650228074474673,558,17.887075424194336,9.255462123576885,-20.092641132618287
2.376788628101349,-9.177551746368408,-10.616229057312012,-0.1682060533977317,-0.08722489231957602,-1489.7694091796875,-924.0911560058594,2319.4860229492188,1987.6475219726562,3788.82947994149,2622.8952037928316,13.95000000000013,20.41931364271376,-3.4674154387580023,-0.043649040162563324,0.18869047264661912,0.005005451515305753,0.020742702182138473,559,18.158140182495117,9.5355075781981,-20.52327674861082
2.3778832793235782,-9.100961208343506,-10.7380690574646,-0.17037087046882987,-0.08599485311347407,-1498.8365478515625,-916.6470642089844,2311.9992065429688,1991.3179931640625,3846.8166305152213,2672.5863918421473,13.975000000000131,20.366717444525825,-3.503862486945258,-0.045414187014102936,0.1875761228227459,0.0014449358252182265,0.02082788588631818,560,18.427644729614258,9.918818135848374,-20.863625597153238
2.377650943398476,-9.022663116455078,-10.85819959640503,-0.17250561046436694,-0.08481489798062244,-1511.208740234375,-911.8243408203125,2303.853759765625,1993.1903686523438,3904.6166106787964,2722.3693416712485,14.000000000000131,20.31410853068034,-3.539476924472385,-0.04673999920487404,0.18642344012393236,-0.0021208365521488857,0.020901251813160656,561,18.69552993774414,10.37727401380609,-21.090512950176517
2.3764066100120544,-8.942973613739014,-10.976486206054688,-0.17461133864877898,-0.0836719441421661,-1526.009033203125,-908.9531555175781,2295.0808715820312,1993.7844848632812,3962.212954672938,2772.199100887557,14.025000000000132,20.26142756144206,-3.5742746459113226,-0.04779169335961342,0.1852414127188575,-0.0056850179898501494,0.020960409359468645,562,18.961750030517578,10.878084172692631,-21.18923137443472
2.3743992626667025,-8.862061500549316,-11.092919826507568,-0.17668883732563617,-0.08255275069406029,-1542.469970703125,-907.4541015625,2285.6790161132812,1993.5431518554688,4019.58997646249,2822.043713009139,14.050000000000132,20.20863215128581,-3.6082667774624295,-0.04873916879296303,0.1840347177841858,-0.00924382434143528,0.02100473018567245,563,19.226266860961914,11.38624865618196,-21.154288630618122
2.3718384563922883,-8.78026819229126,-11.207469463348389,-0.178738505969102,-0.0814434442315014,-1559.95458984375,-906.8650207519531,2275.6915893554688,1992.8046264648438,4076.7319518653235,2871.8822918055257,14.075000000000133,20.155692630343967,-3.641459676954481,-0.04970603808760643,0.18280427078154193,-0.012790876113744208,0.02103481974480114,564,19.489044189453125,11.867061998990945,-20.989470172978017
2.3688951939344407,-8.69782829284668,-11.320113182067871,-0.18076042780296062,-0.08033070062666064,-1577.9927368164062,-906.8276672363281,2265.1994018554688,1991.8043823242188,4133.624241599212,2921.7024074671467,14.100000000000133,20.102598402235245,-3.673855463663737,-0.05075770244002342,0.18154869019611045,-0.016321866736025894,0.021052040826318785,565,19.750045776367188,12.288478621635893,-20.707252276581034
2.365719595551491,-8.615127086639404,-11.430827140808105,-0.18275435315585975,-0.07920227766090204,-1596.231689453125,-907.0750427246094,2254.3353271484375,1990.695556640625,4190.2542266456,2971.4975170252524,14.125000000000133,20.04934522840712,-3.705450428856744,-0.05190867930650711,0.18026556253815346,-0.019829892795392153,0.021058114081960927,566,20.009235382080078,12.62318224836478,-20.327644233681358
2.3624284863471985,-8.53235912322998,-11.539585590362549,-0.18471974939558142,-0.07804821344727302,-1614.4412231445312,-907.4190673828125,2243.2214965820312,1989.5795288085938,4246.612609824313,3021.2649059412684,14.150000000000134,19.99593734741211,-3.736236890157064,-0.05315184220671654,0.1789524909626899,-0.023311260716276448,0.02105485379022018,567,20.266571044921875,12.850233756884666,-19.876574529622353
2.3591172248125076,-8.449859142303467,-11.64635705947876,-0.18665590079758265,-0.07686042695634086,-1632.452392578125,-907.7339172363281,2231.9852905273438,1988.5189819335938,4302.693147238865,3071.0043941614836,14.175000000000134,19.942381117078995,-3.766203456454807,-0.05446617305278778,0.17760741151987494,-0.02675967774030617,0.0210439910058051,568,20.522005081176758,12.956209889134435,-19.383958478551882
2.355850794911385,-8.3678617477417,-11.751104354858398,-0.1885618419659683,-0.07563333387219483,-1650.1632690429688,-907.9446716308594,2220.7225341796875,1987.5507202148438,4358.49277950205,3120.7173687098234,14.200000000000134,19.888689253065323,-3.795336617363824,-0.05583088845014572,0.1762287928920818,-0.030170393349857154,0.021027113222396723,569,20.77549171447754,12.935782813984217,-18.881596793122274
2.352670669555664,-8.286624908447266,-11.853784561157227,-0.19043657421532958,-0.07436328067071443,-1667.5081176757812,-908.0158386230469,2209.5030517578125,1986.6956176757812,4414.010842856544,3170.4061367151944,14.225000000000135,19.834872351752388,-3.8236202134026422,-0.057229653000831604,0.17481558645963124,-0.03353817068831711,0.02100560403540513,570,21.026981353759766,12.791736380410962,-18.40105943327896
2.3495946645736696,-8.206389427185059,-11.95435094833374,-0.19227898234696003,-0.0730481950796765,-1684.4550170898438,-907.9386901855469,2198.3701782226562,1985.9581909179688,4469.24841915049,3220.073527157089,14.250000000000135,19.78094948662652,-3.8510375552707248,-0.0586540587246418,0.17336707649798033,-0.03685792062129048,0.020980649383753245,571,21.27642250061035,12.534455134208892,-17.97169816211587
2.3466219037771228,-8.127392768859863,-12.052753925323486,-0.19408793451739634,-0.07168755278924138,-1700.9883422851562,-907.7231750488281,2187.3472290039062,1985.3272094726562,4524.207673606058,3269.722481930038,14.275000000000135,19.72693337334527,-3.877571953667535,-0.060093171894550323,0.17188274701966785,-0.04012460602924671,0.020953237549876845,572,21.523765563964844,12.18095282295836,-17.61891152857988
2.343742457032204,-8.049839973449707,-12.148942470550537,-0.19586229888317527,-0.07028150360222044,-1717.1119384765625,-907.3933410644531,2176.4443359375,1984.787841796875,4578.891354331157,3319.3556621668545,14.300000000000136,19.67283672756619,-3.9032064543830023,-0.06154029071331024,0.1703623317085848,-0.04333369849803538,0.02092416748210295,573,21.768957138061523,11.753537091469742,-17.36275883834974
2.340940845012665,-7.974024295806885,-12.24286413192749,-0.19760092695607667,-0.06883069250294012,-1732.8253173828125,-906.9809875488281,2165.6661987304688,1984.3222045898438,4633.302462729596,3368.9753582117764,14.325000000000136,19.61867438422309,-3.9279251628451877,-0.06299237906932831,0.16880566411716305,-0.04647912269141974,0.020894073761785054,574,22.011945724487305,11.278222195457259,-17.216988786457105
2.338194870948792,-7.900134325027466,-12.334465980529785,-0.19930273682690774,-0.06733623052891774,-1748.1452026367188,-906.5200805664062,2155.00732421875,1983.9076538085938,4687.44411769786,3418.5834133265225,14.350000000000136,19.564461178249783,-3.9517121844821506,-0.06444595009088516,0.16721267766637535,-0.049556636277007085,0.020863441167465337,575,22.25267791748047,10.783009093448445,-17.18851531324843
2.33548233807087,-7.828354597091675,-12.423694610595703,-0.20096662994171882,-0.06579939932642787,-1763.089599609375,-906.0455627441406,2144.4611206054688,1983.5218505859375,4741.31930080333,3468.1811046717376,14.375000000000137,19.51020770602756,-3.9745526843600802,-0.06589710712432861,0.16558335571146487,-0.052562063501431944,0.020832631722604484,576,22.491104125976562,10.29615267540138,-17.277341097596032
2.3327867448329926,-7.75895881652832,-12.510498523712158,-0.20259157432558747,-0.06422125999871735,-1777.6647338867188,-905.5917663574219,2134.0319213867188,1983.1442260742188,4794.930828818468,3517.7691509363863,14.400000000000137,19.455926683213974,-3.996432622273763,-0.06734203547239304,0.16391783141048613,-0.055489686890729056,0.020801895098554686,577,22.727170944213867,9.844524859474614,-17.4768980520773
2.3300892531871797,-7.692102909088135,-12.59482479095459,-0.20417655464834814,-0.06260304009660114,-1791.889892578125,-905.1905517578125,2123.71435546875,1982.7559814453125,4848.281626853138,3567.3477565882417,14.425000000000137,19.401628706190323,-4.0173384878370495,-0.06877908855676651,0.16221628785576406,-0.05833583835661576,0.02077139150110027,578,22.960824966430664,9.452166552077632,-17.77475071222728
2.3273749679327014,-7.628006219863892,-12.676649570465088,-0.20572058886934882,-0.06094590059186694,-1805.7686157226562,-904.8680725097656,2113.5123901367188,1982.340087890625,4901.374485739858,3616.9166561243746,14.450000000000138,19.34732437133789,-4.037257830301921,-0.07020139694213867,0.1604790246529213,-0.06109576374042735,0.020741216637592912,579,23.1920166015625,9.13910194693287,-18.153592971242322
2.32463293671608,-7.566885948181152,-12.75586462020874,-0.20722269494793757,-0.059250881781815576,-1819.3067016601562,-904.6563110351562,2103.43603515625,1981.8776245117188,4954.212295493277,3666.4751583216403,14.475000000000138,19.29302215576172,-4.056178463829888,-0.07160546630620956,0.15870640798660776,-0.06376474217301273,0.02071141211992464,580,23.42069435119629,8.920464106528287,-18.59245196654093
2.321849870681763,-7.508874177932739,-12.83244800567627,-0.2086819740672465,-0.05751920705607279,-1832.5112915039062,-904.5749206542969,2093.482421875,1981.357177734375,5006.798196372185,3716.0220989344334,14.500000000000139,19.238734775119358,-4.074088997311062,-0.07298879325389862,0.1568989538442846,-0.0663395653774962,0.02068197586750086,581,23.646806716918945,8.80595620835073,-19.06801028251204
2.3190181761980058,-7.454213857650757,-12.906351566314697,-0.21009749412089407,-0.0557518043598309,-1845.3754272460938,-904.6456909179688,2083.6647338867188,1980.7667846679688,5059.135256919061,3765.5560283777927,14.525000000000139,19.184466467963325,-4.090979364183214,-0.07434844970703125,0.15505719485816985,-0.06881507972104953,0.020652884993780946,582,23.87030601501465,8.799652044665319,-19.555960308895806
2.31612763106823,-7.403008699417114,-12.97752571105957,-0.21146837293676915,-0.05394985547082365,-1857.9057006835938,-904.8880615234375,2073.9826049804688,1980.0962524414062,5111.22687526623,3815.075197994492,14.55000000000014,19.13022783067491,-4.106839232974583,-0.07568296790122986,0.15318176352902244,-0.07118857835009602,0.02062409788687287,583,24.091142654418945,8.900115402816978,-20.032309433594374
2.3131731241941456,-7.355478048324585,-13.045924186706543,-0.21279379492178796,-0.05211425504472972,-1870.0921630859375,-905.3188171386719,2064.451416015625,1979.3353881835938,5163.076440390743,3864.5776043055275,14.57500000000014,19.0760252210829,-4.121659331851536,-0.07698876410722733,0.15127332564711485,-0.073455379926782,0.020595560451316993,584,24.309268951416016,9.100802038913564,-20.474567096766496
2.3101469159126284,-7.31171727180481,-13.111501693725586,-0.2140728945485962,-0.05024615573095842,-1881.9368896484375,-905.9537048339844,2055.0738525390625,1978.4759521484375,5214.687725791136,3914.0609890101173,14.60000000000014,19.02186499701606,-4.135431448618571,-0.07826387882232666,0.14933261358174685,-0.07561295652866651,0.020567210269275257,585,24.52463722229004,9.390696106265066,-20.86275927262982
2.30704827606678,-7.2719690799713135,-13.174214839935303,-0.2153048895136237,-0.04834621499740386,-1893.4216918945312,-906.8071899414062,2045.8707275390625,1977.5108642578125,5266.064572104613,3963.522887813828,14.62500000000014,18.967757754855686,-4.148147371080187,-0.07950384169816971,0.14736044292600228,-0.0776562419078946,0.020538989084098826,586,24.737201690673828,9.755123248845118,-21.18023137336756
2.303866982460022,-7.2362425327301025,-13.234048843383789,-0.21648899751330017,-0.046416151415206976,-1904.5606689453125,-907.8892517089844,2036.8359985351562,1976.4334716796875,5317.211340293091,4012.9606594202737,14.65000000000014,18.913707733154297,-4.159799946679009,-0.0807107463479042,0.14535766256247865,-0.07958424154024665,0.020510836558544243,587,24.94692039489746,10.176679476509094,-21.41421657097921
2.3006023049354556,-7.204748630523682,-13.29090690612793,-0.2176244861783259,-0.04445651426134261,-1915.3362426757812,-909.21826171875,2027.9902954101562,1975.2345581054688,5368.132240256471,4062.3714962122663,14.675000000000141,18.85971917046441,-4.170382552676731,-0.08188032358884811,0.1433251713080438,-0.08139249879208603,0.020482692355368072,588,25.15374755859375,10.636213556567267,-21.556165029872137
2.297248548269272,-7.177551031112671,-13.344778060913086,-0.21871060649464427,-0.04246863511635579,-1925.7488403320312,-910.8003845214844,2019.3370971679688,1973.9088134765625,5418.831997641726,4111.752360164903,14.700000000000141,18.80580054389106,-4.179889096154107,-0.08300982415676117,0.14126396784810652,-0.08307912864470365,0.020454502379110662,589,25.357643127441406,11.113807449439026,-21.601840598449716
2.2938035219907764,-7.154796600341797,-13.395626068115234,-0.21974669267198277,-0.04045360005062857,-1935.7890625,-912.6463623046875,2010.8905639648438,1972.449462890625,5469.315425070927,4161.100080501817,14.725000000000142,18.75195821126302,-4.188314808739556,-0.08409661799669266,0.13917505086807563,-0.08464081463030453,0.020426208373123173,590,25.558565139770508,11.589705096583804,-21.5512046648713
2.2902647435665133,-7.136602163314819,-13.443445205688477,-0.2207320622753121,-0.038412553391191845,-1945.4512939453125,-914.7635803222656,2002.6614379882812,1970.8516845703125,5519.587689170049,4210.411317074082,14.750000000000142,18.698196411132812,-4.195654657151964,-0.08513867855072021,0.13705952724427914,-0.08607478955806849,0.02039775832254056,591,25.756473541259766,12.045147742959765,-21.408117116079218
2.2866269558668137,-7.123026132583618,-13.488144397735596,-0.22166608280387332,-0.03634690994237471,-1954.734375,-917.1669311523438,1994.6541137695312,1969.1077270507812,5569.654225119757,4259.68260918834,14.775000000000142,18.64451726277669,-4.2019051975674095,-0.08613340556621552,0.1349185371425588,-0.08737935566280061,0.02036910437368699,592,25.951335906982422,12.463084726529337,-21.17988673177709
2.2828865081071856,-7.1141204833984375,-13.529722690582275,-0.22254817169117802,-0.0342579825593708,-1963.6412963867188,-919.8601379394531,1986.8739013671875,1967.2127075195312,5619.520577963996,4308.91030236461,14.800000000000143,18.590929243299698,-4.207062986161974,-0.08708123862743378,0.13275324569589145,-0.08855292753141447,0.020340190350508214,593,26.143110275268555,12.8287407054019,-20.87671409211774
2.2790448606014255,-7.110052108764648,-13.568180084228516,-0.2233777463707377,-0.03214672207391305,-1972.1549682617188,-922.8490295410156,1979.3403930664062,1965.1626586914062,5669.192425498177,4358.090620052599,14.825000000000143,18.53743447197808,-4.211126168568929,-0.08797599375247955,0.13056491790579494,-0.08959195150833048,0.020310970479923002,594,26.331768035888672,13.130027161012526,-20.511062876556434
2.2750916451215746,-7.110753297805786,-13.60343313217163,-0.22415427421033435,-0.030015363044603616,-1980.2960815429688,-926.1462707519531,1972.0425415039062,1962.9495239257812,5718.675935324838,4407.219686519884,14.850000000000144,18.484037187364365,-4.21409289042155,-0.08882143348455429,0.12835481877378702,-0.09049700183765869,0.02028139482766091,595,26.517274856567383,13.357797881177776,-20.0969973773912
2.271029928326607,-7.1163246631622314,-13.635486125946045,-0.22487728915677724,-0.027864687775012695,-1988.0570068359375,-929.7537536621094,1964.9991455078125,1960.5692749023438,5767.976998862437,4456.293424618028,14.875000000000144,18.43073950873481,-4.215962092081706,-0.08961009979248047,0.1261243214923048,-0.09126574825344529,0.020251417620640706,596,26.699600219726562,13.505956795621644,-19.64952335245389
2.2832891166210176,-7.140196084976196,-13.664092063903809,-0.22554014995209798,-0.02466889862810681,-1967.4415893554688,-929.8784790039062,1989.5513305664062,1959.9542236328125,5817.101977500133,4505.307656490588,14.900000000000144,18.37765163845486,-4.216639730665419,-0.08812839537858963,0.12389267572260246,-0.09165593048146631,0.02022043964761712,597,26.878719329833984,13.571426952558006,-19.183957321847327
2.332618370652199,-7.160434246063232,-13.684629917144775,-0.22608438356561247,-0.018765040837240232,-1864.7959594726562,-906.2312316894531,2076.55517578125,1972.8836669921875,5866.84076076429,4554.306512081408,14.925000000000145,18.325928582085503,-4.215272267659505,-0.09475769102573395,0.12164110617899496,-0.0919599927377369,0.020191203132275095,598,27.05463981628418,13.55398119318863,-18.715344858551518
2.3561825782060626,-7.159958124160767,-13.69437313079834,-0.22648464003269458,-0.014084868116562229,-1804.98876953125,-880.0523681640625,2107.1433715820312,1990.4443969726562,5918.754640158809,4603.628603756211,14.950000000000145,18.276350233289932,-4.211571746402317,-0.11063205450773239,0.11905723238799443,-0.09251805814416302,0.020179535157749184,599,27.22710609436035,13.456042683090907,-18.257951769462956
2.341767090559006,-7.170444965362549,-13.699978828430176,-0.22680929601433206,-0.01211504853271751,-1853.2391357421875,-882.7622680664062,2071.7341918945312,1994.4302978515625,5971.433224448355,4653.389713680525,14.975000000000145,18.227161831325954,-4.206468794080946,-0.11315162479877472,0.11623746910344013,-0.09285722003136301,0.020188870785726672,600,27.395652770996094,13.28249607676545,-17.82481153555364
2.3211216121912006,-7.19091796875,-13.704789161682129,-0.22709350523691393,-0.01066747275804273,-1909.0625610351562,-899.5052490234375,2035.2861328125,1987.7151489257812,6023.226579245723,4703.250471126814,15.000000000000146,18.177341885036892,-4.200412962171766,-0.10905969142913818,0.113452534972517,-0.09298094466994321,0.020204269266373295,601,27.5601863861084,13.040270984435107,-17.427346414546832
2.302079120278359,-7.218302965164185,-13.708632469177246,-0.2273415454029412,-0.009185053265574545,-1952.2778930664062,-916.747802734375,2007.5370483398438,1976.763671875,6074.108732566041,4752.943349849959,15.025000000000146,18.12687767876519,-4.19348849190606,-0.10303783416748047,0.11080009310582534,-0.09294073925986142,0.02021391698354103,602,27.720842361450195,12.737762680803991,-17.0751502940949
2.2861627221107486,-7.2515716552734375,-13.710846900939941,-0.22755081993035098,-0.00756631529540253,-1981.9563598632812,-930.7054138183594,1987.3446044921875,1965.5726318359375,6124.2971587745415,4802.362441646836,15.050000000000146,18.075976901584202,-4.18569803237915,-0.0973639190196991,0.10829748733996425,-0.09274849231867133,0.020212302442130167,603,27.877824783325195,12.384348805608566,-16.77592695774638
2.2729734599590303,-7.290292739868164,-13.710856914520264,-0.2277180165125375,-0.005826381129239943,-2000.981689453125,-941.6692504882812,1971.8720703125,1955.9609375,6173.980773886849,4851.501757442736,15.075000000000147,18.02483876546224,-4.177031781938341,-0.09329737722873688,0.10591823586684428,-0.09240904747060551,0.020198528905867413,604,28.03131866455078,11.990009796378656,-16.535507906306105
2.262079519033432,-7.335329294204712,-13.708331108093262,-0.22784040540938347,-0.0038719345387579767,-2012.1494140625,-950.8671569824219,1959.7058715820312,1948.278076171875,6223.2775756446645,4900.400780880237,15.100000000000147,17.97361161973741,-4.167478879292806,-0.09095815569162369,0.10361639915766153,-0.09192670322411092,0.02017415057892018,605,28.181461334228516,11.565012840142826,-16.35790795888925
2.2920191645622254,-7.401833772659302,-13.70128059387207,-0.22788874178316842,0.0005901966790448031,-1947.6204223632812,-945.4312438964844,2021.4944458007812,1949.6900634765625,6272.270222434217,4949.107732784535,15.125000000000147,17.92286554972331,-4.156625535753038,-0.08891008794307709,0.10139021286819386,-0.09093546218281581,0.020140526089563328,606,28.328346252441406,11.119627920771292,-16.245416040818487
2.338509860634804,-7.450907945632935,-13.683678150177002,-0.227794432591066,0.00679539309781129,-1824.89990234375,-917.6273803710938,2103.3558959960938,1966.3601684570312,6322.807583579228,4997.849984371449,15.150000000000148,17.874105241563583,-4.143540859222412,-0.10289960354566574,0.09902820536313214,-0.09009985794010063,0.020109924704162636,607,28.471965789794922,10.663866956370821,-16.19871205128315
2.3364030659198765,-7.486507415771484,-13.657127857208252,-0.22757908272741945,0.009836680930641098,-1828.3002319335938,-905.3557739257812,2088.306884765625,1978.564697265625,6375.391480979119,5047.008988582872,15.175000000000148,17.826976776123047,-4.1285702917310925,-0.11423949897289276,0.0962756203170751,-0.0894687511795899,0.02009920964196427,608,28.611888885498047,10.207266906828355,-16.216899956880805
2.313665980100632,-7.537698745727539,-13.628936290740967,-0.22731384852760436,0.011259452896772612,-1886.9415893554688,-920.3871765136719,2046.5458984375,1975.2044067382812,6427.599153098261,5096.47310601451,15.200000000000149,17.779517703586155,-4.112611081865099,-0.11292500793933868,0.09342112774743047,-0.08852114020709086,0.020102515706786252,609,28.747764587402344,9.758675591125165,-16.297581781091306
2.2891616225242615,-7.597091197967529,-13.600512027740479,-0.22701697264508777,0.01247201406792361,-1939.4475708007812,-943.0059814453125,2011.3635864257812,1963.0736694335938,6478.762800559205,5145.853216182968,15.225000000000149,17.731266021728516,-4.095904562208387,-0.10720231384038925,0.09066475601919846,-0.08739400304879605,0.020104914632361925,610,28.879629135131836,9.326042278250275,-16.43717112423387
2.267399150133133,-7.662707805633545,-13.571217060089111,-0.22668870475122188,0.013787214091664638,-1977.716552734375,-963.9515686035156,1985.6896362304688,1948.1495361328125,6529.0468902198545,5194.930057918809,15.25000000000015,17.682345708211262,-4.078489939371745,-0.1004803329706192,0.0880690561284823,-0.08611636816058735,0.02009722267411972,611,29.00768280029297,8.916311445920863,-16.631256052588597
2.2493048399686817,-7.7346718311309814,-13.540449142456055,-0.22632573253940091,0.015271221077813863,-2002.5159301757812,-981.5296936035156,1967.7223510742188,1933.8084716796875,6578.68913112562,5243.633796322132,15.27500000000015,17.63297398885091,-4.060362180074056,-0.09454689174890518,0.08563263823808809,-0.08468998740311932,0.020076004770372354,612,29.13214874267578,8.535414492814713,-16.874853761846097
2.2743638247251514,-7.8284077644348145,-13.505894660949707,-0.22589618130032793,0.019615700262492774,-1943.040283203125,-982.1854858398438,2027.014404296875,1929.649169921875,6627.882189902479,5291.979008114126,15.30000000000015,17.58384068806966,-4.041095309787327,-0.0893971398472786,0.08335846511472854,-0.08276848338711353,0.020040613856198722,613,29.253238677978516,8.188300244031876,-17.16260300782972
2.3188573956489567,-7.905980825424194,-13.461037635803223,-0.22532769627613689,0.025673786289393968,-1819.0376586914062,-958.2930908203125,2109.0863647460938,1943.29296875,6678.557550009892,5340.220237362174,15.32500000000015,17.53655327690972,-4.019733270009358,-0.10162185877561569,0.08100933232906168,-0.08096530694729132,0.020003564708127596,614,29.371044158935547,7.878968781852906,-17.48891905934347
2.316621071100235,-7.964209794998169,-13.406823635101318,-0.22463587360396156,0.028874000861017508,-1817.8314819335938,-947.33837890625,2096.6695556640625,1954.6152954101562,6731.284709128532,5388.802561580922,15.35000000000015,17.490922080145943,-3.9965393808152943,-0.11315638571977615,0.07828414455271882,-0.07947037475888895,0.0199829460156255,615,29.485183715820312,7.610425895992705,-17.848040213893192
2.2905957967042925,-8.038997650146484,-13.351218700408936,-0.22389746225746665,0.030061539761192066,-1880.6984252929688,-965.4891967773438,2052.6265258789062,1949.3936157226562,6783.701448020135,5437.667943966174,15.375000000000151,17.444886101616753,-3.9724689059787326,-0.11118075996637344,0.07546440623529974,-0.07764463635120672,0.019974960693544465,616,29.595312118530273,7.384636378824998,-18.234085184961994
2.2621265411376954,-8.12166976928711,-13.295859336853027,-0.2231342502233204,0.03098081095462238,-1936.5841674804688,-992.0703735351562,2014.8704223632812,1934.5521850585938,6835.017111167114,5486.402784359241,15.400000000000151,17.397922939724392,-3.9478098021613226,-0.1047687828540802,0.07276043220151503,-0.07564947928630343,0.019964955114105253,617,29.701492309570312,7.2026415845794185,-18.64127138200787
2.23888418674469,-8.20995807647705,-13.240049839019775,-0.22234630408055,0.0321843163377698,-1976.1286010742188,-1010.9906616210938,1987.87109375,1920.267822265625,6885.388871726202,5534.766588985708,15.425000000000152,17.350180943806965,-3.92260471979777,-0.10018587112426758,0.07022265606450809,-0.07351999903391926,0.01994381627295275,618,29.803943634033203,7.064751060167981,-19.064116415024916
2.2676582098007203,-8.320163249969482,-13.179059505462646,-0.22149023094814405,0.03717783700842545,-1926.8860473632812,-986.8835144042969,2039.495849609375,1930.2868041992188,6935.085649069955,5582.773284542351,15.450000000000152,17.302609549628365,-3.8962830437554254,-0.10657432675361633,0.0676603622007156,-0.07092213532481739,0.019909361626349847,619,29.90277862548828,6.970668990949153,-19.49752029793629
2.3308464258909227,-8.414283752441406,-13.103321075439453,-0.2204577067487635,0.04543971172390783,-1782.1454467773438,-925.8710632324219,2139.0840454101562,1961.7996826171875,6986.073045310181,5631.03045464733,15.475000000000152,17.257424460517036,-3.867389890882704,-0.13087545335292816,0.06473375206098947,-0.06841799824132952,0.019878666614192082,620,29.997705459594727,6.9195126748921165,-19.936808822350272
2.3485744893550873,-8.482812404632568,-13.012176513671875,-0.21923824528561622,0.05112886047426518,-1739.566162109375,-882.9617919921875,2152.43505859375,1987.8870239257812,7039.55014644542,5680.0754467127545,15.500000000000153,17.214988072713215,-3.8358386357625327,-0.15427088737487793,0.06109750935929811,-0.06624586788020664,0.019879294953761773,621,30.08788299560547,6.909701189220453,-20.377771464017044
2.3203650236129763,-8.565057754516602,-12.917453289031982,-0.21793015049243974,0.05311579502930286,-1801.5048217773438,-919.20068359375,2109.3560791015625,1979.7091674804688,7093.361022910261,5729.772622310895,15.525000000000153,17.17258135477702,-3.8028176625569663,-0.1466713547706604,0.057303108178369665,-0.06379070175185719,0.019911621152087212,622,30.172630310058594,6.938926443074242,-20.816714141958546
2.2798382490873337,-8.654721736907959,-12.825011730194092,-0.21659142934672734,0.05388718380023352,-1871.8731079101562,-975.4102783203125,2061.228271484375,1954.1973876953125,7146.094924887807,5779.265351497907,15.550000000000153,17.128819359673393,-3.769079049428304,-0.13157057762145996,0.05382007630195272,-0.06116949793251431,0.01995119822259931,623,30.252166748046875,7.004467873489722,-21.25052201246474
2.241454631090164,-8.750365257263184,-12.734868049621582,-0.21523636304982458,0.05465670835840111,-1926.5801391601562,-1024.0582580566406,2024.031005859375,1923.258056640625,7197.625631674923,5828.120286190294,15.575000000000154,17.083713743421768,-3.7348903550042047,-0.11553532630205154,0.050730081229350237,-0.05843424007829959,0.019974515446299718,624,30.327030181884766,7.103569365549558,-21.676654991121406
2.2512695461511614,-8.866661548614502,-12.643697738647461,-0.2138327273525415,0.05833443395525967,-1880.7631225585938,-1046.1056823730469,2071.8110961914062,1902.8259887695312,7248.226406821414,5876.201737606314,15.600000000000154,17.03815672132704,-3.6998796463012695,-0.10094574838876724,0.04805201059835576,-0.05520036148602177,0.019966927517787593,625,30.397790908813477,7.233610557744823,-22.093068770629063
2.2856688439846042,-8.964765071868896,-12.543590545654297,-0.2123013431467187,0.06414054125055273,-1765.143310546875,-1034.8265991210938,2145.2169189453125,1905.0512084960938,7300.021684226192,5923.772387325555,15.625000000000155,16.994011137220596,-3.6630508634779186,-0.10547268390655518,0.0455129403315066,-0.05214549517267311,0.019936284520494868,626,30.464868545532227,7.392158373762953,-22.498133636336032
2.3189759731292727,-9.012474536895752,-12.433483600616455,-0.21062724679598127,0.0697145623792238,-1680.1703491210938,-1019.4863891601562,2204.3077392578125,1915.6300048828125,7353.652107199813,5971.398667537957,15.650000000000155,16.951781378851997,-3.624261485205756,-0.07678239792585373,0.04299910351598595,-0.04982008116546476,0.019904309942657104,627,30.5282039642334,7.5768731512522765,-22.89059866906709
2.356653237342835,-9.065105438232422,-12.322413921356201,-0.2088231216050207,0.07401815996057538,-1580.1025390625,-1008.9716796875,2270.7462768554688,1927.0194091796875,7408.7598006812495,6019.289417660026,15.675000000000155,16.911109288533527,-3.583673636118571,0.004739039111882448,0.04211057310779464,-0.04714821902876153,0.019900623129023028,628,30.588918685913086,7.785641253944835,-23.26944177148518
2.328843313455582,-9.148125648498535,-12.215586185455322,-0.20698529078151384,0.07220608689823663,-1634.031494140625,-1022.8753967285156,2224.3447875976562,1925.5584106445312,7465.528457602626,6067.464902889516,15.700000000000156,16.870978673299152,-3.542784055074056,0.0053676823154091835,0.042404810796356364,-0.04375867242898478,0.01995433367866396,629,30.649457931518555,8.01700280752577,-23.63350681311264
2.305262750387192,-9.25329875946045,-12.113033771514893,-0.20520826325464483,0.07086574288873497,-1694.0852661132812,-1053.9845581054688,2201.5474243164062,1909.4257202148438,7521.137077292575,6115.60386315563,15.725000000000156,16.829229990641277,-3.502803643544515,-0.019690658897161484,0.04222439827726031,-0.04011489589424093,0.020053159841646517,630,30.710161209106445,8.26991535770967,-23.98145041439922
2.318502977490425,-9.35355806350708,-12.007635116577148,-0.2034110789272753,0.07320287480473966,-1652.3482666015625,-1056.005126953125,2237.5442504882812,1906.2205200195312,7576.175762900489,6163.339506161004,15.750000000000156,16.78720368279351,-3.462591701083713,-0.04932297021150589,0.041375266008445356,-0.03661679531142172,0.02016080356455076,631,30.77015495300293,8.543165728695227,-24.312074060032614
2.3194273561239243,-9.438238620758057,-11.894899368286133,-0.20154305451490967,0.07567350599276298,-1620.3826904296875,-1048.7732238769531,2243.1480102539062,1909.576416015625,7632.11436916269,6210.995019161493,15.775000000000157,16.746082305908203,-3.421509265899658,-0.07914891839027405,0.039739818783027694,-0.033421702123410085,0.020253109144051828,632,30.828371047973633,8.83521718083859,-24.624557531587612
2.2758586019277574,-9.528113842010498,-11.780298709869385,-0.19965597185599315,0.07495211391010936,-1722.2453002929688,-1074.0247497558594,2180.8167724609375,1894.5675659179688,7688.193069419037,6258.734429561882,15.800000000000157,16.70438660515679,-3.3801645702785916,-0.0853373259305954,0.037646528393144175,-0.0302163089518231,0.020310641745975945,633,30.883848190307617,9.14423384550281,-24.91853219581367
2.2451695233583453,-9.606363773345947,-11.668739795684814,-0.19779453876732545,0.0749534454906544,-1777.6143188476562,-1114.4328918457031,2156.0587158203125,1866.9052734375,7742.71348873057,6306.098618709834,15.825000000000157,16.66089375813802,-3.33909273147583,-0.056186363101005554,0.035718882461874386,-0.02720628049243675,0.020312293738089633,634,30.936370849609375,9.468248534103008,-25.19399423029742
2.294698840379715,-9.698007106781006,-11.556297779083252,-0.1958668262570284,0.07990303024510755,-1636.43017578125,-1102.1067810058594,2251.6287841796875,1871.4180297851562,7796.614956626082,6352.771250545776,15.850000000000158,16.617860794067383,-3.2971596717834473,0.005376290995627642,0.03510571042682965,-0.02374084212397114,0.02027182617308804,635,30.986976623535156,9.805522639709277,-25.450989385333365
2.347064670920372,-9.794259071350098,-11.435855388641357,-0.19380022989588372,0.08430987109178095,-1501.0275268554688,-1060.6914672851562,2331.5195922851562,1897.0139770507812,7852.905676230559,6399.556701290404,15.875000000000158,16.57763163248698,-3.253584702809652,-0.0005499275866895914,0.03545106832475329,-0.019880330569724734,0.020247657986195572,636,31.03756332397461,10.154825401032891,-25.689205872128586
2.3398828476667406,-9.888144969940186,-11.306246280670166,-0.19167750741476564,0.0853412717700766,-1507.406982421875,-1054.0231018066406,2316.5008544921875,1905.7188110351562,7911.193666037675,6446.98205071667,15.900000000000158,16.53835932413737,-3.2094330257839627,-0.0726056918501854,0.03454861457748791,-0.016118268070689338,0.0202768965821322,637,31.08791732788086,10.515149257730267,-25.908125147295177
2.2898945540189746,-9.97294569015503,-11.171238899230957,-0.18954240123457866,0.08480808195270752,-1599.5247802734375,-1084.5556640625,2244.3943481445312,1891.2820434570312,7969.106187399982,6494.625020992547,15.925000000000159,16.49850845336914,-3.165162139468723,-0.1280221939086914,0.03195589825943047,-0.012723138715447772,0.02033348875529638,638,31.135717391967773,10.885178746336218,-26.1077600327364
2.2390594244003297,-10.044890403747559,-11.039014339447021,-0.18743667305016665,0.08443356660203671,-1703.0912475585938,-1143.7764892578125,2194.8505859375,1851.793701171875,8025.216046103607,6541.907072078976,15.95000000000016,16.456385718451607,-3.121167288886176,-0.10286793112754822,0.02883487319893936,-0.00969765741988083,0.02036471639967216,639,31.17921257019043,11.263243964768236,-26.288982457951843
2.245387548208237,-10.139038562774658,-10.91142988204956,-0.18529875390607828,0.08717215340761404,-1638.7100219726562,-1179.1206970214844,2244.7391357421875,1820.0694580078125,8080.087310752053,6588.201914608279,15.97500000000016,16.413449181450737,-3.07668579949273,-0.03221294283866882,0.02715315146898697,-0.006108331996418936,0.020346155415231073,640,31.21917724609375,11.647755051393213,-26.452972165808017
2.2896845608949663,-10.217737197875977,-10.781738758087158,-0.18306394563258147,0.09144145862874167,-1489.4229736328125,-1177.6160278320312,2337.3831787109375,1815.3923950195312,8136.2057891456,6633.703651058479,16.00000000000016,16.371960110134548,-3.0310506290859647,0.012634294107556343,0.026983220985493897,-0.0024675049320879282,0.02030831980240053,641,31.257898330688477,12.037583892119939,-26.600417499309323
2.2881500631570817,-10.310649871826172,-10.647696018218994,-0.18076096043517864,0.09189631822054879,-1489.4024658203125,-1179.4928283691406,2341.0385131835938,1816.1023559570312,8194.640368613358,6679.088460933968,16.02500000000016,16.33174154493544,-2.9847206009758844,-0.02349959872663021,0.027049810415718887,0.0015140640359872664,0.02029567602900646,642,31.29677963256836,12.431985563284435,-26.731349931671396
2.246863925457001,-10.404053688049316,-10.510072708129883,-0.1784799796062826,0.09079307877184825,-1564.9060668945312,-1207.056396484375,2287.76171875,1801.3890380859375,8253.166331442948,6724.4910198328935,16.050000000000157,16.290468639797634,-2.9387940300835504,-0.08708999305963516,0.025644451986105668,0.005312233303776414,0.020302038487298227,643,31.33477020263672,12.830232904655123,-26.845782196287736
2.270558100938797,-10.471174240112305,-10.366503238677979,-0.17616690768625107,0.09551041091211127,-1522.1201171875,-1182.5520629882812,2313.96875,1824.2037353515625,8310.360374411706,6769.525745785044,16.075000000000156,16.24874644809299,-2.8924759229024253,-0.08756186813116074,0.023240797218903236,0.008565480281237919,0.020288217097359635,644,31.369848251342773,13.231443870648624,-26.94437720289521
2.327660167217255,-10.514498233795166,-10.214077949523926,-0.17368555727484017,0.10209229703294441,-1430.6210327148438,-1121.6758117675781,2376.9232177734375,1869.7173461914062,8368.209593161702,6815.130839168829,16.100000000000154,16.209077835083008,-2.843937873840332,-0.040701307356357574,0.02160403713829195,0.011671841310976781,0.020258502045259235,645,31.401891708374023,13.634766810455305,-27.028239667567515
2.326036882400513,-10.550179958343506,-10.061500072479248,-0.17111231116106473,0.10299994394433544,-1454.180908203125,-1097.3385620117188,2357.7412109375,1890.72607421875,8427.63267360603,6861.873772823607,16.125000000000153,16.170376671685112,-2.794275548723009,0.010990187525749207,0.0212577637787436,0.014862370714729758,0.020254725766057288,646,31.432479858398438,14.03954158924268,-27.098206835266893
2.311199364066124,-10.631428241729736,-9.915053367614746,-0.1685499340734882,0.10196091996741943,-1500.28515625,-1093.4246826171875,2333.4970092773438,1895.4403686523438,8486.57620387947,6909.141924679073,16.15000000000015,16.131314171685112,-2.744975354936388,0.010094904340803623,0.02176240159639459,0.01894236887483938,0.020293880475865257,647,31.463342666625977,14.445262897907588,-27.15450088216318
2.2922478497028353,-10.702290534973145,-9.766803741455078,-0.16600906201171403,0.10144323474102165,-1553.316650390625,-1115.373291015625,2319.094970703125,1883.7384643554688,8544.913629111406,6956.527933895381,16.17500000000015,16.09125985039605,-2.696108023325602,-0.046887338161468506,0.021326660588381792,0.022736121950549415,0.02036375308437161,648,31.49441909790039,14.85146806885938,-27.197042774919556
2.2856837391853335,-10.758672714233398,-9.613092422485352,-0.1634585027014747,0.10350703478302176,-1522.7312622070312,-1138.3497009277344,2329.4344482421875,1867.3948364257812,8602.891003378987,7003.6213955042695,16.20000000000015,16.050551732381184,-2.647218174404568,-0.08985743671655655,0.01948075705782062,0.02610826853767279,0.020430494398002517,649,31.523834228515625,15.257660810795125,-27.2261585416323
2.3373138636350634,-10.779104232788086,-9.450693130493164,-0.16078169291080882,0.11010936066522126,-1366.3807373046875,-1124.5282592773438,2419.0560302734375,1872.8164672851562,8661.12686458504,7050.3062664149165,16.225000000000147,16.01142141554091,-2.5967582066853843,-0.049442704766988754,0.017603956697425326,0.0289486629982968,0.020471615269709025,650,31.550308227539062,15.663376714613186,-27.24280075528007
2.3378039449453354,-10.79157543182373,-9.289948463439941,-0.1580049646449945,0.11116412225970396,-1321.4364013671875,-1154.1199951171875,2435.6510009765625,1859.8851318359375,8721.603265341862,7097.1266780970445,16.250000000000146,15.973546769883898,-2.5451151529947915,0.03016805835068226,0.017368632085305896,0.03190225116792488,0.020509891968595106,651,31.57512092590332,16.068251724093958,-27.247912454779893
2.2842714697122575,-10.846791744232178,-9.139966487884521,-0.15528000157286861,0.10672286005594128,-1430.6513061523438,-1203.5042419433594,2375.9002685546875,1831.4961547851562,8782.494540366273,7143.623806392945,16.275000000000144,15.934606128268772,-2.4944061703152127,0.034263163805007935,0.01833876445407022,0.03567075414754961,0.020558640300111168,652,31.6007022857666,16.471960118546757,-27.241726242348328
2.2710667282342913,-10.897257804870605,-8.993337631225586,-0.1526328860283571,0.10572047951114907,-1463.4935302734375,-1225.9874267578125,2378.1851806640625,1813.2099609375,8841.89204708015,7189.411210262578,16.300000000000143,15.893806881374783,-2.4449335204230414,0.00397882517427206,0.018845690925782997,0.03926978541479092,0.02060039575317117,653,31.62744903564453,16.874141733171136,-27.223949986559507
2.274355500936508,-10.937384605407715,-8.841346263885498,-0.14997366974564255,0.10719865042944075,-1421.5376586914062,-1217.9519653320312,2388.3477783203125,1813.8231201171875,8901.346676596751,7234.741459286018,16.32500000000014,15.853009753757053,-2.3955212699042425,-0.034422796219587326,0.018470809390462313,0.04257512410925613,0.020619620447290175,654,31.65431785583496,17.274432145288557,-27.194422557112503
2.281662327051163,-10.923800945281982,-8.684078216552734,-0.1472718262407299,0.10925513510082153,-1406.1674194335938,-1210.7521362304688,2403.0364990234375,1815.8637084960938,8961.055371054757,7280.087037288948,16.35000000000014,15.812725490993923,-2.345752716064453,-0.007941554300487041,0.017645988869567343,0.044924552339356424,0.020607018285788137,655,31.68011474609375,17.67251947553928,-27.153416368797245
2.300062280893326,-10.916064739227295,-8.53088665008545,-0.14451683602731338,0.11061405465892649,-1337.8967895507812,-1206.5140380859375,2435.3165283203125,1817.947021484375,9021.131283530342,7325.483630001349,16.37500000000014,15.773024029201931,-2.2954702377319336,0.07318618893623352,0.018483765253046628,0.04759879259568931,0.020577864994230175,656,31.705753326416016,18.06811740897133,-27.101257337989182
2.279264345765114,-10.94822072982788,-8.38490915298462,-0.1417859973560325,0.10770140530897727,-1372.8792114257812,-1218.7958374023438,2411.9912109375,1810.689697265625,9082.014196738344,7370.932305538458,16.400000000000137,15.73351436191135,-2.245861954159207,0.07416743785142899,0.02055440420950226,0.05110867454544022,0.02056391044623708,657,31.73371696472168,18.460850754947604,-27.03762236614946
2.2741176158189775,-10.967318058013916,-8.238431930541992,-0.13911141796277954,0.10664100946431337,-1385.273681640625,-1227.7001953125,2415.2447509765625,1804.7982177734375,9142.313977011785,7416.1995479701,16.425000000000136,15.693141089545357,-2.1972873475816517,0.02582261711359024,0.021835145425451185,0.054292435774954115,0.020569623759013143,658,31.76421546936035,18.850204201927596,-26.96170521332247
2.2613271653652194,-10.97239875793457,-8.08683443069458,-0.13644445354576853,0.10657143438083505,-1375.322998046875,-1231.372314453125,2399.28662109375,1802.1856689453125,9202.695095786199,7461.319503414436,16.450000000000134,15.65275404188368,-2.1490846739874945,-0.02518279105424881,0.021821679817189472,0.057065148493187286,0.020580005926075246,659,31.79562759399414,19.23564474604132,-26.873003740583524
2.23866061270237,-10.944867610931396,-7.9349870681762695,-0.13379593151930633,0.10600797607320155,-1431.7853393554688,-1255.7979125976562,2382.463623046875,1784.2644653320312,9262.677261313545,7506.374145138069,16.475000000000133,15.611629486083984,-2.101326518588596,0.0014579339185729623,0.02122812362804886,0.05910363810185861,0.02056776370743929,660,31.82637596130371,19.61674304134215,-26.771651920492925
2.2441417545080187,-10.919426918029785,-7.790798187255859,-0.13113955316762838,0.10611827255422285,-1378.4530639648438,-1272.771484375,2407.8103637695312,1769.2692260742188,9322.238851889719,7550.980756771372,16.50000000000013,15.570230484008789,-2.0536592271592884,0.08417817950248718,0.022318157542812894,0.061380898827606965,0.020528024350548263,661,31.857332229614258,19.993100887053956,-26.65793276041776
2.2483886390924455,-10.934642791748047,-7.653282165527344,-0.12850035220498146,0.10467820148427613,-1350.4955444335938,-1282.2882690429688,2427.714599609375,1760.9644165039062,9382.434110983953,7595.2124874232295,16.52500000000013,15.529294543796116,-2.006576326158312,0.08974966406822205,0.024784049136333714,0.06455232213113322,0.02048917132695753,662,31.891080856323242,20.364127803167147,-26.53149608957498
2.2391793161630633,-10.926695823669434,-7.513091087341309,-0.12590538468356505,0.10309131533686039,-1365.913330078125,-1291.7488403320312,2423.2274169921875,1754.84521484375,9443.126975974184,7639.236597835828,16.55000000000013,15.487932629055447,-1.9603837860955133,0.03335278481245041,0.026347882295563462,0.06720394424355185,0.02046711702418031,663,31.92789077758789,20.72899601048766,-26.3915167924835
2.207964524626732,-10.900068759918213,-7.368997812271118,-0.1233441477618302,0.10146087818324344,-1404.0191345214844,-1308.0186157226562,2383.8839111328125,1743.8517456054688,9503.70766139899,7683.107728206923,16.575000000000127,15.446204079522026,-1.9149197472466364,-0.016395531594753265,0.026488913320039973,0.06933323100063807,0.02044599690837922,664,31.96590805053711,21.086893450366368,-26.23752783065361
2.1972618848085403,-10.84693193435669,-7.228534698486328,-0.12081818107978207,0.10098894939332458,-1433.579345703125,-1336.191162109375,2391.5067138671875,1721.2915649414062,9563.304759177316,7726.704021847061,16.600000000000126,15.403368208143446,-1.8701150682237413,0.04342113062739372,0.02664923145647354,0.07085296803788099,0.020398376259137242,665,32.003814697265625,21.43719121051921,-26.069685434154344
2.2046637773513797,-10.81334400177002,-7.097821235656738,-0.1183030418120408,0.10021669925622885,-1364.0906372070312,-1352.7669067382812,2419.1768798828125,1705.6027221679688,9623.092427023994,7769.736310970599,16.625000000000124,15.360430611504448,-1.825711064868503,0.12138257175683975,0.02876416003021395,0.0729301130136559,0.02032982274760832,666,32.04331588745117,21.779210164412362,-25.888114281307427
2.205420657992363,-10.795179843902588,-6.971390247344971,-0.11582187449295485,0.09807408629071923,-1372.6033325195312,-1358.2965698242188,2430.89501953125,1700.7491455078125,9683.57184902106,7812.3763790248,16.650000000000123,15.3178342183431,-1.7821162276797824,0.09315694868564606,0.0316339324866129,0.07546537995357329,0.020270180422758154,667,32.08671951293945,22.111880996656218,-25.692304892668812
2.189818519353867,-10.762081146240234,-6.84139609336853,-0.11339698309665364,0.09609654770090248,-1389.2086791992188,-1367.44921875,2413.632568359375,1694.9027099609375,9744.34422450934,7854.895107662496,16.67500000000012,15.274699529012045,-1.739567518234253,0.030939480289816856,0.03318537362439537,0.07749425513459052,0.020228807799104853,668,32.13337326049805,22.43387683259665,-25.481586107784494
2.159880918264389,-10.692793369293213,-6.708985328674316,-0.11101892172364579,0.09431861303478718,-1441.9424438476562,-1386.131591796875,2379.4866943359375,1680.7879028320312,9804.685038718326,7897.26767541152,16.70000000000012,15.231029722425673,-1.6979139380984836,0.011153265833854675,0.033428844804677456,0.07867276217359942,0.02018133279148499,669,32.18120574951172,22.744047425265485,-25.255855981724856
2.1615293204784396,-10.61953353881836,-6.583766222000122,-0.10866474557666458,0.09384361328723632,-1434.5901489257812,-1404.4505004882812,2400.3948974609375,1664.2567749023438,9864.172206076728,7939.287372982322,16.72500000000012,15.18657472398546,-1.6567715009053547,0.09086340665817261,0.03466015317348639,0.07980304102974269,0.020109639662702215,670,32.22978973388672,23.041467320357306,-25.015497028335762
2.172458747029305,-10.576980113983154,-6.468580722808838,-0.10633637712512194,0.09235328337409277,-1372.7102661132812,-1412.0031127929688,2426.801513671875,1656.296142578125,9924.18207851325,7980.893792354883,16.750000000000117,15.142447153727213,-1.6162896156311035,0.1376505196094513,0.03776548430889745,0.08169788014533406,0.02003311747384907,671,32.28157043457031,23.32494646881471,-24.76067599267302
2.1666639298200607,-10.523326396942139,-6.353773832321167,-0.10406206252132949,0.08971490632690808,-1404.9978637695312,-1414.787841796875,2423.68408203125,1655.0523071289062,9984.852116355043,8022.301195919337,16.775000000000116,15.098258124457466,-1.5768518712785509,0.08209299296140671,0.040587656922000434,0.08339539150771817,0.01997752606668827,672,32.337913513183594,23.592756289276778,-24.491161939567746
2.145832115411759,-10.460172176361084,-6.234934329986572,-0.10184479782151358,0.08773705980909029,-1419.106689453125,-1421.454345703125,2393.405517578125,1651.2225341796875,10045.444218405824,8063.67750359756,16.800000000000114,15.053657955593533,-1.5384595923953586,0.01807965151965618,0.04182062976649067,0.08467705026588641,0.019937418444552754,673,32.397178649902344,23.84310266021211,-24.206978039102225
2.1237844437360764,-10.356010913848877,-6.116849660873413,-0.09968013055322673,0.08617958494696311,-1483.2962036132812,-1440.871337890625,2375.5341796875,1634.9196166992188,10105.279356345281,8104.958066952052,16.825000000000113,15.008230209350586,-1.5009971459706624,0.0459134578704834,0.04229665732777472,0.08499540620707018,0.019882705048313836,674,32.4573860168457,24.074633543480715,-23.908809948452753
2.130780223011971,-10.263668537139893,-6.008921384811401,-0.09753416366921928,0.08523987191157184,-1439.6408081054688,-1451.8303833007812,2397.3326416015625,1623.4713134765625,10164.667710837472,8145.831057369534,16.85000000000011,14.962453842163086,-1.4639957745869954,0.12993410229682922,0.044514379758402986,0.08568800702162652,0.019807443699789276,675,32.51937484741211,24.286159047658142,-23.59762614945259
2.14137699007988,-10.201846599578857,-5.908071994781494,-0.09542298432695101,0.08323656723820858,-1421.2932739257812,-1451.2699584960938,2418.1364135742188,1623.5265502929688,10224.601026877508,8186.41784020645,16.87500000000011,14.917227427164713,-1.4277825090620253,0.12325673550367355,0.047987499682137794,0.08715317006246882,0.019739853503560906,676,32.585723876953125,24.475973774981675,-23.274189131583228
2.132583272457123,-10.118782997131348,-5.803654193878174,-0.09337233364283318,0.08101451717080893,-1439.73876953125,-1451.8854370117188,2404.3055419921875,1625.09912109375,10285.05443721686,8227.006003963774,16.90000000000011,14.871659808688694,-1.3926511340671115,0.05641285702586174,0.050249422264482965,0.08803830910145949,0.01969645021957642,677,32.65633773803711,24.64196242836097,-22.93928757145776
2.092214503884316,-10.009690284729004,-5.695528030395508,-0.09137741792690367,0.07808979204979188,-1514.2384643554688,-1464.4365844726562,2344.6695556640625,1618.06005859375,10345.162075766666,8267.633481991117,16.925000000000107,14.825704362657335,-1.3585179381900363,0.008024786598980427,0.05090070663144025,0.0882132912686453,0.019657938413500352,678,32.72899627685547,24.782390875666046,-22.594220650744674
2.0909748435020448,-9.887009143829346,-5.593977451324463,-0.08943605671601997,0.0775601974998944,-1531.9817504882812,-1482.495361328125,2359.971435546875,1601.8600463867188,10403.778814658273,8308.084983455961,16.950000000000106,14.77852291531033,-1.3252682156032987,0.0814506933093071,0.05188755345693672,0.0880280725760195,0.019594563501934874,679,32.80244827270508,24.896181094014846,-22.240779930625195
2.112837201356888,-9.792441368103027,-5.502460956573486,-0.08750399160181632,0.0769456481112234,-1453.4359130859375,-1484.0579833984375,2395.9190673828125,1600.3047485351562,10462.778100546944,8348.131484615631,16.975000000000104,14.73175154791938,-1.2923873795403376,0.14346015453338623,0.0549198994143174,0.0886073933368958,0.01951858226767815,680,32.878807067871094,24.982210149323844,-21.880875739947374
2.1176258623600006,-9.68902587890625,-5.410846471786499,-0.08560663912794618,0.07492152916946548,-1472.8905639648438,-1479.3299560546875,2399.832763671875,1608.4517822265625,10522.67607723151,8388.13910332901,17.000000000000103,14.68532986111111,-1.2602419323391385,0.08843167126178741,0.057921494183486064,0.08911081816789404,0.019462703738462324,681,32.9598503112793,25.038784470354837,-21.51646298245917
2.099878960847855,-9.568925857543945,-5.313101291656494,-0.0837539278918485,0.07307193050289183,-1489.5103759765625,-1480.3817138671875,2364.7862548828125,1612.9979248046875,10582.671896323307,8428.350397884673,17.0250000000001,14.638786315917969,-1.2289306852552626,0.01909915916621685,0.059244265490982405,0.08906328906481453,0.019430477408677763,682,33.04402542114258,25.06432077519548,-21.149821640623347
2.0406734585762027,-9.429139137268066,-5.217214584350586,-0.08198915090599386,0.06904399922268786,-1632.811279296875,-1508.6548461914062,2292.11181640625,1588.6920166015625,10641.79155269538,8468.67534600479,17.0500000000001,14.590849346584744,-1.1989790863460965,0.0174106378108263,0.05938359875026399,0.08833994538442459,0.019388461881292562,683,33.129058837890625,25.058140644076243,-20.78359013522239
2.057647854089737,-9.28987169265747,-5.131450891494751,-0.08025965248220437,0.06941648807421667,-1582.1530151367188,-1519.071533203125,2330.3292236328125,1576.0861206054688,10699.094348105544,8508.39264641983,17.0750000000001,14.542003207736546,-1.169648700290256,0.11088040471076965,0.0609583924818551,0.08771715684113116,0.01931121148432885,684,33.21503829956055,25.020202627761627,-20.420555906379555
2.0950332015752795,-9.175038814544678,-5.050813436508179,-0.07851142870700027,0.06966647567679105,-1512.7281494140625,-1506.9410400390625,2381.0670166015625,1588.63232421875,10757.35257869636,8547.794799434969,17.100000000000097,14.494380950927734,-1.1403184466891818,0.11958739906549454,0.06422192162780066,0.08789619200660093,0.019232617023252487,685,33.30474853515625,24.95018717594475,-20.063637377186293
2.0975623190402986,-9.036670207977295,-4.963559150695801,-0.07678574193252095,0.06845156655463212,-1510.9584350585938,-1499.9259643554688,2372.81005859375,1601.43505859375,10816.879254111394,8587.510607540436,17.125000000000096,14.447046915690104,-1.111512581507365,0.04800641909241676,0.06634413644383597,0.0875153433259628,0.019186402855961206,686,33.39852523803711,24.84752284983388,-19.716033557141557
2.029258477687836,-8.880330562591553,-4.872839689254761,-0.07512182385057467,0.06364344974952182,-1654.4259643554688,-1517.9892578125,2269.7265625,1590.188232421875,10876.199505576238,8627.54648400528,17.150000000000095,14.39915657043457,-1.0837302605311077,-0.0068594831973314285,0.06675548664133392,0.08649242731245256,0.01915915122786913,687,33.49406433105469,24.712364200944215,-19.38108172289433
1.972795006632805,-8.721556186676025,-4.791700124740601,-0.07359856228607659,0.060037005323714934,-1775.8703002929688,-1553.7631225585938,2212.084228515625,1552.24169921875,10932.942669638747,8667.301189815827,17.175000000000093,14.34857898288303,-1.057945688565572,0.022423118352890015,0.06662011899536303,0.08516428807088403,0.019096600231765893,688,33.589569091796875,24.5459552289616,-19.061943050940577
2.0372620195150377,-8.571983814239502,-4.718642234802246,-0.07206359945753898,0.06367052244647817,-1620.3724975585938,-1548.862060546875,2316.0014038085938,1551.7820434570312,10988.244775351643,8706.1072322963,17.20000000000009,14.298087226019966,-1.032158997323778,0.127161905169487,0.0685091657355835,0.08423471585358107,0.01898803688604773,689,33.68611145019531,24.349972960487086,-18.761630652519823
2.081159344315529,-8.415350437164307,-4.641834020614624,-0.07044806768364807,0.06477213903138944,-1565.5068969726562,-1523.2158203125,2361.8956298828125,1581.2495727539062,11046.144810446847,8744.901783382726,17.22500000000009,14.249662823147244,-1.0055251916249592,0.09141413867473602,0.07149204347571594,0.08357932855406938,0.0188950093402199,690,33.78656768798828,24.1257926952201,-18.483424464945628
2.0552142411470413,-8.229957103729248,-4.555929183959961,-0.06884543975747644,0.06231330481475733,-1615.5499267578125,-1521.7606201171875,2305.37548828125,1592.3995361328125,11105.192201193913,8784.43302270157,17.25000000000009,14.201646380954319,-0.9792661666870117,0.015772314742207527,0.07279765820012729,0.08218009539496335,0.01885189733947964,691,33.89018249511719,23.8749324963326,-18.23080990248108
1.9438488125801088,-8.063661813735962,-4.475774526596069,-0.06738289826583217,0.054679083072746985,-1843.3666381835938,-1561.9177856445312,2152.5486450195312,1556.734375,11162.826588400949,8824.24301110489,17.275000000000087,14.15138668484158,-0.955007274945577,-0.023671692237257957,0.0726337323126545,0.08067455217409271,0.018821258503376122,692,33.9945068359375,23.599853035574252,-18.00681940175571
1.868552988767624,-7.8950300216674805,-4.4068450927734375,-0.06609509759239993,0.050240658800020925,-1974.5087280273438,-1598.6727905273438,2067.7020874023438,1510.2368774414062,11216.64030452645,8863.161370479893,17.300000000000086,14.09804556104872,-0.9331709808773465,-0.011274578981101513,0.07192027977900069,0.07885269615593711,0.018729820531823933,693,34.098106384277344,23.303854434379936,-17.81371311644773
2.0095227748155597,-7.717902183532715,-4.339179754257202,-0.06472863379826947,0.06028197869329939,-1707.6531372070312,-1574.465576171875,2284.9938354492188,1527.7651977539062,11268.332856711517,8900.917292415932,17.325000000000085,14.045483271280924,-0.910416841506958,0.1109732985496521,0.07316656426775212,0.07727818122402262,0.018572922892915438,694,34.20174026489258,22.99046383658545,-17.653294005700943
2.0885886907577516,-7.5181262493133545,-4.259124755859375,-0.06314348702794069,0.06443408402051751,-1572.1915893554688,-1530.3165893554688,2362.5272216796875,1582.879150390625,11325.457702597729,8939.111422359778,17.350000000000083,13.996824688381619,-0.8849847979015775,0.08130847662687302,0.07594934290266794,0.07585225819736695,0.018452766474077027,695,34.30870819091797,22.66300570685304,-17.527666395767174
1.9987741351127626,-7.296703100204468,-4.174088478088379,-0.06160804982383391,0.05731273300899678,-1774.3185424804688,-1550.7318725585938,2213.7498779296875,1578.346435546875,11384.520883139714,8978.683401119539,17.37500000000008,13.947878943549263,-0.8603904644648234,0.0076007782481610775,0.07697583337770376,0.07371094768407793,0.018416112638980207,696,34.41848373413086,22.3249817066063,-17.43904676247315
1.8701584577560426,-7.111005067825317,-4.102255821228027,-0.06029103760219487,0.04851849239160756,-2003.9461669921875,-1598.2990112304688,2039.1732177734375,1529.7904052734375,11439.864630087968,9018.142062008212,17.40000000000008,13.895420498318142,-0.838785900010003,-0.03376340866088867,0.07660196717254868,0.07171403667792546,0.018394486938690925,697,34.528648376464844,21.980488447253432,-17.388738657963493
1.7891960322856904,-6.95532751083374,-4.0407984256744385,-0.05915630211241493,0.04405025319824023,-2126.958740234375,-1630.0731811523438,1942.32470703125,1483.1419372558594,11490.843960532318,9056.386822140052,17.42500000000008,13.840083016289604,-0.8196845319535997,-0.050028301775455475,0.0754683260755292,0.06989942320957812,0.01830281177935415,698,34.6377067565918,21.633904878350062,-17.376888786378995
1.885158070921898,-6.75749659538269,-3.9728413820266724,-0.05797564373858794,0.05292814204099315,-1962.511962890625,-1615.4010009765625,2097.62060546875,1488.0326538085938,11539.402078208108,9093.465370571452,17.450000000000077,13.784809112548828,-0.8000797695583768,-0.009590789675712585,0.07447559116731012,0.06753677904256832,0.018117863564026553,699,34.74509811401367,21.28948647154985,-17.402840292378386
2.0401381075382234,-6.490694046020508,-3.886643409729004,-0.05646851510463087,0.0647038247882397,-1713.0573120117188,-1562.2379760742188,2291.2549438476562,1556.029052734375,11591.842593344814,9130.666186916666,17.475000000000076,13.733641306559244,-0.7763436767790053,0.08915425091981888,0.07553239174450241,0.0645700966508149,0.01793138403107216,700,34.852298736572266,20.95124882876462,-17.465736796720133
1.9535987436771394,-6.252995252609253,-3.803393602371216,-0.054926553155853396,0.0570328971962675,-1900.5673828125,-1578.162841796875,2137.8588256835938,1558.23046875,11649.123966940992,9169.56691323502,17.500000000000075,13.683161205715603,-0.7523256540298462,0.04191381856799126,0.0773607766685179,0.062333417922771236,0.017839130466436134,701,34.961997985839844,20.62322492610519,-17.564991932216113
1.819268420338631,-6.034523010253906,-3.732949733734131,-0.05363190316499261,0.04713694428661533,-2120.0524291992188,-1624.1198120117188,1945.3506469726562,1512.9026489257812,11702.570437583092,9208.522674953769,17.525000000000073,13.629314634535048,-0.7316677437888252,-0.020313601940870285,0.07758678749890316,0.059886977808181,0.017800795510901204,702,35.073204040527344,20.309564855484425,-17.699713982658633
1.8087766498327256,-5.852627754211426,-3.6686649322509766,-0.052477198128226286,0.04764433473092427,-2146.7337036132812,-1638.5392456054688,1947.2325439453125,1489.2600402832031,11751.204203757423,9246.345241176916,17.55000000000007,13.573301103379992,-0.7129434082243178,-0.03906213864684105,0.07677781070589956,0.05776468809074004,0.017734251853757453,703,35.18388748168945,20.014162320834117,-17.868009882301862
1.8512557178735733,-5.620279312133789,-3.590365171432495,-0.0511995882071528,0.05306595230502635,-2065.595703125,-1619.8016357421875,1995.5308227539062,1508.7080078125,11799.885017356055,9283.576742183997,17.57500000000007,13.518382178412544,-0.6927410099241469,-0.06825171411037445,0.07550842329469169,0.05488597739993251,0.017623909599654902,704,35.293121337890625,19.740384252491975,-18.067220251355298
1.760662230849266,-5.394380569458008,-3.506584405899048,-0.04991791696541695,0.04896931979107674,-2221.1592407226562,-1637.0985107421875,1848.2233276367188,1491.6280517578125,11849.7732879249,9321.294442379309,17.60000000000007,13.463035159640842,-0.6726054350535074,-0.10153710842132568,0.07334161717515439,0.051930996272218644,0.01748661116189371,705,35.39990234375,19.490986480595502,-18.294176158520173
1.6616774886846544,-5.182842016220093,-3.4283329248428345,-0.04875000847530871,0.04477321821041267,-2366.73095703125,-1664.7839965820312,1703.4436645507812,1455.3782043457031,11895.978871115827,9358.585143673256,17.625000000000068,13.405419455634224,-0.6540324952867296,-0.12021075934171677,0.07054950915404487,0.04903170225901724,0.017289617344120007,706,35.50310516357422,19.267984546786305,-18.54524697636574
1.5811535954475404,-4.974565267562866,-3.3517119884490967,-0.04766424602126182,0.04239445775761868,-2467.6339111328125,-1685.8005981445312,1587.11962890625,1421.5381469726562,11938.564962729606,9394.969598781901,17.650000000000066,13.346038394504124,-0.6366110510296292,-0.13283862173557281,0.0673742388311002,0.04606829056197759,0.017011472014504547,707,35.60203170776367,19.072602419802713,-18.81658611551079
1.6285488098859788,-4.776970863342285,-3.269528388977051,-0.046545343856400245,0.049775679196071496,-2412.72021484375,-1687.2665405273438,1673.14990234375,1413.731689453125,11978.242953452269,9430.50805245622,17.675000000000065,13.286061816745335,-0.6188512510723538,-0.10722123831510544,0.0642628302788578,0.04343496727908024,0.016661311063943064,708,35.69633483886719,18.90536521835843,-19.104420507305388
1.8640782952308657,-4.455326080322266,-3.162809371948242,-0.04502997190663153,0.07020809190229671,-2142.2675170898438,-1636.1163330078125,2010.0126342773438,1487.6849365234375,12020.071701010856,9465.851344692548,17.700000000000063,13.229050106472439,-0.5961067808998955,0.01330639235675335,0.0629882621870919,0.039371821935243786,0.01632506408977994,709,35.78717041015625,18.766462303933128,-19.405342232255922
1.857445988059044,-4.157063364982605,-3.047049641609192,-0.0432224178957675,0.07005367017096414,-2193.4949951171875,-1623.0335083007812,1949.8223266601562,1530.4411010742188,12070.322016867769,9503.043468105629,17.725000000000062,13.174562454223633,-0.5697913302315606,0.0066205901093780994,0.0637223250908694,0.0363158965992429,0.016145805260390486,710,35.87799835205078,18.65642141666837,-19.716468112275837
1.717043387889862,-3.8811068534851074,-2.942013382911682,-0.04159321661534392,0.060693466210041055,-2380.5909423828125,-1664.278564453125,1724.1839599609375,1498.3197021484375,12119.067575034276,9541.304495632481,17.75000000000006,13.117867575751411,-0.5459291736284891,-0.07184253633022308,0.0628665973371673,0.03320320119923939,0.01611240547525061,711,35.96892166137695,18.57596398807464,-20.035064993496
1.593513983488083,-3.6317540407180786,-2.8482125997543335,-0.04016539608641156,0.054255361659747765,-2520.796875,-1700.19873046875,1539.5963745117188,1453.3403625488281,12162.172174033312,9578.762488186194,17.77500000000006,13.058592478434244,-0.5247857835557725,-0.125655859708786,0.06034829972682077,0.029995972943213777,0.016111693911896856,712,36.057376861572266,18.525087464265404,-20.358233543133313
1.5877746582031251,-3.4179767370224,-2.7568386793136597,-0.038805810738034074,0.05769865001808448,-2557.160888671875,-1707.65869140625,1542.7783203125,1433.900390625,12200.662083396115,9615.095997249917,17.800000000000058,12.997807396782768,-0.5046438177426656,-0.1275966763496399,0.057008616657266545,0.0271725290868092,0.016048408465899246,713,36.14150619506836,18.502809925371874,-20.683132112976413
1.6768101364374162,-3.132530689239502,-2.6455098390579224,-0.037185289698288465,0.06866100336842083,-2492.8955078125,-1677.2885131835938,1658.011962890625,1471.5198059082031,12239.231541403928,9650.943507015543,17.825000000000056,12.938020494249132,-0.4813259177737766,-0.1268828958272934,0.05406396776234434,0.023517644257487282,0.01592122379849655,714,36.22111892700195,18.507641925324375,-21.007260662146845
1.5783404469490052,-2.8623205423355103,-2.5243080854415894,-0.03550133549032854,0.06555098881456152,-2612.68017578125,-1691.8868408203125,1482.7147827148438,1460.0909118652344,12280.681840476187,9687.731502163246,17.850000000000055,12.877960205078125,-0.45737697018517387,-0.17487981915473938,0.0502762328065195,0.02002856929404992,0.015778650013122935,715,36.29606246948242,18.537877921190095,-21.328517076165785
1.4730176508426667,-2.6091724634170532,-2.4043972492218018,-0.03390207604681693,0.06283909187653383,-2718.18798828125,-1716.3350830078125,1312.9967041015625,1429.6414794921875,12317.749710044067,9724.233774959877,17.875000000000053,12.816180123223198,-0.4346616400612725,-0.20957820117473602,0.04544026932326107,0.016597849287552965,0.015588788473643601,716,36.36479187011719,18.591367364025565,-21.645203249025247
1.389419212937355,-2.3618640899658203,-2.281802535057068,-0.032339676417267704,0.06253525016329102,-2791.6455078125,-1736.9445190429688,1181.3595886230469,1399.7475891113281,12350.574627646614,9759.974811947184,17.900000000000052,12.753060658772787,-0.4125736819373237,-0.23250356316566467,0.03989547222636442,0.013135723745841793,0.015322183161986051,717,36.426063537597656,18.665453753557642,-21.95613184978417
1.3241737067699433,-2.114321529865265,-2.15219783782959,-0.030758813591223656,0.06417045603973488,-2843.4051513671875,-1753.7151489257812,1077.7595825195312,1374.6849975585938,12380.108617362197,9794.968501674968,17.92500000000005,12.689010832044813,-0.3904220461845398,-0.2492360919713974,0.033865884103721676,0.009647847985117943,0.014977770894308856,718,36.479026794433594,18.757200941596654,-22.260678160718925
1.2706812441349031,-1.8631535768508911,-2.013094186782837,-0.029119015842494,0.06713303549893389,-2881.7501220703125,-1768.1525268554688,990.41455078125,1354.4294738769531,12407.05260692519,9829.335626613934,17.95000000000005,12.624295552571615,-0.36771098772684735,-0.2639879882335663,0.027449621635556237,0.006141236730080788,0.014573804727052062,719,36.523067474365234,18.863556760122826,-22.558747516417824
1.2235421687364578,-1.607187032699585,-1.8632166981697083,-0.027393081477257095,0.07097807003008746,-2912.5848388671875,-1781.5482177734375,911.1550598144531,1337.432373046875,12431.812970694726,9863.19636346086,17.975000000000048,12.559064229329428,-0.34411754873063827,-0.2789181172847748,0.020664066109170078,0.0026236114574084476,0.0141350395747858,720,36.55763626098633,18.981437687483478,-22.850714428299266
1.1780791684985161,-1.3464109301567078,-1.702233076095581,-0.025563756124481665,0.07534244177975251,-2939.341064453125,-1794.73388671875,834.7627258300781,1320.4378356933594,12454.591847190091,9896.632172787033,18.000000000000046,12.493393156263563,-0.3194476167360942,-0.2943210303783417,0.01349927124207013,-0.0008993337656230839,0.013683489168692557,721,36.58219909667969,19.10775772060251,-23.137352783333213
1.1304476022720338,-1.0814879834651947,-1.5306589603424072,-0.023621874764947558,0.07992100658246558,-2964.453125,-1808.0252685546875,757.9876861572266,1299.7088317871094,12475.460915335847,9929.643118679367,18.025000000000045,12.427306705050999,-0.2936108907063802,-0.30934253334999084,0.0059506540044976675,-0.004421281538598881,0.013233592835307605,722,36.596214294433594,19.239427090587206,-23.419759428436212
1.0769809141755105,-0.8133290112018585,-1.3493676781654358,-0.021566272265677866,0.08438553815625283,-2988.9884033203125,-1821.8497924804688,678.2925415039062,1271.0890808105469,12494.41060748978,9962.135839474045,18.050000000000043,12.360801696777344,-0.2666177517837948,-0.3227352797985077,-0.001955752293631648,-0.00793642342655844,0.012790849586163036,723,36.59914779663086,19.37333222422159,-23.69926939453923
1.0132076233625413,-0.5432552993297577,-1.1599711775779724,-0.01940494643232123,0.0883119114527623,-3013.27294921875,-1836.4492797851562,592.0601196289062,1230.030517578125,12511.367921027382,9993.91306649431,18.075000000000042,12.293859057956272,-0.2385916146967146,-0.3335590362548828,-0.010165319170346078,-0.011436329965491859,0.012352340347032774,724,36.59052658081055,19.50631001900063,-23.97735720063812
0.9326499238610269,-0.27332670986652374,-0.9648109376430511,-0.017158851973407913,0.09107572338728973,-3036.499755859375,-1851.2392578125,493.3010025024414,1170.6969909667969,12526.169424018108,10024.663829433764,18.10000000000004,12.22646395365397,-0.20981267094612122,-0.3410184383392334,-0.018601568519390602,-0.014909780703768322,0.011907600767367948,725,36.56997299194336,19.635122573954195,-24.25552210107803
0.8262407273054123,-0.0070313960313797,-0.767297089099884,-0.014866732681312063,0.09183590607569603,-3057.35400390625,-1865.7402954101562,371.80346298217773,1086.7682800292969,12538.501949080674,10053.931254207937,18.12500000000004,12.158612145317925,-0.18077214558919272,-0.34575507044792175,-0.027191746498847102,-0.018339388112302055,0.011438829279757059,726,36.537208557128906,19.756431340299525,-24.535160814592256
0.6828585758805276,0.2500143479555845,-0.572161853313446,-0.012591948903436947,0.0895686654935491,-3073.4996337890625,-1879.2337036132812,213.4777956008911,972.0855712890625,12547.797035655232,10081.100461208673,18.150000000000038,12.090329064263237,-0.15224885609414843,-0.34978458285331726,-0.0358895120251536,-0.021701890623298248,0.010919867608571185,727,36.492061614990234,19.866775120590578,-24.81743058040977
0.49404909238219263,0.49009279906749725,-0.38513530790805817,-0.010422147767970595,0.083483034474717,-3079.9268798828125,-1890.7276611328125,9.184791564941406,820.5229187011719,12553.13398054526,10105.402600490903,18.175000000000036,12.02169100443522,-0.1252963725063536,-0.3524809181690216,-0.044680115763179186,-0.02496605018940811,0.01031464136431006,728,36.434383392333984,19.962549919461193,-25.103107803962224
0.26977922879159455,0.7089695930480957,-0.21275606751441956,-0.008449846554914788,0.07415324880686966,-3075.3056640625,-1901.6767578125,-220.2025909423828,629.5360107421875,12553.36360033439,10125.915673458438,18.200000000000035,11.952837838066948,-0.10100204911496904,-0.34440040588378906,-0.05342527931510529,-0.028138439929126825,0.00957907106974367,729,36.364112854003906,20.040012375288804,-25.39243810808461
0.043048302922397856,0.9120565056800842,-0.05965552758425474,-0.006727605765244416,0.06381749148794771,-3063.8553466796875,-1903.671875,-422.7446746826172,407.38426208496094,12547.85853556084,10141.654073726999,18.225000000000033,11.883926391601562,-0.07995157606071895,-0.3088264763355255,-0.061657151856432245,-0.03128299755485961,0.008673283169629184,730,36.281593322753906,20.09538235838696,-25.68496916717659
-0.16171368956565857,1.1090043783187866,0.0712537756189704,-0.005260933253018625,0.05380367705530272,-3049.4000244140625,-1900.8734130859375,-570.8964996337891,171.1109218597412,12537.289918693781,10151.83868027913,18.250000000000032,11.81510395473904,-0.06215904321935442,-0.2459498941898346,-0.06862896221155582,-0.03443476236029242,0.007581364236156079,731,36.18809509277344,20.12512282149599,-25.979400642521306
-0.3381741389632225,1.305399477481842,0.1799023039638996,-0.004038868966024709,0.04420519091703399,-3030.9036865234375,-1897.0367431640625,-678.4826049804688,-53.69484329223633,12523.017506202941,10156.11645332563,18.27500000000003,11.74648814731174,-0.0474427847398652,-0.1727941632270813,-0.07386154944372192,-0.03757130657591705,0.006320271635476243,732,36.08582305908203,20.126340901392677,-26.273545420796367
-0.48722300156950954,1.5022414326667786,0.267793633043766,-0.003052641897645197,0.034966814092414415,-3005.2769775390625,-1883.3341064453125,-767.0769653320312,-246.84183502197266,12506.055441078432,10154.774082243332,18.30000000000003,11.678211424085829,-0.035649504926469594,-0.1081995815038681,-0.07733727427189796,-0.04066737282356707,0.004932378237097708,733,35.97733688354492,20.097114645194196,-26.56446882087896
-0.6089558184146882,1.6980860233306885,0.3382609039545059,-0.0022882025727582926,0.02647413901777384,-2973.4617919921875,-1878.6854858398438,-844.1932067871094,-400.9010314941406,12486.878516945133,10148.603036367787,18.325000000000028,11.610376569959852,-0.026566940877172682,-0.05965420976281166,-0.07940766563759599,-0.04371268920769428,0.00347233085823214,734,35.86492156982422,20.03661177483034,-26.84875684785399
-0.7040474370121956,1.8915964365005493,0.39454834163188934,-0.0017238126788919007,0.019060125327804815,-2939.147705078125,-1872.5332641601562,-908.0614013671875,-518.9794769287109,12465.773686775457,10138.580510580437,18.350000000000026,11.542992062038845,-0.019897973785797756,-0.023740584030747414,-0.08042468524600523,-0.0467046258567222,0.0019967691356080714,735,35.75033187866211,19.94502529679631,-27.122805301689343
-0.7741242453455925,2.0820361971855164,0.4395226687192917,-0.001328088787149443,0.012921924965470772,-2906.587890625,-1870.7216186523438,-955.6382446289062,-607.2611999511719,12443.072151741279,10125.606023657223,18.375000000000025,11.476055781046549,-0.015241229492757056,0.00286038126796484,-0.08067224271408491,-0.049638497271608,0.0005585711209514617,736,35.63486099243164,19.823429030520895,-27.383062805459513
-0.8450966641306877,2.286167621612549,0.47501690685749054,-0.0010783667854796812,0.006134749176038598,-2875.86279296875,-1866.2166748046875,-1025.6912536621094,-675.3090209960938,12419.181195625557,10110.424493658445,18.400000000000023,11.409496731228298,-0.012303625957833396,0.010747378692030907,-0.08036782675673203,-0.052792759830860056,-0.0007962664405822776,737,35.519474029541016,19.673620495736007,-27.626213610331686
-1.1130703061819078,2.41618013381958,0.4945138990879059,-0.0012110640532979645,-0.016974519614082396,-2700.1396484375,-1824.0894775390625,-1448.2396850585938,-742.7638244628906,12393.538914284005,10093.541768133544,18.425000000000022,11.344195471869575,-0.01373855397105217,-0.0882805809378624,-0.08136206801544267,-0.05539622450062948,-0.002053535688607304,738,35.40397644042969,19.497835527569574,-27.849204744963902
-1.1025898531079292,2.524259567260742,0.5012716799974442,-0.0016463001270083835,-0.014953247966036809,-2700.1397705078125,-1827.3189697265625,-1408.6873779296875,-770.3844604492188,12357.33292215755,10074.972672521973,18.45000000000002,11.280764473809135,-0.01857154071331024,-0.05650082603096962,-0.0832965466193842,-0.0579152648832488,-0.003274840038422976,739,35.28593444824219,19.29836271909976,-28.048987242245605
-1.0367672309279443,2.6642277240753174,0.5179009437561035,-0.0019365382625599716,-0.00881948239109613,-2751.01123046875,-1848.5751953125,-1290.7162475585938,-778.3118286132812,12322.115737709306,10055.713061010743,18.47500000000002,11.21654298570421,-0.021721292287111282,-0.015001745894551277,-0.08416445417388421,-0.06059494797505954,-0.004409742235845365,740,35.165870666503906,19.07777493880125,-28.222589907531905
-0.9711347416043282,2.8189594745635986,0.540202409029007,-0.00209362094435085,-0.0035675568123309117,-2784.720947265625,-1896.7818603515625,-1187.243408203125,-771.0380249023438,12289.84783152034,10036.255265295411,18.500000000000018,11.151410208808052,-0.023346859961748123,0.018074259161949158,-0.08412046208162746,-0.06318448306397109,-0.005376143578340324,741,35.045230865478516,18.839290047372746,-28.367559807423408
-0.9086075365543366,3.001606822013855,0.5664350241422653,-0.0021101477574573656,0.000857727725262913,-2807.15234375,-1965.558837890625,-1111.4209594726562,-741.7543334960938,12260.166746315259,10016.979314672852,18.525000000000016,11.085053549872505,-0.023391135036945343,0.034980788826942444,-0.08333547038319139,-0.06593778175397651,-0.006125384419736687,742,34.92521286010742,18.586606245993142,-28.48215781841694
-1.0685966685414314,3.1267104148864746,0.587460458278656,-0.002232865518287539,-0.013850512021229859,-2645.550537109375,-2018.1370239257812,-1433.3212280273438,-709.7061767578125,12232.381222328442,9998.435456335448,18.550000000000015,11.018375820583767,-0.024602593233187992,-0.07223980128765106,-0.08354210671664632,-0.06823425469027626,-0.006654958163688146,743,34.80599594116211,18.323624296633334,-28.565266945285913
-1.1856794446706773,3.1615772247314453,0.5999488234519958,-0.0027046060143949458,-0.02189903632447787,-2531.0133056640625,-2057.0941772460938,-1675.8732299804688,-677.7590026855469,12196.548191627764,9980.692801916503,18.575000000000014,10.95307985941569,-0.02962383959028456,-0.21779480576515198,-0.08706602643817439,-0.06962099179820494,-0.007083367156324823,744,34.68421936035156,18.05418607390725,-28.615773675838124
-1.0043040901422502,3.243804454803467,0.6355925500392914,-0.0030342632253060726,-0.001102357276589455,-2635.7762451171875,-2123.0699462890625,-1436.8211059570312,-598.2543487548828,12154.651360878255,9963.748826849363,18.600000000000012,10.887311299641928,-0.03303506929013464,-0.16056102514266968,-0.0921916960749522,-0.07212831427202791,-0.00749631785122008,745,34.55559539794922,17.782232901590756,-28.6320321863969
-0.887204958498478,3.398451805114746,0.699786901473999,-0.002830838809767401,0.012728742797007248,-2702.320556640625,-2159.7867431640625,-1325.7105712890625,-507.4570770263672,12118.730833229327,9948.79246813049,18.62500000000001,10.819305843777126,-0.03062779290808572,-0.12388812005519867,-0.09547643896345594,-0.074902458439347,-0.007820197771071147,746,34.42102813720703,17.512211132040726,-28.612576182190317
-0.9587885186076165,3.4652093648910522,0.7679134607315063,-0.00255965280902005,0.009315941391368135,-2588.621337890625,-2160.6359252929688,-1496.6376953125,-463.4728546142578,12085.5880689471,9936.10604120483,18.65000000000001,10.751606623331705,-0.027520439277092617,-0.17737939953804016,-0.09919025871546347,-0.07622679851517296,-0.007999615245798975,747,34.281715393066406,17.249057549094132,-28.55686539403735
-0.9716632291674615,3.523449659347534,0.8429289758205414,-0.0022683427771371376,0.012982188347809523,-2572.5198974609375,-2157.7686767578125,-1543.572998046875,-441.96517181396484,12048.172126564288,9924.519219839472,18.675000000000008,10.684458414713541,-0.024236055711905163,-0.2586979269981384,-0.10446581438734232,-0.07750340975083767,-0.008091974920759684,748,34.13602828979492,16.998092402166083,-28.46501892765356
-0.9138302758336068,3.6482046842575073,0.9342241883277893,-0.0017955275238808288,0.024049963346015585,-2624.251953125,-2175.0997314453125,-1456.8402709960938,-433.7073516845703,12009.582801613116,9913.470090544124,18.700000000000006,10.617221196492514,-0.01906353359421094,-0.21970134973526,-0.11063754873316803,-0.08011413569576677,-0.008139019765445664,749,33.981754302978516,16.765160768847558,-28.337641773269972
-0.9994508832693101,3.7221215963363647,1.0174143612384796,-0.0012132906796331903,0.020454695874408613,-2542.5867919921875,-2164.2886352539062,-1546.0198364257812,-499.64430236816406,11973.161794838214,9902.62740675201,18.725000000000005,10.549728605482313,-0.012799893609351583,-0.17304039001464844,-0.11548707353203985,-0.08171160790851557,-0.008153636462670725,750,33.81958770751953,16.556513005638095,-28.17634537330407
-0.934913556277752,3.7604070901870728,1.0977758169174194,-0.0005906302229449165,0.030413474418651436,-2606.52734375,-2152.4810180664062,-1474.2537841796875,-459.48388671875,11934.51129892757,9890.136299192805,18.750000000000004,10.48281881544325,-0.006191470763749546,-0.19758161902427673,-0.11985345929727927,-0.08231166803638086,-0.008175499350744594,751,33.65103530883789,16.378329249022674,-27.98429208495166
-0.9210923433303834,3.8634663820266724,1.2116248607635498,0.00024532933006243704,0.037626900063672454,-2570.4339599609375,-2147.8973999023438,-1519.5601196289062,-390.8283233642578,11897.654954323078,9878.649202024837,18.775000000000002,10.415875116984049,0.0025553199359112317,-0.2756568193435669,-0.12614809020503376,-0.0841823597710258,-0.00819392301594198,752,33.475059509277344,16.236492814843018,-27.766109837864533
-0.8691042229533196,3.96386456489563,1.342269241809845,0.0013494978455258328,0.04888994094583556,-2600.046630859375,-2138.7568359375,-1466.3746948242188,-355.8847961425781,11859.665951332356,9868.87849394073,18.8,10.348705715603298,0.013965563848614693,-0.222978875041008,-0.13232390251627865,-0.08586124981172537,-0.008194195053686142,753,33.289703369140625,16.136618090828232,-27.52773007134412
-0.9863471224904061,3.9865845441818237,1.4688646793365479,0.0024856595829051806,0.04298871302654544,-2495.3359375,-2134.1235961914062,-1621.93310546875,-407.0268249511719,11823.006583961751,9859.981374037166,18.825,10.282485749986437,0.025558813164631527,-0.2520221471786499,-0.13831812053069378,-0.08602391069768037,-0.008168172016706323,754,33.095916748046875,16.083530646864073,-27.27658468384043
-1.1135379716753961,4.035991311073303,1.5814551711082458,0.003504335344617302,0.03645290791494907,-2480.714111328125,-2103.1736450195312,-1647.935791015625,-614.2450408935547,11782.458256325031,9849.805703413387,18.849999999999998,10.216715070936415,0.03580294135544035,-0.2268780916929245,-0.14453897355387466,-0.08682223900751286,-0.008178123500685894,755,32.89323425292969,16.080682495341144,-27.02166089732015
-1.2144179821014405,4.107007741928101,1.6616187691688538,0.004353809351095571,0.030281672911827734,-2494.2388916015625,-2089.0172119140625,-1660.4185791015625,-791.7427673339844,11741.25986154964,9834.449577391048,18.874999999999996,10.151309967041016,0.04419714626338747,-0.11484397202730179,-0.14873421792956285,-0.08831919353386798,-0.008288682136627012,756,32.682804107666016,16.129605437364077,-26.773226457617895
-1.2395239889621736,4.115915775299072,1.7149565815925598,0.005030000776103227,0.028983954043929554,-2467.71337890625,-2071.17333984375,-1641.0337524414062,-855.4674987792969,11699.749397072103,9814.656008207698,18.899999999999995,10.086626476711697,0.05073616902033488,-0.04746024310588837,-0.1507386627687678,-0.08852341637758503,-0.008531189481459896,757,32.46807098388672,16.22900170792908,-26.542169208778212
-1.262560585141182,4.136706829071045,1.7820106148719788,0.005787604567500818,0.027770907053939076,-2474.370849609375,-2058.8767700195312,-1675.4928588867188,-863.3062133789062,11658.723553261067,9793.269320738214,18.924999999999994,10.021501117282444,0.05800113081932068,-0.12015058845281601,-0.15246788655406987,-0.08844084590022497,-0.00886194420602338,758,32.251094818115234,16.37447583916355,-26.3389914038876
-1.3226494312286379,4.201527118682861,1.8584833145141602,0.00644837696599016,0.024483973299319835,-2442.97705078125,-2027.9456787109375,-1738.989990234375,-910.5738220214844,11616.836231788899,9771.686665403742,18.949999999999992,9.957159890068901,0.06420841233597861,-0.10925749689340591,-0.15563581653926,-0.08965779816628269,-0.009229008947425763,759,32.03032684326172,16.55923994448899,-26.173223735701466
-1.3797109007835389,4.198537111282349,1.9139319062232971,0.00694665960743049,0.019806965163030904,-2384.7037353515625,-1987.529052734375,-1766.8468627929688,-982.4851379394531,11573.361482033039,9748.922319853205,18.97499999999999,9.894095526801216,0.06873201992776659,-0.038149986416101456,-0.15768548518272588,-0.08966252111602838,-0.009628151256098689,760,31.805675506591797,16.774554204303243,-26.053031778071624
-1.3024633675813675,4.215907573699951,1.96729177236557,0.007590333679483682,0.02703051290078882,-2521.4678955078125,-1963.7785034179688,-1597.7711791992188,-1020.614013671875,11529.190310463217,9724.36019140472,18.99999999999999,9.8304992251926,0.07461820211675432,0.01697414554655552,-0.1575020932521603,-0.08932528169824028,-0.010028548163316395,761,31.579702377319336,17.009713648805228,-25.984290142176853
-1.456692510843277,4.244704246520996,2.0177875757217407,0.008054063366226185,0.011463839067165886,-2397.107421875,-1912.9143676757812,-1779.7051391601562,-1111.0700988769531,11489.246030983235,9698.84484106292,19.024999999999988,9.767548243204752,0.07867015070385402,-0.07135272771120071,-0.158507186892313,-0.0895479136429925,-0.010381209988589032,762,31.353639602661133,17.252717299656204,-25.969953260247827
-1.6038236528635026,4.208116769790649,2.040247619152069,0.008150228448713265,-0.0034544257812392106,-2266.7354736328125,-1859.544921875,-1934.2271728515625,-1215.1033935546875,11444.75340250423,9671.068088590995,19.049999999999986,9.706703821818033,0.07911360098256005,-0.025037391111254692,-0.1598480885011679,-0.08944142881128136,-0.01074733326093418,763,31.12548065185547,17.49117119196397,-26.010371764111724
-1.4816962957382203,4.183970928192139,2.0423136353492737,0.008175161254121831,0.007223203399351349,-2442.4559326171875,-1845.0866088867188,-1682.5446166992188,-1256.6311950683594,11396.397723182945,9640.690503752126,19.074999999999985,9.646378623114693,0.07886245846748352,0.09239262342453003,-0.15896746435246276,-0.08897017413401344,-0.011168085665436879,764,30.89678192138672,17.712887983866537,-26.103140017026178
-1.3498569756746293,4.2119128704071045,2.053781569004059,0.008491930741921845,0.01680514152845606,-2591.63427734375,-1841.6595458984375,-1447.5104370117188,-1261.4409484863281,11354.334107765468,9609.274723875418,19.099999999999984,9.584016799926758,0.08138875994417402,0.1731782853603363,-0.15555978329013825,-0.0885707665495288,-0.011546157792579155,765,30.671268463134766,17.90685061954653,-26.242551227223927
-1.5020908921957017,4.226226329803467,2.0587651133537292,0.008797937833996308,-0.003563452319330557,-2458.906005859375,-1815.1025390625,-1682.9251098632812,-1292.2288818359375,11318.14634684017,9577.73870016326,19.124999999999982,9.521125157674154,0.08376842571629418,0.0868179053068161,-0.1515084328370984,-0.08787098768359686,-0.011792163137086021,766,30.45158576965332,18.064325033542527,-26.420188071270942
-1.7536771118640901,4.107175350189209,2.019003391265869,0.008158286591605356,-0.031980655254595196,-2197.8681640625,-1749.78564453125,-2013.1658325195312,-1398.5705261230469,11276.073219093583,9545.43297811736,19.14999999999998,9.463061226738823,0.07720408340295155,-0.009525390341877937,-0.15163153745848731,-0.08680311418193472,-0.012019894619206821,767,30.234779357910156,18.17884466387064,-26.62643702255805
-1.5540471047163011,4.030927419662476,1.9783076643943787,0.0075900855685774385,-0.013287871387274781,-2435.10693359375,-1777.2286376953125,-1685.009765625,-1378.6854248046875,11225.744073280603,9510.468714964285,19.17499999999998,9.404354095458984,0.0713812228706148,0.1116773784160614,-0.15031440456236136,-0.08608454754675011,-0.012346003896173527,768,30.0181827545166,18.245791463563474,-26.851137057847506
-1.4196263879537583,4.024466037750244,1.9579998850822449,0.007437420899385947,-0.00346860399315198,-2563.682373046875,-1807.1055297851562,-1494.9893188476562,-1331.4148254394531,11183.618829139981,9476.001579344169,19.199999999999978,9.342841042412651,0.06948792272143894,0.1716981828212738,-0.14651513895125434,-0.0854725531282499,-0.012644750233236971,769,29.805410385131836,18.263142543507232,-27.083509913705395
-1.5274141937494279,3.965265393257141,1.9254377484321594,0.007130991446607355,-0.020169569109607405,-2407.7705078125,-1797.6295166015625,-1673.9921875,-1334.5072326660156,11146.244096168786,9442.716208708183,19.224999999999977,9.281614091661242,0.06618823028273052,0.14687691628932953,-0.1426592645222263,-0.08423079601335161,-0.012828102632505122,770,29.598405838012695,18.231839802675537,-27.31294667938566
-1.5862169414758684,3.8410701751708984,1.8754222989082336,0.006550001008563252,-0.030644682574351552,-2399.444580078125,-1790.89892578125,-1766.6334228515625,-1343.5331726074219,11104.394291481283,9409.353527891533,19.249999999999975,9.22128995259603,0.06040032539102766,0.053262557834386826,-0.13961661129918918,-0.08214222025083537,-0.01294505493565703,771,29.396526336669922,18.154995090338147,-27.529843947754284
-1.4976216018199922,3.7497572898864746,1.8306100368499756,0.005811190187904832,-0.023691610054210204,-2484.672607421875,-1806.3638305664062,-1624.2926635742188,-1327.6170043945312,11060.228455909997,9375.765198576348,19.274999999999974,9.161144892374674,0.053237755265500813,0.07926500588655472,-0.13841400265231504,-0.0812049248663712,-0.013048357497924984,772,29.197269439697266,18.03710685684543,-27.725744976429507
-1.5641932189464571,3.650025248527527,1.7841886281967163,0.005151641699189896,-0.03422476170536666,-2421.5618896484375,-1807.037353515625,-1745.267333984375,-1321.4607238769531,11019.621139320638,9342.574773466484,19.299999999999972,9.099991056654188,0.04688030729691187,0.08276983350515366,-0.1362335727993263,-0.08006302380878326,-0.01312736807792167,773,29.000558853149414,17.883870038009942,-27.89343157908378
-1.4216414749622346,3.5205066204071045,1.7219547629356384,0.004375833745325392,-0.023077686924514288,-2552.337158203125,-1828.8466186523438,-1519.36279296875,-1291.0647583007812,10975.989455971036,9309.53825536956,19.32499999999997,9.03919537862142,0.03955427143308851,0.16090981662273407,-0.13327416000511097,-0.07813805352217115,-0.01319333124917157,774,28.807273864746094,17.702140950208364,-28.027237958157524
-1.2911858022212983,3.4254528284072876,1.6780629754066467,0.003984195361157549,-0.01408032201735768,-2670.024658203125,-1859.6430053710938,-1340.1729736328125,-1234.0194091796875,10938.005386146822,9277.261636412042,19.34999999999997,8.975974188910591,0.03576222393247816,0.17888787388801575,-0.1285743215042584,-0.07602325394529605,-0.013179449521989533,775,28.61962127685547,17.49964583747247,-28.12346691351273
-1.4808704882860184,3.319592237472534,1.6312196254730225,0.003312672530361613,-0.038692763710949415,-2516.8594970703125,-1842.9082641601562,-1658.0447998046875,-1248.6334228515625,10904.501061805991,9246.41115118255,19.374999999999968,8.913166258070204,0.029526510172420077,0.02376176230609417,-0.1264076402203972,-0.07451977467427022,-0.013060294909451804,776,28.437480926513672,17.28434453139742,-28.180324069781282
-1.5103124588727952,3.109010696411133,1.5533514618873596,0.002151326885812716,-0.04461284181733026,-2497.298095703125,-1835.6582641601562,-1686.791748046875,-1267.1026000976562,10863.049941810874,9215.195315611261,19.399999999999967,8.85208076900906,0.019043748163514666,0.06647403538227081,-0.1257243396637101,-0.07229339280890999,-0.012964785214264236,777,28.25674819946289,17.063831287260875,-28.19707691738084
-1.2661555856466293,2.9734983444213867,1.4864964485168457,0.0013389748482166297,-0.02129385377270338,-2703.734619140625,-1878.5932006835938,-1313.2100219726562,-1201.9092102050781,10820.880148109714,9183.517750608822,19.424999999999965,8.789141443040636,0.011768446614344915,0.17326585948467255,-0.1226487964012105,-0.07030570715922113,-0.01291684935494011,778,28.078514099121094,16.845399982175188,-28.174137079019747
-1.0834804058074952,2.8957611322402954,1.4430739879608154,0.0010261287766680468,-0.00662141741826401,-2812.14208984375,-1912.3270263671875,-1051.1275939941406,-1130.3957824707031,10788.049897560408,9153.470020353698,19.449999999999964,8.723857137891981,0.008951803255412314,0.23207254707813263,-0.11742566339091419,-0.06821648641237839,-0.012781445298563694,779,27.906333923339844,16.635819210879603,-28.113779312818757
-1.466998675465584,2.727035164833069,1.3858922719955444,0.000389364066703233,-0.054718185767689914,-2560.89892578125,-1873.3863525390625,-1690.4894409179688,-1170.5120849609375,10761.77170771053,9125.21012579193,19.474999999999962,8.658899201287163,0.0033714642955197226,-0.014694532379508018,-0.11418223278882031,-0.06551909121872403,-0.012513135979927415,780,27.7412166595459,16.440794265725952,-28.01968204690795
-1.3707993358373642,2.4836437702178955,1.2916236519813538,-0.0010052645740029572,-0.04601584085266524,-2664.820068359375,-1876.815673828125,-1501.2967529296875,-1183.0859680175781,10719.509471687588,9095.947323667906,19.49999999999996,8.596340815226236,-0.008641599884463681,0.06334782391786575,-0.11411110974295839,-0.06304126741516289,-0.01231296093300783,781,27.577396392822266,16.26522904344051,-27.89565572444347
-1.1148941650986672,2.3267664909362793,1.2216498255729675,-0.00181452387274231,-0.020566269840515322,-2826.2115478515625,-1921.4031372070312,-1111.7164916992188,-1106.6902465820312,10681.977052864362,9066.370174467469,19.52499999999996,8.531245125664604,-0.0154801644384861,0.18057429790496826,-0.11094537686566756,-0.060700176127631296,-0.0121840701780318,782,27.415822982788086,16.113351103022218,-27.745761447888942
-1.0256888523697854,2.2462525367736816,1.1723053455352783,-0.0021743113444140233,-0.015842368222797682,-2874.65771484375,-1943.4339599609375,-1006.2899780273438,-1045.5883178710938,10654.184140571886,9038.70291830292,19.549999999999958,8.464462492201063,-0.018404405564069748,0.19421343505382538,-0.1058425771247508,-0.05865228847314443,-0.011980287380072998,783,27.26045799255371,15.988070044286587,-27.574983174849503
-1.194948859512806,2.0148733258247375,1.0999781489372253,-0.0029479822675483346,-0.040726744671119024,-2772.0213623046875,-1925.6054077148438,-1288.7108154296875,-1057.4122314453125,10629.02689112119,9012.563210356144,19.574999999999957,8.398493131001791,-0.024758680827087827,0.09819647669792175,-0.10240549309951613,-0.05498267719523221,-0.011682369119661001,784,27.111547470092773,15.890968392737674,-27.3885581338559
-1.2206227093935014,1.7847545742988586,1.0107189118862152,-0.004149208879458331,-0.046945146753859184,-2788.94140625,-1914.4956665039062,-1311.7230224609375,-1073.8425903320312,10596.809120735446,8986.12790457001,19.599999999999955,8.333109219868978,-0.03457600871721903,0.05249746888875961,-0.10110990684108462,-0.05218226135987841,-0.01141925816663688,785,26.965925216674805,15.822996320174829,-27.191361039184656
-0.9979228109121323,1.6094350218772888,0.9362607598304749,-0.005022484107956208,-0.024194785213856252,-2903.260498046875,-1954.8659057617188,-976.0489807128906,-999.8217163085938,10564.01604517394,8959.281839811712,19.624999999999954,8.26661851671007,-0.04151930825577842,0.15993179380893707,-0.09835177076863043,-0.049634544141864904,-0.011216156763410109,786,26.82269859313965,15.78462614605889,-26.987988573932935
-1.054279825091362,1.4489169120788574,0.8713073432445526,-0.005675042839106987,-0.03580901382001676,-2899.77734375,-1944.8306274414062,-1093.0145263671875,-978.6468200683594,10539.614820656112,8934.286296903998,19.649999999999952,8.19894684685601,-0.04652987337774701,0.1192871481180191,-0.09452209518682604,-0.047037275482819114,-0.010979033477257578,787,26.684669494628906,15.775372473922717,-26.782869286636057
-0.9094645947217942,1.2567423582077026,0.7952222526073456,-0.006487718929312276,-0.023215029054762117,-2940.876953125,-1966.953125,-867.7336730957031,-930.870849609375,10512.289457496943,8909.820126402292,19.67499999999995,8.13170380062527,-0.052756948603524104,0.17702625691890717,-0.09102224378364956,-0.043851419094541384,-0.010715224484744611,788,26.55154800415039,15.793929228762833,-26.5800370133573
-0.9144576266407968,1.0565829277038574,0.7312738597393036,-0.007011563756028163,-0.02892611143340979,-2978.5570068359375,-1961.7693481445312,-895.6990966796875,-901.8790893554688,10490.596115669548,8886.548355162058,19.69999999999995,8.06330680847168,-0.0565373193886545,0.12826064229011536,-0.0865922584026277,-0.04000605166825155,-0.010392583558978813,789,26.424427032470703,15.838418301418205,-26.382966262659394
-0.895036767423153,0.8685965836048126,0.6576197147369385,-0.00786028094622009,-0.030532765310135573,-2952.3580322265625,-1972.04931640625,-885.1701812744141,-867.7070922851562,10468.203638252557,8864.001377928173,19.724999999999948,7.995578977796766,-0.06284878899653752,0.10685243457555771,-0.0842458886465918,-0.03734679585423956,-0.01004616455780835,790,26.30206871032715,15.906644383392523,-26.19457922701258
-0.9037763074040414,0.6639040410518646,0.5821061730384827,-0.008632092077854876,-0.03569257958492065,-3012.1827392578125,-1939.34619140625,-899.8201904296875,-862.4236755371094,10446.074383720696,8842.308700621044,19.749999999999947,7.927027278476292,-0.06842852880557378,0.11359699070453644,-0.08133453758767398,-0.03435708128024617,-0.009716931268047303,791,26.183462142944336,15.996406542056688,-26.017326738586558
-0.6971639558672905,0.47808030247688293,0.5071228295564651,-0.009305665334630711,-0.014736611254629172,-3055.974853515625,-1969.3831787109375,-585.9639434814453,-789.0903015136719,10423.57887895997,8820.748108732621,19.774999999999945,7.858453856574164,-0.07313025494416554,0.19228756427764893,-0.0775485378477469,-0.031100371283107425,-0.009404687073505821,792,26.069395065307617,16.10532686394016,-25.85317412635756
-0.5130271479487419,0.3345342129468918,0.46188582479953766,-0.009408669331573331,0.002800614011989603,-3081.1217041015625,-2009.332763671875,-333.36376953125,-694.1246032714844,10408.929780372948,8801.020851194786,19.799999999999944,7.788853115505642,-0.07328490416208903,0.23152370750904083,-0.07211439925533225,-0.027586475866369985,-0.009020617632424363,793,25.96205711364746,16.230694712865805,-25.703401233307716
-0.627564013004303,0.17078416422009468,0.4114314615726471,-0.00951283950179016,-0.017804779849563315,-3038.341796875,-1984.7047119140625,-549.875057220459,-674.2057189941406,10400.595686134655,8783.667736113,19.824999999999942,7.718944549560547,-0.07343129151397282,0.12965479493141174,-0.06713025166335691,-0.023669698272163198,-0.008519324370595483,794,25.86261749267578,16.369645256296362,-25.568568242556108
-0.5611040003597737,0.019869104027748108,0.3448946848511696,-0.009949544865400815,-0.013108621920561035,-3126.741455078125,-1937.5157470703125,-438.15660858154297,-658.5786437988281,10386.84880970415,8766.812593138147,19.84999999999994,7.649860382080078,-0.07611513965659672,0.1579636037349701,-0.06397260813787722,-0.02128078035652407,-0.008004900476235751,795,25.768577575683594,16.519665868079013,-25.448896657459358
-0.39261511191725734,-0.13788542337715626,0.2777264639735222,-0.01010462302433019,0.003180414593097179,-3102.15673828125,-1928.73193359375,-176.77871704101562,-599.8810119628906,10375.894894489627,8750.34812704318,19.87499999999994,7.580783632066515,-0.0766035666068395,0.2404385209083557,-0.05888416033852246,-0.017743667584627105,-0.0075100575778205576,796,25.680315017700195,16.678570486237163,-25.344360186704552
-0.24677636586129667,-0.24190096370875835,0.23523421585559845,-0.009831731196083833,0.016176743702116643,-3112.390380859375,-1990.572021484375,-0.5047378540039062,-498.3659362792969,10371.475426563613,8735.351101744114,19.899999999999938,7.511168056064182,-0.07385017143355475,0.2377355843782425,-0.0527850012935906,-0.014371831526248024,-0.006967692858406961,797,25.600339889526367,16.84420093274989,-25.254347997170573
-0.19960709847509864,-0.4038081243634224,0.20418285951018333,-0.009389997035321052,0.016840819564684712,-3134.6573486328125,-2038.2966918945312,17.09591293334961,-416.18116760253906,10371.462808117263,8722.891953337137,19.924999999999937,7.440742386711968,-0.06987060109774272,0.20809544622898102,-0.04721003141378119,-0.009993498726731756,-0.006339742880055546,798,25.5288028717041,17.014574024778,-25.17777577355104
-0.14627036917954683,-0.48817379772663116,0.16928551346063614,-0.008994646610309586,0.01906972519129671,-3081.3265380859375,-2091.7777099609375,47.1591682434082,-339.2106475830078,10371.8902059406,8712.487424147079,19.949999999999935,7.369893921746148,-0.0662913794318835,0.1797701120376587,-0.042518440389929475,-0.007177729403589596,-0.00567286965804559,799,25.464635848999023,17.188086347860743,-25.11346601212185
0.05080885309726,-0.5614767819643021,0.1487042661756277,-0.008276444599328907,0.040787081914566134,-3107.2269287109375,-2147.7950439453125,341.1291027069092,-263.29052734375,10373.069185146704,8704.007157957509,19.974999999999934,7.2979667451646595,-0.06040259367889828,0.2531585097312927,-0.03730116633403134,-0.0042862802723336235,-0.0049944699419426355,800,25.407228469848633,17.363466713274267,-25.060232363021427
0.07622466096654534,-0.6697472035884857,0.14884573221206665,-0.007206328736834874,0.0394594544992696,-3073.078369140625,-2218.5050048828125,297.7550640106201,-159.98489379882812,10381.597412714373,8697.424894773922,19.999999999999932,7.225795851813422,-0.05207236028379864,0.16801336407661438,-0.03167752302411153,-0.000127163861456682,-0.004260302228212066,801,25.35810089111328,17.539664882254982,-25.016683663020714
