AY,Alphaf,Alphar,Beta,BetaR,Fxf,Fxr,Fyf,Fyr,Myf,Myr,Time,Vx,Vy,YawAcc,YawR,delta,phi,t,yaw,global_x_m,global_y_m
1.2871224373353359e-17,0.0,0.0,-0.0,-0.0,1.374053716659546,0.2894238531589508,0.0,0.0,0.0,0.0,0.0,25.0,-0.0,4.644198828336497e-19,0.0,0.0,0.0,1,0.0,0.0,0.0
-7.677553162822435e-19,0.0,0.0,-3.271365394345611e-21,2.8445279986751766e-18,-67.79900360107422,-59.54044723510742,0.0,0.0,0.0,0.0,0.025,24.994197421603733,-8.176515206179658e-20,-1.51357309961606e-17,-3.4120523100377756e-20,0.0,-3.596427874647705e-21,2,-9.130899753856512e-20,0.6249274677700467,-2.954950328636778e-20
3.476714684892597e-17,0.0,0.0,-5.055004816364593e-21,2.5761631036115414e-18,-88.07141876220703,-80.27772521972656,0.0,0.0,0.0,0.0,0.05,24.987867143419052,-1.2631378251498773e-19,8.631169572775111e-19,-1.5565511153020894e-19,0.0,4.354288007897241e-20,3,-2.762147867819095e-19,1.2497032748328314,-1.469531587936001e-19
6.998722090903066e-17,0.0,0.0,2.4116525445989455e-20,3.6791975652127075e-18,-114.39222717285156,-107.00526428222656,0.0,0.0,0.0,0.0,0.07500000000000001,24.98088624742296,6.024521837346211e-19,2.7043862799143388e-17,-1.5693140230578762e-20,0.0,-1.1542509923261223e-19,4,-3.432021992319265e-19,1.8743126922183566,-3.3444534745375876e-19
-2.1381016188602558e-16,0.0,0.0,-9.055619002307207e-20,-1.7630456364724447e-16,-143.83291625976562,-136.51499938964844,0.0,0.0,0.0,0.0,0.1,24.973138173421223,-2.2614720440960967e-18,-3.567431723291992e-15,-8.083048790146287e-18,0.0,-3.5234180787104206e-19,5,-3.646375094714419e-18,2.4987379974789086,-1.6006196478495676e-18
3.880933393825271e-16,0.0,0.0,2.4129316289389e-19,1.013922637334803e-16,-173.97654724121094,-166.2943572998047,0.0,0.0,0.0,0.0,0.125,24.964572058783638,6.023780591608407e-18,3.7554751551648145e-15,-1.2007111700271606e-17,0.0,-5.746034200461465e-19,6,-2.0493498937674767e-17,3.1229593753814693,-9.087001541488322e-18
1.5618384199965943e-16,0.0,0.0,6.42617804951298e-19,-7.584463699523005e-18,-202.7117462158203,-194.31668090820312,0.0,0.0,0.0,0.0,0.15,24.955209096272785,1.6036662664493027e-17,1.2669296785209185e-16,1.4827842168595678e-17,0.0,-7.639109341346973e-19,7,-1.2115802113209127e-17,3.7469566398196745,-1.8985793576666867e-17
4.5985353690039824e-17,0.0,0.0,3.314728858293939e-19,-1.5677694634800738e-17,-228.372802734375,-219.093017578125,0.0,0.0,0.0,0.0,0.175,24.94511498345269,8.268629751978073e-18,-1.166703760574502e-17,1.4526506110881704e-17,0.0,-1.1874758135091834e-18,8,9.398985293921586e-18,4.370710690816243,-1.953064749920526e-17
1.3090344621016232e-16,0.0,0.0,2.6741127901973795e-20,-7.422010438256622e-18,-249.82911682128906,-239.67425537109375,0.0,0.0,0.0,0.0,0.19999999999999998,24.934391445583767,6.6677374816674455e-19,-1.351189869135816e-16,1.1770709455026096e-17,0.0,-1.930466458666579e-18,9,2.8638309678121e-17,4.994204521179199,-7.562235046218778e-18
3.9821026748643575e-17,0.0,0.0,7.788690637569227e-20,1.2323697506854583e-16,-266.4978942871094,-255.60667419433594,0.0,0.0,0.0,0.0,0.22499999999999998,24.92315928141276,1.9411877109155644e-18,-1.0910093395312238e-16,4.831699511936127e-18,0.0,-2.960553403852535e-18,10,4.218898394961769e-17,5.617423905266656,1.4539884356412336e-17
-7.93326738861219e-17,0.0,0.0,-3.1574533494925637e-19,-2.0991717372177442e-16,-278.2898254394531,-266.8624572753906,0.0,0.0,0.0,0.0,0.24999999999999997,24.911554124620224,-7.865706399245216e-18,-3.665678651327544e-15,1.7937787137285317e-17,0.0,-3.695895313060182e-18,11,6.332491105567054e-17,6.240357822842068,4.732838682402554e-17
1.230809612846484e-15,0.0,0.0,-1.766799534439924e-19,-4.225734368808684e-17,-285.5147399902344,-273.7538146972656,0.0,0.0,0.0,0.0,0.27499999999999997,24.899696773952908,-4.3992773698020224e-18,4.0478907808917e-16,3.9019103690741014e-17,0.0,-4.661308427727435e-18,12,9.18143745456463e-17,6.862998459074232,9.547097496287283e-17
-3.1224420777143284e-16,0.0,0.0,-9.85336555928703e-19,-4.700916417906983e-17,-288.7607116699219,-276.8377380371094,0.0,0.0,0.0,0.0,0.3,24.88770802815755,-2.4522769228586124e-17,-5.910693314729442e-16,2.7132909121768556e-17,0.0,-5.9303894684185955e-18,13,1.413787853869175e-16,7.485341019100614,1.6766874960241657e-16
2.751401525248514e-16,0.0,0.0,-1.5302582606417608e-18,-3.3720230359133375e-17,-288.7810974121094,-276.822998046875,0.0,0.0,0.0,0.0,0.325,24.87568113538954,-3.806621577970824e-17,-3.5493473581098755e-15,1.619142913119309e-17,0.0,-7.631799586748867e-18,14,1.715690380954207e-16,8.107383383644953,2.642175199954672e-16
2.432570859424147e-16,0.0,0.0,-1.722598820480049e-18,2.924300532130455e-18,-286.39068603515625,-274.4822082519531,0.0,0.0,0.0,0.0,0.35000000000000003,24.863692389594185,-4.2830169508897803e-17,-2.961510410242772e-16,1.0754609908325096e-17,0.0,-9.618511656119926e-18,15,1.9265223078306207e-16,8.72912555270725,3.764305962884391e-16
-1.0148996903640562e-15,0.0,0.0,-1.872997165706342e-18,-8.846840509101712e-17,-282.3857727050781,-270.5767517089844,0.0,0.0,0.0,0.0,0.37500000000000006,24.85179689195421,-4.6547346392872044e-17,-1.1168915032606528e-15,-1.4854825777163615e-17,0.0,-1.1772231232978137e-17,16,1.99702125707729e-16,9.350569168726606,4.972259082314064e-16
4.89559864796884e-16,0.0,0.0,-1.4941705484879427e-18,7.507319628623324e-17,-277.48468017578125,-265.7991638183594,0.0,0.0,0.0,0.0,0.4000000000000001,24.8400264316135,-3.7115237478501384e-17,3.347175204918614e-15,-2.7544552367719575e-17,0.0,-1.391789749069246e-17,17,1.6939740443733828e-16,9.971716960271204,6.108150343161417e-16
-2.3830879556517145e-16,0.0,0.0,-4.055073947457904e-19,1.648188378357276e-16,-272.2906799316406,-260.73431396484375,0.0,0.0,0.0,0.0,0.4250000000000001,24.82839796278212,-1.0068098676496458e-17,-3.7993898430130097e-16,-4.3283363896518904e-17,0.0,-1.633987408916203e-17,18,1.311237839642893e-16,10.592572265201149,7.035181112932225e-16
3.094113881356576e-16,0.0,0.0,8.532393345683424e-19,5.664431190806559e-17,-267.2730712890625,-255.8395233154297,0.0,0.0,0.0,0.0,0.4500000000000001,24.816911485460068,2.117476489017344e-17,2.445226358836739e-16,-4.2869931845397786e-17,0.0,-1.851817864947373e-17,19,6.559914819693403e-17,11.213138633304176,7.647014664330951e-16
5.784983844773341e-16,0.0,0.0,1.7294018932418165e-18,-2.2363615626234594e-16,-262.76556396484375,-251.4398193359375,0.0,0.0,0.0,0.0,0.47500000000000014,24.80555640326606,4.289877770708209e-17,-9.590192579140861e-15,-2.117650205501205e-17,0.0,-2.0218245777972012e-17,20,1.533159247596213e-17,11.833419481913253,7.906058474185516e-16
-3.096347024165008e-16,0.0,0.0,2.4246101428580364e-18,-3.7051979777158215e-17,-258.9746398925781,-247.73641967773438,0.0,0.0,0.0,0.0,0.5000000000000001,24.794320000542534,6.011656053916475e-17,-6.47820496587335e-15,-3.445847468788677e-17,0.0,-2.0823264776216095e-17,21,-3.3338161321467644e-17,12.45341793696086,7.86314934670132e-16
-4.809562176323991e-16,0.0,0.0,2.834515632960058e-18,1.7291169179140337e-17,-255.99671936035156,-244.82325744628906,0.0,0.0,0.0,0.0,0.5250000000000001,24.783176845974392,7.02483098447076e-17,1.3030586777459686e-16,-4.174078554055822e-17,0.0,-2.1366854578732514e-17,22,-9.164623850561632e-17,13.073136647542324,7.492209708475902e-16
1.037282480408714e-15,0.0,0.0,3.566903611316051e-18,-9.269481210970382e-17,-253.83975219726562,-242.7079315185547,0.0,0.0,0.0,0.0,0.5500000000000002,24.772109985351562,8.835972714157665e-17,-2.3100045368294048e-15,-5.720356853933416e-18,0.0,-2.255080521717702e-17,23,-1.387052450029175e-16,13.692577732933898,6.798622397985381e-16
5.725404619289548e-16,0.0,0.0,4.3832702637965254e-18,-2.1980179139824742e-18,-252.4462127685547,-241.33412170410156,0.0,0.0,0.0,0.0,0.5750000000000002,24.761091868082683,1.0853455199099666e-16,6.956623891680037e-16,2.902354313493743e-17,0.0,-2.3460041210387333e-17,24,-1.3689610174159053e-16,14.311742756101827,5.970019365831536e-16
1.0698986546687437e-16,0.0,0.0,3.587613466214071e-18,-5.676596913902447e-17,-251.71420288085938,-240.603271484375,0.0,0.0,0.0,0.0,0.6000000000000002,24.75010765923394,8.879381682161137e-17,2.5287488366941373e-16,5.95175321661149e-17,0.0,-2.3578647493685236e-17,25,-7.198599499491317e-17,14.930632750193286,5.348265652222225e-16
-5.824225809193559e-16,0.0,0.0,1.3278994447820735e-18,-7.195493928690816e-17,-251.5181427001953,-240.3931121826172,0.0,0.0,0.0,0.0,0.6250000000000002,24.73913828531901,3.2851088333566024e-17,-1.046007000498261e-14,6.632894005775817e-17,0.0,-2.3644025735537384e-17,26,2.38922484170347e-17,15.549248324500198,5.214647829298502e-16
-4.246771602277948e-17,0.0,0.0,-8.057143223123913e-19,-6.639000336151923e-17,-251.72390747070312,-240.573486328125,0.0,0.0,0.0,0.0,0.6500000000000002,24.728173149956596,-1.9923843546138303e-17,-3.233823561851149e-15,6.194257911560732e-17,0.0,-2.4076925826397117e-17,27,1.1058518713961813e-16,16.167589717441142,5.631969146515062e-16
1.4585045760393017e-16,0.0,0.0,-2.1095776215908916e-18,-4.320259416885917e-17,-252.20152282714844,-241.01841735839844,0.0,0.0,0.0,0.0,0.6750000000000003,24.717201656765408,-5.214285927732375e-17,-8.998705448666684e-16,4.329995469488371e-17,0.0,-2.4908563155658322e-17,28,1.82926744066476e-16,16.78565690252517,6.529961668276559e-16
1.955452943137218e-16,0.0,0.0,-2.9730170609500237e-18,-2.431892455558647e-17,-252.83401489257812,-241.61453247070312,0.0,0.0,0.0,0.0,0.7000000000000003,24.706219567192925,-7.345202079706653e-17,-5.124586917975551e-16,3.2202783976636875e-17,0.0,-2.6426780128811778e-17,29,2.373718778638347e-16,17.40344966782465,7.812512177653187e-16
3.0697749918047096e-16,0.0,0.0,-3.4308860446373017e-18,-1.027104024787705e-17,-253.5229034423828,-242.2664031982422,0.0,0.0,0.0,0.0,0.7250000000000003,24.69522476196289,-8.472649989888085e-17,-5.447392762360941e-16,2.095709992666976e-17,0.0,-2.7929158414865124e-17,30,2.756618698955673e-16,18.020967721939098,9.376751558685546e-16
3.781225367042929e-16,0.0,0.0,-3.369296771174242e-18,5.3613554831058816e-17,-254.19085693359375,-242.89906311035156,0.0,0.0,0.0,0.0,0.7500000000000003,24.684213002522785,-8.316844455522564e-17,-4.019122365629392e-16,6.159956186469693e-18,0.0,-2.8854301468926884e-17,31,2.9406413713069983e-16,18.63821069399517,1.1114048894717693e-15
2.400006436230217e-16,0.0,0.0,-3.0128239817871763e-18,4.73207008613075e-17,-254.78211975097656,-243.45848083496094,0.0,0.0,0.0,0.0,0.7750000000000004,24.67319064670139,-7.43359790868652e-17,3.4617144675874685e-18,-2.1508136924264162e-18,0.0,-2.912396569625831e-17,32,2.9641025957591663e-16,19.255178239610473,1.2915876921948946e-15
7.603244095597254e-17,0.0,0.0,-2.248752392436079e-18,2.4986896929831256e-16,-255.2611846923828,-243.91017150878906,0.0,0.0,0.0,0.0,0.8000000000000004,24.66215557522244,-5.545908517478129e-17,2.507485133344502e-16,-2.6351084842264736e-17,0.0,-2.869760546231694e-17,33,2.75223212708008e-16,19.87187006738452,1.4662275605650275e-15
-1.6697863692277555e-17,0.0,0.0,-1.7181299259522477e-18,2.2869248757063196e-16,-255.61041259765625,-244.2367706298828,0.0,0.0,0.0,0.0,0.8250000000000004,24.651114145914715,-4.2353816414099046e-17,6.9251893343371274e-15,5.116819440963221e-18,0.0,-2.627336051844831e-17,34,2.6569263621351903e-16,20.488285938898734,1.6317201142044902e-15
-2.33461948302146e-16,0.0,0.0,-1.97845732485161e-18,-5.996883957959792e-17,-255.8260498046875,-244.4350128173828,0.0,0.0,0.0,0.0,0.8500000000000004,24.64007059733073,-4.874932324163787e-17,-2.3634013879451975e-16,2.2474749582481046e-17,0.0,-2.218680369239365e-17,35,2.9365568196166605e-16,21.104425748189303,1.8028977779321835e-15
-9.017201736558961e-16,0.0,0.0,-3.2611798529039895e-18,-3.3140284200298265e-17,-255.91603088378906,-244.51235961914062,0.0,0.0,0.0,0.0,0.8750000000000004,24.629024929470486,-8.031967864189234e-17,-1.5694792593683139e-16,1.8926386576404907e-17,0.0,-1.597213048744741e-17,36,3.2559335040546506e-16,21.720289442274318,1.991968708894249e-15
-8.311752344906578e-16,0.0,0.0,-4.464357375018207e-18,7.778056769468966e-17,-255.8956756591797,-244.4835205078125,0.0,0.0,0.0,0.0,0.9000000000000005,24.6179813808865,-1.099034734066812e-16,-3.5595230825425967e-16,7.845764153920693e-18,0.0,-7.986622397400135e-18,37,3.448540855326398e-16,22.33587702115378,2.1959491470032818e-15
-1.2601745166511826e-15,0.0,0.0,-5.383682654413891e-18,-1.3427889240395597e-16,-255.7847137451172,-244.3675537109375,0.0,0.0,0.0,0.0,0.9250000000000005,24.60694630940755,-1.324759823614388e-16,-6.8239324747235066e-15,-2.521172590129651e-18,0.0,1.188049136653835e-18,38,3.5091804734159254e-16,22.951188617282458,2.406977316389954e-15
-1.346842506944747e-15,0.0,0.0,-6.0634387827166945e-18,1.3238969239162594e-17,-255.6046600341797,-244.185302734375,0.0,0.0,0.0,0.0,0.9500000000000005,24.59591547648112,-1.4913582635581702e-16,-2.526583972682188e-17,-4.261121296209785e-17,0.0,1.1306127370118082e-17,39,3.1086905904598834e-16,23.566224389606067,2.6069713019120517e-15
-7.981306223632285e-16,0.0,0.0,-6.136809361718299e-18,-1.1312071266636284e-17,-255.3767547607422,-243.95729064941406,0.0,0.0,0.0,0.0,0.9750000000000005,24.58489735921224,-1.508728321150128e-16,-3.7526057648815415e-18,-2.5520842707118638e-17,0.0,2.2203119147813888e-17,40,2.5365028939306584e-16,24.180984550052234,2.7767471365613085e-15
-5.961628132235142e-16,0.0,0.0,-6.385888470049417e-18,5.815410412629086e-17,-255.120361328125,-243.7022705078125,0.0,0.0,0.0,0.0,1.0000000000000004,24.573887719048393,-1.569261030740931e-16,3.994599755954755e-15,-6.575444993948578e-18,0.0,3.434545472486697e-17,41,2.2406056980927614e-16,24.79546936353049,2.919674720054221e-15
1.5284547670501587e-15,0.0,0.0,-5.51769289710915e-18,-9.469403103175175e-17,-254.85202026367188,-243.43618774414062,0.0,0.0,0.0,0.0,1.0250000000000004,24.562888675265842,-1.3553047728400973e-16,-3.593531190677061e-16,2.839350119164346e-17,0.0,4.028322717247548e-17,42,2.3907772281026604e-16,25.409679068459415,3.0582499974857918e-15
5.785398242407896e-16,0.0,0.0,-4.80776823698359e-18,-5.305590590691626e-17,-254.58486938476562,-243.17173767089844,0.0,0.0,0.0,0.0,1.0500000000000003,24.551902347140842,-1.1803985719868256e-16,2.3556234020279164e-15,4.284769004888199e-17,0.0,3.10510373750718e-17,43,3.032965580277553e-16,26.023613956239497,3.221567205367833e-15
4.989358220442966e-16,0.0,0.0,-4.79354326281198e-18,-2.1976467553890712e-17,-254.32855224609375,-242.91822814941406,0.0,0.0,0.0,0.0,1.0750000000000002,24.540926615397137,-1.1763799447531292e-16,-7.077580196547951e-16,2.3588611581988093e-17,0.0,2.891553108721822e-17,44,3.4739454909969226e-16,26.63727431827122,3.418269877358981e-15
-1.0167669926942519e-16,0.0,0.0,-5.442320999926538e-18,2.7792368409590196e-17,-254.08938598632812,-242.68170166015625,0.0,0.0,0.0,0.0,1.1,24.529959360758465,-1.33499906963598e-16,-7.614645777798395e-15,-1.266143279307728e-17,0.0,3.701736417958976e-17,45,3.618477369764884e-16,27.250660392973163,3.6326493338267466e-15
1.3258073198493913e-15,0.0,0.0,-4.139941018364951e-18,1.457173996723878e-16,-253.8707275390625,-242.46539306640625,0.0,0.0,0.0,0.0,1.125,24.519002702501083,-1.0150723725887328e-16,-3.517528141929794e-15,-2.097812762711453e-17,0.0,3.642223535207951e-17,46,3.313063229368993e-16,27.863772418763904,3.84220438090223e-15
4.566966083791622e-16,0.0,0.0,-2.4821785315592305e-18,1.7306196251332693e-16,-253.67344665527344,-242.27015686035156,0.0,0.0,0.0,0.0,1.15,24.508056640625,-6.083336952349525e-17,5.761127677974626e-17,-3.464469521949945e-17,0.0,2.9975372279351855e-17,47,2.869146496602815e-16,28.47661066055298,4.0296128872217596e-15
-2.644179866237773e-16,0.0,0.0,-1.9302121360306963e-18,-7.8909638234021e-18,-253.49659729003906,-242.09500122070312,0.0,0.0,0.0,0.0,1.1749999999999998,24.49711905585395,-4.7284636369169363e-17,-7.419879021906741e-15,-4.683778999119328e-17,0.0,3.7252802724529266e-17,48,2.2987105700876303e-16,29.089175356758965,4.1865476513473245e-15
1.2241617409344076e-15,0.0,0.0,-1.2816177491361496e-19,3.532521510108407e-16,-253.33790588378906,-241.9376983642578,0.0,0.0,0.0,0.0,1.1999999999999997,24.486189948187935,-3.1381934226244946e-18,7.408294999320091e-15,-4.735391572094318e-17,0.0,3.9522637562609664e-17,49,1.502390279478833e-16,29.701466719309487,4.302291866312447e-15
6.855383959490472e-16,0.0,0.0,2.2682901918804473e-18,5.069688952182253e-17,-253.19427490234375,-241.79522705078125,0.0,0.0,0.0,0.0,1.2249999999999996,24.475267198350693,5.551700987580967e-17,3.1655061194903536e-16,-2.1070635464733418e-17,0.0,3.22994348939989e-17,50,1.0406761271763111e-16,30.313484933641217,4.38076990156713e-15
-4.0253191924970557e-16,0.0,0.0,2.5016537320623417e-18,1.0516031529847866e-16,-253.06228637695312,-241.66424560546875,0.0,0.0,0.0,0.0,1.2499999999999996,24.46435292561849,6.120133622354162e-17,6.257013746642677e-15,-2.170222043728052e-17,0.0,3.579189958644872e-17,51,7.997905448890288e-17,30.92523018519083,4.438525361438776e-15
-1.3197583789786179e-16,0.0,0.0,2.7524539647894303e-18,6.124898839029425e-17,-252.93849182128906,-241.5414276123047,0.0,0.0,0.0,0.0,1.2749999999999995,24.45344501071506,6.730698058265049e-17,-6.275562815275481e-16,-1.7320416513259277e-17,0.0,4.213434485325038e-17,52,5.591698589211104e-17,31.536702659394997,4.481681699840746e-15
5.666773514841307e-16,0.0,0.0,3.4630646723523856e-18,1.8762126954545783e-16,-252.81971740722656,-241.42367553710938,0.0,0.0,0.0,0.0,1.2999999999999994,24.442545572916668,8.464611264877381e-17,-3.505766030665984e-15,-1.8949143947964566e-17,0.0,3.737806713285595e-17,53,3.803449248412726e-17,32.14790254169039,4.512293897950685e-15
-1.2797369384443897e-15,0.0,0.0,3.894770763480165e-18,-1.696443504471374e-17,-252.70326232910156,-241.30831909179688,0.0,0.0,0.0,0.0,1.3249999999999993,24.431652492947048,9.515567394183154e-17,2.1216671845238847e-16,-3.48900239351728e-17,0.0,3.172070837505249e-17,54,2.121651062773746e-18,32.75883001751369,4.526810111000105e-15
-1.962021534750665e-16,0.0,0.0,3.841817141009369e-18,-4.6715375105152014e-17,-252.58689880371094,-241.1932373046875,0.0,0.0,0.0,0.0,1.3499999999999992,24.420765770806206,9.38201118011617e-17,-3.947026891626046e-16,-2.766848256392559e-17,0.0,3.8734033194088195e-17,55,-4.448644170503677e-17,33.3694852458106,4.516240339179663e-15
2.5918889158962945e-16,0.0,0.0,4.624074300276717e-18,9.298873793112431e-17,-252.468994140625,-241.0768280029297,0.0,0.0,0.0,0.0,1.3749999999999991,24.40988540649414,1.1287311798019556e-16,3.1514663366313768e-15,-5.471940601402416e-17,0.0,3.883411758253084e-17,56,-9.230992190701457e-17,33.979868385526856,4.47707815969583e-15
1.1560781226804461e-16,0.0,0.0,6.328559851462706e-18,4.3922333234210335e-17,-252.34848022460938,-240.9580078125,0.0,0.0,0.0,0.0,1.399999999999999,24.39901140001085,1.544106063913783e-16,1.4525940066031408e-16,-5.208602978802749e-17,0.0,3.188620981207102e-17,57,-1.7219384400802895e-16,34.58997959560816,4.399736279018023e-15
-9.641174976075395e-16,0.0,0.0,6.73018357093411e-18,3.937830611735626e-17,-252.2247314453125,-240.83621215820312,0.0,0.0,0.0,0.0,1.424999999999999,24.388145870632595,1.641367063245251e-16,3.895139241464024e-16,-5.998268064439548e-17,0.0,3.736200854098803e-17,58,-2.4926077937193684e-16,35.199819061491205,4.275213522800547e-15
-3.485057193453805e-16,0.0,0.0,7.298425344700934e-18,-8.760647449403545e-17,-252.09754943847656,-240.71121215820312,0.0,0.0,0.0,0.0,1.4499999999999988,24.377286699083115,1.7791581479398444e-16,-3.4612815543420827e-15,-4.898694331022575e-17,0.0,4.1326189287725157e-17,59,-3.280901388361747e-16,35.80938696861265,4.103527234005757e-15
-2.5381631380642813e-16,0.0,0.0,8.746969927227433e-18,3.7581522284859535e-16,-251.96707153320312,-240.58311462402344,0.0,0.0,0.0,0.0,1.4749999999999988,24.366436004638672,2.1313247424332962e-16,6.8691568343268346e-15,-6.171775513357797e-17,0.0,3.813664988072308e-17,60,-4.1335678988086767e-16,36.418683502409166,3.882540598302894e-15
-2.549627815032152e-16,0.0,0.0,1.0092793574021577e-17,-4.148516749927835e-17,-251.83363342285156,-240.45225524902344,0.0,0.0,0.0,0.0,1.4999999999999987,24.355591668023003,2.4581594637392616e-16,4.724842953408685e-16,-2.98925199241852e-17,0.0,3.26084768582824e-17,61,-4.836084849162777e-16,37.02770884831744,3.615144921641521e-15
-1.7128610659172512e-15,0.0,0.0,9.864481606704464e-18,-2.2872926895297252e-17,-251.69769287109375,-240.319091796875,0.0,0.0,0.0,0.0,1.5249999999999986,24.34475368923611,2.4014838421994196e-16,3.744556053441759e-15,-3.104910812652058e-17,0.0,3.95835604229896e-17,62,-5.167978827676613e-16,37.636463165283175,3.3167208764125756e-15
1.306950557564947e-16,0.0,0.0,9.75198923033349e-18,-7.311190446884551e-17,-251.559814453125,-240.18414306640625,0.0,0.0,0.0,0.0,1.5499999999999985,24.333924187554253,2.373041622854403e-16,3.3880989664904953e-15,8.379717877346747e-18,0.0,4.224869902839085e-17,63,-5.383813939944442e-16,38.24494663874305,3.001660918387044e-15
1.0534899836997313e-16,0.0,0.0,9.214642690489773e-18,-3.1814295409178956e-17,-251.42054748535156,-240.04795837402344,0.0,0.0,0.0,0.0,1.5749999999999984,24.323101043701172,2.2412868243436455e-16,-2.830473354511348e-16,3.026131685125824e-17,0.0,3.951686829634826e-17,64,-5.027757817214584e-16,38.853159454133745,2.6908038518636992e-15
4.137602144682882e-16,0.0,0.0,9.0368561535014e-18,2.049614294414003e-16,-251.28041076660156,-239.9110107421875,0.0,0.0,0.0,0.0,1.5999999999999983,24.312286376953125,2.1970661164323885e-16,-6.042826219336377e-16,1.9451336215955648e-17,0.0,3.5607560256967406e-17,65,-4.62012532893082e-16,39.461101796891924,2.403081203657483e-15
-7.561386529831862e-16,0.0,0.0,8.288279996539312e-18,-1.634246489995591e-16,-251.13986206054688,-239.7737579345703,0.0,0.0,0.0,0.0,1.6249999999999982,24.301478068033855,2.0141746448177752e-16,-1.834741391086391e-16,7.720110292402275e-18,0.0,3.618007770011678e-17,66,-4.500249520466247e-16,40.06877385245426,2.1312345982132076e-15
-5.649115246936329e-16,0.0,0.0,7.458826007472807e-18,7.489483319220657e-17,-250.99929809570312,-239.63653564453125,0.0,0.0,0.0,0.0,1.6499999999999981,24.29067823621962,1.811799356655677e-16,6.578037539586162e-15,8.899369475138532e-18,0.0,4.107153217484245e-17,67,-4.3432802863568366e-16,40.676175806257426,1.8674371420301753e-15
9.362768173559745e-06,-2.5548040866851807e-05,8.195638656616211e-08,1.9091121362707735e-09,3.458952333216841e-07,-250.8589630126953,-239.49961853027344,0.017303466796875,-4.57763671875e-05,3.457927303870956e-17,-9.147955830346444e-20,1.674999999999998,24.279884762234158,4.63530211744809e-08,6.437741376430495e-06,3.405643842862973e-08,4.162489574874825e-07,4.762131645627947e-10,68,8.49260484159231e-09,41.28330784373809,3.1569078385695263e-09
0.0001153820277977502,-0.00018925219774246216,1.0356307029724121e-06,4.4744578076991714e-08,3.857259590979561e-06,-250.71908569335938,-239.36318969726562,0.21307373046875,-0.00091552734375,0.0004325866699223008,-1.1444091796893298e-06,1.699999999999998,24.269099765353733,1.085910652262909e-06,7.72895073168911e-05,8.506347339383378e-07,3.296051960460862e-06,1.5152240278611397e-08,69,4.3531807136787393e-07,41.89017015033291,1.5194741838869795e-07
0.0004574211568979081,-0.000592842698097229,3.341585397720337e-06,2.503559203924815e-07,1.3551928555712573e-05,-250.57977294921875,-239.22734832763672,0.844635009765625,-0.00408935546875,0.005759429931642454,-2.4032592773446376e-05,1.7249999999999979,24.258321126302082,6.073214030443018e-06,0.0003048039216082543,5.207485484101341e-06,1.0785672377658314e-05,1.1905591947438567e-07,70,4.09882704843767e-06,42.496762911475706,1.6163794829916714e-06
0.0011453866449301132,-0.00128956139087677,2.820044755935669e-06,7.77912339679351e-07,2.9152803918601405e-05,-250.44114685058594,-239.0921173095703,2.110107421875,-0.0059661865234375,0.026875305175785888,-0.00012626647949220054,1.7499999999999978,24.24754884507921,1.886246940961832e-05,0.0007572539616376162,1.7964741700426e-05,2.4370654754639662e-05,5.051359933226425e-07,71,1.9354982214281335e-05,43.103086286053774,9.037344768310357e-06
0.0023426366766216237,-0.0024323612451553345,-1.2949109077453613e-05,1.7706324841088451e-06,5.078888686258693e-05,-250.3030014038086,-238.95752716064453,4.292266845703125,0.0108642578125,0.07962799072266573,-0.00027542114257810067,1.7749999999999977,24.23678716023763,4.2914438785778155e-05,0.0015270173316821456,4.5753835735671884e-05,4.732793558896335e-05,1.5061973423396458e-06,72,6.269833102123812e-05,43.709140485429785,3.4671018368096446e-05
0.004235853510908783,-0.004127301275730133,-6.577745079994202e-05,3.357168664947079e-06,7.736070911421193e-05,-250.16537475585938,-238.8235321044922,7.6976318359375,0.0825347900390625,0.1869346618652522,-3.8146972654256152e-06,1.7999999999999976,24.226029713948567,8.13308644056734e-05,0.002706078812479973,9.75024659405007e-05,8.223745218664363e-05,3.618874550174646e-06,73,0.00016178167425096035,44.31492569160055,0.0001042107563154732
0.007196165132336319,-0.006781101226806641,-0.00018839910626411438,5.705170722625694e-06,0.00011115724576450843,-248.6696319580078,-237.38848114013672,12.952362060546875,0.26465606689453125,0.3793754577637025,0.002059555053711582,1.8249999999999975,24.215289221869575,0.0001381523583808707,0.004491336178034544,0.00018599177981211916,0.00013734356065661722,7.546946487598067e-06,74,0.000359494355507195,44.92044215399069,0.00026476163691553216
0.011563030467368663,-0.010399691760540009,-0.00042875856161117554,8.971499540236446e-06,0.0001496940027211503,-236.32498931884766,-225.38687133789062,20.58050537109375,0.6530990600585938,0.7031845092773947,0.0086759567260759,1.8499999999999974,24.20470979478624,0.00021715253953718476,0.0070256986655294895,0.0003282597015246482,0.00021416886613578534,1.427975366620064e-05,75,0.0007202411070466042,45.525692041087936,0.0005959340107717402
0.01766483187675476,-0.015305973589420319,-0.0008547604084014893,1.318622646560977e-05,0.00018603387934351142,-179.89933013916016,-170.7081756591797,31.054977416992188,1.364105224609375,1.2176971435547665,0.02500343322754264,1.8749999999999973,24.194859398735893,0.00031903890582422417,0.01042908988893032,0.0005445083495297917,0.0003197686649182564,2.51274141497219e-05,76,0.001335167558863759,46.13068630067963,0.001224353990000033
0.025967350136488678,-0.021754220128059387,-0.001560840755701065,1.8237147205938874e-05,0.0002160074615778083,-16.39639377593994,-10.728091716766357,44.998931884765625,2.5801010131835938,1.9940715789796084,0.05910606384278025,1.8999999999999972,24.18809043036567,0.0004411217459063563,0.014859645627439022,0.0008582771972934856,0.00046005808745644856,4.172884420560284e-05,77,0.0023265995550900698,46.7354720674951,0.0023411076224848105
0.037039266806095844,-0.030118197202682495,-0.002660878002643585,2.3905979145067105e-05,0.0002350012096960375,283.5652160644531,283.2478942871094,63.132415771484375,4.5386505126953125,3.119044876098801,0.12360858917237574,1.9249999999999972,24.18742921617296,0.0005782241674347057,0.020507756620645523,0.0012976942908744502,0.0006432853909741766,6.610088466875647e-05,78,0.0038536409847438335,47.34016295909581,0.004222416721604157
0.05126667059957982,-0.04091145843267441,-0.004292815923690796,2.979876555565515e-05,0.00022704472335580993,646.6596374511719,641.7504272460938,85.7305908203125,7.614227294921875,4.697355270385976,0.23707485198976744,1.949999999999997,24.196088578965927,0.0007210135744470689,0.027303142473101616,0.001893879311294216,0.0008801375496426841,0.00010071997545475024,79,0.006118326913565397,47.94494894261542,0.007254258148283909
0.06959074288606644,-0.054513633251190186,-0.006615806370973587,3.510420661206275e-05,0.00020247691600802103,1019.5481567382812,1011.9339904785156,114.04995727539062,12.223991394042969,6.840620040893876,0.42743053436282863,1.974999999999997,24.214672512478298,0.0008500368696533971,0.03554227575659752,0.002674596558158416,0.0011782182264707705,0.00014847745630107708,80,0.009363642893731594,48.55006437146465,0.011958556759864132
0.09346871711313726,-0.07140612974762917,-0.009798120707273483,3.985814177540129e-05,0.00017198154340414019,1391.02392578125,1383.60107421875,150.3246307373047,18.723976135253906,9.691868972778755,0.7330303192139231,1.999999999999997,24.243433210584854,0.0009662981998796264,0.04590786620974541,0.0036892359663433867,0.0015497338798746779,0.0002130370551817923,81,0.01388571597635746,49.15574794172933,0.01902326985349892
0.1228717977181077,-0.09170599281787872,-0.014022257179021835,4.3291996555267794e-05,9.186853272488566e-05,1739.1287231445312,1741.017333984375,193.81019592285156,27.777496337890625,13.449984741211507,1.201129722595299,2.024999999999997,24.2821651034885,0.001051223306502733,0.05669325217604637,0.004978893570457575,0.0019993245609089354,0.0002994018544001177,82,0.020051926374435425,49.76222725561601,0.029342212171379126
0.15742786936461928,-0.11787166073918343,-0.019415903836488724,4.369741585530737e-05,-6.495562705941819e-05,2035.9264526367188,2046.93359375,243.34637451171875,39.74949645996094,18.29523963928295,1.8955671310426019,2.0499999999999967,24.329908159044052,0.0010631541307601663,0.07041747123003006,0.006551669125285105,0.00256749694325179,0.000413509757166572,83,0.028254399076104164,50.369695128850914,0.04404622185989453
0.20046404711902144,-0.14821119792759418,-0.026417843997478485,3.9745972531673486e-05,-0.0002614375047786024,2287.021484375,2307.3809814453125,304.6383743286133,55.081153869628906,24.37889900207614,2.88930454254168,2.0749999999999966,24.38516828748915,0.0009692122047353121,0.08633380383253098,0.008507655875920924,0.003232107697433577,0.0005619209432786582,84,0.038968492299318314,50.9782799445499,0.06453846488233625
0.2515734419226647,-0.18357096565887332,-0.03527092933654785,2.9681209928832702e-05,-0.0005531710026815269,2480.409423828125,2510.94677734375,375.91273498535156,74.82125854492188,31.994858360291722,4.266333389282472,2.0999999999999965,24.44662306043837,0.000725605382790996,0.10379958897829056,0.010881003141710142,0.004007243651751048,0.0007524195998361571,85,0.052767619490623474,51.58801964124876,0.09255218204907203
0.31116165593266487,-0.22542558051645756,-0.04619430750608444,1.0735718804828003e-05,-0.000959720813303468,2615.258544921875,2655.1060791015625,456.95131409168243,99.94436645507812,41.3926767349258,6.1368648529056085,2.1249999999999964,24.51265547010634,0.0002631609742012289,0.1225598156452179,0.013705543471469775,0.0049171828744990695,0.0009932369166852917,86,0.07027219980955124,52.198828338122034,0.13019617583692555
0.3815301984548569,-0.2722032107412815,-0.05969459190964699,-1.9090119878531583e-05,-0.00143382434472967,2696.9659423828125,2744.4102783203125,551.1392593383789,131.415771484375,52.8164595872182,8.635474014282673,2.1499999999999964,24.581705729166668,-0.0004692676722899907,0.1431303322315216,0.017024010717871237,0.005935775282389964,0.001292386824082869,87,0.09215576946735382,52.810448067266435,0.17998463807911846
0.4613866552710533,-0.3244664743542671,-0.0758371464908123,-6.24963845586048e-05,-0.0020365541355431708,2726.87939453125,2787.546142578125,655.4501113891602,170.03451538085938,66.59494107067803,11.920868301392186,2.1749999999999963,24.65233696831597,-0.0015406818905224402,0.16305440664291382,0.020840922892091957,0.007068350594824762,0.0016575058194212447,88,0.11913512647151947,53.42238831494627,0.24486164555424725
0.553062928467989,-0.3818278908729553,-0.09509081020951271,-0.00012182293447769884,-0.002713374940417817,2724.5733642578125,2791.89697265625,773.3939361572266,216.54678344726562,82.98119385540751,16.171731185913856,2.199999999999996,24.723425971137154,-0.0030118803907599715,0.18517331779003143,0.025192074543658276,0.008307404627224053,0.002094896999027459,89,0.15194331109523773,54.03384853829626,0.32820703575197585
0.6557368978857995,-0.4438208043575287,-0.11774582415819168,-0.0001996135301968261,-0.003525184723045855,2696.3656005859375,2768.21923828125,902.8335113525391,271.69593811035156,102.3160422593387,21.585400772095717,2.224999999999996,24.794082641601562,-0.004949234426021576,0.2074623852968216,0.030101541273002897,0.009641209587967135,0.0026095584712832634,90,0.1913706660270691,54.64361644915581,0.43383499598715614
0.7690525025129319,-0.5111069232225418,-0.14405138418078423,-0.00029970831948307887,-0.004484381486584039,2653.9671630859375,2729.374267578125,1042.6023559570312,335.96697998046875,124.88688004315273,28.377799224854762,2.249999999999996,24.863734775119358,-0.007451868926485379,0.2294127643108368,0.03556296686361785,0.011075864089942853,0.0032044743289960384,91,0.23821809887886047,55.24993814431255,0.5659722710509903
0.8931036040186883,-0.5829946249723434,-0.17435169219970703,-0.00042547112804060136,-0.0055799456217991905,2603.44775390625,2682.8201904296875,1192.4859619140625,409.7831497192383,150.9519389420791,36.776973724366776,2.274999999999996,24.93208779229058,-0.010607884162002139,0.25096404552459717,0.0415675795286627,0.012592987900366132,0.0038801856567993688,92,0.2932754158973694,55.850362499948126,0.7291889597042416
1.0261911273002626,-0.6598375886678696,-0.20883931778371334,-0.0005809380330675744,-0.006871071605553475,2555.2901611328125,2645.4154052734375,1349.2757873535156,493.1294174194336,180.76408798993128,47.021552467348066,2.299999999999996,24.99897638956706,-0.014522857964038849,0.2717154622077942,0.048104657964155265,0.014192643437075023,0.004635208470593646,93,0.3573187291622162,56.441558473366136,0.9282836036684156
1.166606140136719,-0.7420313358306885,-0.24785242672078311,-0.0007717372705264267,-0.008395344339027937,2556.0328369140625,2661.2864990234375,1510.3623352050781,584.7319183349609,214.4959826737699,59.349787902834315,2.3249999999999957,25.065299140082466,-0.019343828575478658,0.29118162393569946,0.05514464940437407,0.015873057513320292,0.00546633475357749,94,0.4310934543609619,57.01912363640887,1.1681142239386602
1.3110844761133196,-0.8319440186023712,-0.29150320775806904,-0.0010041550319130597,-0.010219770411665191,2593.4150390625,2717.9837646484375,1668.21826171875,686.0244884490967,252.25504105389757,73.96808586120879,2.3499999999999956,25.132293701171875,-0.02523672663503223,0.3063485622406006,0.06262670061841082,0.017663167819044305,0.0063694927821155226,95,0.5152843594551086,57.57739251250377,1.4533531439157645
1.459720179438591,-0.9285506904125214,-0.3396035172045231,-0.001284777569476078,-0.012200418450114063,2651.005859375,2804.9737548828125,1822.4697265625,797.7514572143555,293.960497596867,91.1186980724367,2.3749999999999956,25.20080778333876,-0.03237745207217005,0.31558892130851746,0.07040852806383881,0.01953385955368923,0.00734019679424664,96,0.6104193329811096,58.10926330415286,1.7881236766212592
1.6062387198209764,-1.0327647924423218,-0.3918531462550163,-0.0016171924784944955,-0.014454881060515113,2712.6650390625,2906.100830078125,1964.033935546875,917.6700134277344,339.5222407609301,111.06248450279612,2.3999999999999955,25.27133517795139,-0.04086864905224906,0.3190898299217224,0.07836370649028493,0.02148723619839731,0.008374538393011693,97,0.7168245315551758,58.606102045644406,2.1755131527146885
1.7474028736352922,-1.1434036493301392,-0.44806092977523804,-0.002009590149654769,-0.016920158878628456,2781.9736328125,3013.8414306640625,2089.3794555664062,1043.3806610107422,388.6230891496026,134.0042348384901,2.4249999999999954,25.34406238132053,-0.05093124591641956,0.31547823548316956,0.08629361817588894,0.02348373784756191,0.009467153805527692,98,0.8346043825149536,59.05778136653033,2.6169986577938524
1.8804032891988756,-1.259151041507721,-0.5080865621566772,-0.0024656492042497325,-0.01961064857880003,2838.5858154296875,3114.5322265625,2196.8008422851562,1172.0028381347656,440.8575755387633,160.0887513637593,2.4499999999999953,25.418902503119575,-0.0626742218931516,0.3058854639530182,0.09410638406304309,0.02548778217230605,0.010609829884604726,99,0.96363765001297,59.452899120665954,3.1118314138734
2.0055824100971225,-1.3802920579910278,-0.5712247788906097,-0.0029902277006370174,-0.022224586961794038,2887.1082763671875,3213.4825439453125,2284.2611694335938,1306.2500610351562,495.77759659589265,189.3888223171291,2.474999999999995,25.495656331380207,-0.0762380494011773,0.2850242257118225,0.10150368017538805,0.02748112287812213,0.011791453654326867,100,1.1035597324371338,59.77922060424529,3.656439989329801
2.1238327801227572,-1.505264163017273,-0.6363028734922409,-0.0035755681418444666,-0.024533799378839535,2915.8775634765625,3299.7274169921875,2356.3861083984375,1443.5815124511719,552.8841258317328,222.04507384300868,2.499999999999995,25.574016571044922,-0.0914420270257526,0.25745508074760437,0.10830009224440548,0.029435170514589236,0.012999391744273054,101,1.2536309957504272,60.02440317943923,4.243921878391037
2.2368242681026462,-1.6326609253883362,-0.7021771222352982,-0.004213089375512005,-0.02635816043289549,2929.7198486328125,3365.9339599609375,2422.885986328125,1577.4263305664062,611.7937785416941,258.1346116542886,2.524999999999995,25.653561486138237,-0.1080813921160168,0.2290937304496765,0.11437747578623675,0.03132771785522692,0.014221198037536367,102,1.4128893613815308,60.17694774045163,4.863763743686154
2.3388486534357074,-1.7608906030654907,-0.7683999836444855,-0.004893235490708698,-0.027929494135664094,2933.4029541015625,3404.290771484375,2478.3204956054688,1702.7736511230469,672.3659281998976,297.5702699184494,2.549999999999995,25.73368920220269,-0.12592200603750017,0.19994935393333435,0.11973780320456417,0.033141650969139534,0.015444421215723389,103,1.5803143978118896,60.22722004226266,5.5019027541719225
2.439010846614838,-1.887975811958313,-0.8341529965400696,-0.005604375963611464,-0.02888352166191454,2926.9051513671875,3432.84033203125,2534.8984375,1824.21630859375,734.3239405900346,340.13961119652623,2.574999999999995,25.81406699286567,-0.14467325475480822,0.17170350253582,0.12438204821766133,0.03485618679685144,0.01665590359857344,104,1.7548871040344238,60.168443513533866,6.141128929240479
2.531722664833069,-2.0111547112464905,-0.8989275693893433,-0.006335258158391744,-0.029483498565995768,2911.744140625,3446.4078369140625,2588.7752685546875,1935.4693908691406,797.6964015275348,385.7450189113706,2.5999999999999948,25.894381205240887,-0.16404978103107876,0.14574910700321198,0.12834997514955446,0.036437099557165925,0.017844448466237887,105,1.9356175661087036,59.99758712672049,6.761792812380932
2.622949928045273,-2.128427803516388,-0.9619499742984772,-0.0070739139747523425,-0.02952997280761225,2891.5238037109375,3445.708984375,2644.10888671875,2043.2489013671875,862.4157832414023,434.1317536830997,2.6249999999999947,25.974339379204643,-0.18374330467647976,0.12163587659597397,0.13168455243995628,0.037867126556673306,0.01899982761565514,106,2.12158203125,59.71605358553041,7.342767679810951
2.7072199642658235,-2.2373684644699097,-1.0227591693401337,-0.0078097823144954144,-0.029309121851839023,2868.0758056640625,3433.2945556640625,2696.36083984375,2142.078369140625,928.5185054093713,485.2129762172799,2.6499999999999946,26.05367872450087,-0.20347770717408922,0.10047118365764618,0.1344606398826333,0.03912024891958297,0.020114853632773884,107,2.311933755874634,59.330094497830004,7.8625983323443265
2.7836670994758608,-2.336452603340149,-1.0813265442848206,-0.008537808893184964,-0.02891148277276577,2845.5404052734375,3417.031005859375,2745.0189819335938,2230.7797241210938,995.9275264054653,538.764935445796,2.6749999999999945,26.13231658935547,-0.2231181495719486,0.08129820972681046,0.13672814678088924,0.04017798576434599,0.021183172381680763,108,2.5059213638305664,58.85090754525194,8.300747841207443
2.851587462425232,-2.423810601234436,-1.1375482678413391,-0.00925450663426867,-0.028407556518468536,2824.0198974609375,3398.03173828125,2787.867919921875,2310.31396484375,1064.5530009538054,594.5344285488238,2.6999999999999944,26.210227542453342,-0.24256964524586996,0.06347547471523285,0.138544089749187,0.041014665674470215,0.02219838187278658,109,2.7028636932373047,58.294402727033535,8.63885003864545
2.9111957192420963,-2.4984798431396484,-1.1912005245685577,-0.009957143196885947,-0.027787358315454123,2804.58984375,3377.4139404296875,2824.4424438476562,2381.5099487304688,1134.2496989518525,652.292277669918,2.7249999999999943,26.28740946451823,-0.26175616516007316,0.04666007682681084,0.13991768998280102,0.04161705606828933,0.02315444630115202,110,2.9021244049072266,57.680651852814506,8.861883926624753
2.9627906501293184,-2.5594130754470825,-1.2422244548797607,-0.010643153728041643,-0.02708100268998644,2789.3323974609375,3358.5472412109375,2854.420654296875,2445.1353759765625,1204.860760048044,711.8300263881802,2.7499999999999942,26.363936530219185,-0.2806060181723701,0.03102087788283825,0.1408898103597072,0.04197318936565478,0.024046530364922904,111,3.1030986309051514,57.03304184922713,8.959187625698542
3.0059639513492584,-2.605908989906311,-1.2904756665229797,-0.011310732271621549,-0.02631857087881578,2778.571533203125,3340.9693603515625,2876.5411376953125,2501.6981201171875,1276.2212764054661,772.9584107875945,2.774999999999994,26.439893510606552,-0.29906729857126874,0.01574644260108471,0.14147798613120802,0.04207484305670094,0.024871350885817874,112,3.305222988128662,56.37717878104321,8.925224949020125
3.039656311273575,-2.6371947526931763,-1.335776150226593,-0.011958574294810445,-0.02552747679641314,2772.432861328125,3327.7659912109375,2889.7039184570312,2550.3782348632812,1348.134804847849,835.5008637905245,2.799999999999994,26.515413920084637,-0.3171016441451179,0.0001851948763942346,0.14167639163241894,0.041910197283495994,0.025626904251235566,113,3.5079407691955566,55.739617242772404,8.760049986048102
3.064299106597901,-2.652966260910034,-1.3781547546386719,-0.012586315693553049,-0.02469028506001691,2770.97509765625,3318.4937744140625,2894.3494873046875,2591.5267333984375,1420.3774028092748,899.2603196621068,2.824999999999994,26.590635511610245,-0.33469584253099227,-0.01547568291425705,0.1414865415362099,0.041474135863914546,0.02631161753165715,114,3.710688829421997,55.1464986872227,8.46943802159861
3.0819572210311894,-2.653337001800537,-1.4173017144203186,-0.013191472237895019,-0.023711571278818188,2773.9945068359375,3313.032958984375,2891.3095703125,2628.1005859375,1492.736139991892,964.0484879970679,2.849999999999994,26.66569815741645,-0.3517802225218879,-0.03223825618624687,0.14089292292923122,0.04077110710921486,0.02692440465670058,115,3.9128975868225098,54.622191621155395,8.064654944136091
3.0932346403598787,-2.638342499732971,-1.45278400182724,-0.01376967988065945,-0.02253497422565357,2781.1708984375,3310.971923828125,2880.95263671875,2660.8571166992188,1565.0188792497045,1029.7510026455057,2.874999999999994,26.740733252631294,-0.36823461453119916,-0.050314560532569885,0.13986311182521122,0.03980569040811512,0.027465581876745297,116,4.113960266113281,54.18802829983467,7.561879889436348
3.098305141925812,-2.6078306436538696,-1.484212577342987,-0.014315498907260393,-0.021122181831528745,2792.1195068359375,3311.67236328125,2863.6508178710938,2689.77490234375,1637.0426951676732,1096.2724305629863,2.8999999999999937,26.815855238172745,-0.38390858305825126,-0.0695984736084938,0.13836546654144835,0.03857972812713506,0.027936705476553324,117,4.313224792480469,53.861226215398716,6.981318812212118
3.0966438889503483,-2.562051773071289,-1.5111241936683655,-0.014822773878568942,-0.019463741955168534,2806.30029296875,3313.6748046875,2838.9351196289062,2714.3920288085938,1708.6339656144503,1163.5168031215803,2.9249999999999936,26.891167958577473,-0.39863093031777275,-0.0899873599410057,0.1363712582276834,0.03710214185592645,0.028339980886402376,118,4.509995460510254,53.65408024988129,6.346060139276798
3.088208824396134,-2.5016473531723022,-1.5331079959869385,-0.015285256768996423,-0.01753633321168333,2823.3583984375,3317.15771484375,2807.5050659179688,2733.9409790039062,1779.6073436051727,1231.3766038417953,2.9499999999999935,26.966751946343315,-0.4122258226076762,-0.11111505329608917,0.13385669320405216,0.03538884294170521,0.02867743460543444,119,4.703540325164795,53.573494790438524,5.680757761595359
3.0733807981014256,-2.4271222352981567,-1.549800455570221,-0.015695720633194087,-0.015310978119759004,2842.8404541015625,3321.5118408203125,2770.3776245117188,2748.11376953125,1849.7949702531216,1299.725128316893,2.9749999999999934,27.042681376139324,-0.42448921336068046,-0.13257457315921783,0.13080773994056133,0.03345520593828004,0.028950604193060114,120,4.893099784851074,53.620894128132306,5.010249448425946
3.053015261888504,-2.338540196418762,-1.560727059841156,-0.01604635387873014,-0.012744179768654,2864.4119873046875,3325.9176025390625,2728.1194458007812,2757.940673828125,1919.0544108659144,1368.4279725551744,2.9999999999999933,27.11901346842448,-0.43519864479700726,-0.1546267420053482,0.12721539362377504,0.03130958963446297,0.029160663104634717,121,5.077902793884277,53.792512267969805,4.358228112418849
3.0256998002529145,-2.2366440296173096,-1.5653324723243713,-0.016328641672197435,-0.009868251873126146,2887.708984375,3330.25732421875,2677.4853515625,2764.0679321289062,1987.2573970109336,1437.3764894008775,3.0249999999999932,27.195799085828995,-0.4441099365552266,-0.17869387567043304,0.12305333889317195,0.028972185160565465,0.02930878271491896,122,5.25715446472168,54.08001468770813,3.7460729655300837
2.9915535748004913,-2.1228981614112854,-1.5630255937576294,-0.016534649666082674,-0.00661617900120577,2912.152587890625,3334.0411376953125,2618.8092041015625,2766.3507690429688,2054.194530799996,1506.4781877041003,3.049999999999993,27.273074256049263,-0.45099182261361015,-0.20452351868152618,0.11826054774789722,0.026472427728714002,0.029395397868184583,123,5.429993629455566,54.47136502591776,3.191911007318768
2.9517649888992312,-1.9978556632995605,-1.5530996918678284,-0.01665358373559263,-0.002914344254326572,2937.6630859375,3337.158203125,2554.734130859375,2764.3018188476562,2119.6647609025345,1575.6369569301744,3.074999999999993,27.35086652967665,-0.4555320408609178,-0.23099417984485626,0.11281611437339373,0.023830887137437543,0.02942036916459328,124,5.595498085021973,54.95186274203824,2.7099529698593203
2.9025302171707157,-1.8622251749038696,-1.534956693649292,-0.016675579781721003,0.0011349063586115927,2964.321044921875,3339.544189453125,2478.8477172851562,2757.3377075195312,2183.5331141740185,1644.7445024013657,3.099999999999993,27.429194980197483,-0.4574401179949443,-0.26037001609802246,0.10667853506854827,0.021066592504962546,0.029383590493820364,125,5.752711772918701,55.50528026843834,2.310138489894553
2.8430548489093783,-1.7179869413375854,-1.5079123377799988,-0.01659146134197733,0.005562463425659041,2991.644287109375,3340.019287109375,2391.6428833007812,2743.4442138671875,2245.504307106147,1713.677945089354,3.124999999999993,27.508082919650608,-0.45644117726220024,-0.2917434573173523,0.09978074810816129,0.018219080850355028,0.02928346187861719,126,5.900591850280762,56.11499189794743,1.9980744953573621
2.7694702208042146,-1.5666567087173462,-1.47152841091156,-0.01639323061071296,0.010285351793805693,3020.9991455078125,3338.9442138671875,2289.2811279296875,2719.27294921875,2305.2953791886657,1782.2640504360334,3.149999999999993,27.587532467312283,-0.45228928327560425,-0.3247964382171631,0.09207257787282001,0.015318127562958835,0.029116207039781808,127,6.038012981414795,56.765011824718165,1.7752260570108234
2.6843967199325562,-1.4093694686889648,-1.425156593322754,-0.016070952748705146,0.015424582746196899,3051.26806640625,3337.0452880859375,2174.7898559570312,2686.5536499023438,2362.527407386907,1850.2458741665018,3.1749999999999927,27.667569054497612,-0.44468250539567733,-0.35923337936401367,0.08353464154321569,0.012393464079556856,0.02887571943215845,128,6.163800239562988,57.440892209757244,1.6393300901196786
2.582660746574402,-1.2481786906719208,-1.368090271949768,-0.015616686126359481,0.020877936670054855,3080.3299560546875,3334.68505859375,2041.6208190917969,2642.2946166992188,2416.8971537858315,1917.4097154140602,3.1999999999999926,27.748177846272785,-0.43336984184053207,-0.3966497778892517,0.07408121862176142,0.009482380897194005,0.02855492503410159,129,6.276708602905273,58.13042295581902,1.5849569985509866
2.4636977434158327,-1.084849327802658,-1.2997520864009857,-0.015021463380942967,0.026663138150790796,3110.08349609375,3331.05908203125,1889.2818908691406,2585.7885131835938,2467.9376742631252,1983.4670808315402,3.2249999999999925,27.829375796847874,-0.4180693957540724,-0.43571770191192627,0.06368189081538145,0.006623752170499939,0.028144871047040446,130,6.375403881072998,58.82410312646577,1.6041242504385396
2.3246262192726137,-0.9211269319057465,-1.2197751998901367,-0.01427781413753847,0.03269422222095211,3139.7525634765625,3323.7896728515625,1720.204833984375,2509.2392578125,2515.1697215348527,2048.1117936611295,3.2499999999999925,27.911109924316406,-0.3985367218653361,-0.47265592217445374,0.052325564393659894,0.0038546758114817586,0.027635314703751215,131,6.458507537841797,59.51538291233785,1.6869047085031998
2.156697726249695,-0.760166198015213,-1.1283046901226044,-0.013385634366415908,0.03862534412347838,3163.4217529296875,3319.61669921875,1522.6641235351562,2408.1591186523438,2558.1748423844606,2110.8427751064414,3.2749999999999924,27.993312411838108,-0.3747306267420451,-0.5094399452209473,0.040042278981455036,0.0012276285771816347,0.02701351444289355,132,6.5246806144714355,60.20067496252935,1.82199044661383
1.966017544269562,-0.6033797115087509,-1.025411456823349,-0.012342687428378539,0.044628034319111325,3185.525146484375,3309.47265625,1307.6537170410156,2282.5736083984375,2596.2414454728378,2171.046753072749,3.2999999999999923,28.075976901584202,-0.3465506103303697,-0.5404218435287476,0.026898253663152762,-0.0012251914206801568,0.026262991955222584,133,6.572625637054443,60.87914544654576,1.9971413595397525
1.7445700109004976,-0.45267079025506973,-0.9119932651519775,-0.011154517067742386,0.05022468399466965,3200.2545166015625,3299.412109375,1072.3235168457031,2120.50390625,2628.9327883988612,2228.1110932827087,3.324999999999992,28.158868153889973,-0.3141116102536519,-0.5624943375587463,0.013089994357092691,-0.0034652023510154868,0.02536675710522146,134,6.601241111755371,61.552293295956204,2.1995000003616667
1.4946365743875505,-0.3114255671389401,-0.7895128577947617,-0.009833498661197912,0.055291718314384494,3196.986328125,3296.3154296875,816.270133972168,1926.1903076171875,2655.740876320002,2281.123690938957,3.349999999999992,28.241888682047527,-0.2777255243725247,-0.5762849450111389,-0.0011726047822355878,-0.0054400889141742,0.02430529183493233,135,6.609730243682861,62.223335345828566,2.4157958476222667
1.2203528434038162,-0.17791518196463585,-0.6593175530433655,-0.008393194564655808,0.059646049114502095,3189.9593505859375,3279.3968505859375,553.0351219177246,1693.693115234375,2676.147629669304,2329.278448629385,3.374999999999992,28.324743906656902,-0.2377406590514713,-0.5702111721038818,-0.01553933482055759,-0.007166138216008202,0.023059494205317686,136,6.597660064697266,62.89643254263957,2.6324385326159963
0.9251488029956818,-0.04963870346546173,-0.524181641638279,-0.006857402099020803,0.06298832460492995,3177.344482421875,3269.649658203125,284.8945770263672,1427.2138671875,2689.973507717245,2371.620776510242,3.399999999999992,28.407374487982857,-0.1948038571410709,-0.5520978569984436,-0.02958573898471959,-0.008690569009653806,0.02161297537270053,137,6.565212249755859,63.575788971409295,2.835613484643842
0.6111651636660099,0.07345038652420044,-0.3859673645347357,-0.005252777842328907,0.06510055256687745,3151.354248046875,3257.5369873046875,13.89886474609375,1128.490478515625,2697.095872142902,2407.3011231899272,3.424999999999992,28.489579094780815,-0.14965080552630955,-0.5178140997886658,-0.04300584048130601,-0.010021589614671263,0.01995338700812022,138,6.513055324554443,64.26470891446323,3.011418681221289
0.2847112659364939,0.19529276713728905,-0.24797836691141129,-0.0036138505623657053,0.06576003031537593,3120.1588134765625,3236.7333984375,-254.77880859375,804.1588287353516,2697.443343761552,2435.5133851528153,3.4499999999999917,28.57112036810981,-0.10325220723946889,-0.4682124853134155,-0.05534968367998575,-0.01123630524153224,0.01807295184895589,139,6.442410469055176,64.96471350052205,3.146090688199945
-0.04507865021005273,0.31687144050374627,-0.11248499155044556,-0.001975914945804502,0.06508660009947896,3086.783447265625,3220.9307861328125,-521.832649230957,471.8443145751953,2691.073873546706,2455.617355871196,3.4749999999999917,28.651856316460503,-0.05661370439661874,-0.4161240756511688,-0.06641057815184424,-0.012374614152540465,0.015969519600686755,140,6.355011940002441,65.67481502047809,3.2264385195785263
-0.373505774140358,0.43869369477033615,0.01879185438156128,-0.0003706243461821459,0.06317631881075432,3046.3597412109375,3206.04638671875,-782.5805358886719,135.43511962890625,2678.0280573159303,2467.4134637355733,3.4999999999999916,28.7317509121365,-0.010648687473601766,-0.35943540930747986,-0.07611547422041845,-0.013468367650303553,0.013649264427793135,141,6.25274133682251,66.39106696505557,3.2403699238921715
-0.6927305161952972,0.5619055926799774,0.14422621577978134,0.0011731180389163759,0.06022841170468597,3005.6080322265625,3181.5335693359375,-1033.6786804199219,-193.84774780273438,2658.4635439187114,2470.7993417262933,3.5249999999999915,28.810685475667317,0.03379835022820367,-0.3029678463935852,-0.08439002391821393,-0.01455866371998739,0.011126764016351317,142,6.137609481811523,67.10642893317805,3.1774809558083144
-0.9982268482446671,0.6863138526678085,0.26290183886885643,0.00263236594930627,0.05646425404688674,2971.2279052734375,3162.11669921875,-1275.2304382324219,-507.51222229003906,2632.621576908211,2465.953148031222,3.5499999999999914,28.888573116726345,0.07604547672801548,-0.25064536929130554,-0.09129832204252832,-0.01566502250014442,0.008425591503197702,143,6.011626243591309,67.81094344858434,3.0297118289015175
-1.2838370651006699,0.8103300631046295,0.37447161599993706,0.00399065248650369,0.05224948121026769,2939.4088134765625,3146.165283203125,-1505.0355529785156,-796.5550765991211,2600.7408159523984,2453.2653424739688,3.5749999999999913,28.965577019585503,0.1155921651257409,-0.20638422667980194,-0.09700088230568774,-0.01677964280131585,0.005578097533644298,144,5.876640796661377,68.49220217808266,2.791917517051792
-1.54572711288929,0.9357144236564636,0.47918255627155304,0.005241878647508298,0.04789403521144362,2897.1090087890625,3132.5404052734375,-1713.3155822753906,-1063.7787246704102,2563.1149271279337,2433.3514655589884,3.599999999999991,29.041642083062065,0.15223415361510384,-0.16813932359218597,-0.10167205853530831,-0.017944021042533776,0.0026253137739040643,145,5.734239101409912,69.13600855529246,2.462271963145935
-1.7864471375942232,1.0582464337348938,0.5770691782236099,0.006382230702415317,0.043421580733413394,2870.093505859375,3119.952880859375,-1905.4118041992188,-1308.3702087402344,2520.282037571047,2406.756997442226,3.624999999999991,29.116827646891277,0.18583282828330994,-0.13336044549942017,-0.10543740213203047,-0.019093309771403423,-0.0003843168042740174,146,5.585797309875488,69.72716068896938,2.042514125562061
-1.9986697226762773,1.1780889928340912,0.6683104783296585,0.007412615530396731,0.039191003700200414,2840.272216796875,3114.1502685546875,-2076.084716796875,-1522.4252014160156,2472.646742466065,2374.047742223718,3.649999999999991,29.191309611002605,0.2163879076639811,-0.10510443896055222,-0.10841588149517509,-0.020233469371309792,-0.0033987625935646523,147,5.432532787322998,70.25031270358963,1.5380439130617678
-2.18470596075058,1.2956200242042542,0.753295287489891,0.008341614543886938,0.035211508662322255,2817.1475830078125,3112.9818115234375,-2223.1190795898438,-1712.2245788574219,2420.744624546142,2335.987112188316,3.674999999999991,29.265147315131294,0.24412425027953255,-0.07834460586309433,-0.11069700380450405,-0.021365651451364882,-0.006362478577564796,148,5.275485038757324,70.69084378779839,0.957828888160141
-2.3516613006591798,1.4101884961128235,0.8320194780826569,0.009172017300098067,0.031318972075819,2798.0863037109375,3118.1214599609375,-2356.275634765625,-1881.0219116210938,2365.1666475563948,2293.181497716879,3.699999999999991,29.338527255588108,0.26910101373990375,-0.05657446011900902,-0.11237485354790282,-0.022485152307323075,-0.009220298538126063,149,5.115598201751709,71.03568768298014,0.3141205917855391
-2.491710358858109,1.5223687887191772,0.9044215083122253,0.009909777420482666,0.02787961604127935,2781.5897216796875,3120.42041015625,-2467.7501220703125,-2022.2598266601562,2306.2597566872532,2246.1559499263503,3.7249999999999908,29.411521487765842,0.2914711833000183,-0.04063042253255844,-0.11356133342542515,-0.023605695021028026,-0.011923916790233887,150,4.953662872314453,71.2740596321435,-0.37800610119607136
-2.613308644294739,1.6333114504814148,0.9712964594364166,0.010566870807567685,0.024784417401578204,2770.5389404296875,3127.8441162109375,-2567.7525024414062,-2141.1246948242188,2244.5660036354943,2195.5994542598455,3.7499999999999907,29.48418723212348,0.31156718730926514,-0.02986185997724533,-0.11443619016589458,-0.024748180725699013,-0.01443106657470492,151,4.790252685546875,71.39799293426394,-1.1012632740433217
-2.7170285999774935,1.743496596813202,1.0324048697948456,0.011150608670783234,0.02205153558639853,2758.783203125,3140.9273681640625,-2650.8564453125,-2244.1878051757812,2180.3721910744584,2142.071336889239,3.7749999999999906,29.55664740668403,0.32958828740649754,-0.019204743206501007,-0.11504931642785808,-0.025925942911840538,-0.016710051073080715,152,4.625771999359131,71.40268665071687,-1.8368254485222364
-2.8050481379032135,1.854128658771515,1.087780624628067,0.01167044419170179,0.019617668504985912,2749.5108642578125,3157.1512451171875,-2720.7281494140625,-2331.624755859375,2114.100779941645,2085.9666417598437,3.7999999999999905,29.62899949815538,0.3457992937829759,-0.010293739847838879,-0.11541321242368219,-0.027157587296677634,-0.01874201281618945,153,4.460597038269043,71.2867438709807,-2.5650158357879014
-2.87902062535286,1.9661841988563538,1.137573480606079,0.01213279912556127,0.01752256591720438,2737.99169921875,3171.4241943359375,-2784.0617065429688,-2399.8021850585938,2046.082576206293,2027.6760228633586,3.8249999999999904,29.701256222195095,0.36037706666522556,-0.00849437341094017,-0.11564542342598029,-0.02846994938938205,-0.020521168791335913,154,4.295027256011963,71.05228348930166,-3.265999605423434
-2.935076814889908,2.080823540687561,1.1825540959835052,0.012551122435866572,0.016017767549201124,2729.29345703125,3186.59619140625,-2831.0424194335938,-2451.3001708984375,1976.4810335427183,1967.6809682368932,3.8499999999999903,29.773404863145615,0.3737092680401272,-0.007006632164120674,-0.11583753720911588,-0.029878177999248207,-0.022054080153596316,155,4.1291632652282715,70.70484824843072,-3.9204397704947263
-2.981038731336594,2.199474036693573,1.223102331161499,0.012936296672681494,0.01485482959959617,2718.834228515625,3203.6163330078125,-2870.5082397460938,-2491.6670532226562,1905.704973056878,1906.3984639644318,3.8749999999999902,29.8454835679796,0.3861115376154582,-0.0072819022461771965,-0.11602030496130097,-0.03140482989264963,-0.023355664766264318,156,3.9630484580993652,70.25320322602136,-4.5100823946802375
-3.0196692883968357,2.32270610332489,1.2596395611763,0.013295903522734354,0.013938237171715448,2707.8330078125,3221.3447265625,-2903.4879760742188,-2524.8779296875,1833.9422670632255,1844.106787633865,3.89999999999999,29.91749445597331,0.39780355162090725,-0.007876846008002758,-0.11620953087912951,-0.03305710704779983,-0.024449662213744446,157,3.7966806888580322,69.7090932938915,-5.018283454433094
-3.0529869318008425,2.4520881175994873,1.2925715744495392,0.013635490891530383,0.013269660983024064,2696.8150634765625,3238.70751953125,-2933.3932495117188,-2551.1226806640625,1761.3550676613697,1780.9848393916773,3.92499999999999,29.989437527126736,0.40894604391521877,-0.010734445415437222,-0.11644790044144841,-0.03486250868354848,-0.025366534481599087,158,3.63002347946167,69.08693160098571,-5.430476678178594
-3.0802317142486575,2.588598608970642,1.322663128376007,0.01396226699906691,0.012893978418781753,2684.4051513671875,3253.4608154296875,-2958.9046020507812,-2570.3609008789062,1688.0202364235765,1717.2067723750756,3.94999999999999,30.06127887301975,0.4197508758968777,-0.015192961320281029,-0.1167647500321406,-0.036831260922362566,-0.026139273558426195,159,3.462979555130005,68.4034268183296,-5.734570346325795
-3.105438190698624,2.732387661933899,1.3507820963859558,0.01428245074260819,0.012743829188463627,2671.791015625,3267.50341796875,-2984.2910766601562,-2585.685791015625,1614.0476213723068,1652.9477498531028,3.97499999999999,30.13297610812717,0.4304019941223992,-0.02144257165491581,-0.11723003756409106,-0.038961045981855874,-0.02679883661130334,160,3.2953829765319824,67.6771655864375,-5.921262032725895
-3.131491941213608,2.8841044902801514,1.377578854560852,0.014600909673224725,0.0127274028940838,2658.5789794921875,3280.90771484375,-3011.0914306640625,-2600.859619140625,1539.4403444558027,1588.305605077712,3.99999999999999,30.204508039686417,0.441044635242886,-0.028305063024163246,-0.11785209373808472,-0.04125477461387608,-0.02737267500540436,161,3.127009153366089,66.92817645802783,-5.9842840623699525
-3.156787496805191,3.0442625284194946,1.4036809206008911,0.014921404465658948,0.012911397156786552,2644.095458984375,3292.94873046875,-3036.91015625,-2615.3671875,1464.1630586892009,1523.2841145991963,4.02499999999999,30.275836520724827,0.45179155137803817,-0.035159796476364136,-0.11864508324216945,-0.04371516511527021,-0.02788410180324045,162,2.9576187133789062,66.1774852887321,-5.920610258810513
-3.183677423000336,3.2129580974578857,1.4296972751617432,0.015247868484005231,0.013223833806328685,2628.92626953125,3303.6217041015625,-3064.0694580078125,-2631.195068359375,1388.2403047829505,1457.8999349116962,4.04999999999999,30.34691916571723,0.46276172002156574,-0.04206777736544609,-0.11961552249863751,-0.046337053450237024,-0.028351263950926985,163,2.786961317062378,65.44664996118475,-5.730631886188205
-3.2110270559787755,3.3893814086914062,1.4559848308563232,0.015584121699952158,0.013677978713890154,2612.8236083984375,3312.8455810546875,-3090.4055786132812,-2648.51220703125,1311.6385683327549,1392.1200582027116,4.07499999999999,30.417713589138454,0.4740717344813877,-0.048060398548841476,-0.12074268878525674,-0.04909797127767358,-0.028787493898671166,164,2.614792823791504,64.757258675092,-5.41829257533927
-3.2377645254135135,3.573346734046936,1.4830040335655212,0.01593370320491709,0.01428763766495004,2596.0947265625,3319.9144287109375,-3114.2092895507812,-2667.0779418945312,1234.3784288674226,1325.9072530269302,4.099999999999991,30.48817316691081,0.4858306381437514,-0.05276869237422943,-0.12200198115145751,-0.05198740951424709,-0.02920170491374636,165,2.4409050941467285,64.13037855531623,-4.991180256978558
-3.263118785619736,3.764464497566223,1.5110308527946472,0.016300365351264057,0.015059758805180467,2578.821533203125,3325.059326171875,-3135.8109741210938,-2685.1931762695312,1156.5231966286528,1259.2303044795667,4.124999999999991,30.558251274956596,0.49815475940704346,-0.056946367025375366,-0.12337762036778113,-0.05499231450942694,-0.029599121369197238,166,2.2651216983795166,63.585948393497354,-4.4605489835130445
-3.2867428660392766,3.961365580558777,1.5404359698295593,0.01668816425816893,0.015978106214607657,2561.8624267578125,3329.2620849609375,-3154.637939453125,-2702.82177734375,1078.1279222756252,1192.1004750728282,4.1499999999999915,30.627918243408203,0.5111711886194017,-0.06018417328596115,-0.1248433576527335,-0.05808225964775898,-0.02998186339092286,167,2.0872933864593506,63.14212662475002,-3.8412361437690667
-3.3084361195564274,4.162314057350159,1.571310579776764,0.0171008137869956,0.017024968831685285,2545.2491455078125,3332.0897216796875,-3170.2843627929688,-2720.0943603515625,999.2619737892969,1124.5299306392344,4.174999999999992,30.697154998779297,0.5249975124994913,-0.06220574676990509,-0.12637529113553114,-0.06122081371776878,-0.030349801982057924,168,1.907306432723999,62.81461045772348,-3.1514575162983087
-3.328960245847702,4.366116762161255,1.6037653088569641,0.017540610914184268,0.018138896294854375,2529.2822265625,3334.3941650390625,-3182.7169799804688,-2738.4608764648438,920.0048647194726,1056.5275716304452,4.199999999999992,30.765955183241104,0.5397089984681871,-0.0624949187040329,-0.1279363362979947,-0.06438327173915664,-0.03070173039773349,169,1.7250906229019165,62.615946787911305,-2.412462473501534
-3.348075169324875,4.5711424350738525,1.63773912191391,0.018008736377171354,0.019290711385719042,2514.153564453125,3335.9620361328125,-3192.4638061523438,-2757.0079956054688,840.4369402199608,988.0660497188239,4.2249999999999925,30.834312438964844,0.5553470717536079,-0.06160655990242958,-0.12949119793330224,-0.0675388180252779,-0.031036523036270077,170,1.5406306982040405,62.55486434903251,-1.6480305605554888
-3.3662566602230073,4.775382041931152,1.6730366945266724,0.01850556780387705,0.020431757318925704,2500.20849609375,3336.6346435546875,-3199.7589111328125,-2776.4234619140625,760.6253450661521,919.1408498286871,4.249999999999993,30.902233123779297,0.5719286203384399,-0.05945786088705063,-0.13100665310685503,-0.07065089444838743,-0.03135339551350287,171,1.353959560394287,62.63567334172631,-0.8837971653282004
-3.383288592100144,4.976980209350586,1.709652602672577,0.01903061833516458,0.021541598494297202,2487.520751953125,3336.831787109375,-3204.8070678710938,-2796.1535034179688,680.6313722878318,849.7302632808354,4.274999999999993,30.96972147623698,0.5894441074795194,-0.05628037452697754,-0.13245578724688642,-0.07368639250658957,-0.03165204406262004,172,1.1651536226272583,62.857787732490074,-0.14641298792605006
-3.399341529607773,5.174384593963623,1.747322916984558,0.019582643775462167,0.0225866291478281,2476.165771484375,3337.132080078125,-3207.875,-2816.2860717773438,600.5111955910545,779.8264256953861,4.299999999999994,31.03679656982422,0.6078602208031548,-0.05206698924303055,-0.1338110116689789,-0.07661848293249636,-0.031932583116324666,173,0.9743278622627258,63.21541968994091,0.5374376305610349
-3.413267081975937,5.365972518920898,1.7859659790992737,0.020160116968332222,0.023589303056459128,2466.06494140625,3337.3187255859375,-3209.2241821289062,-2834.503173828125,520.3143205910545,709.4192739009524,4.324999999999994,31.103479597303604,0.627134707238939,-0.04786677286028862,-0.1350586693501674,-0.07941969147439339,-0.03219539134283425,174,0.7816307544708252,63.69749006386684,1.1421193600431434
-3.4259247899055483,5.550047159194946,1.8255687952041626,0.020761958085176505,0.0245238915873466,2457.3656005859375,3337.7513427734375,-3209.1879272460938,-2852.0750732421875,440.0837160378319,638.5566945552491,4.349999999999994,31.169798109266495,0.6472390227847629,-0.04329109936952591,-0.13620007522624014,-0.08206119773585892,-0.03244048538690561,175,0.5872146487236023,64.28779334183477,1.6441675620582794
-3.437951642274857,5.7255859375,1.865897536277771,0.021385853504798005,0.025350963311600527,2449.9130859375,3338.4437255859375,-3207.91943359375,-2870.0473022460938,359.85401785667955,567.2548177241944,4.374999999999995,31.235777537027996,0.6681056155098809,-0.03792840987443924,-0.13721667039335064,-0.0845265275688373,-0.03266786524853873,176,0.3912449777126312,64.96542493607046,2.0233841860467323
-3.448939335346222,5.891218185424805,1.906723141670227,0.02202900482745754,0.026070310169760753,2443.7279052734375,3338.646728515625,-3205.5674438476562,-2887.551513671875,279.6560320168358,495.5036351680419,4.399999999999995,31.30144543117947,0.6896513038211398,-0.03236022964119911,-0.13809533046075184,-0.08679457126050046,-0.03287797201378917,177,0.19391277432441711,65.70545695971023,2.263853779448963
-3.459083259105683,6.045680046081543,1.9479078650474548,0.02268869895779459,0.026671144278817848,2438.7607421875,3339.2802734375,-3202.3764038085938,-2904.73291015625,199.5168459206444,423.31484732624494,4.424999999999995,31.366827223036026,0.7117946280373467,-0.026411840692162514,-0.13883115354756234,-0.0888454965831057,-0.033071392410334584,178,-0.004580425564199686,66.47985257193068,2.3548115572763133
-3.468556314706803,6.18799614906311,1.989218831062317,0.023361717215960445,0.027134047449354853,2434.929443359375,3339.7164306640625,-3198.48583984375,-2921.797607421875,119.45743582542958,350.6965245723386,4.449999999999996,31.43195046318902,0.734437968995836,-0.02001248486340046,-0.13941199730368703,-0.09066479346990129,-0.03324880263142049,179,-0.2040206342935562,67.25858519367985,2.2912984180694225
-3.4761990129947664,6.317698001861572,2.030542552471161,0.024044930387674256,0.027498216003071774,2432.1099853515625,3340.398681640625,-3194.12158203125,-2936.4016723632812,39.495289829335846,277.6515843867917,4.474999999999996,31.496844821506077,0.7574854294459025,-0.014297659508883953,-0.13983891034880513,-0.0922476474249791,-0.0334109704164549,180,-0.40418198704719543,68.01090660404668,2.0745561945297357
-3.4827318727970127,6.433486461639404,2.0718085765838623,0.024736004045793004,0.0277571023087573,2430.36474609375,3341.33984375,-3189.3115234375,-2949.8652954101562,-40.35774972144539,204.2415425777096,4.4999999999999964,31.56153784857856,0.7808656162685819,-0.008697690442204475,-0.1401259325352884,-0.09357393077616298,-0.03355819745165505,181,-0.6048554182052612,68.70669312490192,1.7121169815927797
-3.4887197434902193,6.534731149673462,2.1127689480781555,0.025431929650522742,0.027888269234227506,2429.6485595703125,3342.1898193359375,-3184.1936645507812,-2963.1041259765625,-120.09053780738287,130.49491019245562,4.524999999999997,31.626063452826607,0.8044852813084921,-0.0028905519284307957,-0.14026951020755732,-0.09463545846429015,-0.03369060025031862,182,-0.8058378100395203,69.3177893412714,1.2175769121803055
-3.4942078948020936,6.621208667755127,2.1532772183418274,0.026129473957852544,0.027886964701412286,2429.8118896484375,3343.1212158203125,-3178.906005859375,-2976.0732421875,-199.69537942115238,56.417307043041504,4.549999999999997,31.690444946289062,0.8282432291242812,0.0030880323611199856,-0.14026611467716746,-0.09543127341584388,-0.03380856372244692,183,-1.006920337677002,69.8192784682514,0.6100762070819636
-3.499392008781433,6.692776918411255,2.193056881427765,0.026825176938959906,0.027740345199835818,2430.781494140625,3344.0423583984375,-3173.5409545898438,-2989.0460815429688,-279.1680295676367,-17.98452401164603,4.5749999999999975,31.75471411810981,0.8520301845338609,0.009353750385344028,-0.14011002014777518,-0.09596290694845094,-0.033912826479123526,184,-1.207888126373291,70.19061319779144,-0.08649613788616461
-3.5038921117782595,6.748419523239136,2.2319414615631104,0.02751533305485934,0.027453780744164883,2432.5093994140625,3344.7503662109375,-3168.1846313476562,-3001.2742309570312,-358.5065534323828,-92.71067605022027,4.599999999999998,31.818890041775173,0.8757283290227255,0.015552839264273643,-0.13979426911103268,-0.0962158198670352,-0.03400436223862199,185,-1.4085158109664917,70.41654394535959,-0.8445380818824176
-3.507339328527451,6.787968397140503,2.2698243856430054,0.02819696913586512,0.027053524277082786,2434.8873291015625,3345.28271484375,-3162.9708862304688,-3011.9617919921875,-437.7111692160742,-167.74253182414608,4.624999999999998,31.88300026787652,0.8992422951592339,0.021302560344338417,-0.13933101223941338,-0.09619022855343523,-0.03408401156116137,186,-1.60858154296875,70.48778588788491,-1.6339575347314643
-3.5106104314327244,6.811934471130371,2.306469678878784,0.028866829051425708,0.026513083587527044,2437.80078125,3345.5748291015625,-3158.00732421875,-3022.602294921875,-516.785441371836,-243.0415766239508,4.649999999999999,31.947065989176433,0.9224667151769003,0.027204079553484917,-0.13872177252816573,-0.09589796326855585,-0.034152329965500314,187,-1.8078768253326416,70.40138052885452,-2.4235113510063337
-3.5136385381221773,6.820271730422974,2.3416908979415894,0.029521357065366925,0.02583160979290019,2441.2850341796875,3345.37158203125,-3153.2866821289062,-3033.0755615234375,-595.7356244773048,-318.6066339969977,4.674999999999999,32.01110627916124,0.94528595606486,0.03318842872977257,-0.13796341244063046,-0.09534252357251699,-0.0342100810298576,188,-2.0061895847320557,70.16074623761918,-3.182178712192053
-3.5161546587944033,6.812565088272095,2.3753398656845093,0.03015715764729892,0.025018455165936527,2445.3890380859375,3344.8096923828125,-3148.7785034179688,-3042.9282836914062,-674.5677915305274,-394.4335230350836,4.699999999999999,32.075142330593536,0.9675884909100003,0.039051562547683716,-0.13705693898459473,-0.09451981901633187,-0.034258090750290085,189,-2.203305959701538,69.77542605569724,-3.8804961872776786
-3.5183314025402073,6.788975715637207,2.4071837663650513,0.030770916410021307,0.024070120146516123,2450.0872802734375,3344.134033203125,-3144.4856567382812,-3052.4767456054688,-753.2872541159767,-470.50673012736877,4.725,32.139197455512154,0.9892647796207004,0.044941969215869904,-0.1360040582476319,-0.09343566694250663,-0.03429708317371913,190,-2.399015188217163,69.26054602314669,-4.491784862382429
-3.520283550024033,6.750638008117676,2.437111973762512,0.03135917748590079,0.022981555131540835,2455.27490234375,3343.2965087890625,-3140.4368896484375,-3061.8688354492188,-831.8993955344337,-546.8186487675055,4.75,32.20329284667969,1.0101999176873102,0.0509137324988842,-0.13480308078692546,-0.09211323269133574,-0.034327803153012114,191,-2.593106269836426,68.63602414665355,-4.993205945019079
-3.521434569358826,6.6977338790893555,2.4648361206054688,0.03191861816535856,0.021772698459078033,2461.0272216796875,3342.244873046875,-3136.5438842773438,-3070.1348266601562,-910.4103177756447,-623.3653696537359,4.775,32.26745181613498,1.0302823781967163,0.05658308044075966,-0.13345587913761683,-0.09055955699495113,-0.03435103507233385,192,-2.7853667736053467,67.92558390685875,-5.366596338933081
-3.522100764513016,6.630478143692017,2.490342140197754,0.03244629024584414,0.020440217016575907,2467.367431640625,3341.1097412109375,-3132.7496337890625,-3077.8982543945312,-988.8239148825783,-700.1187403202398,4.800000000000001,32.331699795193146,1.0494119591183133,0.062217291444540024,-0.13196873669540296,-0.08878115627564506,-0.034367269952010324,193,-2.9755923748016357,67.155630893223,-5.599046083493739
-3.5224170684814458,6.549462556838989,2.5133575201034546,0.032938991692265614,0.018978139497527805,2474.2896728515625,3339.897216796875,-3129.0210571289062,-3085.4315185546875,-1067.1426557273048,-777.0661966801031,4.825000000000001,32.39605797661675,1.067479583952162,0.0679454505443573,-0.13033984750416963,-0.08679136714481395,-0.03437686981550222,194,-3.163581132888794,66.35406155022223,-5.683200846459377
-3.5224015891551974,6.455935478210449,2.533748745918274,0.033393455971098426,0.017384208456790957,2481.721923828125,3338.6044921875,-3125.3631591796875,-3092.7239990234375,-1145.3681821555274,-854.2019846439703,4.850000000000001,32.46055391099718,1.0843731959660847,0.07374635338783264,-0.1285671226469368,-0.08461523580027215,-0.03438026742648667,195,-3.349128484725952,65.54907236940944,-5.617295482199809
-3.521974301338196,6.3502748012542725,2.5512696504592896,0.033806391581682825,0.015659302945584555,2489.7275390625,3337.240234375,-3121.6798706054688,-3099.7164916992188,-1223.5022611350196,-931.5200846195562,4.875000000000002,32.52521091037326,1.099979082743327,0.07962953299283981,-0.12664848985148122,-0.08226292386605401,-0.03437796004707347,196,-3.532026529312134,64.76802771487158,-5.404933877253273
-3.5211279034614567,6.232942819595337,2.565821409225464,0.034174502862169824,0.013801604524226773,2498.325927734375,3335.758056640625,-3117.92822265625,-3106.4224243164062,-1301.5442579001563,-1009.0129969120367,4.900000000000002,32.5900501675076,1.114182472229004,0.0856097936630249,-0.12458188516795815,-0.07974548762187254,-0.03437039916629117,197,-3.712064504623413,64.03643871838553,-5.054641465957431
-3.5197648465633393,6.104915618896484,2.57710063457489,0.034494487908926647,0.01181201304988282,2507.52685546875,3334.194091796875,-3114.0,-3112.7484130859375,-1379.4924634665626,-1086.6735575199468,4.9250000000000025,32.65509499443902,1.1268677976396348,0.0916978269815445,-0.12236482020522399,-0.07708298399968742,-0.03435796761354646,198,-3.889028549194336,63.377096841386894,-4.57922909905531
-3.517942374944687,5.967272758483887,2.5850014686584473,0.034762988642266276,0.00968653378091757,2517.243408203125,3332.5003662109375,-3109.9386596679688,-3118.722900390625,-1457.3424634665625,-1164.4922678470953,4.950000000000003,32.720370822482636,1.1379162470499675,0.09786952286958694,-0.11999465676932392,-0.07429773777957406,-0.03434100868694862,199,-4.0627007484436035,62.809393611812446,-3.9950151332155848
-3.5155769586563115,5.820396661758423,2.5893319845199585,0.034976617854177265,0.007425725356981566,2527.5325927734375,3330.66845703125,-3105.6046752929688,-3124.3193969726562,-1535.0909299582618,-1242.4603403568608,4.975000000000003,32.785896725124786,1.1472076839870877,0.10415755957365036,-0.11746927265376424,-0.07139978783048533,-0.03431980742795807,200,-4.232861042022705,62.348845798683996,-3.3209557347519802
-3.512587988376618,5.664876937866211,2.5898386240005493,0.03513199665902658,0.0050291336883029995,2538.414306640625,3328.6842041015625,-3100.9003295898438,-3129.4744262695312,-1612.731046840586,-1320.5683252811773,5.0000000000000036,32.85169389512804,1.15462064743042,0.11057792603969574,-0.11478517245961425,-0.06840254358462865,-0.034294542767710545,201,-4.3992838859558105,62.00683071375626,-2.577735063904763
-3.508916467428208,5.501498699188232,2.5863804817199707,0.035225698317505334,0.0024950701122883278,2549.8751220703125,3326.5096435546875,-3095.6924438476562,-3134.186767578125,-1690.2535550803323,-1398.8051859379157,5.025000000000004,32.91778564453125,1.1600318219926622,0.11717400699853897,-0.11193886078794323,-0.06532288074481783,-0.03426529792999011,202,-4.561739921569824,61.79052490184926,-1.786863569906776
-3.504516249895096,5.331214427947998,2.5786937475204468,0.03525424823662882,-0.00017863278172475494,2561.907470703125,3324.1483154296875,-3089.9390258789062,-3138.3846435546875,-1767.6458661765237,-1477.1598551273687,5.050000000000004,32.98418892754449,1.1633148458268907,0.12392549961805344,-0.10892621806143993,-0.06218090825787757,-0.03423208539836438,203,-4.7199931144714355,61.70302918144132,-0.9698268385408872
-3.499210345745087,5.154254674911499,2.566630721092224,0.035214184306979944,-0.0029923652515158614,2574.59619140625,3321.586181640625,-3083.329345703125,-3142.0423583984375,-1844.8943418234962,-1555.619471216236,5.075000000000005,33.050924936930336,1.1643426948123508,0.13093486428260803,-0.1057417598327345,-0.05898393317204876,-0.034194805304292475,204,-4.873802661895752,61.743654938744115,-0.14732052161176235
-3.4928892314434052,4.970966577529907,2.5499749183654785,0.035101932067033104,-0.005948613461342124,2587.963134765625,3318.825439453125,-3075.6900024414062,-3145.1229248046875,-1921.9775754660743,-1634.170530176197,5.100000000000005,33.11801274617513,1.1629839738210042,0.13826894760131836,-0.1023790529033187,-0.05574119748855182,-0.03415319133166539,205,-5.0229172706604,61.90833947968406,0.6614024922719168
-3.485439878702164,4.782019376754761,2.5284714698791504,0.03491389208812749,-0.009052329015045022,2602.0484619140625,3315.8951416015625,-3066.8623657226562,-3147.5559692382812,-1998.8698255271095,-1712.798603296314,5.125000000000005,33.18547142876519,1.159105035993788,0.1459408700466156,-0.09882921729543279,-0.052467504637977315,-0.03410683152275199,206,-5.167075157165527,62.190155793268495,1.439055793987351
-3.476658719778061,4.587935447692871,2.5018540620803833,0.034646338025331604,-0.01230849181580354,2616.8702392578125,3312.8350830078125,-3056.5314331054688,-3149.267578125,-2075.541384670176,-1791.487502527271,5.150000000000006,33.253324296739365,1.1525670687357585,0.15405523777008057,-0.09508219957596174,-0.04917534651031339,-0.03405517868117206,207,-5.306001663208008,62.57988372305773,2.170706647240835
-3.466021209955216,4.388919830322266,2.4699376821517944,0.034295481115875874,-0.015711250191300614,2632.44677734375,3309.5042724609375,-3044.1065673828125,-3149.87939453125,-2151.9546704978125,-1870.219191980396,5.175000000000006,33.321588304307724,1.1432282129923503,0.16264310479164124,-0.09112683943546243,-0.04587165356617807,-0.03399750251822043,208,-5.439406394958496,63.06660857303481,2.8440269175821404
-3.4528369128704073,4.185191988945007,2.432504177093506,0.03385768656099127,-0.019248115372439988,2648.9029541015625,3305.76904296875,-3029.3486938476562,-3148.3575439453125,-2228.057334682383,-1948.9661768436774,5.200000000000006,33.390282524956596,1.1309499210781522,0.17139817774295807,-0.08695510577877259,-0.04256338955570297,-0.033932754414217885,209,-5.566983699798584,63.63831833738782,3.449414572668186
-3.4368616640567784,3.9770673513412476,2.389380097389221,0.03332984803293757,-0.022917614298243714,2666.392333984375,3302.0611572265625,-3011.6781616210938,-3144.8194580078125,-2303.7910520285745,-2027.6751154423102,5.225000000000007,33.45942815144857,1.1156107319725885,0.18060852587223053,-0.08256156409279278,-0.03925847634283379,-0.033859276135266916,210,-5.688421249389648,64.28247665587683,3.9799947578978423
-3.4178848862648015,3.764806628227234,2.3402425050735474,0.03270840355375678,-0.02673311686962183,2684.8502197265625,3298.2589111328125,-2990.42431640625,-3139.5547485351562,-2379.083006069102,-2106.2956018925056,5.250000000000007,33.529046376546226,1.0970728264914618,0.19068215787410736,-0.07792670672253815,-0.03596424906383855,-0.033774935071900866,211,-5.803387641906738,64.98654572259535,4.431519771187213
-3.3950201690196993,3.5486373901367188,2.2848864793777466,0.031989845240950575,-0.030690977884832295,2704.5616455078125,3294.29443359375,-2964.5955810546875,-3131.9149169921875,-2453.8436139792584,-2184.7844706058845,5.2750000000000075,33.599160512288414,1.0751987165874906,0.201747864484787,-0.07302727262036256,-0.03268701296065748,-0.03367729068665203,212,-5.911520957946777,65.73843937513004,4.802195787681103
-3.367511653900147,3.3288676738739014,2.2229780554771423,0.03117034896164116,-0.034796353057297925,2725.096923828125,3289.9853515625,-2932.9212646484375,-3121.7963256835938,-2527.9585035056257,-2263.0823435306893,5.300000000000008,33.66978963216146,1.0498391257392035,0.2141873985528946,-0.06783480341330499,-0.02943483241796647,-0.03356349464551078,213,-6.012423992156982,66.52690182565792,5.092457881464316
-3.3326679825782777,3.1056535243988037,2.1544386744499207,0.030247014366953876,-0.03898679750124018,2747.169677734375,3285.5133056640625,-2894.4083251953125,-3105.2371826171875,-2601.281535121837,-2341.127251672779,5.325000000000008,33.74095492892795,1.0208744472927518,0.22674833238124847,-0.062333861089421384,-0.026212024669563894,-0.033429999534681364,214,-6.105660915374756,67.34181082419003,5.304712194787725
-3.291613012552262,2.879516124725342,2.078881561756134,0.029216907818500427,-0.04333302646597906,2770.294677734375,3281.5714111328125,-2847.2186279296875,-3086.1438598632812,-2673.64174325172,-2418.7581812382086,5.3500000000000085,33.81267971462674,0.9881831540001763,0.24198085069656372,-0.056487902085128806,-0.02302853079645631,-0.033271932601606755,215,-6.19077205657959,68.17440589868804,5.443056209147319
-3.2427059352397922,2.6508954763412476,1.9959285259246826,0.02807584107934775,-0.04784988499399715,2794.940185546875,3276.6109619140625,-2790.0414428710938,-3062.7930908203125,-2744.8222089499627,-2495.911777734791,5.375000000000009,33.8849851820204,0.9515995449490018,0.2592881917953491,-0.05023484977989319,-0.019893742082526804,-0.03308391758983636,216,-6.267215728759766,69.01743934810811,5.513016765800679
-3.1809717535972597,2.4205931425094604,1.9053176045417786,0.026820649565106772,-0.05243233218623686,2820.879150390625,3271.68798828125,-2720.0802001953125,-3028.8521728515625,-2814.5732450217406,-2572.481605005299,5.400000000000009,33.957879808213974,0.910990834236145,0.277365118265152,-0.04353038750869995,-0.016822121781148565,-0.03285977097221416,217,-6.334373474121094,69.86525785917574,5.521328004607813
-3.107119888067246,2.1890711188316345,1.8068363666534424,0.02544937335566276,-0.05714015184798124,2848.01416015625,3266.4228515625,-2635.5701293945312,-2987.3761596679688,-2882.575250026624,-2648.2029093265883,5.42500000000001,34.031384785970054,0.8662644359800551,0.2981117367744446,-0.03634238672971078,-0.013821265623063475,-0.03259098519741411,218,-6.391582012176514,70.71382507863309,5.475725816016921
-3.0160380721092226,1.9573504328727722,1.7002446055412292,0.02395940130479068,-0.06188229715946323,2876.8453369140625,3261.325927734375,-2534.611572265625,-2930.8504028320312,-2948.464503261488,-2722.887313318288,5.45000000000001,34.10550011528863,0.8173037899865044,0.3190899193286896,-0.02861007327461225,-0.010908509642640916,-0.0322674402532939,219,-6.438096046447754,71.56068215022309,5.384786117042104
-2.9094001173973085,1.7259058952331543,1.5856081247329712,0.022350512869462755,-0.06672942511335397,2904.249267578125,3258.1287841796875,-2419.0260009765625,-2860.5323486328125,-3011.8297925681295,-2796.1585733890893,5.47500000000001,34.180236392550995,0.7640730010138618,0.34067055583000183,-0.020348373329076404,-0.008091681426883693,-0.03187657559024354,220,-6.473150730133057,72.4048426089328,5.257805629097283
-2.7796027541160586,1.4957252740859985,1.4626847505569458,0.020621578286810306,-0.07144325769349706,2934.83349609375,3250.3863525390625,-2280.8052978515625,-2770.3739013671875,-3072.3054425925448,-2867.6718821049103,5.500000000000011,34.25555335150825,0.7065037224027846,0.36081913113594055,-0.011558849419649063,-0.005390217439493767,-0.031405135740056066,221,-6.4959821701049805,73.24661426942664,5.104708507200111
-2.6151115477085116,1.2679938077926636,1.3321844935417175,0.018781442164484834,-0.07566513368008605,2965.5390625,3245.1396484375,-2103.1688842773438,-2656.0774536132812,-3129.3255750388353,-2936.931229639091,5.525000000000011,34.33145734998915,0.6448701355192397,0.3873751163482666,-0.0022197041969863134,-0.0028108717334870996,-0.03083660286218919,222,-6.505844593048096,74.08734475720789,4.936005044866321
-2.4169424384832383,1.0460953116416931,1.194173127412796,0.016838474734568683,-0.07959330461033133,2999.0028076171875,3233.9090576171875,-1892.2421264648438,-2513.1906127929688,-3181.9047971457708,-3003.333165979424,5.550000000000011,34.407901763916016,0.5794313218858507,0.4128497242927551,0.007795601501839393,-0.00039615873601419726,-0.030147264419968196,223,-6.501837253570557,74.92910356142468,4.762877847257696
-2.183422636985779,0.8322107195854187,1.0493333339691162,0.014802006423552828,-0.0831421914670789,3026.19482421875,3221.56103515625,-1646.40576171875,-2340.1993408203125,-3229.210850307394,-3066.1629312992495,5.575000000000012,34.48481665717231,0.5104817615614997,0.4396226406097412,0.018445428216917095,0.0018241821229202132,-0.029308909631189657,224,-6.483033180236816,75.77428057501606,4.597333750592286
-1.906317871809006,0.6304226517677307,0.8986034095287323,0.012685350956293069,-0.08596673179683853,3047.5457763671875,3204.39794921875,-1368.2139587402344,-2119.0944213867188,-3270.370994350366,-3124.6679148197595,5.600000000000012,34.56193923950195,0.438453820016649,0.45296216011047363,0.02961158621145557,0.0037883114755852326,-0.028290652068992464,225,-6.448557376861572,76.62506049669173,4.452299953687796
-1.5963963508605958,0.44187378883361816,0.7431843280792236,0.010506645916229065,-0.08814352477046364,3048.4901123046875,3184.9027099609375,-1062.8498992919922,-1864.26806640625,-3304.576343318875,-3177.64527535443,5.625000000000012,34.63919321695963,0.36395513349109226,0.458437442779541,0.04105296525989692,0.005482531820885278,-0.02705926879877787,226,-6.397874355316162,77.48275891000858,4.341555455449076
-1.2475894480943681,0.2702008318156004,0.5851403772830963,0.008289088892871629,-0.08912376778869455,3043.92626953125,3161.94287109375,-734.7353115081787,-1560.0106811523438,-3331.1475908011785,-3224.2519770145896,5.650000000000013,34.71602121988932,0.28777076138390434,0.44740769267082214,0.05238746208305822,0.006848015821568481,-0.025584335285686332,227,-6.330833435058594,78.34705397187703,4.27944855717849
-0.8798712626099587,0.11058324575424194,0.42622606828808784,0.006058083946306593,-0.08912308535366521,3017.0030517578125,3143.8310546875,-406.12086486816406,-1220.6480102539062,-3349.515973588887,-3263.252244043402,5.675000000000013,34.79233847724067,0.2107774880197313,0.4155854880809784,0.0632400807129157,0.007971512004329022,-0.023839203274060236,228,-6.2478485107421875,79.21522269996031,4.280370512378435
-0.49755055978894236,-0.04143048822879791,0.2692053411155939,0.0038452194439987943,-0.08770422802627666,2985.0596923828125,3111.066162109375,-76.95428466796875,-854.4928003549576,-3359.6689952105953,-3293.768444299754,5.7000000000000135,34.867797427707245,0.13407498598098755,0.36691808700561523,0.07304558185285685,0.008934535761562569,-0.021807219684708185,229,-6.150033950805664,80.08152939246877,4.357891963863543
-0.11079325024038554,-0.18966315686702728,0.11635608226060867,0.0016849545838518252,-0.08493125315312368,2945.42578125,3084.7833251953125,249.44895935058594,-477.1182556152344,-3361.5928523272987,-3315.1307643086325,5.725000000000014,34.94219674004449,0.05887606905566321,0.3141287565231323,0.0815701191532267,0.009822773716175189,-0.019482340390312457,230,-6.039102077484131,80.93694964745548,4.523684178104391
0.2744724400341511,-0.3350349245592952,-0.03073577582836151,-0.00038932570574026553,-0.08091209365976017,2900.4014892578125,3046.8369140625,570.153226852417,-96.603515625,-3355.3566283435384,-3327.0587206990185,5.750000000000014,35.015362633599175,-0.013632382162743144,0.25986430048942566,0.08875029273532456,0.010680979458047826,-0.016869720063998575,231,-5.916943073272705,81.76932801307191,4.786535474934356
0.6479166984558106,-0.4790913537144661,-0.17066098749637604,-0.002350423274468521,-0.07593729209873533,2847.7882080078125,3014.2882080078125,880.0470352172852,273.28515625,-3341.1027976722326,-3329.473808589649,5.775000000000015,35.08715311686198,-0.08246980607509613,0.20716992020606995,0.09457748061512129,0.011557153474974415,-0.013985038066684389,232,-5.785494327545166,82.56392822162097,5.15159386447475
0.998977303504944,-0.62338025867939,-0.30270830169320107,-0.00417884642940982,-0.07035246020051422,2792.0841064453125,2973.3865966796875,1171.6033020019531,620.6700897216797,-3319.101621791805,-3322.641679683404,5.800000000000015,35.157417721218536,-0.14691829681396484,0.1556207537651062,0.09909610764855076,0.012494062388991348,-0.010856568638708665,233,-5.646655559539795,83.30429872338264,5.619816183828639
1.3253289610147476,-0.7691643834114075,-0.4264555498957634,-0.0058618282194678175,-0.0643586250155058,2742.3631591796875,2942.978515625,1446.8266906738281,939.0330791473389,-3289.8115392417603,-3307.124927440367,5.825000000000015,35.22623062133789,-0.20649247699313694,0.1142888143658638,0.10244376771780761,0.01352741726576658,-0.007526747067417488,234,-5.50222110748291,83.97334753649365,6.187704644152207
1.628310486674309,-0.9129528999328613,-0.5422021895647049,-0.007391809584380487,-0.058169093263457775,2698.9962158203125,2915.7095947265625,1706.8522338867188,1229.8412322998047,-3253.640871974919,-3283.6491004616887,5.850000000000016,35.29374864366319,-0.2608894142839644,0.08063598722219467,0.10487524211542837,0.014611475452760423,-0.004050014451231286,235,-5.353664875030518,84.5544312395587,6.847421411380237
1.9021380156278611,-1.0564481317996979,-0.6499119400978088,-0.00876841627719386,-0.05209755619245708,2643.87744140625,2887.8486328125,1940.0538330078125,1494.209228515625,-3210.9695661277547,-3252.903069654198,5.875000000000016,35.35996331108941,-0.3100588255458408,0.05453163757920265,0.10654199812841127,0.0157789282926509,-0.000488683850755026,236,-5.202175140380859,85.03231468484793,7.58720808633415
2.145312097668648,-1.19404736161232,-0.750291496515274,-0.009997476563535737,-0.046396743628763025,2608.0606689453125,2863.02734375,2152.6109008789062,1723.1483764648438,-3162.468220302563,-3215.5478389413115,5.900000000000016,35.4249021742079,-0.3541714284155104,0.03549197316169739,0.10767043773892669,0.016935488179504573,0.003088456993043234,237,-5.048675060272217,85.39396736213519,8.391967063026998
2.3554813355207447,-1.325991153717041,-0.8434366583824158,-0.011089910444172743,-0.041170885039538585,2571.4769287109375,2845.0064697265625,2333.1265258789062,1924.0382690429688,-3108.652947780594,-3172.469129529694,5.925000000000017,35.48882802327474,-0.3935840394761827,0.016448192298412323,0.10830208961522304,0.018073741434607205,0.0066086113584910115,238,-4.89387845993042,85.62917528858966,9.243950606828783
2.54123427271843,-1.4517054557800293,-0.9296103119850159,-0.012055886825220321,-0.036231287139173236,2544.096923828125,2837.0489501953125,2491.9705200195312,2102.0094604492188,-3050.324784633624,-3124.3681728036227,5.950000000000017,35.55188920762804,-0.4286303122838338,0.00022955673921387643,0.108501335676653,0.019179639883208626,0.009998771733675247,239,-4.7384514808654785,85.73102053000426,10.123495146014667
2.699008619785309,-1.5698395371437073,-1.0086529850959778,-0.012903447204813746,-0.03174510489796149,2521.7000732421875,2831.3094482421875,2628.6077270507812,2251.1646118164062,-2988.0255216331384,-3071.817936292395,5.975000000000017,35.614331563313804,-0.45957310332192314,-0.010716812685132027,0.10835769142535685,0.0202304077763535,0.013192493809844417,240,-4.5829572677612305,85.69619447681154,11.009800083783384
2.8329150140285493,-1.6804348826408386,-1.0809540450572968,-0.01364528633091483,-0.02776364993996861,2503.9228515625,2825.4105224609375,2745.7313842773438,2376.2969360351562,-2922.310328456871,-3015.5388209969874,6.000000000000018,35.67615509033203,-0.4868415660328335,-0.01681439019739628,0.10803269422620472,0.021225635757053968,0.016132877485833294,241,-4.427786350250244,85.52505961455714,11.881718383915015
2.9458378672599794,-1.7832661867141724,-1.1464124917984009,-0.014293335373266589,-0.02418867242691668,2493.086669921875,2827.842041015625,2840.7864379882812,2485.2445068359375,-2853.6670438499395,-2956.1313975961107,6.025000000000018,35.73760562472873,-0.5108443233701918,-0.026017291471362114,0.10750826787329767,0.02215646205275305,0.01877570804576276,242,-4.273194313049316,85.22151706771585,12.71847885292736
3.03658527135849,-1.8784614205360413,-1.2047184705734253,-0.014856885227062574,-0.02099630585813047,2477.1849365234375,2826.373046875,2915.9324951171875,2573.9005737304688,-2782.6473829002343,-2894.000284925214,6.0500000000000185,35.79873826768663,-0.5318968494733175,-0.03479648381471634,0.1067454303461797,0.02302197276227199,0.021092758062672575,243,-4.119518280029297,84.7928313086507,13.500349437393767
3.103082996606827,-1.9671953916549683,-1.256101131439209,-0.015345836401714618,-0.018314356998798565,2477.3759765625,2846.1949462890625,2970.3837890625,2638.5336303710938,-2709.749070522306,-2829.652770581954,6.075000000000019,35.85955725775825,-0.5503381292025248,-0.03768095001578331,0.10582487542588019,0.023844328818861338,0.023072454229091204,244,-3.967071771621704,84.2493699145665,14.209249179402237
3.1324998497962953,-2.0505321621894836,-1.3017944693565369,-0.01578045388864254,-0.016631235028679282,2515.157958984375,2906.89111328125,2985.9769897460938,2673.108642578125,-2635.4894757957445,-2763.689429822678,6.100000000000019,35.92119428846571,-0.5668997764587402,-0.038356199860572815,0.10489264420867636,0.024633089514418255,0.024717301580919004,245,-3.815983295440674,83.6041284698282,14.829226915431315
3.141875940561295,-2.1279959678649902,-1.3423861265182495,-0.016180374339696477,-0.015411093211097267,2550.493408203125,2971.083984375,2978.9002685546875,2693.85888671875,-2560.8400510520923,-2696.8617137582255,6.1250000000000195,35.9840816921658,-0.5822867817348905,-0.044360652565956116,0.10386967409970647,0.02536090335230979,0.02603755536894738,246,-3.6663291454315186,82.87219676078334,15.34677930189477
3.149195033311844,-2.1991891264915466,-1.3774035573005676,-0.016549718372484937,-0.014026023699741787,2566.1700439453125,3013.677490234375,2966.5556640625,2716.927001953125,-2486.367544338225,-2629.515241590257,6.15000000000002,36.0480965508355,-0.5966403749254015,-0.05890738591551781,0.10260461432527,0.026021500460703943,0.027057198607149256,247,-3.518352508544922,82.07030735046288,15.751137532192386
3.176885795593262,-2.2614309787750244,-1.4048758745193481,-0.016873070861604493,-0.011671709193219578,2528.179931640625,2983.7891845703125,2977.3073120117188,2756.31982421875,-2412.203652736662,-2561.5920665414296,6.17500000000002,36.11201816134982,-0.6093784835603502,-0.08061868697404861,0.10087311853066294,0.026587616727941035,0.027819896734428924,248,-3.3725531101226807,81.21638395524975,16.034599080121044
3.2424880564212804,-2.3118211030960083,-1.4225419163703918,-0.017119515211572303,-0.007796191870557604,2419.1488037109375,2849.8197021484375,3034.7449951171875,2821.3140258789062,-2337.7709699363695,-2492.6840709359617,6.200000000000021,36.173854404025604,-0.6193394131130643,-0.10380380600690842,0.09857119859769614,0.02704818859222692,0.028391024113764027,249,-3.229645013809204,80.32897283049442,16.192820479463858
3.3530615568161015,-2.3457623720169067,-1.4284911155700684,-0.017246476215055324,-0.0023280579227983596,2207.162841796875,2569.329345703125,3161.250244140625,2903.6065673828125,-2261.902345058441,-2422.1512202889903,6.225000000000021,36.230570475260414,-0.6249116526709663,-0.11317085474729538,0.09579690046637654,0.027377364665636422,0.0288534945206239,250,-3.090338706970215,79.42654461750239,16.224895019245615
3.4651429772377016,-2.3626378774642944,-1.4244070649147034,-0.01723574970958665,0.002896852955585041,1928.3034057617188,2200.08349609375,3320.3692626953125,2958.5646362304688,-2182.871088954928,-2349.561056104422,6.250000000000021,36.279284159342446,-0.6253625949223837,-0.08870451152324677,0.09322868106915862,0.02760059686193121,0.029294108281193703,251,-2.9547948837280273,78.52680318533669,16.132956036361577
3.5506963372230533,-2.3633649349212646,-1.4154303073883057,-0.017113889283769508,0.006466297127293952,1627.9000244140625,1824.2814331054688,3474.2598876953125,2971.2219848632812,-2099.8618573875483,-2275.5969401986613,6.275000000000022,36.31880018446181,-0.6216166416803995,-0.04326501861214638,0.09155868765097559,0.027708962551162213,0.029771415408157757,252,-2.8221044540405273,77.64629720183815,15.921206829953094
3.610539704561234,-2.3507065773010254,-1.4063509702682495,-0.016927110145192485,0.00813229164265266,1342.3555908203125,1479.883056640625,3606.3321533203125,2958.3998413085938,-2013.0053601951688,-2201.3163905770793,6.300000000000022,36.34927961561415,-0.6153470277786255,0.00814400427043438,0.0911122003718454,0.027694072775895688,0.030301103584812306,253,-2.6906700134277344,76.8005429547399,15.594907966718054
3.641970330476761,-2.3273351192474365,-1.400888442993164,-0.01672446543248077,0.007776409056936709,1096.4093627929688,1190.122802734375,3708.0001220703125,2922.8245849609375,-1922.8470563621638,-2127.3563945443643,6.325000000000022,36.37171427408854,-0.6083541446261935,0.05964105203747749,0.09197656259314424,0.027544810919175156,0.030866935850886273,254,-2.5586729049682617,76.00448923421516,15.159902221358834
3.6586494505405427,-2.29620361328125,-1.4011539816856384,-0.016550807563758888,0.005942417970767138,900.0917358398438,965.1985473632812,3779.439208984375,2888.86962890625,-1830.1470533104082,-2054.2857799203402,6.350000000000023,36.387574937608505,-0.6022987100813124,0.10010629892349243,0.09399900873684244,0.027259625897725098,0.03143685232416323,255,-2.4243578910827637,75.27300607448518,14.62268738685122
3.666172403097153,-2.2596635818481445,-1.407462477684021,-0.016436745206508636,0.00310612046098805,755.4193420410156,802.7193603515625,3822.6575927734375,2864.6221923828125,-1735.6610730858004,-1982.0640391976833,6.375000000000023,36.3984383477105,-0.5983257293701172,0.12682969868183136,0.09686363796338618,0.026842915048236056,0.031980524177135296,256,-2.2863526344299316,74.62114566795583,13.990910216870425
3.665889978408814,-2.219547927379608,-1.4195027351379395,-0.01640216988541884,-0.0003260104487231296,658.7650756835938,694.844482421875,3836.3978271484375,2853.9102783203125,-1640.0946332664655,-1910.4484843881125,6.4000000000000234,36.40580495198568,-0.5971877442465888,0.13707640767097473,0.10019173212100936,0.026296716313120316,0.03247712049665101,257,-2.1437854766845703,74.06402834499137,13.27408684444604
3.6648236572742463,-2.178216874599457,-1.4364041686058044,-0.016454855742218475,-0.003802287674765901,602.3306884765625,631.289306640625,3833.15625,2857.3557739257812,-1544.184687587755,-1839.1007274301046,6.425000000000024,36.41095903184679,-0.5991911225848727,0.13502725958824158,0.10361095632218369,0.02564214668728707,0.032914544705696526,258,-1.9963397979736328,73.61633023161984,12.484290180864418
3.665100240707398,-2.1369933485984802,-1.4571152329444885,-0.01659164235370767,-0.007015904916664453,574.6196594238281,598.5615844726562,3818.9093017578125,2873.2760620117188,-1448.355781337755,-1767.6668330819602,6.450000000000024,36.41490936279297,-0.6042385763592191,0.12326248735189438,0.1068535297193017,0.02489702230231002,0.033288496215230286,259,-1.8441400527954102,73.29146929540644,11.636588746796557
3.6665450751781465,-2.096571445465088,-1.4804383516311646,-0.016803231542611766,-0.009778777982877889,557.4298706054688,576.9897766113281,3797.3782958984375,2898.21728515625,-1352.8830487938094,-1695.8349315316677,6.4750000000000245,36.41819847954644,-0.6120010217030843,0.10434610396623611,0.10970317866471374,0.02407574295342701,0.033600383587797586,260,-1.6876413822174072,73.10065003983871,10.749109118291042
3.668842732906342,-2.0573391914367676,-1.5052546858787537,-0.017077023228023326,-0.011979216914150463,540.9160461425781,555.6975402832031,3771.3988037109375,2929.06982421875,-1257.9485913963479,-1623.3794994027621,6.500000000000025,36.42097049289279,-0.6220222181744046,0.080864317715168,0.11202168509784469,0.023193430402202654,0.03385487775827908,261,-1.5275330543518066,73.05190404461464,9.842705077164347
3.6735288798809056,-2.0187551975250244,-1.5304669737815857,-0.017397484730943925,-0.013503224371813217,477.77247619628906,485.71083068847656,3745.4326171875,2965.5116577148438,-1163.6636213035738,-1550.152753797294,6.525000000000025,36.42291598849826,-0.6337310870488485,0.051740311086177826,0.11369464960511884,0.02225351242824312,0.034058443134102015,262,-1.3646550178527832,73.14926215764768,8.940264092420833
3.676811081171036,-1.980956494808197,-1.5548830032348633,-0.01774745738769396,-0.014365796241457361,322.2148895263672,323.8351593017578,3718.0438232421875,3003.022216796875,-1070.0278058738857,-1476.014962354424,6.550000000000026,36.4214833577474,-0.6464566124810113,0.021085478365421295,0.11458356284271685,0.021271192976599785,0.03421841589183171,263,-1.200003743171692,73.39213523894259,8.065738752685032
3.6774185717105867,-1.9440335631370544,-1.5781577229499817,-0.018111334658166656,-0.01466840520239872,169.47253036499023,168.21157455444336,3695.837890625,3030.0206909179688,-977.0767102928303,-1400.939406934503,6.575000000000026,36.415723164876304,-0.6596094369888306,-0.0010135297197848558,0.11481085531937671,0.0202695957756751,0.03434115640916534,264,-1.0345783233642578,73.77503896403549,7.242961303759288
3.673825323581696,-1.9061319828033447,-1.6002803444862366,-0.018478128922270826,-0.014636390052966224,41.052295565605164,40.24578130245209,3677.1834716796875,3044.859619140625,-884.6807630272046,-1325.1888896615544,6.600000000000026,36.406097412109375,-0.6727931234571669,-0.014868439175188541,0.11459382433529205,0.019234289301163544,0.034430617815845985,265,-0.8691253662109375,74.28783187806046,6.494440939521436
3.665725547075272,-1.8661510944366455,-1.621259868144989,-0.018841498527660726,-0.014416455599115013,-50.679776430130005,-48.64482808113098,3657.642822265625,3051.20751953125,-792.7511762352119,-1249.0673991830392,6.625000000000027,36.393491956922745,-0.6857891215218438,-0.023952225223183632,0.11409974137405511,0.018157080691672572,0.03448875170960997,266,-0.7041434645652771,74.91633211153852,5.8404018833172175
3.6530786454677586,-1.8236333131790161,-1.6410279870033264,-0.019197683839891212,-0.01405342513064518,-93.18579864501953,-88.02371215820312,3632.5003662109375,3053.5577392578125,-701.3101056785708,-1172.7872111947581,6.650000000000027,36.37911902533637,-0.6984806060791016,-0.03237089514732361,0.11339562654897338,0.01703435075289266,0.03451637160294654,267,-0.5399960875511169,75.64305180058805,5.2980776815376665
3.6380672037601474,-1.778964340686798,-1.6591061353683472,-0.01954187868543254,-0.013444787751534694,-113.39984130859375,-105.33376884460449,3599.650634765625,3058.7479858398438,-610.4975965232967,-1096.4482677133128,6.675000000000027,36.36413150363498,-0.7107139296001859,-0.045758213847875595,0.11242867436905764,0.015874473357946697,0.034513962274397854,268,-0.3770527243614197,76.44794761811754,4.8811753294364415
3.6160024464130402,-1.7333603501319885,-1.674769639968872,-0.019867758056695765,-0.012583720151787521,-134.7162742614746,-123.94840240478516,3551.227294921875,3066.5784912109375,-520.5063306541551,-1019.9795680673169,6.700000000000028,36.34865230984158,-0.7222612036599053,-0.06663237512111664,0.1110358411189462,0.014697891909241593,0.03448230394693954,269,-0.2158402055501938,77.30917985975282,4.599429955719746
3.591771459579468,-1.687583863735199,-1.687096118927002,-0.0201657262513782,-0.011188098904909904,-149.29103469848633,-136.3950424194336,3496.2025146484375,3076.8970947265625,-431.72564828110694,-943.3151057870436,6.725000000000028,36.33279164632162,-0.7327765226364136,-0.09129873663187027,0.10906270506730649,0.013521188745752291,0.03442076203921809,270,-0.05711386725306511,78.20395838187376,4.458232601711831
3.565493988990784,-1.6415562629699707,-1.6951956748962402,-0.0204213772324582,-0.009211518428907207,-157.51911544799805,-142.98676681518555,3438.17138671875,3086.3779296875,-344.3205854148945,-866.3926784188799,6.750000000000028,36.316748725043404,-0.7417411274380155,-0.1169196292757988,0.10645740947428763,0.012356555111547015,0.034329011978475654,271,0.09824386239051819,79.10953465811333,4.458463059139569
3.536086189746857,-1.594754934310913,-1.69818913936615,-0.020620531747725688,-0.0066862112953477975,-160.97683334350586,-145.2240104675293,3378.101806640625,3092.133056640625,-258.3663007469241,-789.2332301766926,6.775000000000029,36.30068037245009,-0.7486453983518813,-0.1418064534664154,0.10321910545729215,0.01120946973236049,0.03420768002368733,272,0.24932432174682617,80.00425153267302,4.596658867374391
3.502312928438187,-1.5468218922615051,-1.6954600811004639,-0.020750279707677587,-0.003682930724403164,-161.2899398803711,-144.6173439025879,3315.674560546875,3092.2728271484375,-173.91375558090675,-711.9299037606771,6.800000000000029,36.284705268012154,-0.7530258761511909,-0.1652025729417801,0.09937866904020817,0.010087710130887911,0.0340575276724773,273,0.39524734020233154,80.86850295984746,4.865504297193377
3.460751521587372,-1.4974566102027893,-1.6865459084510803,-0.02080000175746721,-0.0003216250104329745,-159.80995559692383,-142.3703727722168,3245.68359375,3085.7764892578125,-91.0218915672331,-634.6230830819662,6.8250000000000295,36.26890394422743,-0.754502084520128,-0.1885899156332016,0.09496224913598889,0.008996523046565926,0.03387848418462911,274,0.5351811647415161,81.68549783074867,5.254554164707638
3.410361057519913,-1.4480001330375671,-1.6710344552993774,-0.020761652237770066,0.0033841703433261593,-157.44253158569336,-139.4252586364746,3167.2801513671875,3071.614501953125,-9.879801723481052,-557.4786708505208,6.85000000000003,36.25332726372613,-0.7527870602077908,-0.21168194711208344,0.08995121193938217,0.007965240962162563,0.03366793633332313,275,0.668293833732605,82.44179056687743,5.751072519766
3.3531699120998386,-1.3968183398246765,-1.6485822200775146,-0.020626126466609458,0.0074271500441350285,-154.9529037475586,-136.42551040649414,3086.9126586914062,3047.0682373046875,69.30220206070094,-480.6883083016922,6.87500000000003,36.23800065782335,-0.7475555605358548,-0.23103739321231842,0.08441255259656032,0.006976893767883995,0.033421003043623936,276,0.7937769293785095,83.12757216500354,6.340912818264435
3.28964421749115,-1.343621850013733,-1.6188929677009583,-0.020385878127365285,0.011742048895213995,-152.73394012451172,-133.75326538085938,3003.6785278320312,3013.903076171875,146.47501852798854,-404.51160236907424,6.9000000000000306,36.22292836507162,-0.7385385036468506,-0.2477588951587677,0.07842357768054128,0.006037187039295109,0.03313259934232517,277,0.9109390377998352,83.73669542172607,7.009413476293728
3.218617182970047,-1.2879598736763,-1.5817672610282898,-0.02003521679380211,0.016228865717779237,-150.99129104614258,-131.59483337402344,2917.0336303710938,2970.530029296875,221.56698172379186,-329.1640254647764,6.925000000000031,36.20811462402344,-0.7255345582962036,-0.261373370885849,0.07205224773339253,0.005147056133706497,0.032798362222547214,278,1.019187092781067,84.26646294570288,7.742211746063191
3.135548108816147,-1.2307188212871552,-1.5372530817985535,-0.019572238721859442,0.020701835142973364,-149.6300163269043,-130.01313018798828,2819.114013671875,2916.499267578125,294.49282248307185,-254.90077473235317,6.950000000000031,36.193550957573784,-0.7084792852401733,-0.27444788813591003,0.06536048541164759,0.004324764291093508,0.03241405767427577,279,1.1180306673049927,84.71725304604713,8.525891423252169
3.0437054693698884,-1.1729240417480469,-1.4853211641311646,-0.018996912702618263,0.025241434569987214,-148.65706634521484,-129.04423141479492,2714.4227905273438,2853.291015625,364.97067282487177,-181.98829304289836,6.975000000000032,36.17922888861762,-0.6873763269848294,-0.28581640124320984,0.058354262021813146,0.003589737251155854,0.03197390788630213,280,1.2070144414901733,85.09207155295006,9.348438844090067
2.9446979463100433,-1.1126687228679657,-1.4259657263755798,-0.01830726841299083,0.029831713120307433,-147.90622329711914,-128.51586532592773,2605.858642578125,2780.9464721679688,432.8312425880586,-110.65601765227139,7.000000000000032,36.165127224392364,-0.662158727645874,-0.2947355806827545,0.0510966070967508,0.0029129401780633823,0.0314722973337965,281,1.2857356071472168,85.39608412449279,10.19951966766211
2.8334661364555362,-1.049906700849533,-1.35958331823349,-0.017504937039144818,0.03423089113706305,-147.48992919921875,-128.3985595703125,2492.9082641601562,2690.7073974609375,497.9777086525152,-41.13235584806985,7.025000000000032,36.15124172634549,-0.6328898668289185,-0.2974742352962494,0.043692415893896046,0.0022965564851767212,0.030905071069339447,282,1.353901982307434,85.6361262205664,11.070613394312948
2.71053808927536,-0.9857669174671173,-1.2865929007530212,-0.016595639175937392,0.03834610752199437,-147.28373336791992,-128.43416213989258,2370.8876953125,2588.2172241210938,560.3004152565227,26.135329088456473,7.050000000000033,36.13755544026693,-0.5997809436586168,-0.2979171872138977,0.036249126157287564,0.001757906992517232,0.030267943068051615,283,1.4113959074020386,85.82019977662463,11.955016701551221
2.576780354976654,-0.922336220741272,-1.2076701521873474,-0.015587876132910789,0.042152975625775746,-147.05062103271484,-128.77971267700195,2239.9692993164062,2474.8836669921875,619.5726076393391,90.84075969148711,7.075000000000033,36.12405141194662,-0.5631428956985474,-0.29636505246162415,0.028810247281234533,0.0013268538242162163,0.029556119639970863,284,1.4581968784332275,85.95703341956765,12.847719714556748
2.4324108123779298,-0.8567460477352142,-1.1233860850334167,-0.014489323223550404,0.04555536781662293,-146.8610610961914,-129.2491683959961,2105.8319091796875,2345.408203125,675.5718401222535,152.71285136629552,7.100000000000033,36.11071268717448,-0.5232563945982192,-0.2887692451477051,0.021474819729963464,0.0009510374517335886,0.028765127506703705,285,1.494372844696045,86.0557494843265,13.745186919547427
2.2767758250236514,-0.789143979549408,-1.0348985195159912,-0.013313150611684518,0.04837176886030101,-146.662109375,-129.70684814453125,1967.2813720703125,2199.7700805664062,728.2176378517502,211.34805644442477,7.125000000000034,36.097518073187935,-0.4806000656551785,-0.275351345539093,0.014409220331387864,0.0006256618444382796,0.027891078036939698,286,1.5201959609985352,86.12555577323421,14.645091524997504
